combo_id,trial_id,device_id,m,l,beta_pe,abs_delta_alpha_e_over_p,f,x0,y0,phi0,x_end,y_end,phi_end,T,steps,status,pass_direction
45,887,1,6,0.07680000000000001,3.0,3.0,10.0,0.44636218268424277,-0.24115028103101907,3.2615220442845865,1.4464309434698022,0.09558689753588938,2.504438559625292,0.06264879999999999,156622,ok,right
45,941,1,6,0.07680000000000001,3.0,3.0,10.0,0.6928116627037526,-0.009624314098433834,1.1455025320583994,1.6931944894433553,0.09615653374332656,0.37900949854625343,0.071044,177610,ok,right
45,440,1,6,0.07680000000000001,3.0,3.0,10.0,0.4593658996745944,0.10506076302177324,5.028795026343671,1.4595719959307418,-0.12903445463013952,8.548820811427113,0.08124719999999999,203118,ok,right
45,250,1,6,0.07680000000000001,3.0,3.0,10.0,-0.020945806801319123,0.38944685031249204,2.182916883455933,0.9802912110918034,0.11449261234045129,0.5212972727246118,0.0854052,213513,ok,right
45,257,1,6,0.07680000000000001,3.0,3.0,10.0,0.20560549516230822,0.20071617006197523,1.1772258696456015,1.2056786205538448,-0.0763875908573247,2.6274651770046695,0.0914128,228532,ok,right
45,66,1,6,0.07680000000000001,3.0,3.0,10.0,-0.06144020967185498,-0.2521933276805548,5.997231447344961,0.9390601156024979,0.049315652899974145,6.649657512685039,0.0928372,232093,ok,right
45,982,1,6,0.07680000000000001,3.0,3.0,10.0,0.19282960854470732,0.6142196723223478,1.5793023352300044,1.1933104944509414,-0.12102334891475539,0.32204376567925785,0.0954444,238611,ok,right
45,294,1,6,0.07680000000000001,3.0,3.0,10.0,-0.07587142195552588,-0.3241068998017544,2.1001831548411936,0.9243122062966349,-0.048360794507502324,1.8165528163485336,0.1005084,251271,ok,right
45,866,1,6,0.07680000000000001,3.0,3.0,10.0,0.6999768408015371,0.20469738647130026,5.007406141445047,1.7007357664102951,0.006806051077608605,6.487920333637165,0.1010996,252749,ok,right
45,626,1,6,0.07680000000000001,3.0,3.0,10.0,0.04892531484365464,0.1591536651032443,1.3247055743672729,1.0492660760172643,0.0975716456059241,0.8071252784271065,0.10454719999999999,261368,ok,right
45,867,1,6,0.07680000000000001,3.0,3.0,10.0,0.04106175564229489,-0.010515326898653355,1.8349578055179474,1.041114009929778,0.0012585554385927686,0.7458766893487145,0.1063644,265911,ok,right
45,230,1,6,0.07680000000000001,3.0,3.0,10.0,0.5579228984192014,0.30713719417491614,5.552783603291141,1.559403963104451,-0.04344729658182136,6.3263781107507056,0.109556,273890,ok,right
45,380,1,6,0.07680000000000001,3.0,3.0,10.0,-0.09864970315247774,0.15158467153200303,4.59608573643632,0.9017999321522847,0.026044463312633416,6.7950779756518624,0.1152088,288022,ok,right
45,59,1,6,0.07680000000000001,3.0,3.0,10.0,0.57663893699646,-0.2289228859357606,1.4966480313636248,1.5769641710499087,-0.3412532926634955,2.776038064581291,0.1178096,294524,ok,right
45,708,1,6,0.07680000000000001,3.0,3.0,10.0,0.323291876539588,-0.477531736486694,2.745407890149862,1.3245884395987264,-0.0656386774999805,-3.1190457797108557,0.1224276,306069,ok,right
45,735,1,6,0.07680000000000001,3.0,3.0,10.0,0.015938318707048895,-0.01687263655210915,4.44512138718236,1.0160397938515908,-0.07526413210044575,0.4784319943138147,0.1218132,304533,ok,right
45,681,1,6,0.07680000000000001,3.0,3.0,10.0,0.35207766741514207,-0.22164237279949175,1.2883848265366233,1.3520877154409374,0.08576268962290914,2.870050895367803,0.1245688,311422,ok,right
45,904,1,6,0.07680000000000001,3.0,3.0,10.0,0.6389273507520556,0.1622549202013591,3.6554905351107245,1.6393432432187462,-0.04999264480339878,2.794819585402645,0.12778399999999998,319460,ok,right
45,676,1,6,0.07680000000000001,3.0,3.0,10.0,-0.07749073524028063,-0.04990730478823879,2.478543105588986,0.9227179670966121,-0.004838221547181771,0.421130622334903,0.1287516,321879,ok,right
45,568,1,6,0.07680000000000001,3.0,3.0,10.0,0.40997449941933156,-0.18795180298964614,2.2155702990074726,1.41020307635014,0.0682677092179458,0.8884553707641651,0.1328668,332167,ok,right
45,948,1,6,0.07680000000000001,3.0,3.0,10.0,0.21455707699060442,-0.1942611629312985,1.0247145752237372,1.2151202610936453,-0.013633600094825353,6.930976173747992,0.1359764,339941,ok,right
45,490,1,6,0.07680000000000001,3.0,3.0,10.0,-0.026303461752831936,-0.3127216272703036,0.8770169030228455,0.974064970898495,-0.04740359411657015,2.854231793724843,0.1438696,359674,ok,right
45,802,1,6,0.07680000000000001,3.0,3.0,10.0,0.4836711319163442,-0.21455796816464442,0.3801772592688442,1.4837334576019177,-0.20999746995334478,3.0082001825364117,0.14364559999999998,359114,ok,right
45,914,1,6,0.07680000000000001,3.0,3.0,10.0,0.5821293890476227,0.12235201976671946,5.66327127096313,1.582873305297743,-0.35159867048150256,9.198101589949292,0.1435612,358903,ok,right
45,129,1,6,0.07680000000000001,3.0,3.0,10.0,-0.0010694073513150216,0.1039594285597256,5.7542754840538874,0.9991865173073659,-0.04024431268089307,6.602339080663553,0.15949359999999999,398734,ok,right
45,274,1,6,0.07680000000000001,3.0,3.0,10.0,0.27792157605290413,0.11766718150795152,1.9817200352339048,1.2789387958870526,0.0521177521837602,3.046490919241029,0.1635248,408812,ok,right
45,551,1,6,0.07680000000000001,3.0,3.0,10.0,0.6845032174140215,-0.16998161305211054,0.009625091026532607,1.6845032597301652,0.2470099949086246,1.6727098684129416,0.1607156,401789,ok,right
45,749,1,6,0.07680000000000001,3.0,3.0,10.0,0.16903337463736534,-0.3755874801359864,5.245411531439157,1.169063260752666,0.057887143506226854,6.748247615351324,0.162544,406360,ok,right
45,9,1,6,0.07680000000000001,3.0,3.0,10.0,0.3441448187455535,-0.2637430436209059,0.8859424090688556,1.3442143103841857,0.0064302592262796155,2.55208173831897,0.1667228,416807,ok,right
45,531,1,6,0.07680000000000001,3.0,3.0,10.0,0.3463158823549748,-0.4184631906769042,4.341121190653871,1.3464085021130643,-0.05642994118105919,1.4377123001273826,0.16402799999999998,410070,ok,right
45,807,1,6,0.07680000000000001,3.0,3.0,10.0,-0.06365342736244202,0.347943447025365,5.084818786426724,0.9365225889603848,-0.06505910436159523,2.902166902061707,0.16608199999999998,415205,ok,right
45,275,1,6,0.07680000000000001,3.0,3.0,10.0,0.5237567968666553,0.6018648509109713,6.130757302535647,1.5239640876973863,-0.14140709958875575,6.933697355699923,0.17136759999999998,428419,ok,right
45,697,1,6,0.07680000000000001,3.0,3.0,10.0,0.47038921508938075,0.5334841173038029,0.0670088031627616,1.4709045198971857,0.22602396003550623,0.6680205167695696,0.17181079999999999,429527,ok,right
45,170,1,6,0.07680000000000001,3.0,3.0,10.0,0.6736867927014828,-0.32473557186726426,1.5208088753826146,1.6737148816304086,-0.2792003839155219,0.7360471279259375,0.1778272,444568,ok,right
45,685,1,6,0.07680000000000001,3.0,3.0,10.0,0.5413142751902342,0.6803145691767464,6.015930777835704,1.5418255945149593,-0.30509862663211407,6.455474479946068,0.18391079999999999,459777,ok,right
45,912,1,6,0.07680000000000001,3.0,3.0,10.0,0.44668693710118534,0.17077323119704943,1.4333997308066053,1.446720893498658,0.11601615772390315,2.4317884479635277,0.1835896,458974,ok,right
45,913,1,6,0.07680000000000001,3.0,3.0,10.0,0.40982639081776145,-0.22525357216309477,5.564195192321058,1.4100060136687667,0.10252125300287554,9.431716532849418,0.1836776,459194,ok,right
45,777,1,6,0.07680000000000001,3.0,3.0,10.0,-0.07477352004498243,-0.025382864232623474,5.37354904972684,0.9254755100474493,-0.04272499238920502,9.23494688512531,0.1852216,463054,ok,right
45,179,1,6,0.07680000000000001,3.0,3.0,10.0,0.5966228954494,-0.29753005935661064,3.5027237639900877,1.5967590631817625,-0.05962536996593282,2.8602183091978652,0.1883036,470759,ok,right
45,194,1,6,0.07680000000000001,3.0,3.0,10.0,0.4288482688367367,0.027975945029107618,4.237536562338322,1.4288739651875813,-0.23588464208848942,3.2679084668097653,0.19077519999999998,476938,ok,right
45,195,1,6,0.07680000000000001,3.0,3.0,10.0,0.3921555373817682,-0.1389134098368556,3.238837828813103,1.3922044423601607,0.21687177338975785,2.5160707088480425,0.19647879999999998,491197,ok,right
45,58,1,6,0.07680000000000001,3.0,3.0,10.0,0.4212217075750232,0.3689648037508617,1.9898927689867847,1.4221154728541625,0.3973556028882584,0.1349142142193656,0.2003692,500923,ok,right
45,228,1,6,0.07680000000000001,3.0,3.0,10.0,0.029353759810328485,0.3955818831210938,2.3184368115591885,1.029470307125056,-0.028967142937952946,0.6268097139125212,0.2008876,502219,ok,right
45,803,1,6,0.07680000000000001,3.0,3.0,10.0,0.4775887310504914,0.9252983717536036,2.5212406840687995,1.478032902292454,0.1083824791848416,2.6389250581832644,0.2072436,518109,ok,right
45,227,1,6,0.07680000000000001,3.0,3.0,10.0,-0.04932451099157334,-0.08175216441426617,4.239066258239154,0.9506820364129972,-0.02273725946481763,-3.0789819698280447,0.2139208,534802,ok,right
45,906,1,6,0.07680000000000001,3.0,3.0,10.0,-0.07897588871419431,0.14544470951264563,2.6002064506585105,0.9213638424315496,-0.07044132225694488,6.303232067293445,0.2231648,557912,ok,right
45,570,1,6,0.07680000000000001,3.0,3.0,10.0,0.4298653431236744,-0.43670277754556963,3.476987455215238,1.4304405941587786,-0.047822479461893955,0.47678485002192533,0.22909639999999998,572741,ok,right
45,446,1,6,0.07680000000000001,3.0,3.0,10.0,0.6080747963860631,0.09454624649074181,6.260902242863373,1.608111045562117,-0.11608656498984729,7.096985155358567,0.2337832,584458,ok,right
45,997,1,6,0.07680000000000001,3.0,3.0,10.0,-0.036459886468946934,0.10103455342599296,0.8010282859062172,0.963880359366978,0.09245553971730792,2.286324894002228,0.23905479999999998,597637,ok,right
45,141,1,6,0.07680000000000001,3.0,3.0,10.0,0.6287928065285087,0.2594921149223099,6.025286413981217,1.6292870207128345,0.40111662163246214,6.722016492302072,0.2412712,603178,ok,right
45,474,1,6,0.07680000000000001,3.0,3.0,10.0,0.645996341854334,-0.2277410784817161,4.497109433196009,1.6461163909970007,-0.10927871503361739,8.35547768657542,0.2453552,613388,ok,right
45,540,1,6,0.07680000000000001,3.0,3.0,10.0,0.38165335524827243,-0.059746763113237025,0.018117797147545755,1.3820142038674976,0.2949160322245026,-6.046619996710035,0.247688,619220,ok,right
45,817,1,6,0.07680000000000001,3.0,3.0,10.0,0.31634937301278115,-0.03480579762227044,4.126173581040294,1.3163641439606484,-0.26422582701253877,-9.5134749567736,0.24701759999999998,617544,ok,right
45,642,1,6,0.07680000000000001,3.0,3.0,10.0,0.3685371728613973,0.27057884549042055,5.2749496307567005,1.3693299549490279,-0.02693164470013011,8.44427202814146,0.2639832,659958,ok,right
45,522,1,6,0.07680000000000001,3.0,3.0,10.0,0.516045431047678,0.5560119530704046,2.732672819614485,1.516113740743892,-0.16617851261948466,-3.324549099528527,0.2666472,666618,ok,right
45,314,1,6,0.07680000000000001,3.0,3.0,10.0,0.2577626142650843,-0.29066694069119814,1.8322659499399292,-1.1809155277467345,-0.015215817139048418,-9.957687468578946,0.283222,708055,ok,left
45,653,1,6,0.07680000000000001,3.0,3.0,10.0,-0.038812692090868954,0.37545763264848114,2.044025138377252,0.9618275331751829,-0.02343891325069011,1.2660621615552035,0.2834432,708608,ok,right
45,247,1,6,0.07680000000000001,3.0,3.0,10.0,0.08046565782278776,-0.27557396826160946,1.2568124445401847,1.0813785472200244,-0.2734038404934729,2.353318896282804,0.2920256,730064,ok,right
45,702,1,6,0.07680000000000001,3.0,3.0,10.0,0.33004633169621234,0.8231400451442769,3.1123136107315634,1.330619505407905,-0.30475299413272633,0.6918625848416118,0.2941908,735477,ok,right
45,411,1,6,0.07680000000000001,3.0,3.0,10.0,0.44015046376734973,-0.9508432441936873,4.906631522749108,2.18975648406584,3.149108797241267,10.781939921605158,0.2981,745250,ok,right
45,716,1,6,0.07680000000000001,3.0,3.0,10.0,0.4416428089141846,0.11244935770450874,5.292372705663419,1.4420149910222984,0.25062354285432187,9.551759473415112,0.29719999999999996,743000,ok,right
45,620,1,6,0.07680000000000001,3.0,3.0,10.0,0.6684076307341457,-0.022545254784028586,1.3843289292336114,1.6684946948975148,0.2864236131578157,-3.870958762275814,0.30249519999999996,756238,ok,right
45,633,1,6,0.07680000000000001,3.0,3.0,10.0,0.5566282629966736,-0.16787846383319788,5.654273880048541,1.5567778175647593,0.14601445864304996,9.304495367206004,0.3008392,752098,ok,right
45,427,1,6,0.07680000000000001,3.0,3.0,10.0,0.6767661716789007,0.36766941840517176,2.8550412165893944,1.6769588594843718,0.10974389675333922,3.230085194345181,0.3115812,778953,ok,right
45,393,1,6,0.07680000000000001,3.0,3.0,10.0,-0.00108077060431242,0.8355154983933087,5.029433230207423,0.9993300853823387,-0.10732860971274757,3.607762655629889,0.31906599999999996,797665,ok,right
45,423,1,6,0.07680000000000001,3.0,3.0,10.0,0.6566353740170598,-0.13106616107331098,5.810139578331933,1.6577803949240648,-0.1041487313320076,6.474048998609025,0.3167004,791751,ok,right
45,995,1,6,0.07680000000000001,3.0,3.0,10.0,-0.07510924208909274,-0.38245546540771735,5.59092165379117,0.9254618369323936,-0.014230192353406657,13.23959079510513,0.3207308,801827,ok,right
45,311,1,6,0.07680000000000001,3.0,3.0,10.0,0.2579467106610537,-0.7404686358921376,5.521738370658304,1.2591409205389172,-0.0676854380289058,15.720336145877978,0.3300568,825142,ok,right
45,371,1,6,0.07680000000000001,3.0,3.0,10.0,0.6210808726027608,-0.298519027184883,4.8098088104716465,1.6213987969803,0.2894034842085083,0.5663737002926892,0.3281964,820491,ok,right
45,243,1,6,0.07680000000000001,3.0,3.0,10.0,0.6453029556199908,0.33647737337090416,5.648905946463989,1.6456994023156264,-0.38553338678704213,-5.779249094246205,0.3333652,833413,ok,right
45,23,1,6,0.07680000000000001,3.0,3.0,10.0,0.4620666226372123,-0.05365286824599276,1.6289080308549113,1.4623339477105715,0.03763803863165538,-0.09941147641001664,0.3392864,848216,ok,right
45,510,1,6,0.07680000000000001,3.0,3.0,10.0,-0.09652264583855868,0.2340465749967763,3.382917271580215,0.9038208358008278,-0.006525100711553918,-6.281319447782225,0.3424684,856171,ok,right
45,246,1,6,0.07680000000000001,3.0,3.0,10.0,0.12350130900740625,-0.32170176989120314,3.345193816452605,1.123531280181733,-0.003958145082976781,0.9054060519881841,0.34674879999999997,866872,ok,right
45,450,1,6,0.07680000000000001,3.0,3.0,10.0,0.5710107762366533,0.4416085947852943,4.299031181070312,1.5710875636603023,0.21854807566450846,3.283100511314635,0.3456668,864167,ok,right
45,544,1,6,0.07680000000000001,3.0,3.0,10.0,0.3245175922289491,0.9123012470387302,1.9054777086235435,1.3247382381024286,-0.4815094147862295,-5.632823682903093,0.347508,868770,ok,right
45,659,1,6,0.07680000000000001,3.0,3.0,10.0,-0.03875940851867199,0.1094571076891248,3.2503076844071987,0.9615352837767908,-0.025593760890453968,2.5548999306098286,0.34621799999999997,865545,ok,right
45,150,1,6,0.07680000000000001,3.0,3.0,10.0,-0.055384263023734094,-0.532596853048362,5.075300513289585,0.9448878848242025,0.07884511865337011,10.349030882336379,0.35574279999999997,889357,ok,right
45,616,1,6,0.07680000000000001,3.0,3.0,10.0,0.11207446102052927,-0.19257119120013225,6.105513842084195,1.112187027978239,0.2412618519582273,9.22058943736184,0.3529788,882447,ok,right
45,366,1,6,0.07680000000000001,3.0,3.0,10.0,-0.08039491418749095,0.24826915100726873,3.2171627371585334,0.9201577380665058,0.06228101364650678,3.0723993780358874,0.3606296,901574,ok,right
45,338,1,6,0.07680000000000001,3.0,3.0,10.0,0.46595532018691305,-0.31365025963563864,1.7464217283321002,1.4663400261045763,-0.4085327172202691,0.21015176515049167,0.3732372,933093,ok,right
45,437,1,6,0.07680000000000001,3.0,3.0,10.0,0.6579411212354899,-0.1401503878630422,1.9945609976315313,1.6583716543332323,-0.27634808503610536,2.8280598727796855,0.3722396,930599,ok,right
45,862,1,6,0.07680000000000001,3.0,3.0,10.0,0.2763592110946775,1.3548107388110147,2.3998141474004386,1.2763873819737828,0.2662173821523685,2.28932567452948,0.3738304,934576,ok,right
45,283,1,6,0.07680000000000001,3.0,3.0,10.0,0.4111007465049625,-0.27263418533156025,1.9682797430946464,1.4112979397479257,-0.1639908204934455,3.4204106850288,0.3778376,944594,ok,right
45,442,1,6,0.07680000000000001,3.0,3.0,10.0,0.046858365088701254,0.1287769274019832,3.4077612017896297,1.0470542949732917,-0.03174741288021226,6.483435577855117,0.37705079999999996,942627,ok,right
45,238,1,6,0.07680000000000001,3.0,3.0,10.0,0.026312757655978205,-0.15535200526202533,4.206130727713536,1.0271379653093284,-0.11123135298949478,2.5213535467776462,0.38165479999999996,954137,ok,right
45,842,1,6,0.07680000000000001,3.0,3.0,10.0,0.5874528620392084,-0.21233672797203076,2.319706124134009,1.5880896333453085,-0.12079460910075142,0.3061484163475193,0.384866,962165,ok,right
45,61,1,6,0.07680000000000001,3.0,3.0,10.0,0.07839353643357755,-0.206898740946225,5.12213138247469,1.0785449426124893,0.0008305819957348563,0.19117179038076493,0.3894476,973619,ok,right
45,439,1,6,0.07680000000000001,3.0,3.0,10.0,0.6908251574262977,-0.20197610782141848,5.753104674142098,1.6919840113335258,0.24212207140712608,2.217263215676,0.3892156,973039,ok,right
45,286,1,6,0.07680000000000001,3.0,3.0,10.0,0.5585099931806327,0.8081480131398949,0.6207412754285757,1.5585233444949873,-0.012989903228275809,-5.617328951429589,0.3985372,996343,ok,right
45,335,1,6,0.07680000000000001,3.0,3.0,10.0,0.3108911130577326,-0.10586899600912235,1.1440614655864823,1.3110222925002857,0.1572252907599136,2.9022901929702445,0.39688199999999996,992205,ok,right
45,578,1,6,0.07680000000000001,3.0,3.0,10.0,0.4493180910125375,-0.21784272694084778,3.164809479498068,1.4494557283618181,-0.04064753967003561,1.4701360450565257,0.3979952,994988,ok,right
45,850,1,6,0.07680000000000001,3.0,3.0,10.0,0.40349815096706154,-0.7517379951153108,5.011769401409482,1.4042071698703165,0.03064151324683155,12.699959968919293,0.3996576,999144,ok,right
45,300,1,6,0.07680000000000001,3.0,3.0,10.0,0.665200630389154,0.36346891820934846,3.241641525941199,1.6661669931878642,0.21089171204092097,6.35820577792695,0.4037096,1009274,ok,right
45,612,1,6,0.07680000000000001,3.0,3.0,10.0,0.07322078160941602,-0.12091983661774221,4.103458733527148,1.0733758395265738,-0.1341095928561984,1.912268744572027,0.4119672,1029918,ok,right
45,814,1,6,0.07680000000000001,3.0,3.0,10.0,0.12612752858549356,0.2661103736296091,1.339760459932257,1.1264334171029962,0.006557370895274256,0.5972460347990081,0.408408,1021020,ok,right
45,886,1,6,0.07680000000000001,3.0,3.0,10.0,0.5823953742161393,-0.3948697918053357,6.110247330041539,1.582492458399741,0.16653927690357498,-10.11501841108562,0.4122648,1030662,ok,right
45,181,1,6,0.07680000000000001,3.0,3.0,10.0,0.4677095575258136,-0.5477326670957159,4.509305340884517,1.4680477370664278,0.3353817088382584,-4.687790439631718,0.4192048,1048012,ok,right
45,431,1,6,0.07680000000000001,3.0,3.0,10.0,0.10444427151232959,-0.6157150640180743,3.553325760954944,1.1046155521942473,-0.0675483344119745,2.9778477235861103,0.41984679999999996,1049617,ok,right
45,624,1,6,0.07680000000000001,3.0,3.0,10.0,0.07568141929805279,0.9643951105332623,1.8002658355667203,1.0759702662861808,-0.19861759476221963,1.8249954278309566,0.418878,1047195,ok,right
45,460,1,6,0.07680000000000001,3.0,3.0,10.0,0.1925453005358577,-0.5288613689874464,4.642495590964475,1.1928104521463714,-0.1167209710522838,-10.400120762959629,0.42159359999999996,1053984,ok,right
45,208,1,6,0.07680000000000001,3.0,3.0,10.0,0.47551643606275323,0.8088377672916847,1.3969262879755961,1.4758011915316829,0.2185370810829187,0.4826568750466448,0.42663399999999996,1066585,ok,right
45,704,1,6,0.07680000000000001,3.0,3.0,10.0,0.375045151822269,-0.41059197306176964,4.885198064199527,1.3751753466104604,-0.04994567859380504,6.706833296877911,0.4311472,1077868,ok,right
45,790,1,6,0.07680000000000001,3.0,3.0,10.0,0.5336648512631655,0.2003727883327902,2.4532791818394406,1.5342995150011942,-0.13367957907846467,0.11121241063679968,0.42853559999999996,1071339,ok,right
45,558,1,6,0.07680000000000001,3.0,3.0,10.0,0.4930577525869012,-0.2348699711799959,3.6257105656954645,1.4931241711845438,0.1207025707748398,1.303596157781476,0.4334404,1083601,ok,right
45,336,1,6,0.07680000000000001,3.0,3.0,10.0,-0.09236585684120656,-0.17930225362103763,5.826654997419715,0.90782441923247,0.07890791414036241,7.19609333996157,0.4438464,1109616,ok,right
45,723,1,6,0.07680000000000001,3.0,3.0,10.0,0.6031478751450777,0.04925820746972215,6.155987353879985,1.6038977686403784,0.13182980627433308,9.176780847737684,0.4498988,1124747,ok,right
45,20,1,6,0.07680000000000001,3.0,3.0,10.0,0.6834388101473451,0.19170976174877585,5.999557449055126,1.68351402771752,-0.15196236651135844,-10.140105253704466,0.45888399999999996,1147210,ok,right
45,53,1,6,0.07680000000000001,3.0,3.0,10.0,-0.0785511076450348,-0.2834948288743863,5.905385599928184,0.9215189893189629,-0.061630337249697686,-18.46893138467593,0.45679759999999997,1141994,ok,right
45,936,1,6,0.07680000000000001,3.0,3.0,10.0,0.32911257371306424,1.3243620261294353,4.301167325272149,1.3296354141259115,-0.32445344129873854,2.373904936322694,0.4598908,1149727,ok,right
45,473,1,6,0.07680000000000001,3.0,3.0,10.0,0.5543032474815845,-0.5571514227414995,5.5980560229205665,1.5544042106755802,-0.08083021288435505,9.087562899248516,0.46256919999999996,1156423,ok,right
45,262,1,6,0.07680000000000001,3.0,3.0,10.0,0.5427013425156474,0.5094311131836058,2.716492454117316,1.5432388310111478,-0.00005434489599832117,-0.24249212636045028,0.46564999999999995,1164125,ok,right
45,273,1,6,0.07680000000000001,3.0,3.0,10.0,0.14806461706757545,-0.9381483828950276,4.77098076880786,1.1489057316028648,-0.1977030616568658,6.635754250908243,0.4640552,1160138,ok,right
45,629,1,6,0.07680000000000001,3.0,3.0,10.0,0.42497031670063734,0.04163737397814089,5.844424339184124,1.4252161713249667,0.3158391424104612,5.61996719771672,0.4664172,1166043,ok,right
45,401,1,6,0.07680000000000001,3.0,3.0,10.0,0.6825531609356403,-0.3189363331903974,3.0985668401805344,1.6830137641354208,0.13122101993912758,2.6506935235173867,0.4731816,1182954,ok,right
45,562,1,6,0.07680000000000001,3.0,3.0,10.0,0.12374619748443366,0.052794570845320195,2.804068040734876,1.1249032249766975,0.019049106054254663,2.7760688232183064,0.4744984,1186246,ok,right
45,971,1,6,0.07680000000000001,3.0,3.0,10.0,-0.030767235904932022,-0.34510418854203184,0.5749793063560225,0.9693715109987657,-0.02593779298014019,2.5622694266341184,0.4748016,1187004,ok,right
45,413,1,6,0.07680000000000001,3.0,3.0,10.0,0.41905221641063695,-0.5568488755122103,1.3186085048569975,1.4200315260106275,-0.1085047452611442,2.7038886570188185,0.47784719999999997,1194618,ok,right
45,634,1,6,0.07680000000000001,3.0,3.0,10.0,0.6967000825330616,0.0032790236693571754,3.4173004824303868,1.6968289497253772,-0.1483524502374851,0.49059987116138126,0.47849919999999996,1196248,ok,right
45,959,1,6,0.07680000000000001,3.0,3.0,10.0,-0.025312223657965663,-0.6075919465925566,3.5521949618526225,0.9757913222478527,-0.03262944884840311,2.865860408831347,0.4825828,1206457,ok,right
45,211,1,6,0.07680000000000001,3.0,3.0,10.0,0.3541368655860424,-0.791351503716137,3.601365500791507,1.3550130341392337,-0.010909411885942142,0.49171080735398165,0.4850344,1212586,ok,right
45,602,1,6,0.07680000000000001,3.0,3.0,10.0,0.5119447346776724,0.31953468040889166,6.240168992497416,1.512617633218546,0.17740344606294917,6.7097532024680016,0.4873224,1218306,ok,right
45,873,1,6,0.07680000000000001,3.0,3.0,10.0,0.0842309406027198,0.2279646209786611,5.885796314927263,1.0842592723702271,-0.021132523045629955,2.6093113525233407,0.48695439999999995,1217386,ok,right
45,874,1,6,0.07680000000000001,3.0,3.0,10.0,0.6579311570152641,0.017691822131543293,4.702682022999523,1.6580364247397068,0.21541366626490818,-9.769405245004235,0.486556,1216390,ok,right
45,927,1,6,0.07680000000000001,3.0,3.0,10.0,0.6459933783859015,-0.4002683958630466,1.8931746933878615,1.6463680658226019,-0.18548986506167486,2.7536391705158567,0.49158199999999996,1228955,ok,right
45,966,1,6,0.07680000000000001,3.0,3.0,10.0,0.6924732146784663,-0.08423026164587195,5.365777499313428,1.692894001102631,0.2733210324281981,8.140693328508787,0.48984039999999995,1224601,ok,right
45,248,1,6,0.07680000000000001,3.0,3.0,10.0,0.6325556917116046,-0.3579662118184745,4.171442119548055,1.6327630045779113,-0.07777883714364044,8.94963874960767,0.4948244,1237061,ok,right
45,291,1,6,0.07680000000000001,3.0,3.0,10.0,0.32298892289400105,-0.6079113712560119,5.372485869623979,1.3232738926470113,-0.18832939873993443,-9.943090107041034,0.49344479999999996,1233612,ok,right
45,657,1,6,0.07680000000000001,3.0,3.0,10.0,0.15935620181262494,-0.4413257226207923,1.2414974287340175,1.1598095321246604,-0.01802264739052755,0.36898198731455634,0.49219399999999996,1230485,ok,right
45,284,1,6,0.07680000000000001,3.0,3.0,10.0,0.6620093323290348,-0.39151678548222846,4.774438467852046,1.6622126074494075,-0.013639822280882882,-3.2759356479185877,0.498364,1245910,ok,right
45,614,1,6,0.07680000000000001,3.0,3.0,10.0,0.18708321768790484,0.8488053116978858,1.4073284240320303,1.1881365627930134,-0.39209340222200356,2.882077044136452,0.4975156,1243789,ok,right
45,389,1,6,0.07680000000000001,3.0,3.0,10.0,0.2388459073379636,-0.4488424012796797,1.712911009138994,1.2394663566042992,-0.02700687772258215,-0.07071541769463763,0.5009051999999999,1252263,ok,right
45,615,1,6,0.07680000000000001,3.0,3.0,10.0,0.2671253165230155,-0.7979626428448221,0.727556306280499,1.2672846876725836,-0.0571233039057753,0.5005824608597104,0.5019768,1254942,ok,right
45,731,1,6,0.07680000000000001,3.0,3.0,10.0,0.4018698688596487,0.45488385490331734,4.863957504564961,1.4020112338921507,-0.013553947851247337,6.285863080554754,0.5067184,1266796,ok,right
45,240,1,6,0.07680000000000001,3.0,3.0,10.0,0.4388410793617368,-0.28762775204271646,3.1318581889559822,1.4391851400735838,-0.4959046217263854,2.8583962388977953,0.5110404,1277601,ok,right
45,736,1,6,0.07680000000000001,3.0,3.0,10.0,0.2014073370024562,0.3809882066605735,2.162527465651983,1.2016623912305366,-0.048695359543249266,-5.211983403527562,0.5118887999999999,1279722,ok,right
45,34,1,6,0.07680000000000001,3.0,3.0,10.0,0.011217172257602215,0.17932042076524454,4.194719283512509,1.0114184591499755,-0.11556821796848377,0.08474067010630651,0.5129975999999999,1282494,ok,right
45,881,1,6,0.07680000000000001,3.0,3.0,10.0,0.047766064293682575,-1.2139750231726474,4.937008646546816,1.0486502602537855,0.20312704044807267,9.117395179837771,0.52245,1306125,ok,right
45,809,1,6,0.07680000000000001,3.0,3.0,10.0,0.313570405356586,0.9318830057334129,3.2307555385075557,1.313950511761159,0.07203342397518829,12.76397443364142,0.5251007999999999,1312752,ok,right
45,703,1,6,0.07680000000000001,3.0,3.0,10.0,0.35899565573781733,0.37392596259559363,3.2714058406700928,1.3594156052042523,-0.16410310217465687,0.20786911843321176,0.5308096,1327024,ok,right
45,635,1,6,0.07680000000000001,3.0,3.0,10.0,0.46554360743612055,0.037270926098407986,0.8242272671397612,1.4662369484059168,-0.033033084499569675,-0.06443575570762836,0.5356603999999999,1339151,ok,right
45,365,1,6,0.07680000000000001,3.0,3.0,10.0,0.07586257681250573,0.3344670689082183,3.8184753179554214,1.0763816072565426,-0.02457650301207855,3.2168978058497992,0.5392536,1348134,ok,right
45,833,1,6,0.07680000000000001,3.0,3.0,10.0,-0.0035444928333163263,-0.17741320351193715,1.9870077102067918,0.9968290823546428,-0.28294561274223134,3.091217063171609,0.5376816,1344204,ok,right
45,688,1,6,0.07680000000000001,3.0,3.0,10.0,0.29221786484122275,0.531578386759474,2.941036872162199,1.2924548094093946,-0.06804720693980984,3.4951646899226056,0.5405092,1351273,ok,right
45,465,1,6,0.07680000000000001,3.0,3.0,10.0,0.1332560021430254,-1.036518088982264,0.1367821850241799,1.1334104595602352,-0.136765006900277,0.5124814192261142,0.5446527999999999,1361632,ok,right
45,812,1,6,0.07680000000000001,3.0,3.0,10.0,0.4840270632877946,-0.8058270717403407,4.755372736362087,1.484874254476885,0.1207767824049089,0.32172607263149466,0.5482608,1370652,ok,right
45,87,1,6,0.07680000000000001,3.0,3.0,10.0,0.3562687870115042,-0.4470817446567017,2.7303021506266063,1.356646112848988,0.17811418417922256,0.8512086117290247,0.552218,1380545,ok,right
45,244,1,6,0.07680000000000001,3.0,3.0,10.0,0.2312878552824259,0.23661272361969904,0.2567631582104483,1.2313055127154295,-0.08541033808888744,2.7015507424464165,0.5562336,1390584,ok,right
45,776,1,6,0.07680000000000001,3.0,3.0,10.0,0.030134798772633076,-0.7135624778482542,2.853186982553104,1.0306694823645675,-0.07954321289607238,2.653346180963517,0.5571204,1392801,ok,right
45,435,1,6,0.07680000000000001,3.0,3.0,10.0,0.1250368367880583,-1.1811788205160414,3.828835330748681,1.125567036374465,-0.12891027824594964,-3.901692010893633,0.5629928,1407482,ok,right
45,234,1,6,0.07680000000000001,3.0,3.0,10.0,0.21619650293141604,0.023823354244907863,1.819467987093407,1.2163514244732114,0.0920803468771659,2.638913864234831,0.5707472,1426868,ok,right
45,536,1,6,0.07680000000000001,3.0,3.0,10.0,0.05600191578269005,-0.19524181117689757,5.579776637693658,1.0560075067294867,-0.03191121879626505,-6.429121046273774,0.5712927999999999,1428232,ok,right
45,582,1,6,0.07680000000000001,3.0,3.0,10.0,0.6781578946858645,-0.15955999319633565,4.152142256797018,1.6783162401174518,0.3544358442248142,1.7036310966442243,0.5776932,1444233,ok,right
45,287,1,6,0.07680000000000001,3.0,3.0,10.0,0.5151438808068634,-0.8941637166383508,1.364868869638304,1.5152236189786936,-0.06460835705138221,2.966133171702072,0.5814043999999999,1453511,ok,right
45,744,1,6,0.07680000000000001,3.0,3.0,10.0,0.3978288717567921,0.45519104068712,3.638863428079263,1.397947677470443,-0.0360792189163937,-5.928292057458903,0.5802224,1450556,ok,right
45,766,1,6,0.07680000000000001,3.0,3.0,10.0,-0.06499392818659544,-0.35702195931643804,3.6138296988782446,0.9365704844124246,0.018758648148749925,-0.05905307643531858,0.5835656,1458914,ok,right
45,818,1,6,0.07680000000000001,3.0,3.0,10.0,0.4307071501389146,-1.0866066875544946,6.126425201263383,1.431387951935093,0.3779956215081626,6.141628717862008,0.58062,1451550,ok,right
45,801,1,6,0.07680000000000001,3.0,3.0,10.0,0.6013116616755725,-0.19088979031632794,4.0936907563659775,1.6015236340379018,0.2350256341745251,0.1781134013905555,0.5859492,1464873,ok,right
45,109,1,6,0.07680000000000001,3.0,3.0,10.0,0.5563002370297909,0.7992398361181489,4.918797287010593,1.5563314467498912,0.2386341071692678,6.823459148619601,0.5886716,1471679,ok,right
45,898,1,6,0.07680000000000001,3.0,3.0,10.0,0.3692260172218085,-1.4159374604620023,5.308345443586353,1.3704896035750913,0.18373731144099983,6.548339102200209,0.6022964,1505741,ok,right
45,508,1,6,0.07680000000000001,3.0,3.0,10.0,0.10454808529466392,-1.136540519117479,3.3668134679007244,1.10467840286573,-0.0531134958280053,7.091256071298948,0.6096476,1524119,ok,right
45,877,1,6,0.07680000000000001,3.0,3.0,10.0,-0.09513024091720582,0.18049946719253204,6.129524445879362,0.9055573496274055,0.019729545038383024,-6.21097117426069,0.611124,1527810,ok,right
45,420,1,6,0.07680000000000001,3.0,3.0,10.0,0.5183992898091674,-0.3921897281759224,0.3099409794058661,1.5188485905106583,-0.07089350476443669,0.4680632868412358,0.616584,1541460,ok,right
45,334,1,6,0.07680000000000001,3.0,3.0,10.0,0.3180986756458879,0.32009032074067967,0.3719071697807074,1.3187531310519083,-0.018537031156790226,-3.353581721566881,0.6213708,1553427,ok,right
45,770,1,6,0.07680000000000001,3.0,3.0,10.0,-0.0734400350600481,0.3444291318505727,0.6676960874221103,0.9268414088077949,0.08904316773236949,0.6818523638646611,0.6200796,1550199,ok,right
45,65,1,6,0.07680000000000001,3.0,3.0,10.0,0.4484464539214969,-0.08557804809103867,2.342171345157781,1.448822679303092,-0.09967283758652785,1.2629461260031938,0.62939,1573475,ok,right
45,408,1,6,0.07680000000000001,3.0,3.0,10.0,0.06555132195353508,1.1193090455242722,1.7475504091290428,1.0662194268017782,-0.023142740371537955,-3.35978822358001,0.6284868,1571217,ok,right
45,639,1,6,0.07680000000000001,3.0,3.0,10.0,-0.011103054136037828,0.6663842821817072,6.015892662968067,0.9891399200080564,-0.00985443763178608,2.4385679987113686,0.628876,1572190,ok,right
45,298,1,6,0.07680000000000001,3.0,3.0,10.0,0.6872643938288093,-0.3137477763925969,2.4032656612269863,1.6882632905470767,-0.12787125602207147,6.795661737789083,0.6364484,1591121,ok,right
45,5,1,6,0.07680000000000001,3.0,3.0,10.0,0.5209863927215338,0.2992122063890603,5.766238996965078,1.5213442868421418,-0.5614073360596112,7.200576414059457,0.643408,1608520,ok,right
45,584,1,6,0.07680000000000001,3.0,3.0,10.0,0.09386277757585049,-1.4174984245022197,5.2399679123248575,1.0939262836252002,-0.06817746493712216,-5.611019281565633,0.6438636,1609659,ok,right
45,256,1,6,0.07680000000000001,3.0,3.0,10.0,0.38703879639506344,-0.7199432908214298,5.723419806105335,1.3871295337160863,0.19886203997324922,9.197838485566031,0.6483468,1620867,ok,right
45,932,1,6,0.07680000000000001,3.0,3.0,10.0,0.5887635171413422,0.523315757807179,5.648056380196144,1.5895696973327393,0.2818070302639917,-9.518838511682171,0.6484932,1621233,ok,right
45,628,1,6,0.07680000000000001,3.0,3.0,10.0,0.0741485232487321,1.1623172663221304,2.185126886002838,1.0745289873318329,0.14794326553511386,0.11543347446391435,0.652556,1631390,ok,right
45,835,1,6,0.07680000000000001,3.0,3.0,10.0,0.12020308282226325,-0.40290722152529757,0.8953224232812409,1.1210438184836595,0.06167967754087902,-6.363766953030025,0.6576919999999999,1644230,ok,right
45,219,1,6,0.07680000000000001,3.0,3.0,10.0,0.07674283739179373,-0.8462279147757483,3.942771653705291,1.0768521121221792,0.008406418386746566,8.402861326273165,0.6615036,1653759,ok,right
45,72,1,6,0.07680000000000001,3.0,3.0,10.0,0.6647414140403272,0.158045820675822,1.3350175420049735,1.665116379861329,-0.29328217231124737,0.6802836758401014,0.6672136,1668034,ok,right
45,313,1,6,0.07680000000000001,3.0,3.0,10.0,-0.0391646383330226,-0.36003402832292536,2.6045821278716015,0.9610817930892166,-0.006624591211455358,-3.8343623091046584,0.664018,1660045,ok,right
45,343,1,6,0.07680000000000001,3.0,3.0,10.0,0.4199464593082667,1.033292438929563,0.6619848991281937,1.4200201231972247,0.3844499420692838,9.1715813313954,0.6641256,1660314,ok,right
45,687,1,6,0.07680000000000001,3.0,3.0,10.0,0.5278349444270134,-0.16738119822632228,6.0649280516831165,1.5283150783957762,-0.10505563015754019,-3.925626138461756,0.6676019999999999,1669005,ok,right
45,961,1,6,0.07680000000000001,3.0,3.0,10.0,0.018159744516015052,0.924537423156966,2.8653440965799866,1.0202768779605982,0.018087686030886774,0.549762541989018,0.665222,1663055,ok,right
45,63,1,6,0.07680000000000001,3.0,3.0,10.0,0.4270550301298499,1.3023270867742642,0.5077818482035947,1.4274093542345565,0.05059773033330639,2.793315053489652,0.6682264,1670566,ok,right
45,500,1,6,0.07680000000000001,3.0,3.0,10.0,0.3867625400424004,-1.1493624034981786,1.8640719511761186,1.3868192595682933,0.03025722120687486,2.7366174048655405,0.6700704,1675176,ok,right
45,943,1,6,0.07680000000000001,3.0,3.0,10.0,0.6899900937452913,-0.27838885875612107,2.7093926786117395,2.247138829882206,1.9724863889798396,2.4370661761832477,0.668812,1672030,ok,right
45,133,1,6,0.07680000000000001,3.0,3.0,10.0,0.33163364920765165,0.26175949957632505,3.6918102793795717,1.3325623712028223,0.4861900399796235,0.02946313826347914,0.673576,1683940,ok,right
45,447,1,6,0.07680000000000001,3.0,3.0,10.0,0.020688262395560743,-0.9102075590287116,2.2457736530069714,1.0214463733406827,-0.07007017157354024,2.613790596673489,0.6740695999999999,1685174,ok,right
45,973,1,6,0.07680000000000001,3.0,3.0,10.0,0.45390231590718033,-0.4755918890177899,4.755287258058716,1.453929786584514,-0.05148624808536341,0.5363127749764927,0.6733224,1683306,ok,right
45,663,1,6,0.07680000000000001,3.0,3.0,10.0,0.3201834319159389,0.36119354783430363,2.230085269785696,1.3205408365934979,-0.10791471456021409,0.32792310816207204,0.6829352,1707338,ok,right
45,974,1,6,0.07680000000000001,3.0,3.0,10.0,0.056824915483593946,-0.20600544414971927,0.7939526397714404,1.0571398561510714,0.00875761747943898,-3.4307047141802527,0.6807384,1701846,ok,right
45,309,1,6,0.07680000000000001,3.0,3.0,10.0,0.3605684004724026,0.3260214764815044,5.277328892925377,1.3612794740365883,-0.01217389920264056,9.546544928288661,0.6841064,1710266,ok,right
45,605,1,6,0.07680000000000001,3.0,3.0,10.0,0.6296137718483806,0.5549277232774943,0.7603106090515392,1.630459012326968,0.2757414344183166,0.2888555405178447,0.6891024,1722756,ok,right
45,340,1,6,0.07680000000000001,3.0,3.0,10.0,0.059882646426558495,1.4862025623953088,4.147202867508771,1.0602220126816326,-0.0866373990641925,2.818751857011904,0.6998116,1749529,ok,right
45,775,1,6,0.07680000000000001,3.0,3.0,10.0,0.3077599558979273,-0.6801833224698757,1.6624756151366766,1.3079883407803443,-0.11745567410571311,2.9934913643408034,0.6987152,1746788,ok,right
45,37,1,6,0.07680000000000001,3.0,3.0,10.0,0.1768450327217579,-0.652417174309604,6.0080072390113655,1.178856194507094,0.0012058865832441225,6.820929272742784,0.7033008,1758252,ok,right
45,220,1,6,0.07680000000000001,3.0,3.0,10.0,0.5675044374540449,-0.7285073137957928,3.0201082541226425,1.5677432877676876,-0.30358582809358403,-0.003320402341935357,0.7021375999999999,1755344,ok,right
45,475,1,6,0.07680000000000001,3.0,3.0,10.0,0.47802442591637373,-0.7544433504290764,0.9932053166795008,1.4780840400201534,-0.6726732087758546,-6.189582061030851,0.7062948,1765737,ok,right
45,378,1,6,0.07680000000000001,3.0,3.0,10.0,0.5922914301976562,0.34860289544146655,5.931245368748497,1.592361028367874,-0.06884437468005454,0.28295679849533995,0.716156,1790390,ok,right
45,390,1,6,0.07680000000000001,3.0,3.0,10.0,-0.045282396487891674,0.6434533033078537,5.4974725198425025,0.9550586302311503,-0.08262613534461495,2.8371899164830507,0.7195716,1798929,ok,right
45,412,1,6,0.07680000000000001,3.0,3.0,10.0,0.0400479456409812,-0.8702924602268377,2.5682764305421517,1.0400839797461814,0.1345609166088302,0.6588338044930528,0.7170348,1792587,ok,right
45,730,1,6,0.07680000000000001,3.0,3.0,10.0,-0.05697203893214464,0.23086500696166024,2.9652490982528867,0.9430705997486479,-0.06029631122111703,-4.676158150713797,0.7191879999999999,1797970,ok,right
45,785,1,6,0.07680000000000001,3.0,3.0,10.0,0.1487039102241397,0.5689460419731054,1.7880858897773746,1.1492922587098588,0.1674763559567598,0.670359487756897,0.7188004,1797001,ok,right
45,965,1,6,0.07680000000000001,3.0,3.0,10.0,0.6724567666649819,-0.021548833056763025,1.0254406741315283,1.6730701044207916,-0.03932117916556907,9.547107262198717,0.718348,1795870,ok,right
45,456,1,6,0.07680000000000001,3.0,3.0,10.0,0.2990303225815296,1.0781589422473739,6.085116844901676,1.2992203149628045,0.21247899419655802,-11.791962466817957,0.7238,1809500,ok,right
45,22,1,6,0.07680000000000001,3.0,3.0,10.0,0.1715304132550955,0.5604053846959689,5.576542337943519,1.1718958238281845,-0.05632015349001964,-5.91531455150503,0.7274796,1818699,ok,right
45,598,1,6,0.07680000000000001,3.0,3.0,10.0,0.13535775765776634,0.9113636327706419,1.5968060739766958,1.1354329219004011,-0.21759851210960413,2.4608424429367424,0.7272252,1818063,ok,right
45,636,1,6,0.07680000000000001,3.0,3.0,10.0,0.03707066215574741,-0.13644421103923227,5.8046228220911775,1.0377385134873927,0.13385207211861946,-4.516774487301832,0.7263611999999999,1815903,ok,right
45,760,1,6,0.07680000000000001,3.0,3.0,10.0,0.5508385671302677,-0.6887232404380648,2.6720429800354473,1.5515477652789764,0.16692536500548666,-0.15145323111620904,0.7263432,1815858,ok,right
45,489,1,6,0.07680000000000001,3.0,3.0,10.0,0.4239164000377059,-0.7698388978056676,6.261991340022926,1.4247222494636615,0.5661897439489839,8.673417243959651,0.7289612,1822403,ok,right
45,796,1,6,0.07680000000000001,3.0,3.0,10.0,0.4597227390855551,-0.29500039558347596,0.3045700044146277,1.4597288188737,-0.6273342018888874,-0.18558796200196842,0.7302244,1825561,ok,right
45,921,1,6,0.07680000000000001,3.0,3.0,10.0,0.33509121369570494,0.42023895819940066,0.8416611383819049,1.3354540836001587,-0.1816319874062451,9.191543797841284,0.7303459999999999,1825865,ok,right
45,42,1,6,0.07680000000000001,3.0,3.0,10.0,0.09020090084522964,-1.3353910311838548,3.0615519347954367,1.0907376439819372,-0.08844060632917919,2.6951359004464304,0.7342276,1835569,ok,right
45,242,1,6,0.07680000000000001,3.0,3.0,10.0,0.6587409997358918,0.153994531048125,5.277960664338335,1.6588842028923734,0.006954106156981423,7.762775693963134,0.7325284,1831321,ok,right
45,400,1,6,0.07680000000000001,3.0,3.0,10.0,0.09827044121921064,-1.0519429803880758,4.670397172103038,1.098351570549456,-0.13143853770956038,6.79948429615767,0.7334508,1833627,ok,right
45,613,1,6,0.07680000000000001,3.0,3.0,10.0,0.48008935134857894,0.7099432593121586,3.5695420718122395,1.4802600425245853,-0.14823568578062066,-4.28553560304073,0.7355619999999999,1838905,ok,right
45,29,1,6,0.07680000000000001,3.0,3.0,10.0,0.5842469042167068,0.5153111023501419,4.227975898224001,1.5843800210978654,0.37355265896264106,-8.99949645354434,0.737514,1843785,ok,right
45,972,1,6,0.07680000000000001,3.0,3.0,10.0,-0.020014452375471593,0.33495811274416315,5.950845742668459,0.98009123585257,-0.04695528153987055,9.778135527841423,0.7360488,1840122,ok,right
45,603,1,6,0.07680000000000001,3.0,3.0,10.0,0.2611732156947255,1.1646502873953348,4.332339049116711,1.2623610528295106,0.0550605645390076,0.2737839405628189,0.7432544,1858136,ok,right
45,811,1,6,0.07680000000000001,3.0,3.0,10.0,0.13521788865327836,-0.0329256926279822,3.475758887834761,1.1352826843302803,-0.16780297139016484,2.994521188145069,0.740786,1851965,ok,right
45,527,1,6,0.07680000000000001,3.0,3.0,10.0,0.5576533194631338,0.2890057994340947,1.5980463534793157,1.5577918546374898,-0.024361735935342875,0.8573394247227676,0.7443308,1860827,ok,right
45,667,1,6,0.07680000000000001,3.0,3.0,10.0,0.39027813598513605,1.0155046108935402,1.4467731544233786,1.3907032424256882,-0.16818843036519296,2.9633812207166565,0.7446427999999999,1861607,ok,right
45,200,1,6,0.07680000000000001,3.0,3.0,10.0,0.27351132202893497,-0.629267535907811,6.247367087801264,1.2736366182849772,-0.025701364610143374,6.178879157910298,0.7640243999999999,1910061,ok,right
45,444,1,6,0.07680000000000001,3.0,3.0,10.0,-0.0589362632483244,-0.235423656450504,2.0985139609239956,0.9418273110629907,0.014863386741079497,8.379052252693048,0.7691551999999999,1922888,ok,right
45,10,1,6,0.07680000000000001,3.0,3.0,10.0,0.5645492294803262,0.4053368950064443,0.9037824346461005,1.564581147015493,0.19438467136393506,-5.5003967927682496,0.7722167999999999,1930542,ok,right
45,747,1,6,0.07680000000000001,3.0,3.0,10.0,0.4354665700346232,-1.2505140441241198,3.5496985535929126,1.4361285688183847,0.4649743659860143,2.0894947671067685,0.775586,1938965,ok,right
45,543,1,6,0.07680000000000001,3.0,3.0,10.0,0.13609111458063125,1.0101406568040578,3.1108668110836937,1.1369372095419026,0.14659283269845774,2.388652719621941,0.7839172,1959793,ok,right
45,599,1,6,0.07680000000000001,3.0,3.0,10.0,0.6936179962009192,0.19100705993266398,4.2174105604895615,1.6938753761592173,-0.1729162622354148,0.5105467129667564,0.7804888,1951222,ok,right
45,840,1,6,0.07680000000000001,3.0,3.0,10.0,0.57722876239568,0.3236506115519799,6.1546736388156225,1.5774432651667019,0.34382613005526336,-5.033589221293512,0.7805672,1951418,ok,right
45,816,1,6,0.07680000000000001,3.0,3.0,10.0,0.18584581688046456,-1.0634612728925747,3.4346170378829997,1.186175232476673,0.4433382359285135,0.9829764655368839,0.7973043999999999,1993261,ok,right
45,116,1,6,0.07680000000000001,3.0,3.0,10.0,-0.07896600719541312,-0.14270794000528003,2.635610254603338,0.9214698762902088,-0.020505863279431203,0.44172857480726135,0.8020604,2005151,ok,right
45,171,1,6,0.07680000000000001,3.0,3.0,10.0,0.06408905852586032,0.8141941322709753,2.9065283272685045,1.0643739573057047,0.011767194312823666,0.700095505755622,0.804516,2011290,ok,right
45,571,1,6,0.07680000000000001,3.0,3.0,10.0,0.46455688029527664,0.2874745654557238,3.3578899836074996,1.465107427402568,-0.5619201887168175,13.632583931542687,0.8143163999999999,2035791,ok,right
45,648,1,6,0.07680000000000001,3.0,3.0,10.0,0.21296323221176863,1.67114048157851,0.16313314321878755,1.2135178487916647,-0.07224522214044762,0.09337542799698322,0.8154007999999999,2038502,ok,right
45,281,1,6,0.07680000000000001,3.0,3.0,10.0,0.49690973516553644,-0.052336093630204916,0.9955919973057573,1.4970542020107211,-0.40688493226728456,0.16437180425235295,0.8194616,2048654,ok,right
45,560,1,6,0.07680000000000001,3.0,3.0,10.0,0.42760343682020907,-0.2377973850338143,2.2204818870005414,1.4277963412401342,-0.39782677562674323,9.662191464460456,0.8174864,2043716,ok,right
45,117,1,6,0.07680000000000001,3.0,3.0,10.0,0.2400990853086114,0.8173109226936637,2.9482988062851896,1.2403834020449835,-0.20251391316610545,15.29694057026134,0.8265003999999999,2066251,ok,right
45,318,1,6,0.07680000000000001,3.0,3.0,10.0,0.4198247369378805,-0.20401335259761838,6.037971670693077,1.4198846765846913,-0.18441173743471995,15.37573666160993,0.82666,2066650,ok,right
45,471,1,6,0.07680000000000001,3.0,3.0,10.0,-0.062325695715844634,-0.28247604372907986,1.022571825946772,0.9379435626305134,-0.013359826459674764,8.806810275542503,0.8307604,2076901,ok,right
45,550,1,6,0.07680000000000001,3.0,3.0,10.0,0.22494880612939597,-1.1674098842135354,2.002945010402173,1.2253095922403674,0.008968430218169288,3.505540988823818,0.8314188,2078547,ok,right
45,376,1,6,0.07680000000000001,3.0,3.0,10.0,0.012640756741166116,0.08799785887033913,4.655336512400395,1.0129005291567712,0.09442429912263872,-9.25740853286122,0.8394419999999999,2098605,ok,right
45,738,1,6,0.07680000000000001,3.0,3.0,10.0,0.3574718650430441,1.5835780685316336,1.925320501235503,1.3584765564230092,0.22484307989624053,0.2704123725820915,0.8399835999999999,2099959,ok,right
45,773,1,6,0.07680000000000001,3.0,3.0,10.0,0.2715501718223095,1.5251496416839154,2.6443664351962637,1.2717803746559775,0.015377215494245717,0.44878585913947905,0.8366108,2091527,ok,right
45,41,1,6,0.07680000000000001,3.0,3.0,10.0,0.11854616869241,1.0509870752474673,4.975711016233004,1.1190529288306794,0.0015875040943652725,6.360605418598231,0.8429755999999999,2107439,ok,right
45,51,1,6,0.07680000000000001,3.0,3.0,10.0,-0.029710401967167857,0.5086108885646302,2.0429697175918826,0.9705749299432943,0.027700676270825727,0.39243121964840927,0.8437568,2109392,ok,right
45,272,1,6,0.07680000000000001,3.0,3.0,10.0,-0.0900622008368373,0.30555243527212844,0.8824783551085323,0.9107634374300855,0.03573312242639278,2.836341980547865,0.8425724,2106431,ok,right
45,559,1,6,0.07680000000000001,3.0,3.0,10.0,0.2778714274987579,1.562615858878969,2.9218459660867877,1.2784470695415215,0.06348574148870512,-3.7621308735612407,0.8439483999999999,2109871,ok,right
45,710,1,6,0.07680000000000001,3.0,3.0,10.0,0.260475935600698,1.1179374338538048,1.4148629904941092,1.2612767599997492,0.04622050258616765,-6.038214346302856,0.8435832,2108958,ok,right
45,192,1,6,0.07680000000000001,3.0,3.0,10.0,-0.055301264300942427,0.42280858476225835,4.701585251371726,0.9449751482124561,0.0064539534939838565,6.321388570649638,0.8449196,2112299,ok,right
45,119,1,6,0.07680000000000001,3.0,3.0,10.0,0.5307324117049576,-0.501987848572924,2.803479682878838,1.532039108137333,-0.42383157214390854,0.2753585047526049,0.8544092,2136023,ok,right
45,40,1,6,0.07680000000000001,3.0,3.0,10.0,0.5462840590626001,0.7721101218416583,3.8953705054057717,1.5470165897804211,0.03289249724563986,-6.005372399275684,0.8565508,2141377,ok,right
45,106,1,6,0.07680000000000001,3.0,3.0,10.0,0.36272607278078794,0.8264547869109985,0.18918276662159159,1.363858132759988,0.34157362979829337,0.2793363002680807,0.8563984,2140996,ok,right
45,794,1,6,0.07680000000000001,3.0,3.0,10.0,0.02113338652998209,-0.7854866442357594,3.5870780883834317,1.0222232218864795,-0.24875814885040753,2.413614603631335,0.8566688,2141672,ok,right
45,224,1,6,0.07680000000000001,3.0,3.0,10.0,-0.045223800092935564,0.42864374710208614,0.2404963825310908,0.9550233881415752,0.05776405715690847,0.9854150545705088,0.8637623999999999,2159406,ok,right
45,518,1,6,0.07680000000000001,3.0,3.0,10.0,0.462305997684598,-1.0682815706500468,4.589642717521578,1.4631921199435212,0.2957157229700756,-0.07060077756883254,0.8600751999999999,2150188,ok,right
45,428,1,6,0.07680000000000001,3.0,3.0,10.0,0.6468409815803171,0.08306249100017807,1.895335603329863,1.646976694338881,-0.15056337775708728,2.6299146356013137,0.8671616,2167904,ok,right
45,189,1,6,0.07680000000000001,3.0,3.0,10.0,0.3301204062998295,-0.11278040193631939,3.471812942807455,1.3303217820432927,0.5944975381557821,-5.2460701889103625,0.8726387999999999,2181597,ok,right
45,267,1,6,0.07680000000000001,3.0,3.0,10.0,0.42913163471966986,1.3066064863430855,1.012874661335228,1.429140859755206,-0.1715165516537198,-5.631851972238506,0.8727456,2181864,ok,right
45,276,1,6,0.07680000000000001,3.0,3.0,10.0,0.060737636871635914,1.3431060544035953,4.758328980735818,1.0609545657452908,-0.02339873716705312,9.40120975417319,0.8754508,2188627,ok,right
45,769,1,6,0.07680000000000001,3.0,3.0,10.0,0.26305071730166674,-1.2606461666716995,3.2890864608417485,1.2630791813652509,0.0027028520215464464,-0.04251584590851568,0.8729859999999999,2182465,ok,right
45,68,1,6,0.07680000000000001,3.0,3.0,10.0,0.4437360895797611,0.7098575775009354,4.9048105861912195,1.4446328717691022,-0.2834293992016457,6.4074978130760165,0.8795375999999999,2198844,ok,right
45,623,1,6,0.07680000000000001,3.0,3.0,10.0,0.6526254219934344,0.2638047417761036,0.8516514235002374,1.6533475188353122,0.12624427469088376,0.05354955079849253,0.882092,2205230,ok,right
45,669,1,6,0.07680000000000001,3.0,3.0,10.0,0.6023695826530457,0.12396370238852474,0.4172436637590866,1.6024991853291417,0.04924907705412906,0.16203323783155774,0.8834139999999999,2208535,ok,right
45,79,1,6,0.07680000000000001,3.0,3.0,10.0,0.4710221685469151,-0.006274829364196485,0.19403441154636247,1.4719505221606284,0.43571289100236454,0.008329711397958888,0.8894951999999999,2223738,ok,right
45,280,1,6,0.07680000000000001,3.0,3.0,10.0,0.06134500671178103,-0.8866319342448049,2.9119648029538237,1.0614653881029672,-0.0983459103983681,6.751434315813822,0.8899212,2224803,ok,right
45,960,1,6,0.07680000000000001,3.0,3.0,10.0,0.32098620645701886,1.373908552111171,6.0055331680478075,1.3211038631352032,-0.13484958503383992,0.8340344362110879,0.8927472,2231868,ok,right
45,945,1,6,0.07680000000000001,3.0,3.0,10.0,0.41769143268465997,-1.273548478325749,2.639437170764043,1.4177921815608907,0.12850784774686655,9.105989264014127,0.8969552,2242388,ok,right
45,983,1,6,0.07680000000000001,3.0,3.0,10.0,0.6287843735888601,0.6022880157797974,2.2869305958845567,1.6288702169458642,-0.051988805622783026,0.32415485526654025,0.8982595999999999,2245649,ok,right
45,49,1,6,0.07680000000000001,3.0,3.0,10.0,0.06469065472483636,1.1927672189552008,5.243965218943008,1.0646954807805804,-0.13061967205408145,6.864367155305002,0.9029115999999999,2257279,ok,right
45,631,1,6,0.07680000000000001,3.0,3.0,10.0,0.3151365863159299,0.40871339069924384,4.115767100117164,1.3155846713768136,0.41051639100921633,0.6467471026346668,0.9034028,2258507,ok,right
45,892,1,6,0.07680000000000001,3.0,3.0,10.0,0.3498651273548603,-1.0563288064099756,3.09467787288658,1.3504903283753191,0.2513724012330318,6.5001095250296075,0.9008963999999999,2252241,ok,right
45,7,1,6,0.07680000000000001,3.0,3.0,10.0,0.6272041693329812,-0.5489209130737672,3.2531499630737994,1.6273636965974452,-0.21648108197618515,-3.420112267451951,0.9049056,2262264,ok,right
45,621,1,6,0.07680000000000001,3.0,3.0,10.0,0.6010930374264718,0.06318513701451291,4.410822376045159,1.601169004507029,0.1381761260725524,-0.13462652354614868,0.9073076,2268269,ok,right
45,682,1,6,0.07680000000000001,3.0,3.0,10.0,0.41388482972979546,-0.37675021290059846,2.5920384099468294,1.4139457766656764,-0.15101709701509278,3.2290007792115847,0.9080096,2270024,ok,right
45,83,1,6,0.07680000000000001,3.0,3.0,10.0,0.17947243470698596,-1.3486810499162176,0.9020881633871877,1.1808502233544709,-0.025184714709560133,8.685507841292234,0.9156236,2289059,ok,right
45,609,1,6,0.07680000000000001,3.0,3.0,10.0,0.579488992318511,-0.3382726894029634,1.1952514488261845,1.5798212284724285,0.33326427857683694,9.221295522733419,0.9196356,2299089,ok,right
45,344,1,6,0.07680000000000001,3.0,3.0,10.0,0.15532823447138072,-2.0519852955835116,2.1643502805966848,1.1560973049945409,0.015166229975656812,0.2213190210423161,0.9230708,2307677,ok,right
45,329,1,6,0.07680000000000001,3.0,3.0,10.0,0.3129512118175626,1.3888284423124397,2.7920993198353234,1.3136110163189707,-0.17319086530908784,0.35281383454679194,0.9249012,2312253,ok,right
45,384,1,6,0.07680000000000001,3.0,3.0,10.0,0.5433781823143363,-0.2185515113483425,4.017866373747518,1.5441834695949934,0.36903990711290197,2.73072036689082,0.9285004,2321251,ok,right
45,418,1,6,0.07680000000000001,3.0,3.0,10.0,0.6193961653858424,-0.5386824150324968,5.63120871046879,1.6195193170801405,-0.04210913134457362,8.437042984719255,0.9321792,2330448,ok,right
45,690,1,6,0.07680000000000001,3.0,3.0,10.0,0.41941828113049273,0.7411561636701401,0.6740943322661186,1.4200473017442294,0.07448986917023474,-5.907150165308369,0.9330415999999999,2332604,ok,right
45,467,1,6,0.07680000000000001,3.0,3.0,10.0,0.09816133249551058,-1.459939154772643,1.0050081412059464,1.0981645836672815,-0.21416391757770173,-5.965775517270141,0.9414935999999999,2353734,ok,right
45,466,1,6,0.07680000000000001,3.0,3.0,10.0,0.20064610335975885,-0.6229554111453102,3.388892415646092,1.2014793448639796,-0.08926784340188446,2.583926138499249,0.9487399999999999,2371850,ok,right
45,104,1,6,0.07680000000000001,3.0,3.0,10.0,0.6683532174676657,0.1788075205063814,4.372684458670675,1.6688412366057221,-0.22837223615815644,2.7670552462873395,0.9556176,2389044,ok,right
45,841,1,6,0.07680000000000001,3.0,3.0,10.0,0.29142360240221027,1.1918284346857528,4.646374437791158,1.2915595692861912,-0.054866729366532,0.3267896449668026,0.9583767999999999,2395942,ok,right
45,732,1,6,0.07680000000000001,3.0,3.0,10.0,0.08128622602671386,0.6902126798892434,6.109001318825885,1.0824639548990183,-0.15914687309924513,6.5610956764814174,0.9637515999999999,2409379,ok,right
45,370,1,6,0.07680000000000001,3.0,3.0,10.0,0.3787526056170464,-0.6018891423431658,1.2826553020275013,1.3791384362227157,0.2020484435383992,7.029688928763064,0.9650008,2412502,ok,right
45,907,1,6,0.07680000000000001,3.0,3.0,10.0,0.47029679641127586,0.6458458936002528,5.941521478801157,1.4705329351131187,-0.16992307408350482,7.243279803660575,0.9658536,2414634,ok,right
45,696,1,6,0.07680000000000001,3.0,3.0,10.0,-0.04127882141619921,-0.5460409013264513,4.941180294964146,0.9588523609739661,-0.158948863604983,0.3514641032025035,0.9697464,2424366,ok,right
45,836,1,6,0.07680000000000001,3.0,3.0,10.0,0.36715274546295407,-0.4726950942094039,3.99902858683808,1.3675526756990133,0.020913381843844055,3.2157378370734513,0.975394,2438485,ok,right
45,374,1,6,0.07680000000000001,3.0,3.0,10.0,0.6078577868640423,0.062472819706551934,6.1598188050867355,1.6079789819859287,0.315510450562807,6.530338042809959,0.9825223999999999,2456306,ok,right
45,169,1,6,0.07680000000000001,3.0,3.0,10.0,0.4017681857571006,1.1049302609024467,3.081127616121139,1.4039946044741392,0.012662259318795874,0.0803015472995814,0.9867572,2466893,ok,right
45,199,1,6,0.07680000000000001,3.0,3.0,10.0,0.04136950522661209,1.3407400147320427,1.2736464535385152,1.0417752799571263,0.10670126133193364,-0.12540504762544633,0.9845248,2461312,ok,right
45,911,1,6,0.07680000000000001,3.0,3.0,10.0,0.16975234672427178,1.7381442779595635,0.6149235091638302,1.1698384557830344,-0.032721728484737325,2.13493020307622,0.9840344,2460086,ok,right
45,207,1,6,0.07680000000000001,3.0,3.0,10.0,0.615259082056582,-0.4502285723800244,6.156174664447937,1.6153727533026925,0.39448924402785307,8.718257536572315,0.9895335999999999,2473834,ok,right
45,145,1,6,0.07680000000000001,3.0,3.0,10.0,0.6606662148609758,-0.34178254700688304,5.829611108667899,1.6608998076402028,0.14176032276009068,14.399250778154489,0.99481,2487025,ok,right
45,590,1,6,0.07680000000000001,3.0,3.0,10.0,0.25603259466588496,0.163950986210547,5.024515236096086,1.2561904690040164,-0.08920062270210227,7.241897352774932,0.9923335999999999,2480834,ok,right
45,722,1,6,0.07680000000000001,3.0,3.0,10.0,-0.027087558619678022,-0.24656071518742811,2.460878735511355,0.9734505744769117,-0.05806605564299955,2.7302106163737623,0.9937499999999999,2484375,ok,right
45,81,1,6,0.07680000000000001,3.0,3.0,10.0,0.48813185151666405,-0.19059856308177672,4.580688103794545,1.4892495251863282,0.033524418199676956,6.511051129679081,0.997952,2494880,ok,right
45,125,1,6,0.07680000000000001,3.0,3.0,10.0,0.6950126145035029,-0.12616707883256603,2.293522936310568,1.6953411650964567,-0.10761256897471602,0.06436338930190441,0.999046,2497615,ok,right
45,398,1,6,0.07680000000000001,3.0,3.0,10.0,0.5925022654235363,0.6612584698300824,1.5351390649782455,1.593845982765319,-0.209007775219358,-4.28884075486557,0.9975556,2493889,ok,right
45,933,1,6,0.07680000000000001,3.0,3.0,10.0,0.13915930204093457,0.07786842781436612,1.375240696957972,1.1395858058657717,0.101504871828763,-3.242327641715419,0.9983907999999999,2495977,ok,right
45,954,1,6,0.07680000000000001,3.0,3.0,10.0,-0.04190378934144974,-0.40752147691956553,6.150384471263149,0.9584733664052763,0.0207418646154124,18.792988731842925,0.9971395999999999,2492849,ok,right
45,193,1,6,0.07680000000000001,3.0,3.0,10.0,0.018668410740792753,-0.04453601955465427,1.4613134468506357,1.0191205740259706,0.08538597116874633,-5.415507068508188,1.0078388,2519597,ok,right
45,484,1,6,0.07680000000000001,3.0,3.0,10.0,0.593531378544867,-0.5692150963679259,3.0680087738972737,1.5937625773045783,0.08550507076147373,0.773011047179667,1.0189072,2547268,ok,right
45,734,1,6,0.07680000000000001,3.0,3.0,10.0,0.07721256222575903,-0.7294174595683742,3.9391411708696795,1.078174212658189,0.05649960398304947,0.49035485075665375,1.0191444,2547861,ok,right
45,865,1,6,0.07680000000000001,3.0,3.0,10.0,0.32937586586922407,-1.188250947626901,4.564592031637103,1.3296289317194632,0.24424832218672765,-5.345789842386111,1.0179164,2544791,ok,right
45,477,1,6,0.07680000000000001,3.0,3.0,10.0,0.12353951595723629,-0.6944454398611704,0.7539413373000908,1.124948707803292,-0.3584043683545368,-0.05588526406888407,1.025348,2563370,ok,right
45,707,1,6,0.07680000000000001,3.0,3.0,10.0,0.39396232068538667,0.02473932175914406,6.27005279398627,1.3942620419439555,-0.10027423362964749,9.013876652595231,1.0309827999999999,2577457,ok,right
45,516,1,6,0.07680000000000001,3.0,3.0,10.0,0.0811864148825407,-1.1227409699121422,0.44577150842403923,1.0819890181303704,0.4086262911330165,2.5192219972808174,1.032022,2580055,ok,right
45,677,1,6,0.07680000000000001,3.0,3.0,10.0,0.46183573417365553,-1.1369311431955247,4.027510882085717,1.4619978807625873,0.12935678180764681,1.6321605028409707,1.0358656,2589664,ok,right
45,357,1,6,0.07680000000000001,3.0,3.0,10.0,0.18324660155922176,1.6282053922577597,0.11376399413270787,1.1840844347458628,0.2441135473338279,0.6573846730835221,1.041744,2604360,ok,right
45,905,1,6,0.07680000000000001,3.0,3.0,10.0,0.5943540714681149,0.6544773131544283,6.129946222716631,1.5946915957448644,-0.2732237882304113,0.4459326298482269,1.040788,2601970,ok,right
45,396,1,6,0.07680000000000001,3.0,3.0,10.0,0.2231081558391452,0.49842831588902814,5.622050654576144,1.223232354717226,-0.06873265824249579,15.633472717634488,1.0511359999999998,2627840,ok,right
45,451,1,6,0.07680000000000001,3.0,3.0,10.0,0.021288841776549817,-0.716561224815812,3.965306756862791,1.022535040714512,0.13338031210472903,3.273274627402112,1.052332,2630830,ok,right
45,897,1,6,0.07680000000000001,3.0,3.0,10.0,0.31875582691282034,-1.4830388217898969,1.205411009658387,1.3187861599496686,-0.02814491565013296,0.3333369515897415,1.053736,2634340,ok,right
45,999,1,6,0.07680000000000001,3.0,3.0,10.0,0.5513192201033235,-0.6784626304442529,1.0177414401475289,1.551351896531508,-0.3211591061369631,0.19289378182749464,1.0524944,2631236,ok,right
45,402,1,6,0.07680000000000001,3.0,3.0,10.0,0.3425743637606502,1.5221057057163938,5.337157158727078,1.343037298901889,-0.03421933992097923,-5.266078845195692,1.0583528,2645882,ok,right
45,26,1,6,0.07680000000000001,3.0,3.0,10.0,0.051123616844415666,-0.7726809447496108,2.9168885419444592,1.0515969848021638,-0.08362538338095203,3.3518439455438163,1.0623415999999999,2655854,ok,right
45,89,1,6,0.07680000000000001,3.0,3.0,10.0,0.425893341191113,-0.8977153484396423,2.569171493562262,1.4265330036477848,0.2178895471263642,0.6054754604885043,1.0662319999999998,2665580,ok,right
45,297,1,6,0.07680000000000001,3.0,3.0,10.0,-0.010441692918539048,0.8437828775160822,0.40124703492100083,0.9899712081552557,-0.05336454722557889,-3.2655054379144914,1.0667848,2666962,ok,right
45,223,1,6,0.07680000000000001,3.0,3.0,10.0,-0.037524245493114,0.5649742872054924,1.2475311407251979,0.9625633924213416,0.026815487419647177,0.35844468773674676,1.0740463999999998,2685116,ok,right
45,880,1,6,0.07680000000000001,3.0,3.0,10.0,0.5483102818951011,-0.6516113469089769,5.0572323734333215,1.548462050578749,-0.15727709147607818,15.075294472902181,1.0748604,2687151,ok,right
45,132,1,6,0.07680000000000001,3.0,3.0,10.0,0.41404110062867405,-0.39670395383866097,2.7578848756035304,1.4144028328625367,0.2858370701432879,2.5995667792729216,1.082264,2705660,ok,right
45,342,1,6,0.07680000000000001,3.0,3.0,10.0,0.5863793261349202,0.759022633891042,4.464083946374779,1.5864116130135344,0.70325661847999,7.857314095633767,1.0814956,2703739,ok,right
45,271,1,6,0.07680000000000001,3.0,3.0,10.0,0.1228227598592639,0.5618088371245904,1.4749237885874282,1.1230419277239967,0.1513278734734608,3.109825451303098,1.0941524,2735381,ok,right
45,882,1,6,0.07680000000000001,3.0,3.0,10.0,0.326841551810503,1.6734539378528224,4.926792125536279,1.3269619327818107,0.1493183817970649,-5.93830863409248,1.0942288,2735572,ok,right
45,843,1,6,0.07680000000000001,3.0,3.0,10.0,-0.04150123428553343,-0.6351220091168202,3.374280994678903,0.9592413624713378,-0.055167718869263936,8.717387435865222,1.0979412,2744853,ok,right
45,918,1,6,0.07680000000000001,3.0,3.0,10.0,0.19744879361242057,0.491048486104274,5.861132582578098,1.1977096690083875,0.02429046176082609,2.873940894505598,1.0994515999999999,2748629,ok,right
45,577,1,6,0.07680000000000001,3.0,3.0,10.0,-0.0036751275882124903,0.7197121287306645,1.3587025880107806,0.996538773809746,0.03533522833791287,3.240787098518596,1.1032628,2758157,ok,right
45,729,1,6,0.07680000000000001,3.0,3.0,10.0,0.48322510290890935,-0.2009991302142716,1.2058912724975477,1.4833679080163416,-0.018348510236728875,2.696291051050869,1.1008456,2752114,ok,right
45,820,1,6,0.07680000000000001,3.0,3.0,10.0,0.3850249249488116,-0.590940730589148,5.572653199488149,1.3853409157427785,0.003933686070279492,6.5476439816968215,1.1024855999999998,2756214,ok,right
45,929,1,6,0.07680000000000001,3.0,3.0,10.0,0.34552159421145917,-0.4655467992531999,0.9880693975135667,1.346342899696569,0.04260264509290267,2.371365439029844,1.1059572,2764893,ok,right
45,358,1,6,0.07680000000000001,3.0,3.0,10.0,0.046742531843483454,0.970621865996887,3.9685463611538845,1.0471764991015267,-0.157298222500814,-3.247935777208345,1.1125048,2781262,ok,right
45,530,1,6,0.07680000000000001,3.0,3.0,10.0,0.19867195636034013,-0.12989490730447853,0.06910880743636882,1.1993303491938248,0.13521301280359574,2.6429384045210123,1.1136388,2784097,ok,right
45,694,1,6,0.07680000000000001,3.0,3.0,10.0,0.3048214588314295,1.6671965082359117,4.387315639272361,1.3055893354206138,0.005852039746888897,-5.617265099156598,1.1152256,2788064,ok,right
45,720,1,6,0.07680000000000001,3.0,3.0,10.0,0.5996421735733748,-0.7312791941363775,5.214470893060233,1.5999225692108907,-0.45420283858592303,-9.806985129146412,1.1135108,2783777,ok,right
45,11,1,6,0.07680000000000001,3.0,3.0,10.0,0.12179041095077991,1.2940390443363174,1.9599759304189464,1.1222973606785278,-0.06342294371293224,0.6945012242088177,1.1224832,2806208,ok,right
45,870,1,6,0.07680000000000001,3.0,3.0,10.0,0.1986400827765465,-1.0554304877502514,5.751133040929947,1.199790255633675,-0.07228693795537003,6.902786117346982,1.1232659999999999,2808165,ok,right
45,118,1,6,0.07680000000000001,3.0,3.0,10.0,-0.04131114110350609,-0.4588704095377296,3.6264600478858346,0.9587744572475333,-0.04170103030212736,9.43882623523068,1.1275344,2818836,ok,right
45,214,1,6,0.07680000000000001,3.0,3.0,10.0,0.0035153135657310488,-0.5094241285250559,3.2759179525490922,1.0038450288237457,-0.053447790318588505,6.642127773704934,1.132426,2831065,ok,right
45,321,1,6,0.07680000000000001,3.0,3.0,10.0,0.38022982105612757,-0.7461525931999962,3.8819429113954413,1.380398070740207,0.011020251884366183,-5.611832857880816,1.13302,2832550,ok,right
45,651,1,6,0.07680000000000001,3.0,3.0,10.0,0.23488660119473936,1.4340269392500817,5.0293986819340635,1.2352876562228967,0.03180801602496723,2.377163323632083,1.136718,2841795,ok,right
45,782,1,6,0.07680000000000001,3.0,3.0,10.0,-0.00004770401865243912,-0.392467574050868,5.2813424496375525,0.9999720067787996,0.021445468512159376,13.025896452896236,1.13868,2846700,ok,right
45,498,1,6,0.07680000000000001,3.0,3.0,10.0,0.5731650939211249,-0.4448800107270959,4.7519056102737975,1.573309265775457,0.03786066541629594,8.462977848864394,1.1435351999999999,2858838,ok,right
45,741,1,6,0.07680000000000001,3.0,3.0,10.0,0.29468370620161294,-0.5787445553162477,0.9800919691759415,1.2958077665233696,-0.029011155230738196,-10.181841920087349,1.1452772,2863193,ok,right
45,52,1,6,0.07680000000000001,3.0,3.0,10.0,0.16552174165844918,-1.1008731681264303,5.502211613701927,1.1661312935867614,-0.1655773039349758,6.314930659173166,1.1507787999999999,2876947,ok,right
45,124,1,6,0.07680000000000001,3.0,3.0,10.0,0.1827026754617691,-1.3375380863440505,5.10070615722806,1.182751517319069,-0.03984668326248747,21.459853252625305,1.1505108,2876277,ok,right
45,252,1,6,0.07680000000000001,3.0,3.0,10.0,0.529790386930108,0.5566297516317921,1.8199066343019668,1.5298870549461667,-0.2739891862518578,2.9654429028123372,1.1533928,2883482,ok,right
45,346,1,6,0.07680000000000001,3.0,3.0,10.0,0.3771131902933121,0.44907620436849166,2.702152988158144,1.3775690633669837,-0.2182639071037391,2.9586691252353408,1.1587028,2896757,ok,right
45,77,1,6,0.07680000000000001,3.0,3.0,10.0,0.3801390513777733,-0.6188193937146773,4.782453074789738,1.3810858598267974,0.19904372629793424,0.1822835330164429,1.1621264,2905316,ok,right
45,217,1,6,0.07680000000000001,3.0,3.0,10.0,0.545164798386395,0.3584302332363722,1.1556139131465792,1.5457198193062767,0.25664275829883343,-6.091417439570617,1.1712571999999999,2928143,ok,right
45,592,1,6,0.07680000000000001,3.0,3.0,10.0,0.051722279191017156,-1.3349627732030078,5.38695440445653,1.0517734044280471,0.005410628877670831,6.704193032387194,1.169958,2924895,ok,right
45,856,1,6,0.07680000000000001,3.0,3.0,10.0,0.08398160133510829,-1.120893148643198,4.305011773043116,1.0841622400938653,-0.06352433883690632,-6.272039547213465,1.1783755999999999,2945939,ok,right
45,661,1,6,0.07680000000000001,3.0,3.0,10.0,0.13954598382115366,1.4564090163825827,5.848430676395578,1.1402443461446494,-0.13117210701169132,0.3930186863363775,1.1829424,2957356,ok,right
45,107,1,6,0.07680000000000001,3.0,3.0,10.0,0.5265763670206071,-0.8115621536023971,5.789466924958656,1.5271116486136733,-0.04742332448092296,-12.341043550344915,1.1934175999999999,2983544,ok,right
45,136,1,6,0.07680000000000001,3.0,3.0,10.0,0.2800670420750976,1.6932876671527528,6.25347417244871,1.2801294974694994,-0.12100063528466806,6.546988512155918,1.19386,2984650,ok,right
45,566,1,6,0.07680000000000001,3.0,3.0,10.0,0.3829348811879754,1.239443768464208,3.57541467263535,1.3829351361402602,0.005418366808112339,2.4768632179723067,1.1922716,2980679,ok,right
45,47,1,6,0.07680000000000001,3.0,3.0,10.0,0.20746336895972492,-0.3153174231359499,3.7407941660636403,1.2078147300748474,0.23313458116798963,0.4232458402064599,1.1979608,2994902,ok,right
45,485,1,6,0.07680000000000001,3.0,3.0,10.0,0.6082075404003263,0.30961867261281056,4.024400836745559,1.6083700266271637,0.06513283636960003,0.04583046715728365,1.1971091999999999,2992773,ok,right
45,699,1,6,0.07680000000000001,3.0,3.0,10.0,0.0542521070688963,0.9464737176232999,4.316736414838651,1.05480989557783,-0.08031616061834239,2.7969676894731235,1.1990844,2997711,ok,right
45,547,1,6,0.07680000000000001,3.0,3.0,10.0,0.03464284427464009,0.6170460543731869,1.311720628646449,1.0348151794230287,0.07429885598343411,6.894150226648213,1.2004708,3001177,ok,right
45,155,1,6,0.07680000000000001,3.0,3.0,10.0,0.5220762180164457,-0.8638517963933001,6.271911049584361,1.5221851402164883,-0.07624224498998276,12.55771645182132,1.2052188,3013047,ok,right
45,755,1,6,0.07680000000000001,3.0,3.0,10.0,0.4104783656075597,-0.42175002440173,5.310748448915455,1.410765299299742,-0.03568539463944764,7.358179390022063,1.2078735999999999,3019684,ok,right
45,172,1,6,0.07680000000000001,3.0,3.0,10.0,-0.011790363304316999,-0.3543694818209309,3.9909446829338915,0.988657455786411,-0.053109939474447414,-5.695756184472534,1.2092596,3023149,ok,right
45,896,1,6,0.07680000000000001,3.0,3.0,10.0,0.488104322552681,-0.2047151881878346,2.771777446422011,1.4883133482744433,-0.2524177419437911,2.5659516235896502,1.2085404,3021351,ok,right
45,868,1,6,0.07680000000000001,3.0,3.0,10.0,0.5747749110683799,0.1205339539858963,0.9004846501029945,1.5753917478382056,0.15429869256647358,2.1245968513182723,1.2157955999999999,3039489,ok,right
45,163,1,6,0.07680000000000001,3.0,3.0,10.0,-0.04061174895614386,-0.10022474652476264,2.8590069826937565,0.9593897141832936,0.0004443872148163926,6.681801807142509,1.2187379999999999,3046845,ok,right
45,360,1,6,0.07680000000000001,3.0,3.0,10.0,0.24393463935703041,1.2957293502298388,5.711255415523926,1.2450357185010315,0.22804176723809041,9.620901141617543,1.2168056,3042014,ok,right
45,553,1,6,0.07680000000000001,3.0,3.0,10.0,0.3524647280573845,0.5636751714784393,5.629314910350127,1.352493611221471,0.36764463783407375,-9.43841100570993,1.2166276,3041569,ok,right
45,847,1,6,0.07680000000000001,3.0,3.0,10.0,0.2792447252199054,0.7201565033890305,2.204064252283014,1.2792481193344551,0.4748491054246719,-3.6019254397783995,1.2179415999999998,3044854,ok,right
45,15,1,6,0.07680000000000001,3.0,3.0,10.0,0.4664407376199961,0.9850083255902805,6.123790746202041,1.4665712082886468,0.08586548331941932,-5.727189727803372,1.2237015999999998,3059254,ok,right
45,149,1,6,0.07680000000000001,3.0,3.0,10.0,-0.03497522193938494,-0.4798561083027882,2.914465749185416,0.9650302617897518,-0.041505302489003804,2.462588567739076,1.221636,3054090,ok,right
45,120,1,6,0.07680000000000001,3.0,3.0,10.0,0.01827434543520212,0.4230074695205345,4.963251250788047,1.018521587645536,-0.06693515718625932,-5.7306361760085,1.2391155999999999,3097789,ok,right
45,324,1,6,0.07680000000000001,3.0,3.0,10.0,0.2234713640064001,-0.3022136904958156,1.9064364553934805,1.223839773095701,0.23972150575828646,0.7777282149178086,1.2399996,3099999,ok,right
45,899,1,6,0.07680000000000001,3.0,3.0,10.0,0.3533198202028871,-1.4627122798731709,5.7758877521544605,1.3533416469281174,0.03339766005686477,7.026415455030035,1.2374608,3093652,ok,right
45,210,1,6,0.07680000000000001,3.0,3.0,10.0,0.31236717738211156,-0.44649413328101906,1.251607582433929,1.313157678030257,0.29987212294737947,2.762359855616009,1.2435715999999999,3108929,ok,right
45,356,1,6,0.07680000000000001,3.0,3.0,10.0,0.5521612700074912,-0.4391883144232895,2.4539715019687818,1.5522370885074794,0.09087115325368274,-2.876517386900863,1.2422731999999999,3105683,ok,right
45,479,1,6,0.07680000000000001,3.0,3.0,10.0,0.5156728304922581,-0.9156396979614866,1.7246652984323236,1.5159382718572716,-0.48760315266454807,2.7000794350050343,1.2421564,3105391,ok,right
45,691,1,6,0.07680000000000001,3.0,3.0,10.0,0.34341006707400085,1.39796801440179,0.879615839896141,1.3436545665636934,0.26814534759493086,0.7708369176392901,1.2401423999999999,3100356,ok,right
45,763,1,6,0.07680000000000001,3.0,3.0,10.0,0.15314631015062333,2.0260442943601897,3.4605886497163088,1.1535043497880697,0.4280402495948332,0.7527523155009788,1.2418487999999999,3104622,ok,right
45,938,1,6,0.07680000000000001,3.0,3.0,10.0,0.5367760930210352,0.8701313119131073,0.7142619387567293,1.5372832073099296,-0.11949784851247447,0.025284516585874932,1.2426279999999998,3106570,ok,right
45,173,1,6,0.07680000000000001,3.0,3.0,10.0,0.5780469348654151,0.18380912071730468,1.9251501356476637,1.5782079528564168,-0.32911095833486526,2.4798116146411995,1.2440384,3110096,ok,right
45,426,1,6,0.07680000000000001,3.0,3.0,10.0,0.5734304940328002,-0.6365527214037648,2.4815509090475016,1.5743992674088205,0.04052343814601398,2.5565857272776595,1.2463456,3115864,ok,right
45,327,1,6,0.07680000000000001,3.0,3.0,10.0,0.09379280637949705,-1.0476449264833563,1.067134253396459,1.09381534878369,-0.11871800815856773,2.5263589276720375,1.249348,3123370,ok,right
45,429,1,6,0.07680000000000001,3.0,3.0,10.0,0.3702996544539929,-1.1834396042622082,1.6351704174227342,1.370908454726544,-0.2920411612065325,8.471057408842482,1.2513159999999999,3128290,ok,right
45,645,1,6,0.07680000000000001,3.0,3.0,10.0,0.644527410529554,-0.28202959142594003,4.846098140673626,1.64465255438976,0.42315160247707506,1.1695624449577087,1.2484712,3121178,ok,right
45,665,1,6,0.07680000000000001,3.0,3.0,10.0,0.510385649651289,0.6123904704357276,3.131744943004548,1.5106210869014334,0.28428468034656657,-3.841968148648726,1.2509152,3127288,ok,right
45,939,1,6,0.07680000000000001,3.0,3.0,10.0,-0.0055950751528143884,0.7934359566175164,0.2091681674137541,0.9952513703687982,0.022525004071417803,3.0510277011081497,1.2518072,3129518,ok,right
45,32,1,6,0.07680000000000001,3.0,3.0,10.0,0.4771112520247698,0.1736022852799498,6.268880212480687,1.4775436382586793,-0.437658051920707,-6.431077296475543,1.2565944,3141486,ok,right
45,92,1,6,0.07680000000000001,3.0,3.0,10.0,0.5428090555593371,0.21320261175986718,4.516728176978292,1.5438450433241038,-0.07245577238475664,9.162960109262661,1.2589652,3147413,ok,right
45,979,1,6,0.07680000000000001,3.0,3.0,10.0,0.27549557071179154,0.4587259793334082,1.138261422574267,1.2758251693310212,0.1683450002072027,0.38601866373009674,1.2573916,3143479,ok,right
45,383,1,6,0.07680000000000001,3.0,3.0,10.0,0.4433226549997926,-0.552285011583794,0.6757865510509662,1.4440087943613051,0.05700019063635149,-4.357531624240897,1.2603263999999998,3150816,ok,right
45,126,1,6,0.07680000000000001,3.0,3.0,10.0,0.4259071094915271,0.7510035202310273,0.11761137212858726,1.4260615447518754,-0.0863236194360161,2.723218732614628,1.2673056,3168264,ok,right
45,506,1,6,0.07680000000000001,3.0,3.0,10.0,0.12363418471068144,-1.2572591457505897,1.5968210206107118,1.1240343085839701,-0.04598676439314535,2.0415923148377915,1.2665324,3166331,ok,right
45,980,1,6,0.07680000000000001,3.0,3.0,10.0,0.1909733846783638,1.9593885691353743,2.393263405050011,1.191980679230287,0.144492935214689,0.19799397605476832,1.2656315999999999,3164079,ok,right
45,464,1,6,0.07680000000000001,3.0,3.0,10.0,0.11165400594472885,0.41259707203325857,0.6759860945398963,1.1126142732892117,-0.0025362459674611814,2.981561801974013,1.2686684,3171671,ok,right
45,94,1,6,0.07680000000000001,3.0,3.0,10.0,0.10725372564047575,1.0761172089191828,1.2441156790517955,1.107671725759099,-0.3395125003451482,9.128390529007527,1.2796452,3199113,ok,right
45,715,1,6,0.07680000000000001,3.0,3.0,10.0,0.4685605427250266,1.1441763329696077,2.0289210855985416,1.4688830284521917,0.296979200546717,-12.627394157472049,1.2782756,3195689,ok,right
45,788,1,6,0.07680000000000001,3.0,3.0,10.0,0.5395529706031085,-0.16521720644772342,4.814647852357165,1.5397541737461526,0.37714907124295444,-16.339864069592622,1.2817931999999999,3204483,ok,right
45,269,1,6,0.07680000000000001,3.0,3.0,10.0,0.4203441197052598,-0.18307411069848714,5.448566517454056,1.4210084631206445,0.04800589642653114,-12.04443296010609,1.2853176,3213294,ok,right
45,363,1,6,0.07680000000000001,3.0,3.0,10.0,0.33191964738070967,1.3993479211723776,1.6241972239794675,1.3321499137937485,-0.00047725059704100043,2.2832927225037656,1.2870348,3217587,ok,right
45,235,1,6,0.07680000000000001,3.0,3.0,10.0,0.1438056316226721,0.8750402533566314,5.917852093333388,1.1439358693765083,-0.2311541030914678,13.0123264891738,1.2884288,3221072,ok,right
45,8,1,6,0.07680000000000001,3.0,3.0,10.0,-0.0763006517663598,0.0988505786044945,0.4757167305284515,0.9237663669001442,0.009365779210558268,-9.574367909139836,1.2952628,3238157,ok,right
45,147,1,6,0.07680000000000001,3.0,3.0,10.0,0.07692859601229429,1.6922871945263023,2.45033610665426,1.0775170436866135,-0.008312434148912713,0.0328537494099809,1.3055488,3263872,ok,right
45,857,1,6,0.07680000000000001,3.0,3.0,10.0,0.3202089194208384,-0.23040089830786692,2.279716076399433,1.320351614628974,0.05679875782832021,-5.9119761178643735,1.3064152,3266038,ok,right
45,28,1,6,0.07680000000000001,3.0,3.0,10.0,0.07980645578354598,0.4677952366550761,2.5484430869180663,1.0801178864705299,0.0037699240256449077,0.39859716050112387,1.3111644,3277911,ok,right
45,469,1,6,0.07680000000000001,3.0,3.0,10.0,0.4107947859913111,-0.5522706020094855,3.556532497865551,1.410968601950994,-0.3049564867580763,0.2342781743561183,1.31087,3277175,ok,right
45,534,1,6,0.07680000000000001,3.0,3.0,10.0,0.2040138028562069,-2.1114160174730707,4.1990805509825195,1.2047300409850379,-0.05967552464366468,2.5369394730176875,1.3148704,3287176,ok,right
45,861,1,6,0.07680000000000001,3.0,3.0,10.0,0.2006228219717741,1.2177745247017153,4.494682968512587,1.2014347664310692,0.12670317969495518,2.9218999538718475,1.3197408,3299352,ok,right
45,990,1,6,0.07680000000000001,3.0,3.0,10.0,0.5394832717254758,-0.8706231528578059,5.119771422047151,1.5398515948795175,-0.31237926842212493,8.875909034753292,1.3186111999999999,3296528,ok,right
45,55,1,6,0.07680000000000001,3.0,3.0,10.0,0.3489330232143402,0.05011967799643231,1.4299454549907238,1.3489740864818636,0.16920092525643224,-3.2887426106226494,1.3211431999999999,3302858,ok,right
45,140,1,6,0.07680000000000001,3.0,3.0,10.0,0.3872623389586807,-0.8112054862292373,5.564564391882559,1.3875198671532818,-0.28215658012889344,6.169869026242275,1.3280264,3320066,ok,right
45,575,1,6,0.07680000000000001,3.0,3.0,10.0,0.1524757692590356,1.1849718636188165,0.8088237082168465,1.152673136224299,0.043533681262949826,0.19166242906098957,1.3294044,3323511,ok,right
45,185,1,6,0.07680000000000001,3.0,3.0,10.0,0.20944811273366215,0.8137025334768466,1.0643197526183472,1.209680365110772,-0.06818574615381123,2.3294330699768695,1.3338904,3334726,ok,right
45,488,1,6,0.07680000000000001,3.0,3.0,10.0,0.6545892670750618,-0.30035739532580424,5.054792666415446,1.6554196108265902,-0.0970104467154095,-9.707960820322274,1.3356827999999998,3339207,ok,right
45,45,1,6,0.07680000000000001,3.0,3.0,10.0,0.12393926661461592,0.9279022493716558,2.0029454097788086,1.1240909367659286,0.11729787841663807,0.26858283115183473,1.3433632,3358408,ok,right
45,822,1,6,0.07680000000000001,3.0,3.0,10.0,-0.058066786266863346,-0.3994829413100799,3.7119482771565826,0.9424290452078316,-0.021443400522428685,6.6249766834053245,1.3433564,3358391,ok,right
45,183,1,6,0.07680000000000001,3.0,3.0,10.0,-0.015789363346993924,-0.04990498920789628,4.755112165782562,0.985077605719016,-0.02988483058882513,6.391956220300922,1.347616,3369040,ok,right
45,331,1,6,0.07680000000000001,3.0,3.0,10.0,0.021052373573184013,0.3990618646053781,0.5855048834399853,1.0223020461768424,0.037819569342259635,0.6327594960822936,1.3486491999999999,3371623,ok,right
45,424,1,6,0.07680000000000001,3.0,3.0,10.0,0.463911865092814,0.24035588015276554,5.944728824285684,1.464131296304559,0.4080276954390398,9.04069181615781,1.3499728,3374932,ok,right
45,670,1,6,0.07680000000000001,3.0,3.0,10.0,0.24907364025712014,1.0187539364533966,3.751795252965924,1.2492251892146367,0.043428019724299334,-5.933320291588623,1.3531604,3382901,ok,right
45,759,1,6,0.07680000000000001,3.0,3.0,10.0,-0.09513744320720435,-0.006111606313450549,0.24616336144065196,0.9060890136436414,0.005252805282204082,2.6861008605055887,1.3583808,3395952,ok,right
45,768,1,6,0.07680000000000001,3.0,3.0,10.0,0.26957698836922644,0.17042708428548345,0.14497509534320885,1.2698515465228866,0.07206672837465049,8.730633568555549,1.362058,3405145,ok,right
45,44,1,6,0.07680000000000001,3.0,3.0,10.0,0.0907792741432786,0.1126669509549443,0.8851595650316878,1.0910433152832977,0.12222173028019613,-6.315368017093842,1.3678256,3419564,ok,right
45,153,1,6,0.07680000000000001,3.0,3.0,10.0,0.18080413788557054,0.8478296693716214,4.333068132377384,1.1812586357793418,-0.09955661579730882,-12.295153681205248,1.3660459999999999,3415115,ok,right
45,627,1,6,0.07680000000000001,3.0,3.0,10.0,0.004511348903179169,1.102910899298222,2.177695265085997,1.0053025046797124,0.040332643364865035,3.3452112565739123,1.3662428,3415607,ok,right
45,991,1,6,0.07680000000000001,3.0,3.0,10.0,0.45138992425054314,-0.7241167436001223,3.5066770835874315,1.4516751436494553,0.057900286645060244,-3.813224039283919,1.366576,3416440,ok,right
45,858,1,6,0.07680000000000001,3.0,3.0,10.0,0.4350546717643738,1.0445557600653996,5.3155200195562395,1.435159173686758,0.10291942975864979,3.3589975073178637,1.3699016,3424754,ok,right
45,784,1,6,0.07680000000000001,3.0,3.0,10.0,0.1726770179346204,0.3765564457240882,5.4767361242026755,1.1727773021064822,-0.24509298662733003,-3.752825600418406,1.3734148,3433537,ok,right
45,111,1,6,0.07680000000000001,3.0,3.0,10.0,0.4145934529602528,1.0934771464288189,1.9674539580230979,1.4148628933049894,0.11558332292538989,-3.6156599152951583,1.3806048,3451512,ok,right
45,509,1,6,0.07680000000000001,3.0,3.0,10.0,0.25952024906873705,1.8534143512120542,0.3630592393546047,1.2596415735966553,0.030130454910129684,-5.406410395777894,1.3822375999999998,3455594,ok,right
45,165,1,6,0.07680000000000001,3.0,3.0,10.0,0.6380673605948687,0.03011983407889734,3.6749772168892383,1.6384253331479792,0.3756838347369956,0.23125374710416102,1.3850099999999999,3462525,ok,right
45,319,1,6,0.07680000000000001,3.0,3.0,10.0,0.13006867598742247,-0.9789847505585497,0.7242652716414106,1.13033266815984,-0.0934715146526678,0.15623109185982814,1.3907,3476750,ok,right
45,964,1,6,0.07680000000000001,3.0,3.0,10.0,0.002970683760941029,0.817646089624741,5.700936775516866,-1.1500449522275837,-0.03278419968129906,-8.630099206450911,1.398768,3496920,ok,left
45,253,1,6,0.07680000000000001,3.0,3.0,10.0,0.4269998732954264,-0.16261594720285708,0.17191723921450144,1.4271646643530926,0.18837345839400033,0.5599136651459291,1.4009304,3502326,ok,right
45,468,1,6,0.07680000000000001,3.0,3.0,10.0,0.05488912258297205,-0.7826943626431785,3.823188339688837,1.0559792323347608,0.34107372481877185,0.11618561722501689,1.4000556,3500139,ok,right
45,831,1,6,0.07680000000000001,3.0,3.0,10.0,0.5904927033931017,-0.35216966232625097,0.5685490279948325,1.5905678303276782,-0.529834215874623,2.2547798560401326,1.4013664,3503416,ok,right
45,394,1,6,0.07680000000000001,3.0,3.0,10.0,0.22236542869359255,1.27360243208746,4.883156939452774,1.2224543073132055,-0.04372999006158109,-4.135698721194039,1.4103468,3525867,ok,right
45,472,1,6,0.07680000000000001,3.0,3.0,10.0,0.46284321248531346,0.8547488819133626,0.42457138091934765,1.463158050844069,0.114640298033393,-2.895869824278906,1.4150696,3537674,ok,right
45,326,1,6,0.07680000000000001,3.0,3.0,10.0,0.11026320978999138,1.6022941353416424,0.8265627661140965,1.1112847687878158,-0.0288706539888697,0.7087383860719352,1.4180232,3545058,ok,right
45,552,1,6,0.07680000000000001,3.0,3.0,10.0,0.6074497340247036,-0.33422847377597686,0.8470364362960676,1.6075792734121863,0.43601701814014004,2.551887609787236,1.4190208,3547552,ok,right
45,717,1,6,0.07680000000000001,3.0,3.0,10.0,0.01717024464160204,1.0834167152975906,4.543546051810424,1.0177826829763335,-0.17013095020854216,-3.4265813556440397,1.4204596,3551149,ok,right
45,386,1,6,0.07680000000000001,3.0,3.0,10.0,-0.04617043323814869,-0.3237528594539496,5.532696956864549,0.9547686035744152,-0.056464944468091444,12.547711668888628,1.4244412,3561103,ok,right
45,455,1,6,0.07680000000000001,3.0,3.0,10.0,0.02682810351252556,-1.1032475560568982,2.7501235729312636,1.0271015277902642,-0.1272855176137904,9.314528401954181,1.4269239999999999,3567310,ok,right
45,216,1,6,0.07680000000000001,3.0,3.0,10.0,0.3861056786030531,1.1425344763692145,5.415633942022958,1.3863147481822315,-0.20401483188985553,-4.121601797845738,1.4284268,3571067,ok,right
45,701,1,6,0.07680000000000001,3.0,3.0,10.0,0.19607622101902963,-0.09335165673099029,2.882659221298718,1.1963856334603444,0.10489028152824954,13.059268333313433,1.4349528,3587382,ok,right
45,517,1,6,0.07680000000000001,3.0,3.0,10.0,0.2082429161295295,-1.5381066645295673,4.719910781423609,1.2086132545064237,0.12500561015964862,2.409635850302161,1.4372707999999998,3593177,ok,right
45,953,1,6,0.07680000000000001,3.0,3.0,10.0,0.5808513592928648,0.27197311877959,0.5550075589782938,1.5808626581226277,-0.13329927152571194,2.9976094696363322,1.440586,3601465,ok,right
45,987,1,6,0.07680000000000001,3.0,3.0,10.0,0.44152968954294924,0.8947444601365155,2.103504588917969,1.4415932612762368,-0.13753485256982426,7.2285133947886955,1.4450224,3612556,ok,right
45,434,1,6,0.07680000000000001,3.0,3.0,10.0,0.5136437743902207,0.3322326611392341,4.393470488195096,1.5141135106034436,-0.028581875792073927,0.5339009391808753,1.4704507999999998,3676127,ok,right
45,668,1,6,0.07680000000000001,3.0,3.0,10.0,0.1879370963200927,1.3054197599459536,4.649859954222621,1.1880097684447675,-0.03235721508211753,-5.96041624109702,1.4704888,3676222,ok,right
45,312,1,6,0.07680000000000001,3.0,3.0,10.0,-0.06522283349186182,-0.3844750572316242,2.404946159112183,0.9353305503318359,0.007553979872874629,-0.11042752125347377,1.4752691999999998,3688173,ok,right
45,931,1,6,0.07680000000000001,3.0,3.0,10.0,0.30014196299016477,-0.4036717873836818,3.263599977513132,1.3002168985916798,0.05163575466670582,6.459433713484555,1.4748332,3687083,ok,right
45,679,1,6,0.07680000000000001,3.0,3.0,10.0,-0.034679338149726395,0.3032792800378998,2.222764843809142,0.9656339883577131,0.054859712533059136,0.05979103258332254,1.4804751999999999,3701188,ok,right
45,726,1,6,0.07680000000000001,3.0,3.0,10.0,0.33597485385835174,-1.4901641003472774,6.034890637944267,1.3360235702499126,0.299296082076169,8.926110359084625,1.4814631999999999,3703658,ok,right
45,175,1,6,0.07680000000000001,3.0,3.0,10.0,-0.04956668969243765,0.39546246278702957,5.4077609689620285,0.9504516009099071,-0.06358028820481149,6.47727850473591,1.485158,3712895,ok,right
45,395,1,6,0.07680000000000001,3.0,3.0,10.0,0.14451242052018642,1.3620392043506737,1.3415506327858562,-1.1511139337286966,-0.03312804136721843,-5.886789278306125,1.48507,3712675,ok,left
45,478,1,6,0.07680000000000001,3.0,3.0,10.0,0.5591093204915524,0.8104172560262966,3.1962945325997647,1.559695522109338,-0.19901330236827403,0.0540498943615038,1.4865468,3716367,ok,right
45,891,1,6,0.07680000000000001,3.0,3.0,10.0,0.5911051662638783,-0.4683152649446359,2.6215524779090837,1.5913347704640264,-0.28767616466236434,0.4669396975136875,1.4876947999999999,3719237,ok,right
45,310,1,6,0.07680000000000001,3.0,3.0,10.0,0.01850847154855728,0.6370984293059394,6.0756088209686006,1.0186806930656798,0.11843424945599393,6.940492525334733,1.4910828,3727707,ok,right
45,350,1,6,0.07680000000000001,3.0,3.0,10.0,0.5056326758116484,-1.0307574353705906,3.2079516709663687,1.5064735611058822,0.18101493363107168,9.140354779435292,1.4916444,3729111,ok,right
45,678,1,6,0.07680000000000001,3.0,3.0,10.0,0.02027466464787722,0.5878564298630207,4.976973128325039,1.0204343504807922,0.11253667266127104,7.282821301956314,1.4888044,3722011,ok,right
45,167,1,6,0.07680000000000001,3.0,3.0,10.0,0.253729516454041,-1.7305587976570047,4.767653480132931,1.2537406712513874,-0.043284753324106175,-6.596431123692908,1.4959419999999999,3739855,ok,right
45,683,1,6,0.07680000000000001,3.0,3.0,10.0,0.145733174495399,-0.6005958118980571,1.8486836504887705,1.1467291361139778,0.04599982733284126,-6.141396200429471,1.496044,3740110,ok,right
45,561,1,6,0.07680000000000001,3.0,3.0,10.0,0.1548982433974743,1.8750252740000353,2.0109222236908404,1.15491223297346,-0.0198070658538342,-6.273621092705921,1.5008511999999998,3752128,ok,right
45,549,1,6,0.07680000000000001,3.0,3.0,10.0,0.6805765388533473,-0.021352545798607576,3.723925465425978,1.6810156389025661,0.17364257230658925,-3.5917854224019146,1.5089991999999999,3772498,ok,right
45,27,1,6,0.07680000000000001,3.0,3.0,10.0,0.5773570019751787,-0.15235455579130622,0.8223971098092194,1.5780416263608814,0.25718452989688506,0.25846281537494215,1.5160768,3790192,ok,right
45,666,1,6,0.07680000000000001,3.0,3.0,10.0,0.006199306622147561,0.9939245767142952,3.787425493222733,1.0062193187263466,-0.017703295614943437,0.38631664123924914,1.5217631999999999,3804408,ok,right
45,925,1,6,0.07680000000000001,3.0,3.0,10.0,0.4749530140310526,-0.8742339474694076,1.547446091535301,1.4750127633960821,0.27916146324838337,2.7315275921241953,1.5315003999999999,3828751,ok,right
45,138,1,6,0.07680000000000001,3.0,3.0,10.0,0.5861291795969009,0.0401743575976031,2.813366369990469,1.5863777361226887,0.02207500856204131,-3.590983962827061,1.5333599999999998,3833400,ok,right
45,282,1,6,0.07680000000000001,3.0,3.0,10.0,0.5562943577766418,-0.3757969979892691,5.949524563796055,1.556380399670854,0.0368421487831959,-9.71235770107563,1.5336092,3834023,ok,right
45,978,1,6,0.07680000000000001,3.0,3.0,10.0,0.6167537305504084,-0.4247950284231002,4.5158514062858455,1.6167994539059811,0.46929731573263117,2.73148890890217,1.5358432,3839608,ok,right
45,76,1,6,0.07680000000000001,3.0,3.0,10.0,0.629804715514183,0.382495482066986,0.31666812188120946,1.6303596830160365,-0.061654861666139676,15.120227113096599,1.54342,3858550,ok,right
45,967,1,6,0.07680000000000001,3.0,3.0,10.0,0.42999837547540665,-0.16205247191500338,5.130828369013374,1.4300874211670696,-0.012747141042210048,2.909675126193973,1.5438147999999998,3859537,ok,right
45,161,1,6,0.07680000000000001,3.0,3.0,10.0,0.07912906836718321,-1.729220137323304,3.4243370569491023,1.0797456218796875,-0.006821666867870851,0.2737604413175814,1.5451815999999998,3862954,ok,right
45,144,1,6,0.07680000000000001,3.0,3.0,10.0,0.10227846689522267,-1.5109238152081201,1.1624981466911106,1.1026795763710366,-0.11769504968825172,0.44714751615344916,1.5501775999999998,3875444,ok,right
45,232,1,6,0.07680000000000001,3.0,3.0,10.0,0.23299122042953968,1.3181980938934503,2.7220340521699753,1.2330121874300208,0.038194867892628895,6.306842729811319,1.55385,3884625,ok,right
45,419,1,6,0.07680000000000001,3.0,3.0,10.0,0.2780478982254863,1.875091477511845,0.7989720477527874,1.278180893036222,-0.6062264782025997,8.66935997353887,1.55257,3881425,ok,right
45,295,1,6,0.07680000000000001,3.0,3.0,10.0,0.27411479596048594,-0.18472375374718167,6.150134427842122,1.2745250300044115,-0.012250216138309735,6.512380867106018,1.5600855999999999,3900214,ok,right
45,445,1,6,0.07680000000000001,3.0,3.0,10.0,0.5119763540104032,-0.8060648989830982,4.573941770759838,1.5123656896121436,0.02486657196456516,2.9137797556887244,1.5610012,3902503,ok,right
45,333,1,6,0.07680000000000001,3.0,3.0,10.0,0.24555026665329935,1.7439461985348157,1.9304171732352065,1.2460862525823326,-0.10577325269338705,0.45965508618580514,1.5669952,3917488,ok,right
45,771,1,6,0.07680000000000001,3.0,3.0,10.0,0.4851285127922893,-0.5612541770212538,2.2357874113942104,1.48604968432951,-0.04860449522626345,6.1822128495785815,1.5678467999999999,3919617,ok,right
45,781,1,6,0.07680000000000001,3.0,3.0,10.0,0.4374464601278305,0.45168818447771264,5.147632348692292,1.4380326818673603,0.00011369285233025806,9.21831010093884,1.5685848,3921462,ok,right
45,260,1,6,0.07680000000000001,3.0,3.0,10.0,0.24041927475482228,1.8894621876925235,2.476290257097375,1.2407216169851438,-0.10813462040808132,12.803717104683702,1.5729971999999999,3932493,ok,right
45,198,1,6,0.07680000000000001,3.0,3.0,10.0,-0.03903416767716408,0.16236001090212193,0.8786833437282184,0.9616008763393283,-0.10755183576540953,0.31304058855854255,1.5783543999999998,3945886,ok,right
45,35,1,6,0.07680000000000001,3.0,3.0,10.0,0.10797038208693266,-0.37460699223582644,2.829531060320419,1.1084390640834116,0.19222400741166157,3.3034703113108383,1.5877936,3969484,ok,right
45,302,1,6,0.07680000000000001,3.0,3.0,10.0,0.319203557446599,1.1131619460645403,5.6151621829579375,1.3192647182002106,-0.2831405863549453,-16.333771421969892,1.5872632,3968158,ok,right
45,505,1,6,0.07680000000000001,3.0,3.0,10.0,0.6978713931515813,0.11647384399416459,2.2157021254814313,1.6979341337178844,-0.24372179128839894,1.112629814734075,1.5900736,3975184,ok,right
45,778,1,6,0.07680000000000001,3.0,3.0,10.0,0.48911116477102046,0.9299278927830564,3.9008356338045918,1.4891499464251143,0.19720357917815873,0.17244650236852324,1.5894599999999999,3973650,ok,right
45,407,1,6,0.07680000000000001,3.0,3.0,10.0,0.3234924115240574,-1.6245680989097742,5.066439988601738,1.3236581674777914,-0.29139835285807486,0.07748653401333687,1.5921576,3980394,ok,right
45,131,1,6,0.07680000000000001,3.0,3.0,10.0,0.5137587640434503,0.9114978451888947,0.12049786749413392,1.514168415265051,0.48505133961106406,0.48923475276548234,1.5995219999999999,3998805,ok,right
45,377,1,6,0.07680000000000001,3.0,3.0,10.0,0.31168006584048275,0.7940931911354953,4.536722470849459,1.3119578788671826,0.09873130609149941,-9.43782473423456,1.6107795999999999,4026949,ok,right
45,586,1,6,0.07680000000000001,3.0,3.0,10.0,-0.080013114400208,-0.22713699642192967,4.217313210605977,0.9211399503608174,-0.018557196867511033,3.131883952831335,1.610984,4027460,ok,right
45,212,1,6,0.07680000000000001,3.0,3.0,10.0,0.4573577076196671,-0.7429191555703043,0.8145162296760716,1.457371479542089,0.4123592779756215,3.0597165413442067,1.6158648,4039662,ok,right
45,993,1,6,0.07680000000000001,3.0,3.0,10.0,0.40365299433469776,0.4300181787450895,1.5603001002363581,1.4037686712637858,0.098931281688015,6.779282594753829,1.6126728,4031682,ok,right
45,78,1,6,0.07680000000000001,3.0,3.0,10.0,0.08456284645944834,-1.0648255739729822,5.298163441590813,1.0845668859059328,-0.16496563993365362,0.4521653482736917,1.6161695999999999,4040424,ok,right
45,98,1,6,0.07680000000000001,3.0,3.0,10.0,0.004513764008879662,0.8483922701980777,1.9939229561516854,1.0046056869838822,0.1018011319537617,0.03371504983189542,1.623376,4058440,ok,right
45,403,1,6,0.07680000000000001,3.0,3.0,10.0,0.3739565310999751,1.4269441563398215,6.020252018404148,1.3740961133793341,0.060928106911294605,6.799615471274066,1.626242,4065605,ok,right
45,750,1,6,0.07680000000000001,3.0,3.0,10.0,0.0332692351192236,1.2470952409938958,5.859481640026857,1.0334751631123993,-0.01717389932487915,-3.631631174570308,1.6303155999999999,4075789,ok,right
45,459,1,6,0.07680000000000001,3.0,3.0,10.0,-0.013629833236336708,-0.8927149529346448,4.316680124676797,0.9872021337684898,-0.03176150897811808,9.811464238639738,1.6320864,4080216,ok,right
45,110,1,6,0.07680000000000001,3.0,3.0,10.0,0.47950031943619253,0.4573403799068425,1.3483097985379546,1.4799917811433652,0.45501274814548265,3.0666765701201135,1.6471764,4117941,ok,right
45,695,1,6,0.07680000000000001,3.0,3.0,10.0,0.46299921721220016,-1.0058745007828183,3.0154139153160173,1.4632052540935823,-0.08402144644970284,-12.741829431745987,1.6486352,4121588,ok,right
45,115,1,6,0.07680000000000001,3.0,3.0,10.0,0.16679984629154207,-1.8432939138043423,4.125454754298275,1.167000019309045,0.1395725108550423,-5.58042603516006,1.6533244,4133311,ok,right
45,975,1,6,0.07680000000000001,3.0,3.0,10.0,0.004921169206500054,0.6271095978183255,3.091896088808393,1.005188697711138,0.040259034242891546,0.3984993577439333,1.6543516,4135879,ok,right
45,680,1,6,0.07680000000000001,3.0,3.0,10.0,0.3766230888664723,1.2986109572268516,4.372593817729403,1.3769367650183408,0.397430855653057,0.7490577827584683,1.6681688,4170422,ok,right
45,876,1,6,0.07680000000000001,3.0,3.0,10.0,0.430925845913589,0.5491730379890076,2.8136476467124876,1.4317398470990246,-0.19990886113667808,2.802876874702381,1.6713524,4178381,ok,right
45,988,1,6,0.07680000000000001,3.0,3.0,10.0,0.3671090519055724,0.8260380997466816,1.708504932488216,2.7885950077331825,-0.005765149650215781,-7.715135927585099,1.6715908,4178977,ok,right
45,806,1,6,0.07680000000000001,3.0,3.0,10.0,0.49511136393994093,0.24797521207519518,3.3607393676672115,1.495974369957131,-0.22327236200901687,-3.462452938515606,1.6745527999999998,4186382,ok,right
45,201,1,6,0.07680000000000001,3.0,3.0,10.0,0.5970833526924253,-0.4224640563277742,5.179173324763404,1.5974419061387526,0.06193225849734823,6.189278019789004,1.6777904,4194476,ok,right
45,839,1,6,0.07680000000000001,3.0,3.0,10.0,0.3618979830294848,-0.8190660933832111,0.4082936362802318,1.3619026131150098,-0.6952831957735731,0.41423655488704875,1.6811391999999998,4202848,ok,right
45,215,1,6,0.07680000000000001,3.0,3.0,10.0,0.26879280135035516,-1.0019926843606504,3.28863162790756,1.2688884989635356,-0.34505985878219725,-0.033797323075016934,1.6896228,4224057,ok,right
45,949,1,6,0.07680000000000001,3.0,3.0,10.0,0.12108681593090297,-1.4072444883119368,2.4903494733030196,1.1211670381366816,0.016072198906338125,2.282045840157433,1.6891264,4222816,ok,right
45,1,1,6,0.07680000000000001,3.0,3.0,10.0,0.15782093908637762,1.7974467641397114,5.571851859777705,1.1579941863053227,-0.09223696610223583,0.5834707308104664,1.6937224,4234306,ok,right
45,762,1,6,0.07680000000000001,3.0,3.0,10.0,-0.019530624710023405,0.7339117384315714,3.2636975131873127,0.981119939925343,0.10159090108943544,0.06541059978883902,1.694294,4235735,ok,right
45,421,1,6,0.07680000000000001,3.0,3.0,10.0,0.3883280655369163,-0.819465494834888,6.042798292404101,1.3888594660934477,0.18277813786093547,-6.020230684168886,1.7012212,4253053,ok,right
45,902,1,6,0.07680000000000001,3.0,3.0,10.0,0.37450707834213975,1.3421058826823438,1.8303336545949291,1.3756733276855924,0.07549125124344923,0.2548015721252082,1.7036103999999999,4259026,ok,right
45,483,1,6,0.07680000000000001,3.0,3.0,10.0,0.5301272667944431,-0.2544575081317668,3.6222790411815518,1.5302659331697979,0.045367250772119574,-3.8330412112747783,1.7041187999999998,4260297,ok,right
45,457,1,6,0.07680000000000001,3.0,3.0,10.0,0.16251845844089985,1.4045081705845228,2.5684286281503645,1.16384943773478,-0.05603981497101636,2.522678767497633,1.708488,4271220,ok,right
45,348,1,6,0.07680000000000001,3.0,3.0,10.0,0.5877370579168201,-0.03803391236861293,2.4216289477315778,1.5891097413865847,-0.03860862328517851,3.002172472743983,1.7358859999999998,4339715,ok,right
45,746,1,6,0.07680000000000001,3.0,3.0,10.0,-0.057638305239379406,0.4944571658927704,0.3032217191331339,0.943157778323208,0.02523755072475089,-16.24456689363938,1.7353812,4338453,ok,right
45,105,1,6,0.07680000000000001,3.0,3.0,10.0,0.24597168620675802,-1.6530174576138443,5.895114772472708,1.2467463169300328,-0.3256789879704498,-12.064540614895892,1.7362716,4340679,ok,right
45,503,1,6,0.07680000000000001,3.0,3.0,10.0,0.6692966304719449,0.2969806184393707,2.455522550621898,1.6693232946758376,-0.3623951193623172,7.72723068819056,1.740956,4352390,ok,right
45,576,1,6,0.07680000000000001,3.0,3.0,10.0,0.24444174021482468,1.9625491682457123,1.3953717795212222,1.244494782705101,-0.180833364490901,0.5568335167688692,1.7445575999999998,4361394,ok,right
45,795,1,6,0.07680000000000001,3.0,3.0,10.0,0.18125026747584344,-0.2652638069868347,5.562410991099059,1.181548067159039,-0.09014940838599637,-3.324012939189688,1.7471332,4367833,ok,right
45,885,1,6,0.07680000000000001,3.0,3.0,10.0,0.35711158309131863,-1.3340113854992721,4.7699882622774075,1.3581759686913983,0.18268294142301233,0.5355665259759615,1.745808,4364520,ok,right
45,992,1,6,0.07680000000000001,3.0,3.0,10.0,0.1417786879464984,-0.738251311893287,0.39915237468713716,1.142078218865793,0.24479794156170867,6.834535274762789,1.7543624,4385906,ok,right
45,3,1,6,0.07680000000000001,3.0,3.0,10.0,0.6458857366815209,0.004457586551557238,0.2595085273318061,1.6460026226380027,-0.37340558556278386,2.327346429431313,1.7659688,4414922,ok,right
45,643,1,6,0.07680000000000001,3.0,3.0,10.0,-0.09799430891871452,-0.2671625761967447,1.0828297829725517,0.902005854820743,0.028217730890365316,-3.6142517569411554,1.7702524,4425631,ok,right
45,706,1,6,0.07680000000000001,3.0,3.0,10.0,0.5230316942557692,-0.7713669042662666,4.237676619189395,1.5231750272419724,-0.3244752511562567,-12.222942396917286,1.7744124,4436031,ok,right
45,554,1,6,0.07680000000000001,3.0,3.0,10.0,0.2909215403720737,0.5590402721072406,5.236828175599363,1.291550662221335,-0.08322766045617119,-9.950725137237058,1.7785099999999998,4446275,ok,right
45,589,1,6,0.07680000000000001,3.0,3.0,10.0,0.44420367218554024,-0.24602081312555865,3.008021579601277,1.4444665599318012,-0.13091060044608624,-6.537820327349646,1.7801188,4450297,ok,right
45,752,1,6,0.07680000000000001,3.0,3.0,10.0,0.6507330801337958,0.3505000593256415,2.3368683197854883,1.6517297922122574,-0.039535185008068886,0.35800367141106626,1.7828324,4457081,ok,right
45,176,1,6,0.07680000000000001,3.0,3.0,10.0,0.35189907625317574,-1.4223239451292045,5.609239361620084,1.351999707435846,-0.3851940531455439,19.363169530440672,1.7879471999999998,4469868,ok,right
45,43,1,6,0.07680000000000001,3.0,3.0,10.0,-0.0960281977429986,-0.06640508031550355,5.494405512089319,0.9039917987813654,-0.07613116017968335,-0.2915867947544024,1.7984988,4496247,ok,right
45,863,1,6,0.07680000000000001,3.0,3.0,10.0,0.5651870170608163,0.348997198085242,3.6293147481898465,1.5655359094822314,0.0688314187564501,-2.966867478225592,1.7996075999999999,4499019,ok,right
45,31,1,6,0.07680000000000001,3.0,3.0,10.0,0.2705762911587954,-0.7365817311534462,2.303960600795475,1.2712652983703974,-0.0974348584917222,-3.7351077513739157,1.80741,4518525,ok,right
45,225,1,6,0.07680000000000001,3.0,3.0,10.0,0.4495683850720525,0.9073408691674157,0.8671110165743422,1.4501885944368886,0.02928929703953498,0.046552530839180026,1.8096079999999999,4524020,ok,right
45,622,1,6,0.07680000000000001,3.0,3.0,10.0,-0.027312731184065343,0.34644729821251286,6.125950539937548,0.9731275853254469,0.09947608410655492,6.855921347812169,1.8111228,4527807,ok,right
45,823,1,6,0.07680000000000001,3.0,3.0,10.0,0.1728757843375206,-1.6230133767266648,1.6715017801869667,1.1728938586341089,-0.01714667472060789,0.6993339922350978,1.8084136,4521034,ok,right
45,903,1,6,0.07680000000000001,3.0,3.0,10.0,0.3335649652406574,1.6867329464797236,1.8308552331664847,1.3338960690589898,0.2833814291355226,3.299878390580038,1.8110392,4527598,ok,right
45,301,1,6,0.07680000000000001,3.0,3.0,10.0,0.46608512569218874,0.4649763095852485,6.076228817353939,1.4668567521599045,-0.11968976472768136,2.5444757751450116,1.8155252,4538813,ok,right
45,48,1,6,0.07680000000000001,3.0,3.0,10.0,-0.039239722304046154,-0.1736302249981658,2.5078266044956856,0.9618948815486134,0.07952124515462139,-3.377644963850479,1.8177771999999999,4544443,ok,right
45,492,1,6,0.07680000000000001,3.0,3.0,10.0,0.5917332639917732,0.6984297703363855,0.43703222160909333,1.5923246252951215,0.4305705458291729,-6.100607743315866,1.8239512,4559878,ok,right
45,869,1,6,0.07680000000000001,3.0,3.0,10.0,0.18707091249525548,-0.9464384758874735,4.398509903044094,1.1871030969123686,0.07499164820054058,1.7990303602576867,1.8222483999999999,4555621,ok,right
45,245,1,6,0.07680000000000001,3.0,3.0,10.0,0.42971626929938794,-0.8821134047122878,3.7764340513393457,1.4298568982101874,-0.05253227788634138,-9.563935124578649,1.8257408,4564352,ok,right
45,73,1,6,0.07680000000000001,3.0,3.0,10.0,-0.052302323281764984,0.5818970044602684,4.05391728341261,0.9487982036627889,-0.11060399981463512,-3.768584904605027,1.8291187999999998,4572797,ok,right
45,97,1,6,0.07680000000000001,3.0,3.0,10.0,0.09546773862093688,-0.5980959575175326,0.9941868249918331,1.0972889697595303,0.17585568521850733,0.026070206087819396,1.8359311999999999,4589828,ok,right
45,548,1,6,0.07680000000000001,3.0,3.0,10.0,0.5647071858868004,-0.09833633048122933,3.377022216427506,1.5649650526241339,-0.12671272567884995,-9.563156735284588,1.8358888,4589722,ok,right
45,846,1,6,0.07680000000000001,3.0,3.0,10.0,0.3611948572099209,-0.5369855218807079,0.18381734925613633,1.3612262877487813,-0.012096429736239107,3.257141225425151,1.8348896,4587224,ok,right
45,791,1,6,0.07680000000000001,3.0,3.0,10.0,0.6265394566580653,-0.0013666514316079037,1.1095877235138936,1.6265765951830704,0.35308845105591885,0.7771111741913015,1.8360623999999999,4590156,ok,right
45,82,1,6,0.07680000000000001,3.0,3.0,10.0,0.006865957006812096,1.0862613488798523,0.8312647194093244,1.0073252148238838,-0.0841879376693939,9.524549905000674,1.8450772,4612693,ok,right
45,168,1,6,0.07680000000000001,3.0,3.0,10.0,0.45272782091051345,1.0520793495558005,2.4342320294090887,1.45292777711497,-0.11427157518087089,2.7237835704171687,1.8476815999999998,4619204,ok,right
45,923,1,6,0.07680000000000001,3.0,3.0,10.0,0.5670566715300084,-0.20888633336112855,3.2603683826985224,1.5674896965776774,-0.40877545237366747,7.317441085078556,1.8543572,4635893,ok,right
45,381,1,6,0.07680000000000001,3.0,3.0,10.0,-0.02584287188947201,0.7333939140923286,4.432011824247872,0.974572413918595,-0.030511916968921485,-5.999379654369672,1.8568588,4642147,ok,right
45,143,1,6,0.07680000000000001,3.0,3.0,10.0,-0.04202224798500538,0.6672795400427386,6.020948253302269,0.9581725039630586,0.04467226779551358,9.098917800154886,1.8683163999999999,4670791,ok,right
45,644,1,6,0.07680000000000001,3.0,3.0,10.0,0.6153244391083718,-0.6255234635659174,6.276820049675347,1.6156803980722538,-0.07663723785792818,-11.89712811835856,1.8682079999999999,4670520,ok,right
45,922,1,6,0.07680000000000001,3.0,3.0,10.0,-0.07389792855829001,-0.27184692672020694,5.6293830472225865,0.9272917337772404,0.11410395446995053,-0.170028340807828,1.8733476,4683369,ok,right
45,392,1,6,0.07680000000000001,3.0,3.0,10.0,0.05008101332932711,-0.2844476807335838,0.9698618386385133,1.0504434635018727,0.18006423494817153,6.637363648728438,1.8840848,4710212,ok,right
45,86,1,6,0.07680000000000001,3.0,3.0,10.0,0.4263778205960989,-1.2129292710022828,5.928144662677357,1.4264847649069174,0.05701835117028277,2.6710984134151508,1.8933064,4733266,ok,right
45,180,1,6,0.07680000000000001,3.0,3.0,10.0,0.6370490038767458,-0.26950927854986784,2.457278330271454,1.6371464631459396,0.06225152176478469,0.3630899858317957,1.9061215999999999,4765304,ok,right
45,830,1,6,0.07680000000000001,3.0,3.0,10.0,-0.07737392857670784,-0.1399748387379517,5.778773969565572,0.922833799020767,0.09180610374514775,6.837088583203287,1.90628,4765700,ok,right
45,893,1,6,0.07680000000000001,3.0,3.0,10.0,0.25930462311953306,1.4950522883663593,0.8324175793162814,1.2594325724715683,-0.04611043485568405,15.292941054905004,1.9110132,4777533,ok,right
45,556,1,6,0.07680000000000001,3.0,3.0,10.0,0.583454892411828,-0.5957574466244938,0.10545222171973848,1.584369571273306,0.32470402986953606,2.836515045316851,1.9168475999999999,4792119,ok,right
45,844,1,6,0.07680000000000001,3.0,3.0,10.0,0.09644592925906181,-1.3417918432573668,3.4112705023432266,1.0968407354101208,-0.0671279166471899,-3.0409852091579044,1.9258423999999998,4814606,ok,right
45,507,1,6,0.07680000000000001,3.0,3.0,10.0,0.050682260468602185,-0.34431710637357005,0.26020522743787633,1.0516131888692948,-0.2389895104972957,6.700144119940393,1.9284968,4821242,ok,right
45,604,1,6,0.07680000000000001,3.0,3.0,10.0,0.42795095890760426,1.2009379982804749,4.40335584697711,1.4286215059471592,0.07711393143269689,6.4185089524792565,1.931384,4828460,ok,right
45,67,1,6,0.07680000000000001,3.0,3.0,10.0,0.3254390083253384,0.9899247476390898,2.03432080546712,1.3258330429580438,-0.17667523780659086,-5.444674874748536,1.9398536,4849634,ok,right
45,637,1,6,0.07680000000000001,3.0,3.0,10.0,0.42236694023013116,0.29325026575030755,5.153151812794412,1.422633886864322,-0.13705711838040577,13.239477373810502,1.9402032,4850508,ok,right
45,303,1,6,0.07680000000000001,3.0,3.0,10.0,-0.022687667794525624,-0.4458189491030207,2.6964466289568074,0.9787144932676197,-0.005927491057422146,-6.419788837845784,1.9475959999999999,4868990,ok,right
45,828,1,6,0.07680000000000001,3.0,3.0,10.0,0.10857557505369186,1.7993226291032607,1.6472402859412052,1.1087407951220771,0.0901543181133646,3.011791135133196,1.9486755999999998,4871689,ok,right
45,860,1,6,0.07680000000000001,3.0,3.0,10.0,-0.0734484551474452,-0.15975065136317618,3.9571606804031516,0.9269326966513739,-0.006245064311659367,8.394276456277629,1.9578672,4894668,ok,right
45,93,1,6,0.07680000000000001,3.0,3.0,10.0,0.150329901650548,2.0331701495319505,1.6668633029071982,1.1506993973722415,-0.02219025774811699,-0.27227245696965374,1.964936,4912340,ok,right
45,316,1,6,0.07680000000000001,3.0,3.0,10.0,-0.05149112530052662,-0.3755938414275557,5.67800104346585,0.9485885133971591,-0.027749969336541707,-12.136019252918103,1.9668716,4917179,ok,right
45,353,1,6,0.07680000000000001,3.0,3.0,10.0,0.13918762356042863,-0.8013719651624572,0.7815046903158093,1.139401086160436,0.022394508570761265,0.911665174893536,1.9641448,4910362,ok,right
45,546,1,6,0.07680000000000001,3.0,3.0,10.0,0.1858337551355362,-1.817609631832426,1.2208222766966614,1.187228390868829,0.4438734821385682,0.3866874903958185,1.9846688,4961672,ok,right
45,779,1,6,0.07680000000000001,3.0,3.0,10.0,0.6201091958209872,-0.6385398780192144,4.0671473220396805,1.6213522586663036,0.05398688124598877,-3.6033392454909623,1.9896155999999998,4974039,ok,right
45,56,1,6,0.07680000000000001,3.0,3.0,10.0,0.3349474398419261,-1.7089271946600992,0.7441021131026236,1.3352629741156243,0.36340545938473545,-5.514585546661336,1.9921356,4980339,ok,right
45,761,1,6,0.07680000000000001,3.0,3.0,10.0,0.5219694014638663,-0.07178973606156512,5.999630963614445,1.5221107306801278,0.3352386924029501,3.0457493468468018,2.000062,5000155,ok,right
45,222,1,6,0.07680000000000001,3.0,3.0,10.0,-0.016687314212322234,-0.8886527440741931,4.687629134317717,0.9834360778287107,-0.06248781821965508,6.566098348353426,2.0109844,5027461,ok,right
45,17,1,6,0.07680000000000001,3.0,3.0,10.0,0.6243837155401707,-0.4815142042236124,0.12585058526774306,1.6244475292386336,-0.1347101739813246,8.647753809274873,2.0223516,5055879,ok,right
45,647,1,6,0.07680000000000001,3.0,3.0,10.0,0.4783408796414733,-0.8454297454119014,1.3259550614762834,1.479891735598598,-0.5603759416733126,0.3683924146763058,2.023278,5058195,ok,right
45,937,1,6,0.07680000000000001,3.0,3.0,10.0,-0.0006588991731405259,-0.6751045779465831,4.535646771093675,0.9995893633095949,-0.03821717499340357,-5.954619529051998,2.0278864,5069716,ok,right
45,452,1,6,0.07680000000000001,3.0,3.0,10.0,0.3259337738156319,0.8721396950166649,2.2320973453681487,-1.7807630976571085,2.1881291742250752,-0.11483236399868665,2.0326619999999997,5081655,ok,left
45,664,1,6,0.07680000000000001,3.0,3.0,10.0,0.0930163249373436,1.0140818268295169,5.358131733522308,1.093155265664372,0.14444319592540095,-5.918471487807996,2.0406016,5101504,ok,right
45,349,1,6,0.07680000000000001,3.0,3.0,10.0,0.5874924642965198,-0.5842085100790527,1.0333059127445727,1.5887075530434984,-0.2348424310163678,-3.8328862362367846,2.049856,5124640,ok,right
45,555,1,6,0.07680000000000001,3.0,3.0,10.0,0.5741016482934356,-0.13911400465328455,5.689642554941531,1.5741370211798782,-0.06829689916539149,12.354747664221996,2.0495744,5123936,ok,right
45,727,1,6,0.07680000000000001,3.0,3.0,10.0,0.6227045262232423,0.5437174871281963,1.6412109217425566,1.6227158648930624,-0.022056931599249888,-2.931496248217228,2.0491068,5122767,ok,right
45,888,1,6,0.07680000000000001,3.0,3.0,10.0,0.47083659619092944,-0.8786155110889395,5.249095653629063,1.4712201329742354,-0.4238233033719915,-10.062443387449772,2.0526679999999997,5131670,ok,right
45,130,1,6,0.07680000000000001,3.0,3.0,10.0,0.5774497473612428,-0.1499326352522547,2.6267708851738356,1.577852594452245,-0.12108866271034034,18.85912249125436,2.0628379999999997,5157095,ok,right
45,538,1,6,0.07680000000000001,3.0,3.0,10.0,0.4090392911806703,-0.7534397381050291,5.748857114905635,1.4090849881303849,-0.9270257882802718,12.377221716671858,2.0618048,5154512,ok,right
45,270,1,6,0.07680000000000001,3.0,3.0,10.0,0.15813330169767142,0.7874786279434587,5.044279826959199,1.1581967907613475,0.08194401677354941,2.8352577623003805,2.0703036,5175759,ok,right
45,692,1,6,0.07680000000000001,3.0,3.0,10.0,0.19423053562641146,-1.2418930033904414,0.5813158906659077,1.1951443083834845,-0.23112616065762892,2.1455416156955365,2.0749763999999997,5187441,ok,right
45,501,1,6,0.07680000000000001,3.0,3.0,10.0,0.22712142001837493,1.9456024214527896,0.09433254043752258,1.2274825683198711,0.1016292752212331,-3.883770174039666,2.0855175999999997,5213794,ok,right
45,748,1,6,0.07680000000000001,3.0,3.0,10.0,0.451373009569943,0.15511488968200027,1.579569360204095,1.4516025075595296,0.2753087681290606,0.6528192802456997,2.091372,5228430,ok,right
45,96,1,6,0.07680000000000001,3.0,3.0,10.0,0.599376704543829,-0.41775730263238026,2.2802862545725,1.599432367186442,-0.20768780486854463,15.040298820943596,2.0944228,5236057,ok,right
45,597,1,6,0.07680000000000001,3.0,3.0,10.0,0.6830076709389687,0.2331271867889304,1.2470298104027777,1.6831028643361854,0.19297953069806054,0.5868402785122798,2.0921575999999997,5230394,ok,right
45,299,1,6,0.07680000000000001,3.0,3.0,10.0,0.5121974242851138,-0.41621926453187136,4.781727473274094,1.5128475631205747,0.16787489019410914,-5.949006356074263,2.1000424,5250106,ok,right
45,994,1,6,0.07680000000000001,3.0,3.0,10.0,0.1906372081488371,-1.1541247009651148,1.2016362289721914,1.190824241785548,0.1742011828471281,-3.4792969077370084,2.1061107999999997,5265277,ok,right
45,955,1,6,0.07680000000000001,3.0,3.0,10.0,0.559130622074008,0.515398786875265,5.771254654024469,1.5592739323836295,0.14188776785282656,22.051165863360193,2.1115776,5278944,ok,right
45,236,1,6,0.07680000000000001,3.0,3.0,10.0,0.5427318355068564,0.36856263965537617,2.1164888997323463,1.5428458472941866,-0.3910930932364021,-5.998649657291746,2.1149812,5287453,ok,right
45,798,1,6,0.07680000000000001,3.0,3.0,10.0,0.13378129452466966,-1.9786880737592183,4.488654632745348,1.1343283813361396,-0.09868208810317232,2.979153990514333,2.1124671999999998,5281168,ok,right
45,146,1,6,0.07680000000000001,3.0,3.0,10.0,-0.0731176495552063,0.20560960531600597,5.32337492557889,0.9274563422553403,0.020786990368219262,-11.555840398870101,2.1209667999999997,5302417,ok,right
45,24,1,6,0.07680000000000001,3.0,3.0,10.0,0.10440236274152995,-1.6374025694317154,2.5630648785115193,1.1050994058017194,-0.10128219709644122,2.7452715767774665,2.1308312,5327078,ok,right
45,928,1,6,0.07680000000000001,3.0,3.0,10.0,0.23856268245726825,1.8878467390338187,6.105887657152235,1.2390518382681328,-0.40100898720189976,9.175079616719344,2.1312699999999998,5328175,ok,right
45,958,1,6,0.07680000000000001,3.0,3.0,10.0,0.45119466278702025,0.9427191660173078,3.6632815174649833,1.451948702418079,-0.27351987806705486,2.2370136096152313,2.135326,5338315,ok,right
45,487,1,6,0.07680000000000001,3.0,3.0,10.0,0.5415362570434809,0.3885619538875971,1.8582279474756214,1.542808633132204,0.1172323807816317,9.274519081300031,2.1409499999999997,5352375,ok,right
45,261,1,6,0.07680000000000001,3.0,3.0,10.0,0.5476510502398014,0.40710907850157385,1.9740000058694087,1.548511185432046,-0.145214935206185,2.7614065397286116,2.1451675999999997,5362919,ok,right
45,998,1,6,0.07680000000000001,3.0,3.0,10.0,0.3474047148600221,-0.4321731618726066,0.18703781711583503,1.3479280646657874,0.20484524558914263,0.71647046665813,2.1518272,5379568,ok,right
45,178,1,6,0.07680000000000001,3.0,3.0,10.0,0.31142553463578226,-1.1847397564864015,2.203884105624897,1.311494318046795,-0.03507636432864072,0.23756010533360258,2.1579364,5394841,ok,right
45,417,1,6,0.07680000000000001,3.0,3.0,10.0,0.4506569717079401,-0.10921110602927628,0.027091597045188622,1.4507015588231658,-0.1706146898124822,8.484642896248797,2.1590963999999997,5397741,ok,right
45,491,1,6,0.07680000000000001,3.0,3.0,10.0,0.03788635227829218,-0.6221102480616558,0.7369038261565076,1.0387476817309238,0.18276307201864583,-0.21367948700587028,2.1564571999999997,5391143,ok,right
45,700,1,6,0.07680000000000001,3.0,3.0,10.0,0.4459948476403952,-0.472254616048148,2.5845039239452445,1.446052597418073,-0.1624054935524344,-0.3697782251525227,2.1609868,5402467,ok,right
45,780,1,6,0.07680000000000001,3.0,3.0,10.0,0.36385154761374,1.2359486923859038,5.435735976884827,1.3642765461967996,-0.2867520691114327,13.6030193692621,2.1718744,5429686,ok,right
45,916,1,6,0.07680000000000001,3.0,3.0,10.0,0.016391596570611,-0.8710413496076822,4.721615537416396,1.016417793145269,-0.08120419610444382,8.920464986776,2.1703083999999997,5425771,ok,right
45,574,1,6,0.07680000000000001,3.0,3.0,10.0,0.2348985552787781,0.8519161970652535,4.395645594294138,1.2349580852364848,0.0938715412758016,9.494122421415286,2.1742808,5435702,ok,right
45,908,1,6,0.07680000000000001,3.0,3.0,10.0,-0.05913147106766701,-0.39341130104501826,0.636077206574522,0.9409150166766,0.020355168537692925,-4.0789734986535615,2.1741828,5435457,ok,right
45,4,1,6,0.07680000000000001,3.0,3.0,10.0,-0.02634560987353325,0.029190072747562565,0.8265020974384313,0.97411485073854,0.05636730510546773,2.5655598203680134,2.1876536,5469134,ok,right
45,399,1,6,0.07680000000000001,3.0,3.0,10.0,-0.03159003183245659,-0.5168239257594506,2.2229933837973213,0.9685772348660896,0.033557185523999535,0.5405227590532002,2.1937972,5484493,ok,right
45,18,1,6,0.07680000000000001,3.0,3.0,10.0,0.1342580121010542,-1.8601828565219587,3.528066119166617,1.1345179584696004,-0.006214540334270645,-4.248055326024829,2.2167955999999998,5541989,ok,right
45,134,1,6,0.07680000000000001,3.0,3.0,10.0,0.42901818025857213,0.8791053165104873,0.6498851344158547,1.4292534423012726,-0.08864790274313987,3.1861310498678814,2.2316108,5579027,ok,right
45,563,1,6,0.07680000000000001,3.0,3.0,10.0,0.3916914585977793,0.4337831767937771,6.152042077406241,1.3929813027750249,0.31823687177528276,13.218203594664779,2.2379012,5594753,ok,right
45,88,1,6,0.07680000000000001,3.0,3.0,10.0,0.4742547567933798,-0.8969932481052535,5.51354949360442,1.4754914963438202,-0.1116073923850762,6.679696549823877,2.2413412,5603353,ok,right
45,821,1,6,0.07680000000000001,3.0,3.0,10.0,0.4886635109782219,0.6823418723161346,2.460046835442235,1.4898615637390216,0.03170331437870251,9.039910051324833,2.241774,5604435,ok,right
45,127,1,6,0.07680000000000001,3.0,3.0,10.0,0.6356744984164835,0.5675563784604983,4.513035580103954,1.6362716330366618,0.3348685898454615,-3.134223821361689,2.246384,5615960,ok,right
45,285,1,6,0.07680000000000001,3.0,3.0,10.0,0.0012304726988077164,1.0301483417196045,0.4010222458547768,1.0024000559868842,0.014060403529122939,-17.851664940405414,2.2440316,5610079,ok,right
45,630,1,6,0.07680000000000001,3.0,3.0,10.0,-0.07031536884605885,0.16615187333921488,2.560068298560508,0.9297219475520371,0.01324055809684829,-6.0067820551719,2.2471664,5617916,ok,right
45,895,1,6,0.07680000000000001,3.0,3.0,10.0,0.6106760788708926,-0.18879946437519482,3.1805731620387196,1.611918230816833,0.33453763958512156,9.23932627733548,2.248606,5621515,ok,right
45,462,1,6,0.07680000000000001,3.0,3.0,10.0,0.39248271454125644,-1.2306070416516126,1.75895772497525,1.3924997524347273,0.1267273798590425,-2.894036185918163,2.2540732,5635183,ok,right
45,514,1,6,0.07680000000000001,3.0,3.0,10.0,0.5623700549826026,0.1693225811336331,0.8199698829454779,1.5625430215940967,0.3437025905102163,1.7969507971568324,2.2533819999999998,5633455,ok,right
45,142,1,6,0.07680000000000001,3.0,3.0,10.0,-0.03060107082128525,-0.38096178024809024,2.7435464790374744,0.96970704067034,0.07260359875014612,-3.212359223170967,2.2829972,5707493,ok,right
45,229,1,6,0.07680000000000001,3.0,3.0,10.0,0.3927937095984817,-0.08322931399195929,1.780359302151129,1.3939829145297482,0.21931500390133898,-3.443378697408794,2.2801915999999998,5700479,ok,right
45,725,1,6,0.07680000000000001,3.0,3.0,10.0,0.012568379566073418,0.9860925862742038,1.1068360960289925,1.0125875961060489,-0.16757220658931496,-3.392402144566372,2.2878192,5719548,ok,right
45,6,1,6,0.07680000000000001,3.0,3.0,10.0,0.347833663597703,-0.6207235820976983,6.172358674074041,1.3484774136999789,0.2626824353962352,-5.642877619968086,2.2946976,5736744,ok,right
45,102,1,6,0.07680000000000001,3.0,3.0,10.0,0.5847698295488953,-0.5510255083063635,1.7095481774064114,1.5855214600380882,-0.2692733688265951,0.33189886987651096,2.2955468,5738867,ok,right
45,453,1,6,0.07680000000000001,3.0,3.0,10.0,0.013953799940645696,0.727115162829425,4.078181763474172,1.0139798108347704,-0.08754789506129566,-6.493167107664234,2.2933148,5733287,ok,right
45,712,1,6,0.07680000000000001,3.0,3.0,10.0,0.3600531991571188,-0.527652463059341,3.2669439083441305,1.3611110495765124,0.17698350872453458,2.984418456667953,2.2958583999999997,5739646,ok,right
45,662,1,6,0.07680000000000001,3.0,3.0,10.0,0.11509979236871004,-0.6904840163699949,1.3840043340443473,1.1153495549381378,-0.10904221409564557,-0.24045857479840213,2.3134492,5783623,ok,right
45,601,1,6,0.07680000000000001,3.0,3.0,10.0,0.031965510547161104,-1.33596513953384,5.412014815820396,1.0327393298809726,0.05222481971639748,-6.064405354671946,2.317428,5793570,ok,right
45,711,1,6,0.07680000000000001,3.0,3.0,10.0,0.1686674064025283,-0.6710227663450592,3.3272223944993167,1.168839073948383,-0.09880382231874293,2.7166361058263915,2.3169236,5792309,ok,right
45,728,1,6,0.07680000000000001,3.0,3.0,10.0,0.3380103537812829,0.3400734720500054,0.5471490219929707,1.3380979075407062,0.15471322156173598,6.293038620147776,2.3255564,5813891,ok,right
45,684,1,6,0.07680000000000001,3.0,3.0,10.0,0.10543517917394639,1.8255117526569973,1.5889431584775615,1.1058365730956397,-0.0604471997690272,-3.5708505233668566,2.329028,5822570,ok,right
45,654,1,6,0.07680000000000001,3.0,3.0,10.0,0.3324840378016234,0.5520682855996071,1.969088878695535,1.3330834234585165,-0.0021969024392099025,0.7747442466922713,2.3393471999999997,5848368,ok,right
45,837,1,6,0.07680000000000001,3.0,3.0,10.0,0.6121714433655143,-0.4457462991388605,3.526254520414829,1.6121909216418295,-0.5392477288930708,2.169941637036782,2.3409488,5852372,ok,right
45,12,1,6,0.07680000000000001,3.0,3.0,10.0,0.1342790711671114,-0.21167234376832827,6.185068696526065,1.1344999344602644,0.2566468261794655,6.3953004480710876,2.3477932,5869483,ok,right
45,71,1,6,0.07680000000000001,3.0,3.0,10.0,0.4872560929507017,0.5115448062633886,0.8400824113187287,1.487391560392926,-0.08555793269673122,6.830677214703649,2.3464367999999998,5866092,ok,right
45,432,1,6,0.07680000000000001,3.0,3.0,10.0,0.34217886310070755,-1.3556195902677424,2.460563146045787,1.3425248926799913,-0.1404302775258616,0.24335116086938668,2.3509784,5877446,ok,right
45,646,1,6,0.07680000000000001,3.0,3.0,10.0,0.1544605702161789,-1.7991426386048035,2.5631021536641794,1.1547250446256347,0.011859381677000633,3.2879929833514625,2.3602704,5900676,ok,right
45,90,1,6,0.07680000000000001,3.0,3.0,10.0,0.15865048859268427,-2.0270904921025688,2.517871046841312,1.1588011597590178,-0.08073403922606633,2.2685463147226015,2.3686624,5921656,ok,right
45,853,1,6,0.07680000000000001,3.0,3.0,10.0,0.2275593511760235,-1.0648303352399449,0.7353416183642826,1.2279478994230937,-0.13725935923191,2.5777587637735953,2.37981,5949525,ok,right
45,164,1,6,0.07680000000000001,3.0,3.0,10.0,0.04850770812481642,0.5416722464737408,2.753410714745343,1.0485240114438115,0.10668567477274815,-10.390752643143198,2.3820288,5955072,ok,right
45,767,1,6,0.07680000000000001,3.0,3.0,10.0,0.3720365215092898,0.1946564421696545,0.9824583737576195,1.372534011647727,0.03197428203010498,2.9173325827264267,2.3933768,5983442,ok,right
45,307,1,6,0.07680000000000001,3.0,3.0,10.0,0.49078045245260005,0.9650764222360008,5.592694479362185,1.4916895856569672,0.031125035466441915,8.64946680572876,2.401074,6002685,ok,right
45,671,1,6,0.07680000000000001,3.0,3.0,10.0,0.43360705040395264,0.8999431575008439,2.833523346203722,1.4339490954125138,-0.09188451481090128,-5.831217027401559,2.4084908,6021227,ok,right
45,158,1,6,0.07680000000000001,3.0,3.0,10.0,0.22914247661828996,0.39962415337455937,5.807935526935774,1.2292254048004394,0.04604806949359569,3.0131502029218393,2.415292,6038230,ok,right
45,674,1,6,0.07680000000000001,3.0,3.0,10.0,0.28651484139263633,-1.0891079361666653,0.6395047826725389,1.2869829534582047,-0.7675077371975122,2.7324377581562884,2.4259136,6064784,ok,right
45,100,1,6,0.07680000000000001,3.0,3.0,10.0,0.2658050157129765,0.9152096960118936,3.2800469393493947,1.2664561424640473,-0.443175714804675,-3.17594365886566,2.43992,6099800,ok,right
45,495,1,6,0.07680000000000001,3.0,3.0,10.0,0.501669242978096,-1.0509909134480333,3.8296764881634067,1.5018571016267002,-0.06763882278594194,15.194948929496947,2.43864,6096600,ok,right
45,619,1,6,0.07680000000000001,3.0,3.0,10.0,0.31525180693715815,-1.0775680433493062,5.891133844685373,1.3162890723963094,0.14287631190696545,3.144022445474351,2.4594524,6148631,ok,right
45,422,1,6,0.07680000000000001,3.0,3.0,10.0,0.12813655715435743,-1.965597488868252,5.608049074416987,1.1283429557145788,0.2612615574305815,8.49100707850302,2.4678788,6169697,ok,right
45,258,1,6,0.07680000000000001,3.0,3.0,10.0,0.3572580851614475,-1.4251990537067223,5.449547295770267,1.3579012693239159,0.10655878062199658,1.4895317270828896,2.47279,6181975,ok,right
45,969,1,6,0.07680000000000001,3.0,3.0,10.0,0.4869385931640864,0.36766456092589234,4.225900574841309,1.487249350944571,-0.06490029436730321,2.240167108151562,2.4827708,6206927,ok,right
45,315,1,6,0.07680000000000001,3.0,3.0,10.0,0.21194350328296424,-0.7199815802800298,3.278328291486527,1.2123393430585045,-0.12110417550943184,-5.912905281918768,2.4866311999999997,6216578,ok,right
45,743,1,6,0.07680000000000001,3.0,3.0,10.0,0.009937371313571931,1.1364396805808918,1.8564978244833399,1.0101796077449823,-0.07556977667819155,2.8766413093113763,2.4900224,6225056,ok,right
45,122,1,6,0.07680000000000001,3.0,3.0,10.0,0.5695848943665623,-0.4992313661824566,6.174900059750098,1.5705068013651615,-0.17733096885125654,6.168602385011053,2.4965804,6241451,ok,right
45,430,1,6,0.07680000000000001,3.0,3.0,10.0,-0.09856217037886382,-0.21178429569640414,3.659499474853442,0.901662980568077,0.003804279400994398,0.5532227871888689,2.4995803999999997,6248951,ok,right
45,618,1,6,0.07680000000000001,3.0,3.0,10.0,0.15474836826324465,-0.14562995692950856,2.2005841471855248,1.1562616644681032,0.1877043677680237,0.4946756437175581,2.4963371999999997,6240843,ok,right
45,251,1,6,0.07680000000000001,3.0,3.0,10.0,-0.012862302735447884,0.8626546137727037,2.550422937341069,0.9875475319933312,0.0014867950138382259,2.9160297548998906,2.5024143999999997,6256036,ok,right
45,80,1,6,0.07680000000000001,3.0,3.0,10.0,-0.06863775216042996,0.05952400060666215,4.842779579767958,0.9320031786852205,0.06234598473756573,-5.68277856189523,2.5168603999999997,6292151,ok,right
45,13,1,6,0.07680000000000001,3.0,3.0,10.0,-0.048093676380813126,0.5613274603141004,5.688575623916714,0.9525703983822925,0.12899053602856947,3.053518767374668,2.5214468,6303617,ok,right
45,581,1,6,0.07680000000000001,3.0,3.0,10.0,0.02001742757856846,0.02551189627782957,3.043263166411967,1.021399177359421,0.02841161459139488,2.703136148998641,2.5329856,6332464,ok,right
45,156,1,6,0.07680000000000001,3.0,3.0,10.0,0.21688050720840693,0.12620206218392807,3.4518349736391354,1.2173724171745541,0.11634953883611236,-3.3587196518103295,2.5452076,6363019,ok,right
45,535,1,6,0.07680000000000001,3.0,3.0,10.0,0.1480852983891964,-1.5363528256347587,3.11170001607574,1.1490247633853123,-0.0348347469026638,0.12739296153517254,2.544426,6361065,ok,right
45,91,1,6,0.07680000000000001,3.0,3.0,10.0,0.0174218462780118,-0.24620186072350267,0.9840898170737821,1.017855180828191,-0.09834879589070117,-5.984529179985939,2.5480136,6370034,ok,right
45,362,1,6,0.07680000000000001,3.0,3.0,10.0,0.6023628463968635,-0.4721409660760813,3.2077781191429526,1.6027102278398169,0.22329297767778422,8.865950317882747,2.5497883999999997,6374471,ok,right
45,813,1,6,0.07680000000000001,3.0,3.0,10.0,0.19409008417278528,1.0392197213937897,3.9370848946803796,1.1945007018637728,0.15719854232637034,1.2429756496897948,2.5526088,6381522,ok,right
45,819,1,6,0.07680000000000001,3.0,3.0,10.0,0.1289301123470068,-1.82088455592916,3.179527937792363,1.1305696061533577,0.13021787294088163,-5.841547820969532,2.5556772,6389193,ok,right
45,351,1,6,0.07680000000000001,3.0,3.0,10.0,0.1356503251940012,-1.9972594927871097,2.3132178454597305,1.1356734704565943,-0.18751654697426237,-16.39183710728867,2.5623443999999997,6405861,ok,right
45,289,1,6,0.07680000000000001,3.0,3.0,10.0,0.07471215836703778,0.6617728460543659,2.4010062808061514,1.0749549527016156,0.03711408290894683,-5.811545482951479,2.5669372,6417343,ok,right
45,372,1,6,0.07680000000000001,3.0,3.0,10.0,0.08878409769386053,-1.0930688636718027,4.762906189543508,1.089301636619029,-0.007897997097719536,3.268804346897099,2.5697592,6424398,ok,right
45,675,1,6,0.07680000000000001,3.0,3.0,10.0,0.41302125640213494,0.9799906539865066,6.112266189175125,1.4135416501160802,-0.2651768748365102,12.387670448255239,2.5688032,6422008,ok,right
45,952,1,6,0.07680000000000001,3.0,3.0,10.0,-0.07683977894484997,0.2502755849735735,5.14312883730868,0.9231960531635576,0.014543543913626649,1.1985745983426437,2.5700955999999997,6425239,ok,right
45,405,1,6,0.07680000000000001,3.0,3.0,10.0,0.11192416660487653,-0.8383756105466915,1.0131447686777115,1.1119863193387853,0.19669587132477345,2.6931391536460856,2.5757684,6439421,ok,right
45,537,1,6,0.07680000000000001,3.0,3.0,10.0,0.6023147137835623,-0.6481641337251867,2.1394437609001673,1.6025889498036219,0.16606651706645165,-0.01739859094198174,2.5757132,6439283,ok,right
45,894,1,6,0.07680000000000001,3.0,3.0,10.0,0.12453870289027691,-1.7544866599581699,2.218047077832395,1.1245629888425028,0.24737399924414402,-5.414564724574122,2.5767188,6441797,ok,right
45,573,1,6,0.07680000000000001,3.0,3.0,10.0,0.10205270498991013,-0.970801393646394,5.728934299211821,1.1034181957565599,-0.20344603876925652,6.712210722705475,2.5864716,6466179,ok,right
45,607,1,6,0.07680000000000001,3.0,3.0,10.0,0.3171073757112026,-1.0515480883886594,1.1267417560824904,1.317282653272796,-0.28882449537456684,-0.08267839380595733,2.5848096,6462024,ok,right
45,293,1,6,0.07680000000000001,3.0,3.0,10.0,-0.002173827774822712,-0.8828555973434506,0.14404118014474931,0.9981399199226585,0.07960238032549949,13.264951347024141,2.6061815999999998,6515454,ok,right
45,919,1,6,0.07680000000000001,3.0,3.0,10.0,0.5233540458604694,-0.37288483818207846,4.823315292339402,1.5238168586286585,0.3841719208264248,13.008122096815175,2.6072468,6518117,ok,right
45,137,1,6,0.07680000000000001,3.0,3.0,10.0,-0.0947368873283267,-0.09968029852012514,0.25587439597850536,0.9065759168851449,0.13673876877364594,-12.877876257327387,2.6107236,6526809,ok,right
45,851,1,6,0.07680000000000001,3.0,3.0,10.0,-0.04217511154711247,0.557123948686721,2.6783862966943333,0.9582613259115443,0.02272231506356048,1.0116410624434442,2.6098008,6524502,ok,right
45,884,1,6,0.07680000000000001,3.0,3.0,10.0,0.680298475548625,-0.2438421095580348,0.38296122894664164,1.6803257930176525,0.00509268042408216,9.038002075979787,2.6081355999999998,6520339,ok,right
45,875,1,6,0.07680000000000001,3.0,3.0,10.0,0.052520240657031536,0.9806696426582334,5.611688807283613,1.053509161106404,-0.21296193736672864,0.3511267859678214,2.6154227999999997,6538557,ok,right
45,95,1,6,0.07680000000000001,3.0,3.0,10.0,0.3957256391644478,0.9083162233693038,2.68668347796238,1.3964418648691812,0.021421997653728264,14.5215751193271,2.6228295999999998,6557074,ok,right
45,323,1,6,0.07680000000000001,3.0,3.0,10.0,0.2079098328948021,0.3573636418814834,3.481583670254615,1.2085784722760302,-0.15915217447949143,15.457119265485918,2.6212052,6553013,ok,right
45,878,1,6,0.07680000000000001,3.0,3.0,10.0,0.384937920793891,0.8434501076203251,6.117352079468585,1.385327319351699,-0.04277705128930281,15.080500167326289,2.6268523999999998,6567131,ok,right
45,305,1,6,0.07680000000000001,3.0,3.0,10.0,0.054635933414101605,1.0907912580273278,0.9079899874618498,1.05524706324722,-0.02008265951671057,9.499208894117622,2.6405528,6601382,ok,right
45,33,1,6,0.07680000000000001,3.0,3.0,10.0,0.31194310542196035,-0.3250535898598151,0.7823464387494388,1.311974346865875,0.34318821285504647,0.307399095842993,2.648106,6620265,ok,right
45,638,1,6,0.07680000000000001,3.0,3.0,10.0,0.5217749064788223,0.5441517265324836,4.455811407961777,1.5223456030204277,-0.19509508273678547,0.5320778655737131,2.6671595999999997,6667899,ok,right
45,296,1,6,0.07680000000000001,3.0,3.0,10.0,0.13662120178341866,-1.3548414323487905,3.2391429306189603,1.1366273027134932,0.013087377030978061,-3.7309835527699464,2.6713312,6678328,ok,right
45,854,1,6,0.07680000000000001,3.0,3.0,10.0,-0.08510761223733426,0.10490044445592217,0.9999646272604892,0.9153793075362927,-0.02316601957976922,-5.981289092527335,2.6682116,6670529,ok,right
45,859,1,6,0.07680000000000001,3.0,3.0,10.0,0.06219739262014628,-0.48369883063891495,3.113354438909092,1.0627013111694457,-0.1593603689616329,8.812403943077108,2.6792884,6698221,ok,right
45,504,1,6,0.07680000000000001,3.0,3.0,10.0,0.06833838485181332,-1.163766619166038,2.741140806808713,1.0688570662013013,-0.015213992602675457,7.463448239651359,2.6818016,6704504,ok,right
45,25,1,6,0.07680000000000001,3.0,3.0,10.0,0.5449354389682413,0.6536684334814401,2.9081127758042884,1.5454610780232503,-0.008456174317326617,6.7164480076829465,2.6981336,6745334,ok,right
45,416,1,6,0.07680000000000001,3.0,3.0,10.0,0.022146765328943732,0.6217733975975227,4.604138329504858,1.0230005260262947,0.0899192083441711,14.953851298147189,2.7033503999999997,6758376,ok,right
45,279,1,6,0.07680000000000001,3.0,3.0,10.0,0.28835646193474535,-1.7580157436584718,3.99529931753333,1.288865719067872,0.13771419593177991,-3.1904920124072285,2.7145712,6786428,ok,right
45,21,1,6,0.07680000000000001,3.0,3.0,10.0,0.3781456910073757,1.4870916892588748,4.704915174762115,1.3784096652156892,0.26984768013467236,6.718751371013848,2.721816,6804540,ok,right
45,890,1,6,0.07680000000000001,3.0,3.0,10.0,0.43375019524246455,-0.6351260428678969,4.010051719915818,1.4344693575567617,0.09736176453144713,15.764110490278895,2.7350292,6837573,ok,right
45,515,1,6,0.07680000000000001,3.0,3.0,10.0,0.24040917642414572,1.5518825003153887,3.800140270158514,1.2412137566599808,0.10497471490679484,3.2671588519119656,2.738622,6846555,ok,right
45,719,1,6,0.07680000000000001,3.0,3.0,10.0,0.05972566064447165,0.13799323209235292,3.4082610443243633,1.0600067289781647,-0.07909906188032276,9.3104292743046,2.7400751999999997,6850188,ok,right
45,264,1,6,0.07680000000000001,3.0,3.0,10.0,0.6308935532346368,0.13674460383159043,2.730849502888882,1.6319984044399025,0.16350427262218167,6.53900658228097,2.7498508,6874627,ok,right
45,391,1,6,0.07680000000000001,3.0,3.0,10.0,0.6278363684192301,-0.48445326046892534,6.048110311796745,1.62843051121524,-0.11569340358198052,9.603109243593138,2.772958,6932395,ok,right
45,481,1,6,0.07680000000000001,3.0,3.0,10.0,0.6618698287755251,-0.15259753154999534,1.4276299043673173,1.662282981847057,0.3152647027584631,2.490557735668905,2.7752703999999997,6938176,ok,right
45,963,1,6,0.07680000000000001,3.0,3.0,10.0,0.14447501450777053,0.9014993538639271,4.7913079452992084,1.1453627929084995,-0.1442105065308931,-9.593711133001825,2.7759232,6939808,ok,right
45,320,1,6,0.07680000000000001,3.0,3.0,10.0,0.2528762072324753,1.9793481785463023,4.464965525678952,1.2530677374153454,-0.06324815735739232,0.3606374733513303,2.7788436,6947109,ok,right
45,359,1,6,0.07680000000000001,3.0,3.0,10.0,0.09557529594749213,-1.2626079704388178,6.075991888993492,1.095589979071693,0.13123372489640733,6.4841966189753135,2.8118452,7029613,ok,right
45,924,1,6,0.07680000000000001,3.0,3.0,10.0,0.20995011553168297,0.5662879508539763,0.32771771183241155,1.2099846005852197,0.01560045831825889,-9.074577266593938,2.8149028,7037257,ok,right
45,834,1,6,0.07680000000000001,3.0,3.0,10.0,0.3906762784346938,-1.3745408257322134,5.8859970126585575,1.3907811914709254,-0.10750775272250408,-3.85443692310102,2.8195284,7048821,ok,right
45,542,1,6,0.07680000000000001,3.0,3.0,10.0,0.3209046060219407,-1.2841902393270805,0.5616615891967895,1.3209443948067934,0.24233250551124697,-5.916724935829765,2.8234824,7058706,ok,right
45,166,1,6,0.07680000000000001,3.0,3.0,10.0,0.4758438060060144,-0.4073667421115766,4.7988127881917535,1.4760987345778291,0.07297015443054208,14.996919061374994,2.8274551999999997,7068638,ok,right
45,328,1,6,0.07680000000000001,3.0,3.0,10.0,0.08058019988238813,1.6354493299669752,1.4062973915539605,1.0819305546776439,-0.19291333185168447,-6.363611970319316,2.8255868,7063967,ok,right
45,221,1,6,0.07680000000000001,3.0,3.0,10.0,0.3308232514187694,1.3765376663726243,0.45586515016758994,1.3314565919997396,-0.14872217807622867,-12.3361931598949,2.839012,7097530,ok,right
45,519,1,6,0.07680000000000001,3.0,3.0,10.0,0.027641181834042072,1.1592809805883397,1.113276939584551,1.0278456660061421,0.03795917802828376,0.07945346877648339,2.8381724,7095431,ok,right
45,740,1,6,0.07680000000000001,3.0,3.0,10.0,0.19099953398108482,-2.1473219229384872,5.395761469729006,1.1918537266115419,-0.024580164757340126,2.8713728069183158,2.8390324,7097581,ok,right
45,944,1,6,0.07680000000000001,3.0,3.0,10.0,0.6830541769042612,-0.058134725188757216,5.050338386613956,1.6835697702348293,0.19059072306584815,9.047027373867545,2.8481115999999997,7120279,ok,right
45,330,1,6,0.07680000000000001,3.0,3.0,10.0,0.46783609054982667,1.0414243148745785,5.513168093306137,1.4680003456813697,0.20682677761615756,8.610083333697302,2.8587732,7146933,ok,right
45,567,1,6,0.07680000000000001,3.0,3.0,10.0,0.11618720311671496,-0.09847840552535198,2.2921346870329846,1.1164983747966275,0.011990105963063886,-0.43348796965486897,2.866736,7166840,ok,right
45,606,1,6,0.07680000000000001,3.0,3.0,10.0,0.47450317703187467,0.9003254107363329,3.222079819871908,1.4745933650799643,-0.28122054999893337,-9.37014059587952,2.8676947999999998,7169237,ok,right
45,306,1,6,0.07680000000000001,3.0,3.0,10.0,0.6010970702394843,-0.4562760284014568,0.2265285870020559,1.6011737634090408,0.4914329377719092,3.3245297846169395,2.8743192,7185798,ok,right
45,186,1,6,0.07680000000000001,3.0,3.0,10.0,0.5339610148221254,-0.5691418227964744,1.5562508746555737,1.5340857163784742,-0.017074061404041618,3.0732075807346333,2.8844664,7211166,ok,right
45,797,1,6,0.07680000000000001,3.0,3.0,10.0,0.5250027706846595,0.7505762013761123,5.885056063749973,1.5258642920994796,0.1139560512580334,-9.767845116206573,2.8998527999999997,7249632,ok,right
45,565,1,6,0.07680000000000001,3.0,3.0,10.0,0.2264953264966607,-1.7581360428572983,6.216142298066295,1.226713994849567,0.39568144615508627,9.239634977869704,2.9078451999999997,7269613,ok,right
45,829,1,6,0.07680000000000001,3.0,3.0,10.0,0.46934781298041345,-0.07580676681076723,4.56808856676754,1.4697477959164507,0.23008044639761402,14.535807176890362,2.9074108,7268527,ok,right
45,160,1,6,0.07680000000000001,3.0,3.0,10.0,0.6294374378398061,0.5561490341494978,4.154679590189995,1.62952203301373,-0.15730051003900605,-12.15796152770296,2.914158,7285395,ok,right
45,524,1,6,0.07680000000000001,3.0,3.0,10.0,0.46345623228698973,0.9293569443279046,1.2740440439511804,1.4637743303946975,0.15949413988354988,8.229782437136373,2.9153256,7288314,ok,right
45,864,1,6,0.07680000000000001,3.0,3.0,10.0,0.29248271100223067,0.1247942235529865,1.0896976420750217,1.2926717527145692,-0.20572542157108734,3.138175219943096,2.9311483999999997,7327871,ok,right
45,103,1,6,0.07680000000000001,3.0,3.0,10.0,0.30299044381827117,-1.3318421407304109,5.369790756127398,1.3042117294433184,-0.14873274409610324,21.83836987327318,2.9399059999999997,7349765,ok,right
45,50,1,6,0.07680000000000001,3.0,3.0,10.0,0.5951433949172497,0.5932707949155122,3.5647625121758244,1.5952342508702289,-0.5539079357905896,-0.32617784138502887,2.9484888,7371222,ok,right
45,361,1,6,0.07680000000000001,3.0,3.0,10.0,0.08253418616950513,1.7627290367413928,0.17509256434811016,1.0829901768514894,0.024252284609186905,0.6301497017874416,2.949722,7374305,ok,right
45,557,1,6,0.07680000000000001,3.0,3.0,10.0,0.27427187692373994,0.24435300026550905,4.27169590576066,1.2745556959241926,0.1140312005036011,3.2389691725234817,2.9495283999999997,7373821,ok,right
45,981,1,6,0.07680000000000001,3.0,3.0,10.0,0.28225686959922314,1.1372409633999525,0.1593246408079466,1.2827409263877378,0.018301488189750886,8.192642053981729,2.9522944,7380736,ok,right
45,765,1,6,0.07680000000000001,3.0,3.0,10.0,0.18798814583569767,1.7815895243084734,6.207450146471864,1.188800296447841,0.13582033503973598,-5.802432788986026,2.9826311999999997,7456578,ok,right
45,135,1,6,0.07680000000000001,3.0,3.0,10.0,0.6386975673958659,0.24753750636479552,2.0135401580183134,1.6394673246433222,-0.30777398560178865,-9.843015783845392,2.9900788,7475197,ok,right
45,152,1,6,0.07680000000000001,3.0,3.0,10.0,0.6171847879886627,-0.040557802607078884,2.197351181616675,-1.185952243504003,-0.009658547659574725,-3.9828139082476057,3.0030848,7507712,ok,left
45,290,1,6,0.07680000000000001,3.0,3.0,10.0,0.12934164311736823,0.6394597144662323,6.1932915235198145,1.1294769551958457,0.08329980803927434,12.802874394892982,3.0014488,7503622,ok,right
45,404,1,6,0.07680000000000001,3.0,3.0,10.0,0.6306726409122348,-0.5125442649180553,5.670904360569093,1.6310180740468212,0.08775579557493755,15.50412993113807,3.0015172,7503793,ok,right
45,39,1,6,0.07680000000000001,3.0,3.0,10.0,-0.03645565751940012,0.4439816893615551,4.697594555680374,0.9642965034459537,-0.013183503547898276,-15.583306485527077,3.0195119999999998,7548780,ok,right
45,278,1,6,0.07680000000000001,3.0,3.0,10.0,0.5541886450722814,0.07875530757189347,5.351853638140151,1.5542740580541448,0.4872878771002558,13.797155850440083,3.019614,7549035,ok,right
45,341,1,6,0.07680000000000001,3.0,3.0,10.0,0.15699924901127815,0.468915222477889,5.423804899793289,1.1571235378143725,-0.3055785434724138,-9.906590950257835,3.0182887999999997,7545722,ok,right
45,900,1,6,0.07680000000000001,3.0,3.0,10.0,0.5154915159568191,0.9405819243452075,6.228416901969959,1.516098046215773,0.18157598461743063,21.832371580730165,3.0222979999999997,7555745,ok,right
45,16,1,6,0.07680000000000001,3.0,3.0,10.0,0.6631426507607103,-0.10735404365566589,3.1314356148283595,1.6635436889394768,0.32704715967888903,-6.9885775730388895,3.0261432,7565358,ok,right
45,580,1,6,0.07680000000000001,3.0,3.0,10.0,0.10020707696676255,1.0146257854165093,6.060337366474079,1.1004806941473682,0.036138825341940975,-12.711007938151381,3.0334263999999997,7583566,ok,right
45,883,1,6,0.07680000000000001,3.0,3.0,10.0,0.5852204142138362,0.05544693413204199,0.6864462235948289,1.5856851133484264,0.14352633425521363,0.4957809217863755,3.081668,7704170,ok,right
45,737,1,6,0.07680000000000001,3.0,3.0,10.0,0.18944208975881338,-1.4593008667892218,2.1539190924501144,1.1895580358222058,0.24611779510033213,9.49019403321908,3.0850416,7712604,ok,right
45,805,1,6,0.07680000000000001,3.0,3.0,10.0,0.5424254344776273,0.6496872265336283,0.9165708475634015,1.5428261026547188,0.5419003838006315,-12.07154419757069,3.0935536,7733884,ok,right
45,470,1,6,0.07680000000000001,3.0,3.0,10.0,0.2518039336428046,-0.5868419212081081,3.76493772863136,1.2518398619613607,0.07558759109633031,-6.174730608558591,3.1000275999999998,7750069,ok,right
45,942,1,6,0.07680000000000001,3.0,3.0,10.0,0.43962601441890004,-0.89091921013014,3.0090119722151045,1.4405136827443072,0.06595300590271244,2.5186376481264654,3.1077087999999997,7769272,ok,right
45,2,1,6,0.07680000000000001,3.0,3.0,10.0,0.14944808147847652,0.5602454126277108,2.3550564964589094,1.149696052676841,-0.05628428609999953,-12.549457382592273,3.1099672,7774918,ok,right
45,69,1,6,0.07680000000000001,3.0,3.0,10.0,0.44453274030238393,0.2553982475537855,4.992080664311696,-1.177755127673513,-0.004083058528297559,11.08878423782812,3.1162908,7790727,ok,left
45,486,1,6,0.07680000000000001,3.0,3.0,10.0,0.2811868511140347,-0.29273798934479295,4.873772954880722,1.2826106330557747,-0.5963579745704201,3.1202113344083084,3.121842,7804605,ok,right
45,368,1,6,0.07680000000000001,3.0,3.0,10.0,0.15491429027169945,-1.3539354956409617,0.32661032234519444,1.1559802488578013,0.044450946982568434,-0.030939300377321607,3.1354995999999997,7838749,ok,right
45,99,1,6,0.07680000000000001,3.0,3.0,10.0,0.4259499149397016,-0.612009108380092,6.050610239837354,1.4262582762163438,0.4369663098966867,15.607917527478602,3.1406104,7851526,ok,right
45,157,1,6,0.07680000000000001,3.0,3.0,10.0,0.21485330667346716,1.05406435776137,2.275988334381158,1.2156312964138505,0.31225392900062215,-9.83823282354587,3.144974,7862435,ok,right
45,970,1,6,0.07680000000000001,3.0,3.0,10.0,0.3664859732612968,1.4824251278970246,0.7034798463021574,1.3669100524277742,0.17811698130481007,2.6606849757026536,3.1445696,7861424,ok,right
45,889,1,6,0.07680000000000001,3.0,3.0,10.0,0.17305412087589503,1.5126283627721624,3.455139284259793,1.1732389290195624,-0.3718057442111079,-0.440583034107015,3.162492,7906230,ok,right
45,162,1,6,0.07680000000000001,3.0,3.0,10.0,0.57033662609756,-0.4096440587803677,2.4315843949187705,1.5708263201865693,-0.06590458626804233,2.7333693661813907,3.1661872,7915468,ok,right
45,367,1,6,0.07680000000000001,3.0,3.0,10.0,0.6778329800814391,0.16532256292647043,0.530540982635754,1.6779019751537314,-0.24907439176685922,1.1531430178735826,3.1803204,7950801,ok,right
45,525,1,6,0.07680000000000001,3.0,3.0,10.0,0.5132345149293542,-0.43938269349065506,2.9250596065078103,1.5145733283655891,0.03672283554600423,-18.122071930260073,3.1932736,7983184,ok,right
45,705,1,6,0.07680000000000001,3.0,3.0,10.0,0.5128739099949599,0.23666961696919284,3.3712551110158455,1.513736692103131,-0.2781972409613533,2.7286086489786343,3.1959944,7989986,ok,right
45,57,1,6,0.07680000000000001,3.0,3.0,10.0,0.2781821973621845,-1.6496228161216726,4.912480782714264,1.2787978251931866,-0.4163956712873318,32.03112570657759,3.2034019999999996,8008505,ok,right
45,288,1,6,0.07680000000000001,3.0,3.0,10.0,0.3889002161100507,0.4233883959107601,4.003211945914634,1.3894710555746488,0.1202292031159781,9.500223144475791,3.2308868,8077217,ok,right
45,266,1,6,0.07680000000000001,3.0,3.0,10.0,0.49741922635585073,0.4104044977535606,0.9287132621894234,1.4981027192710554,0.14846013583363898,2.497853498211991,3.233126,8082815,ok,right
45,724,1,6,0.07680000000000001,3.0,3.0,10.0,0.6797117060050368,0.31087800203676924,5.981060767828394,1.6798239744110548,-0.32447780762816714,7.638652821754228,3.2458576,8114644,ok,right
45,19,1,6,0.07680000000000001,3.0,3.0,10.0,0.47450126241892576,1.0897910193330733,3.466324821725183,1.475172014330711,0.10014258787512469,2.5472573439355757,3.2532588,8133147,ok,right
45,799,1,6,0.07680000000000001,3.0,3.0,10.0,0.5491317063570023,-0.37533974603871567,3.7831017042509956,1.549344230781382,0.12742378466272716,-17.341076476496326,3.25336,8133400,ok,right
45,482,1,6,0.07680000000000001,3.0,3.0,10.0,0.4528302811086178,0.4108029875516944,6.034415299287361,1.4531521769907052,-0.34012439328486654,8.85486783503507,3.27718,8192950,ok,right
45,539,1,6,0.07680000000000001,3.0,3.0,10.0,0.6280498770996928,-0.07654762888384532,0.6415948873795037,1.6282248777969963,-0.45381627207460984,12.923536213967,3.2794412,8198603,ok,right
45,443,1,6,0.07680000000000001,3.0,3.0,10.0,0.5927845383062958,0.16091978884145947,2.1341922799834796,1.593580709776566,0.6149466754310222,5.921349897212371,3.2859852,8214963,ok,right
45,656,1,6,0.07680000000000001,3.0,3.0,10.0,0.31433386560529475,-0.6271035915149645,1.4191401533408243,1.3146233202893183,-0.04765322444757194,-11.521604795086253,3.29988,8249700,ok,right
45,985,1,6,0.07680000000000001,3.0,3.0,10.0,0.05463973078876734,-1.2963425490829326,3.79142113504011,1.054665215206449,0.09116978673424438,-5.906392886469369,3.3111712,8277928,ok,right
45,75,1,6,0.07680000000000001,3.0,3.0,10.0,0.0017390996217727661,0.7155044500448273,1.1360126717161962,1.0021881087903641,-0.01682965470169883,-3.4681927778526243,3.3205524,8301381,ok,right
45,693,1,6,0.07680000000000001,3.0,3.0,10.0,0.3023721765726805,-0.7628558749253664,6.164840874116068,1.303234619046482,0.17888436099315924,7.120835268485963,3.3349012,8337253,ok,right
45,815,1,6,0.07680000000000001,3.0,3.0,10.0,0.6386543188244105,0.4481050819419447,4.513317222555492,1.6387897490573384,0.28054945274641424,13.299981592046864,3.3335163999999997,8333791,ok,right
45,204,1,6,0.07680000000000001,3.0,3.0,10.0,-0.09342364575713874,0.07454696546222966,4.0762247769978295,0.9069184912363587,-0.0472939054877648,6.243473614915798,3.3564392,8391098,ok,right
45,182,1,6,0.07680000000000001,3.0,3.0,10.0,0.12859943341463806,1.7862660555622067,1.0971885082482369,1.1289342622592389,-0.05808509833925126,0.44425895443440766,3.3644515999999998,8411129,ok,right
45,852,1,6,0.07680000000000001,3.0,3.0,10.0,0.10069024469703436,1.0485806790402352,5.48368416584507,1.1009622616758192,0.0955736138472219,9.161723549076157,3.3645204,8411301,ok,right
45,347,1,6,0.07680000000000001,3.0,3.0,10.0,0.3846565935760737,-1.4548193998566064,2.591219582513666,1.3851033261043852,0.10547443915934977,6.661911413560723,3.3811716,8452929,ok,right
45,977,1,6,0.07680000000000001,3.0,3.0,10.0,-0.06673243809491396,0.09270000751580777,5.875007228261354,0.9336347549044116,-0.09833016271234254,3.3108186505672514,3.389344,8473360,ok,right
45,739,1,6,0.07680000000000001,3.0,3.0,10.0,0.37021391466259956,-1.469326508633383,0.0974218781722681,1.3702144404080818,0.0016311338655213906,8.56398067505042,3.3946199999999997,8486550,ok,right
45,184,1,6,0.07680000000000001,3.0,3.0,10.0,0.14881483856588604,0.03172917885744311,4.426416696559774,1.1489345005777787,0.17397095349683175,-12.043602350555252,3.4033056,8508264,ok,right
45,774,1,6,0.07680000000000001,3.0,3.0,10.0,0.4555026445537806,0.9829808156270281,0.6572376304825424,1.4557939763650378,-0.6032127788819036,12.774278611286372,3.4210475999999996,8552619,ok,right
45,259,1,6,0.07680000000000001,3.0,3.0,10.0,0.42561471909284593,0.6011556759309509,0.39242345622924557,1.4257950689710857,0.3755797762604115,-3.0770342019166677,3.4285324,8571331,ok,right
45,448,1,6,0.07680000000000001,3.0,3.0,10.0,0.11456858832389116,0.2921248670571031,2.5482211520050146,1.1149081078778194,0.10281550702881567,-3.463690688853425,3.4382707999999997,8595677,ok,right
45,792,1,6,0.07680000000000001,3.0,3.0,10.0,0.49706669952720406,1.0891886442891785,4.277650990293834,1.4976126332839195,-0.2551204191085891,1.3590052623385922,3.4374035999999997,8593509,ok,right
45,946,1,6,0.07680000000000001,3.0,3.0,10.0,0.44115194454789164,0.1603078000994362,5.517877876138926,1.4414666135128678,-0.23135661657794948,15.888909887470167,3.4398636,8599659,ok,right
45,950,1,6,0.07680000000000001,3.0,3.0,10.0,0.18972160872071983,0.309785791864809,1.3502308630608602,1.1899290171835695,-0.11307732595251113,15.170270215880308,3.4376667999999997,8594167,ok,right
45,593,1,6,0.07680000000000001,3.0,3.0,10.0,0.06730745043605567,-0.21035841163978675,4.547653795577297,1.0677523021136108,0.040420342542389326,15.529421269551035,3.4437164,8609291,ok,right
45,231,1,6,0.07680000000000001,3.0,3.0,10.0,0.45848936289548875,-0.525298752719889,3.1238098851632525,1.4594241993401222,0.15177933934348273,-3.4174583435009165,3.4518079999999998,8629520,ok,right
45,591,1,6,0.07680000000000001,3.0,3.0,10.0,0.6785319719463587,0.21945222395943462,2.6451551118878136,1.6787896141245844,0.06884513744201659,-12.747528384966701,3.4503176,8625794,ok,right
45,322,1,6,0.07680000000000001,3.0,3.0,10.0,0.11070310212671758,1.1571170688397394,5.775596726546362,1.111410037827648,-0.06457352663977435,6.6380027524195295,3.4639924,8659981,ok,right
45,529,1,6,0.07680000000000001,3.0,3.0,10.0,0.3045807933434844,0.2977821943876279,5.091367861050541,1.3049031738126333,-0.065863737832104,9.330558065845914,3.4630311999999996,8657578,ok,right
45,520,1,6,0.07680000000000001,3.0,3.0,10.0,-0.0797641547396779,0.008959631065355656,2.7815644795540826,0.9206925069510646,-0.0012522460172510767,-2.9929483542887407,3.4669884,8667471,ok,right
45,826,1,6,0.07680000000000001,3.0,3.0,10.0,0.20719962045550347,1.943195739767962,2.8990995736710987,1.2076000303071988,-0.15761349686313095,3.7011117731530474,3.4741055999999997,8685264,ok,right
45,151,1,6,0.07680000000000001,3.0,3.0,10.0,0.25374184269458055,1.7658516707958387,2.0024300910337143,1.254006198528857,0.13457315497592423,-10.116826741039597,3.4820827999999997,8705207,ok,right
45,787,1,6,0.07680000000000001,3.0,3.0,10.0,0.5648084150627256,0.27009542703841716,5.097836699006464,1.5662547878300863,-0.1573963337578279,3.1312816557584204,3.498706,8746765,ok,right
45,594,1,6,0.07680000000000001,3.0,3.0,10.0,0.047973581589758396,1.4828499307159577,4.0941694012177425,1.048426960473118,-0.0764839068845041,-5.4704119185124185,3.508974,8772435,ok,right
45,406,1,6,0.07680000000000001,3.0,3.0,10.0,0.20860126316547395,1.6883662999980171,0.915043606439107,1.2088478025191098,-0.07331375909585167,7.2101654088025535,3.5151071999999997,8787768,ok,right
45,789,1,6,0.07680000000000001,3.0,3.0,10.0,0.2587429998442531,-1.8745774604713976,2.0604663567971353,1.2596044428725588,0.15551066946321096,2.4672563218919863,3.5305312,8826328,ok,right
45,461,1,6,0.07680000000000001,3.0,3.0,10.0,0.09828381184488535,1.4179333169218022,2.656161621827417,1.0984293114717416,-0.18909084218125194,-3.883292200768431,3.5463996,8865999,ok,right
45,352,1,6,0.07680000000000001,3.0,3.0,10.0,0.45747705772519115,-0.6481042680650284,3.5049974517497375,1.4581218549169255,0.22871517470259572,12.596269520555179,3.5481835999999998,8870459,ok,right
45,237,1,6,0.07680000000000001,3.0,3.0,10.0,-0.03261580150574446,0.763456167608075,1.1469130762075108,0.9674516795869289,0.04027701086216728,7.014956051884002,3.5633968,8908492,ok,right
45,600,1,6,0.07680000000000001,3.0,3.0,10.0,0.13340413365513087,0.7433078688274497,1.3218992395978797,1.133648098283867,-0.15481669137178558,2.2971131226018358,3.5753719999999998,8938430,ok,right
45,901,1,6,0.07680000000000001,3.0,3.0,10.0,0.4233214717358351,0.807760549965794,1.4727681612426111,1.4234052358062834,-0.059305079427205656,1.126501891407604,3.5848472,8962118,ok,right
45,783,1,6,0.07680000000000001,3.0,3.0,10.0,0.33238051217049364,-0.7964293496812084,1.0286415052418492,1.332434275216911,-0.08326916159937772,-9.836659831847637,3.5901612,8975403,ok,right
45,521,1,6,0.07680000000000001,3.0,3.0,10.0,0.47607423923909664,-0.1533592711265864,1.8045215432568846,1.4767102743851515,0.5057657865991206,-15.756776664061634,3.6100027999999997,9025007,ok,right
45,962,1,6,0.07680000000000001,3.0,3.0,10.0,0.6643800476565958,-0.20343578127952092,1.074331415358572,1.6647654650094483,-0.05481294470293957,-3.062610641197985,3.6104567999999997,9026142,ok,right
45,382,1,6,0.07680000000000001,3.0,3.0,10.0,0.3585713326931,-0.31727222951570344,0.6151951013681642,1.3593018104327912,-0.17131467491868518,-0.5069224180117423,3.6125195999999997,9031299,ok,right
45,956,1,6,0.07680000000000001,3.0,3.0,10.0,0.02761865369975567,0.554212478285758,4.040312039945324,1.0277361809532415,0.03455225051058828,-12.340972112228865,3.6216412,9054103,ok,right
45,957,1,6,0.07680000000000001,3.0,3.0,10.0,0.2110531095415354,-2.14312197811058,0.870219626791864,1.2112696921690407,0.05199350683826555,2.9137091174376812,3.6280007999999997,9070002,ok,right
45,425,1,6,0.07680000000000001,3.0,3.0,10.0,0.4880704920738936,-1.053689552926475,5.896422637327673,1.488270866217274,-0.10937215879836477,9.014049173599355,3.6586632,9146658,ok,right
45,454,1,6,0.07680000000000001,3.0,3.0,10.0,0.06613845285028219,-0.646537797291004,5.1821576044992055,1.066368997549439,0.04488389822136574,-3.229084059101917,3.661942,9154855,ok,right
45,337,1,6,0.07680000000000001,3.0,3.0,10.0,0.07097794134169817,0.9276874534669974,4.962859102430636,1.0713239339998823,-0.342985865913049,-3.898211528379463,3.6779872,9194968,ok,right
45,655,1,6,0.07680000000000001,3.0,3.0,10.0,0.37846065647900107,1.2075718769153971,4.92256382561633,1.3785978195801873,-0.12474880355615763,2.4779398748105512,3.6774028,9193507,ok,right
45,947,1,6,0.07680000000000001,3.0,3.0,10.0,0.2340711796656251,1.9397349555411278,3.8000771598725747,1.2343693650167664,0.011705616203448543,0.5453051871813875,3.6855672,9213918,ok,right
45,855,1,6,0.07680000000000001,3.0,3.0,10.0,0.3701319869607687,0.9022805122548248,2.1636021296617667,1.371249931001452,0.3219186351370451,-5.978671711264457,3.6954111999999997,9238528,ok,right
45,499,1,6,0.07680000000000001,3.0,3.0,10.0,0.6352272216230631,-0.37481698434211164,0.8735774216974997,1.6355238770679532,-0.11584644680207282,3.197189823697827,3.697888,9244720,ok,right
45,476,1,6,0.07680000000000001,3.0,3.0,10.0,0.42723008356988434,-0.6965121774430175,5.124080025929226,1.4284162629192312,-0.05148380935755125,0.9068791245098231,3.7110756,9277689,ok,right
45,608,1,6,0.07680000000000001,3.0,3.0,10.0,0.43316980935633187,0.43397485982979483,0.030847715285447174,1.4338427893102492,0.2051030666429089,6.708991152466575,3.7173984,9293496,ok,right
45,745,1,6,0.07680000000000001,3.0,3.0,10.0,0.0717168452218175,-1.3777072071952792,4.881658332024045,1.0725330025212931,-0.06117372413361501,-11.944678519338646,3.723848,9309620,ok,right
45,640,1,6,0.07680000000000001,3.0,3.0,10.0,0.30467535052448513,1.7619310789349514,4.800993116908339,1.305832723468526,-0.12735874705514533,0.669981740738475,3.7274388,9318597,ok,right
45,46,1,6,0.07680000000000001,3.0,3.0,10.0,0.5995193904265762,0.28214441571180665,5.342057967939739,1.600165562677389,0.23629467916830252,7.284860283067175,3.7384991999999997,9346248,ok,right
45,689,1,6,0.07680000000000001,3.0,3.0,10.0,0.1833401983603835,1.5560176550771816,2.0574763702179073,1.1846620769631813,0.030718006940678798,-9.801354081683282,3.7398228,9349557,ok,right
45,872,1,6,0.07680000000000001,3.0,3.0,10.0,0.36100336834788327,0.07331985789163743,3.4639523314042955,1.3611982360459767,0.24332046222895715,-3.53028460796936,3.7475799999999997,9368950,ok,right
45,587,1,6,0.07680000000000001,3.0,3.0,10.0,0.5724663857370615,0.01567324212596255,5.158757973810663,1.5730639281803687,0.2386536059649769,-16.02167617632686,3.7490796,9372699,ok,right
45,610,1,6,0.07680000000000001,3.0,3.0,10.0,-0.09268289227038623,0.24925394255035832,1.5710098762615177,0.9089338673674462,-0.030804153565215223,2.7125113071978637,3.7486648,9371662,ok,right
45,920,1,6,0.07680000000000001,3.0,3.0,10.0,0.005768145434558392,-0.34456620078804784,5.908583320874668,1.0059260049140397,0.18844035204523488,13.069702740229612,3.7777011999999996,9444253,ok,right
45,36,1,6,0.07680000000000001,3.0,3.0,10.0,0.3067824328318238,-1.5265448651824662,1.5485238759493478,1.3076034198972744,0.4384098291529337,8.626216033899665,3.7867808,9466952,ok,right
45,174,1,6,0.07680000000000001,3.0,3.0,10.0,0.47944120615720753,-0.4224291544325335,6.076923168013574,1.4799971602308486,0.20940319472959762,3.3054481052067413,3.7922116,9480529,ok,right
45,202,1,6,0.07680000000000001,3.0,3.0,10.0,0.5375279389321804,-0.23268102767064927,1.658627476423396,1.5376054403465866,0.18160473097855084,2.758369815244518,3.7987439999999997,9496860,ok,right
45,595,1,6,0.07680000000000001,3.0,3.0,10.0,0.6421666830778122,0.5243807475674302,3.160523643010061,1.643315372303519,-0.23690499371702956,-22.056592544071922,3.8005272,9501318,ok,right
45,121,1,6,0.07680000000000001,3.0,3.0,10.0,0.29644111823290586,-1.3330013025795702,4.288756434457302,1.2966921593273102,0.09745322967008803,0.5842166602863308,3.8077012,9519253,ok,right
45,415,1,6,0.07680000000000001,3.0,3.0,10.0,0.03640460390597582,-0.27692963144515614,4.543477366343684,1.0367532939005282,0.07263999918698998,8.579442916813996,3.8066644,9516661,ok,right
45,848,1,6,0.07680000000000001,3.0,3.0,10.0,-0.004273178614675999,0.7356840814894042,4.658241000195399,0.9957382944135587,0.13210600917249715,13.38638951898031,3.8091359999999996,9522840,ok,right
45,585,1,6,0.07680000000000001,3.0,3.0,10.0,0.4514149295166135,-0.6936965149578626,0.8335260747695664,1.451799130244579,0.004402665161393057,3.3996042511800284,3.8264536,9566134,ok,right
45,673,1,6,0.07680000000000001,3.0,3.0,10.0,0.18027739990502598,0.6319218636110097,1.2346301021337285,1.1804221866991644,0.44561267797603366,-5.381653482874401,3.8401796,9600449,ok,right
45,364,1,6,0.07680000000000001,3.0,3.0,10.0,0.5650130296126008,0.21522900492661282,2.9451293913406213,1.5652335806627713,-0.3831199121803871,0.5838138847694275,3.8676068,9669017,ok,right
45,808,1,6,0.07680000000000001,3.0,3.0,10.0,0.27600473146885635,-0.3694826820372538,2.040888535222283,1.2761742106684721,-0.08210455120114914,18.87575483332722,3.8640632,9660158,ok,right
45,436,1,6,0.07680000000000001,3.0,3.0,10.0,0.13235175479203462,1.1082296388509758,2.080725801644333,1.1325366146524132,-0.20130334370030012,2.2639349592223104,3.8906832,9726708,ok,right
45,572,1,6,0.07680000000000001,3.0,3.0,10.0,0.6511286541819573,0.19103510791416872,4.932919034186617,1.6511430050239717,0.1382180452263591,6.811017280805495,3.892798,9731995,ok,right
45,625,1,6,0.07680000000000001,3.0,3.0,10.0,0.24888769201934338,-1.9209106801117852,3.705235578071436,1.2491936649448505,0.17506381203097393,-6.068285652909824,3.8981424,9745356,ok,right
45,197,1,6,0.07680000000000001,3.0,3.0,10.0,0.1689170403406024,1.1791862122222687,0.45813436724958984,1.1692978024925715,0.03132921623609067,-9.93164627233407,3.9422712,9855678,ok,right
45,709,1,6,0.07680000000000001,3.0,3.0,10.0,-0.09751023016870022,0.21563791485751746,2.0232175629953604,0.9026939975884928,-0.07065427798323218,-9.964114554336245,3.9439955999999996,9859989,ok,right
45,0,1,6,0.07680000000000001,3.0,3.0,10.0,0.2108776967972517,-2.165840128738823,2.275508118355376,1.2110287382693041,-0.2327105387224796,2.996510865411728,3.9491612,9872903,ok,right
45,926,1,6,0.07680000000000001,3.0,3.0,10.0,0.31947891097515824,0.9066934652909492,6.262370039774434,1.3196780072095993,-0.3585598203426635,-2.851699313792362,3.9490847999999996,9872712,ok,right
45,583,1,6,0.07680000000000001,3.0,3.0,10.0,0.04099330194294453,0.8152276255882259,4.347674115678072,1.0418780773198986,-0.03940834463311499,0.24630034473428553,3.9533199999999997,9883300,ok,right
45,976,1,6,0.07680000000000001,3.0,3.0,10.0,0.05538802277296782,1.064635575341418,4.623742132504798,1.0557264120427872,-0.025702567875928083,-6.029394933675241,3.9827904,9956976,ok,right
45,827,1,6,0.07680000000000001,3.0,3.0,10.0,0.229890463873744,0.7075950015675179,2.9204551025745964,1.2305698415670674,0.17591672693045354,2.548186412912843,3.997242,9993105,ok,right
45,60,1,6,0.07680000000000001,3.0,3.0,10.0,0.16858689505606891,-0.24726409844507988,3.5188771927766633,1.1687390100542214,-0.08488608551565492,-18.028935717955918,4.0081976,10020494,ok,right
45,449,1,6,0.07680000000000001,3.0,3.0,10.0,0.6135704107582569,-0.6641635775268313,5.011764813698385,1.6147200425359125,0.3621972834501027,9.332170510822449,4.0367156,10091789,ok,right
45,754,1,6,0.07680000000000001,3.0,3.0,10.0,-0.081869244761765,-0.2807627277768502,4.757916341284871,0.9181681427693587,0.002139270935318613,21.013382787343854,4.0423656,10105914,ok,right
45,968,1,6,0.07680000000000001,3.0,3.0,10.0,0.5568047199398279,-0.1509266121326718,1.1357688398453343,1.5570517097022891,0.005604395913136266,-5.685746402342845,4.0477452,10119363,ok,right
45,339,1,6,0.07680000000000001,3.0,3.0,10.0,0.3881567990407348,0.30566788657576316,4.185586568286833,1.3886686271346778,0.42383362661015234,-19.334658707067057,4.0575972,10143993,ok,right
45,375,1,6,0.07680000000000001,3.0,3.0,10.0,0.06924596596509218,-1.5440395568842313,3.043101171641377,1.0693133205337653,-0.1105784822798027,2.7809469052238724,4.0571532,10142883,ok,right
45,209,1,6,0.07680000000000001,3.0,3.0,10.0,-0.02282816916704178,0.4944074746296685,1.5655027811317577,0.977608115174801,-0.20356166151190896,13.367223942020438,4.089027199999999,10222568,ok,right
45,255,1,6,0.07680000000000001,3.0,3.0,10.0,0.17709893118590117,0.47884540710045886,5.4393424810302005,1.177397433995256,-0.05504334430836708,-3.6802105555915126,4.098841999999999,10247105,ok,right
45,409,1,6,0.07680000000000001,3.0,3.0,10.0,0.1600050712004304,1.487314047641857,4.488841385941511,1.1600369630643923,-0.10393276668725385,8.913126431579622,4.1027552,10256888,ok,right
45,139,1,6,0.07680000000000001,3.0,3.0,10.0,0.6388460462912917,-0.03812104092444313,5.902614565372043,1.638953638512099,0.10896987572359731,8.83797639827877,4.1055459999999995,10263865,ok,right
45,54,1,6,0.07680000000000001,3.0,3.0,10.0,0.42213604822754863,-1.2939921520024855,2.716444385555067,1.422869893337822,0.16875127390782527,-3.5432492063053074,4.1122179999999995,10280545,ok,right
45,611,1,6,0.07680000000000001,3.0,3.0,10.0,0.5526109088212252,0.0529271123330578,2.8068872038329062,1.5535488367194128,0.11485186995412934,-3.3166388592237395,4.1374927999999995,10343732,ok,right
45,494,1,6,0.07680000000000001,3.0,3.0,10.0,-0.04728502035140991,-0.39257347875439735,3.455923411276116,0.9527796234782346,0.06226977494009622,21.87174287217043,4.174629599999999,10436574,ok,right
45,579,1,6,0.07680000000000001,3.0,3.0,10.0,0.40716881882399325,-1.1142754278375824,3.5847951754623737,1.407408126316616,-0.017248378126571703,7.374644244450755,4.1851876,10462969,ok,right
45,332,1,6,0.07680000000000001,3.0,3.0,10.0,0.16854908391833306,-1.4379100199015113,4.255138258079602,1.1686744379324832,0.0778801553458413,0.016507163848457816,4.2179408,10544852,ok,right
45,649,1,6,0.07680000000000001,3.0,3.0,10.0,0.5160222524777055,0.20517317762013967,3.987432582355091,1.5160899634765361,-0.05997095493629848,0.48261790260012083,4.235778,10589445,ok,right
45,233,1,6,0.07680000000000001,3.0,3.0,10.0,0.053862441889941694,0.34419141709166995,0.6196376690475116,1.0539407738001214,0.19849479557988092,-9.800561953027698,4.2581624,10645406,ok,right
45,502,1,6,0.07680000000000001,3.0,3.0,10.0,0.27587877176702025,1.4773882169533694,0.3619914218014318,1.275943167006352,0.011321981397669592,-18.681424752154363,4.2657824,10664456,ok,right
45,984,1,6,0.07680000000000001,3.0,3.0,10.0,0.0687952419742942,-0.611418591010394,0.5586804781415482,1.0688182585908925,-0.09100360803207873,0.5486582343027173,4.2723796,10680949,ok,right
45,114,1,6,0.07680000000000001,3.0,3.0,10.0,0.03149503879249096,-0.6373368525260203,5.812917731447447,1.0319459033896328,-0.11992440274512256,6.641534828299377,4.3150775999999995,10787694,ok,right
45,113,1,6,0.07680000000000001,3.0,3.0,10.0,0.26500244680792095,1.221239818121641,4.655280672817309,1.265853558608302,0.1186168845882072,6.406505057445658,4.318484,10796210,ok,right
45,672,1,6,0.07680000000000001,3.0,3.0,10.0,0.55257219504565,-0.7025354325629901,2.850507408172361,1.5533022999946604,-0.38686660403009615,6.974673839145109,4.322407999999999,10806020,ok,right
45,148,1,6,0.07680000000000001,3.0,3.0,10.0,0.27415734622627497,1.6247003618682718,0.7422487173183927,1.2751594027328021,0.10703992199816585,-6.226866439437953,4.3298412,10824603,ok,right
45,686,1,6,0.07680000000000001,3.0,3.0,10.0,0.32150609847158196,1.712728003564721,4.347877372053087,1.3215910346719983,-0.16236033104228925,0.619886305479376,4.3281928,10820482,ok,right
45,764,1,6,0.07680000000000001,3.0,3.0,10.0,0.4663389740511775,0.8902479917485969,3.672577687453492,1.4677076297816656,-0.20361722085358439,-3.3838482361650852,4.347402,10868505,ok,right
45,718,1,6,0.07680000000000001,3.0,3.0,10.0,0.15575657170265914,1.8964115599789633,5.123449026937013,1.1567445560790601,-0.155242722729047,19.311280132577497,4.349582,10873955,ok,right
45,187,1,6,0.07680000000000001,3.0,3.0,10.0,0.06919018886983395,0.9940274980570548,1.7590014296528682,1.0700080665928593,0.09134401195577684,3.5430197971673847,4.352544,10881360,ok,right
45,533,1,6,0.07680000000000001,3.0,3.0,10.0,0.30957755614072086,0.5537232766757932,4.239028579321104,1.3096052825362563,-0.30709864312449553,-5.808694939090365,4.3646804,10911701,ok,right
45,588,1,6,0.07680000000000001,3.0,3.0,10.0,0.6571862539276481,-0.3560649186809068,4.256764731863049,1.657417146147084,0.04991813718509949,-5.315746504118407,4.3812624,10953156,ok,right
45,493,1,6,0.07680000000000001,3.0,3.0,10.0,0.4563135812059045,-0.5653417307520421,3.5145813367627317,1.4569666065150362,-0.28470322818086446,2.60976451759467,4.4214576,11053644,ok,right
45,254,1,6,0.07680000000000001,3.0,3.0,10.0,0.38639241829514503,-1.3979228787414268,2.6533440182000594,1.38643059384374,0.0243135505348397,15.506147377258676,4.4517619999999996,11129405,ok,right
45,800,1,6,0.07680000000000001,3.0,3.0,10.0,0.10961647834628821,1.242178921781166,0.3347960760689796,1.110290195834124,0.034035163053746674,-0.2186803553529732,4.4666771999999995,11166693,ok,right
45,62,1,6,0.07680000000000001,3.0,3.0,10.0,0.051403315365314485,-1.44948612059914,5.986079186877119,1.0515578530829575,0.01904149180074074,9.587461230224077,4.4840764,11210191,ok,right
45,213,1,6,0.07680000000000001,3.0,3.0,10.0,0.49052821546792985,-0.6542739648673308,6.0004413587878,1.4910045292366674,-0.08763408044945901,-10.233616994760634,4.4952048,11238012,ok,right
45,793,1,6,0.07680000000000001,3.0,3.0,10.0,0.2540102830156684,1.746268700416461,0.7034743837660494,1.2548141320288226,-0.17466536975887298,-5.888493683374237,4.5092588,11273147,ok,right
45,989,1,6,0.07680000000000001,3.0,3.0,10.0,0.6439221285283566,0.4426724245959032,5.394948681221674,1.644163394625316,-0.37592837369034277,-9.08453399834698,4.5165755999999995,11291439,ok,right
45,369,1,6,0.07680000000000001,3.0,3.0,10.0,0.05636635590344668,-0.8334126469724116,2.1405093738357945,1.0571013393311548,0.20662158099931005,-4.483633387293422,4.5401732,11350433,ok,right
45,263,1,6,0.07680000000000001,3.0,3.0,10.0,0.4072357738390565,-0.15484394896461498,0.26104082868973677,1.4075943919599339,0.02268153251013971,-2.7616410677886574,4.5523375999999995,11380844,ok,right
45,70,1,6,0.07680000000000001,3.0,3.0,10.0,0.3269926156848669,-1.3451490382432194,3.820083911954104,1.3276371175171766,0.320869119327783,-3.49647294351698,4.5576592,11394148,ok,right
45,617,1,6,0.07680000000000001,3.0,3.0,10.0,0.14492091089487077,0.8373758545184308,2.737036698393267,1.1449916612299968,-0.12115071149978725,-12.419880223468178,4.5658952,11414738,ok,right
45,226,1,6,0.07680000000000001,3.0,3.0,10.0,0.2928125135600567,1.7152094601273082,3.7355036281600724,1.2931094367087776,0.14327546131394678,-0.08286121099224306,4.570562799999999,11426407,ok,right
45,824,1,6,0.07680000000000001,3.0,3.0,10.0,0.24946042262017729,1.820087853347385,0.4559326784661289,1.249727434910935,-0.005469370806354927,2.778324542621325,4.5832831999999994,11458208,ok,right
45,410,1,6,0.07680000000000001,3.0,3.0,10.0,0.3444286197423935,1.5538780899635933,4.402124236727029,1.3446620753086864,-0.020963138550751145,-16.109432407352163,4.6367196,11591799,ok,right
45,496,1,6,0.07680000000000001,3.0,3.0,10.0,0.3724423160776496,-0.29253053486466496,0.9170055565964919,1.3736246111129577,-0.2153389552683107,6.369227445235196,4.6742796,11685699,ok,right
45,909,1,6,0.07680000000000001,3.0,3.0,10.0,0.27102254424244165,-1.8127541563843064,3.7052242214383866,1.2714651820542118,-0.5252496311503219,12.862462276226315,4.6799716,11699929,ok,right
45,397,1,6,0.07680000000000001,3.0,3.0,10.0,0.5973981140181422,-0.4951290557040599,0.48062399267275996,1.5974082242384728,-0.47520751022560737,-6.217255117546131,4.680320399999999,11700801,ok,right
45,108,1,6,0.07680000000000001,3.0,3.0,10.0,-0.07546260599046946,0.35868087321285713,3.4682033036286373,0.92493198666916,0.02209437262909053,-6.248496269161717,4.6854224,11713556,ok,right
45,713,1,6,0.07680000000000001,3.0,3.0,10.0,0.29827331844717264,-0.48275835127384803,0.7970702059734435,1.298722805018258,-0.011267542281151855,6.7366505838828,4.7206588,11801647,ok,right
45,832,1,6,0.07680000000000001,3.0,3.0,10.0,0.450674569234252,0.5549801987652039,4.080069129679122,1.451678817338897,-0.10952022814479927,-16.200299288729177,4.7435132,11858783,ok,right
45,74,1,6,0.07680000000000001,3.0,3.0,10.0,-0.08979888521134854,-0.17831261466928863,1.2526775958271388,0.9104170853491622,-0.02718522131751821,8.557460604130515,4.7644344,11911086,ok,right
45,940,1,6,0.07680000000000001,3.0,3.0,10.0,0.34513840284198527,-0.11834205828927052,1.782000018904996,1.3451511584560696,0.18264234773601226,15.030057281334669,4.8476684,12119171,ok,right
45,910,1,6,0.07680000000000001,3.0,3.0,10.0,0.4079554433003068,0.032998773175636965,3.5328849991151663,1.4084734537268901,-0.08809018742244665,2.2468469088501295,4.8796124,12199031,ok,right
45,879,1,6,0.07680000000000001,3.0,3.0,10.0,0.14500791523605586,-1.487814348968368,0.5909157931689515,1.1450758569011334,0.3126787175765149,-11.506632681420555,4.907862,12269655,ok,right
45,541,1,6,0.07680000000000001,3.0,3.0,10.0,0.4340970734134317,-0.8377947026698391,1.4851588462329475,1.434211961547952,-0.46854932129014704,2.4295623089260876,4.9376164,12344041,ok,right
45,441,1,6,0.07680000000000001,3.0,3.0,10.0,0.6954057563096285,0.12154791782768376,3.4881128140825197,1.6954791526618747,-0.0009001389513520349,8.532720021128139,4.945215999999999,12363040,ok,right
45,325,1,6,0.07680000000000001,3.0,3.0,10.0,-0.07962415665388108,-0.15969961626704604,3.764076353688779,0.9208049243848642,-0.07152331057000418,9.532591646165704,4.9494548,12373637,ok,right
45,756,1,6,0.07680000000000001,3.0,3.0,10.0,0.5791675213724375,-0.7843122314176314,3.5616542720765767,1.5798299948174972,0.07687376801059427,2.8497318978006305,4.954206,12385515,ok,right
45,14,1,6,0.07680000000000001,3.0,3.0,10.0,0.30008089002221827,0.10781703230350154,0.38839652698290733,1.3001654670447158,-0.06258861003392441,6.684560788088163,4.9667148,12416787,ok,right
45,84,1,6,0.07680000000000001,3.0,3.0,10.0,0.6779200369492173,0.0014870264364381018,1.4641023158410806,1.677933895530741,-0.21391052302930824,-3.7722388221936796,4.96484,12412100,ok,right
45,433,1,6,0.07680000000000001,3.0,3.0,10.0,0.14199752993881704,-0.6390137971280538,3.0991303064854536,1.142337070265469,-0.1776152329313311,2.6698448115079736,4.9744812,12436203,ok,right
45,751,1,6,0.07680000000000001,3.0,3.0,10.0,0.21951590552926065,1.1355652838308343,3.8924043234295294,1.2203086764862872,-0.0646773536919956,-4.001658563300805,4.9734964,12433741,ok,right
45,203,1,6,0.07680000000000001,3.0,3.0,10.0,0.4124675763770938,0.015949151722006304,4.956717277867562,1.4127863075781177,-0.3145030922821112,2.3142328932115017,4.9889556,12472389,ok,right
45,804,1,6,0.07680000000000001,3.0,3.0,10.0,0.5929296370595694,-0.7051460042046065,3.708056953101602,1.5929314043407774,-0.4193428073655891,-5.867482467826555,5.0070496,12517624,ok,right
45,308,1,6,0.07680000000000001,3.0,3.0,10.0,0.3207700602710247,0.17137408357812867,5.320629372129854,1.3209135739659779,-0.07843504787397476,-16.217879394843248,5.013546799999999,12533867,ok,right
45,123,1,6,0.07680000000000001,3.0,3.0,10.0,-0.049226275831460956,-0.4936957605970263,3.6932955581616804,0.9510672292528546,-0.08160459326492941,-28.565736679986667,5.0398752,12599688,ok,right
45,373,1,6,0.07680000000000001,3.0,3.0,10.0,0.25497955046594145,-0.9024676096782117,6.0084813532058385,1.2558023228594897,-0.07948620396217607,-9.862744763290575,5.045058,12612645,ok,right
45,154,1,6,0.07680000000000001,3.0,3.0,10.0,0.44284823425114156,0.7161870366145696,0.1818664602223488,1.4428836641111336,-0.014767665947953137,-18.684143035386533,5.0911912,12727978,ok,right
45,810,1,6,0.07680000000000001,3.0,3.0,10.0,0.5163569048047066,-0.6798749284551826,3.620369112391066,1.5165238129355232,-0.3638130602553793,-3.8699186803416783,5.0892244,12723061,ok,right
45,714,1,6,0.07680000000000001,3.0,3.0,10.0,0.66308653652668,0.07840679885148463,3.462630115322974,1.6632466972959534,0.17632763134767598,0.47405149435778643,5.0932916,12733229,ok,right
45,355,1,6,0.07680000000000001,3.0,3.0,10.0,0.1709550403058529,0.46717980205939436,1.9048290375809338,1.171205689845601,0.11145761779400035,8.51750140005845,5.120422,12801055,ok,right
45,511,1,6,0.07680000000000001,3.0,3.0,10.0,0.18104451056569815,1.6819428798569258,5.772699980513833,1.18120037601862,-0.0509891948498598,15.195677866365397,5.1304232,12826058,ok,right
45,512,1,6,0.07680000000000001,3.0,3.0,10.0,0.2314428757876158,-1.5025108451886149,5.793885101404868,1.231456274739108,0.03791697505320662,-3.9256053800402446,5.129203599999999,12823009,ok,right
45,742,1,6,0.07680000000000001,3.0,3.0,10.0,0.30346975289285183,-0.15541321592707877,2.273489227037592,1.3035907078413038,-0.1346404265310143,-12.241233350433975,5.1427264,12856816,ok,right
45,205,1,6,0.07680000000000001,3.0,3.0,10.0,0.17664614990353586,0.10323615193598855,4.55447468184316,1.1778297470170733,0.06848175004486504,-12.28975701767871,5.1475404,12868851,ok,right
45,497,1,6,0.07680000000000001,3.0,3.0,10.0,0.5785959396511317,0.3562672183906801,5.616774229443287,1.5786352927637888,0.46734346481070954,7.060533578785546,5.1591568,12897892,ok,right
45,658,1,6,0.07680000000000001,3.0,3.0,10.0,-0.0960695767775178,-0.11153303723008218,2.2895175587733734,0.9040836058803471,0.06303822103529802,-6.283606620224594,5.1691956,12922989,ok,right
45,304,1,6,0.07680000000000001,3.0,3.0,10.0,0.4082861658185721,0.17674927427633869,1.615193181176372,1.4087785738432421,0.0006536065582650983,-3.570671336829277,5.2014043999999995,13003511,ok,right
45,463,1,6,0.07680000000000001,3.0,3.0,10.0,0.6837421653792263,0.09202938621434527,1.7315714494155185,1.6837534272683237,0.16317381154942576,21.550601927834308,5.2156344,13039086,ok,right
45,38,1,6,0.07680000000000001,3.0,3.0,10.0,-0.061136136017739776,-0.18519876819068215,5.873255590132881,0.9393263026227852,-0.06442300934038918,27.376638243155316,5.2345868,13086467,ok,right
45,458,1,6,0.07680000000000001,3.0,3.0,10.0,0.26083323489874605,-0.2484562398375173,3.2219748335559495,1.2611023656339184,-0.2611718467893167,-10.066343295824977,5.2359528,13089882,ok,right
45,292,1,6,0.07680000000000001,3.0,3.0,10.0,0.13960472196340562,1.7049073060868694,0.2667871709050982,1.1409897903345774,-0.03422832178552028,-3.139545988808446,5.2477567999999994,13119392,ok,right
45,354,1,6,0.07680000000000001,3.0,3.0,10.0,0.34408778287470343,1.065348484294731,3.923773794299619,1.3452690307455326,0.22810333316090156,-9.721099360444727,5.2752311999999995,13188078,ok,right
45,277,1,6,0.07680000000000001,3.0,3.0,10.0,0.10893174726516008,-1.2436864469299347,4.529540729506819,1.1095477205788848,0.18642994026245557,0.762250984620463,5.3336396,13334099,ok,right
45,241,1,6,0.07680000000000001,3.0,3.0,10.0,0.5744849668815732,0.43036847935016526,0.7240086129048299,1.5746426670336722,0.1399592253727713,-5.975605336529659,5.364583199999999,13411458,ok,right
45,112,1,6,0.07680000000000001,3.0,3.0,10.0,0.6191490542143584,0.4005642679779262,1.5158362368922618,1.619949453098341,-0.38600634998304256,9.528530183456299,5.375157199999999,13437893,ok,right
45,387,1,6,0.07680000000000001,3.0,3.0,10.0,0.6665581027045846,-0.16694816023505768,3.3303236974410324,1.6670597075809952,-0.25629425633247943,2.5652951482216526,5.3750924,13437731,ok,right
45,564,1,6,0.07680000000000001,3.0,3.0,10.0,0.2768208304420114,-1.1260427406111664,3.8131006066714086,1.2774554393642181,0.07334509991531214,1.8274489131001657,5.3805188,13451297,ok,right
45,101,1,6,0.07680000000000001,3.0,3.0,10.0,0.21256425734609366,-1.7341580053781194,2.1078082613031985,1.2126687264375084,0.09458642608157476,-5.9922562065247735,5.3928344,13482086,ok,right
45,345,1,6,0.07680000000000001,3.0,3.0,10.0,-0.08224989958107472,0.1751773586736469,0.4153093949375976,0.9178591671588402,-0.0037871627900288615,13.251241137998976,5.4094796,13523699,ok,right
45,721,1,6,0.07680000000000001,3.0,3.0,10.0,0.4256606288254261,-0.9309408156710584,3.0207634102810976,1.4260475562919483,-0.14197494123526494,0.3558040288372429,5.4129704,13532426,ok,right
45,159,1,6,0.07680000000000001,3.0,3.0,10.0,0.3410882553085685,0.5148577293112728,2.925250537798008,1.3411937652234505,0.2141795943389691,3.1864236576678224,5.461199199999999,13652998,ok,right
45,733,1,6,0.07680000000000001,3.0,3.0,10.0,0.04482538737356663,1.1978924726967766,0.9388841445446413,1.0451377672056348,0.17645724549607575,-2.3299634231074036,5.46625,13665625,ok,right
45,569,1,6,0.07680000000000001,3.0,3.0,10.0,-0.039216525666415696,-0.47971452478941373,4.426376883244247,0.9614805424204448,-0.014125632879410224,25.95128180472466,5.503845999999999,13759615,ok,right
45,996,1,6,0.07680000000000001,3.0,3.0,10.0,0.46068002842366695,-0.24457124378310258,4.173197211626113,1.4616064292912794,-0.07207044659932117,0.7690014118796198,5.530469999999999,13826175,ok,right
45,596,1,6,0.07680000000000001,3.0,3.0,10.0,0.5579024583101273,-0.3461706019035809,5.666266326553503,1.5581901166686443,0.07935285769038411,40.411652270936564,5.541081999999999,13852705,ok,right
45,849,1,6,0.07680000000000001,3.0,3.0,10.0,0.11689975950866938,-0.9167431269009577,0.8911396201135567,1.1171799232605362,0.11813662800202593,2.7324795792294316,5.5469716,13867429,ok,right
45,915,1,6,0.07680000000000001,3.0,3.0,10.0,0.3899713031947613,0.8230456889037976,1.6805019096842004,1.390012707888074,-0.4273434697755692,3.284471804266138,5.7176404,14294101,ok,right
45,652,1,6,0.07680000000000001,3.0,3.0,10.0,0.18763856142759325,0.9485497310340305,3.564857900286265,1.1885204255694046,0.18739171682968858,2.4051664488503994,5.8439944,14609986,ok,right
45,641,1,6,0.07680000000000001,3.0,3.0,10.0,0.211095535941422,-1.1282649873348507,1.6518770545326573,1.2121201412190306,0.16699194593622335,0.7117761357738273,5.9028696,14757174,ok,right
45,758,1,6,0.07680000000000001,3.0,3.0,10.0,-0.05137890744954348,0.07205809906487211,4.494125078851386,0.9488890310709575,0.05007573366561467,6.639026158999013,6.000598,15001495,ok,right
45,660,1,6,0.07680000000000001,3.0,3.0,10.0,0.2775399424135685,-0.8947523755715775,0.292899114618079,1.2780435158441672,0.4559972342765179,-9.170742715017125,6.030666,15076665,ok,right
45,753,1,6,0.07680000000000001,3.0,3.0,10.0,0.2579084882512689,-1.5012643746583918,0.9049396013838827,1.2594560432583133,0.1116195331429468,14.853632265359376,6.028601999999999,15071505,ok,right
45,528,1,6,0.07680000000000001,3.0,3.0,10.0,0.13308106902986766,0.9138234960180964,2.359806718736163,1.1331932183335875,-0.0927552379185907,2.2000612941018196,6.0485695999999995,15121424,ok,right
45,526,1,6,0.07680000000000001,3.0,3.0,10.0,0.2236337624490261,0.5889391085011284,5.465308268986636,1.2238895454572953,-0.033880311658525473,-12.51941634088643,6.0827767999999995,15206942,ok,right
45,438,1,6,0.07680000000000001,3.0,3.0,10.0,0.4762083400040865,-0.20141022761289648,1.561389324669785,1.476580876030456,-0.21273150176987735,0.7864798795384014,6.1361832,15340458,ok,right
45,523,1,6,0.07680000000000001,3.0,3.0,10.0,0.1209084302186966,-1.3178241968815423,1.9895955230510125,1.1211444694446888,-0.059956851853016226,6.52467555233646,6.214732,15536830,ok,right
45,268,1,6,0.07680000000000001,3.0,3.0,10.0,0.42155359331518416,-1.2593441948734274,1.7091130294978971,1.4217582191392688,0.004147733635494935,12.942006322221175,6.232903599999999,15582259,ok,right
45,414,1,6,0.07680000000000001,3.0,3.0,10.0,0.49735749363899234,1.0771737785568964,3.1134403999754294,1.4982262989975736,-0.08398170731935369,3.3485836435828724,6.2858564,15714641,ok,right
45,917,1,6,0.07680000000000001,3.0,3.0,10.0,0.631697377562523,0.32871674952641583,5.766883839551074,1.6319108757615128,0.01476419645321735,-17.74228079065528,6.3009932,15752483,ok,right
45,177,1,6,0.07680000000000001,3.0,3.0,10.0,0.6682803720235825,-0.3505108949540393,4.109923557235862,1.6686838915938387,-0.2679992800508696,1.1854511875582705,6.4884227999999995,16221057,ok,right
45,385,1,6,0.07680000000000001,3.0,3.0,10.0,0.2167904268950224,-1.8612163110961832,3.5145359468034862,1.2175796658881182,-0.1108906461327793,15.564833515596934,6.5006084,16251521,ok,right
45,838,1,6,0.07680000000000001,3.0,3.0,10.0,0.307288420572877,-1.4723722496641949,5.937278738416847,1.3073411884636619,0.25516839875648145,-9.552048203109724,6.5732684,16433171,ok,right
45,632,1,6,0.07680000000000001,3.0,3.0,10.0,0.40763414930552244,0.4191073046478014,0.718816150492214,1.409499509635548,0.22299615354057542,16.019272276628193,6.7226772,16806693,ok,right
45,30,1,6,0.07680000000000001,3.0,3.0,10.0,0.08539257291704416,1.2274864900778213,1.090957476403607,1.0869068407382771,-0.41616172145570746,15.39001836241725,6.771426399999999,16928566,ok,right
45,650,1,6,0.07680000000000001,3.0,3.0,10.0,0.5191406788304448,-0.5615300718422322,1.7707917564701625,1.5192455548502946,0.5007076208040514,-10.3854700507873,6.7979712,16994928,ok,right
45,845,1,6,0.07680000000000001,3.0,3.0,10.0,0.17505345176905396,1.3563847810450849,0.5534469720993005,1.1752516098406878,-0.041570982809788645,0.9295018896028152,6.9158056,17289514,ok,right
45,871,1,6,0.07680000000000001,3.0,3.0,10.0,0.4773732176050544,-0.5997716731209075,3.472901318748396,1.4777929657131053,0.02980772705077823,-9.4774118770967,6.9209128,17302282,ok,right
45,188,1,6,0.07680000000000001,3.0,3.0,10.0,0.5075481014326215,-0.972703003527199,5.874520841647113,1.5077170458333904,-0.5818767288360024,0.24132281140309236,6.9514423999999995,17378606,ok,right
45,986,1,6,0.07680000000000001,3.0,3.0,10.0,0.1711397768929601,0.40693404389234533,3.691709314625413,1.1714819410553137,0.09485580700787699,21.536016039816392,6.9528548,17382137,ok,right
45,825,1,6,0.07680000000000001,3.0,3.0,10.0,-0.03637847993522882,-0.44702885325485875,2.805478440055097,0.9641495857208324,-0.1605649664817277,-3.4061770429275047,6.9999832,17499958,ok,right
45,191,1,6,0.07680000000000001,3.0,3.0,10.0,0.4435259757563472,-1.0276713103028776,3.6624902879813854,1.4440405735252775,0.3492809983295027,-5.9606127692564534,7.0948132,17737033,ok,right
45,698,1,6,0.07680000000000001,3.0,3.0,10.0,0.1945698579773307,-2.0354597316988934,3.058725904759942,1.1948622553983255,-0.023609194133639353,0.3434745039691259,7.1245036,17811259,ok,right
45,239,1,6,0.07680000000000001,3.0,3.0,10.0,0.030655748769640924,0.19773266403327056,4.30335767351466,1.031155803746018,0.2539003280800703,8.852300561399682,7.1883104,17970776,ok,right
45,480,1,6,0.07680000000000001,3.0,3.0,10.0,-0.014467334188520909,0.3250060583432472,0.5913138663445828,0.9856382419248457,-0.05438209051313202,13.135223031232384,7.226884,18067210,ok,right
45,196,1,6,0.07680000000000001,3.0,3.0,10.0,0.5017386484891176,0.6804341047399892,5.318789187958797,1.501911876237656,-0.08279210160126718,7.024806721744833,7.3634216,18408554,ok,right
45,379,1,6,0.07680000000000001,3.0,3.0,10.0,0.21142847910523416,0.8328588694792644,4.078355490847757,1.2123556312192625,-0.10000885927240842,-25.13721502871045,7.3663368,18415842,ok,right
45,545,1,6,0.07680000000000001,3.0,3.0,10.0,0.6744336411356926,-0.10298247415844351,1.5830862050262267,1.6752330003944123,0.22319469352221993,13.410072881581835,7.416962799999999,18542407,ok,right
45,786,1,6,0.07680000000000001,3.0,3.0,10.0,0.383528095856309,0.025828855992227263,2.0978987087819885,1.3835976182027057,-0.08235701539587408,13.025053705003902,7.438761599999999,18596904,ok,right
45,218,1,6,0.07680000000000001,3.0,3.0,10.0,-0.08186817597597838,0.16813914947453998,3.4366981544212853,0.9187846783473811,0.1012784840264493,-23.508304045355974,7.515446,18788615,ok,right
45,64,1,6,0.07680000000000001,3.0,3.0,10.0,0.19668574053794147,2.135944767910522,2.8783687605266626,1.1970494272079277,0.15973884592283835,-4.685433569737254,7.535667999999999,18839170,ok,right
45,190,1,6,0.07680000000000001,3.0,3.0,10.0,0.10659054573625326,1.3281250459610465,1.5431201081864447,1.1080134016104701,0.07191469366309194,-12.447082025815243,7.5539532,18884883,ok,right
45,206,1,6,0.07680000000000001,3.0,3.0,10.0,0.09020754359662533,0.04157146648556482,1.697189809739364,1.09080057556127,0.14311621520484094,-9.68004801427594,8.1529344,20382336,ok,right
45,930,1,6,0.07680000000000001,3.0,3.0,10.0,0.6787110555917025,0.3206583825421479,0.8398136410833696,1.6789919273658311,-0.18918357314901196,-23.03746099539904,8.403732399999999,21009331,ok,right
45,388,1,6,0.07680000000000001,3.0,3.0,10.0,0.028416941314935686,-0.44096650900681933,1.1021746099736733,1.0284399114680305,0.01926565908189849,13.440302060852622,8.9127488,22281872,ok,right
45,128,1,6,0.07680000000000001,3.0,3.0,10.0,0.34191506486386064,-0.19838054041906264,0.4522582100726285,1.3428915994703445,-0.40716457834146735,8.892986162832388,9.082664,22706660,ok,right
45,513,1,6,0.07680000000000001,3.0,3.0,10.0,0.423908156901598,0.3393386044359482,1.9251614191348092,1.4242536418138634,-0.533684129327885,9.119026447899875,9.1376336,22844084,ok,right
45,249,1,6,0.07680000000000001,3.0,3.0,10.0,0.3015999596565962,-0.12017067783891625,0.6748938638098166,1.3020045422681072,0.17838672140689832,0.5975352791098765,9.283777599999999,23209444,ok,right
45,317,1,6,0.07680000000000001,3.0,3.0,10.0,0.18093787990510465,1.7576339792133495,2.8106651385704806,1.1816599671717294,-0.4593165069394899,9.077915617396252,9.3404472,23351118,ok,right
45,951,1,6,0.07680000000000001,3.0,3.0,10.0,0.12305101491510868,0.6720345116142927,1.0801403046364124,1.1233764891456062,0.006450334499375598,-5.664519655404953,9.5124152,23781038,ok,right
45,532,1,6,0.07680000000000001,3.0,3.0,10.0,0.5265348749235272,0.9551821772302219,1.1561454849115342,1.5271642241717194,0.16412106318219918,14.822251996809467,9.7385248,24346312,ok,right
45,757,1,6,0.07680000000000001,3.0,3.0,10.0,0.6721503099426628,0.24133976254030837,2.018050486600174,1.67240920726464,0.26538468596372006,-3.5962500758446003,10.1869432,25467358,ok,right
45,934,1,6,0.07680000000000001,3.0,3.0,10.0,0.21962375547736884,-1.7111931785437713,1.470928843119057,1.2197977441009868,-0.08896607924155928,9.959818931993714,11.1396456,27849114,ok,right
45,265,1,6,0.07680000000000001,3.0,3.0,10.0,0.07499946653842926,0.07282574781371444,3.0513166152875812,1.0761169780881232,-0.14188960083027222,21.74832586428835,11.1766936,27941734,ok,right
45,935,1,6,0.07680000000000001,3.0,3.0,10.0,0.20532006826251747,0.5205210771847854,1.490091172552708,1.2056981927194932,0.16877859563879033,6.743575345337155,11.756009599999999,29390024,ok,right
45,85,1,6,0.07680000000000001,3.0,3.0,10.0,0.008897889405488968,0.5979968338512447,3.2860696326416017,1.0093479497775517,0.06173932326015721,-3.289336910849373,12.7650048,31912512,ok,right
45,772,1,6,0.07680000000000001,3.0,3.0,10.0,-0.004906205460429192,-0.6319421269130011,4.56646997811254,0.9953745924568281,0.047376184508323045,-22.041392807202886,15.372482799999998,38431207,ok,right
