combo_id,trial_id,device_id,m,l,beta_pe,abs_delta_alpha_e_over_p,f,x0,y0,phi0,x_end,y_end,phi_end,T,steps,status,pass_direction
10,302,1,3,0.038400000000000004,1.0,10.0,20.0,0.6446396445855499,0.0018864136907742128,4.479295421228049,1.644944740109553,0.01686067196118019,2.9851723356438513,0.026205199999999998,65513,ok,right
10,832,1,3,0.038400000000000004,1.0,10.0,20.0,0.5237516315653921,0.010689446830002574,1.7849656127881706,1.5237815136934527,0.058331681981389855,3.015734042992755,0.030065599999999998,75164,ok,right
10,11,1,3,0.038400000000000004,1.0,10.0,20.0,0.40723869986832145,-0.032770038511483954,0.614321762681531,1.4077366949321433,-0.16413825477059182,-0.4848130068510926,0.033288,83220,ok,right
10,54,1,3,0.038400000000000004,1.0,10.0,20.0,0.6733829898759723,0.1511663258763307,5.0786193009475555,1.6736214886416274,0.08900189622956126,9.322996895543236,0.033082,82705,ok,right
10,112,1,3,0.038400000000000004,1.0,10.0,20.0,0.2752905061468482,0.10834144005569149,5.52041860935352,1.2756724967925446,0.027836574929659075,6.253287464003434,0.032638799999999996,81597,ok,right
10,144,1,3,0.038400000000000004,1.0,10.0,20.0,0.35716878734529023,0.03383064550482654,1.5342606777613208,1.3574679974725545,-0.0815458685397055,0.02545828845171938,0.0346792,86698,ok,right
10,643,1,3,0.038400000000000004,1.0,10.0,20.0,0.524961057305336,-0.10648297351452783,0.5014807762300837,1.5266295439777362,0.006932421150435241,-0.21597336041318277,0.0336972,84243,ok,right
10,245,1,3,0.038400000000000004,1.0,10.0,20.0,-0.0626055272296071,0.007761609930568612,6.146523472037034,0.9384164750447844,-0.03952748261120734,0.15471493061016842,0.039438799999999996,98597,ok,right
10,473,1,3,0.038400000000000004,1.0,10.0,20.0,-0.016810155473649502,-0.05216730843757717,2.4041742152776235,0.9838292741891705,-0.018246958809001807,0.04021625128672062,0.0377228,94307,ok,right
10,317,1,3,0.038400000000000004,1.0,10.0,20.0,0.5926313009113073,0.0948656324293597,2.5525993278821852,1.5940617207836532,-0.1475173672098738,-3.119054869282645,0.04355,108875,ok,right
10,336,1,3,0.038400000000000004,1.0,10.0,20.0,0.40576217435300355,0.11272283359630546,5.132805041978308,1.4066358330488822,-0.06781621947522806,6.766082933546771,0.040990399999999996,102476,ok,right
10,494,1,3,0.038400000000000004,1.0,10.0,20.0,0.5502087196335197,-0.20804703417411824,0.30225334928807146,1.5507029076270016,-0.020904656374506593,6.596029391243758,0.0415952,103988,ok,right
10,786,1,3,0.038400000000000004,1.0,10.0,20.0,0.36787436939775947,0.21684304688974568,2.7606549109866227,1.368108071322094,0.1978830065059545,6.357417803499314,0.041167999999999996,102920,ok,right
10,24,1,3,0.038400000000000004,1.0,10.0,20.0,-0.0862520257011056,-0.16734851941140486,1.0321932304197448,0.9137648845063968,0.012807661567953148,0.003214445922608368,0.0454692,113673,ok,right
10,35,1,3,0.038400000000000004,1.0,10.0,20.0,0.18082682341337206,-0.12463650977982622,4.498143327141841,1.1814566902319228,0.08034211539272476,6.625272405615911,0.0477304,119326,ok,right
10,36,1,3,0.038400000000000004,1.0,10.0,20.0,0.6985109793022275,-0.13946494298044468,4.231813802362399,1.6987598631187002,-0.10428549454511833,3.2530724063850736,0.046006,115015,ok,right
10,111,1,3,0.038400000000000004,1.0,10.0,20.0,0.18909864053130152,0.36554365296612035,3.8743599252707743,1.1893017096114307,-0.07201793887412293,-0.3350329798542892,0.0456076,114019,ok,right
10,176,1,3,0.038400000000000004,1.0,10.0,20.0,0.22494466714560987,0.07521428797809294,6.075189610089642,1.2259863809485756,-0.00515661512642231,19.128691096931064,0.046014,115035,ok,right
10,310,1,3,0.038400000000000004,1.0,10.0,20.0,0.4953667430207134,0.16374803451744646,2.458792611404484,1.4970808447255481,0.10296533676564114,6.193773909922899,0.0477844,119461,ok,right
10,330,1,3,0.038400000000000004,1.0,10.0,20.0,-0.0045821405947208405,0.4049842373655028,0.9851075735702824,0.9959043882278028,-0.032407146166761124,8.529259301910487,0.044467599999999996,111169,ok,right
10,388,1,3,0.038400000000000004,1.0,10.0,20.0,-0.047975811176002026,0.008058967193055497,2.3099053556640916,0.9527650932141578,-0.0694922570702533,-0.08369077593847464,0.045772799999999995,114432,ok,right
10,751,1,3,0.038400000000000004,1.0,10.0,20.0,0.30654234774410727,-0.37727462666111167,0.3332018523145897,1.307610125232977,-0.1264437809416915,0.22370239737373832,0.0463084,115771,ok,right
10,903,1,3,0.038400000000000004,1.0,10.0,20.0,0.1707108633592725,0.13287998041634805,0.8297523049597634,1.1710799324149082,-0.15413224734845046,3.0134154416538643,0.044544,111360,ok,right
10,979,1,3,0.038400000000000004,1.0,10.0,20.0,0.6924117924645543,-0.005051174333664624,4.915416158561593,1.6927499195560034,0.18510631302774425,12.475906046888856,0.0461944,115486,ok,right
10,14,1,3,0.038400000000000004,1.0,10.0,20.0,0.11219146996736527,0.2075956086092931,0.0671962965954728,1.1128850172458316,-0.12785906627386187,-6.003700992408133,0.0508244,127061,ok,right
10,232,1,3,0.038400000000000004,1.0,10.0,20.0,0.660504044033587,0.031422546733049735,1.4882675325222094,1.6609941324967328,-0.19576122697312445,2.834806592197878,0.0505464,126366,ok,right
10,350,1,3,0.038400000000000004,1.0,10.0,20.0,0.692901242338121,-0.10096699079883306,1.0794370594348555,1.6930715456049665,0.27352048821450103,-4.355775552679791,0.0481276,120319,ok,right
10,657,1,3,0.038400000000000004,1.0,10.0,20.0,0.47981474678963426,0.1252436160046787,4.199747862527295,1.4806023153174828,0.2065123694559119,-6.397472276260857,0.051716399999999996,129291,ok,right
10,326,1,3,0.038400000000000004,1.0,10.0,20.0,0.5181527957320213,-0.02190797388936855,2.83924729114329,1.518217563838386,0.16012668947720907,2.8598912529742355,0.0532056,133014,ok,right
10,329,1,3,0.038400000000000004,1.0,10.0,20.0,0.692840194888413,0.19795941330458966,4.034117541553887,1.6941127149698425,-0.08111892363488217,-6.777138903409959,0.0548788,137197,ok,right
10,366,1,3,0.038400000000000004,1.0,10.0,20.0,0.03514373097568751,0.26459853844771913,4.993822151251617,1.0368747224470891,0.014917177976389856,3.3783249288208337,0.053973999999999994,134935,ok,right
10,426,1,3,0.038400000000000004,1.0,10.0,20.0,0.5313313269987703,-0.10129026155692643,3.943825190252174,1.5315103306265772,-0.007350815935222803,-19.25854769640243,0.0528408,132102,ok,right
10,497,1,3,0.038400000000000004,1.0,10.0,20.0,0.6051899740472436,0.35509028843809587,3.647402786657824,1.605219685957782,-0.03636265190937427,-0.20344790255640982,0.0555424,138856,ok,right
10,610,1,3,0.038400000000000004,1.0,10.0,20.0,0.19663623571395875,-0.4978251127708286,5.124214691927176,1.196859966851791,0.09269868325207492,6.065278386437702,0.0542188,135547,ok,right
10,686,1,3,0.038400000000000004,1.0,10.0,20.0,0.400628774240613,0.019902676991218848,3.6891018123667636,1.402111791464626,-0.26946064791908164,12.300252624247257,0.052944399999999996,132361,ok,right
10,729,1,3,0.038400000000000004,1.0,10.0,20.0,0.365805983543396,-0.05310744489618364,1.9973547527683608,1.3658548942795274,-0.16848013629521844,-9.056720012173043,0.0544128,136032,ok,right
10,753,1,3,0.038400000000000004,1.0,10.0,20.0,0.018277756310999396,-0.0711330758862366,2.6150282919105496,1.0186289565081281,0.07688223991937108,-6.2027152834001456,0.0558728,139682,ok,right
10,810,1,3,0.038400000000000004,1.0,10.0,20.0,0.6884232791140676,-0.12176920137102991,5.753085002282686,1.6885533049214478,0.2586124496874017,21.0426954883113,0.0534348,133587,ok,right
10,926,1,3,0.038400000000000004,1.0,10.0,20.0,-0.09048081431537867,0.24379021407702609,0.7715558130937106,0.9097854879234163,0.009970541189087937,2.9027164099451035,0.052138,130345,ok,right
10,55,1,3,0.038400000000000004,1.0,10.0,20.0,0.2589408840984106,-0.10583047432448285,2.176636450330684,1.2593113410931978,-0.26973807820109397,-3.6055223693365908,0.0572544,143136,ok,right
10,134,1,3,0.038400000000000004,1.0,10.0,20.0,0.5615546621382237,-0.04285526315830636,0.652995801496196,1.5618791760348936,-0.07865646013269159,-3.260908728872136,0.057967599999999994,144919,ok,right
10,309,1,3,0.038400000000000004,1.0,10.0,20.0,-0.06713393200188876,0.4895620464581991,4.076980053806712,0.9339910140191384,0.022540064026763448,-2.8319125600757595,0.0560124,140031,ok,right
10,413,1,3,0.038400000000000004,1.0,10.0,20.0,0.6982462096959353,-0.2467679867866374,3.194674742889022,1.698248841542976,-0.029311892375530668,3.3693790780488797,0.0578952,144738,ok,right
10,566,1,3,0.038400000000000004,1.0,10.0,20.0,0.5946997018530965,-0.1753807589081537,2.5656397050319506,1.595542265446689,-0.19297563943805188,15.67208619524159,0.057135599999999995,142839,ok,right
10,611,1,3,0.038400000000000004,1.0,10.0,20.0,0.6243711402639747,0.17170032986196043,2.922360127663681,1.6259722961157648,-0.07426974245899318,-2.603605748067562,0.0564324,141081,ok,right
10,143,1,3,0.038400000000000004,1.0,10.0,20.0,-0.06629008315503597,0.17069836601514304,2.1631650112026,0.9343126602555519,0.04250542420401101,9.709047305982129,0.0631716,157929,ok,right
10,174,1,3,0.038400000000000004,1.0,10.0,20.0,0.49651717692613606,-0.1398943773149337,4.5988491550409405,1.4976430555400333,0.1588908762167106,-9.564580242055277,0.06296879999999999,157422,ok,right
10,181,1,3,0.038400000000000004,1.0,10.0,20.0,0.35943893101066354,0.20630533754872912,3.670189526354139,1.3607954356390457,-0.2311487115487336,9.372181658045086,0.0613368,153342,ok,right
10,211,1,3,0.038400000000000004,1.0,10.0,20.0,0.4285219943150878,0.17743665965787175,5.093309652196793,1.430226537056074,0.2557387349827655,9.13791688118287,0.060511999999999996,151280,ok,right
10,316,1,3,0.038400000000000004,1.0,10.0,20.0,0.5789289904758335,-0.3699735949694919,3.602431608193445,1.579948205126741,0.1939959117871491,0.20164578728244326,0.0619408,154852,ok,right
10,344,1,3,0.038400000000000004,1.0,10.0,20.0,0.5080218497663737,0.32424325325661113,4.437260161353607,1.509590628916904,0.09423400738277722,2.810456078188737,0.0604168,151042,ok,right
10,408,1,3,0.038400000000000004,1.0,10.0,20.0,0.13946374859660865,-0.23054108868163262,4.541435564265861,1.1398031027689794,0.09366355964551329,-0.026394006203698084,0.0611192,152798,ok,right
10,410,1,3,0.038400000000000004,1.0,10.0,20.0,0.10000093877315522,0.10968332320055592,1.5355436144922139,1.1002531596952865,-0.15653030920789981,0.03375980541314878,0.06287759999999999,157194,ok,right
10,485,1,3,0.038400000000000004,1.0,10.0,20.0,-0.04663227181881666,-0.0612652471715028,1.3532354349333386,0.9533837487699464,-0.02014205807303516,3.1800869006162795,0.0635216,158804,ok,right
10,486,1,3,0.038400000000000004,1.0,10.0,20.0,0.5872982524335385,-0.4436045576728525,3.789018651972761,1.5879098806546768,0.0630413786569592,0.7661673297355701,0.0635244,158811,ok,right
10,524,1,3,0.038400000000000004,1.0,10.0,20.0,-0.05731686130166054,0.10387282853531367,5.6745049720804435,0.9428033832692619,-0.045525723204526344,22.00852320992255,0.060742,151855,ok,right
10,664,1,3,0.038400000000000004,1.0,10.0,20.0,0.30845613386482,-0.23183440131793645,3.3878253002935974,1.308689744919691,-0.005160877491838692,9.404801892993095,0.0609904,152476,ok,right
10,694,1,3,0.038400000000000004,1.0,10.0,20.0,-0.08031474296003581,-0.011751382644832142,0.49116489382360307,0.9197823414491855,0.03665148011758701,12.35703998882083,0.061547199999999996,153868,ok,right
10,721,1,3,0.038400000000000004,1.0,10.0,20.0,-0.040521331876516346,-0.2969893492932721,5.148363158196298,0.9596835449653615,-0.015977117805951162,6.812002151306429,0.062402799999999994,156007,ok,right
10,737,1,3,0.038400000000000004,1.0,10.0,20.0,0.0036129849031567574,-0.5262798891794231,5.486194966292844,1.004091073792817,-0.0757384326349808,-3.4525203914397613,0.062842,157105,ok,right
10,861,1,3,0.038400000000000004,1.0,10.0,20.0,-0.06520832292735577,-0.18216958354098867,1.2160956337330098,0.9351276931132453,-0.004470069324446314,8.932916984185066,0.0628644,157161,ok,right
10,868,1,3,0.038400000000000004,1.0,10.0,20.0,-0.08594102561473847,-0.25672454176626636,0.4264259602043047,0.9142499109334359,0.03524776670916266,0.012895090354347754,0.0630092,157523,ok,right
10,946,1,3,0.038400000000000004,1.0,10.0,20.0,0.3669783001765609,-0.29835278880832705,3.694644776784909,1.3675811760220904,-0.31368899551232265,3.1902378296715064,0.062253199999999995,155633,ok,right
10,72,1,3,0.038400000000000004,1.0,10.0,20.0,-0.0421246562153101,0.27771811754556547,0.7867168099586562,0.9582882824723795,-0.05512205129079172,6.976260447338585,0.0649664,162416,ok,right
10,184,1,3,0.038400000000000004,1.0,10.0,20.0,0.07962859682738782,-0.25483045211921956,0.5398108566717874,1.0797390364319843,0.1990760176128558,-3.351645779085227,0.06677519999999999,166938,ok,right
10,384,1,3,0.038400000000000004,1.0,10.0,20.0,0.52117841206491,0.2410148452649908,1.003886924217044,1.5218802182206779,0.09274889430811009,9.234575987731859,0.06537799999999999,163445,ok,right
10,808,1,3,0.038400000000000004,1.0,10.0,20.0,0.31234301812946796,0.2187441748936241,1.6990971374615054,1.3123573988171007,-0.09349928141446028,0.25770679837579585,0.0645312,161328,ok,right
10,895,1,3,0.038400000000000004,1.0,10.0,20.0,0.20168990641832352,0.24322066778807333,3.134143384029244,1.2019447580237157,0.09914185450317711,3.1257665372105645,0.065624,164060,ok,right
10,906,1,3,0.038400000000000004,1.0,10.0,20.0,0.4113905867561698,0.08135746874902683,4.977108568206654,1.411534932194253,0.04956194937592608,15.638589274365295,0.0661276,165319,ok,right
10,50,1,3,0.038400000000000004,1.0,10.0,20.0,-0.04359602741897106,-0.237619757566094,1.9658112575523152,0.9564360040645524,-0.005633508859043209,9.2546787192135,0.0707968,176992,ok,right
10,52,1,3,0.038400000000000004,1.0,10.0,20.0,0.4202509561553598,-0.043767171199392496,6.019816428694374,1.420531233887725,0.1278472400702276,0.27113757348833534,0.0707844,176961,ok,right
10,57,1,3,0.038400000000000004,1.0,10.0,20.0,0.46760259028524165,-0.15126599531188828,3.219446842357826,1.4681025889241912,0.000958712920450782,2.767419562774481,0.068872,172180,ok,right
10,93,1,3,0.038400000000000004,1.0,10.0,20.0,-0.05612373854964972,-0.00583873971476617,1.1732980721170687,0.9441746830725953,0.01280285664328864,8.881860792307638,0.06936919999999999,173423,ok,right
10,189,1,3,0.038400000000000004,1.0,10.0,20.0,-0.04159699603915215,-0.2258644609227979,3.730708887822749,0.9589073072146646,0.053406320692160454,-0.004195433033426649,0.0695316,173829,ok,right
10,320,1,3,0.038400000000000004,1.0,10.0,20.0,0.24854351431131363,0.5269859394775066,6.272389350650377,1.2486492224351975,0.1148717058277921,3.205750975177363,0.0692168,173042,ok,right
10,348,1,3,0.038400000000000004,1.0,10.0,20.0,0.3440903736278415,-0.11371482257550518,2.792792043730054,1.3447808510000794,-0.1374632586296569,-5.7981770285342105,0.0697512,174378,ok,right
10,488,1,3,0.038400000000000004,1.0,10.0,20.0,0.24215815979987385,-0.346135805865715,1.2172609372211487,1.242443571505156,-0.02629642007671337,0.1392775444179981,0.0681528,170382,ok,right
10,508,1,3,0.038400000000000004,1.0,10.0,20.0,0.4467309609055519,-0.1931503981654816,0.1016348935241253,1.4469161508790829,0.16300374076098412,2.855101358487337,0.0686828,171707,ok,right
10,615,1,3,0.038400000000000004,1.0,10.0,20.0,0.6068938465788961,-0.36490868196444104,5.87412461321118,1.607531739505843,0.008015412147011526,-3.623369823423531,0.0698144,174536,ok,right
10,778,1,3,0.038400000000000004,1.0,10.0,20.0,0.6707700101658702,0.3162234328796077,3.8673403308422047,1.671403298177629,-0.19782579044173307,4.388949942599278,0.0702032,175508,ok,right
10,986,1,3,0.038400000000000004,1.0,10.0,20.0,0.6979333236813545,-0.08572463893331125,4.793909682197708,1.6988485126265747,-0.18547685237292133,-0.27453385091383403,0.0687928,171982,ok,right
10,118,1,3,0.038400000000000004,1.0,10.0,20.0,0.656375152617693,-0.2933918915583293,2.704000147522603,1.6571285014634922,-0.028482552059276887,2.19892456885368,0.073512,183780,ok,right
10,183,1,3,0.038400000000000004,1.0,10.0,20.0,0.17576747983694077,-0.11193183609710514,0.10072462785933523,1.176662013830694,-0.08956227794794247,8.779684114205258,0.0749768,187442,ok,right
10,212,1,3,0.038400000000000004,1.0,10.0,20.0,-0.022446183860301974,-0.3458987413094387,0.8102670305084418,0.9778892598970315,0.06954218785215978,-5.913663475830885,0.07292119999999999,182303,ok,right
10,218,1,3,0.038400000000000004,1.0,10.0,20.0,0.4617694362998009,0.2124706428273378,5.627470562714216,1.4619298373764207,0.2470119533875761,15.537088437632184,0.0753508,188377,ok,right
10,514,1,3,0.038400000000000004,1.0,10.0,20.0,-0.06046185344457627,0.2490054445230541,1.43070826143896,0.9401270109899064,0.0878809696528627,-2.901207808827882,0.0725388,181347,ok,right
10,632,1,3,0.038400000000000004,1.0,10.0,20.0,0.35403482988476753,0.30873852659317497,5.965046127542917,1.354406688796503,0.20631615863412306,15.492821917415744,0.0743356,185839,ok,right
10,66,1,3,0.038400000000000004,1.0,10.0,20.0,0.28572267200797796,-0.04709695528570046,5.177824211470278,1.285958657827785,0.021588157561102158,-3.828958237416093,0.0781724,195431,ok,right
10,74,1,3,0.038400000000000004,1.0,10.0,20.0,0.040327424928545956,-0.07553111741610699,3.6761565468359216,1.0415904281498556,0.02621245036623531,8.998731636869573,0.077986,194965,ok,right
10,99,1,3,0.038400000000000004,1.0,10.0,20.0,0.299065730907023,0.31581224565366506,4.543128233629476,1.299524790516685,0.0033770929417469182,9.558343663031277,0.0777548,194387,ok,right
10,247,1,3,0.038400000000000004,1.0,10.0,20.0,0.5731272576376796,0.016146145921264884,4.101401490348998,1.5733489433564896,0.016882986413575586,-5.630659498641022,0.0797808,199452,ok,right
10,255,1,3,0.038400000000000004,1.0,10.0,20.0,0.5077733609825373,-0.14639890690666696,4.7926156126602315,1.508541639481569,-0.0391015186316253,9.353882215240652,0.0784424,196106,ok,right
10,340,1,3,0.038400000000000004,1.0,10.0,20.0,0.6295386170968413,-0.3657467416649945,4.392658217560763,1.629743962034447,-0.07190609747638123,-3.2995453930100225,0.0789764,197441,ok,right
10,467,1,3,0.038400000000000004,1.0,10.0,20.0,0.6542933272197843,0.2443841863551718,2.8437203109253755,1.6552724038738182,0.2653122194509596,-0.051071496303474524,0.0791492,197873,ok,right
10,886,1,3,0.038400000000000004,1.0,10.0,20.0,0.6149286590516567,0.37429170017683666,1.5860616794581086,1.614957617416293,0.3164996637055599,0.3558566361939402,0.07785439999999999,194636,ok,right
10,29,1,3,0.038400000000000004,1.0,10.0,20.0,0.10452003423124552,0.015528074714554661,3.4150101612921753,1.1050485236009961,0.024754913305921146,-0.10364730155127394,0.08224,205600,ok,right
10,149,1,3,0.038400000000000004,1.0,10.0,20.0,0.6960061553865672,0.05095501033384775,3.402758576404488,1.6964081024393312,-0.008182857102839121,-12.987162407943764,0.0821552,205388,ok,right
10,200,1,3,0.038400000000000004,1.0,10.0,20.0,0.37166376989334826,-0.512828767134801,1.0839551049095846,1.3718086902073752,-0.05130264447961057,2.8348557277837707,0.0802832,200708,ok,right
10,363,1,3,0.038400000000000004,1.0,10.0,20.0,-0.019646208547055722,-0.40674856872963444,0.5060692626732475,0.980743108202719,0.1312649158131059,-2.874158725130413,0.0818584,204646,ok,right
10,429,1,3,0.038400000000000004,1.0,10.0,20.0,0.6898712551221252,0.15376557576857006,5.7240700790432415,1.690826641501045,0.17455679853270625,10.473610208578416,0.0824336,206084,ok,right
10,558,1,3,0.038400000000000004,1.0,10.0,20.0,0.5617998065426946,0.5299156876885827,1.0286386028123797,1.562343414614969,-0.018110262137592634,0.49832790550974176,0.083954,209885,ok,right
10,914,1,3,0.038400000000000004,1.0,10.0,20.0,-0.04839442390948534,-0.3225500626725507,1.8275839610877291,0.9528108768294621,0.05455307116254478,-6.745659026401205,0.08215879999999999,205397,ok,right
10,990,1,3,0.038400000000000004,1.0,10.0,20.0,-0.06157948952168227,0.04946153346709764,5.646421431728264,0.9393453177989657,0.0064961825157951545,12.45462130360951,0.08047359999999999,201184,ok,right
10,39,1,3,0.038400000000000004,1.0,10.0,20.0,-0.09227961897850037,-0.043717106165651665,3.0691172035192453,0.9088127282078315,-0.011880259113834597,2.8020180087610127,0.08693279999999999,217332,ok,right
10,58,1,3,0.038400000000000004,1.0,10.0,20.0,0.4512478891760111,0.3939038788152668,5.227623437990808,1.451476355414997,0.09674314101982892,-12.634200932356194,0.0860852,215213,ok,right
10,115,1,3,0.038400000000000004,1.0,10.0,20.0,0.6568173680454493,-0.036704266511311284,1.8429330672738973,1.6574599881727048,0.39998292555272297,-16.174245979073763,0.085382,213455,ok,right
10,246,1,3,0.038400000000000004,1.0,10.0,20.0,0.09623527768999339,-0.1926276780036811,5.786945530058152,1.0974407182644086,0.10877190770795925,0.31015028821651264,0.0876816,219204,ok,right
10,314,1,3,0.038400000000000004,1.0,10.0,20.0,0.2915387000888586,-0.31765987876294494,5.146233444982337,1.2919685644377548,0.050361629766941286,9.170123673503035,0.0875256,218814,ok,right
10,438,1,3,0.038400000000000004,1.0,10.0,20.0,0.3429354943335057,-0.3194006105667459,5.076911145133152,1.3434182473691139,0.2724711090181525,3.1057228143338085,0.0846748,211687,ok,right
10,550,1,3,0.038400000000000004,1.0,10.0,20.0,0.45908446628600363,0.2398318103247043,0.024012621159198534,1.4592719552830908,0.1476429492177745,-2.4156286867019494,0.086266,215665,ok,right
10,605,1,3,0.038400000000000004,1.0,10.0,20.0,0.6388531610369683,-0.12550160124271054,0.7890361758724134,1.639917179318216,0.20800081371058896,3.3125539616213384,0.087708,219270,ok,right
10,606,1,3,0.038400000000000004,1.0,10.0,20.0,0.0804091513156891,0.4232421031299537,2.046340665593969,1.0815580821339357,-0.10023113663709592,3.351892132290258,0.0852044,213011,ok,right
10,666,1,3,0.038400000000000004,1.0,10.0,20.0,0.27619817294180393,-0.11072875131922866,2.0391857922047736,1.2769211417748516,-0.002751557167966914,0.7279274553135339,0.08787679999999999,219692,ok,right
10,692,1,3,0.038400000000000004,1.0,10.0,20.0,0.633102179504931,0.42085549681698026,2.354592312552358,1.6331419584620412,0.07743420023068541,-6.223849467657221,0.0877312,219328,ok,right
10,717,1,3,0.038400000000000004,1.0,10.0,20.0,0.019634514302015307,0.23057438984719436,2.636652414036319,1.0202997007541574,0.01628308786680079,0.45646131445604965,0.08498,212450,ok,right
10,746,1,3,0.038400000000000004,1.0,10.0,20.0,0.027147339284420015,-0.0006683744471870555,0.9790778377904416,1.027358180729045,-0.005149391179349575,9.990739237379817,0.08526439999999999,213161,ok,right
10,997,1,3,0.038400000000000004,1.0,10.0,20.0,0.5307732749730348,0.5277720153753678,2.8863208423456466,1.5309628560704835,0.2673612533949334,-6.107710560295132,0.0843608,210902,ok,right
10,382,1,3,0.038400000000000004,1.0,10.0,20.0,0.6856408858671785,0.33411339284466174,2.256160586418726,1.6872291570780764,0.12207290891256764,-3.340426673891178,0.0906884,226721,ok,right
10,439,1,3,0.038400000000000004,1.0,10.0,20.0,-0.0962620021775365,0.15470832936271803,2.307653291296571,0.9041264142577539,-0.014080445714745664,0.333628291400348,0.0919392,229848,ok,right
10,459,1,3,0.038400000000000004,1.0,10.0,20.0,0.050919863395392895,-0.5749889393840731,3.5818399405021184,1.0525370811591175,-0.06393364016889941,3.282803397595082,0.0906,226500,ok,right
10,650,1,3,0.038400000000000004,1.0,10.0,20.0,-0.09665078632533551,0.04048556231569909,0.44255140044218805,0.9040065299181412,0.046521413493488255,6.515244360384234,0.08833039999999999,220826,ok,right
10,704,1,3,0.038400000000000004,1.0,10.0,20.0,0.44745847992599014,-0.145145583549517,4.236080458531468,1.4477833472527457,-0.14341247086125886,3.3510211012750806,0.08970679999999999,224267,ok,right
10,788,1,3,0.038400000000000004,1.0,10.0,20.0,0.6911628775298596,0.17466439431495007,4.0261305267140886,1.6914445506240365,0.02153038280091089,9.869596577347211,0.09059239999999999,226481,ok,right
10,984,1,3,0.038400000000000004,1.0,10.0,20.0,0.36291499286890033,-0.010209322851673327,4.515567600178468,1.3638124441342832,-0.07795543964793081,6.802633700317931,0.0907104,226776,ok,right
10,13,1,3,0.038400000000000004,1.0,10.0,20.0,0.37814548797905445,-0.12849455845304467,4.942922753281672,1.3782668561572156,0.29269819659700586,0.3998149149673587,0.092448,231120,ok,right
10,33,1,3,0.038400000000000004,1.0,10.0,20.0,0.24549136850982906,-0.6735130942696742,4.58569772631686,1.2455848739804158,-0.12385208868778805,3.215614458941423,0.0925888,231472,ok,right
10,65,1,3,0.038400000000000004,1.0,10.0,20.0,0.3298320878297091,-0.3070270969164517,4.6468220351325265,1.3303481140057793,0.055624095019589065,6.728014737441261,0.0953948,238487,ok,right
10,224,1,3,0.038400000000000004,1.0,10.0,20.0,0.6131465082988143,0.4527423229146317,1.7258810213920648,1.6134029907822822,-0.008763946505719168,0.21739613537681302,0.09537759999999999,238444,ok,right
10,270,1,3,0.038400000000000004,1.0,10.0,20.0,0.4013859163969755,0.11371050796272311,5.805932969098345,1.4015054316935276,0.14663090479838578,12.701862942551484,0.0956004,239001,ok,right
10,322,1,3,0.038400000000000004,1.0,10.0,20.0,0.5773053582757711,0.10997916444139011,3.4106913974440403,1.5785521061657255,0.014492463988085482,0.34954751028879916,0.0947056,236764,ok,right
10,523,1,3,0.038400000000000004,1.0,10.0,20.0,0.5553676832467318,-0.09198997282482904,4.872275936181027,1.555534757258732,0.1514889880687066,6.30382120589548,0.094316,235790,ok,right
10,576,1,3,0.038400000000000004,1.0,10.0,20.0,-0.03004572466015816,-0.030172570876336124,5.549135619566548,0.9703008938808695,-0.05191272576136822,14.063003832582266,0.0927276,231819,ok,right
10,707,1,3,0.038400000000000004,1.0,10.0,20.0,0.4233832743018866,-0.5193320669913423,3.9282661143599245,1.4243484754100766,0.011283641371054956,3.365385734200239,0.09583559999999999,239589,ok,right
10,817,1,3,0.038400000000000004,1.0,10.0,20.0,0.4474671153351665,0.22048959635618998,0.9679550170860276,1.4478107082976788,0.0024870904994509033,3.7853345999417067,0.0954168,238542,ok,right
10,826,1,3,0.038400000000000004,1.0,10.0,20.0,0.5757511164993048,-0.14948192768973956,3.4964922215870478,1.5758228902548406,0.14534636618657756,9.73103006016881,0.0945408,236352,ok,right
10,114,1,3,0.038400000000000004,1.0,10.0,20.0,0.6814005030319095,-0.21248154437914132,4.836704098539778,1.6819212226176552,-0.1030414484830961,15.911701549116378,0.0962244,240561,ok,right
10,198,1,3,0.038400000000000004,1.0,10.0,20.0,0.13440706431865693,0.17943691349280996,0.936241176762996,1.1344129463280026,0.20035238015743412,6.676174531420241,0.0991036,247759,ok,right
10,210,1,3,0.038400000000000004,1.0,10.0,20.0,-0.07528385147452354,0.19816415886448874,3.6340174358699504,0.9250105393995764,0.02600542490069932,6.363458183079296,0.0979208,244802,ok,right
10,463,1,3,0.038400000000000004,1.0,10.0,20.0,0.2866007095202804,-0.10043917111241973,0.4147271315982781,1.2868631639718924,-0.003148317155955165,-12.215410762637326,0.0968192,242048,ok,right
10,471,1,3,0.038400000000000004,1.0,10.0,20.0,-0.09655362516641618,-0.008180109601719719,2.2000101785917145,0.903543433989197,-0.03348922642099081,-6.731723016600124,0.09646199999999999,241155,ok,right
10,516,1,3,0.038400000000000004,1.0,10.0,20.0,0.1787919031456113,-0.14022559098767617,0.9805519940063937,1.1792012195733634,-0.16156791107446114,3.2201737602263476,0.09648359999999999,241209,ok,right
10,675,1,3,0.038400000000000004,1.0,10.0,20.0,-0.09622405078262092,-0.2164816025303525,3.1227518647724564,0.9042679876504274,0.06798103661757511,-5.626800678601279,0.097158,242895,ok,right
10,685,1,3,0.038400000000000004,1.0,10.0,20.0,0.4541372148320079,-0.35821915968640633,5.295285180991136,1.4550366809575175,-0.3011589059512693,-3.2973525817463063,0.096246,240615,ok,right
10,697,1,3,0.038400000000000004,1.0,10.0,20.0,0.4416925042867661,0.504156794557586,2.52488547863198,1.4424695648985058,-0.1220976082495457,2.9471170729699505,0.097998,244995,ok,right
10,744,1,3,0.038400000000000004,1.0,10.0,20.0,0.34136203508824114,-0.5151454821024446,2.8613363125425515,1.34193129954345,-0.1414422693021131,-9.68971876173367,0.09695519999999999,242388,ok,right
10,870,1,3,0.038400000000000004,1.0,10.0,20.0,0.588115613348782,0.18400311339808037,4.596535493044774,1.5887320391557933,-0.14469000701875723,-9.232018842811257,0.0998776,249694,ok,right
10,916,1,3,0.038400000000000004,1.0,10.0,20.0,0.6117839232087136,0.33166568808524255,4.909744065290426,1.6119324537857227,-0.1105786586131433,-12.43077432840228,0.098316,245790,ok,right
10,928,1,3,0.038400000000000004,1.0,10.0,20.0,-0.07176318857818842,-0.07959581461819923,6.2350661265025655,0.9297612993146716,-0.0563392418269556,6.439608058815721,0.0988988,247247,ok,right
10,21,1,3,0.038400000000000004,1.0,10.0,20.0,0.20221966430544855,1.0762454309581857,4.699980972981376,1.203601030958391,-0.14701619863938606,-5.7624409515653285,0.1021724,255431,ok,right
10,49,1,3,0.038400000000000004,1.0,10.0,20.0,-0.019662619195878507,0.28609774044127273,5.064086697617722,0.9809128668576079,-0.039651046260116014,-6.731222599105212,0.1036068,259017,ok,right
10,96,1,3,0.038400000000000004,1.0,10.0,20.0,0.3732848208397627,-0.29009913489720907,4.959794765965865,1.3733049150598293,-0.23198496902798416,8.876860592224284,0.1014168,253542,ok,right
10,307,1,3,0.038400000000000004,1.0,10.0,20.0,0.3336153488606215,-0.402578567036294,3.424537551334784,1.333688897409449,-0.13118227749324834,-10.236528741902328,0.10047679999999999,251192,ok,right
10,468,1,3,0.038400000000000004,1.0,10.0,20.0,0.15415471307933332,0.119806424245032,2.7373441598859864,1.1550650003816496,0.07679458725390242,0.549285306694512,0.10382759999999999,259569,ok,right
10,567,1,3,0.038400000000000004,1.0,10.0,20.0,0.49761223271489147,0.10869972265250538,6.022280505001614,1.4982316809551393,-0.37280158385184553,9.756580780676298,0.1010804,252701,ok,right
10,607,1,3,0.038400000000000004,1.0,10.0,20.0,0.273181258328259,-0.03446497498392163,3.5297611628462753,1.2733456623435555,-0.060925506577543684,3.529356518857449,0.10340759999999999,258519,ok,right
10,612,1,3,0.038400000000000004,1.0,10.0,20.0,0.39147199802100663,-1.143767913609377,4.862296580523664,1.3916876576949473,-0.06349308014286754,9.693375269287984,0.10173839999999999,254346,ok,right
10,680,1,3,0.038400000000000004,1.0,10.0,20.0,0.09806800317019225,0.6161440232499783,1.8617816534445963,1.0988094944645816,-0.03245580617079891,-5.830375361685259,0.1008492,252123,ok,right
10,850,1,3,0.038400000000000004,1.0,10.0,20.0,-0.084307561814785,0.08974119088101615,1.4939703909605828,0.9169889697772725,0.007482960952977925,2.591779186920641,0.10399839999999999,259996,ok,right
10,869,1,3,0.038400000000000004,1.0,10.0,20.0,0.4587525021284819,0.02912937744524579,1.8531016206635331,1.4593459048253636,0.33499563285001344,1.0363337818337202,0.1013816,253454,ok,right
10,42,1,3,0.038400000000000004,1.0,10.0,20.0,0.16893247831612826,-0.510289696354933,1.7636240649927564,1.1690003471448027,-0.007616145928159757,-4.806234740404698,0.1078232,269558,ok,right
10,257,1,3,0.038400000000000004,1.0,10.0,20.0,-0.07229957766830922,-0.22943330592777805,2.5519113058061613,0.9278652046909966,0.0753019414699254,10.037433836615735,0.10695239999999999,267381,ok,right
10,418,1,3,0.038400000000000004,1.0,10.0,20.0,0.03966065756976605,-0.3489837713462469,5.43119443255699,1.0400408943909472,0.026633590921256136,12.972610952736455,0.1067108,266777,ok,right
10,420,1,3,0.038400000000000004,1.0,10.0,20.0,0.6844893338158727,0.2928517320021506,5.013636599825791,1.6851130789609599,0.18672812519138443,6.210022195631083,0.1044288,261072,ok,right
10,449,1,3,0.038400000000000004,1.0,10.0,20.0,0.2188772177323699,-0.4788301496444784,6.17110744316668,1.2192576948477052,-0.14711939723219575,5.994201069979224,0.10666679999999999,266667,ok,right
10,493,1,3,0.038400000000000004,1.0,10.0,20.0,0.624083143658936,-0.4285155436992066,3.966671119613976,1.6243948846681662,-0.254651550248056,-0.5063367809373335,0.1068248,267062,ok,right
10,528,1,3,0.038400000000000004,1.0,10.0,20.0,0.29650520570576194,-0.31818222047963307,0.33781615779893454,1.2965599606484925,0.03379817570839841,2.7832388464900593,0.10794559999999999,269864,ok,right
10,537,1,3,0.038400000000000004,1.0,10.0,20.0,0.4223171662539244,0.3826269645320175,2.3993176798177136,1.42259491343254,-0.11478383889302288,-9.615867774490019,0.1051452,262863,ok,right
10,634,1,3,0.038400000000000004,1.0,10.0,20.0,-0.0562854889780283,-0.09358119385467688,3.877648563650049,0.9444649653120847,-0.005588856701856219,-6.656217654852795,0.10770719999999999,269268,ok,right
10,880,1,3,0.038400000000000004,1.0,10.0,20.0,0.5463966604322196,0.4413443196516339,2.2928133478962196,1.5475971059610596,-0.4131415200167088,2.729106851266803,0.1057292,264323,ok,right
10,192,1,3,0.038400000000000004,1.0,10.0,20.0,0.6066798625513912,0.023467638605709783,5.365580871420231,1.6072313557855624,-0.2384460533636087,6.522428097656609,0.1103584,275896,ok,right
10,230,1,3,0.038400000000000004,1.0,10.0,20.0,0.12266391441226006,0.15238239301361625,0.1815099119763975,1.1226819926069431,0.0235177604748087,0.2643154220207765,0.109112,272780,ok,right
10,391,1,3,0.038400000000000004,1.0,10.0,20.0,0.6795261964201927,0.09563943488674789,5.906884662324436,1.67995336813902,-0.09070139594168154,15.752299962672318,0.10990079999999999,274752,ok,right
10,399,1,3,0.038400000000000004,1.0,10.0,20.0,0.4309004195034504,0.45347270313319965,1.306316923789023,1.4309177211045188,0.2580562016535934,9.311958219098754,0.1087432,271858,ok,right
10,433,1,3,0.038400000000000004,1.0,10.0,20.0,-0.07331081796437502,0.2721750565649483,1.9248479523633741,0.9268619171285115,0.10125807421470348,12.463756541144505,0.10893119999999999,272328,ok,right
10,451,1,3,0.038400000000000004,1.0,10.0,20.0,0.002834365703165531,0.15822686910204956,2.1181453340780574,1.0029523934721558,-0.09258805742715534,-3.797682882865099,0.1084052,271013,ok,right
10,555,1,3,0.038400000000000004,1.0,10.0,20.0,0.6214749481528998,-0.18318793143772158,5.679798293917116,1.62269216412655,-0.0053117727029292384,3.1376297013378753,0.10822119999999999,270553,ok,right
10,559,1,3,0.038400000000000004,1.0,10.0,20.0,0.2445184621959925,-0.2081028440648985,4.430613407689638,1.2446884358273627,-0.15175732879847756,0.13602316965674013,0.1096292,274073,ok,right
10,658,1,3,0.038400000000000004,1.0,10.0,20.0,0.23286970146000385,0.7784704346923361,4.531737606752717,1.2330936720245491,0.0628905260051107,-3.2936038589738477,0.10843399999999999,271085,ok,right
10,724,1,3,0.038400000000000004,1.0,10.0,20.0,0.48955076560378075,0.28707966001035107,3.8201876840480566,1.4896827532430013,-0.14812638443791867,3.1425425977461994,0.1087296,271824,ok,right
10,860,1,3,0.038400000000000004,1.0,10.0,20.0,0.559484675526619,0.24609641501348947,2.5423178957335533,1.5611304295830202,-0.1739314987681896,-12.610060649062277,0.1094156,273539,ok,right
10,943,1,3,0.038400000000000004,1.0,10.0,20.0,0.617416324838996,0.3718429917484284,1.337588206523469,1.6174889017611491,0.10130505373801153,3.061260585819265,0.11137119999999999,278428,ok,right
10,417,1,3,0.038400000000000004,1.0,10.0,20.0,-0.0289387796074152,0.40600301046758264,0.783133019079381,0.9712147843028144,0.013190598219430338,15.610610158407855,0.1125364,281341,ok,right
10,458,1,3,0.038400000000000004,1.0,10.0,20.0,0.501091186888516,-0.47117666337697195,6.263746354566327,1.5012412867216067,0.11453081914580675,9.550994657529186,0.11211199999999999,280280,ok,right
10,525,1,3,0.038400000000000004,1.0,10.0,20.0,-0.0016011504456400873,-0.19370289423922668,3.039191139789999,0.9999012343969818,-0.02709927509161093,6.286558817923428,0.1127376,281844,ok,right
10,591,1,3,0.038400000000000004,1.0,10.0,20.0,0.1633376903831959,0.513207198741912,4.930663799675619,1.1639688428698975,0.01374732709022897,15.707396879395626,0.1147088,286772,ok,right
10,830,1,3,0.038400000000000004,1.0,10.0,20.0,0.3224620981141925,-0.6332253932758515,0.35402666087145496,1.3238632843815408,-0.05871200494590151,6.191896399358744,0.1144712,286178,ok,right
10,872,1,3,0.038400000000000004,1.0,10.0,20.0,0.04740640819072724,0.5704408981241191,0.4948070668375856,1.0476460190386505,-0.11397411740997358,-3.6916308696040225,0.11479239999999999,286981,ok,right
10,20,1,3,0.038400000000000004,1.0,10.0,20.0,0.3065468743443489,-0.7739581252571424,4.640899317661856,1.3069608806944724,0.23272794387878537,6.319757017016324,0.1174112,293528,ok,right
10,156,1,3,0.038400000000000004,1.0,10.0,20.0,0.6839750403538347,0.2466634385236617,2.8852239419810575,1.6842598728110447,0.10852720182510754,0.06158912495053751,0.1194432,298608,ok,right
10,178,1,3,0.038400000000000004,1.0,10.0,20.0,0.6383195266127587,-0.2360231892485498,1.0389235123172862,1.6386546246862435,0.019992931966523922,-7.031247620754422,0.11651679999999999,291292,ok,right
10,297,1,3,0.038400000000000004,1.0,10.0,20.0,0.21369683388620617,-0.1490840733233598,2.0642340174610396,1.2141825458043936,0.0069250629144572175,6.748726790217424,0.11895119999999999,297378,ok,right
10,358,1,3,0.038400000000000004,1.0,10.0,20.0,-0.06854320839047433,0.43165197395568405,1.8354844911365176,0.931565678843121,-0.005537749172370271,2.965998500513444,0.1169616,292404,ok,right
10,470,1,3,0.038400000000000004,1.0,10.0,20.0,-0.07618397865444422,0.07736949265798915,4.207948299559842,0.9242224902610037,-0.04867839186567288,6.436750809213091,0.1165344,291336,ok,right
10,661,1,3,0.038400000000000004,1.0,10.0,20.0,0.6344489259645343,0.3698633244852155,5.630513642979295,1.6344636011773375,-0.24617311458030294,9.394007853202558,0.117508,293770,ok,right
10,833,1,3,0.038400000000000004,1.0,10.0,20.0,0.11116178184747696,0.33353372682207155,1.9609967253962974,1.1116189301618542,-0.14873938180843263,-0.12172272573568507,0.1161648,290412,ok,right
10,846,1,3,0.038400000000000004,1.0,10.0,20.0,0.5023620057851076,-0.5319484655386303,0.25031131497385184,1.5032497516229868,-0.237675844104746,0.4222007091679374,0.117312,293280,ok,right
10,75,1,3,0.038400000000000004,1.0,10.0,20.0,-0.08381396662443877,0.3226847592232174,4.75747021563909,0.9166608892758304,-0.055409595683532396,-0.21477311508510644,0.1214624,303656,ok,right
10,88,1,3,0.038400000000000004,1.0,10.0,20.0,0.6384994678199292,0.07202555636908364,0.6003485602072751,1.6390019530282245,-0.2791146911125098,2.9933769234995435,0.1223152,305788,ok,right
10,140,1,3,0.038400000000000004,1.0,10.0,20.0,0.4037451583892107,-0.5614385213337076,6.278790958743049,1.4043303898345383,0.26292166807666467,16.224392251323188,0.12223679999999999,305592,ok,right
10,185,1,3,0.038400000000000004,1.0,10.0,20.0,0.5124067932367325,0.4975147234535808,0.5620800495987736,1.5126183722981044,-0.07678020846994744,-2.8671455593713997,0.1215208,303802,ok,right
10,199,1,3,0.038400000000000004,1.0,10.0,20.0,0.6178288498893381,-0.5550220868021399,2.0512654520339493,1.6182193610244109,-0.0018097667370662101,9.46478859053505,0.1202828,300707,ok,right
10,277,1,3,0.038400000000000004,1.0,10.0,20.0,0.658033724874258,-0.06377982086651894,4.509121541319956,1.659011581520155,0.14867880129994512,-6.292980735686256,0.12321359999999999,308034,ok,right
10,385,1,3,0.038400000000000004,1.0,10.0,20.0,0.20356162413954737,-0.4459118565623197,1.5156896759074086,1.2046133115648578,-0.02440335209111911,-0.4030737557331908,0.1212168,303042,ok,right
10,572,1,3,0.038400000000000004,1.0,10.0,20.0,0.5134788364171982,-0.4023606533912299,3.6902994331781915,1.5136805490086758,-0.05232033827914191,-3.319562046696213,0.1220964,305241,ok,right
10,668,1,3,0.038400000000000004,1.0,10.0,20.0,0.6968825954943896,0.07746425024554089,6.011607454071917,1.6968870320905203,-0.15949278881119722,15.519500311548265,0.1227968,306992,ok,right
10,681,1,3,0.038400000000000004,1.0,10.0,20.0,0.5001271720975637,0.4262772752544192,3.687112552454675,1.5001342246886376,-0.2713157843166482,-3.7421737395424595,0.1216352,304088,ok,right
10,116,1,3,0.038400000000000004,1.0,10.0,20.0,0.5551280016079545,0.35976041421890265,1.250027862049377,1.5564409027257329,0.14583862486647367,-12.832989309095174,0.126132,315330,ok,right
10,447,1,3,0.038400000000000004,1.0,10.0,20.0,0.36653878800570966,0.15528522173552595,1.2574943311377842,1.3673655761948038,0.07552570560148744,3.0269578466219267,0.12789999999999999,319750,ok,right
10,484,1,3,0.038400000000000004,1.0,10.0,20.0,0.09213829636573792,-0.3570108775725146,5.667332833332076,1.0928678821531457,-0.015498643940274658,-3.391649936426915,0.1248816,312204,ok,right
10,596,1,3,0.038400000000000004,1.0,10.0,20.0,0.421273453347385,-0.008545145690568717,6.007447952263399,1.4213098037732297,0.1347209339543095,16.09516152808708,0.1276556,319139,ok,right
10,965,1,3,0.038400000000000004,1.0,10.0,20.0,-0.04122242908924818,0.40682581074388996,4.671752319933241,0.9598683879729376,0.014421944634446541,6.852845215647535,0.1259436,314859,ok,right
10,113,1,3,0.038400000000000004,1.0,10.0,20.0,0.09668957851827145,-0.18710977200996778,3.4276168066381274,1.0971714488704185,0.1850741243321971,5.993946905706508,0.1314328,328582,ok,right
10,126,1,3,0.038400000000000004,1.0,10.0,20.0,0.681443377956748,0.30982358999188936,0.8263853126881634,1.6815823355827906,-0.1952894331141445,6.506499925975159,0.131524,328810,ok,right
10,193,1,3,0.038400000000000004,1.0,10.0,20.0,0.6380986401811243,-0.3968738836450647,3.0023161347237397,1.6383276257571324,-0.07073634479144976,-15.659695103385022,0.13038239999999998,325956,ok,right
10,236,1,3,0.038400000000000004,1.0,10.0,20.0,0.4487933453172446,-0.5079067924907401,4.1723407374590975,1.4488062032234552,-0.08992787472923415,-3.5771151706388653,0.1307776,326944,ok,right
10,268,1,3,0.038400000000000004,1.0,10.0,20.0,0.6841358996927739,-0.13771244632744178,2.8099425989423765,1.6845114199141313,0.03093292558948093,6.474371014366163,0.13039399999999998,325985,ok,right
10,373,1,3,0.038400000000000004,1.0,10.0,20.0,0.15765999630093575,-0.14712601120301205,6.260098231864515,1.1583429796878657,0.15335751264820235,-3.6404420693910122,0.12894239999999998,322356,ok,right
10,446,1,3,0.038400000000000004,1.0,10.0,20.0,-0.012640978954732419,0.18977248197877594,5.341808464335484,0.988053934882897,-0.09183136118710108,9.74674785628808,0.1314088,328522,ok,right
10,554,1,3,0.038400000000000004,1.0,10.0,20.0,0.2947687579318881,0.5603276215700694,2.090905231829888,1.2956321725536375,0.06863232648546547,9.202508322156744,0.13006199999999998,325155,ok,right
10,584,1,3,0.038400000000000004,1.0,10.0,20.0,-0.06926531568169594,0.39921462248120027,5.188545803484764,0.9318977912439682,0.03761143376432825,15.459186776325616,0.129982,324955,ok,right
10,597,1,3,0.038400000000000004,1.0,10.0,20.0,-0.09462151806801558,0.018264851314758364,5.597130447818077,0.9053844892089966,0.052695052010699614,19.0009028115323,0.1307768,326942,ok,right
10,671,1,3,0.038400000000000004,1.0,10.0,20.0,-0.07687441222369672,-0.2752694793889642,4.014280068112065,0.9233531064639686,0.006226940671485689,3.2250635475969056,0.12995479999999998,324887,ok,right
10,897,1,3,0.038400000000000004,1.0,10.0,20.0,0.028376001678407193,-0.5135429519659551,2.6564088549828133,1.0285874510978215,-0.08213878154353535,-12.880271165646738,0.1305616,326404,ok,right
10,476,1,3,0.038400000000000004,1.0,10.0,20.0,0.6142285592854023,0.16226984754803464,0.37599983378801943,1.6157990911713496,-0.10223334174780879,-3.210760475344545,0.1327788,331947,ok,right
10,595,1,3,0.038400000000000004,1.0,10.0,20.0,0.41547966822981836,0.21129205101055432,3.7504358963204063,1.4161421574269355,0.32896901338808743,18.655881894797947,0.1322208,330552,ok,right
10,604,1,3,0.038400000000000004,1.0,10.0,20.0,0.4575699558481574,0.13120685785787714,0.10165037412324011,1.4579557863706674,0.1828586276527671,0.07493382258344433,0.13265559999999998,331639,ok,right
10,956,1,3,0.038400000000000004,1.0,10.0,20.0,0.6408300470560789,0.3633012934424709,2.8953196727716257,1.6408442213398735,0.12267453618737063,0.14934322981835346,0.133458,333645,ok,right
10,137,1,3,0.038400000000000004,1.0,10.0,20.0,0.07297365069389343,-0.26401895120785435,1.8078966942226127,1.0739530372256167,-0.04697977592815081,9.278376557600195,0.1391036,347759,ok,right
10,165,1,3,0.038400000000000004,1.0,10.0,20.0,0.3818079549819231,-0.8557744298537744,4.728611520347166,1.3818365949515699,0.035693862135358106,14.968011103971493,0.1367376,341844,ok,right
10,175,1,3,0.038400000000000004,1.0,10.0,20.0,-0.037591639347374445,-0.0386435625002029,6.131247911131464,0.9625439661089304,-0.06622014638077338,-14.96727441105229,0.1389724,347431,ok,right
10,227,1,3,0.038400000000000004,1.0,10.0,20.0,0.6505277667194606,-0.22646197280546204,0.9603356920762719,1.6510327844173638,0.25004322430999354,12.659635462205081,0.1379172,344793,ok,right
10,352,1,3,0.038400000000000004,1.0,10.0,20.0,-0.001880083978176117,0.21982098242963793,3.4899963386645934,0.9981576855994271,-0.07857864074810864,-0.30475024177078275,0.137524,343810,ok,right
10,367,1,3,0.038400000000000004,1.0,10.0,20.0,0.6755922334268689,0.20855371143735055,0.6884709300119781,1.675841090447024,0.18091921486278323,6.7621580168253335,0.1367756,341939,ok,right
10,722,1,3,0.038400000000000004,1.0,10.0,20.0,0.49994576815515757,0.16677530094328155,3.799745626062861,1.501212514043322,-0.4358463364791728,2.719424196148133,0.13945639999999998,348641,ok,right
10,894,1,3,0.038400000000000004,1.0,10.0,20.0,0.5452013904228806,0.503734544395961,4.61738024848965,1.5456074742379293,0.19364051001683116,7.056575431432359,0.1392068,348017,ok,right
10,186,1,3,0.038400000000000004,1.0,10.0,20.0,0.06762879006564618,-0.7169098160662771,0.8829316124799498,1.067719288832679,-0.06490832067688822,-3.69309382551286,0.1436588,359147,ok,right
10,229,1,3,0.038400000000000004,1.0,10.0,20.0,0.6492325335741044,0.3261382483975801,4.522102806338893,1.6498160140946452,-0.17041991424978595,21.726868856580946,0.1408948,352237,ok,right
10,305,1,3,0.038400000000000004,1.0,10.0,20.0,0.08928699493408204,-0.05046300474470147,4.305038525426031,1.0902361315028444,-0.04799212688401494,6.262203346885886,0.140318,350795,ok,right
10,557,1,3,0.038400000000000004,1.0,10.0,20.0,0.4638368783518672,-0.47995684802944427,0.12075268587977107,1.465275597205447,-0.007750259306418517,2.2653503682501235,0.14025959999999998,350649,ok,right
10,904,1,3,0.038400000000000004,1.0,10.0,20.0,0.08256383370608092,0.4855569878319337,2.6107442431084356,1.0825707023457682,-0.01374431032476666,-5.818758396275317,0.141018,352545,ok,right
10,945,1,3,0.038400000000000004,1.0,10.0,20.0,0.5816765010356904,0.536832661869757,0.020215668486593397,1.5826302524929667,0.09187628683684798,2.3454284148676128,0.1407688,351922,ok,right
10,957,1,3,0.038400000000000004,1.0,10.0,20.0,0.5993039760738611,-0.33663550112680185,5.010813404925534,1.599463341200002,0.04126542726914461,2.872101642913715,0.1418808,354702,ok,right
10,51,1,3,0.038400000000000004,1.0,10.0,20.0,0.5335697919130326,0.06773396055087146,0.8514233692008604,1.5337721095526118,0.11655067825268463,-5.949030005776303,0.1440976,360244,ok,right
10,519,1,3,0.038400000000000004,1.0,10.0,20.0,0.16084743179380895,0.2839504743343945,3.988577492765205,1.1612518504626153,-0.003242176941126698,-6.38784426838765,0.1471072,367768,ok,right
10,645,1,3,0.038400000000000004,1.0,10.0,20.0,0.5028268244117499,0.7193699980884698,3.0635051498689703,1.5033316743189185,0.11886728500512196,6.077445445334272,0.146124,365310,ok,right
10,122,1,3,0.038400000000000004,1.0,10.0,20.0,0.16326740942895412,-0.4150786139383617,3.12048672776898,1.1634180951631974,-0.07718795933258121,-12.309355911618388,0.1510916,377729,ok,right
10,651,1,3,0.038400000000000004,1.0,10.0,20.0,0.5181024968624115,-0.041059710362890106,5.305495105704053,1.5181376433296185,0.06999077118790702,18.86359121421352,0.1512104,378026,ok,right
10,779,1,3,0.038400000000000004,1.0,10.0,20.0,0.5046901078894734,0.34094182392294914,1.0961268481172597,1.5063420459449508,0.09245884138386917,-6.850341202530387,0.1511488,377872,ok,right
10,879,1,3,0.038400000000000004,1.0,10.0,20.0,0.3726019421592355,0.5031801004657361,6.118686089595461,1.3727010636838786,-0.1280662565218424,-6.146556881929817,0.148786,371965,ok,right
10,234,1,3,0.038400000000000004,1.0,10.0,20.0,0.5664974123239518,-0.33633926154523075,3.5266082540063954,1.5669153129621674,-0.21229426833049325,6.308083697384346,0.1552084,388021,ok,right
10,324,1,3,0.038400000000000004,1.0,10.0,20.0,0.34474043622612954,-0.2859141166318865,1.8123896345601835,1.3454652721796139,-0.1663040341474688,6.485613216004658,0.1536892,384223,ok,right
10,503,1,3,0.038400000000000004,1.0,10.0,20.0,0.4370739119127393,0.33538858017637957,0.7114609041395373,1.4377828188842892,-0.27502774059040447,21.686134923045085,0.1544488,386122,ok,right
10,505,1,3,0.038400000000000004,1.0,10.0,20.0,0.6750437000766397,-0.08001355778924155,0.260770643812595,1.6754325669566275,0.24470770921637616,3.1947098028271337,0.152314,380785,ok,right
10,521,1,3,0.038400000000000004,1.0,10.0,20.0,0.3299360515549779,-0.04865922778108246,5.537323670820042,1.3305453385403752,-0.13423259835785673,3.344554308594258,0.1552724,388181,ok,right
10,636,1,3,0.038400000000000004,1.0,10.0,20.0,0.08175641894340516,-0.26020189288910045,1.9430641278259144,1.0835170409206751,-0.17982698548947226,3.0079213184708786,0.1528532,382133,ok,right
10,31,1,3,0.038400000000000004,1.0,10.0,20.0,0.08632541988044978,0.7822954253802488,2.6487485404713946,1.088599624408601,-0.03674260306555478,-12.679352327715167,0.159836,399590,ok,right
10,59,1,3,0.038400000000000004,1.0,10.0,20.0,0.688004724495113,-0.19869193595707288,0.3887741748963159,1.6885749663095937,0.03713969731464159,-3.1725862626762753,0.1581308,395327,ok,right
10,106,1,3,0.038400000000000004,1.0,10.0,20.0,0.10135341044515372,-0.20961536740248693,0.2770579778797204,1.1027998701716168,-0.23292649012405284,0.40429398437791564,0.15709199999999998,392730,ok,right
10,389,1,3,0.038400000000000004,1.0,10.0,20.0,0.3903425989672542,-0.8674975929347105,3.2205566164015123,1.3909334720447761,0.03578401006549021,-3.3516104286157113,0.1577828,394457,ok,right
10,452,1,3,0.038400000000000004,1.0,10.0,20.0,-0.011906180530786514,-0.01768304481624084,0.9194707608135712,0.9885381051947995,0.04613871338194089,-12.42391889998366,0.1593924,398481,ok,right
10,750,1,3,0.038400000000000004,1.0,10.0,20.0,0.047949586436152464,-0.25167381547988893,4.653054660094944,1.048073689493395,-0.10243258455027748,2.7510047714106993,0.1585116,396279,ok,right
10,752,1,3,0.038400000000000004,1.0,10.0,20.0,0.07795511726289989,0.3345022077402893,0.8302317090660116,1.0781216732883008,0.05787158508321806,-0.0013301868603143585,0.156672,391680,ok,right
10,932,1,3,0.038400000000000004,1.0,10.0,20.0,0.015964557603001594,-0.18075585676101244,3.2160543689791212,1.016365504120684,0.10506006342282588,-3.2447474410892356,0.156326,390815,ok,right
10,64,1,3,0.038400000000000004,1.0,10.0,20.0,-0.08072309084236623,-0.3031199092919186,3.898692602184437,0.9195518062419872,0.04880529116968114,11.875587669004123,0.1615556,403889,ok,right
10,102,1,3,0.038400000000000004,1.0,10.0,20.0,0.674907317571342,0.214837690850528,4.393107157860928,1.675067515134167,0.29573571549427285,6.565860485512489,0.1614168,403542,ok,right
10,121,1,3,0.038400000000000004,1.0,10.0,20.0,0.09084694329649211,-0.017074749600990955,4.517461777729994,1.091139716874599,-0.11043489598166073,-9.78191801731442,0.1605152,401288,ok,right
10,699,1,3,0.038400000000000004,1.0,10.0,20.0,0.3240240499377251,-0.183878048240255,3.4937155913692544,1.3240629083402111,-0.20690355552436965,15.521470134977923,0.1617844,404461,ok,right
10,702,1,3,0.038400000000000004,1.0,10.0,20.0,0.22465361673384907,0.5351977808069862,6.281721448443994,1.225359488871035,0.08105167833929226,0.4307199365557885,0.1636568,409142,ok,right
10,813,1,3,0.038400000000000004,1.0,10.0,20.0,0.63278763089329,0.5849320710137076,0.7188102373773376,1.6331432684061855,0.1156290942321359,21.851466634830693,0.1631668,407917,ok,right
10,851,1,3,0.038400000000000004,1.0,10.0,20.0,0.476449597068131,0.27815334611819875,2.9266837688806926,1.4769686588256263,-0.0818767274645568,0.151028133611816,0.1624988,406247,ok,right
10,951,1,3,0.038400000000000004,1.0,10.0,20.0,0.5738389071077109,0.853291413992695,1.8627623337452959,1.5738990588527337,0.17099338364024375,-18.789665647629676,0.1600028,400007,ok,right
10,94,1,3,0.038400000000000004,1.0,10.0,20.0,0.012299768254160882,-0.9671091138314567,4.602411593167931,1.0126621950575192,0.08753028089849481,5.697048680478288,0.16666319999999998,416658,ok,right
10,101,1,3,0.038400000000000004,1.0,10.0,20.0,0.6375654453411699,-0.5015557469977044,1.1258667438175745,1.6379046040899283,0.11840962384330114,-5.724715213170456,0.1665692,416423,ok,right
10,129,1,3,0.038400000000000004,1.0,10.0,20.0,0.21792207621037962,0.17380278596624293,3.0996555291859442,1.218009302100331,0.14129024119524886,0.3734142253708044,0.16790639999999998,419766,ok,right
10,480,1,3,0.038400000000000004,1.0,10.0,20.0,0.4747116817161441,0.724129873152134,1.8484002774051442,1.4752442584873786,-0.13892753626259655,2.825887969664319,0.1645592,411398,ok,right
10,518,1,3,0.038400000000000004,1.0,10.0,20.0,0.20151156783103943,0.4128330824646106,5.914628854706847,1.2015682436844357,0.09229913829431058,-3.1963592883419243,0.1677676,419419,ok,right
10,546,1,3,0.038400000000000004,1.0,10.0,20.0,0.6087765663862229,0.5431601394880519,4.688159010560618,1.6090324487638168,0.14242574174037673,9.824821565747952,0.1674472,418618,ok,right
10,231,1,3,0.038400000000000004,1.0,10.0,20.0,0.049492447078228,-0.05690450661140717,5.066521898847914,1.0500135237214676,-0.24481266161889206,2.5088493859302843,0.1684336,421084,ok,right
10,254,1,3,0.038400000000000004,1.0,10.0,20.0,0.5292968882247806,-0.883013030017677,4.942798972857148,1.5299963235082141,0.1493488456423233,21.36705273252262,0.1684028,421007,ok,right
10,424,1,3,0.038400000000000004,1.0,10.0,20.0,0.5512813929468393,0.786094924796455,1.075151821280343,1.5516979756260931,0.0047374448368334805,-18.88933900924209,0.1709432,427358,ok,right
10,766,1,3,0.038400000000000004,1.0,10.0,20.0,0.499248799495399,0.3933688753453148,4.659133941984294,1.5002930032175001,0.14115020704384465,-3.3983990126832646,0.1712844,428211,ok,right
10,871,1,3,0.038400000000000004,1.0,10.0,20.0,0.4812286200001836,-0.5077547788741651,1.4436244397696316,1.4817305112884898,0.022594445683200737,9.251918102206087,0.168066,420165,ok,right
10,954,1,3,0.038400000000000004,1.0,10.0,20.0,-0.09856727793812753,0.01180249112355874,2.1937272687461578,0.9018186083731653,-0.0057847832296999205,-0.22037824767447411,0.1685092,421273,ok,right
10,955,1,3,0.038400000000000004,1.0,10.0,20.0,0.2227467853575945,0.19224506846085093,1.8202142888998727,1.2235169020395098,-0.19370271302036784,15.429484915662988,0.1683608,420902,ok,right
10,162,1,3,0.038400000000000004,1.0,10.0,20.0,0.07580179907381535,-0.6594216363938871,4.422257172807485,1.0759656529248487,0.0350097985974071,15.886292834355386,0.17299319999999999,432483,ok,right
10,312,1,3,0.038400000000000004,1.0,10.0,20.0,0.5818780925124883,0.638862998209224,4.691480667000942,1.581954237797847,0.24698993048506382,-12.705029598792404,0.17314079999999998,432852,ok,right
10,364,1,3,0.038400000000000004,1.0,10.0,20.0,0.5902230054140091,0.5998471166964561,0.8376267424016901,1.5909860691933075,-0.03497592700984988,6.2071552607817875,0.172948,432370,ok,right
10,402,1,3,0.038400000000000004,1.0,10.0,20.0,0.6823802722617984,-0.3130383909020404,0.7952809064819376,1.6827016820441676,-0.31358173717225685,1.2044112103017874,0.1754616,438654,ok,right
10,621,1,3,0.038400000000000004,1.0,10.0,20.0,0.6284415684640408,0.43202680809228583,2.5732905793330034,1.629298273830751,0.09412909882756476,6.369259407460747,0.1750048,437512,ok,right
10,794,1,3,0.038400000000000004,1.0,10.0,20.0,0.4870619436725974,0.01669410285927722,1.9883427838751118,-1.2109184680782086,-0.0033421737769455534,9.182934141751039,0.1755032,438758,ok,left
10,811,1,3,0.038400000000000004,1.0,10.0,20.0,0.6074444362893701,-0.4935007286860368,1.3906707186060225,1.607806722248337,0.1809793132093465,-0.23124376664378962,0.17229919999999999,430748,ok,right
10,844,1,3,0.038400000000000004,1.0,10.0,20.0,-0.00881492868065834,-0.4670195255861824,2.4565697381043172,0.9920886053820438,-0.013833981907598717,6.125902982440316,0.17302479999999998,432562,ok,right
10,878,1,3,0.038400000000000004,1.0,10.0,20.0,0.3011372344568372,0.26460392110403835,6.08574245742952,1.3013441684343219,-0.09185357991233403,15.686418568898597,0.175144,437860,ok,right
10,967,1,3,0.038400000000000004,1.0,10.0,20.0,0.3814077662304044,0.30581005629461533,3.7949185289034597,1.3816025817645234,-0.006304437623488798,25.250759886883085,0.1720312,430078,ok,right
10,975,1,3,0.038400000000000004,1.0,10.0,20.0,0.18570516351610422,-0.14533175292701223,5.174430550202093,1.1869003676527539,0.0834765269846279,15.740509120374545,0.172654,431635,ok,right
10,158,1,3,0.038400000000000004,1.0,10.0,20.0,0.5176847336813808,0.6064787878435616,4.068575299783542,1.518013980743977,-0.18239113716064204,-12.289179911591347,0.177982,444955,ok,right
10,306,1,3,0.038400000000000004,1.0,10.0,20.0,0.46538744643330576,-0.22701208638311376,3.2126799216769895,1.4659906736587798,-0.040363366760820994,3.363499465036657,0.1772832,443208,ok,right
10,712,1,3,0.038400000000000004,1.0,10.0,20.0,0.4733559146523476,0.747065746737054,6.268034407375223,1.4740763735526778,0.11113119755103426,12.915419583836982,0.17666079999999998,441652,ok,right
10,745,1,3,0.038400000000000004,1.0,10.0,20.0,0.4119389567524195,0.23252687337432745,2.1508946175771677,1.4121157081767932,-0.052721563914036276,-3.3007642484264994,0.17664159999999998,441604,ok,right
10,768,1,3,0.038400000000000004,1.0,10.0,20.0,-0.0848329270258546,0.34220445034830876,5.713997513560459,0.9151902063590158,-0.03173461644537163,2.3753935804285513,0.1799228,449807,ok,right
10,27,1,3,0.038400000000000004,1.0,10.0,20.0,0.43818935304880147,0.04246072970793028,0.9349798941455123,1.4388719137820831,0.19604714172532803,-9.518498450206351,0.18034319999999998,450858,ok,right
10,89,1,3,0.038400000000000004,1.0,10.0,20.0,0.3714869923889637,-0.1581904194166144,4.191914214167254,1.3716382895010175,0.35731821349804893,0.2977031987680382,0.1807908,451977,ok,right
10,135,1,3,0.038400000000000004,1.0,10.0,20.0,-0.04755489751696587,0.216992231757193,4.62064247680884,0.9532749351937114,0.0425303485805506,12.310838032954385,0.1830568,457642,ok,right
10,150,1,3,0.038400000000000004,1.0,10.0,20.0,0.043432484939694406,-0.5029277991799759,5.438185718057808,1.0437370424895431,-0.04969495736607447,18.761936390845076,0.182758,456895,ok,right
10,545,1,3,0.038400000000000004,1.0,10.0,20.0,0.5125847714021802,-0.4630262957669412,1.878549777001391,1.5138624368884848,-0.4384394416727087,-12.57853090058928,0.181944,454860,ok,right
10,948,1,3,0.038400000000000004,1.0,10.0,20.0,-0.04555412139743567,-0.004058715740732569,3.709389677323487,0.9545401701976023,0.020164999745947307,16.115429718756722,0.182284,455710,ok,right
10,63,1,3,0.038400000000000004,1.0,10.0,20.0,0.24864968527108433,-0.2591600864687782,2.2214302470521154,1.248778850675234,0.010601835524007827,-12.871810190241609,0.1850724,462681,ok,right
10,117,1,3,0.038400000000000004,1.0,10.0,20.0,0.23207267448306085,0.29724358721733524,1.9650355979058347,1.2335621949733298,0.09467216040316782,15.622003319758592,0.1842608,460652,ok,right
10,203,1,3,0.038400000000000004,1.0,10.0,20.0,0.4710938582196832,-0.10439210135673031,3.9694512198734535,1.4720052283765859,0.10316365345918041,15.217777460055459,0.1877196,469299,ok,right
10,250,1,3,0.038400000000000004,1.0,10.0,20.0,-0.015511799603700638,-0.13795638066813404,3.401628011369059,0.9845156559362066,0.03142555697412986,-15.64998086409205,0.18610359999999998,465259,ok,right
10,308,1,3,0.038400000000000004,1.0,10.0,20.0,0.04030153844505549,-0.8042228568927365,5.093027009109289,1.0412966147929381,-0.097409983430422,3.043646663565215,0.18563559999999998,464089,ok,right
10,378,1,3,0.038400000000000004,1.0,10.0,20.0,0.46410701125860215,0.9326295878905381,5.054155666533273,1.464126852770395,0.033733271799558595,-3.213886746657581,0.1857488,464372,ok,right
10,394,1,3,0.038400000000000004,1.0,10.0,20.0,0.6635490886867047,-0.23293306703255143,4.612584991742245,1.664252910065491,-0.098677041195454,2.684631720345634,0.18512679999999998,462817,ok,right
10,700,1,3,0.038400000000000004,1.0,10.0,20.0,-0.05350089464336634,-0.5904489262482892,2.7992946546127553,0.9465392558035722,0.027624396421477137,13.305724187168936,0.185718,464295,ok,right
10,705,1,3,0.038400000000000004,1.0,10.0,20.0,0.39538823124021294,-0.5515596016445974,4.661351999358144,1.3954804801393281,0.05856905960391827,9.071938043587336,0.1862112,465528,ok,right
10,805,1,3,0.038400000000000004,1.0,10.0,20.0,0.35269467011094097,-0.543718601411702,1.5862260485447408,1.353770586239753,-0.02436121433099239,6.369011423487428,0.1847188,461797,ok,right
10,917,1,3,0.038400000000000004,1.0,10.0,20.0,0.578435954451561,0.5999272319948408,2.4867638596278177,1.5787829321847764,0.08142022437536636,-6.243152811592645,0.18419919999999998,460498,ok,right
10,85,1,3,0.038400000000000004,1.0,10.0,20.0,0.5659509237855673,-0.8324937744156975,3.2389962526006606,1.5661644052623165,-0.0774858850468644,-2.913272707844508,0.1895124,473781,ok,right
10,226,1,3,0.038400000000000004,1.0,10.0,20.0,0.4841036405414343,-0.0504672510077206,3.8770979695613095,1.484158347361353,-0.20035424426989507,-12.661727519719305,0.1886756,471689,ok,right
10,296,1,3,0.038400000000000004,1.0,10.0,20.0,0.5360667422413826,-0.19647739109373724,0.45760368347590913,1.5371860738280536,-0.4781635063023981,-6.320758594333399,0.1881,470250,ok,right
10,427,1,3,0.038400000000000004,1.0,10.0,20.0,0.10438343472778798,0.9797652220563089,4.015118639087626,1.1051062925536697,0.05972525589798164,16.17874420326857,0.1910836,477709,ok,right
10,428,1,3,0.038400000000000004,1.0,10.0,20.0,0.5145232370123267,0.5166447033703659,2.357001295364733,1.515126604500485,0.21839220497961281,6.357893075998387,0.1913076,478269,ok,right
10,440,1,3,0.038400000000000004,1.0,10.0,20.0,0.5456774916499854,0.043490744143223285,6.2657347864667825,1.545806682279452,0.23161538940810905,-0.10008222633002328,0.19083319999999998,477083,ok,right
10,776,1,3,0.038400000000000004,1.0,10.0,20.0,0.1913299560546875,-0.1352792833697801,0.5652203261410392,1.1923093095950792,0.07331576357095097,-0.18964100679804338,0.18941919999999998,473548,ok,right
10,884,1,3,0.038400000000000004,1.0,10.0,20.0,0.600129783526063,-0.35889120024424187,0.6226491034687,1.600266512847769,0.2671768563622613,6.603009261063718,0.19072519999999998,476813,ok,right
10,0,1,3,0.038400000000000004,1.0,10.0,20.0,0.549450177513063,0.012916287404200527,5.108544549831431,1.5498044446906158,0.2141649620777686,9.36686149057913,0.19308399999999998,482710,ok,right
10,228,1,3,0.038400000000000004,1.0,10.0,20.0,0.5769410096108913,-0.3766192360991498,2.0695140004106656,1.5778641132016824,-0.2713250157336835,5.800833765591564,0.1932788,483197,ok,right
10,285,1,3,0.038400000000000004,1.0,10.0,20.0,0.2908595841377974,-0.789642539910808,5.6821674531735376,1.2909222584069215,-0.0878917270652574,-3.54727079738819,0.194054,485135,ok,right
10,390,1,3,0.038400000000000004,1.0,10.0,20.0,0.36822001282125716,-0.17578711745632272,3.3305325436260285,1.3693670359536105,0.034458239612804226,-0.19050217187220891,0.19379,484475,ok,right
10,581,1,3,0.038400000000000004,1.0,10.0,20.0,0.6083653561770916,-0.6732290116952403,4.664268291439129,1.6091817543077451,-0.060393792669524264,13.180814316520166,0.195246,488115,ok,right
10,614,1,3,0.038400000000000004,1.0,10.0,20.0,0.3403153594583273,0.8776140243741621,4.703881721154624,1.3410230596819857,0.012091853413489789,0.12735102214817223,0.1953584,488396,ok,right
10,973,1,3,0.038400000000000004,1.0,10.0,20.0,0.5358475403860211,0.7476087757231692,2.449589993564227,1.5359216500680546,-0.07277995453653148,-2.9955795864710173,0.1930664,482666,ok,right
10,86,1,3,0.038400000000000004,1.0,10.0,20.0,0.6975154636427761,0.09798565039658184,2.914523332566852,1.6989324557903105,-0.06489049246842794,0.2645965672144093,0.19859279999999999,496482,ok,right
10,138,1,3,0.038400000000000004,1.0,10.0,20.0,0.3674728145822883,0.9516534363780934,0.8618843789324766,1.3680826378634328,0.017817003125482036,0.012976485341875614,0.1978672,494668,ok,right
10,365,1,3,0.038400000000000004,1.0,10.0,20.0,0.41024519223719835,0.482897060831216,4.319495788474782,2.816361646913297,0.003282636736636424,-5.169923122413903,0.1980988,495247,ok,right
10,374,1,3,0.038400000000000004,1.0,10.0,20.0,0.6504581268876791,0.40265364892630606,4.219931877855407,1.6508330120224997,0.027323868432553154,6.669814870901234,0.19816119999999998,495403,ok,right
10,509,1,3,0.038400000000000004,1.0,10.0,20.0,0.20321986470371486,0.43911749559974883,5.8365011119613355,1.2041526842780634,0.06691696598274144,15.399318166543592,0.1992516,498129,ok,right
10,698,1,3,0.038400000000000004,1.0,10.0,20.0,0.4293767582625151,-0.993515238239827,2.969263638046012,1.4298951938104647,-0.10331813575801849,15.505633435143734,0.199116,497790,ok,right
10,793,1,3,0.038400000000000004,1.0,10.0,20.0,-0.07174673192203045,-0.2595527503865925,0.9989001934368336,0.9282800183951663,-0.04908807618007002,-0.2197272366904697,0.199908,499770,ok,right
10,802,1,3,0.038400000000000004,1.0,10.0,20.0,0.6392100341618061,0.3923100124000869,4.827042907083804,1.6393005047366638,0.09214970061000996,16.180030557220906,0.1967816,491954,ok,right
10,823,1,3,0.038400000000000004,1.0,10.0,20.0,0.30650681536644697,-1.0925432018736165,0.22097963632313,1.307218907508865,0.10223070169698653,6.4850975934426325,0.1994388,498597,ok,right
10,893,1,3,0.038400000000000004,1.0,10.0,20.0,0.020877914875745775,0.8951555441742447,1.1918478631217497,1.0212933453184097,0.008648942868829225,2.7286537134389364,0.19657519999999998,491438,ok,right
10,985,1,3,0.038400000000000004,1.0,10.0,20.0,-0.014307661540806295,-0.4560731914873468,4.140362189424213,0.9861365100136417,0.1405042579418341,18.724333897013466,0.19706359999999998,492659,ok,right
10,23,1,3,0.038400000000000004,1.0,10.0,20.0,0.39653211217373613,-0.729556853878143,3.7888547890557844,1.3966614724602255,-0.04194743823693187,-6.242849571788716,0.2012536,503134,ok,right
10,123,1,3,0.038400000000000004,1.0,10.0,20.0,0.3670316964387894,0.5303490731741324,4.334117503996495,1.3671763240867607,-0.2615432333735365,-22.227834540193044,0.2005872,501468,ok,right
10,161,1,3,0.038400000000000004,1.0,10.0,20.0,0.08403266500681639,-0.4729067780500466,5.426747293258645,1.0844231043074004,0.03659026344070192,-9.169643344077253,0.20245439999999998,506136,ok,right
10,587,1,3,0.038400000000000004,1.0,10.0,20.0,0.598004856146872,0.17170854192236235,2.306674076839787,1.5982255441086655,-0.006370577396671958,-1.7072111546131474,0.20370919999999998,509273,ok,right
10,641,1,3,0.038400000000000004,1.0,10.0,20.0,0.5710235560312867,-0.07224726674551696,5.237177804242799,1.572096042197476,-0.365275028293362,19.12805629003387,0.2012752,503188,ok,right
10,771,1,3,0.038400000000000004,1.0,10.0,20.0,0.32770062144845724,-0.11041013707939261,6.252523300566794,1.3285917365742665,-0.2584276611269874,2.9659827722770413,0.201234,503085,ok,right
10,266,1,3,0.038400000000000004,1.0,10.0,20.0,0.020203586667776108,-0.5897796396211481,5.6570435584796215,1.0204399964797428,-0.041785369393260705,6.752306593293603,0.2040428,510107,ok,right
10,351,1,3,0.038400000000000004,1.0,10.0,20.0,0.004654303938150406,0.3101175360722993,1.4523640381861285,1.0047079112439095,0.06310656081020732,9.667909246263928,0.20651919999999999,516298,ok,right
10,380,1,3,0.038400000000000004,1.0,10.0,20.0,0.09120328761637211,-0.4748441798257073,2.0345755287630816,1.091305195478225,-0.09154831314684678,3.246293926962368,0.20680679999999999,517017,ok,right
10,609,1,3,0.038400000000000004,1.0,10.0,20.0,-0.03425518684089184,-0.6830245923415003,4.119344768684277,0.9657504900876409,0.05942958192180385,-0.46649835827101627,0.2061144,515286,ok,right
10,827,1,3,0.038400000000000004,1.0,10.0,20.0,0.05046332105994225,0.828174653744495,4.62175841705223,1.0505448150915333,0.09963216772800561,9.28109614044413,0.2056372,514093,ok,right
10,900,1,3,0.038400000000000004,1.0,10.0,20.0,-0.011836839281022549,-0.15124601909062324,0.207142652002907,0.9882409698696151,-0.1291629055253332,-9.468695170621546,0.20704799999999998,517620,ok,right
10,131,1,3,0.038400000000000004,1.0,10.0,20.0,-0.06882657874375582,-0.04524480355768431,5.786722418958965,0.9316597123819235,-0.057027092741096894,15.632548626618298,0.20998999999999998,524975,ok,right
10,335,1,3,0.038400000000000004,1.0,10.0,20.0,0.4778084153309465,0.5337067116167715,3.5832359798184736,1.4781228652759784,0.3664624041818083,-3.0606755589517896,0.2085868,521467,ok,right
10,396,1,3,0.038400000000000004,1.0,10.0,20.0,0.1935170751065016,-0.4209159365144895,2.0427385341107342,1.1936168975712764,0.014765887082149284,0.6517211973250794,0.2083796,520949,ok,right
10,477,1,3,0.038400000000000004,1.0,10.0,20.0,0.3331410950049758,-0.49757977945153714,0.4203933000512234,1.333548654823937,0.004582522542535379,-9.4438156794346,0.2110144,527536,ok,right
10,561,1,3,0.038400000000000004,1.0,10.0,20.0,0.07991794906556607,-0.4130537938637096,1.2440535225884437,1.0803114957653572,-0.007626409589410374,-5.624823134215564,0.210754,526885,ok,right
10,594,1,3,0.038400000000000004,1.0,10.0,20.0,-0.0858540214598179,0.14510228879925138,1.5077915977093208,0.9141980714608839,0.04166897478785699,3.1006181907240933,0.21088479999999998,527212,ok,right
10,756,1,3,0.038400000000000004,1.0,10.0,20.0,0.023627836443483832,0.33789146895149863,0.91416432976799,1.0245571806145624,-0.022745752512318522,6.079926201656829,0.209974,524935,ok,right
10,782,1,3,0.038400000000000004,1.0,10.0,20.0,0.6006667023524642,0.5903509492650562,2.6745228031928927,1.60136871709946,0.2847050127956196,-3.794515190010637,0.2116756,529189,ok,right
10,108,1,3,0.038400000000000004,1.0,10.0,20.0,0.03948285337537527,-0.5862482120482415,3.6077441366815806,1.039968637664999,0.052480348543444175,-3.4252561879480057,0.215908,539770,ok,right
10,221,1,3,0.038400000000000004,1.0,10.0,20.0,0.47732894737273457,0.5019322339680907,2.602419294192326,1.4773979252681766,-0.16996065414722242,12.85062723339615,0.21468959999999998,536724,ok,right
10,252,1,3,0.038400000000000004,1.0,10.0,20.0,0.13721753619611263,0.5193088121710839,6.068130926489994,1.137548912286837,-0.07791071260592373,9.141572951809716,0.2149516,537379,ok,right
10,464,1,3,0.038400000000000004,1.0,10.0,20.0,-0.07858862914144993,-0.3350561548083947,6.062722257951525,0.9216445173472104,0.038547903597886596,0.15596556632488573,0.21321959999999998,533049,ok,right
10,560,1,3,0.038400000000000004,1.0,10.0,20.0,0.35800272691994905,-0.6283573834459119,0.8022467006352241,1.360140295797138,0.20155883345336092,3.341729208436991,0.21556119999999998,538903,ok,right
10,855,1,3,0.038400000000000004,1.0,10.0,20.0,0.4655835997313261,-1.008910301618032,5.3523637664519,1.4659869510126038,-0.18775899744268373,0.31349916937957634,0.2122096,530524,ok,right
10,34,1,3,0.038400000000000004,1.0,10.0,20.0,0.07081121858209372,-0.7319330951837194,0.7287457420652738,1.0708841441588086,0.09658140515449076,19.018247860505834,0.21859599999999998,546490,ok,right
10,78,1,3,0.038400000000000004,1.0,10.0,20.0,0.4417062880471349,-1.0118740796019738,1.276707556954331,1.4417067540357966,0.02495322021519927,-12.529703445151554,0.2164364,541091,ok,right
10,642,1,3,0.038400000000000004,1.0,10.0,20.0,-0.013489172607660294,-0.8673378121505919,3.2516106455607607,0.9871397029437761,0.04021246025401487,12.749298186480685,0.2190304,547576,ok,right
10,849,1,3,0.038400000000000004,1.0,10.0,20.0,0.6536688627675176,-0.06687895928398696,5.296623329713258,1.6541096104179835,-0.21353916569566242,6.077769464816212,0.2194532,548633,ok,right
10,866,1,3,0.038400000000000004,1.0,10.0,20.0,0.007836627773940563,0.2708233427661171,4.2111742796948635,1.0085846417208097,0.11170364455947962,-15.808843727797875,0.2193128,548282,ok,right
10,901,1,3,0.038400000000000004,1.0,10.0,20.0,0.26302715819329026,0.024413356226325112,0.47630681462782276,1.2641452740264527,0.28953635101635045,12.689245626850138,0.21894719999999998,547368,ok,right
10,168,1,3,0.038400000000000004,1.0,10.0,20.0,0.4900178920477629,0.6058602144917804,3.0005539869917848,1.4921341584109753,-0.17400319831941077,-15.500079658982989,0.22105239999999998,552631,ok,right
10,262,1,3,0.038400000000000004,1.0,10.0,20.0,0.09958158023655415,0.3679268916479172,1.1283122088810102,1.1003541961607273,-0.12875165370556838,2.987304820065441,0.2201696,550424,ok,right
10,289,1,3,0.038400000000000004,1.0,10.0,20.0,0.24726515207439662,0.6551828976728078,2.799768164622062,1.247292415793991,0.05906228925364682,18.581145004086817,0.22158719999999998,553968,ok,right
10,588,1,3,0.038400000000000004,1.0,10.0,20.0,0.18659029621630907,1.3459509023762548,3.842692826643294,1.1867730079817298,0.009933534409601479,-9.42143734098586,0.22166,554150,ok,right
10,648,1,3,0.038400000000000004,1.0,10.0,20.0,0.6803224291652441,0.028244718565930374,2.914373412722089,1.6807450203994962,0.13228748979090937,6.47907188115841,0.22300679999999998,557517,ok,right
10,741,1,3,0.038400000000000004,1.0,10.0,20.0,-0.013537511788308622,0.5177638856997498,3.1745668914648704,0.9865797341554801,0.0234974250650065,-6.1034952112091405,0.22108319999999998,552708,ok,right
10,814,1,3,0.038400000000000004,1.0,10.0,20.0,0.6073661003261805,0.35176228216002914,1.0066585322370716,1.6078412547706622,-0.35141621803317813,15.177231138265388,0.22391799999999998,559795,ok,right
10,346,1,3,0.038400000000000004,1.0,10.0,20.0,-0.08438551966100932,0.029289324437635825,2.044550235266788,0.9157730518328928,-0.021958175373500623,12.39086237719967,0.2244352,561088,ok,right
10,492,1,3,0.038400000000000004,1.0,10.0,20.0,0.32184711974114183,1.0863004093304964,0.10792079357423626,1.3222227471315755,-0.04524836615576524,-12.744834691940294,0.2242824,560706,ok,right
10,513,1,3,0.038400000000000004,1.0,10.0,20.0,0.6250318218022586,-0.42481230124012065,4.043579005193254,1.6263933707632598,-0.1776100037724829,-15.932173233034478,0.2269272,567318,ok,right
10,646,1,3,0.038400000000000004,1.0,10.0,20.0,0.4904962381348014,-0.9500961437743765,4.74829556732959,1.490694648484812,0.2378081222816115,15.742954104493267,0.22672479999999998,566812,ok,right
10,792,1,3,0.038400000000000004,1.0,10.0,20.0,0.017286358401179314,0.2749276164395961,0.9122940358170255,1.0177800694576253,0.03163424359880819,9.537829201984763,0.2251888,562972,ok,right
10,949,1,3,0.038400000000000004,1.0,10.0,20.0,0.014411767385900021,0.6576843291437815,0.7136743855056352,1.0148668784042763,0.04118395498964241,-3.1733654501639887,0.22568359999999998,564209,ok,right
10,989,1,3,0.038400000000000004,1.0,10.0,20.0,0.3606479950249195,-0.5554664861630544,5.9522444401069645,1.3609533182562144,0.11263868933240688,6.400727233487281,0.22617879999999999,565447,ok,right
10,44,1,3,0.038400000000000004,1.0,10.0,20.0,0.2673183150589466,0.2596095203584488,1.6075211179698587,1.2676442757405242,0.037485420125648296,-12.699892197408298,0.2315612,578903,ok,right
10,164,1,3,0.038400000000000004,1.0,10.0,20.0,0.10146291069686414,0.9303692182194574,5.649985073836833,1.1015350437796485,0.25246744149388267,1.9752867562823582,0.2306812,576703,ok,right
10,244,1,3,0.038400000000000004,1.0,10.0,20.0,0.04213083740323782,0.05811237891322062,0.9815956631708321,1.0425176014337207,-0.05982299261043583,-0.4518716555600086,0.2309568,577392,ok,right
10,448,1,3,0.038400000000000004,1.0,10.0,20.0,0.4151891216635704,-0.31232265432548084,4.4242763098955065,1.4154056618416448,-0.08720478716304318,0.629640569923926,0.23043799999999998,576095,ok,right
10,475,1,3,0.038400000000000004,1.0,10.0,20.0,0.05435062143951655,-1.0106351629384367,1.6957324609892248,1.0547664249742283,0.031229630966161704,-6.231858121390512,0.23128279999999998,578207,ok,right
10,499,1,3,0.038400000000000004,1.0,10.0,20.0,0.08017033860087396,-0.43469943170113406,5.9645007063325055,1.0802164618152497,-0.03771868965064299,18.423328245401297,0.2281172,570293,ok,right
10,530,1,3,0.038400000000000004,1.0,10.0,20.0,-0.07329799942672253,0.2381223492663406,3.268687545773628,2.825194292197563,-0.003265655260915365,1.4864879305661984,0.230544,576360,ok,right
10,655,1,3,0.038400000000000004,1.0,10.0,20.0,0.36277503706514835,-0.8118191313424507,1.907787689917822,1.3631067917492092,-0.0011247845655464079,9.064102366539457,0.2314716,578679,ok,right
10,800,1,3,0.038400000000000004,1.0,10.0,20.0,-0.03338518254458905,0.5440553574783422,1.2003992644419392,0.9676814353846956,-0.0394890574844279,9.309214647189654,0.229658,574145,ok,right
10,999,1,3,0.038400000000000004,1.0,10.0,20.0,0.2362584348767996,0.4885565861224438,1.063497608749898,1.2362982022419315,-0.08627536539980916,-5.592689011973794,0.2286132,571533,ok,right
10,133,1,3,0.038400000000000004,1.0,10.0,20.0,0.61623949483037,-0.6735568544927124,0.49958411025490423,1.6166381260602227,-0.012798315343602911,2.9266504792555046,0.23556719999999998,588918,ok,right
10,251,1,3,0.038400000000000004,1.0,10.0,20.0,0.34155311807990074,1.2095366068128537,3.0301329148900016,1.3429683109487627,0.08255077187964752,0.2876177415292181,0.23493,587325,ok,right
10,375,1,3,0.038400000000000004,1.0,10.0,20.0,0.2582312343642116,-0.759848649894201,3.7886041663191987,1.2583416890716879,-0.10905517659153532,8.958553267599182,0.2342804,585701,ok,right
10,644,1,3,0.038400000000000004,1.0,10.0,20.0,0.5248898008838296,0.5131877099636583,3.221235363576914,1.5256575160450092,0.0031283705101727128,-9.499909397492647,0.2324552,581138,ok,right
10,842,1,3,0.038400000000000004,1.0,10.0,20.0,0.5255328057333827,-0.4609929081356409,4.101486661439573,1.5258575405826844,-0.3645118388358789,9.144316556511658,0.23306559999999998,582664,ok,right
10,845,1,3,0.038400000000000004,1.0,10.0,20.0,0.21559069380164148,-0.14197167953744808,4.779846047979464,1.2168487070901362,0.196323970239237,9.541940943500464,0.2321136,580284,ok,right
10,980,1,3,0.038400000000000004,1.0,10.0,20.0,0.010511163249611856,-0.8001093113030235,1.7680133268631313,1.0111869197673367,0.018852053027544467,-9.342305731762526,0.23445719999999998,586143,ok,right
10,370,1,3,0.038400000000000004,1.0,10.0,20.0,0.2560456369072199,0.6874771984875246,0.04471455776366802,1.25772291562213,0.0356295433464657,-6.172513557126733,0.23731239999999998,593281,ok,right
10,456,1,3,0.038400000000000004,1.0,10.0,20.0,0.46765599567443134,-0.8194367369337516,2.6907636808334927,1.4678463074133898,-0.1878292218420757,3.7581853489440897,0.2366488,591622,ok,right
10,534,1,3,0.038400000000000004,1.0,10.0,20.0,0.0928564913570881,-0.020494062701121588,4.628443455282334,1.0928823238612149,0.1347330398040867,-6.320597213372037,0.23993879999999998,599847,ok,right
10,678,1,3,0.038400000000000004,1.0,10.0,20.0,-0.05759880710393191,-0.18957752423970048,0.4342458337277109,0.9424473047663018,0.0038391650153118215,6.397649981265674,0.2393128,598282,ok,right
10,260,1,3,0.038400000000000004,1.0,10.0,20.0,0.2968229174613953,1.8616346126288659,1.2285327356510831,1.2977816116146854,0.00923517247861309,-12.859721750165567,0.2438032,609508,ok,right
10,300,1,3,0.038400000000000004,1.0,10.0,20.0,0.43671516571193936,-1.2968998770352371,5.579635916677777,1.4370339938064816,0.059986970007071476,5.985081549639472,0.24136719999999998,603418,ok,right
10,442,1,3,0.038400000000000004,1.0,10.0,20.0,0.22683842163532975,1.0046656896212514,4.807450887888993,1.2275704054863497,0.028937068038441822,11.993331786659528,0.24384199999999998,609605,ok,right
10,969,1,3,0.038400000000000004,1.0,10.0,20.0,0.3845191540196538,-0.03566965049786464,5.766976470060936,1.3851454483180645,0.21248595669639014,18.58751950366153,0.2439256,609814,ok,right
10,991,1,3,0.038400000000000004,1.0,10.0,20.0,0.22164495047181845,0.8515322158769257,2.954934706559929,1.2220034008862457,-0.1456700146796839,-6.38347348685944,0.242134,605335,ok,right
10,141,1,3,0.038400000000000004,1.0,10.0,20.0,0.41287656109780074,0.024222622800198015,0.5006825700901655,1.4132589745034478,0.06700420821800643,-6.583765567148708,0.24578319999999998,614458,ok,right
10,564,1,3,0.038400000000000004,1.0,10.0,20.0,0.5738757066428661,-0.6891655635035012,4.636013532617869,1.5739425277805417,0.12093130121979359,3.1693204286246344,0.24772719999999998,619318,ok,right
10,939,1,3,0.038400000000000004,1.0,10.0,20.0,-0.09208512566983701,0.03975322692202102,4.736628551340115,0.9085954726284579,0.03894521187853731,12.891163620812744,0.24578799999999998,614470,ok,right
10,62,1,3,0.038400000000000004,1.0,10.0,20.0,0.36448522768914704,-1.1035027099388472,2.26719637373785,1.3645977583907478,0.08610593040948984,5.936743001380989,0.250998,627495,ok,right
10,132,1,3,0.038400000000000004,1.0,10.0,20.0,0.27485187202692035,-0.49636502025121193,2.773311830975287,1.2754116499822425,0.09064873757250548,-6.034142195205232,0.2518208,629552,ok,right
10,153,1,3,0.038400000000000004,1.0,10.0,20.0,0.5037644999101758,0.25402703311811836,4.205736145060442,1.503800847367357,-0.13907238440229117,19.226705414503005,0.2505668,626417,ok,right
10,323,1,3,0.038400000000000004,1.0,10.0,20.0,0.31254048328846695,1.5299212311561554,1.41124442605209,1.313282047189597,-0.47230933245396306,15.761511355059662,0.251092,627730,ok,right
10,797,1,3,0.038400000000000004,1.0,10.0,20.0,0.03191907424479723,1.1579024962704454,5.012692194041785,1.0332125455012606,-0.1405320739987929,-0.7237482317161383,0.2503912,625978,ok,right
10,921,1,3,0.038400000000000004,1.0,10.0,20.0,0.41383709739893676,1.0561087285873203,0.669244852460105,1.4139247156667196,0.18951824547725898,8.670613816422335,0.2502136,625534,ok,right
10,3,1,3,0.038400000000000004,1.0,10.0,20.0,0.1069055525586009,-1.1642059714345914,0.311281347374715,1.1075775489628223,0.019669825819758565,0.0973272196530924,0.25523399999999996,638085,ok,right
10,453,1,3,0.038400000000000004,1.0,10.0,20.0,0.28009851202368735,0.4097260312492978,3.4759236255767494,1.2805321837223533,0.0022872146094204435,-6.285597863772709,0.255836,639590,ok,right
10,465,1,3,0.038400000000000004,1.0,10.0,20.0,0.13757861368358135,-1.6196376322788164,0.861544692280307,1.1382977010188726,0.05697592350447984,1.0433523223892531,0.2526716,631679,ok,right
10,624,1,3,0.038400000000000004,1.0,10.0,20.0,0.6344948941841722,0.2097598028252337,5.775336978126798,1.6349674847980675,-0.226681269586234,8.522863247418536,0.25539039999999996,638476,ok,right
10,708,1,3,0.038400000000000004,1.0,10.0,20.0,0.31446647290140395,1.055402150331151,2.0307388754196416,1.31563119932126,0.057864975224356185,0.30098505657512936,0.2541084,635271,ok,right
10,92,1,3,0.038400000000000004,1.0,10.0,20.0,0.2513776995241642,-0.013515636535955727,3.5062669281713834,1.251740947942899,0.05539531736897916,19.154855563167647,0.2563136,640784,ok,right
10,148,1,3,0.038400000000000004,1.0,10.0,20.0,-0.07613664939999581,-0.25333023630931667,6.178530312907571,0.9239332384619764,-0.0008634441905575501,12.323508371703419,0.2571676,642919,ok,right
10,160,1,3,0.038400000000000004,1.0,10.0,20.0,0.028607182018458844,0.6183314835539104,4.819780027915734,1.0294146281756116,-0.09433517234223818,2.939827555319147,0.25945039999999997,648626,ok,right
10,419,1,3,0.038400000000000004,1.0,10.0,20.0,0.6426155677065254,0.5181402282132702,5.163074701276832,1.6433297640289801,0.14298057252695529,19.443065696435966,0.25624559999999996,640614,ok,right
10,481,1,3,0.038400000000000004,1.0,10.0,20.0,0.020117258466780186,-0.23753642910231426,2.7193143982226147,1.0201218082211525,0.01799208768712101,-9.69765463758627,0.2595328,648832,ok,right
10,638,1,3,0.038400000000000004,1.0,10.0,20.0,0.34668604955077176,-1.423727640366541,2.5769156288908683,1.346994909081577,-0.23530884021793258,-9.615305888797488,0.25692119999999996,642303,ok,right
10,676,1,3,0.038400000000000004,1.0,10.0,20.0,-0.07104212790727615,0.4561258214560412,3.062226417564637,0.9300614859032988,-0.029506604540147967,9.213273520352232,0.2585532,646383,ok,right
10,718,1,3,0.038400000000000004,1.0,10.0,20.0,0.37092354875057937,0.7374648401540552,2.258587329056583,1.3710538385168145,0.07436862626100109,-3.086832562382783,0.25718399999999997,642960,ok,right
10,781,1,3,0.038400000000000004,1.0,10.0,20.0,-0.011958889476954938,-0.03561120322128094,2.2114140170816476,0.9884646987508331,0.07961062112402266,-6.543573807296465,0.2607236,651809,ok,right
10,925,1,3,0.038400000000000004,1.0,10.0,20.0,0.15668813604861498,0.6858946709714215,5.468355489309879,1.1567061055040504,-0.08864613836654596,-2.6427358933878335,0.26152359999999997,653809,ok,right
10,947,1,3,0.038400000000000004,1.0,10.0,20.0,0.500095784664154,0.3784224657166623,1.3003995547468508,1.5002087140607077,0.06782205832167325,-6.132073086605305,0.26319,657975,ok,right
10,81,1,3,0.038400000000000004,1.0,10.0,20.0,0.11190082393586637,1.0396970582199645,3.4315172417469055,1.1125446253098397,0.038949059326977065,-3.4236372138508977,0.26572399999999996,664310,ok,right
10,167,1,3,0.038400000000000004,1.0,10.0,20.0,0.6249486219137907,0.09930235081968271,5.468499042535162,1.6258428335306347,-0.11538508599455397,-3.215072655646556,0.26684199999999997,667105,ok,right
10,179,1,3,0.038400000000000004,1.0,10.0,20.0,0.3991973688825965,0.8192626664453277,0.17520796517787507,1.3992316863525551,0.15995857756620327,15.477767070834203,0.2640336,660084,ok,right
10,182,1,3,0.038400000000000004,1.0,10.0,20.0,0.375978353433311,-1.137075513414393,4.454559002331199,1.3760696974682345,0.23602149039631481,21.803415378040867,0.26602359999999997,665059,ok,right
10,240,1,3,0.038400000000000004,1.0,10.0,20.0,0.5407035535201431,0.3826643333397608,0.7598414131876482,1.54071465906664,-0.016188229351608505,2.8772053813973137,0.26635,665875,ok,right
10,457,1,3,0.038400000000000004,1.0,10.0,20.0,0.6212239027023316,-0.5816166568321592,2.9323040587597538,1.6215114415667395,0.20675606504315028,2.874086293573535,0.26702919999999997,667573,ok,right
10,622,1,3,0.038400000000000004,1.0,10.0,20.0,0.655813192203641,-0.28760117314120803,3.278938335640172,1.6563906270341962,0.3834206993379694,-28.159774517765545,0.26411799999999996,660295,ok,right
10,912,1,3,0.038400000000000004,1.0,10.0,20.0,0.06807528883218765,-0.747564166571339,1.887831584060197,1.0683745924410686,-0.08814529736465704,0.7529030359110115,0.265596,663990,ok,right
10,172,1,3,0.038400000000000004,1.0,10.0,20.0,0.03982443287968636,-0.07660183079177277,1.6921596668651515,1.0407813806772976,-0.07507793831685379,6.413003219876961,0.27099039999999996,677476,ok,right
10,625,1,3,0.038400000000000004,1.0,10.0,20.0,0.10955941658467055,0.9726240013552355,6.017625904901694,1.1101952691046726,0.14555769127614163,18.49211083469953,0.2699332,674833,ok,right
10,749,1,3,0.038400000000000004,1.0,10.0,20.0,0.27754548098891973,-0.31661769839030923,2.9548230376341844,1.2781185347529211,-0.33994890842785896,28.46828144302553,0.2706112,676528,ok,right
10,902,1,3,0.038400000000000004,1.0,10.0,20.0,0.3621040564030409,0.9208850656654227,3.3984928755209243,1.3624120198238527,0.11335997253735675,-25.802475878741543,0.271434,678585,ok,right
10,942,1,3,0.038400000000000004,1.0,10.0,20.0,0.5221923232078552,-0.415276107546499,1.3732924704350888,1.5222973388789698,0.06911976005617183,-19.07961216349701,0.2683684,670921,ok,right
10,992,1,3,0.038400000000000004,1.0,10.0,20.0,-0.06799212098121643,0.26548753185393537,5.223839490659929,0.9325906054844387,0.028477739362153448,13.270145476319115,0.2719252,679813,ok,right
10,6,1,3,0.038400000000000004,1.0,10.0,20.0,0.518956040032208,0.08376005803471318,2.301213087036213,1.51959892644061,-0.08661916542324462,2.8259637624623544,0.272348,680870,ok,right
10,355,1,3,0.038400000000000004,1.0,10.0,20.0,0.5589272528886795,0.5630859898000398,3.944720784311547,1.559102189022656,0.03396864193332475,6.201282971100544,0.2735996,683999,ok,right
10,397,1,3,0.038400000000000004,1.0,10.0,20.0,0.24109542556107044,0.43549748619535067,5.823823668694938,1.241592227501642,0.24291568390733984,12.669470974523563,0.2736668,684167,ok,right
10,445,1,3,0.038400000000000004,1.0,10.0,20.0,0.4608857354149223,0.8089403981978481,0.605800785668636,1.4614834641047967,0.08692096889214006,-6.2270692834257,0.2741456,685364,ok,right
10,760,1,3,0.038400000000000004,1.0,10.0,20.0,0.38106610476970676,-0.7465816998243002,0.7850036509644219,1.3820272894049814,0.02524364583888805,2.9784424852707683,0.27205799999999997,680145,ok,right
10,892,1,3,0.038400000000000004,1.0,10.0,20.0,0.2538637945428491,0.5269665456058807,3.706527719482884,1.254289776540304,-0.0010983635602165643,6.042697554471061,0.2758152,689538,ok,right
10,7,1,3,0.038400000000000004,1.0,10.0,20.0,0.6016563378274441,0.2823077588963483,0.7014548911889347,1.6023936584352698,-0.07297239289302536,22.047370055964535,0.27682239999999997,692056,ok,right
10,301,1,3,0.038400000000000004,1.0,10.0,20.0,0.09429579339921475,0.6595028603625595,5.282993185917345,1.095210963607202,-0.08956952174228709,0.057152104964543836,0.276676,691690,ok,right
10,362,1,3,0.038400000000000004,1.0,10.0,20.0,0.1223336385563016,0.9016989237634514,2.5194902294410526,1.1223379199461185,-0.05069214475019423,2.7697341446862116,0.27895,697375,ok,right
10,652,1,3,0.038400000000000004,1.0,10.0,20.0,0.0013591984286904337,0.2863115313291648,5.194421716354405,1.0013675103545363,0.12732559986204928,6.825602120564676,0.2798576,699644,ok,right
10,672,1,3,0.038400000000000004,1.0,10.0,20.0,-0.09784372039139272,0.13999937794109601,3.315623130634847,0.9030123667629331,-0.0003266112979439202,-6.193976175099963,0.2797608,699402,ok,right
10,924,1,3,0.038400000000000004,1.0,10.0,20.0,0.6615000225603581,-0.43500578687332153,1.7849302467436043,1.6616950606524075,0.2072715627954826,0.5228533649335216,0.2770776,692694,ok,right
10,171,1,3,0.038400000000000004,1.0,10.0,20.0,0.33149654343724255,-0.39661784560805796,4.683033497130982,1.3320822857070669,0.04623163602505138,-2.5662544329636785,0.2804596,701149,ok,right
10,249,1,3,0.038400000000000004,1.0,10.0,20.0,0.009762890636920929,-0.2863835381975549,6.004252109703728,1.0098588724822783,0.1053818652519331,-12.51399255563241,0.283862,709655,ok,right
10,478,1,3,0.038400000000000004,1.0,10.0,20.0,0.35007072724401955,-1.6110991225428195,3.586494679579256,1.350638042879464,-0.27138678172334046,-5.924412743810977,0.2831976,707994,ok,right
10,568,1,3,0.038400000000000004,1.0,10.0,20.0,0.25564228277653456,-1.9196909755723608,1.5656406479944658,1.2556759608209451,0.016627037879742006,-16.165881760959117,0.2826164,706541,ok,right
10,807,1,3,0.038400000000000004,1.0,10.0,20.0,0.5935050943866372,-0.09630736220495338,1.1359484744821238,1.5935222908048576,0.03978682704492107,0.24783131777862932,0.28014,700350,ok,right
10,5,1,3,0.038400000000000004,1.0,10.0,20.0,0.4164835996925831,0.3684336078435349,2.9819669676478227,1.4168876217950563,-0.20115166421451114,-9.435734907063154,0.2874188,718547,ok,right
10,222,1,3,0.038400000000000004,1.0,10.0,20.0,0.3528918039053679,1.5131897192850838,5.383198417878899,1.3529252330396333,-0.12209476850286145,5.822660980542569,0.2873464,718366,ok,right
10,280,1,3,0.038400000000000004,1.0,10.0,20.0,0.6476744063198567,0.37699008504921305,5.318168934099877,1.6480043404795033,-0.06896820898427959,-0.15981494694822274,0.28713079999999996,717827,ok,right
10,349,1,3,0.038400000000000004,1.0,10.0,20.0,0.6387957539409399,-0.11405617451931374,5.05702856553819,1.6399533603664385,-0.03782641552797203,9.07290946108346,0.2850564,712641,ok,right
10,359,1,3,0.038400000000000004,1.0,10.0,20.0,0.5981019262224436,-0.21120039615807235,2.800857893762226,1.5988910966850425,0.004211058019182807,-6.213886330780002,0.2852168,713042,ok,right
10,487,1,3,0.038400000000000004,1.0,10.0,20.0,0.3464666333049536,0.07336078946158386,5.985811301707199,1.3469632745277822,-0.17010189792493088,6.716072994913777,0.284112,710280,ok,right
10,653,1,3,0.038400000000000004,1.0,10.0,20.0,0.4318564262241125,0.22100553786242425,2.175695283447306,1.4321120687182567,0.42748472341703797,9.174234490892367,0.2840984,710246,ok,right
10,856,1,3,0.038400000000000004,1.0,10.0,20.0,-0.008155814558267594,0.8426923579380052,4.290796592215204,0.9920936707380423,0.035913228893872794,18.724319733651853,0.2855116,713779,ok,right
10,882,1,3,0.038400000000000004,1.0,10.0,20.0,-0.003567999973893166,-0.34750556646378405,5.154765407047089,0.9966745057407251,0.014235094763100099,8.949338854072755,0.2845156,711289,ok,right
10,98,1,3,0.038400000000000004,1.0,10.0,20.0,0.0025038214400410655,0.916219642591605,4.401094030797673,1.003466682116326,0.07401704984064857,12.233792199804933,0.28850319999999996,721258,ok,right
10,219,1,3,0.038400000000000004,1.0,10.0,20.0,0.3426546104252339,-1.2532927457588798,3.638322863756875,1.3429596862695905,0.04648548640526708,3.5561885677258815,0.291684,729210,ok,right
10,337,1,3,0.038400000000000004,1.0,10.0,20.0,0.13664252534508706,-1.0915819925075416,0.0733801069074221,1.1371899408084492,-0.050079500516445864,-4.293122083513632,0.2887996,721999,ok,right
10,421,1,3,0.038400000000000004,1.0,10.0,20.0,0.14467253983020784,1.4754755399707808,1.8332223443375948,1.1453025968824153,0.08085521306860789,6.187130925550862,0.28998039999999997,724951,ok,right
10,441,1,3,0.038400000000000004,1.0,10.0,20.0,0.40419395808130504,-1.3425565191720452,2.949667382240443,1.4045983314426136,-0.0815550024250543,3.271504311246305,0.2912,728000,ok,right
10,727,1,3,0.038400000000000004,1.0,10.0,20.0,0.262574852630496,-0.6894167106227315,1.7819911419180912,1.2626304056697735,0.12038587174845813,-6.053350053222586,0.2908132,727033,ok,right
10,762,1,3,0.038400000000000004,1.0,10.0,20.0,-0.02396919298917055,-0.6028760556890861,4.638999837032292,0.9764656592622324,-0.05332405540579794,25.956920856521396,0.2901316,725329,ok,right
10,964,1,3,0.038400000000000004,1.0,10.0,20.0,0.5122807094827294,0.11875895790744231,1.2192327547609783,1.512508316153862,-0.02812489406013992,18.86341149871414,0.2897116,724279,ok,right
10,287,1,3,0.038400000000000004,1.0,10.0,20.0,0.3139333639293909,-1.0493474332009378,5.068323372743675,1.3140492636274927,-0.018390590945676324,-3.5493670250383857,0.29532359999999996,738309,ok,right
10,383,1,3,0.038400000000000004,1.0,10.0,20.0,0.245364223793149,-0.36781579645667395,4.648030993559068,1.2460625122519955,-0.10193169860125828,0.33439627645328585,0.2936368,734092,ok,right
10,466,1,3,0.038400000000000004,1.0,10.0,20.0,0.4572801567614079,0.5314488742316026,0.6760335633057324,1.457312531694689,-0.3990345048283437,15.672544652950165,0.2943628,735907,ok,right
10,504,1,3,0.038400000000000004,1.0,10.0,20.0,0.6878854479640722,-0.015039332222868096,2.542059481495277,1.6884013567774085,-0.23652163837674248,2.926243161792503,0.2940064,735016,ok,right
10,831,1,3,0.038400000000000004,1.0,10.0,20.0,0.41875881515443325,1.2794186704802732,2.3621883142591757,1.4190927229265948,0.1552244895288866,-3.1198937396533863,0.2945356,736339,ok,right
10,867,1,3,0.038400000000000004,1.0,10.0,20.0,0.24576677437871697,-1.5899964637200144,5.604916078818002,1.2459920906952684,0.39292620560423275,0.33335668446780936,0.29527359999999997,738184,ok,right
10,873,1,3,0.038400000000000004,1.0,10.0,20.0,0.22936852537095548,0.644341639032367,4.445269826554028,1.2296188111241562,-0.01568699941696832,3.0155329147231758,0.2940892,735223,ok,right
10,38,1,3,0.038400000000000004,1.0,10.0,20.0,0.041967935301363474,0.3052649092207976,1.2271275808921758,1.0425632262433617,0.039984807024223044,-12.460983127317268,0.29800679999999996,745017,ok,right
10,223,1,3,0.038400000000000004,1.0,10.0,20.0,0.11018198970705272,-1.0564061410903562,1.3745209237079556,1.11032361338033,-0.06522638883526549,-9.843264390578856,0.296948,742370,ok,right
10,631,1,3,0.038400000000000004,1.0,10.0,20.0,0.09640449844300747,0.32568522892862833,0.9381178929243286,1.096834314902046,-0.10531586108483966,-3.198365694244062,0.2979192,744798,ok,right
10,812,1,3,0.038400000000000004,1.0,10.0,20.0,0.48353463057428603,-0.850356217013435,5.583374869037293,1.4861414165516535,0.13642620525460197,-6.641669360173825,0.29851079999999997,746277,ok,right
10,821,1,3,0.038400000000000004,1.0,10.0,20.0,0.1682643607258797,0.7802172813558137,4.739711737504337,1.1695203639165928,0.10684729434994031,25.103466070410622,0.2983924,745981,ok,right
10,888,1,3,0.038400000000000004,1.0,10.0,20.0,0.3228122219443321,-1.4942749119931684,3.443107589125682,1.3229061883962454,-0.12029984958734767,9.09448869980664,0.29986999999999997,749675,ok,right
10,998,1,3,0.038400000000000004,1.0,10.0,20.0,-0.0023546893149614338,0.6132834884549834,0.6410075389369406,0.9985315949932383,-0.02629584114428506,25.550977101197528,0.29762679999999997,744067,ok,right
10,48,1,3,0.038400000000000004,1.0,10.0,20.0,0.685052595846355,-0.18036456043318674,3.365507608706447,1.6864328897581795,-0.26633001747595614,10.038029409276556,0.301154,752885,ok,right
10,207,1,3,0.038400000000000004,1.0,10.0,20.0,0.4558638282120228,1.1300279609222297,5.361841035458195,1.456675796838492,0.07352385761458927,12.609815316603878,0.3006764,751691,ok,right
10,386,1,3,0.038400000000000004,1.0,10.0,20.0,0.18309436328709128,1.3742141562473977,2.824914225450715,1.183225274454138,-0.1832336326396315,-9.661374008370837,0.3029456,757364,ok,right
10,416,1,3,0.038400000000000004,1.0,10.0,20.0,0.6450683407485486,0.47752818155588656,3.763355651485782,1.6451342506448046,-0.054027427735480915,-12.45804094043414,0.3022652,755663,ok,right
10,501,1,3,0.038400000000000004,1.0,10.0,20.0,0.5663428528234363,0.16913004922692731,2.924979982802592,1.5668845999112075,0.2790626305701723,0.07547651153804524,0.3013108,753277,ok,right
10,532,1,3,0.038400000000000004,1.0,10.0,20.0,0.07431536316871644,0.4753154095287607,3.8258614128616357,1.075551767429555,-0.10604535030669429,9.201769493534663,0.3022544,755636,ok,right
10,541,1,3,0.038400000000000004,1.0,10.0,20.0,-0.06382958255708218,-0.3178472031963584,1.0404160457101501,0.9364217221157175,0.019620798327167344,6.11776240028511,0.3012796,753199,ok,right
10,669,1,3,0.038400000000000004,1.0,10.0,20.0,0.008087347447872163,-0.04624986173635451,4.99047112819377,1.0084489699123929,-0.05880930592287481,-9.774375045315528,0.3017124,754281,ok,right
10,723,1,3,0.038400000000000004,1.0,10.0,20.0,0.5856392234563828,-0.3785737358914858,4.7372191664787495,1.5867113172733756,0.03005888199716523,-9.930871469319706,0.3015736,753934,ok,right
10,843,1,3,0.038400000000000004,1.0,10.0,20.0,0.04566173385828734,0.32427620544181823,5.839379875804833,1.0457681610343088,-0.007204968696678262,28.72955911222733,0.3027416,756854,ok,right
10,896,1,3,0.038400000000000004,1.0,10.0,20.0,0.4956456745043397,0.11978957285356527,2.2655940819902534,1.4962223122794736,0.09947065285345909,9.499424527178178,0.30241,756025,ok,right
10,930,1,3,0.038400000000000004,1.0,10.0,20.0,0.572292372956872,-0.49665326320723785,2.7856515318076425,1.573319986492689,-0.14183362041851222,-2.627540000239068,0.3031552,757888,ok,right
10,12,1,3,0.038400000000000004,1.0,10.0,20.0,-0.07854908853769303,-0.3254160774362253,0.8252591393328085,0.921671303133739,-0.07514599926331209,-2.8776358157415447,0.30457639999999997,761441,ok,right
10,259,1,3,0.038400000000000004,1.0,10.0,20.0,0.22829236667603256,0.6673872198514893,3.74375520149408,1.2284615531736707,0.03984408249674308,-0.10460034190831903,0.30633479999999996,765837,ok,right
10,299,1,3,0.038400000000000004,1.0,10.0,20.0,0.36337965410202744,1.2342639828988624,2.044136349409638,1.3635204968466235,-0.20298090308014713,9.713183820177532,0.3048936,762234,ok,right
10,395,1,3,0.038400000000000004,1.0,10.0,20.0,0.0689735358580947,0.8370846868193061,5.667767438497983,1.0690342158093615,0.1440081444069049,12.937986325111353,0.3077508,769377,ok,right
10,474,1,3,0.038400000000000004,1.0,10.0,20.0,0.2882657883688808,-0.021471253186298764,3.9701876645379013,1.2889647631834007,-0.04186599734867562,6.815051870791043,0.3060388,765097,ok,right
10,575,1,3,0.038400000000000004,1.0,10.0,20.0,0.5484269181266427,-0.029446307058042003,2.7508686210169357,1.5485263377263565,0.25038068233770755,-9.455506190266227,0.3059388,764847,ok,right
10,125,1,3,0.038400000000000004,1.0,10.0,20.0,0.15693132262676956,-0.8786498905971725,3.5722771478419912,1.157055425804186,-0.11468848277371586,13.287823274167634,0.3104864,776216,ok,right
10,377,1,3,0.038400000000000004,1.0,10.0,20.0,0.15972848646342755,-0.4779439344168621,2.0456882816652744,1.1610502895222037,-0.05441021487361083,6.423619688959288,0.3102772,775693,ok,right
10,758,1,3,0.038400000000000004,1.0,10.0,20.0,0.1149355223402381,-1.5700563216780579,0.8766256982475964,1.1154859210652734,-0.044729475269178406,9.643049717017185,0.3100404,775101,ok,right
10,857,1,3,0.038400000000000004,1.0,10.0,20.0,0.13103569094091655,-0.5857893283936962,1.4318615382775695,1.131787902613414,-0.0805923129463354,15.708105935292282,0.3094976,773744,ok,right
10,30,1,3,0.038400000000000004,1.0,10.0,20.0,-0.07206958401948214,-0.2645131420859685,5.345475158782311,0.9287536395602378,-0.01687207720176648,6.275951681659578,0.31350439999999996,783761,ok,right
10,147,1,3,0.038400000000000004,1.0,10.0,20.0,0.6869000636041165,0.0044972228221999665,3.1163989133351007,1.6872274746597002,-0.08522906945597458,3.029676778287522,0.3122684,780671,ok,right
10,848,1,3,0.038400000000000004,1.0,10.0,20.0,0.32667763829231267,0.8400882483376358,4.87109004358384,1.3268511836972703,0.21518116994918174,-21.86069820950534,0.31488679999999997,787217,ok,right
10,913,1,3,0.038400000000000004,1.0,10.0,20.0,0.6244210030883551,0.30363106411526186,2.130285412423907,1.6246471448989097,-0.3302062901090874,-16.31110328918804,0.31459719999999997,786493,ok,right
10,918,1,3,0.038400000000000004,1.0,10.0,20.0,0.2717027621343732,0.24992380852442406,5.903460869332572,1.27182763439603,-0.28956109585213424,6.368905155315603,0.3138104,784526,ok,right
10,962,1,3,0.038400000000000004,1.0,10.0,20.0,-0.009026861190795899,-0.9454881540946503,6.197689739911753,0.9913749316329256,0.009058979023370274,-0.38633208397694485,0.3137888,784472,ok,right
10,972,1,3,0.038400000000000004,1.0,10.0,20.0,0.6589691983535886,0.31390706999874435,2.492989158296495,1.6596366316720792,0.06704346365220827,6.751335059843783,0.31496759999999996,787419,ok,right
10,233,1,3,0.038400000000000004,1.0,10.0,20.0,-0.0659710044041276,0.09575179675698728,0.046204027806073876,0.9347106127930841,0.009575912880702987,-21.79559097825299,0.3199976,799994,ok,right
10,403,1,3,0.038400000000000004,1.0,10.0,20.0,0.6346213463693857,0.15644195588858834,5.720551584049517,1.6364313084839779,-0.30843403580484335,9.613540383250522,0.31852559999999996,796314,ok,right
10,795,1,3,0.038400000000000004,1.0,10.0,20.0,0.056140622496604925,-0.9347848025378726,3.2634554792427704,1.0565841902126065,-0.09355538719586341,-12.575197625155829,0.3174808,793702,ok,right
10,803,1,3,0.038400000000000004,1.0,10.0,20.0,0.027922080084681514,0.5035105280604051,3.1730018207419644,1.0282271033069514,0.027566293554496853,-12.308804372362843,0.3169492,792373,ok,right
10,806,1,3,0.038400000000000004,1.0,10.0,20.0,-0.024269188195466997,-0.6117543941708117,1.0977033910437435,0.9762256305223479,0.04794070601122906,-22.827372136656496,0.31706639999999997,792666,ok,right
10,923,1,3,0.038400000000000004,1.0,10.0,20.0,0.15247333254665138,-1.7257704047761027,3.0016659963742964,1.1531671643974377,-0.11938352386185339,6.438202820669786,0.3185908,796477,ok,right
10,936,1,3,0.038400000000000004,1.0,10.0,20.0,0.4934687051922083,0.842410238726455,4.601395295200755,1.4941092124643842,-0.04452822664330758,-8.997911660649967,0.3180984,795246,ok,right
10,941,1,3,0.038400000000000004,1.0,10.0,20.0,-0.039184863306581975,0.6704321216362258,4.978891711738882,0.9616028946139731,-0.020434863155035315,22.547210518665906,0.317982,794955,ok,right
10,127,1,3,0.038400000000000004,1.0,10.0,20.0,0.15039146263152361,0.45653118204509424,2.284550150215154,1.1504500714276065,0.046856357009204305,-12.473646277539176,0.3213372,803343,ok,right
10,275,1,3,0.038400000000000004,1.0,10.0,20.0,0.33750610258430247,0.8755532611875373,5.35112038702587,1.3375733516726132,0.001981712942775925,15.527830558853484,0.3234364,808591,ok,right
10,353,1,3,0.038400000000000004,1.0,10.0,20.0,0.44371728468686344,-0.260575987591038,1.7801027238750424,1.444456761185045,0.1606327794199025,-15.73701906061574,0.32233639999999997,805841,ok,right
10,490,1,3,0.038400000000000004,1.0,10.0,20.0,0.3437611572444439,1.2145820386542754,1.6045875532151117,1.3445116818982108,0.11774748943882368,-0.014449754181973161,0.32069519999999996,801738,ok,right
10,835,1,3,0.038400000000000004,1.0,10.0,20.0,0.6158660557121038,-0.5003211475435742,4.429184173299146,1.6159284362274073,0.005082915371807723,9.065192437368282,0.32521439999999996,813036,ok,right
10,853,1,3,0.038400000000000004,1.0,10.0,20.0,0.21688060089945793,1.1035593139474862,4.475179145722938,1.2170705021592434,0.049866537050543384,-3.1687590687177973,0.32632639999999996,815816,ok,right
10,56,1,3,0.038400000000000004,1.0,10.0,20.0,0.40595420971512797,0.7126558678687523,6.177578299949553,1.4073862294276325,-0.044655233507712555,19.03033136665901,0.3291212,822803,ok,right
10,154,1,3,0.038400000000000004,1.0,10.0,20.0,0.4441629694774747,-1.143065672785502,3.307444189720557,1.4447518209447026,0.247517450995559,-12.490381190217501,0.3284544,821136,ok,right
10,194,1,3,0.038400000000000004,1.0,10.0,20.0,0.4473799899220467,0.748516997126781,0.3236605850310811,1.4497974240575504,-0.21346401308416754,9.187581478625914,0.3307228,826807,ok,right
10,393,1,3,0.038400000000000004,1.0,10.0,20.0,0.606580881588161,-0.6669236576218787,1.1259924099435015,1.6069933727992023,-0.16843375647721964,25.52721337410272,0.33143279999999997,828582,ok,right
10,735,1,3,0.038400000000000004,1.0,10.0,20.0,0.2720332097262144,-1.4904169728985042,3.9670967892762548,1.273083399982594,0.09082165592941795,0.8905422564281521,0.3314756,828689,ok,right
10,889,1,3,0.038400000000000004,1.0,10.0,20.0,0.4763850670307875,0.7293918669652338,2.5873808825478326,1.4770710024972178,-0.27218770255548924,12.271556119831438,0.331658,829145,ok,right
10,940,1,3,0.038400000000000004,1.0,10.0,20.0,0.14034422375261785,-1.8755377840159044,4.5129714443124405,1.140510673503719,0.2896378436990521,15.827431909398019,0.3298912,824728,ok,right
10,360,1,3,0.038400000000000004,1.0,10.0,20.0,0.20335262902081014,1.8028624656377676,0.1348886336015912,1.203638937010956,0.3466181797384837,9.508124744447002,0.3339564,834891,ok,right
10,691,1,3,0.038400000000000004,1.0,10.0,20.0,0.5601857559755444,-0.6334825295506148,4.02964711259972,1.5603755523511142,0.28825584369478885,-25.20957214846516,0.3345352,836338,ok,right
10,775,1,3,0.038400000000000004,1.0,10.0,20.0,0.3000586267560721,1.461295888439941,0.6473431123704331,1.3013080770567529,0.0651241811432566,-2.8184990972127544,0.332958,832395,ok,right
10,90,1,3,0.038400000000000004,1.0,10.0,20.0,0.4378233985975385,1.1139952974228482,2.8247969681779077,1.438616610612575,0.28839146638028895,15.475331633910445,0.33677039999999997,841926,ok,right
10,206,1,3,0.038400000000000004,1.0,10.0,20.0,0.44463803283870224,-0.28304083712714667,0.8247487506216414,1.4451165705616589,-0.30040490201780634,14.973673530799827,0.33669879999999996,841747,ok,right
10,435,1,3,0.038400000000000004,1.0,10.0,20.0,0.6455129567533732,0.2793146227193042,4.488160938855301,1.6460379131776164,-0.24077063011087954,-3.4421719072242287,0.3379488,844872,ok,right
10,730,1,3,0.038400000000000004,1.0,10.0,20.0,0.27220319453626873,-0.9391707834128774,4.337597059036786,1.272389400079741,-0.17708974029221086,22.564482267641225,0.3368364,842091,ok,right
10,858,1,3,0.038400000000000004,1.0,10.0,20.0,0.05468359105288983,1.11356357580443,2.270737786806205,1.0554534906250155,0.11095820826450699,-5.989135036413441,0.3392436,848109,ok,right
10,911,1,3,0.038400000000000004,1.0,10.0,20.0,0.036173874512314796,0.21985307191220477,3.595787947138295,1.0377334315080464,0.011737802370244747,-43.77615800944583,0.337702,844255,ok,right
10,146,1,3,0.038400000000000004,1.0,10.0,20.0,0.3717814296483994,-0.9428216656725918,3.071153744943656,1.3718213251407012,0.14462050147588018,3.26045950274076,0.3407028,851757,ok,right
10,195,1,3,0.038400000000000004,1.0,10.0,20.0,0.5605832161381841,-0.19073801045196584,0.3802499897040731,1.5610768921214497,-0.056832101265255924,-28.6028231789502,0.3419944,854986,ok,right
10,517,1,3,0.038400000000000004,1.0,10.0,20.0,0.23428942374885084,-1.1441400855762656,3.0129087866016366,1.235574695071126,-0.1415791064066532,6.423234721139888,0.342362,855905,ok,right
10,701,1,3,0.038400000000000004,1.0,10.0,20.0,0.27811303548514843,-0.3765815743028544,2.2205246729656056,1.2782669050924917,-0.2135306449442374,-15.42083130946143,0.3412904,853226,ok,right
10,905,1,3,0.038400000000000004,1.0,10.0,20.0,0.572151418030262,-0.41970840187445124,3.5561532144097296,1.573660148585625,0.022031137677706362,-19.01443056882693,0.3418812,854703,ok,right
10,960,1,3,0.038400000000000004,1.0,10.0,20.0,0.30336204469203953,0.5127352719080205,1.7254593689028317,1.303546535484356,-0.09083348653812114,15.729911378362022,0.34176799999999996,854420,ok,right
10,43,1,3,0.038400000000000004,1.0,10.0,20.0,0.3445933394134045,-1.1617797135343597,2.243422236021016,1.3448145747433116,-0.006905594081350623,0.2551813734503953,0.3457368,864342,ok,right
10,128,1,3,0.038400000000000004,1.0,10.0,20.0,0.28136534187942747,0.028359218124734614,1.7255563398906342,1.282133128044658,-0.17610433594596708,-0.008854290718497693,0.3441944,860486,ok,right
10,159,1,3,0.038400000000000004,1.0,10.0,20.0,0.09896558150649071,1.7894330473322537,5.549161473717763,1.0990003905452745,-0.09402432706743581,-3.9790054892131694,0.34639719999999996,865993,ok,right
10,293,1,3,0.038400000000000004,1.0,10.0,20.0,0.4715272163972259,0.6427384670041424,3.4315894001811653,1.4722795458266895,-0.17164543608308297,-19.28321632455154,0.3444004,861001,ok,right
10,507,1,3,0.038400000000000004,1.0,10.0,20.0,0.22587589621543885,0.6048916262507906,1.2121419674240812,1.2261497567944737,-0.11549417490375691,-6.25785666490528,0.3445196,861299,ok,right
10,626,1,3,0.038400000000000004,1.0,10.0,20.0,-0.04672715105116368,0.41161403905554017,0.6302797719452423,0.9532949146529194,0.06319405360016729,0.6317860972915776,0.3463272,865818,ok,right
10,825,1,3,0.038400000000000004,1.0,10.0,20.0,0.38654392659664155,-0.5969817410089194,2.0615769778703896,1.3867296456719052,-0.2465377054855326,-24.996325173823887,0.34562919999999997,864073,ok,right
10,890,1,3,0.038400000000000004,1.0,10.0,20.0,-0.05474014896899462,0.06305306202076241,5.126374669990361,0.9455256236111821,-0.022940756499064834,2.8587742744760183,0.34659039999999997,866476,ok,right
10,8,1,3,0.038400000000000004,1.0,10.0,20.0,0.23868236634880305,-0.6058329335900154,4.182824103504801,1.2392645836040688,0.08158065745011597,9.191288537240256,0.3516004,879001,ok,right
10,267,1,3,0.038400000000000004,1.0,10.0,20.0,-0.0037243429571390155,-0.38577203737118293,0.8192723533648568,0.9975924284007668,0.1005002089937316,-9.422559835097765,0.3486244,871561,ok,right
10,295,1,3,0.038400000000000004,1.0,10.0,20.0,0.16334080081433058,-1.5334567997452002,2.7683578198208374,1.163457369535784,0.06868199035678008,-22.842550972194612,0.3504056,876014,ok,right
10,633,1,3,0.038400000000000004,1.0,10.0,20.0,0.5357879428192973,-0.6596195998104127,3.182620201363267,1.5371999030029717,0.10188122349981071,9.295964465188845,0.34811719999999996,870293,ok,right
10,765,1,3,0.038400000000000004,1.0,10.0,20.0,0.5969194816425443,-0.5893306915423261,3.5362975320265737,1.5971057754631428,-0.00570911158701498,-2.8504616343468197,0.3501876,875469,ok,right
10,839,1,3,0.038400000000000004,1.0,10.0,20.0,0.17210931945592167,-1.2389774391463013,0.9163656850061288,1.1724586025286479,-0.08274498336930582,18.45092928747438,0.3483872,870968,ok,right
10,910,1,3,0.038400000000000004,1.0,10.0,20.0,0.561472917534411,-0.3151947217963055,4.570533013639992,1.5614889925641657,0.06993447078581562,-6.125187905149042,0.348016,870040,ok,right
10,139,1,3,0.038400000000000004,1.0,10.0,20.0,-0.059304474107921126,0.3253553963213647,5.6605033202383,0.941113308482722,0.01775714042485441,9.584743153129812,0.35333919999999996,883348,ok,right
10,253,1,3,0.038400000000000004,1.0,10.0,20.0,-0.09292706977576018,-0.02733660731913469,1.6972754094649363,0.908400994675534,0.02656805273480398,-18.805256058108366,0.352476,881190,ok,right
10,298,1,3,0.038400000000000004,1.0,10.0,20.0,0.09660590551793576,-0.3129754332692877,3.77665305163873,1.0968559864607594,-0.02428014482460497,-9.45455927943966,0.3542932,885733,ok,right
10,443,1,3,0.038400000000000004,1.0,10.0,20.0,-0.020254593156278134,0.786857832456734,6.023415104765105,0.9797633794369491,0.049885888128882866,9.69298168548426,0.353518,883795,ok,right
10,469,1,3,0.038400000000000004,1.0,10.0,20.0,-0.007604659721255303,0.7254576893827382,0.8312795533986482,0.9927123820810883,-0.12742051085254982,-12.64473912335145,0.3529236,882309,ok,right
10,589,1,3,0.038400000000000004,1.0,10.0,20.0,0.1465374369174242,-0.4474504154259945,5.255530894208378,1.1486406240395488,-0.3752730990479459,-3.2859096982617086,0.35569,889225,ok,right
10,993,1,3,0.038400000000000004,1.0,10.0,20.0,0.4663087023422122,0.9807061067553406,3.0011147542128476,1.4677677604296877,0.15698248713490345,9.284507107068597,0.3536508,884127,ok,right
10,180,1,3,0.038400000000000004,1.0,10.0,20.0,0.24143629278987647,-0.43540420365758054,0.10730390150106241,1.2418230340196916,0.15004510713860103,0.22159501552156982,0.3562268,890567,ok,right
10,201,1,3,0.038400000000000004,1.0,10.0,20.0,0.30022266414016485,-1.3697518065769616,2.467341698388272,1.3005649936888068,0.05235050592517182,15.758025867373954,0.3566976,891744,ok,right
10,215,1,3,0.038400000000000004,1.0,10.0,20.0,0.381022028811276,1.3504859876796014,3.3343292490654783,1.3814301544648178,0.0210497525778748,-5.956261953634856,0.3587048,896762,ok,right
10,341,1,3,0.038400000000000004,1.0,10.0,20.0,0.6505541188642383,-0.249679945812477,3.243734126386407,1.6510321775316317,0.027238229901905123,-9.339949202597094,0.3596512,899128,ok,right
10,450,1,3,0.038400000000000004,1.0,10.0,20.0,0.09103357419371605,-0.514781914776498,3.35774049532357,1.0918936889671358,-0.010992533144189553,0.4046545694071774,0.3576432,894108,ok,right
10,522,1,3,0.038400000000000004,1.0,10.0,20.0,0.31625494752079253,-1.1333105828357117,3.3840570178895097,1.3165967770052287,-0.1209364707467134,-3.318649364474998,0.3582896,895724,ok,right
10,734,1,3,0.038400000000000004,1.0,10.0,20.0,0.34353023394942284,1.26194691608748,2.7248019736364433,1.3445013757026596,0.1237011397083728,9.265674697775886,0.3575432,893858,ok,right
10,822,1,3,0.038400000000000004,1.0,10.0,20.0,0.49499280713498595,1.056360936825731,0.13443717561941126,1.495385613950541,-0.06427754925135552,-6.614503147191349,0.35660959999999997,891524,ok,right
10,840,1,3,0.038400000000000004,1.0,10.0,20.0,0.25181568767875434,0.2798240305959189,2.803917020775717,1.2539551220789789,-0.004835065679939934,0.1720106195740302,0.35845,896125,ok,right
10,157,1,3,0.038400000000000004,1.0,10.0,20.0,-0.051340967416763306,0.46934114626574236,4.229445057111794,0.9488376274726661,-0.015125371078198469,31.92521636052966,0.36029839999999996,900746,ok,right
10,472,1,3,0.038400000000000004,1.0,10.0,20.0,-0.011939923651516438,-0.9734280241603953,0.11875921715236841,0.9889696609818753,0.1911462238120577,-15.944985582675386,0.3634988,908747,ok,right
10,978,1,3,0.038400000000000004,1.0,10.0,20.0,0.6211131861433388,-0.15087026221711392,1.0365593474631876,1.6222291325277263,0.3795437148648234,-9.538081278508168,0.36078679999999996,901967,ok,right
10,593,1,3,0.038400000000000004,1.0,10.0,20.0,0.037148359790444375,-0.6284963285198196,2.7663023336073,1.0372795661872385,0.05840145373525276,3.200283877504992,0.3656832,914208,ok,right
10,726,1,3,0.038400000000000004,1.0,10.0,20.0,0.44128589089959863,1.058986915567615,3.6566655187277943,1.4413004035961623,-0.054442581862897035,-3.2230359220559754,0.3657936,914484,ok,right
10,208,1,3,0.038400000000000004,1.0,10.0,20.0,-0.041444188170135024,0.07375664884994926,4.7503686041713244,0.9598516860854382,0.2196133572100292,31.61921086212071,0.3714232,928558,ok,right
10,368,1,3,0.038400000000000004,1.0,10.0,20.0,0.44069108776748184,0.26702296703928075,0.1918511204206664,1.441770923664664,-0.02258729178387982,-0.11085787275637352,0.37119399999999997,927985,ok,right
10,376,1,3,0.038400000000000004,1.0,10.0,20.0,0.3906841902062297,0.5877655353862113,0.9843694114400097,1.3907751012383107,-0.21062188432093376,9.43754684284454,0.3680476,920119,ok,right
10,491,1,3,0.038400000000000004,1.0,10.0,20.0,0.49994299467653036,0.9633098043781811,0.3120962497986719,1.5009822446769003,-0.21132435861572663,8.923406369800968,0.369458,923645,ok,right
10,502,1,3,0.038400000000000004,1.0,10.0,20.0,-0.05786826051771641,0.17416571978204706,1.6319214943434757,0.9429776738129115,-0.0071647509727467236,38.03102213651649,0.3698764,924691,ok,right
10,80,1,3,0.038400000000000004,1.0,10.0,20.0,-0.0191479803994298,0.4964529414250281,2.43899008268682,0.9811744929687517,-0.03729476287500828,-16.394618928081705,0.375048,937620,ok,right
10,130,1,3,0.038400000000000004,1.0,10.0,20.0,0.6513447495177389,-0.462840559158475,3.3588846377016925,1.6525644844092473,0.0012914038782596102,-15.855658245729382,0.372924,932310,ok,right
10,241,1,3,0.038400000000000004,1.0,10.0,20.0,0.3599548414349556,0.9042276452821556,1.779087862493421,1.360193315543781,0.14278898774501725,-9.88189709000655,0.37435759999999996,935894,ok,right
10,256,1,3,0.038400000000000004,1.0,10.0,20.0,0.11728812027722597,-1.9666240433343405,2.8820507702628615,1.118017003198169,-0.052454077292332466,-34.38225110243088,0.37436719999999996,935918,ok,right
10,347,1,3,0.038400000000000004,1.0,10.0,20.0,0.1453570492565632,1.594520378509249,2.1000440342576914,1.1454398600267048,-0.21002859600083873,3.2879413722885933,0.37226919999999997,930673,ok,right
10,354,1,3,0.038400000000000004,1.0,10.0,20.0,0.5417574532330036,0.5707981783067728,3.8981004436672295,1.5418939300864056,-0.10056006254401911,2.7721469195465374,0.3730152,932538,ok,right
10,620,1,3,0.038400000000000004,1.0,10.0,20.0,0.5992140889167786,-0.11660303129767184,1.5537476696784673,1.5994538518526273,-0.011549597480675144,-12.629447008415221,0.375752,939380,ok,right
10,907,1,3,0.038400000000000004,1.0,10.0,20.0,0.5409729484468698,0.7389815199662984,5.172551992226898,1.5424462565717156,0.0644321919405195,-0.014717166375097568,0.3745948,936487,ok,right
10,26,1,3,0.038400000000000004,1.0,10.0,20.0,0.15619936492294073,1.5014624852881062,1.653071105823972,1.1563489968190468,0.029391006722499908,-16.106800221041762,0.37822279999999997,945557,ok,right
10,110,1,3,0.038400000000000004,1.0,10.0,20.0,0.05565301198512316,1.2452821696881557,0.2016988441721742,1.0557200672108928,-0.07143640851797807,12.463029855950742,0.37862399999999996,946560,ok,right
10,332,1,3,0.038400000000000004,1.0,10.0,20.0,0.31667933221906425,1.0581889337932395,3.1608266016409328,1.316939971220014,-0.044369694406307024,15.105253333818716,0.3766412,941603,ok,right
10,755,1,3,0.038400000000000004,1.0,10.0,20.0,0.16470984555780888,0.4807190901406015,0.5323480858402846,1.1653560448566898,-0.14451438332503092,9.2727582752535,0.379832,949580,ok,right
10,976,1,3,0.038400000000000004,1.0,10.0,20.0,0.11107887886464596,1.0960512293570197,4.428536110830457,1.1112291497792977,0.056642751110868556,2.98558623180723,0.378758,946895,ok,right
10,79,1,3,0.038400000000000004,1.0,10.0,20.0,0.11000744812190533,0.6396334638911589,1.5923390082711932,1.1104108369696022,0.04018424975109782,-2.9288578373780614,0.3828664,957166,ok,right
10,345,1,3,0.038400000000000004,1.0,10.0,20.0,0.025346930511295798,-0.517719984924182,2.9731097345256536,1.0256197897160888,-0.048262751212804725,-0.20044892198051445,0.38028999999999996,950725,ok,right
10,392,1,3,0.038400000000000004,1.0,10.0,20.0,0.13864251580089332,0.8118777704519703,0.27957770505361407,1.1387506298058065,-0.35898837183003685,-15.878260793260848,0.38243,956075,ok,right
10,553,1,3,0.038400000000000004,1.0,10.0,20.0,0.46535417772829535,0.41909414702038644,0.014700429291886145,1.4664745262276453,-0.0498739564952113,9.111420233220818,0.38330319999999996,958258,ok,right
10,747,1,3,0.038400000000000004,1.0,10.0,20.0,0.6136066138744355,0.39303050359901265,0.646742125142617,1.6140312858364776,0.17278648500710575,-0.1504753437506518,0.3833292,958323,ok,right
10,887,1,3,0.038400000000000004,1.0,10.0,20.0,0.3650191064924002,0.863348260193855,0.4081849253748434,1.365409313422403,-0.026192935900790467,-0.4360814515071949,0.38096599999999997,952415,ok,right
10,107,1,3,0.038400000000000004,1.0,10.0,20.0,0.08409060388803483,1.1644490235574454,5.807435731214419,1.0851299682422835,-0.07622286768537465,19.26403276648186,0.384206,960515,ok,right
10,155,1,3,0.038400000000000004,1.0,10.0,20.0,-0.0678927581757307,0.19648789275585157,5.772559389697662,0.9322960479692441,0.06127401400401783,-25.9517140067154,0.387884,969710,ok,right
10,321,1,3,0.038400000000000004,1.0,10.0,20.0,0.4697527034208179,-0.9993468516185591,5.284566871764819,1.4698248437670802,-0.06839832156540579,3.3188552340812834,0.387756,969390,ok,right
10,619,1,3,0.038400000000000004,1.0,10.0,20.0,0.46529967635869984,-1.0933702752741206,1.7700487974315078,1.4654923339180819,0.15450123717369255,12.169464960893766,0.38708879999999996,967722,ok,right
10,728,1,3,0.038400000000000004,1.0,10.0,20.0,-0.00856932122260332,0.11011292124412767,1.8351161956583897,0.9919721537298741,-0.015465063025943943,6.5046930836654955,0.3855904,963976,ok,right
10,938,1,3,0.038400000000000004,1.0,10.0,20.0,0.5775828721001744,-0.4489720890859928,5.3656680218389665,1.5779973965430045,-0.17985619354589413,21.7789813093143,0.3875824,968956,ok,right
10,243,1,3,0.038400000000000004,1.0,10.0,20.0,0.21851865239441395,-0.7768941606767629,3.8914885133052186,1.2186245645436142,-0.034430231508101636,-12.207775071255282,0.38915679999999997,972892,ok,right
10,460,1,3,0.038400000000000004,1.0,10.0,20.0,0.5705848293378949,0.8204015697365865,6.037164394461067,1.5706686215509964,0.12751639341831997,-3.518412000198733,0.3883348,970837,ok,right
10,479,1,3,0.038400000000000004,1.0,10.0,20.0,0.6190492145717145,0.504542676698767,5.672910145603805,1.6194291879708511,0.186227177658549,21.880639424210194,0.3898596,974649,ok,right
10,269,1,3,0.038400000000000004,1.0,10.0,20.0,0.14156973212957383,-1.2317791252911459,2.427152661610718,1.141763357331926,-0.19266201872510288,3.51678750550169,0.3945204,986301,ok,right
10,829,1,3,0.038400000000000004,1.0,10.0,20.0,0.41730542145669464,-0.7375686055769051,1.7870046923754488,1.4174386482992716,-0.005375871819511372,-22.036073926636202,0.3927012,981753,ok,right
10,273,1,3,0.038400000000000004,1.0,10.0,20.0,0.10941863488405944,-0.7539494150279366,3.1488506173531166,1.1103446237284589,-0.20476036899515948,15.388078032029293,0.39815,995375,ok,right
10,400,1,3,0.038400000000000004,1.0,10.0,20.0,0.41193205658346416,1.2025454189180056,4.276319566606121,1.4132350995521419,0.13021229678205076,-3.538511761001221,0.3983692,995923,ok,right
10,616,1,3,0.038400000000000004,1.0,10.0,20.0,0.4333963563665748,0.8314105542821247,4.188245821272537,1.4345432361176784,-0.45326437637153544,9.449581495602555,0.3960316,990079,ok,right
10,637,1,3,0.038400000000000004,1.0,10.0,20.0,0.5909030839800835,0.5515873255582251,3.1617790154385044,1.5916144977756974,0.09173804654558981,-11.94892408167442,0.3978092,994523,ok,right
10,982,1,3,0.038400000000000004,1.0,10.0,20.0,0.41258256360888484,-1.3194074151591757,5.11337175524677,1.413813163310259,-0.15648010493719694,-10.172970325135823,0.39993399999999996,999835,ok,right
10,995,1,3,0.038400000000000004,1.0,10.0,20.0,0.5856656340882183,-0.7203114478319086,6.2082513237984,1.5858950485509409,-0.19227073496693717,22.150127631029797,0.3961724,990431,ok,right
10,70,1,3,0.038400000000000004,1.0,10.0,20.0,0.580244199000299,-0.6636503707838705,3.300336360850954,1.5811634557075065,-0.20762162977425175,-6.289070592017447,0.4026412,1006603,ok,right
10,91,1,3,0.038400000000000004,1.0,10.0,20.0,0.26276339739561083,1.217935407847294,3.8436549454394036,1.2653367854918498,0.05551083760053452,-2.791881988162948,0.40268919999999997,1006723,ok,right
10,303,1,3,0.038400000000000004,1.0,10.0,20.0,0.3663502708077431,-1.1202733441148103,2.9270770919613205,1.366702278827973,0.16012544162061107,2.779427446493767,0.403796,1009490,ok,right
10,838,1,3,0.038400000000000004,1.0,10.0,20.0,0.03695199824869633,-0.9058318575001251,1.367985625383691,1.038421635895669,0.00723981759161415,-0.020711449629890934,0.400202,1000505,ok,right
10,170,1,3,0.038400000000000004,1.0,10.0,20.0,0.049284175224602225,0.8970462308830817,3.2619515467922326,1.0499150599970954,-0.06130405610818735,40.82512321183605,0.4065968,1016492,ok,right
10,563,1,3,0.038400000000000004,1.0,10.0,20.0,0.20573220662772657,-0.7584393802562572,5.320308911147082,1.206661514216346,0.1361283736732605,-2.8838055717807944,0.4056028,1014007,ok,right
10,899,1,3,0.038400000000000004,1.0,10.0,20.0,0.13624131213873625,-1.548900878992751,5.4891176484,1.136749540525668,-0.22614001967545452,-2.648201430992498,0.4079684,1019921,ok,right
10,401,1,3,0.038400000000000004,1.0,10.0,20.0,0.21354940589517357,-0.9257778597321876,5.704125865246683,1.2143329587485003,-0.025736919560466056,-28.475424418734793,0.4100836,1025209,ok,right
10,583,1,3,0.038400000000000004,1.0,10.0,20.0,0.5740840243175626,-0.6084287154596417,4.848814498666554,1.5742968229467895,-0.033927572012183736,-25.009280854685564,0.408348,1020870,ok,right
10,357,1,3,0.038400000000000004,1.0,10.0,20.0,0.4106545167043805,-0.9369364673116887,1.6351101612899672,1.4110873277492677,-0.01775507395756863,3.208924081496081,0.4140544,1035136,ok,right
10,847,1,3,0.038400000000000004,1.0,10.0,20.0,0.45036121476441626,0.7954928237946726,3.619176869266497,1.4504110056272808,-0.13059549672290383,3.157721247253711,0.4144188,1036047,ok,right
10,95,1,3,0.038400000000000004,1.0,10.0,20.0,0.2146349806338549,1.0628591609292928,0.17749339724386554,1.2150180383171196,0.07401488563817704,9.633269999968286,0.4184072,1046018,ok,right
10,105,1,3,0.038400000000000004,1.0,10.0,20.0,0.26716358810663227,-1.0615769102068466,0.6317305814515674,1.2674816632723143,0.06996445735537636,-22.01107090307106,0.41835,1045875,ok,right
10,527,1,3,0.038400000000000004,1.0,10.0,20.0,0.024459367059171202,-0.9984188011257135,5.123956476645759,1.026682726866589,-0.010360524448897856,18.982590140202568,0.4160732,1040183,ok,right
10,706,1,3,0.038400000000000004,1.0,10.0,20.0,-0.012489346787333488,-0.34815595500458624,0.9794614602612859,0.9882995514913716,-0.020910301005465426,-18.99380368283661,0.4181688,1045422,ok,right
10,630,1,3,0.038400000000000004,1.0,10.0,20.0,0.5097992222756148,0.7813702357074443,5.661993213064031,1.5112451958199005,-0.1529795370503389,-6.516551284846486,0.4223628,1055907,ok,right
10,311,1,3,0.038400000000000004,1.0,10.0,20.0,0.003964908048510552,0.39449864707055554,0.747501241295671,1.0040257958693817,-0.0818844693109079,-3.2489497948373645,0.42627719999999997,1065693,ok,right
10,498,1,3,0.038400000000000004,1.0,10.0,20.0,0.4336400207132101,-1.2133658649345502,0.4548119632581278,1.4352820640342414,-0.20311548610653346,7.020012891299308,0.4276004,1069001,ok,right
10,544,1,3,0.038400000000000004,1.0,10.0,20.0,0.1877219270914793,-1.4409954795915079,6.066240353568615,1.1882113734212834,0.10843634248299326,-9.116885086290594,0.4276704,1069176,ok,right
10,959,1,3,0.038400000000000004,1.0,10.0,20.0,0.14086321983486413,0.3276627328455622,0.6407163231494912,1.1409776183040865,-0.05108399002937116,-0.4279644717217468,0.4277356,1069339,ok,right
10,100,1,3,0.038400000000000004,1.0,10.0,20.0,0.2878648417070508,0.4298018583768652,2.581369828231864,1.287909216474686,-0.23090766830315168,5.993985328813002,0.4307584,1076896,ok,right
10,533,1,3,0.038400000000000004,1.0,10.0,20.0,0.5669778354465962,0.7691497047534334,1.484221607284612,1.56698172452646,-0.0876820917505493,-9.521740272570423,0.42827319999999997,1070683,ok,right
10,864,1,3,0.038400000000000004,1.0,10.0,20.0,0.10136919040232897,1.4945527471541964,5.070259944198221,1.1018798297995003,0.03495503009581042,25.64533823136076,0.429618,1074045,ok,right
10,919,1,3,0.038400000000000004,1.0,10.0,20.0,0.16799703277647496,0.5451019318785424,0.4245679752460591,1.1685152419287494,0.0052107497412884375,2.7199012163273566,0.430724,1076810,ok,right
10,104,1,3,0.038400000000000004,1.0,10.0,20.0,0.4133333021774888,-1.1023326994141072,2.9430593549438675,1.4137158870675361,-0.35239594846712996,15.755815072182996,0.4340408,1085102,ok,right
10,739,1,3,0.038400000000000004,1.0,10.0,20.0,0.24968739058822395,-1.5589073677057297,2.9397473800953926,1.2497002479171702,0.2642834458048111,0.38530884347435135,0.4344376,1086094,ok,right
10,764,1,3,0.038400000000000004,1.0,10.0,20.0,0.24303319118916988,-1.8993202015882555,6.260686030885847,1.2435653261861161,-0.19781790473860983,0.3858326735038515,0.43369959999999996,1084249,ok,right
10,282,1,3,0.038400000000000004,1.0,10.0,20.0,0.34376704301685096,0.9795092015793629,1.8530170288885175,1.3440531019999464,0.11023405227831004,12.81617062215826,0.438038,1095095,ok,right
10,434,1,3,0.038400000000000004,1.0,10.0,20.0,0.30821484290063383,-1.2447019646616961,5.282934386850984,1.308701581794697,0.16279915616445634,7.303062836507329,0.43748519999999996,1093713,ok,right
10,673,1,3,0.038400000000000004,1.0,10.0,20.0,0.09228406772017479,-0.5339159699814531,1.8609978116972985,1.0927260468669124,0.0906009249345412,-6.279181984164385,0.43847359999999996,1096184,ok,right
10,738,1,3,0.038400000000000004,1.0,10.0,20.0,-0.056591276079416275,0.5402468030480141,2.859683899758641,0.9438361512633876,0.011597427962017483,2.885918123971327,0.4361292,1090323,ok,right
10,865,1,3,0.038400000000000004,1.0,10.0,20.0,0.06810643505305052,0.7850264280596757,1.6934080904327184,1.068195391220276,0.09501592168922313,21.901194645155265,0.43793879999999996,1094847,ok,right
10,974,1,3,0.038400000000000004,1.0,10.0,20.0,0.007222451269626617,-0.3670087414754086,2.4312493720494373,1.0085598552163215,-0.000982504133321348,3.1657905480968234,0.437936,1094840,ok,right
10,16,1,3,0.038400000000000004,1.0,10.0,20.0,0.27424038369208575,-1.7192171148270463,0.41559308840028336,1.275372299346682,0.05381761776000726,22.072148374256965,0.44154319999999997,1103858,ok,right
10,331,1,3,0.038400000000000004,1.0,10.0,20.0,0.37676830329000954,1.1253377084067375,0.8030830874740931,1.3769205954835282,-0.06487727468869063,0.02188383009981719,0.4436484,1109121,ok,right
10,422,1,3,0.038400000000000004,1.0,10.0,20.0,0.3817363761365414,0.34838161415631214,2.4770995975067946,1.3819012747043322,-0.04030638300231844,-12.486369602050447,0.4425456,1106364,ok,right
10,454,1,3,0.038400000000000004,1.0,10.0,20.0,0.3973758924752474,0.45912126999574077,2.600192927443786,1.3977422851954395,-0.15147993883481384,-6.4083943999866015,0.4432364,1108091,ok,right
10,759,1,3,0.038400000000000004,1.0,10.0,20.0,0.02190912738442421,-1.2921185301615365,1.3347708706101196,1.0221995465438256,0.03286563079005342,-2.935192461898028,0.44200839999999997,1105021,ok,right
10,239,1,3,0.038400000000000004,1.0,10.0,20.0,-0.0939308537170291,0.2599021864044624,5.959417203521351,0.9061432865096715,0.03157547708480941,27.68426540742351,0.4469588,1117397,ok,right
10,961,1,3,0.038400000000000004,1.0,10.0,20.0,0.07750078570097685,-1.5380495590790897,5.547198893042686,1.0776755324514282,-0.1553756781248076,-3.383569133658139,0.4469652,1117413,ok,right
10,41,1,3,0.038400000000000004,1.0,10.0,20.0,0.30724281370639805,0.7823818793305175,5.67668674762301,1.3087479490209013,0.13280265132342925,-12.504444266053062,0.44880879999999995,1122022,ok,right
10,151,1,3,0.038400000000000004,1.0,10.0,20.0,0.24776876624673605,0.8259118743365884,1.6972554011343661,1.2478049137032023,-0.042199602211548864,12.984690004172458,0.4503604,1125901,ok,right
10,248,1,3,0.038400000000000004,1.0,10.0,20.0,0.5928103234618902,0.4232361845782774,5.119395782720265,1.5929151569377307,0.3380691783390025,-15.241345622463351,0.451246,1128115,ok,right
10,412,1,3,0.038400000000000004,1.0,10.0,20.0,0.10778269600123168,-1.9061379454492713,0.3345992492189227,1.1081372875029334,-0.1461233993591676,-12.202807835471155,0.45000959999999995,1125024,ok,right
10,414,1,3,0.038400000000000004,1.0,10.0,20.0,0.06654899530112744,1.1363984312252329,3.7174978217802486,1.0672879670440099,-0.08278764772441786,12.576490854710483,0.4503772,1125943,ok,right
10,536,1,3,0.038400000000000004,1.0,10.0,20.0,0.11863441951572895,-1.7152405550969765,1.3853249950437503,1.119842757734957,-0.07514691641325211,-5.952986567913013,0.4503604,1125901,ok,right
10,586,1,3,0.038400000000000004,1.0,10.0,20.0,0.6838996849954129,0.13106635028797217,2.4090526754907873,1.6841929587187574,-0.057192838118279736,5.8917013744073286,0.4494916,1123729,ok,right
10,455,1,3,0.038400000000000004,1.0,10.0,20.0,0.40771473068743946,0.9756009490125346,5.203095951591121,1.4083603057772878,0.2513729760049518,-6.668657505568172,0.4555048,1138762,ok,right
10,574,1,3,0.038400000000000004,1.0,10.0,20.0,0.4328216517344117,0.3123938954176182,4.536286913323883,1.4328242505052788,-0.22388842004279078,12.443806890568286,0.4529688,1132422,ok,right
10,935,1,3,0.038400000000000004,1.0,10.0,20.0,0.539599709585309,-0.5232381739338432,6.01089886921937,1.540089774058966,0.21889393078362016,3.7065897800110372,0.4532476,1133119,ok,right
10,53,1,3,0.038400000000000004,1.0,10.0,20.0,0.34576415810734035,-1.2624812041446098,4.200900387426012,1.3458613787378857,-0.006018385164404316,15.657483041814642,0.459678,1149195,ok,right
10,217,1,3,0.038400000000000004,1.0,10.0,20.0,0.18493526168167593,-1.1041400254699918,3.0797222433874376,1.1862141300819848,0.07719596193193913,3.1481896092472104,0.4594852,1148713,ok,right
10,220,1,3,0.038400000000000004,1.0,10.0,20.0,0.5268668979406357,0.9788388097162051,6.251339422407802,1.5280695423650381,0.014732049325650247,28.784913734743196,0.45607519999999996,1140188,ok,right
10,356,1,3,0.038400000000000004,1.0,10.0,20.0,0.6127656033262611,-0.18468210081766864,3.2271374758464377,1.6127675762625961,-0.13300488762544846,-9.787025016974274,0.45953,1148825,ok,right
10,409,1,3,0.038400000000000004,1.0,10.0,20.0,0.3327864514663816,-0.7675265297661638,1.4693170014422385,1.3332654455154522,-0.008754308509136175,-4.2046461058952485,0.458306,1145765,ok,right
10,462,1,3,0.038400000000000004,1.0,10.0,20.0,0.04655108489096165,0.41603514618747833,3.3417978759580524,1.0477064939746772,0.05076717635707627,-5.633071275951153,0.4576748,1144187,ok,right
10,510,1,3,0.038400000000000004,1.0,10.0,20.0,0.26968334671109917,1.7701896355711337,3.27412874961018,1.2698966213566765,-0.0816142235717678,3.0862890561709935,0.4564784,1141196,ok,right
10,578,1,3,0.038400000000000004,1.0,10.0,20.0,-0.05202398989349604,0.16066417908227018,5.907545914462527,0.9498049769162327,-0.0053080634019765476,-9.919947454261129,0.4587812,1146953,ok,right
10,743,1,3,0.038400000000000004,1.0,10.0,20.0,-0.020945542305707932,0.5980623358018671,5.299861592508473,0.9794093542972313,0.08130045231687441,0.5110120886882638,0.456078,1140195,ok,right
10,4,1,3,0.038400000000000004,1.0,10.0,20.0,0.03327481653541327,-1.211982348163934,5.172965692293452,1.0345106719511656,-0.006195751112490189,13.013781448072928,0.46044399999999996,1151110,ok,right
10,103,1,3,0.038400000000000004,1.0,10.0,20.0,0.19251615386456253,0.7457155681284947,4.018823685394819,1.193118711812156,0.1410920057446788,0.4575286242641372,0.46042039999999995,1151051,ok,right
10,283,1,3,0.038400000000000004,1.0,10.0,20.0,0.04530410543084145,-1.1874744155710093,0.5663926530988769,1.045757314650358,-0.0691743197357782,37.82209393600068,0.4639348,1159837,ok,right
10,660,1,3,0.038400000000000004,1.0,10.0,20.0,0.5328177601099015,0.8864762755381143,1.3651889034489968,1.533487255556842,-0.007247591054474843,-28.71826317107797,0.4624296,1156074,ok,right
10,828,1,3,0.038400000000000004,1.0,10.0,20.0,0.08442650213837624,-0.8828274944887982,2.378672422511307,1.0845047190994492,-0.00879782378900946,2.1517759748521015,0.46273559999999997,1156839,ok,right
10,963,1,3,0.038400000000000004,1.0,10.0,20.0,0.4691203892230988,-0.40612200939978366,1.5302884982240992,1.4701319077567658,-0.2618096704858747,-9.833631813168525,0.4617036,1154259,ok,right
10,214,1,3,0.038400000000000004,1.0,10.0,20.0,-0.039391069673001766,-0.4107594961027666,3.129944752087942,0.9613454381231592,0.04637170467171942,0.05346464394547824,0.46644759999999996,1166119,ok,right
10,690,1,3,0.038400000000000004,1.0,10.0,20.0,0.38671521693468097,1.3966116388578294,1.6064293509848102,1.388147303624393,0.2243837003357796,-12.159259063590156,0.4666164,1166541,ok,right
10,862,1,3,0.038400000000000004,1.0,10.0,20.0,0.1247275060042739,-1.282543197153139,4.163907544308467,1.1250864462633212,0.09055229654300005,-21.97865291660806,0.46613879999999996,1165347,ok,right
10,885,1,3,0.038400000000000004,1.0,10.0,20.0,0.2391091026365757,0.9656929927959504,2.1353293242830813,1.2392254247091434,0.050527954958137465,0.9379878197308347,0.4650668,1162667,ok,right
10,482,1,3,0.038400000000000004,1.0,10.0,20.0,0.47822827827185393,0.28610828398483606,2.24381187547392,1.4789124364322952,0.08314709947656918,-6.185929894150541,0.4700044,1175011,ok,right
10,683,1,3,0.038400000000000004,1.0,10.0,20.0,0.24265238996595145,-1.2469437047456782,4.104619858921253,1.2426529567663749,0.02369077193978633,-6.2833432517442285,0.46926199999999996,1173155,ok,right
10,67,1,3,0.038400000000000004,1.0,10.0,20.0,0.5431972280144691,-0.8632782819140284,1.6431585001927307,1.543898190535951,-0.24638004505033184,-12.848381987885222,0.47510159999999996,1187754,ok,right
10,338,1,3,0.038400000000000004,1.0,10.0,20.0,0.5091827042400837,-0.8933393736942766,1.462593175402181,1.5103633465498605,-0.0433019535569874,-22.52037986312581,0.475116,1187790,ok,right
10,97,1,3,0.038400000000000004,1.0,10.0,20.0,0.32363130152225494,-1.3309688637532504,3.9869953731950027,1.3239951232918936,-0.08051928121806552,-6.560138896154968,0.47774839999999996,1194371,ok,right
10,265,1,3,0.038400000000000004,1.0,10.0,20.0,0.3511386184021831,0.684192010512879,0.9705754178933821,1.3524898306625068,-0.18404189055227477,18.834596127700358,0.4793116,1198279,ok,right
10,334,1,3,0.038400000000000004,1.0,10.0,20.0,0.13537317402660848,-1.4127258159202971,4.909303529454626,1.1360538473622175,0.09047938057439503,6.747579181398579,0.4767996,1191999,ok,right
10,665,1,3,0.038400000000000004,1.0,10.0,20.0,0.15050902515649797,-0.8533785915313002,5.276549096146568,1.1510004596281678,0.1400743753361334,-0.04007743754167717,0.4792168,1198042,ok,right
10,674,1,3,0.038400000000000004,1.0,10.0,20.0,0.496647684648633,-0.6492612109977749,1.7221279138372134,1.4971047740640397,0.1121920407640024,-12.554165644669311,0.47804199999999997,1195105,ok,right
10,32,1,3,0.038400000000000004,1.0,10.0,20.0,-0.04158451091498137,-0.09589882917776887,3.8773955783007654,0.9585550980021177,0.009967845443246321,12.548288312540414,0.4810412,1202603,ok,right
10,573,1,3,0.038400000000000004,1.0,10.0,20.0,0.3418526297435165,-0.8327635269565162,0.19682444501959842,1.343137719454264,-0.06799264056022043,-3.006462608618199,0.48053039999999997,1201326,ok,right
10,571,1,3,0.038400000000000004,1.0,10.0,20.0,0.022117281146347523,1.1184009930235008,1.1388879377225665,1.022872115193538,0.02566991052010445,-21.934360719417104,0.48624039999999996,1215601,ok,right
10,617,1,3,0.038400000000000004,1.0,10.0,20.0,0.44754431601613764,-1.271225459940568,6.253336734220999,1.447668325141667,-0.32128134045314377,0.36038074945588666,0.4862972,1215743,ok,right
10,629,1,3,0.038400000000000004,1.0,10.0,20.0,0.26591252330690623,-0.8987199933536396,4.985552462603033,1.2660320898300894,-0.021672269625824518,2.9150363696200436,0.4844476,1211119,ok,right
10,767,1,3,0.038400000000000004,1.0,10.0,20.0,0.014110529422760011,-0.508767122651377,4.760424362188294,1.0143514647366458,-0.10591146243244859,-3.348743169272884,0.48651639999999996,1216291,ok,right
10,854,1,3,0.038400000000000004,1.0,10.0,20.0,-0.07494198884814977,-0.2244726943926023,5.222801172849824,0.9254865021654642,-0.06072316450459067,-9.612755881437772,0.4863472,1215868,ok,right
10,881,1,3,0.038400000000000004,1.0,10.0,20.0,0.011355445720255375,-0.2945099536349262,0.09296154188993001,1.0117171903169253,0.08233555628559656,6.312620193177144,0.48417839999999995,1210446,ok,right
10,953,1,3,0.038400000000000004,1.0,10.0,20.0,0.3280101200565696,0.9397562025611333,1.837568682728606,1.3289772146781056,0.2891582706521376,6.5413237288080195,0.4874888,1218722,ok,right
10,276,1,3,0.038400000000000004,1.0,10.0,20.0,-0.029997435957193376,0.2442543232336579,5.290854435152786,0.9704376525899677,0.06365418300468906,-12.764423138210333,0.49055479999999996,1226387,ok,right
10,711,1,3,0.038400000000000004,1.0,10.0,20.0,0.5394178738817573,-0.5446183000991158,3.0367434964415434,1.5396661372556286,0.17408768661992552,-3.046635391980855,0.4911008,1227752,ok,right
10,815,1,3,0.038400000000000004,1.0,10.0,20.0,0.1612318014726043,2.1231941811513955,3.9841201027998783,1.1613144817210261,-0.0747727008547043,21.815379422058612,0.491704,1229260,ok,right
10,818,1,3,0.038400000000000004,1.0,10.0,20.0,0.18708354458212853,0.8791441608409292,1.1148502070374553,1.1875103709543227,-0.21894050414258326,3.1908399631808906,0.48982879999999995,1224572,ok,right
10,177,1,3,0.038400000000000004,1.0,10.0,20.0,0.26658146530389787,0.8616405304473307,3.0604939729213636,1.2667731324886402,0.1730617061440219,-15.875646670273865,0.49528039999999995,1238201,ok,right
10,258,1,3,0.038400000000000004,1.0,10.0,20.0,-0.09019446894526482,-0.22236346978701238,6.170156632727323,0.9099324867163782,0.03162501351565481,9.507544468929314,0.4945292,1236323,ok,right
10,506,1,3,0.038400000000000004,1.0,10.0,20.0,0.4909111505374313,-0.0595855528168436,5.212291734678112,1.491290566020164,0.031477015204287834,-3.537095380742221,0.4931876,1232969,ok,right
10,687,1,3,0.038400000000000004,1.0,10.0,20.0,0.21972386986017228,0.3674698491871312,4.660903495007566,1.22099108046569,-0.06554346664923207,8.90564560409717,0.493622,1234055,ok,right
10,719,1,3,0.038400000000000004,1.0,10.0,20.0,0.11959403213113547,1.6760327623716589,5.20500760662494,1.1201151355273715,0.028498056431306602,-15.823203361877637,0.49349519999999997,1233738,ok,right
10,742,1,3,0.038400000000000004,1.0,10.0,20.0,0.09655684009194375,1.6584802652615758,2.744710859424306,1.097279270088743,-0.11624508700943026,-30.957807197152064,0.49454359999999997,1236359,ok,right
10,809,1,3,0.038400000000000004,1.0,10.0,20.0,0.3436130773276091,0.5343368951883956,5.6439167345747165,1.3440654304594197,0.4181701091787389,-5.683127172263772,0.4938704,1234676,ok,right
10,235,1,3,0.038400000000000004,1.0,10.0,20.0,0.2377218406647444,-2.120528738763965,1.8744536488040673,1.2382420737222581,-0.13864534297782394,-3.0020407869844488,0.49954919999999997,1248873,ok,right
10,318,1,3,0.038400000000000004,1.0,10.0,20.0,0.011298569105565549,-1.1379177566643266,5.74807167126304,1.011306749358522,-0.01996291898258994,22.47087490550819,0.49934639999999997,1248366,ok,right
10,431,1,3,0.038400000000000004,1.0,10.0,20.0,0.21226246375590563,1.957708052359939,2.2852811206401493,1.214316403381905,0.03131621500839102,0.17313685406151497,0.4983892,1245973,ok,right
10,670,1,3,0.038400000000000004,1.0,10.0,20.0,0.24299251660704613,1.9481968841641741,3.591466580758897,1.243065095061837,-0.14122522231228996,-10.202273913118384,0.49692519999999996,1242313,ok,right
10,196,1,3,0.038400000000000004,1.0,10.0,20.0,0.0187895467504859,0.8884912222196746,0.049863049247575314,1.0196163418657316,-0.05952176373440713,15.483830797997076,0.5032487999999999,1258122,ok,right
10,430,1,3,0.038400000000000004,1.0,10.0,20.0,0.1854588044807315,1.2978470717705899,5.963268876644712,1.1858998631435353,-0.014043039619128799,6.031683092376782,0.5001128,1250282,ok,right
10,535,1,3,0.038400000000000004,1.0,10.0,20.0,-0.051755528524518014,-0.0723557612432865,2.480483720549103,0.9488645584288367,-0.025866698213814904,14.793008419430178,0.5022144,1255536,ok,right
10,715,1,3,0.038400000000000004,1.0,10.0,20.0,-0.05116963405162096,0.3046310245050557,2.9513986097358744,0.9493677255206132,0.03264474412072046,13.063368176666444,0.5024071999999999,1256018,ok,right
10,603,1,3,0.038400000000000004,1.0,10.0,20.0,0.597631673887372,-0.6300997340802764,3.001380500596537,1.5976326237228298,-0.0028035212767388604,3.0723182583644926,0.5077688,1269422,ok,right
10,852,1,3,0.038400000000000004,1.0,10.0,20.0,-0.06766188815236092,-0.1097273139362733,3.5057278618771086,0.9327431428289515,-0.0009369818560074259,-2.5464177845057807,0.5067155999999999,1266789,ok,right
10,47,1,3,0.038400000000000004,1.0,10.0,20.0,0.4501501778140664,-0.9175802011695199,3.9317666359421275,1.4507717282863577,-0.18894213961321277,-18.3958011888773,0.5101903999999999,1275476,ok,right
10,188,1,3,0.038400000000000004,1.0,10.0,20.0,0.026172315515577794,0.9947360247993405,2.197866390642913,1.027279564389924,-0.05658213954357693,5.258125641186103,0.5102135999999999,1275534,ok,right
10,339,1,3,0.038400000000000004,1.0,10.0,20.0,0.046964123100042346,-1.2638450893741162,0.8455893718600255,1.0471215815876067,-0.001438555734121556,34.27777932348889,0.5086892,1271723,ok,right
10,387,1,3,0.038400000000000004,1.0,10.0,20.0,0.324734172038734,-0.9448583334410765,4.084146607133852,1.3248247099761612,0.19930284570843598,-0.2691565717329478,0.5095828,1273957,ok,right
10,540,1,3,0.038400000000000004,1.0,10.0,20.0,0.3142512407153845,1.1575309770767854,0.7373973123121869,1.3160122505416771,0.03729379474500396,-6.28558270416446,0.5110828,1277707,ok,right
10,968,1,3,0.038400000000000004,1.0,10.0,20.0,0.16682649087160828,1.5010141514380606,2.970796224672968,1.1674723413357282,0.029214206938592887,-3.2283018910441124,0.5083023999999999,1270756,ok,right
10,406,1,3,0.038400000000000004,1.0,10.0,20.0,0.046933633461594584,-0.8808001541838615,1.590452054609142,1.0479689332931812,0.008982261826381016,22.133549823030815,0.514454,1286135,ok,right
10,511,1,3,0.038400000000000004,1.0,10.0,20.0,0.09885933343321085,-1.4061091731594744,5.828937723087259,1.0991471554578744,-0.09281093418519898,25.143251107117127,0.5146436,1286609,ok,right
10,772,1,3,0.038400000000000004,1.0,10.0,20.0,0.09893496315926315,1.6254860698637574,0.8860975369019811,1.09974262270543,-0.10866650696150457,-18.654559510159885,0.5126383999999999,1281596,ok,right
10,654,1,3,0.038400000000000004,1.0,10.0,20.0,0.19622093588113787,1.086456161042994,5.139316064639965,1.1963375298057406,-0.03425579618809307,-9.26260508768727,0.519382,1298455,ok,right
10,688,1,3,0.038400000000000004,1.0,10.0,20.0,0.4399054469540715,0.7229361535235185,1.9080821504575713,1.4399372128712784,0.07221483475909747,3.034217773287594,0.517266,1293165,ok,right
10,28,1,3,0.038400000000000004,1.0,10.0,20.0,0.021842527575790884,-1.128075993084414,1.132014572196446,1.0227869422104223,-0.08863364673053639,-9.508143179871745,0.520002,1300005,ok,right
10,710,1,3,0.038400000000000004,1.0,10.0,20.0,0.36152788121253254,0.8489599642276943,3.369899282928735,1.3622760793227051,0.11716357448118916,-3.2883883034476433,0.5201279999999999,1300320,ok,right
10,977,1,3,0.038400000000000004,1.0,10.0,20.0,0.6409640638157725,-0.08710095386242847,3.6335061825741986,1.641940229692143,-0.10297980259315466,6.880726816877983,0.5213156,1303289,ok,right
10,740,1,3,0.038400000000000004,1.0,10.0,20.0,0.5109392976388335,-1.0541627410552679,0.38864382596961705,1.5111061645997075,-0.30328776245503974,-9.271002661545143,0.5262424,1315606,ok,right
10,82,1,3,0.038400000000000004,1.0,10.0,20.0,0.4075247196480632,-1.2873459772783113,4.732005224039976,1.4087625720267927,0.10925096588741413,15.613733179752263,0.5308252,1327063,ok,right
10,169,1,3,0.038400000000000004,1.0,10.0,20.0,0.17235311567783357,2.176993897592611,0.7364424729964395,1.173212702916632,-0.022997766127192648,25.86972119139356,0.531032,1327580,ok,right
10,272,1,3,0.038400000000000004,1.0,10.0,20.0,0.6355391144752502,0.43197840066478177,4.058625016697169,1.635697352585103,-0.008178738600861442,-9.660377455933151,0.5291627999999999,1322907,ok,right
10,294,1,3,0.038400000000000004,1.0,10.0,20.0,0.06358634606003762,1.2890566902054246,5.9715732978943326,1.0639149613644188,-0.044808097075773635,28.572902314527596,0.5299188,1324797,ok,right
10,816,1,3,0.038400000000000004,1.0,10.0,20.0,0.041838622838258746,-0.8086661755101946,4.038622028703858,1.0421480725399197,-0.02333119568135572,12.879634015073153,0.5299404,1324851,ok,right
10,863,1,3,0.038400000000000004,1.0,10.0,20.0,0.20367459896951914,1.7076812196427495,4.864889055687804,1.2037109554546408,-0.2069432864521344,1.010538154938898,0.5307132,1326783,ok,right
10,983,1,3,0.038400000000000004,1.0,10.0,20.0,0.39727859757840633,1.14757061094581,2.38220567981137,1.3975322070325034,-0.11675833727149247,-9.538484108144063,0.5312108,1328027,ok,right
10,120,1,3,0.038400000000000004,1.0,10.0,20.0,0.3848734186962247,-1.1390223562261057,0.26547603496530925,1.3851881070730176,-0.05006844086017601,9.697147370209498,0.533392,1333480,ok,right
10,202,1,3,0.038400000000000004,1.0,10.0,20.0,-0.061827503331005576,0.014350305279412176,1.6717913458028226,0.9390851908726862,0.02490199098714789,-12.731631325932016,0.5336096,1334024,ok,right
10,598,1,3,0.038400000000000004,1.0,10.0,20.0,0.1632108619436622,-0.923169666247089,1.924109835583562,1.1634636963954432,0.09281985731295858,9.24652685772453,0.5332511999999999,1333128,ok,right
10,677,1,3,0.038400000000000004,1.0,10.0,20.0,-0.03489199671894312,0.5998491976516326,0.8203937488297648,0.9651803638824127,0.004531433578973099,25.695928582949655,0.5331104,1332776,ok,right
10,774,1,3,0.038400000000000004,1.0,10.0,20.0,0.4988617474213243,0.9933415098736278,0.7978708888336699,1.498933916489694,0.2813031228268143,6.3735104397619065,0.5342604,1335651,ok,right
10,841,1,3,0.038400000000000004,1.0,10.0,20.0,0.28538099974393843,0.23292366523015973,3.006587753110934,1.2857384150170088,-0.016346212104506066,15.534706474223531,0.5352104,1338026,ok,right
10,142,1,3,0.038400000000000004,1.0,10.0,20.0,0.16288733761757612,-1.4776312191365972,1.0786836273656712,1.1637116697586896,0.028176670612708843,37.58975794976978,0.5383656,1345914,ok,right
10,209,1,3,0.038400000000000004,1.0,10.0,20.0,0.2636539660394192,1.4206809816364074,2.8619505260127225,1.2636641371442527,-0.04488632176389734,53.26315469855856,0.5368972,1342243,ok,right
10,883,1,3,0.038400000000000004,1.0,10.0,20.0,0.5035585291683674,-0.9802303436689223,5.235194611051985,1.5038788523956608,0.08466593338636139,0.27867145084800377,0.5435443999999999,1358861,ok,right
10,288,1,3,0.038400000000000004,1.0,10.0,20.0,0.6391377741470934,0.4886581933314441,5.518318398808463,1.640103144808957,-0.11226220125277585,12.745676073927578,0.5506264,1376566,ok,right
10,398,1,3,0.038400000000000004,1.0,10.0,20.0,0.13729797042906286,1.5057050083637957,2.1011676343401446,1.1374472431312672,-0.10047841549241579,-6.188512227458489,0.5496447999999999,1374112,ok,right
10,415,1,3,0.038400000000000004,1.0,10.0,20.0,0.1772076990455389,1.894588328404998,1.326456102140924,1.1779597720918844,-0.050358956453409175,-3.6031165501507005,0.5510923999999999,1377731,ok,right
10,124,1,3,0.038400000000000004,1.0,10.0,20.0,0.1714121326804161,-0.6196746965328341,4.8121824784415885,1.1717324995216731,0.0585984229573342,-19.194561081732996,0.5533348,1383337,ok,right
10,763,1,3,0.038400000000000004,1.0,10.0,20.0,0.38181824274361137,-1.265995415388869,3.204394111671173,1.3828895067464684,-0.12420969825695392,12.799029784338723,0.5576468,1394117,ok,right
10,328,1,3,0.038400000000000004,1.0,10.0,20.0,0.29009041711688044,1.4848483174777243,0.6061081476829263,1.2903862156551702,-0.2907558036945427,21.956915683864096,0.5634376,1408594,ok,right
10,577,1,3,0.038400000000000004,1.0,10.0,20.0,0.155577327311039,-0.38041047201521977,0.8746404496568811,1.1563145279405755,0.17988095300081464,15.53229925755768,0.5639848,1409962,ok,right
10,579,1,3,0.038400000000000004,1.0,10.0,20.0,0.5858533289283514,-0.73342140081902,2.982844465410555,1.5860663803055526,0.12048524831680385,9.58344490924244,0.5607295999999999,1401824,ok,right
10,796,1,3,0.038400000000000004,1.0,10.0,20.0,0.1328698864206672,-0.43502424113844973,4.488400023556996,1.1331254414094085,0.011579583990467775,12.439847722249798,0.5600444,1400111,ok,right
10,679,1,3,0.038400000000000004,1.0,10.0,20.0,0.16868348699063063,-0.29323286986640745,1.3693140954398013,1.1689126192694275,0.03802777716972456,9.415067648259766,0.5656272,1414068,ok,right
10,695,1,3,0.038400000000000004,1.0,10.0,20.0,0.4204173853620887,0.6375939514081722,0.7132480487527124,1.4210278453365122,-0.15661627831881622,-10.056581810539571,0.564272,1410680,ok,right
10,859,1,3,0.038400000000000004,1.0,10.0,20.0,0.14784846119582654,1.0548108335608777,5.555617382403701,-1.214602506392514,0.006324643787776557,8.2328653847978,0.5640368,1410092,ok,left
10,933,1,3,0.038400000000000004,1.0,10.0,20.0,0.4318421181291342,0.8489070038241775,4.601900029733546,1.4322779678971551,0.053657218649513796,-30.718480750263453,0.5655787999999999,1413947,ok,right
10,46,1,3,0.038400000000000004,1.0,10.0,20.0,0.049992749467492104,-1.0519293164492365,2.6874103726976064,1.0511117530253364,-0.07405906242608369,15.46636391770421,0.5695956,1423989,ok,right
10,515,1,3,0.038400000000000004,1.0,10.0,20.0,0.4367095978930593,-0.520423748428882,2.9488610934781367,1.436859137664471,-0.28892397171827783,21.422858785807893,0.5715796,1428949,ok,right
10,565,1,3,0.038400000000000004,1.0,10.0,20.0,0.2870243888348341,1.3662809271444947,2.5142260445437645,1.2879478648429368,-0.16049063280478376,-0.04834375741691162,0.5684743999999999,1421186,ok,right
10,950,1,3,0.038400000000000004,1.0,10.0,20.0,0.5144503219053149,-0.5120713504863459,0.42049533127266187,1.515102882682041,-0.21491889511801204,-15.880129627370756,0.568282,1420705,ok,right
10,204,1,3,0.038400000000000004,1.0,10.0,20.0,-0.06903233099728823,-0.4090918701422758,2.0834363913512743,0.9314509297526693,-0.03878066151242261,2.9278447086284407,0.5733788,1433447,ok,right
10,783,1,3,0.038400000000000004,1.0,10.0,20.0,0.11683752778917551,1.7691874735742243,0.44659056699825933,1.1169491038444788,0.22274465937110716,12.92267700739967,0.5732039999999999,1433010,ok,right
10,898,1,3,0.038400000000000004,1.0,10.0,20.0,0.29537106640636923,0.5190128951504527,2.055312434961318,1.2960861915039015,-0.15771770881024397,-3.016911431374197,0.5733252,1433313,ok,right
10,10,1,3,0.038400000000000004,1.0,10.0,20.0,0.21550517957657578,-0.9214261510431302,5.369618213717457,1.2163550531551128,0.18843626991014717,-9.792296327981855,0.5775975999999999,1443994,ok,right
10,73,1,3,0.038400000000000004,1.0,10.0,20.0,0.5112692221999169,0.7917131459453863,4.222502173718547,1.5121367800892345,-0.26295084990509715,-12.499918549185901,0.579148,1447870,ok,right
10,529,1,3,0.038400000000000004,1.0,10.0,20.0,0.23269668053835632,-1.8975084776396087,3.0201491046470883,1.23407136959965,0.003622102868972749,6.55040827948925,0.5761144,1440286,ok,right
10,543,1,3,0.038400000000000004,1.0,10.0,20.0,0.696352238021791,0.07937280030168424,1.2974740506707205,1.6964084476231256,-0.16531635084366123,40.52505785282021,0.5787055999999999,1446764,ok,right
10,639,1,3,0.038400000000000004,1.0,10.0,20.0,0.05555634051561356,0.7088136751623374,4.742950222663101,1.055647093201874,0.14363329070385053,3.188366871754993,0.5785816,1446454,ok,right
10,761,1,3,0.038400000000000004,1.0,10.0,20.0,0.05641272068023682,0.9731548466522347,1.3903293276542905,1.05651730146963,0.060832117083650994,-12.560943197663628,0.5798688,1449672,ok,right
10,736,1,3,0.038400000000000004,1.0,10.0,20.0,0.5700011184439063,-0.1345748973503079,4.509428594658532,1.5707339909823088,0.2471622733711964,9.328604581540429,0.5810072,1452518,ok,right
10,580,1,3,0.038400000000000004,1.0,10.0,20.0,0.5130954982712865,-0.49965330141658176,1.763938135949358,1.5135545421514451,0.27282269972995715,6.270996240626418,0.5854628,1463657,ok,right
10,754,1,3,0.038400000000000004,1.0,10.0,20.0,0.3226327739655972,0.56112844856363,2.106030188245033,1.3250597578042083,0.17952536980486108,6.14760769814421,0.5842212,1460553,ok,right
10,958,1,3,0.038400000000000004,1.0,10.0,20.0,0.07173572722822429,-0.969670393968485,2.9332305920735853,1.0726574743834687,-0.090849353851485,-16.3268774482401,0.5840692,1460173,ok,right
10,17,1,3,0.038400000000000004,1.0,10.0,20.0,0.506887673586607,-0.943043600688609,1.5483652107803068,1.5072027025876673,0.06435727350387417,-18.761764136975586,0.5914832,1478708,ok,right
10,371,1,3,0.038400000000000004,1.0,10.0,20.0,0.34809587169438605,-0.06785527680420658,2.016727844809692,1.3483959747302248,-0.08551375139796154,-0.2339321934957672,0.5890748,1472687,ok,right
10,551,1,3,0.038400000000000004,1.0,10.0,20.0,0.4377529188990593,-0.7388169666529776,1.5637460769179758,1.4390068226050998,-0.10831588956109707,-0.24471808458954267,0.5911455999999999,1477864,ok,right
10,703,1,3,0.038400000000000004,1.0,10.0,20.0,-0.08226984273642302,0.35093123209814464,5.052793900461679,0.9179283140356342,0.01488753191982302,18.73788114847597,0.5881048,1470262,ok,right
10,69,1,3,0.038400000000000004,1.0,10.0,20.0,0.16927958484739067,1.636646146976743,4.045308992134154,1.1694715876203419,-0.1780245297668642,-0.12263282396542635,0.5941023999999999,1485256,ok,right
10,425,1,3,0.038400000000000004,1.0,10.0,20.0,0.2185927577316761,2.04849708437815,2.849986517172303,1.2195066033348374,-0.164119337162278,-31.518768129566435,0.5924412,1481103,ok,right
10,837,1,3,0.038400000000000004,1.0,10.0,20.0,0.17685296889394522,-1.333015808724089,0.7131222553529124,1.176890041744774,0.02404258630231052,-3.482475176599253,0.5970048,1492512,ok,right
10,931,1,3,0.038400000000000004,1.0,10.0,20.0,0.5326009914278984,-0.6582332053150344,4.822312981331982,1.5336380859236745,-0.20135856457990942,1.821497443098879,0.5966496,1491624,ok,right
10,952,1,3,0.038400000000000004,1.0,10.0,20.0,0.36632294300943613,1.3652786063542561,1.420796254141213,1.3669818887228453,-0.7013510590762855,-0.27289944795522403,0.5988044,1497011,ok,right
10,714,1,3,0.038400000000000004,1.0,10.0,20.0,0.21726618669927122,1.0417601854522294,5.716025330141444,1.2187997842259624,-0.06380008856330277,6.3730388256620625,0.6018859999999999,1504715,ok,right
10,379,1,3,0.038400000000000004,1.0,10.0,20.0,0.25059192180633544,1.7897058597375608,1.3778601176102134,1.2523413573551,0.23047556162702224,6.21273139844848,0.6073428,1518357,ok,right
10,602,1,3,0.038400000000000004,1.0,10.0,20.0,0.3580421514809132,0.9759023512652725,2.8218017399632016,1.3597925238708182,-0.2656393204560474,15.759963092089317,0.6062436,1515609,ok,right
10,40,1,3,0.038400000000000004,1.0,10.0,20.0,0.5291439458727837,0.6685168358055241,2.9602080156772774,1.530550746262735,-0.16353739814758886,-18.062646190626985,0.6114252,1528563,ok,right
10,313,1,3,0.038400000000000004,1.0,10.0,20.0,0.07699757218360902,0.9377731922511565,0.8708998866245594,1.0773399063315985,0.059379668865662344,-2.869611336058153,0.6093268,1523317,ok,right
10,731,1,3,0.038400000000000004,1.0,10.0,20.0,0.5044523904100061,-0.037272056805660564,3.3485839930499255,1.504525404758844,-0.2099851056430074,-6.150357262568596,0.6113624,1528406,ok,right
10,801,1,3,0.038400000000000004,1.0,10.0,20.0,0.3117071945220232,1.0983251594314425,3.675724049734967,1.3118043529571344,0.0897616395992833,15.373923787241061,0.6111864,1527966,ok,right
10,136,1,3,0.038400000000000004,1.0,10.0,20.0,0.5409467609599233,0.3975075575563213,5.017915317754424,1.5410035104707893,0.20676354928403826,-6.159520078985762,0.6136583999999999,1534146,ok,right
10,381,1,3,0.038400000000000004,1.0,10.0,20.0,0.38458738923072816,-1.1002287973747544,2.8674996537047357,1.3856551358073617,-0.3677158271955622,6.4084620065481905,0.6161888,1540472,ok,right
10,539,1,3,0.038400000000000004,1.0,10.0,20.0,0.20498615242540838,-0.9048283095998066,5.181861852202792,1.2058241960578284,0.012733906518808319,-12.385974774981396,0.623462,1558655,ok,right
10,286,1,3,0.038400000000000004,1.0,10.0,20.0,0.35591775346547366,1.3449306481090932,2.8853712900158377,1.355940214936256,0.08192516136509854,-2.965016743500633,0.6270403999999999,1567601,ok,right
10,549,1,3,0.038400000000000004,1.0,10.0,20.0,0.04180163219571114,-1.391985675855644,5.762189655813765,1.0425053795593848,-0.14797843960407434,-3.6665335677897795,0.6264784,1566196,ok,right
10,635,1,3,0.038400000000000004,1.0,10.0,20.0,-0.034747258946299556,0.6947958736587756,4.667785743372264,0.9654769128822914,0.0705426372646314,0.018469069725003444,0.6266016,1566504,ok,right
10,785,1,3,0.038400000000000004,1.0,10.0,20.0,0.0990183785557747,-1.2124407869282061,0.7123959004344573,1.0995783114929147,0.09144850548810118,19.16256817895391,0.6247036,1561759,ok,right
10,799,1,3,0.038400000000000004,1.0,10.0,20.0,0.21109566893428566,-0.08719274622006212,6.242769518099746,1.2146295952339803,-0.08837643427196855,21.988007702011213,0.630396,1575990,ok,right
10,279,1,3,0.038400000000000004,1.0,10.0,20.0,0.2618692137300968,-1.7677816208135169,1.773565595440261,1.261946278092229,-0.00578351837603804,-21.326254598401697,0.6358756,1589689,ok,right
10,489,1,3,0.038400000000000004,1.0,10.0,20.0,0.055440330877900124,-1.5978071774739244,2.4162310945464687,1.0557370273331328,-0.010128785468395534,8.843016502158743,0.6357332,1589333,ok,right
10,590,1,3,0.038400000000000004,1.0,10.0,20.0,0.6116539517417551,0.5276013227334727,3.039206086424015,1.611666514792198,0.1213805169666206,-3.3730667817706097,0.6348507999999999,1587127,ok,right
10,662,1,3,0.038400000000000004,1.0,10.0,20.0,0.17179547231644393,1.1008589678676786,3.5732821857287105,1.1721526693103212,-0.1196420354308527,-25.212147948034467,0.6350051999999999,1587513,ok,right
10,87,1,3,0.038400000000000004,1.0,10.0,20.0,0.43912164568901063,-0.16524795923518065,5.51634356765739,1.4395546667201478,0.029139255677356087,12.659922426858977,0.6379376,1594844,ok,right
10,411,1,3,0.038400000000000004,1.0,10.0,20.0,-0.04261046499013901,-0.6620528169716058,4.410017381965353,0.9576028503981466,0.09294770993001653,-5.8412253762877135,0.637776,1594440,ok,right
10,526,1,3,0.038400000000000004,1.0,10.0,20.0,0.30992556884884837,1.8387146379010366,4.135870597897111,1.3102791699807252,0.2237071345976141,-10.576333240146472,0.6428927999999999,1607232,ok,right
10,556,1,3,0.038400000000000004,1.0,10.0,20.0,0.22108128871768715,-0.8894564205399784,0.5460454360927596,1.2211211794164176,0.015646009782270556,-28.083363541330787,0.6424508,1606127,ok,right
10,628,1,3,0.038400000000000004,1.0,10.0,20.0,0.5662258811295032,0.7970311791226959,0.141596904433712,1.5662725350066733,0.4520144794170137,-6.214035843574787,0.6418931999999999,1604733,ok,right
10,495,1,3,0.038400000000000004,1.0,10.0,20.0,0.20512838009744883,0.08153502299228102,1.0523285861667044,1.2066057774980754,0.06616735981340832,6.228843736315066,0.6479628,1619907,ok,right
10,908,1,3,0.038400000000000004,1.0,10.0,20.0,0.21165943108499052,2.07156840328827,0.1524480685653965,1.2118861573351052,0.12570915850574785,-12.507609638956994,0.6455995999999999,1613999,ok,right
10,163,1,3,0.038400000000000004,1.0,10.0,20.0,0.380338734947145,0.7736814522019482,0.8492517229030753,1.3806029677121254,-0.1287022985858461,-15.959415434942825,0.6502224,1625556,ok,right
10,994,1,3,0.038400000000000004,1.0,10.0,20.0,-0.06101418994367123,-0.41095427380284194,4.997118610390943,0.9396193026735516,0.040827559691483065,12.956639954592363,0.652604,1631510,ok,right
10,263,1,3,0.038400000000000004,1.0,10.0,20.0,0.4468044191598892,0.26101349329917606,0.5093624478019124,1.447100737213133,0.014179423066982593,-3.8759474537503404,0.6590588,1647647,ok,right
10,319,1,3,0.038400000000000004,1.0,10.0,20.0,0.20800323747098448,-1.547156176454472,4.274511704147108,1.2091986147454934,0.20628192903948067,-3.4695512440614587,0.6561032,1640258,ok,right
10,552,1,3,0.038400000000000004,1.0,10.0,20.0,0.2163420531898737,-1.7981131754281319,6.164614095481257,1.2180661191994093,0.08437653394612171,24.540622311403148,0.6591408,1647852,ok,right
10,876,1,3,0.038400000000000004,1.0,10.0,20.0,-0.01625517476350069,0.24119559949355665,4.027089687489842,0.9841695091670819,-0.00818921664515387,-6.333588139143299,0.6580351999999999,1645088,ok,right
10,920,1,3,0.038400000000000004,1.0,10.0,20.0,0.22048399206250907,1.0646064490893798,1.895966821759787,1.220882196136581,-0.04824909835812374,-5.773863755426877,0.6577451999999999,1644363,ok,right
10,225,1,3,0.038400000000000004,1.0,10.0,20.0,0.02766242548823357,1.0383812439864815,4.567680946588523,1.0283999815668439,-0.08017557506653196,21.981734008199798,0.6624483999999999,1656121,ok,right
10,342,1,3,0.038400000000000004,1.0,10.0,20.0,0.5284204479306936,-0.37298178443595265,5.417131738995071,1.529555490823726,-0.7068829648307149,18.888403813536026,0.6620868,1655217,ok,right
10,531,1,3,0.038400000000000004,1.0,10.0,20.0,0.33211727999150753,-1.7073844784792305,1.546760449626992,1.3321680912440577,-0.0509412462515608,-6.792121765883016,0.6636143999999999,1659036,ok,right
10,627,1,3,0.038400000000000004,1.0,10.0,20.0,0.04977659936994314,1.391703784713166,0.7319600802982204,1.049982331419849,-0.034410606435190755,16.034958025018472,0.6606232,1651558,ok,right
10,987,1,3,0.038400000000000004,1.0,10.0,20.0,-0.04521747566759587,-0.6444460838914493,3.6301559919167388,0.9556431786316378,0.0580025386578581,31.14359601321226,0.6634612,1658653,ok,right
10,304,1,3,0.038400000000000004,1.0,10.0,20.0,0.2826098406687379,1.0686126770792477,0.4018719671919383,1.2826586741386603,-0.24874274404566205,-9.255773332621919,0.6664272,1666068,ok,right
10,238,1,3,0.038400000000000004,1.0,10.0,20.0,0.27753722127527,-1.262402436750508,0.17235567283702166,1.2778344748806871,-0.1924170322119224,-9.627000328861016,0.6685947999999999,1671487,ok,right
10,436,1,3,0.038400000000000004,1.0,10.0,20.0,0.5062151897698641,0.3572702864193961,4.090524650542104,1.5070990745496775,0.07881888582480283,8.79935641098505,0.6697208,1674302,ok,right
10,461,1,3,0.038400000000000004,1.0,10.0,20.0,-0.02546714209020138,0.8412935342459779,0.4806977178922827,0.9747116078898918,0.01437234850036758,8.917749185126134,0.6694131999999999,1673533,ok,right
10,696,1,3,0.038400000000000004,1.0,10.0,20.0,0.015512781403958798,-0.9235208274273019,3.467175656343003,1.0155500032272116,0.07994206818087018,-6.106407733117319,0.6753899999999999,1688475,ok,right
10,512,1,3,0.038400000000000004,1.0,10.0,20.0,0.3537104772403836,-1.2331908658844375,2.448786831057856,1.35371966723641,-0.15756679342126384,6.728353146518368,0.6784287999999999,1696072,ok,right
10,693,1,3,0.038400000000000004,1.0,10.0,20.0,0.5259772313758732,0.8053948797563247,0.10967310610794405,1.5260247864415777,0.01638854523512744,33.996409715289126,0.6778356,1694589,ok,right
10,1,1,3,0.038400000000000004,1.0,10.0,20.0,0.4816420838236809,0.8007023228877703,0.9512655751152082,1.4825411444600585,-0.08870062858245985,9.417436173055638,0.6822872,1705718,ok,right
10,271,1,3,0.038400000000000004,1.0,10.0,20.0,0.17379242330789568,1.4445230978196244,0.4674151400253138,1.173803138082423,-0.060325605936707764,-12.293071987604538,0.68263,1706575,ok,right
10,444,1,3,0.038400000000000004,1.0,10.0,20.0,0.5727177692577243,0.6800423689721515,2.9364845446652,1.5733949300933758,0.321836014905951,-21.913668988283163,0.6918904,1729726,ok,right
10,237,1,3,0.038400000000000004,1.0,10.0,20.0,0.5256108358502388,-0.4024090945528245,5.876797449391249,1.5266007065081406,-0.02375408637780251,-25.4970134109191,0.6938204,1734551,ok,right
10,667,1,3,0.038400000000000004,1.0,10.0,20.0,0.24759359657764435,-0.08953856818300802,5.960596814348306,1.2478341105071766,0.06555887783455838,0.6565790170168523,0.69338,1733450,ok,right
10,68,1,3,0.038400000000000004,1.0,10.0,20.0,0.47749998271465305,0.6006643752962385,1.0792627966332533,1.4776344304840967,-0.00801078867910453,-0.2826755593727941,0.697116,1742790,ok,right
10,291,1,3,0.038400000000000004,1.0,10.0,20.0,0.26368068624287844,-1.643955579308686,4.750469561610893,1.2639252461318657,-0.09211686734587808,6.522116443049335,0.6964516,1741129,ok,right
10,682,1,3,0.038400000000000004,1.0,10.0,20.0,-0.02309375572949648,-0.7474405969334933,5.64670743221276,0.976907471583033,-0.015492977917430354,34.58662158207967,0.6965475999999999,1741369,ok,right
10,770,1,3,0.038400000000000004,1.0,10.0,20.0,0.3552597675472498,1.401390765706483,6.014538676694818,1.3554901258675127,-0.12609468919552505,18.87586484948356,0.700162,1750405,ok,right
10,996,1,3,0.038400000000000004,1.0,10.0,20.0,0.11307527050375939,1.8899253031764134,2.8956363857582783,1.1132781893913737,0.17606961824711906,-0.39126858950972804,0.7019508,1754877,ok,right
10,18,1,3,0.038400000000000004,1.0,10.0,20.0,0.46595881748944523,0.7174067221836691,2.090678014319652,1.4663900386201434,-0.2824918010107386,-25.123216440104365,0.70765,1769125,ok,right
10,77,1,3,0.038400000000000004,1.0,10.0,20.0,0.12299119010567666,0.5890960439530782,5.55954790242278,1.1233584966051549,-0.0907391908919652,18.998113680114184,0.7054123999999999,1763531,ok,right
10,966,1,3,0.038400000000000004,1.0,10.0,20.0,0.1348191825672984,1.7998841642985728,2.0245392202419756,1.1363641097445454,-0.10006933706892639,2.826226124938948,0.7056511999999999,1764128,ok,right
10,585,1,3,0.038400000000000004,1.0,10.0,20.0,0.14048699233680964,-1.5012724095760903,5.569817670725566,1.14195016454141,0.05315586341299908,18.857057254416567,0.710398,1775995,ok,right
10,824,1,3,0.038400000000000004,1.0,10.0,20.0,0.002744457684457302,-0.6137626308032291,4.955350572984532,1.003397191324626,0.07610473701717382,-3.15347215192493,0.70928,1773200,ok,right
10,909,1,3,0.038400000000000004,1.0,10.0,20.0,0.2885198090225458,1.881515674536118,1.551956627851529,1.2890817077125132,0.09259071953124336,9.325979080389454,0.7087956,1771989,ok,right
10,432,1,3,0.038400000000000004,1.0,10.0,20.0,0.09248964153230191,-0.7435660123260622,0.18675377694156453,1.0925854235942785,0.004911645561232315,15.961801146095688,0.7137968,1784492,ok,right
10,500,1,3,0.038400000000000004,1.0,10.0,20.0,0.45369214937090874,0.7930773627342284,1.4033994078927374,1.4541317135189087,-0.2480483078646837,-5.660291454227334,0.7136288,1784072,ok,right
10,261,1,3,0.038400000000000004,1.0,10.0,20.0,0.3798878898844123,-1.3075421067774835,3.167351580541066,1.3800409969616338,-0.16917425599815222,0.17634371509686755,0.71976,1799400,ok,right
10,790,1,3,0.038400000000000004,1.0,10.0,20.0,0.4645036306232214,1.1976615150530951,1.8698149798820303,1.4645950311599423,-0.3716494475858869,-9.025169656766147,0.7195112,1798778,ok,right
10,37,1,3,0.038400000000000004,1.0,10.0,20.0,0.19198115933686496,-1.6228689631119848,3.77052012746925,1.1921910914486906,0.1560403387797529,-22.30076074263776,0.7218304,1804576,ok,right
10,372,1,3,0.038400000000000004,1.0,10.0,20.0,0.053864247351884845,1.1533759375162929,2.4026044997898155,1.0540362938191166,0.13651292881829344,3.1037141600370464,0.721406,1803515,ok,right
10,407,1,3,0.038400000000000004,1.0,10.0,20.0,0.552724414691329,-0.6059203592411583,1.6454291801928098,1.5528118822920598,-0.0685309581683139,9.023473457918337,0.7229283999999999,1807321,ok,right
10,988,1,3,0.038400000000000004,1.0,10.0,20.0,0.32904201056808235,1.3444718589454385,0.4864820872001966,1.3299657897503987,0.07685011451755674,-21.786960357774124,0.7204908,1801227,ok,right
10,281,1,3,0.038400000000000004,1.0,10.0,20.0,0.1962844539433718,-1.9002527770450968,3.8817322321740915,1.1966316769571967,-0.08879961808061762,-28.187442863438104,0.7264336,1816084,ok,right
10,83,1,3,0.038400000000000004,1.0,10.0,20.0,0.24139059819281103,-2.117063948848877,0.32987120039099677,1.2418282437124228,-0.1371208471971454,19.010643251060376,0.7310447999999999,1827612,ok,right
10,264,1,3,0.038400000000000004,1.0,10.0,20.0,0.3689923468977213,1.3263598165898074,4.428408968620188,1.3691502994334432,-0.009535167405718392,-28.232242375735936,0.7292408,1823102,ok,right
10,548,1,3,0.038400000000000004,1.0,10.0,20.0,0.2130080819129944,-1.0843467328837018,3.0924220166353975,1.213169006195401,0.012321335744338524,2.814452763010046,0.7299131999999999,1824783,ok,right
10,343,1,3,0.038400000000000004,1.0,10.0,20.0,0.165352619625628,-0.6844564147928646,3.588352228587914,1.1666718559103868,0.040067067602964884,6.392498016025227,0.7362791999999999,1840698,ok,right
10,423,1,3,0.038400000000000004,1.0,10.0,20.0,0.12099717352539302,0.8317887209107685,1.2626013854670963,1.1216259169388525,-0.04055281051237285,6.48005155596141,0.7367132,1841783,ok,right
10,834,1,3,0.038400000000000004,1.0,10.0,20.0,0.05682921633124352,0.5810288076049896,4.278341407166754,1.0573044042214044,0.020082690632906363,-25.052774031705344,0.7370992,1842748,ok,right
10,333,1,3,0.038400000000000004,1.0,10.0,20.0,0.15580350905656815,-0.5235320352224544,2.0649483647478997,1.156956053022738,0.18830030851939822,19.888502539808783,0.74064,1851600,ok,right
10,274,1,3,0.038400000000000004,1.0,10.0,20.0,0.35889982189983133,-0.5655797615832795,3.8711822082661063,1.3591890254755503,-0.041648912248911055,-6.242444674358046,0.7448692,1862173,ok,right
10,798,1,3,0.038400000000000004,1.0,10.0,20.0,-0.004211241006851197,0.7711485632473819,3.918546036062505,0.9972506909762762,0.005758602225657885,38.33422514034216,0.7465615999999999,1866404,ok,right
10,970,1,3,0.038400000000000004,1.0,10.0,20.0,0.2589320123195648,1.2985762358831183,3.4238433352636126,1.2593525968828578,-0.17885814081683543,-0.2854239362316973,0.7447992,1861998,ok,right
10,205,1,3,0.038400000000000004,1.0,10.0,20.0,0.43775973804295065,0.8973863324166608,0.09963723207350746,1.438305779178021,0.060384685340300386,50.36955291212731,0.750312,1875780,ok,right
10,618,1,3,0.038400000000000004,1.0,10.0,20.0,0.25119322072714567,1.6188789186275492,1.297034986530508,1.2513560650631568,-0.13049351097033554,-3.402930862592155,0.7488648,1872162,ok,right
10,601,1,3,0.038400000000000004,1.0,10.0,20.0,0.14201718512922526,1.9303137868212714,5.664540830771106,1.1420525418458967,-0.08781187581074235,-9.214616244719243,0.7632148,1908037,ok,right
10,649,1,3,0.038400000000000004,1.0,10.0,20.0,0.48763356246054174,0.766321459342724,4.530487193616563,1.4880398401433677,0.061165738976974804,21.89225171650184,0.7616396,1904099,ok,right
10,937,1,3,0.038400000000000004,1.0,10.0,20.0,-0.05803082119673491,0.4621413695585365,2.5221448069405747,0.9424865835043764,0.03275275851915133,-5.8916704746884765,0.7615919999999999,1903980,ok,right
10,2,1,3,0.038400000000000004,1.0,10.0,20.0,0.1298667848110199,1.7803071867714353,4.768740100572177,1.1304310092041683,0.007758481964893165,15.172409988045061,0.7662896,1915724,ok,right
10,292,1,3,0.038400000000000004,1.0,10.0,20.0,0.4563024239614606,-0.5996720303512602,2.976181684016109,1.4563713445740714,0.09128609024523368,-22.46977986991995,0.7659052,1914763,ok,right
10,191,1,3,0.038400000000000004,1.0,10.0,20.0,0.536933915130794,0.5629946264919786,5.139074172598477,1.5375633620441145,0.031139189003510124,15.358950460549224,0.771044,1927610,ok,right
10,777,1,3,0.038400000000000004,1.0,10.0,20.0,0.2433715369552374,-1.8833263802587417,4.390794130771209,1.2446797886871395,0.028059586565593042,12.443705394586447,0.7750387999999999,1937597,ok,right
10,315,1,3,0.038400000000000004,1.0,10.0,20.0,0.5076004106551409,0.17791578880048473,2.9622054650047738,1.5077260165779443,0.01136464611733304,-24.26866725385286,0.7767284,1941821,ok,right
10,187,1,3,0.038400000000000004,1.0,10.0,20.0,0.15025895349681379,-2.1205116104113277,4.383949182428778,1.1512321988246812,0.030421929527967885,15.531598476036988,0.7828075999999999,1957019,ok,right
10,369,1,3,0.038400000000000004,1.0,10.0,20.0,0.36791024412959816,-0.9453413918773895,0.42425648633986734,1.368365494403082,0.06645479135871687,-29.7567226686285,0.7825612,1956403,ok,right
10,325,1,3,0.038400000000000004,1.0,10.0,20.0,0.6354198276996613,0.1823450747194158,3.868808145308283,1.637062625239708,-0.07366552550510924,-3.403850031982467,0.7857147999999999,1964287,ok,right
10,663,1,3,0.038400000000000004,1.0,10.0,20.0,-0.08539757505059242,0.25227772113507707,0.4600288403105685,0.9153410943638249,-0.040775349750271306,-28.383513353051445,0.7872492,1968123,ok,right
10,819,1,3,0.038400000000000004,1.0,10.0,20.0,0.020619923621416094,-1.1389429812797478,0.7040027473516565,1.0206411240946345,0.05933605190891413,6.636304137549772,0.7871971999999999,1967993,ok,right
10,720,1,3,0.038400000000000004,1.0,10.0,20.0,0.38571564070880415,0.6742351849329752,1.2337781908082022,1.3860653862918022,-0.11651206013390179,3.3866166072650836,0.7989339999999999,1997335,ok,right
10,922,1,3,0.038400000000000004,1.0,10.0,20.0,0.08178974408656359,1.7148613732345366,0.9544407788266163,1.082312988216314,0.10181721212823466,-22.29667998535494,0.8106287999999999,2026572,ok,right
10,19,1,3,0.038400000000000004,1.0,10.0,20.0,0.08773906938731671,0.48330348168909826,5.627779008750803,1.0882082272852376,-0.24808058270379363,25.216945232050648,0.8151164,2037791,ok,right
10,84,1,3,0.038400000000000004,1.0,10.0,20.0,0.3211388230323792,-1.7843182480623858,2.895286332868599,1.3211485625826958,-0.12408990772663656,-6.134221079601293,0.8151223999999999,2037806,ok,right
10,327,1,3,0.038400000000000004,1.0,10.0,20.0,0.30511030815541745,-1.3310989229459376,2.5517000531209244,1.3063182085690555,0.07109288441971127,-22.36710128545187,0.81231,2030775,ok,right
10,934,1,3,0.038400000000000004,1.0,10.0,20.0,0.6055031312629581,-0.3891834379522747,0.771964539238795,1.6067392416652417,-0.04716330982228154,-6.1702638345342455,0.8188327999999999,2047082,ok,right
10,599,1,3,0.038400000000000004,1.0,10.0,20.0,-0.09499497506767512,0.028379144277398533,3.237248425373784,0.9052039082265838,0.09887600225997417,-21.818076636623786,0.8205688,2051422,ok,right
10,656,1,3,0.038400000000000004,1.0,10.0,20.0,-0.07497181836515665,0.429206251767482,6.150658240289585,0.9253194918961586,-0.0018856928770031416,-15.814099141210177,0.8224404,2056101,ok,right
10,789,1,3,0.038400000000000004,1.0,10.0,20.0,0.44041885379701856,1.1168982737598854,1.1348382601000955,1.4410979366655912,0.016391712903362367,-5.285760663113009,0.8285355999999999,2071339,ok,right
10,361,1,3,0.038400000000000004,1.0,10.0,20.0,0.09287895038723946,1.6107354679259718,4.008765393603736,1.0930398122472662,0.014179759029917598,-3.7140697837332093,0.8353472,2088368,ok,right
10,875,1,3,0.038400000000000004,1.0,10.0,20.0,0.6896218927577138,-0.32869622062590825,0.6448718692275225,1.6896504424894747,-0.18365691069114595,-15.819365650275818,0.8336528,2084132,ok,right
10,600,1,3,0.038400000000000004,1.0,10.0,20.0,0.6792358869686723,-0.3205406395530587,3.4883114110634525,1.6792875045922557,0.3197579638495356,-57.55909972380414,0.8375112,2093778,ok,right
10,929,1,3,0.038400000000000004,1.0,10.0,20.0,-0.027343115769326687,0.7289855725393443,5.999266604848868,0.9728292018365141,0.021797749506893425,-9.41128824552025,0.8429835999999999,2107459,ok,right
10,119,1,3,0.038400000000000004,1.0,10.0,20.0,0.16019642520695926,2.036880490830488,3.7466816652444703,1.1602162291180196,-0.056635712107498966,9.350278285209788,0.8560356,2140089,ok,right
10,190,1,3,0.038400000000000004,1.0,10.0,20.0,0.22180348224937918,-1.1007928110272447,3.1707766755300204,1.2219188312883784,0.31485506044440964,28.681778728501495,0.8560167999999999,2140042,ok,right
10,732,1,3,0.038400000000000004,1.0,10.0,20.0,0.16354491077363492,1.8806342031829943,6.231930475707266,1.1652752235827177,0.12462886071584645,2.5565625156352647,0.8606547999999999,2151637,ok,right
10,152,1,3,0.038400000000000004,1.0,10.0,20.0,0.6328621197491885,0.24723238627481658,1.5587086501746465,1.6329710742869088,0.12411293123578218,-6.212541160722594,0.8662196,2165549,ok,right
10,538,1,3,0.038400000000000004,1.0,10.0,20.0,0.2618521712720394,1.4526573353095151,2.7973175720307584,1.2622398962457968,0.02397899836500916,0.7628885134053983,0.8698168,2174542,ok,right
10,562,1,3,0.038400000000000004,1.0,10.0,20.0,0.26253633107990026,0.7590173629764826,5.307610252642698,1.263200411686381,0.014278415525252502,25.695818644269455,0.8741848,2185462,ok,right
10,684,1,3,0.038400000000000004,1.0,10.0,20.0,0.2545025166124106,1.5982421773125504,1.3160017355203057,1.2565524135276533,0.011899280624743028,6.324949773126777,0.877752,2194380,ok,right
10,773,1,3,0.038400000000000004,1.0,10.0,20.0,0.22949106860905888,1.894168979777551,2.2866881903588223,1.229560213693802,-0.14037106260923304,46.98320792050942,0.8800644,2200161,ok,right
10,22,1,3,0.038400000000000004,1.0,10.0,20.0,0.3050845207646489,1.4201600658909925,2.510946305095166,1.3052624010706082,0.01879010367402851,-3.2398209833758336,0.8951828,2237957,ok,right
10,757,1,3,0.038400000000000004,1.0,10.0,20.0,0.019552251882851125,0.5334724272334651,3.2912336003358695,1.0195691953522956,-0.2007938284883662,-12.120667093945206,0.8948936,2237234,ok,right
10,981,1,3,0.038400000000000004,1.0,10.0,20.0,-0.0957559995353222,-0.23775950951970012,1.081433105823914,0.9050222304018924,-0.016385964401264747,6.609050193553989,0.9021855999999999,2255464,ok,right
10,145,1,3,0.038400000000000004,1.0,10.0,20.0,0.3913447540253401,1.4776578455155436,3.4230787601474186,1.391903190861645,0.29159675005881214,-24.895591294963246,0.9054696,2263674,ok,right
10,520,1,3,0.038400000000000004,1.0,10.0,20.0,0.4706920554861427,0.7620150448840889,5.8071396395210115,1.4709201320481826,-0.06723868370375603,-18.349147173111117,0.9042199999999999,2260550,ok,right
10,547,1,3,0.038400000000000004,1.0,10.0,20.0,0.29021270107477903,1.9199022790639786,1.1622716416219796,1.2905177232597294,-0.00550979393240374,2.6771153138231223,0.9080448,2270112,ok,right
10,891,1,3,0.038400000000000004,1.0,10.0,20.0,0.28210383374243975,1.521540448801211,1.0544164628494346,1.2828133376710904,-0.031012853497883137,21.927570239082232,0.9102123999999999,2275531,ok,right
10,592,1,3,0.038400000000000004,1.0,10.0,20.0,0.224225602298975,0.5978278773403912,4.280471301782556,1.2252375165938674,-0.02992667159903304,-16.036460313800667,0.9153368,2288342,ok,right
10,791,1,3,0.038400000000000004,1.0,10.0,20.0,0.21729216873645785,1.9797350516642436,4.163636990775969,1.2174668829016466,-0.007529208487025065,-16.040476300766137,0.9159415999999999,2289854,ok,right
10,173,1,3,0.038400000000000004,1.0,10.0,20.0,0.1633991127833724,-1.8613055779061036,4.542666020273578,1.164203230518428,-0.10400105577215214,-24.839147146173794,0.9164544,2291136,ok,right
10,569,1,3,0.038400000000000004,1.0,10.0,20.0,0.07746164314448833,-0.6446081074523758,0.30324995345206374,1.077513730298795,0.1577030677919849,6.3878208053546315,0.9163076,2290769,ok,right
10,45,1,3,0.038400000000000004,1.0,10.0,20.0,0.2147214461117983,-1.98900740063549,5.453949614184499,1.2152625743768133,-0.14913152441855504,-18.750363407320854,0.9312804,2328201,ok,right
10,570,1,3,0.038400000000000004,1.0,10.0,20.0,0.26468079499900343,1.567278577832274,3.448731725016374,1.2650141543658882,-0.010343758633212932,-0.26543700890785105,0.9287055999999999,2321764,ok,right
10,608,1,3,0.038400000000000004,1.0,10.0,20.0,0.1803504964336753,-1.0578041031387275,2.8421654499077444,1.1807741513693866,0.033893336503616145,-9.412068947376698,0.9286472,2321618,ok,right
10,278,1,3,0.038400000000000004,1.0,10.0,20.0,0.4066256579011679,-1.2489045637520464,3.3909646844558345,1.4073943164920593,0.2698153475039426,3.3707371363584673,0.9391655999999999,2347914,ok,right
10,716,1,3,0.038400000000000004,1.0,10.0,20.0,0.485046822950244,-0.3358637545215696,0.8893304995449949,1.4851676965167213,-0.13520063684918077,8.610829801966414,0.9366831999999999,2341708,ok,right
10,496,1,3,0.038400000000000004,1.0,10.0,20.0,0.5384748199954629,0.23613559393778005,0.026346329521804837,1.5393748875653375,-0.2788075519127556,-10.168455903806466,0.9472035999999999,2368009,ok,right
10,784,1,3,0.038400000000000004,1.0,10.0,20.0,0.17917550019919873,2.003033239051505,1.1529055119650846,1.179489648083331,-0.038550488904523866,12.680984613020081,0.9534364,2383591,ok,right
10,405,1,3,0.038400000000000004,1.0,10.0,20.0,0.1886992532759905,-1.3947196350065618,1.905226850357147,1.189332516179858,0.06826197739496279,25.058429521209387,0.9590036,2397509,ok,right
10,623,1,3,0.038400000000000004,1.0,10.0,20.0,0.2492653101682663,-1.9638941754163468,3.8531429405610553,1.2495580385696496,0.10306670406959817,-0.06419362883039682,0.9616747999999999,2404187,ok,right
10,61,1,3,0.038400000000000004,1.0,10.0,20.0,0.21938225962221625,0.8151586905983396,1.2966239943253188,1.219642230566541,0.01440944085792019,-4.225939386737346,0.9777564,2444391,ok,right
10,748,1,3,0.038400000000000004,1.0,10.0,20.0,0.24274513050913812,-1.6696169252107567,4.634206723459872,1.2428071512719692,0.06134912296606532,-6.094556271542933,0.988946,2472365,ok,right
10,769,1,3,0.038400000000000004,1.0,10.0,20.0,0.4500970857217908,-1.113338800131809,1.6924346574281837,1.4501895799916187,-0.26236808219667296,9.222652371937167,0.9912171999999999,2478043,ok,right
10,713,1,3,0.038400000000000004,1.0,10.0,20.0,0.1537719700485468,-1.3278614291626023,1.0007243557290866,1.155294824736634,-0.056768408312735025,-12.726166102578096,1.0005823999999999,2501456,ok,right
10,787,1,3,0.038400000000000004,1.0,10.0,20.0,0.15327397882938387,-1.621221393195755,0.1535791368446446,1.1542994445922328,0.14391513498973205,15.758107915595641,1.011106,2527765,ok,right
10,213,1,3,0.038400000000000004,1.0,10.0,20.0,-0.03248327616602183,-0.28612631850588743,2.727889302784666,0.968746868323627,-0.010240781107636243,25.831782586333794,1.0218068,2554517,ok,right
10,877,1,3,0.038400000000000004,1.0,10.0,20.0,0.3377019902691245,1.6186304941701704,5.130829093157823,1.3380674201939204,0.16027157513955675,-3.5817003541848673,1.0235159999999999,2558790,ok,right
10,820,1,3,0.038400000000000004,1.0,10.0,20.0,0.21344531662762167,-0.9471278982892292,2.456398515246484,1.2135454086583468,-0.053481086250304274,-24.38678840124199,1.0337087999999999,2584272,ok,right
10,915,1,3,0.038400000000000004,1.0,10.0,20.0,0.23117795605212452,1.4454209239430724,5.025091064058774,1.2312803829375831,-0.11219175644351932,-20.159307859270978,1.0328836,2582209,ok,right
10,242,1,3,0.038400000000000004,1.0,10.0,20.0,0.3495968129485846,-0.9479801243783987,3.826684204802794,1.3508172810342582,-0.08307409398129548,15.496843453079924,1.0385052,2596263,ok,right
10,542,1,3,0.038400000000000004,1.0,10.0,20.0,0.4033281993120909,1.3355272336094726,0.8031300749398811,1.404136748411873,0.08897896846800339,2.6824353971887205,1.0363688,2590922,ok,right
10,197,1,3,0.038400000000000004,1.0,10.0,20.0,0.20953893419355155,-2.1318550539371968,2.4147594238283334,1.2109724362448002,0.09192314752632728,-32.12385825506642,1.0587347999999999,2646837,ok,right
10,613,1,3,0.038400000000000004,1.0,10.0,20.0,0.28228955436497927,-1.8606593768418391,1.7587657199031823,1.2826670518080445,0.07532413480318098,-18.5435341934586,1.058076,2645190,ok,right
10,284,1,3,0.038400000000000004,1.0,10.0,20.0,0.1255873976275325,-1.9852538835143128,5.141315137806529,1.126759383564911,-0.06584029863902492,12.368431712545886,1.0630552,2657638,ok,right
10,709,1,3,0.038400000000000004,1.0,10.0,20.0,0.3108047546818853,1.5470406474029061,4.360365818006989,1.311144727416685,0.09159352437992027,6.453206652126793,1.060902,2652255,ok,right
10,640,1,3,0.038400000000000004,1.0,10.0,20.0,0.39834394548088314,-0.1535039986707089,6.244416917463399,1.3985715858356031,0.06801193105643492,-5.6313734170425835,1.0865068,2716267,ok,right
10,927,1,3,0.038400000000000004,1.0,10.0,20.0,0.25660917796194554,2.034966452472191,2.965099590951022,1.2567443643690173,0.008115384567348165,-17.94739948808594,1.0844448,2711112,ok,right
10,874,1,3,0.038400000000000004,1.0,10.0,20.0,0.12113550622016192,2.015522978506649,5.874215669621187,1.121816721608699,-0.0654149952312807,-6.525481120365779,1.0958991999999999,2739748,ok,right
10,780,1,3,0.038400000000000004,1.0,10.0,20.0,0.10337209273129702,-1.9417876442447668,0.9991561806940161,1.1039558997841554,-0.03823138584403806,39.7610236468954,1.0971188,2742797,ok,right
10,9,1,3,0.038400000000000004,1.0,10.0,20.0,0.3346965301781893,-1.448614611163523,2.900564029277267,1.3355197587726386,-0.16660320832540154,-6.208732758544163,1.1004608,2751152,ok,right
10,166,1,3,0.038400000000000004,1.0,10.0,20.0,0.5828453687950969,0.5287347589336278,4.139696302761647,1.5836969946814752,0.06282377011726785,-13.059359257307326,1.1050955999999998,2762739,ok,right
10,483,1,3,0.038400000000000004,1.0,10.0,20.0,0.16963708736002447,-1.732091124277566,1.3871823450955496,1.1698984315191936,-0.17010946890148068,-6.548413182681675,1.1142315999999999,2785579,ok,right
10,290,1,3,0.038400000000000004,1.0,10.0,20.0,0.25762892328202724,1.0314042044721317,1.3995181677320772,1.2582064256231922,-0.23593208316461498,0.020176832981021256,1.1218392,2804598,ok,right
10,109,1,3,0.038400000000000004,1.0,10.0,20.0,0.6845535043627025,0.31843799666768435,0.47080818540498753,1.6846395992797583,-0.2222011412403803,12.660689138343372,1.1326676,2831669,ok,right
10,971,1,3,0.038400000000000004,1.0,10.0,20.0,0.1544334037229419,1.6472979818538915,1.311404101450392,1.1553527249188937,-0.026622165834154957,21.99398256980001,1.1345744,2836436,ok,right
10,725,1,3,0.038400000000000004,1.0,10.0,20.0,0.1411246368661523,-1.9239403202461087,0.9075728173536116,1.1412635898499193,-0.022811408131868542,31.24664293312194,1.1363999999999999,2841000,ok,right
10,659,1,3,0.038400000000000004,1.0,10.0,20.0,0.5093196526169778,1.0380999472100445,5.166054491317047,1.5093636694607415,-0.16306053672099763,6.562278457396393,1.146296,2865740,ok,right
10,944,1,3,0.038400000000000004,1.0,10.0,20.0,0.45950090121477843,-0.7173336374809586,3.0928169942763732,1.4599781634671214,0.36870093380730135,-5.872183334229589,1.1463188,2865797,ok,right
10,404,1,3,0.038400000000000004,1.0,10.0,20.0,0.24250140637159348,-1.7532525563822607,4.8826535449529445,1.242509501502442,-0.12748407742049692,9.377794578619401,1.2007112,3001778,ok,right
10,71,1,3,0.038400000000000004,1.0,10.0,20.0,0.33777002803981304,1.0905262986948363,2.099917699578202,1.3385247226463008,-0.23416555923974275,25.08699879498558,1.2078704,3019676,ok,right
10,60,1,3,0.038400000000000004,1.0,10.0,20.0,0.14971118345856668,-1.4013277768185775,2.254742906155224,1.1498327946091276,-0.12159164736858875,-30.86584476315294,1.227608,3069020,ok,right
10,76,1,3,0.038400000000000004,1.0,10.0,20.0,0.14387563206255435,1.7258763853018682,3.3401793092468237,1.1443641990838938,0.07672145424461115,-2.949626518550307,1.2253972,3063493,ok,right
10,15,1,3,0.038400000000000004,1.0,10.0,20.0,0.3090431457385421,1.3855939012695953,5.43382988679138,1.3097661059709835,-0.06954128197861308,-0.19851759859007045,1.2451771999999999,3112943,ok,right
10,733,1,3,0.038400000000000004,1.0,10.0,20.0,0.17607037760317326,-2.168585406477752,3.7390676872002944,1.1768344152628036,-0.021485225902131904,9.432199578490263,1.257426,3143565,ok,right
10,689,1,3,0.038400000000000004,1.0,10.0,20.0,0.18092461172491314,-1.4415395587168514,4.339667133469409,1.1816341815701363,-0.06559683620813067,47.21227304161422,1.2715644,3178911,ok,right
10,582,1,3,0.038400000000000004,1.0,10.0,20.0,0.034132699482142925,-1.0043370038675825,2.708246710511854,1.0342347871708775,-0.00048452377719440947,-9.215312320729634,1.2986495999999998,3246624,ok,right
10,216,1,3,0.038400000000000004,1.0,10.0,20.0,0.28481395188719033,1.9342937321232534,3.4109939625499486,1.2857581929394104,-0.13998262997502253,47.562741168449186,1.3018775999999999,3254694,ok,right
10,647,1,3,0.038400000000000004,1.0,10.0,20.0,0.24533706046640874,-1.5006888692447224,1.5952581252469895,1.2460253366738185,-0.11072326286232263,9.147245742316198,1.3005124,3251281,ok,right
10,836,1,3,0.038400000000000004,1.0,10.0,20.0,0.1089898968115449,-1.793698626955958,5.514824840716317,1.1091734852697241,-0.019753809227012375,2.634572412680608,1.3145048,3286262,ok,right
10,804,1,3,0.038400000000000004,1.0,10.0,20.0,0.19436840284615756,0.6077428932304061,1.8133461342879507,1.194665814100786,-0.054563848583870596,6.247870473193211,1.3450103999999998,3362526,ok,right
10,437,1,3,0.038400000000000004,1.0,10.0,20.0,0.10105103459209204,-1.3542032294950996,0.1930791684652253,1.1010843230878316,0.04258425189604368,-19.050922450505023,1.4148208,3537052,ok,right
10,25,1,3,0.038400000000000004,1.0,10.0,20.0,0.6289175372570753,0.22748548795613427,0.1623181822781075,1.6296792222254008,-0.23855302237790543,28.52281464243923,1.6544424,4136106,ok,right
