x,y,count
0.005,-2.2640624999999996,0
0.005,-2.1921874999999997,0
0.005,-2.1203125,0
0.005,-2.0484375,0
0.005,-1.9765624999999998,0
0.005,-1.9046874999999999,0
0.005,-1.8328124999999997,0
0.005,-1.7609374999999998,0
0.005,-1.6890625,0
0.005,-1.6171875,0
0.005,-1.5453124999999999,0
0.005,-1.4734374999999997,0
0.005,-1.4015624999999998,0
0.005,-1.3296875,0
0.005,-1.2578125,0
0.005,-1.1859374999999999,0
0.005,-1.1140625,4
0.005,-1.0421874999999998,55
0.005,-0.9703124999999999,108
0.005,-0.8984375,178
0.005,-0.8265624999999999,212
0.005,-0.7546875,445
0.005,-0.6828125,395
0.005,-0.6109374999999999,495
0.005,-0.5390625,486
0.005,-0.46718749999999987,535
0.005,-0.39531249999999996,661
0.005,-0.32343750000000004,969
0.005,-0.2515624999999999,1411
0.005,-0.1796875,2129
0.005,-0.10781250000000009,3236
0.005,-0.03593750000000018,4668
0.005,0.03593750000000018,4867
0.005,0.10781250000000009,3515
0.005,0.1796875,2211
0.005,0.2515624999999999,1594
0.005,0.3234374999999998,926
0.005,0.3953125000000002,800
0.005,0.4671875000000001,688
0.005,0.5390625,589
0.005,0.6109374999999999,391
0.005,0.6828124999999998,613
0.005,0.7546874999999997,637
0.005,0.8265625000000001,496
0.005,0.8984375,398
0.005,0.9703124999999999,190
0.005,1.0421874999999998,127
0.005,1.1140624999999997,3
0.005,1.1859375,0
0.005,1.2578125,0
0.005,1.3296875,0
0.005,1.4015624999999998,0
0.005,1.4734374999999997,0
0.005,1.5453125,0
0.005,1.6171875,0
0.005,1.6890625,0
0.005,1.7609374999999998,0
0.005,1.8328125000000002,0
0.005,1.9046874999999996,0
0.005,1.9765625,0
0.005,2.0484374999999995,0
0.005,2.1203125,0
0.005,2.1921875,0
0.005,2.2640624999999996,0
0.015,-2.2640624999999996,0
0.015,-2.1921874999999997,0
0.015,-2.1203125,0
0.015,-2.0484375,0
0.015,-1.9765624999999998,0
0.015,-1.9046874999999999,0
0.015,-1.8328124999999997,0
0.015,-1.7609374999999998,0
0.015,-1.6890625,0
0.015,-1.6171875,0
0.015,-1.5453124999999999,0
0.015,-1.4734374999999997,0
0.015,-1.4015624999999998,0
0.015,-1.3296875,0
0.015,-1.2578125,0
0.015,-1.1859374999999999,10
0.015,-1.1140625,126
0.015,-1.0421874999999998,220
0.015,-0.9703124999999999,214
0.015,-0.8984375,210
0.015,-0.8265624999999999,237
0.015,-0.7546875,428
0.015,-0.6828125,320
0.015,-0.6109374999999999,565
0.015,-0.5390625,523
0.015,-0.46718749999999987,591
0.015,-0.39531249999999996,765
0.015,-0.32343750000000004,1018
0.015,-0.2515624999999999,1503
0.015,-0.1796875,2084
0.015,-0.10781250000000009,3162
0.015,-0.03593750000000018,4429
0.015,0.03593750000000018,4566
0.015,0.10781250000000009,3592
0.015,0.1796875,2341
0.015,0.2515624999999999,1621
0.015,0.3234374999999998,1020
0.015,0.3953125000000002,783
0.015,0.4671875000000001,757
0.015,0.5390625,619
0.015,0.6109374999999999,476
0.015,0.6828124999999998,631
0.015,0.7546874999999997,689
0.015,0.8265625000000001,588
0.015,0.8984375,517
0.015,0.9703124999999999,561
0.015,1.0421874999999998,434
0.015,1.1140624999999997,151
0.015,1.1859375,18
0.015,1.2578125,0
0.015,1.3296875,0
0.015,1.4015624999999998,0
0.015,1.4734374999999997,0
0.015,1.5453125,0
0.015,1.6171875,0
0.015,1.6890625,0
0.015,1.7609374999999998,0
0.015,1.8328125000000002,0
0.015,1.9046874999999996,0
0.015,1.9765625,0
0.015,2.0484374999999995,0
0.015,2.1203125,0
0.015,2.1921875,0
0.015,2.2640624999999996,0
0.025,-2.2640624999999996,0
0.025,-2.1921874999999997,0
0.025,-2.1203125,0
0.025,-2.0484375,0
0.025,-1.9765624999999998,0
0.025,-1.9046874999999999,0
0.025,-1.8328124999999997,0
0.025,-1.7609374999999998,0
0.025,-1.6890625,0
0.025,-1.6171875,0
0.025,-1.5453124999999999,0
0.025,-1.4734374999999997,0
0.025,-1.4015624999999998,0
0.025,-1.3296875,1
0.025,-1.2578125,22
0.025,-1.1859374999999999,152
0.025,-1.1140625,306
0.025,-1.0421874999999998,349
0.025,-0.9703124999999999,236
0.025,-0.8984375,264
0.025,-0.8265624999999999,265
0.025,-0.7546875,453
0.025,-0.6828125,474
0.025,-0.6109374999999999,597
0.025,-0.5390625,619
0.025,-0.46718749999999987,623
0.025,-0.39531249999999996,818
0.025,-0.32343750000000004,1091
0.025,-0.2515624999999999,1500
0.025,-0.1796875,2040
0.025,-0.10781250000000009,3060
0.025,-0.03593750000000018,4385
0.025,0.03593750000000018,4274
0.025,0.10781250000000009,3533
0.025,0.1796875,2747
0.025,0.2515624999999999,1713
0.025,0.3234374999999998,1009
0.025,0.3953125000000002,963
0.025,0.4671875000000001,767
0.025,0.5390625,705
0.025,0.6109374999999999,523
0.025,0.6828124999999998,629
0.025,0.7546874999999997,659
0.025,0.8265625000000001,583
0.025,0.8984375,601
0.025,0.9703124999999999,594
0.025,1.0421874999999998,697
0.025,1.1140624999999997,334
0.025,1.1859375,219
0.025,1.2578125,46
0.025,1.3296875,0
0.025,1.4015624999999998,0
0.025,1.4734374999999997,0
0.025,1.5453125,0
0.025,1.6171875,0
0.025,1.6890625,0
0.025,1.7609374999999998,0
0.025,1.8328125000000002,0
0.025,1.9046874999999996,0
0.025,1.9765625,0
0.025,2.0484374999999995,0
0.025,2.1203125,0
0.025,2.1921875,0
0.025,2.2640624999999996,0
0.035,-2.2640624999999996,0
0.035,-2.1921874999999997,0
0.035,-2.1203125,0
0.035,-2.0484375,0
0.035,-1.9765624999999998,0
0.035,-1.9046874999999999,0
0.035,-1.8328124999999997,0
0.035,-1.7609374999999998,0
0.035,-1.6890625,0
0.035,-1.6171875,0
0.035,-1.5453124999999999,0
0.035,-1.4734374999999997,0
0.035,-1.4015624999999998,1
0.035,-1.3296875,55
0.035,-1.2578125,202
0.035,-1.1859374999999999,448
0.035,-1.1140625,429
0.035,-1.0421874999999998,362
0.035,-0.9703124999999999,325
0.035,-0.8984375,349
0.035,-0.8265624999999999,379
0.035,-0.7546875,526
0.035,-0.6828125,528
0.035,-0.6109374999999999,658
0.035,-0.5390625,699
0.035,-0.46718749999999987,669
0.035,-0.39531249999999996,807
0.035,-0.32343750000000004,1164
0.035,-0.2515624999999999,1674
0.035,-0.1796875,1991
0.035,-0.10781250000000009,2999
0.035,-0.03593750000000018,3990
0.035,0.03593750000000018,4153
0.035,0.10781250000000009,3476
0.035,0.1796875,2823
0.035,0.2515624999999999,1777
0.035,0.3234374999999998,1064
0.035,0.3953125000000002,979
0.035,0.4671875000000001,774
0.035,0.5390625,689
0.035,0.6109374999999999,607
0.035,0.6828124999999998,619
0.035,0.7546874999999997,677
0.035,0.8265625000000001,532
0.035,0.8984375,552
0.035,0.9703124999999999,611
0.035,1.0421874999999998,640
0.035,1.1140624999999997,514
0.035,1.1859375,516
0.035,1.2578125,247
0.035,1.3296875,40
0.035,1.4015624999999998,1
0.035,1.4734374999999997,0
0.035,1.5453125,0
0.035,1.6171875,0
0.035,1.6890625,0
0.035,1.7609374999999998,0
0.035,1.8328125000000002,0
0.035,1.9046874999999996,0
0.035,1.9765625,0
0.035,2.0484374999999995,0
0.035,2.1203125,0
0.035,2.1921875,0
0.035,2.2640624999999996,0
0.045,-2.2640624999999996,0
0.045,-2.1921874999999997,0
0.045,-2.1203125,0
0.045,-2.0484375,0
0.045,-1.9765624999999998,0
0.045,-1.9046874999999999,0
0.045,-1.8328124999999997,0
0.045,-1.7609374999999998,0
0.045,-1.6890625,0
0.045,-1.6171875,0
0.045,-1.5453124999999999,0
0.045,-1.4734374999999997,8
0.045,-1.4015624999999998,78
0.045,-1.3296875,255
0.045,-1.2578125,583
0.045,-1.1859374999999999,510
0.045,-1.1140625,541
0.045,-1.0421874999999998,455
0.045,-0.9703124999999999,371
0.045,-0.8984375,383
0.045,-0.8265624999999999,511
0.045,-0.7546875,555
0.045,-0.6828125,673
0.045,-0.6109374999999999,678
0.045,-0.5390625,762
0.045,-0.46718749999999987,770
0.045,-0.39531249999999996,764
0.045,-0.32343750000000004,1169
0.045,-0.2515624999999999,1618
0.045,-0.1796875,1948
0.045,-0.10781250000000009,3115
0.045,-0.03593750000000018,3647
0.045,0.03593750000000018,3898
0.045,0.10781250000000009,3593
0.045,0.1796875,2907
0.045,0.2515624999999999,1722
0.045,0.3234374999999998,1162
0.045,0.3953125000000002,963
0.045,0.4671875000000001,822
0.045,0.5390625,779
0.045,0.6109374999999999,728
0.045,0.6828124999999998,652
0.045,0.7546874999999997,709
0.045,0.8265625000000001,627
0.045,0.8984375,605
0.045,0.9703124999999999,676
0.045,1.0421874999999998,667
0.045,1.1140624999999997,621
0.045,1.1859375,585
0.045,1.2578125,523
0.045,1.3296875,298
0.045,1.4015624999999998,149
0.045,1.4734374999999997,7
0.045,1.5453125,0
0.045,1.6171875,0
0.045,1.6890625,0
0.045,1.7609374999999998,0
0.045,1.8328125000000002,0
0.045,1.9046874999999996,0
0.045,1.9765625,0
0.045,2.0484374999999995,0
0.045,2.1203125,0
0.045,2.1921875,0
0.045,2.2640624999999996,0
0.055,-2.2640624999999996,0
0.055,-2.1921874999999997,0
0.055,-2.1203125,0
0.055,-2.0484375,0
0.055,-1.9765624999999998,0
0.055,-1.9046874999999999,0
0.055,-1.8328124999999997,0
0.055,-1.7609374999999998,0
0.055,-1.6890625,0
0.055,-1.6171875,0
0.055,-1.5453124999999999,28
0.055,-1.4734374999999997,153
0.055,-1.4015624999999998,271
0.055,-1.3296875,411
0.055,-1.2578125,666
0.055,-1.1859374999999999,667
0.055,-1.1140625,626
0.055,-1.0421874999999998,540
0.055,-0.9703124999999999,345
0.055,-0.8984375,453
0.055,-0.8265624999999999,525
0.055,-0.7546875,559
0.055,-0.6828125,780
0.055,-0.6109374999999999,796
0.055,-0.5390625,770
0.055,-0.46718749999999987,722
0.055,-0.39531249999999996,749
0.055,-0.32343750000000004,1215
0.055,-0.2515624999999999,1604
0.055,-0.1796875,2030
0.055,-0.10781250000000009,3078
0.055,-0.03593750000000018,3732
0.055,0.03593750000000018,3891
0.055,0.10781250000000009,3696
0.055,0.1796875,3053
0.055,0.2515624999999999,1899
0.055,0.3234374999999998,1309
0.055,0.3953125000000002,1038
0.055,0.4671875000000001,886
0.055,0.5390625,782
0.055,0.6109374999999999,724
0.055,0.6828124999999998,721
0.055,0.7546874999999997,779
0.055,0.8265625000000001,718
0.055,0.8984375,664
0.055,0.9703124999999999,707
0.055,1.0421874999999998,790
0.055,1.1140624999999997,651
0.055,1.1859375,667
0.055,1.2578125,595
0.055,1.3296875,623
0.055,1.4015624999999998,474
0.055,1.4734374999999997,170
0.055,1.5453125,31
0.055,1.6171875,0
0.055,1.6890625,0
0.055,1.7609374999999998,0
0.055,1.8328125000000002,0
0.055,1.9046874999999996,0
0.055,1.9765625,0
0.055,2.0484374999999995,0
0.055,2.1203125,0
0.055,2.1921875,0
0.055,2.2640624999999996,0
0.065,-2.2640624999999996,0
0.065,-2.1921874999999997,0
0.065,-2.1203125,0
0.065,-2.0484375,0
0.065,-1.9765624999999998,0
0.065,-1.9046874999999999,0
0.065,-1.8328124999999997,0
0.065,-1.7609374999999998,0
0.065,-1.6890625,0
0.065,-1.6171875,23
0.065,-1.5453124999999999,210
0.065,-1.4734374999999997,440
0.065,-1.4015624999999998,533
0.065,-1.3296875,533
0.065,-1.2578125,729
0.065,-1.1859374999999999,680
0.065,-1.1140625,588
0.065,-1.0421874999999998,576
0.065,-0.9703124999999999,409
0.065,-0.8984375,444
0.065,-0.8265624999999999,561
0.065,-0.7546875,638
0.065,-0.6828125,785
0.065,-0.6109374999999999,822
0.065,-0.5390625,765
0.065,-0.46718749999999987,834
0.065,-0.39531249999999996,718
0.065,-0.32343750000000004,1380
0.065,-0.2515624999999999,1568
0.065,-0.1796875,2035
0.065,-0.10781250000000009,2987
0.065,-0.03593750000000018,3415
0.065,0.03593750000000018,3830
0.065,0.10781250000000009,3582
0.065,0.1796875,2978
0.065,0.2515624999999999,1953
0.065,0.3234374999999998,1452
0.065,0.3953125000000002,1009
0.065,0.4671875000000001,1022
0.065,0.5390625,809
0.065,0.6109374999999999,736
0.065,0.6828124999999998,798
0.065,0.7546874999999997,931
0.065,0.8265625000000001,904
0.065,0.8984375,655
0.065,0.9703124999999999,774
0.065,1.0421874999999998,794
0.065,1.1140624999999997,737
0.065,1.1859375,619
0.065,1.2578125,622
0.065,1.3296875,666
0.065,1.4015624999999998,745
0.065,1.4734374999999997,473
0.065,1.5453125,305
0.065,1.6171875,53
0.065,1.6890625,0
0.065,1.7609374999999998,0
0.065,1.8328125000000002,0
0.065,1.9046874999999996,0
0.065,1.9765625,0
0.065,2.0484374999999995,0
0.065,2.1203125,0
0.065,2.1921875,0
0.065,2.2640624999999996,0
0.075,-2.2640624999999996,0
0.075,-2.1921874999999997,0
0.075,-2.1203125,0
0.075,-2.0484375,0
0.075,-1.9765624999999998,0
0.075,-1.9046874999999999,0
0.075,-1.8328124999999997,0
0.075,-1.7609374999999998,0
0.075,-1.6890625,47
0.075,-1.6171875,198
0.075,-1.5453124999999999,516
0.075,-1.4734374999999997,675
0.075,-1.4015624999999998,508
0.075,-1.3296875,662
0.075,-1.2578125,782
0.075,-1.1859374999999999,835
0.075,-1.1140625,653
0.075,-1.0421874999999998,667
0.075,-0.9703124999999999,437
0.075,-0.8984375,505
0.075,-0.8265624999999999,515
0.075,-0.7546875,683
0.075,-0.6828125,732
0.075,-0.6109374999999999,876
0.075,-0.5390625,921
0.075,-0.46718749999999987,819
0.075,-0.39531249999999996,712
0.075,-0.32343750000000004,1313
0.075,-0.2515624999999999,1491
0.075,-0.1796875,2000
0.075,-0.10781250000000009,2938
0.075,-0.03593750000000018,3255
0.075,0.03593750000000018,3570
0.075,0.10781250000000009,3531
0.075,0.1796875,2992
0.075,0.2515624999999999,1959
0.075,0.3234374999999998,1546
0.075,0.3953125000000002,1105
0.075,0.4671875000000001,1016
0.075,0.5390625,941
0.075,0.6109374999999999,785
0.075,0.6828124999999998,936
0.075,0.7546874999999997,989
0.075,0.8265625000000001,899
0.075,0.8984375,757
0.075,0.9703124999999999,826
0.075,1.0421874999999998,754
0.075,1.1140624999999997,791
0.075,1.1859375,688
0.075,1.2578125,652
0.075,1.3296875,751
0.075,1.4015624999999998,711
0.075,1.4734374999999997,753
0.075,1.5453125,682
0.075,1.6171875,370
0.075,1.6890625,73
0.075,1.7609374999999998,1
0.075,1.8328125000000002,0
0.075,1.9046874999999996,0
0.075,1.9765625,0
0.075,2.0484374999999995,0
0.075,2.1203125,0
0.075,2.1921875,0
0.075,2.2640624999999996,0
0.085,-2.2640624999999996,0
0.085,-2.1921874999999997,0
0.085,-2.1203125,0
0.085,-2.0484375,0
0.085,-1.9765624999999998,0
0.085,-1.9046874999999999,0
0.085,-1.8328124999999997,2
0.085,-1.7609374999999998,102
0.085,-1.6890625,268
0.085,-1.6171875,490
0.085,-1.5453124999999999,705
0.085,-1.4734374999999997,724
0.085,-1.4015624999999998,602
0.085,-1.3296875,773
0.085,-1.2578125,771
0.085,-1.1859374999999999,892
0.085,-1.1140625,647
0.085,-1.0421874999999998,702
0.085,-0.9703124999999999,541
0.085,-0.8984375,559
0.085,-0.8265624999999999,612
0.085,-0.7546875,695
0.085,-0.6828125,728
0.085,-0.6109374999999999,906
0.085,-0.5390625,1000
0.085,-0.46718749999999987,924
0.085,-0.39531249999999996,779
0.085,-0.32343750000000004,1178
0.085,-0.2515624999999999,1399
0.085,-0.1796875,2145
0.085,-0.10781250000000009,2940
0.085,-0.03593750000000018,3218
0.085,0.03593750000000018,3446
0.085,0.10781250000000009,3377
0.085,0.1796875,2978
0.085,0.2515624999999999,1984
0.085,0.3234374999999998,1685
0.085,0.3953125000000002,1134
0.085,0.4671875000000001,1055
0.085,0.5390625,943
0.085,0.6109374999999999,881
0.085,0.6828124999999998,955
0.085,0.7546874999999997,944
0.085,0.8265625000000001,1023
0.085,0.8984375,846
0.085,0.9703124999999999,976
0.085,1.0421874999999998,834
0.085,1.1140624999999997,961
0.085,1.1859375,901
0.085,1.2578125,719
0.085,1.3296875,883
0.085,1.4015624999999998,761
0.085,1.4734374999999997,776
0.085,1.5453125,786
0.085,1.6171875,827
0.085,1.6890625,512
0.085,1.7609374999999998,146
0.085,1.8328125000000002,3
0.085,1.9046874999999996,0
0.085,1.9765625,0
0.085,2.0484374999999995,0
0.085,2.1203125,0
0.085,2.1921875,0
0.085,2.2640624999999996,0
0.095,-2.2640624999999996,0
0.095,-2.1921874999999997,0
0.095,-2.1203125,0
0.095,-2.0484375,0
0.095,-1.9765624999999998,0
0.095,-1.9046874999999999,0
0.095,-1.8328124999999997,73
0.095,-1.7609374999999998,453
0.095,-1.6890625,576
0.095,-1.6171875,651
0.095,-1.5453124999999999,799
0.095,-1.4734374999999997,637
0.095,-1.4015624999999998,772
0.095,-1.3296875,859
0.095,-1.2578125,834
0.095,-1.1859374999999999,882
0.095,-1.1140625,677
0.095,-1.0421874999999998,840
0.095,-0.9703124999999999,614
0.095,-0.8984375,659
0.095,-0.8265624999999999,670
0.095,-0.7546875,669
0.095,-0.6828125,766
0.095,-0.6109374999999999,1020
0.095,-0.5390625,1082
0.095,-0.46718749999999987,899
0.095,-0.39531249999999996,882
0.095,-0.32343750000000004,1324
0.095,-0.2515624999999999,1378
0.095,-0.1796875,2307
0.095,-0.10781250000000009,3037
0.095,-0.03593750000000018,3136
0.095,0.03593750000000018,3591
0.095,0.10781250000000009,3279
0.095,0.1796875,2844
0.095,0.2515624999999999,2023
0.095,0.3234374999999998,1842
0.095,0.3953125000000002,1266
0.095,0.4671875000000001,1107
0.095,0.5390625,975
0.095,0.6109374999999999,863
0.095,0.6828124999999998,948
0.095,0.7546874999999997,976
0.095,0.8265625000000001,1097
0.095,0.8984375,1007
0.095,0.9703124999999999,1035
0.095,1.0421874999999998,871
0.095,1.1140624999999997,1020
0.095,1.1859375,889
0.095,1.2578125,807
0.095,1.3296875,921
0.095,1.4015624999999998,844
0.095,1.4734374999999997,762
0.095,1.5453125,919
0.095,1.6171875,1047
0.095,1.6890625,1242
0.095,1.7609374999999998,750
0.095,1.8328125000000002,111
0.095,1.9046874999999996,0
0.095,1.9765625,0
0.095,2.0484374999999995,0
0.095,2.1203125,0
0.095,2.1921875,0
0.095,2.2640624999999996,0
0.105,-2.2640624999999996,0
0.105,-2.1921874999999997,0
0.105,-2.1203125,0
0.105,-2.0484375,0
0.105,-1.9765624999999998,0
0.105,-1.9046874999999999,82
0.105,-1.8328124999999997,475
0.105,-1.7609374999999998,808
0.105,-1.6890625,850
0.105,-1.6171875,736
0.105,-1.5453124999999999,844
0.105,-1.4734374999999997,712
0.105,-1.4015624999999998,910
0.105,-1.3296875,968
0.105,-1.2578125,885
0.105,-1.1859374999999999,917
0.105,-1.1140625,878
0.105,-1.0421874999999998,869
0.105,-0.9703124999999999,652
0.105,-0.8984375,753
0.105,-0.8265624999999999,655
0.105,-0.7546875,713
0.105,-0.6828125,877
0.105,-0.6109374999999999,1093
0.105,-0.5390625,1152
0.105,-0.46718749999999987,1015
0.105,-0.39531249999999996,1002
0.105,-0.32343750000000004,1320
0.105,-0.2515624999999999,1389
0.105,-0.1796875,2207
0.105,-0.10781250000000009,3231
0.105,-0.03593750000000018,3076
0.105,0.03593750000000018,3496
0.105,0.10781250000000009,3075
0.105,0.1796875,2866
0.105,0.2515624999999999,2241
0.105,0.3234374999999998,2012
0.105,0.3953125000000002,1423
0.105,0.4671875000000001,1070
0.105,0.5390625,993
0.105,0.6109374999999999,938
0.105,0.6828124999999998,900
0.105,0.7546874999999997,952
0.105,0.8265625000000001,1132
0.105,0.8984375,1089
0.105,0.9703124999999999,1110
0.105,1.0421874999999998,931
0.105,1.1140624999999997,1115
0.105,1.1859375,1008
0.105,1.2578125,934
0.105,1.3296875,947
0.105,1.4015624999999998,900
0.105,1.4734374999999997,919
0.105,1.5453125,1059
0.105,1.6171875,1271
0.105,1.6890625,1508
0.105,1.7609374999999998,1279
0.105,1.8328125000000002,608
0.105,1.9046874999999996,133
0.105,1.9765625,1
0.105,2.0484374999999995,0
0.105,2.1203125,0
0.105,2.1921875,0
0.105,2.2640624999999996,0
0.115,-2.2640624999999996,0
0.115,-2.1921874999999997,0
0.115,-2.1203125,0
0.115,-2.0484375,0
0.115,-1.9765624999999998,52
0.115,-1.9046874999999999,422
0.115,-1.8328124999999997,949
0.115,-1.7609374999999998,932
0.115,-1.6890625,980
0.115,-1.6171875,784
0.115,-1.5453124999999999,953
0.115,-1.4734374999999997,878
0.115,-1.4015624999999998,1036
0.115,-1.3296875,996
0.115,-1.2578125,1061
0.115,-1.1859374999999999,1124
0.115,-1.1140625,1000
0.115,-1.0421874999999998,896
0.115,-0.9703124999999999,819
0.115,-0.8984375,812
0.115,-0.8265624999999999,746
0.115,-0.7546875,677
0.115,-0.6828125,886
0.115,-0.6109374999999999,1030
0.115,-0.5390625,1261
0.115,-0.46718749999999987,992
0.115,-0.39531249999999996,1029
0.115,-0.32343750000000004,1370
0.115,-0.2515624999999999,1546
0.115,-0.1796875,2101
0.115,-0.10781250000000009,3151
0.115,-0.03593750000000018,3257
0.115,0.03593750000000018,3358
0.115,0.10781250000000009,2843
0.115,0.1796875,2768
0.115,0.2515624999999999,2271
0.115,0.3234374999999998,2146
0.115,0.3953125000000002,1515
0.115,0.4671875000000001,1199
0.115,0.5390625,982
0.115,0.6109374999999999,1072
0.115,0.6828124999999998,904
0.115,0.7546874999999997,1013
0.115,0.8265625000000001,1158
0.115,0.8984375,1147
0.115,0.9703124999999999,1107
0.115,1.0421874999999998,942
0.115,1.1140624999999997,1103
0.115,1.1859375,970
0.115,1.2578125,1063
0.115,1.3296875,997
0.115,1.4015624999999998,1103
0.115,1.4734374999999997,1074
0.115,1.5453125,1201
0.115,1.6171875,1297
0.115,1.6890625,1686
0.115,1.7609374999999998,1514
0.115,1.8328125000000002,1198
0.115,1.9046874999999996,614
0.115,1.9765625,116
0.115,2.0484374999999995,0
0.115,2.1203125,0
0.115,2.1921875,0
0.115,2.2640624999999996,0
0.125,-2.2640624999999996,0
0.125,-2.1921874999999997,0
0.125,-2.1203125,0
0.125,-2.0484375,31
0.125,-1.9765624999999998,419
0.125,-1.9046874999999999,1118
0.125,-1.8328124999999997,1206
0.125,-1.7609374999999998,988
0.125,-1.6890625,1105
0.125,-1.6171875,937
0.125,-1.5453124999999999,1045
0.125,-1.4734374999999997,1073
0.125,-1.4015624999999998,1043
0.125,-1.3296875,1078
0.125,-1.2578125,1063
0.125,-1.1859374999999999,1165
0.125,-1.1140625,1016
0.125,-1.0421874999999998,1002
0.125,-0.9703124999999999,814
0.125,-0.8984375,845
0.125,-0.8265624999999999,842
0.125,-0.7546875,743
0.125,-0.6828125,985
0.125,-0.6109374999999999,1020
0.125,-0.5390625,1209
0.125,-0.46718749999999987,1053
0.125,-0.39531249999999996,1192
0.125,-0.32343750000000004,1358
0.125,-0.2515624999999999,1727
0.125,-0.1796875,2096
0.125,-0.10781250000000009,3224
0.125,-0.03593750000000018,3135
0.125,0.03593750000000018,3430
0.125,0.10781250000000009,2895
0.125,0.1796875,2713
0.125,0.2515624999999999,2375
0.125,0.3234374999999998,2168
0.125,0.3953125000000002,1535
0.125,0.4671875000000001,1176
0.125,0.5390625,1030
0.125,0.6109374999999999,1159
0.125,0.6828124999999998,1106
0.125,0.7546874999999997,1024
0.125,0.8265625000000001,1228
0.125,0.8984375,1227
0.125,0.9703124999999999,1341
0.125,1.0421874999999998,1026
0.125,1.1140624999999997,1172
0.125,1.1859375,1204
0.125,1.2578125,1099
0.125,1.3296875,1130
0.125,1.4015624999999998,1130
0.125,1.4734374999999997,1237
0.125,1.5453125,1408
0.125,1.6171875,1519
0.125,1.6890625,1914
0.125,1.7609374999999998,1726
0.125,1.8328125000000002,1438
0.125,1.9046874999999996,1296
0.125,1.9765625,673
0.125,2.0484374999999995,34
0.125,2.1203125,0
0.125,2.1921875,0
0.125,2.2640624999999996,0
0.135,-2.2640624999999996,0
0.135,-2.1921874999999997,0
0.135,-2.1203125,1
0.135,-2.0484375,268
0.135,-1.9765624999999998,1051
0.135,-1.9046874999999999,1156
0.135,-1.8328124999999997,1279
0.135,-1.7609374999999998,1186
0.135,-1.6890625,1110
0.135,-1.6171875,1033
0.135,-1.5453124999999999,1142
0.135,-1.4734374999999997,1209
0.135,-1.4015624999999998,1290
0.135,-1.3296875,1175
0.135,-1.2578125,1153
0.135,-1.1859374999999999,1111
0.135,-1.1140625,1096
0.135,-1.0421874999999998,1130
0.135,-0.9703124999999999,904
0.135,-0.8984375,936
0.135,-0.8265624999999999,901
0.135,-0.7546875,802
0.135,-0.6828125,1095
0.135,-0.6109374999999999,1139
0.135,-0.5390625,1361
0.135,-0.46718749999999987,1072
0.135,-0.39531249999999996,1296
0.135,-0.32343750000000004,1394
0.135,-0.2515624999999999,1912
0.135,-0.1796875,2289
0.135,-0.10781250000000009,3063
0.135,-0.03593750000000018,3149
0.135,0.03593750000000018,3285
0.135,0.10781250000000009,2876
0.135,0.1796875,2727
0.135,0.2515624999999999,2422
0.135,0.3234374999999998,2306
0.135,0.3953125000000002,1696
0.135,0.4671875000000001,1309
0.135,0.5390625,1143
0.135,0.6109374999999999,1123
0.135,0.6828124999999998,1134
0.135,0.7546874999999997,1009
0.135,0.8265625000000001,1248
0.135,0.8984375,1282
0.135,0.9703124999999999,1409
0.135,1.0421874999999998,1112
0.135,1.1140624999999997,1295
0.135,1.1859375,1195
0.135,1.2578125,1272
0.135,1.3296875,1363
0.135,1.4015624999999998,1444
0.135,1.4734374999999997,1353
0.135,1.5453125,1424
0.135,1.6171875,1704
0.135,1.6890625,2017
0.135,1.7609374999999998,1931
0.135,1.8328125000000002,1621
0.135,1.9046874999999996,1611
0.135,1.9765625,1619
0.135,2.0484374999999995,338
0.135,2.1203125,1
0.135,2.1921875,0
0.135,2.2640624999999996,0
0.145,-2.2640624999999996,0
0.145,-2.1921874999999997,0
0.145,-2.1203125,112
0.145,-2.0484375,958
0.145,-1.9765624999999998,1353
0.145,-1.9046874999999999,1353
0.145,-1.8328124999999997,1223
0.145,-1.7609374999999998,1301
0.145,-1.6890625,1259
0.145,-1.6171875,1106
0.145,-1.5453124999999999,1240
0.145,-1.4734374999999997,1337
0.145,-1.4015624999999998,1333
0.145,-1.3296875,1285
0.145,-1.2578125,1262
0.145,-1.1859374999999999,1152
0.145,-1.1140625,1318
0.145,-1.0421874999999998,1189
0.145,-0.9703124999999999,1080
0.145,-0.8984375,874
0.145,-0.8265624999999999,943
0.145,-0.7546875,940
0.145,-0.6828125,1011
0.145,-0.6109374999999999,1217
0.145,-0.5390625,1345
0.145,-0.46718749999999987,1102
0.145,-0.39531249999999996,1315
0.145,-0.32343750000000004,1509
0.145,-0.2515624999999999,2020
0.145,-0.1796875,2618
0.145,-0.10781250000000009,2918
0.145,-0.03593750000000018,3122
0.145,0.03593750000000018,3284
0.145,0.10781250000000009,2873
0.145,0.1796875,2893
0.145,0.2515624999999999,2576
0.145,0.3234374999999998,2307
0.145,0.3953125000000002,1770
0.145,0.4671875000000001,1431
0.145,0.5390625,1239
0.145,0.6109374999999999,1236
0.145,0.6828124999999998,1214
0.145,0.7546874999999997,1159
0.145,0.8265625000000001,1274
0.145,0.8984375,1322
0.145,0.9703124999999999,1455
0.145,1.0421874999999998,1376
0.145,1.1140624999999997,1435
0.145,1.1859375,1406
0.145,1.2578125,1468
0.145,1.3296875,1628
0.145,1.4015624999999998,1590
0.145,1.4734374999999997,1424
0.145,1.5453125,1650
0.145,1.6171875,1887
0.145,1.6890625,2128
0.145,1.7609374999999998,2035
0.145,1.8328125000000002,1762
0.145,1.9046874999999996,1764
0.145,1.9765625,1992
0.145,2.0484374999999995,1350
0.145,2.1203125,102
0.145,2.1921875,0
0.145,2.2640624999999996,0
0.155,-2.2640624999999996,0
0.155,-2.1921874999999997,1
0.155,-2.1203125,613
0.155,-2.0484375,1494
0.155,-1.9765624999999998,1463
0.155,-1.9046874999999999,1485
0.155,-1.8328124999999997,1445
0.155,-1.7609374999999998,1518
0.155,-1.6890625,1544
0.155,-1.6171875,1320
0.155,-1.5453124999999999,1423
0.155,-1.4734374999999997,1449
0.155,-1.4015624999999998,1391
0.155,-1.3296875,1401
0.155,-1.2578125,1384
0.155,-1.1859374999999999,1334
0.155,-1.1140625,1300
0.155,-1.0421874999999998,1314
0.155,-0.9703124999999999,1108
0.155,-0.8984375,1025
0.155,-0.8265624999999999,1028
0.155,-0.7546875,1002
0.155,-0.6828125,1101
0.155,-0.6109374999999999,1253
0.155,-0.5390625,1316
0.155,-0.46718749999999987,1228
0.155,-0.39531249999999996,1413
0.155,-0.32343750000000004,1502
0.155,-0.2515624999999999,2235
0.155,-0.1796875,2780
0.155,-0.10781250000000009,2902
0.155,-0.03593750000000018,3096
0.155,0.03593750000000018,3563
0.155,0.10781250000000009,2995
0.155,0.1796875,2968
0.155,0.2515624999999999,2664
0.155,0.3234374999999998,2208
0.155,0.3953125000000002,1901
0.155,0.4671875000000001,1567
0.155,0.5390625,1352
0.155,0.6109374999999999,1355
0.155,0.6828124999999998,1381
0.155,0.7546874999999997,1331
0.155,0.8265625000000001,1253
0.155,0.8984375,1507
0.155,0.9703124999999999,1528
0.155,1.0421874999999998,1542
0.155,1.1140624999999997,1487
0.155,1.1859375,1592
0.155,1.2578125,1720
0.155,1.3296875,1872
0.155,1.4015624999999998,1860
0.155,1.4734374999999997,1532
0.155,1.5453125,1891
0.155,1.6171875,2147
0.155,1.6890625,2216
0.155,1.7609374999999998,2433
0.155,1.8328125000000002,1922
0.155,1.9046874999999996,2015
0.155,1.9765625,2256
0.155,2.0484374999999995,2127
0.155,2.1203125,593
0.155,2.1921875,2
0.155,2.2640624999999996,0
0.165,-2.2640624999999996,0
0.165,-2.1921874999999997,88
0.165,-2.1203125,1691
0.165,-2.0484375,1815
0.165,-1.9765624999999998,1537
0.165,-1.9046874999999999,1615
0.165,-1.8328124999999997,1701
0.165,-1.7609374999999998,1543
0.165,-1.6890625,1575
0.165,-1.6171875,1583
0.165,-1.5453124999999999,1619
0.165,-1.4734374999999997,1415
0.165,-1.4015624999999998,1381
0.165,-1.3296875,1453
0.165,-1.2578125,1565
0.165,-1.1859374999999999,1401
0.165,-1.1140625,1549
0.165,-1.0421874999999998,1510
0.165,-0.9703124999999999,1175
0.165,-0.8984375,1091
0.165,-0.8265624999999999,1083
0.165,-0.7546875,1168
0.165,-0.6828125,1208
0.165,-0.6109374999999999,1508
0.165,-0.5390625,1326
0.165,-0.46718749999999987,1286
0.165,-0.39531249999999996,1536
0.165,-0.32343750000000004,1582
0.165,-0.2515624999999999,2240
0.165,-0.1796875,2879
0.165,-0.10781250000000009,3087
0.165,-0.03593750000000018,3194
0.165,0.03593750000000018,3433
0.165,0.10781250000000009,2884
0.165,0.1796875,2896
0.165,0.2515624999999999,2671
0.165,0.3234374999999998,2364
0.165,0.3953125000000002,1963
0.165,0.4671875000000001,1665
0.165,0.5390625,1402
0.165,0.6109374999999999,1459
0.165,0.6828124999999998,1476
0.165,0.7546874999999997,1502
0.165,0.8265625000000001,1538
0.165,0.8984375,1570
0.165,0.9703124999999999,1607
0.165,1.0421874999999998,1745
0.165,1.1140624999999997,1604
0.165,1.1859375,1748
0.165,1.2578125,1844
0.165,1.3296875,2058
0.165,1.4015624999999998,2086
0.165,1.4734374999999997,1787
0.165,1.5453125,2166
0.165,1.6171875,2242
0.165,1.6890625,2640
0.165,1.7609374999999998,2712
0.165,1.8328125000000002,2288
0.165,1.9046874999999996,2225
0.165,1.9765625,2698
0.165,2.0484374999999995,2533
0.165,2.1203125,1706
0.165,2.1921875,76
0.165,2.2640624999999996,0
0.175,-2.2640624999999996,0
0.175,-2.1921874999999997,456
0.175,-2.1203125,2536
0.175,-2.0484375,2026
0.175,-1.9765624999999998,1704
0.175,-1.9046874999999999,1847
0.175,-1.8328124999999997,1881
0.175,-1.7609374999999998,1794
0.175,-1.6890625,1614
0.175,-1.6171875,1835
0.175,-1.5453124999999999,1823
0.175,-1.4734374999999997,1658
0.175,-1.4015624999999998,1505
0.175,-1.3296875,1546
0.175,-1.2578125,1653
0.175,-1.1859374999999999,1490
0.175,-1.1140625,1586
0.175,-1.0421874999999998,1593
0.175,-0.9703124999999999,1324
0.175,-0.8984375,1198
0.175,-0.8265624999999999,1196
0.175,-0.7546875,1358
0.175,-0.6828125,1426
0.175,-0.6109374999999999,1630
0.175,-0.5390625,1256
0.175,-0.46718749999999987,1330
0.175,-0.39531249999999996,1484
0.175,-0.32343750000000004,1767
0.175,-0.2515624999999999,2105
0.175,-0.1796875,2799
0.175,-0.10781250000000009,3117
0.175,-0.03593750000000018,3283
0.175,0.03593750000000018,3330
0.175,0.10781250000000009,2881
0.175,0.1796875,2856
0.175,0.2515624999999999,2615
0.175,0.3234374999999998,2361
0.175,0.3953125000000002,2240
0.175,0.4671875000000001,2058
0.175,0.5390625,1604
0.175,0.6109374999999999,1561
0.175,0.6828124999999998,1462
0.175,0.7546874999999997,1712
0.175,0.8265625000000001,1851
0.175,0.8984375,1805
0.175,0.9703124999999999,1653
0.175,1.0421874999999998,2046
0.175,1.1140624999999997,1824
0.175,1.1859375,2008
0.175,1.2578125,2102
0.175,1.3296875,2139
0.175,1.4015624999999998,2294
0.175,1.4734374999999997,1955
0.175,1.5453125,2215
0.175,1.6171875,2489
0.175,1.6890625,2928
0.175,1.7609374999999998,2874
0.175,1.8328125000000002,2607
0.175,1.9046874999999996,2595
0.175,1.9765625,2904
0.175,2.0484374999999995,2812
0.175,2.1203125,2574
0.175,2.1921875,396
0.175,2.2640624999999996,0
0.185,-2.2640624999999996,0
0.185,-2.1921874999999997,1085
0.185,-2.1203125,2660
0.185,-2.0484375,2059
0.185,-1.9765624999999998,1871
0.185,-1.9046874999999999,2066
0.185,-1.8328124999999997,2170
0.185,-1.7609374999999998,2048
0.185,-1.6890625,1914
0.185,-1.6171875,2022
0.185,-1.5453124999999999,1934
0.185,-1.4734374999999997,1872
0.185,-1.4015624999999998,1648
0.185,-1.3296875,1828
0.185,-1.2578125,1764
0.185,-1.1859374999999999,1605
0.185,-1.1140625,1760
0.185,-1.0421874999999998,1723
0.185,-0.9703124999999999,1449
0.185,-0.8984375,1141
0.185,-0.8265624999999999,1250
0.185,-0.7546875,1515
0.185,-0.6828125,1558
0.185,-0.6109374999999999,1736
0.185,-0.5390625,1404
0.185,-0.46718749999999987,1376
0.185,-0.39531249999999996,1512
0.185,-0.32343750000000004,1821
0.185,-0.2515624999999999,2085
0.185,-0.1796875,2861
0.185,-0.10781250000000009,3141
0.185,-0.03593750000000018,3247
0.185,0.03593750000000018,3366
0.185,0.10781250000000009,2894
0.185,0.1796875,2787
0.185,0.2515624999999999,2748
0.185,0.3234374999999998,2237
0.185,0.3953125000000002,2345
0.185,0.4671875000000001,2083
0.185,0.5390625,1837
0.185,0.6109374999999999,1721
0.185,0.6828124999999998,1582
0.185,0.7546874999999997,1778
0.185,0.8265625000000001,2007
0.185,0.8984375,2012
0.185,0.9703124999999999,2038
0.185,1.0421874999999998,2091
0.185,1.1140624999999997,2013
0.185,1.1859375,2186
0.185,1.2578125,2349
0.185,1.3296875,2325
0.185,1.4015624999999998,2415
0.185,1.4734374999999997,2258
0.185,1.5453125,2341
0.185,1.6171875,2725
0.185,1.6890625,3326
0.185,1.7609374999999998,3220
0.185,1.8328125000000002,2896
0.185,1.9046874999999996,2896
0.185,1.9765625,3296
0.185,2.0484374999999995,3161
0.185,2.1203125,2724
0.185,2.1921875,938
0.185,2.2640624999999996,0
0.195,-2.2640624999999996,0
0.195,-2.1921874999999997,1234
0.195,-2.1203125,3117
0.195,-2.0484375,2336
0.195,-1.9765624999999998,2187
0.195,-1.9046874999999999,2163
0.195,-1.8328124999999997,2251
0.195,-1.7609374999999998,2191
0.195,-1.6890625,2232
0.195,-1.6171875,2227
0.195,-1.5453124999999999,2025
0.195,-1.4734374999999997,2095
0.195,-1.4015624999999998,1965
0.195,-1.3296875,2009
0.195,-1.2578125,1810
0.195,-1.1859374999999999,1806
0.195,-1.1140625,1817
0.195,-1.0421874999999998,1943
0.195,-0.9703124999999999,1710
0.195,-0.8984375,1255
0.195,-0.8265624999999999,1359
0.195,-0.7546875,1616
0.195,-0.6828125,1748
0.195,-0.6109374999999999,1765
0.195,-0.5390625,1439
0.195,-0.46718749999999987,1348
0.195,-0.39531249999999996,1664
0.195,-0.32343750000000004,1974
0.195,-0.2515624999999999,2268
0.195,-0.1796875,2961
0.195,-0.10781250000000009,3299
0.195,-0.03593750000000018,3252
0.195,0.03593750000000018,3326
0.195,0.10781250000000009,3110
0.195,0.1796875,2863
0.195,0.2515624999999999,2889
0.195,0.3234374999999998,2491
0.195,0.3953125000000002,2447
0.195,0.4671875000000001,2281
0.195,0.5390625,1966
0.195,0.6109374999999999,1684
0.195,0.6828124999999998,1844
0.195,0.7546874999999997,2111
0.195,0.8265625000000001,2173
0.195,0.8984375,2356
0.195,0.9703124999999999,2221
0.195,1.0421874999999998,2253
0.195,1.1140624999999997,2088
0.195,1.1859375,2350
0.195,1.2578125,2678
0.195,1.3296875,2602
0.195,1.4015624999999998,2686
0.195,1.4734374999999997,2496
0.195,1.5453125,2452
0.195,1.6171875,3085
0.195,1.6890625,3404
0.195,1.7609374999999998,3496
0.195,1.8328125000000002,3221
0.195,1.9046874999999996,3203
0.195,1.9765625,3436
0.195,2.0484374999999995,3261
0.195,2.1203125,3078
0.195,2.1921875,1094
0.195,2.2640624999999996,0
0.205,-2.2640624999999996,0
0.205,-2.1921874999999997,672
0.205,-2.1203125,3141
0.205,-2.0484375,2602
0.205,-1.9765624999999998,2355
0.205,-1.9046874999999999,2348
0.205,-1.8328124999999997,2441
0.205,-1.7609374999999998,2543
0.205,-1.6890625,2554
0.205,-1.6171875,2559
0.205,-1.5453124999999999,2265
0.205,-1.4734374999999997,2361
0.205,-1.4015624999999998,2118
0.205,-1.3296875,2089
0.205,-1.2578125,1947
0.205,-1.1859374999999999,1893
0.205,-1.1140625,1802
0.205,-1.0421874999999998,2223
0.205,-0.9703124999999999,1857
0.205,-0.8984375,1320
0.205,-0.8265624999999999,1391
0.205,-0.7546875,1679
0.205,-0.6828125,1728
0.205,-0.6109374999999999,1843
0.205,-0.5390625,1580
0.205,-0.46718749999999987,1499
0.205,-0.39531249999999996,1712
0.205,-0.32343750000000004,2270
0.205,-0.2515624999999999,2383
0.205,-0.1796875,3073
0.205,-0.10781250000000009,3190
0.205,-0.03593750000000018,3392
0.205,0.03593750000000018,3515
0.205,0.10781250000000009,3277
0.205,0.1796875,2783
0.205,0.2515624999999999,2974
0.205,0.3234374999999998,2681
0.205,0.3953125000000002,2541
0.205,0.4671875000000001,2404
0.205,0.5390625,2088
0.205,0.6109374999999999,1775
0.205,0.6828124999999998,1957
0.205,0.7546874999999997,2256
0.205,0.8265625000000001,2435
0.205,0.8984375,2681
0.205,0.9703124999999999,2670
0.205,1.0421874999999998,2407
0.205,1.1140624999999997,2311
0.205,1.1859375,2527
0.205,1.2578125,3143
0.205,1.3296875,2682
0.205,1.4015624999999998,2862
0.205,1.4734374999999997,2837
0.205,1.5453125,2711
0.205,1.6171875,3285
0.205,1.6890625,3712
0.205,1.7609374999999998,3628
0.205,1.8328125000000002,3446
0.205,1.9046874999999996,3528
0.205,1.9765625,3894
0.205,2.0484374999999995,3586
0.205,2.1203125,3239
0.205,2.1921875,670
0.205,2.2640624999999996,0
0.215,-2.2640624999999996,0
0.215,-2.1921874999999997,173
0.215,-2.1203125,2682
0.215,-2.0484375,2710
0.215,-1.9765624999999998,2590
0.215,-1.9046874999999999,2726
0.215,-1.8328124999999997,2791
0.215,-1.7609374999999998,2832
0.215,-1.6890625,2916
0.215,-1.6171875,2757
0.215,-1.5453124999999999,2552
0.215,-1.4734374999999997,2476
0.215,-1.4015624999999998,2519
0.215,-1.3296875,2452
0.215,-1.2578125,1970
0.215,-1.1859374999999999,2127
0.215,-1.1140625,2025
0.215,-1.0421874999999998,2544
0.215,-0.9703124999999999,2069
0.215,-0.8984375,1587
0.215,-0.8265624999999999,1450
0.215,-0.7546875,1843
0.215,-0.6828125,2019
0.215,-0.6109374999999999,2054
0.215,-0.5390625,1805
0.215,-0.46718749999999987,1558
0.215,-0.39531249999999996,1757
0.215,-0.32343750000000004,2444
0.215,-0.2515624999999999,2645
0.215,-0.1796875,3151
0.215,-0.10781250000000009,3385
0.215,-0.03593750000000018,3418
0.215,0.03593750000000018,3498
0.215,0.10781250000000009,3381
0.215,0.1796875,2925
0.215,0.2515624999999999,3095
0.215,0.3234374999999998,2785
0.215,0.3953125000000002,2665
0.215,0.4671875000000001,2401
0.215,0.5390625,2185
0.215,0.6109374999999999,2155
0.215,0.6828124999999998,2108
0.215,0.7546874999999997,2490
0.215,0.8265625000000001,2659
0.215,0.8984375,3082
0.215,0.9703124999999999,2883
0.215,1.0421874999999998,2628
0.215,1.1140624999999997,2472
0.215,1.1859375,2761
0.215,1.2578125,3457
0.215,1.3296875,2710
0.215,1.4015624999999998,2985
0.215,1.4734374999999997,3361
0.215,1.5453125,3216
0.215,1.6171875,3731
0.215,1.6890625,4039
0.215,1.7609374999999998,3784
0.215,1.8328125000000002,3912
0.215,1.9046874999999996,3892
0.215,1.9765625,4256
0.215,2.0484374999999995,4107
0.215,2.1203125,3174
0.215,2.1921875,239
0.215,2.2640624999999996,0
0.225,-2.2640624999999996,0
0.225,-2.1921874999999997,6
0.225,-2.1203125,1762
0.225,-2.0484375,2979
0.225,-1.9765624999999998,2687
0.225,-1.9046874999999999,2891
0.225,-1.8328124999999997,2964
0.225,-1.7609374999999998,3087
0.225,-1.6890625,3218
0.225,-1.6171875,3250
0.225,-1.5453124999999999,2746
0.225,-1.4734374999999997,2804
0.225,-1.4015624999999998,2936
0.225,-1.3296875,2744
0.225,-1.2578125,2384
0.225,-1.1859374999999999,2370
0.225,-1.1140625,2295
0.225,-1.0421874999999998,2747
0.225,-0.9703124999999999,2093
0.225,-0.8984375,1765
0.225,-0.8265624999999999,1656
0.225,-0.7546875,1885
0.225,-0.6828125,1984
0.225,-0.6109374999999999,2056
0.225,-0.5390625,1779
0.225,-0.46718749999999987,1775
0.225,-0.39531249999999996,1947
0.225,-0.32343750000000004,2528
0.225,-0.2515624999999999,2648
0.225,-0.1796875,3386
0.225,-0.10781250000000009,3241
0.225,-0.03593750000000018,3641
0.225,0.03593750000000018,3634
0.225,0.10781250000000009,3337
0.225,0.1796875,2821
0.225,0.2515624999999999,3026
0.225,0.3234374999999998,2931
0.225,0.3953125000000002,2779
0.225,0.4671875000000001,2720
0.225,0.5390625,2504
0.225,0.6109374999999999,2489
0.225,0.6828124999999998,2348
0.225,0.7546874999999997,2665
0.225,0.8265625000000001,2828
0.225,0.8984375,3405
0.225,0.9703124999999999,3080
0.225,1.0421874999999998,2903
0.225,1.1140624999999997,2637
0.225,1.1859375,3064
0.225,1.2578125,3717
0.225,1.3296875,2920
0.225,1.4015624999999998,3320
0.225,1.4734374999999997,3788
0.225,1.5453125,3604
0.225,1.6171875,4266
0.225,1.6890625,4314
0.225,1.7609374999999998,4385
0.225,1.8328125000000002,4347
0.225,1.9046874999999996,4248
0.225,1.9765625,4733
0.225,2.0484374999999995,4372
0.225,2.1203125,1995
0.225,2.1921875,21
0.225,2.2640624999999996,0
0.235,-2.2640624999999996,0
0.235,-2.1921874999999997,0
0.235,-2.1203125,628
0.235,-2.0484375,2965
0.235,-1.9765624999999998,3045
0.235,-1.9046874999999999,3067
0.235,-1.8328124999999997,3137
0.235,-1.7609374999999998,3260
0.235,-1.6890625,3452
0.235,-1.6171875,3469
0.235,-1.5453124999999999,3132
0.235,-1.4734374999999997,3153
0.235,-1.4015624999999998,3188
0.235,-1.3296875,3128
0.235,-1.2578125,2804
0.235,-1.1859374999999999,2512
0.235,-1.1140625,2562
0.235,-1.0421874999999998,3009
0.235,-0.9703124999999999,2408
0.235,-0.8984375,1963
0.235,-0.8265624999999999,2060
0.235,-0.7546875,2094
0.235,-0.6828125,2050
0.235,-0.6109374999999999,2219
0.235,-0.5390625,1945
0.235,-0.46718749999999987,1953
0.235,-0.39531249999999996,2395
0.235,-0.32343750000000004,2837
0.235,-0.2515624999999999,2738
0.235,-0.1796875,3322
0.235,-0.10781250000000009,3244
0.235,-0.03593750000000018,3692
0.235,0.03593750000000018,3800
0.235,0.10781250000000009,3493
0.235,0.1796875,3051
0.235,0.2515624999999999,3291
0.235,0.3234374999999998,3099
0.235,0.3953125000000002,2987
0.235,0.4671875000000001,2900
0.235,0.5390625,2939
0.235,0.6109374999999999,2748
0.235,0.6828124999999998,2725
0.235,0.7546874999999997,3060
0.235,0.8265625000000001,3179
0.235,0.8984375,3631
0.235,0.9703124999999999,3286
0.235,1.0421874999999998,3157
0.235,1.1140624999999997,2823
0.235,1.1859375,3359
0.235,1.2578125,3979
0.235,1.3296875,3468
0.235,1.4015624999999998,3773
0.235,1.4734374999999997,4135
0.235,1.5453125,3937
0.235,1.6171875,4496
0.235,1.6890625,4699
0.235,1.7609374999999998,4919
0.235,1.8328125000000002,4658
0.235,1.9046874999999996,4536
0.235,1.9765625,5078
0.235,2.0484374999999995,4640
0.235,2.1203125,695
0.235,2.1921875,0
0.235,2.2640624999999996,0
0.245,-2.2640624999999996,0
0.245,-2.1921874999999997,0
0.245,-2.1203125,94
0.245,-2.0484375,2043
0.245,-1.9765624999999998,3374
0.245,-1.9046874999999999,3406
0.245,-1.8328124999999997,3496
0.245,-1.7609374999999998,3609
0.245,-1.6890625,3559
0.245,-1.6171875,3460
0.245,-1.5453124999999999,3619
0.245,-1.4734374999999997,3599
0.245,-1.4015624999999998,3546
0.245,-1.3296875,3179
0.245,-1.2578125,3088
0.245,-1.1859374999999999,2676
0.245,-1.1140625,2860
0.245,-1.0421874999999998,3545
0.245,-0.9703124999999999,2537
0.245,-0.8984375,2231
0.245,-0.8265624999999999,2301
0.245,-0.7546875,2285
0.245,-0.6828125,2324
0.245,-0.6109374999999999,2476
0.245,-0.5390625,2056
0.245,-0.46718749999999987,2127
0.245,-0.39531249999999996,2486
0.245,-0.32343750000000004,3113
0.245,-0.2515624999999999,2886
0.245,-0.1796875,3336
0.245,-0.10781250000000009,3104
0.245,-0.03593750000000018,3831
0.245,0.03593750000000018,3921
0.245,0.10781250000000009,3630
0.245,0.1796875,3287
0.245,0.2515624999999999,3472
0.245,0.3234374999999998,3259
0.245,0.3953125000000002,3129
0.245,0.4671875000000001,3325
0.245,0.5390625,3152
0.245,0.6109374999999999,2840
0.245,0.6828124999999998,3100
0.245,0.7546874999999997,3412
0.245,0.8265625000000001,3606
0.245,0.8984375,3982
0.245,0.9703124999999999,3747
0.245,1.0421874999999998,3418
0.245,1.1140624999999997,3306
0.245,1.1859375,3794
0.245,1.2578125,3972
0.245,1.3296875,3904
0.245,1.4015624999999998,4085
0.245,1.4734374999999997,4457
0.245,1.5453125,4298
0.245,1.6171875,4928
0.245,1.6890625,5103
0.245,1.7609374999999998,5340
0.245,1.8328125000000002,5185
0.245,1.9046874999999996,4709
0.245,1.9765625,5247
0.245,2.0484374999999995,3127
0.245,2.1203125,95
0.245,2.1921875,0
0.245,2.2640624999999996,0
0.255,-2.2640624999999996,0
0.255,-2.1921874999999997,0
0.255,-2.1203125,0
0.255,-2.0484375,682
0.255,-1.9765624999999998,3217
0.255,-1.9046874999999999,3817
0.255,-1.8328124999999997,3864
0.255,-1.7609374999999998,3754
0.255,-1.6890625,3891
0.255,-1.6171875,3616
0.255,-1.5453124999999999,3976
0.255,-1.4734374999999997,4327
0.255,-1.4015624999999998,4004
0.255,-1.3296875,3558
0.255,-1.2578125,3589
0.255,-1.1859374999999999,3258
0.255,-1.1140625,3303
0.255,-1.0421874999999998,3718
0.255,-0.9703124999999999,2617
0.255,-0.8984375,2580
0.255,-0.8265624999999999,2480
0.255,-0.7546875,2658
0.255,-0.6828125,2600
0.255,-0.6109374999999999,2654
0.255,-0.5390625,2209
0.255,-0.46718749999999987,2129
0.255,-0.39531249999999996,2809
0.255,-0.32343750000000004,3008
0.255,-0.2515624999999999,3099
0.255,-0.1796875,3357
0.255,-0.10781250000000009,3381
0.255,-0.03593750000000018,4066
0.255,0.03593750000000018,3912
0.255,0.10781250000000009,3875
0.255,0.1796875,3474
0.255,0.2515624999999999,3646
0.255,0.3234374999999998,3636
0.255,0.3953125000000002,3313
0.255,0.4671875000000001,3467
0.255,0.5390625,3383
0.255,0.6109374999999999,3099
0.255,0.6828124999999998,3456
0.255,0.7546874999999997,3664
0.255,0.8265625000000001,3874
0.255,0.8984375,4294
0.255,0.9703124999999999,4237
0.255,1.0421874999999998,3884
0.255,1.1140624999999997,3786
0.255,1.1859375,4283
0.255,1.2578125,4168
0.255,1.3296875,4272
0.255,1.4015624999999998,4460
0.255,1.4734374999999997,4715
0.255,1.5453125,4581
0.255,1.6171875,5356
0.255,1.6890625,5722
0.255,1.7609374999999998,5771
0.255,1.8328125000000002,5770
0.255,1.9046874999999996,5133
0.255,1.9765625,5026
0.255,2.0484374999999995,1131
0.255,2.1203125,0
0.255,2.1921875,0
0.255,2.2640624999999996,0
0.265,-2.2640624999999996,0
0.265,-2.1921874999999997,0
0.265,-2.1203125,0
0.265,-2.0484375,89
0.265,-1.9765624999999998,1962
0.265,-1.9046874999999999,4157
0.265,-1.8328124999999997,4262
0.265,-1.7609374999999998,4040
0.265,-1.6890625,4391
0.265,-1.6171875,4087
0.265,-1.5453124999999999,4279
0.265,-1.4734374999999997,4700
0.265,-1.4015624999999998,4646
0.265,-1.3296875,4150
0.265,-1.2578125,3896
0.265,-1.1859374999999999,3600
0.265,-1.1140625,3534
0.265,-1.0421874999999998,3815
0.265,-0.9703124999999999,3028
0.265,-0.8984375,3006
0.265,-0.8265624999999999,2828
0.265,-0.7546875,2920
0.265,-0.6828125,2916
0.265,-0.6109374999999999,2872
0.265,-0.5390625,2437
0.265,-0.46718749999999987,2376
0.265,-0.39531249999999996,3177
0.265,-0.32343750000000004,3420
0.265,-0.2515624999999999,3409
0.265,-0.1796875,3540
0.265,-0.10781250000000009,3756
0.265,-0.03593750000000018,4080
0.265,0.03593750000000018,4084
0.265,0.10781250000000009,3966
0.265,0.1796875,3623
0.265,0.2515624999999999,3814
0.265,0.3234374999999998,3470
0.265,0.3953125000000002,3656
0.265,0.4671875000000001,3679
0.265,0.5390625,3562
0.265,0.6109374999999999,3451
0.265,0.6828124999999998,3587
0.265,0.7546874999999997,4157
0.265,0.8265625000000001,4299
0.265,0.8984375,4415
0.265,0.9703124999999999,4543
0.265,1.0421874999999998,4231
0.265,1.1140624999999997,3996
0.265,1.1859375,4571
0.265,1.2578125,4378
0.265,1.3296875,4626
0.265,1.4015624999999998,4963
0.265,1.4734374999999997,5326
0.265,1.5453125,5132
0.265,1.6171875,5778
0.265,1.6890625,6262
0.265,1.7609374999999998,6317
0.265,1.8328125000000002,6163
0.265,1.9046874999999996,5844
0.265,1.9765625,2957
0.265,2.0484374999999995,138
0.265,2.1203125,0
0.265,2.1921875,0
0.265,2.2640624999999996,0
0.275,-2.2640624999999996,0
0.275,-2.1921874999999997,0
0.275,-2.1203125,0
0.275,-2.0484375,0
0.275,-1.9765624999999998,493
0.275,-1.9046874999999999,3449
0.275,-1.8328124999999997,4559
0.275,-1.7609374999999998,4498
0.275,-1.6890625,4847
0.275,-1.6171875,4617
0.275,-1.5453124999999999,4742
0.275,-1.4734374999999997,5141
0.275,-1.4015624999999998,4902
0.275,-1.3296875,4403
0.275,-1.2578125,4350
0.275,-1.1859374999999999,4117
0.275,-1.1140625,3959
0.275,-1.0421874999999998,3824
0.275,-0.9703124999999999,3337
0.275,-0.8984375,3181
0.275,-0.8265624999999999,3258
0.275,-0.7546875,3229
0.275,-0.6828125,3274
0.275,-0.6109374999999999,3264
0.275,-0.5390625,2744
0.275,-0.46718749999999987,2830
0.275,-0.39531249999999996,3579
0.275,-0.32343750000000004,3759
0.275,-0.2515624999999999,3612
0.275,-0.1796875,3814
0.275,-0.10781250000000009,3993
0.275,-0.03593750000000018,4228
0.275,0.03593750000000018,4310
0.275,0.10781250000000009,4052
0.275,0.1796875,3943
0.275,0.2515624999999999,3988
0.275,0.3234374999999998,3830
0.275,0.3953125000000002,4043
0.275,0.4671875000000001,3904
0.275,0.5390625,3786
0.275,0.6109374999999999,3747
0.275,0.6828124999999998,3762
0.275,0.7546874999999997,4410
0.275,0.8265625000000001,4656
0.275,0.8984375,4712
0.275,0.9703124999999999,5028
0.275,1.0421874999999998,4671
0.275,1.1140624999999997,4463
0.275,1.1859375,4755
0.275,1.2578125,5262
0.275,1.3296875,5087
0.275,1.4015624999999998,5430
0.275,1.4734374999999997,6015
0.275,1.5453125,5708
0.275,1.6171875,6281
0.275,1.6890625,6696
0.275,1.7609374999999998,6886
0.275,1.8328125000000002,6588
0.275,1.9046874999999996,4945
0.275,1.9765625,849
0.275,2.0484374999999995,0
0.275,2.1203125,0
0.275,2.1921875,0
0.275,2.2640624999999996,0
0.285,-2.2640624999999996,0
0.285,-2.1921874999999997,0
0.285,-2.1203125,0
0.285,-2.0484375,0
0.285,-1.9765624999999998,30
0.285,-1.9046874999999999,1582
0.285,-1.8328124999999997,4723
0.285,-1.7609374999999998,4967
0.285,-1.6890625,5254
0.285,-1.6171875,5268
0.285,-1.5453124999999999,5326
0.285,-1.4734374999999997,5580
0.285,-1.4015624999999998,5482
0.285,-1.3296875,4826
0.285,-1.2578125,4937
0.285,-1.1859374999999999,4611
0.285,-1.1140625,4248
0.285,-1.0421874999999998,3820
0.285,-0.9703124999999999,3664
0.285,-0.8984375,3404
0.285,-0.8265624999999999,3741
0.285,-0.7546875,3521
0.285,-0.6828125,3800
0.285,-0.6109374999999999,3569
0.285,-0.5390625,3205
0.285,-0.46718749999999987,3051
0.285,-0.39531249999999996,3860
0.285,-0.32343750000000004,4156
0.285,-0.2515624999999999,3902
0.285,-0.1796875,4063
0.285,-0.10781250000000009,4416
0.285,-0.03593750000000018,4353
0.285,0.03593750000000018,4719
0.285,0.10781250000000009,4295
0.285,0.1796875,4220
0.285,0.2515624999999999,4167
0.285,0.3234374999999998,4008
0.285,0.3953125000000002,4503
0.285,0.4671875000000001,4442
0.285,0.5390625,4014
0.285,0.6109374999999999,3981
0.285,0.6828124999999998,4354
0.285,0.7546874999999997,4672
0.285,0.8265625000000001,4987
0.285,0.8984375,5225
0.285,0.9703124999999999,5318
0.285,1.0421874999999998,5150
0.285,1.1140624999999997,5116
0.285,1.1859375,5353
0.285,1.2578125,5578
0.285,1.3296875,5436
0.285,1.4015624999999998,6275
0.285,1.4734374999999997,6563
0.285,1.5453125,6393
0.285,1.6171875,6679
0.285,1.6890625,7525
0.285,1.7609374999999998,7782
0.285,1.8328125000000002,6904
0.285,1.9046874999999996,2314
0.285,1.9765625,49
0.285,2.0484374999999995,0
0.285,2.1203125,0
0.285,2.1921875,0
0.285,2.2640624999999996,0
0.295,-2.2640624999999996,0
0.295,-2.1921874999999997,0
0.295,-2.1203125,0
0.295,-2.0484375,0
0.295,-1.9765624999999998,0
0.295,-1.9046874999999999,249
0.295,-1.8328124999999997,3249
0.295,-1.7609374999999998,5540
0.295,-1.6890625,5665
0.295,-1.6171875,5722
0.295,-1.5453124999999999,6063
0.295,-1.4734374999999997,6101
0.295,-1.4015624999999998,5983
0.295,-1.3296875,5502
0.295,-1.2578125,5229
0.295,-1.1859374999999999,5315
0.295,-1.1140625,4852
0.295,-1.0421874999999998,4272
0.295,-0.9703124999999999,3948
0.295,-0.8984375,3752
0.295,-0.8265624999999999,3982
0.295,-0.7546875,3848
0.295,-0.6828125,3978
0.295,-0.6109374999999999,4295
0.295,-0.5390625,3348
0.295,-0.46718749999999987,3570
0.295,-0.39531249999999996,3984
0.295,-0.32343750000000004,4246
0.295,-0.2515624999999999,4196
0.295,-0.1796875,4305
0.295,-0.10781250000000009,4607
0.295,-0.03593750000000018,4747
0.295,0.03593750000000018,4960
0.295,0.10781250000000009,4805
0.295,0.1796875,4210
0.295,0.2515624999999999,4501
0.295,0.3234374999999998,4392
0.295,0.3953125000000002,4852
0.295,0.4671875000000001,4678
0.295,0.5390625,4446
0.295,0.6109374999999999,4376
0.295,0.6828124999999998,4766
0.295,0.7546874999999997,5289
0.295,0.8265625000000001,5570
0.295,0.8984375,5654
0.295,0.9703124999999999,5851
0.295,1.0421874999999998,5602
0.295,1.1140624999999997,5639
0.295,1.1859375,5884
0.295,1.2578125,5924
0.295,1.3296875,6139
0.295,1.4015624999999998,6974
0.295,1.4734374999999997,6836
0.295,1.5453125,7085
0.295,1.6171875,7262
0.295,1.6890625,8211
0.295,1.7609374999999998,8493
0.295,1.8328125000000002,4801
0.295,1.9046874999999996,452
0.295,1.9765625,0
0.295,2.0484374999999995,0
0.295,2.1203125,0
0.295,2.1921875,0
0.295,2.2640624999999996,0
0.305,-2.2640624999999996,0
0.305,-2.1921874999999997,0
0.305,-2.1203125,0
0.305,-2.0484375,0
0.305,-1.9765624999999998,0
0.305,-1.9046874999999999,1
0.305,-1.8328124999999997,965
0.305,-1.7609374999999998,4986
0.305,-1.6890625,6543
0.305,-1.6171875,6393
0.305,-1.5453124999999999,6437
0.305,-1.4734374999999997,6636
0.305,-1.4015624999999998,6278
0.305,-1.3296875,6101
0.305,-1.2578125,5943
0.305,-1.1859374999999999,5703
0.305,-1.1140625,5209
0.305,-1.0421874999999998,4841
0.305,-0.9703124999999999,4464
0.305,-0.8984375,4301
0.305,-0.8265624999999999,4375
0.305,-0.7546875,4120
0.305,-0.6828125,4450
0.305,-0.6109374999999999,4602
0.305,-0.5390625,3854
0.305,-0.46718749999999987,3986
0.305,-0.39531249999999996,4131
0.305,-0.32343750000000004,4551
0.305,-0.2515624999999999,4481
0.305,-0.1796875,4576
0.305,-0.10781250000000009,4816
0.305,-0.03593750000000018,4856
0.305,0.03593750000000018,5230
0.305,0.10781250000000009,5030
0.305,0.1796875,4545
0.305,0.2515624999999999,4883
0.305,0.3234374999999998,4898
0.305,0.3953125000000002,5295
0.305,0.4671875000000001,4907
0.305,0.5390625,4722
0.305,0.6109374999999999,4741
0.305,0.6828124999999998,5250
0.305,0.7546874999999997,5567
0.305,0.8265625000000001,5830
0.305,0.8984375,5956
0.305,0.9703124999999999,6415
0.305,1.0421874999999998,6199
0.305,1.1140624999999997,6200
0.305,1.1859375,6318
0.305,1.2578125,6484
0.305,1.3296875,6917
0.305,1.4015624999999998,7423
0.305,1.4734374999999997,7568
0.305,1.5453125,7946
0.305,1.6171875,8156
0.305,1.6890625,8770
0.305,1.7609374999999998,7389
0.305,1.8328125000000002,1508
0.305,1.9046874999999996,1
0.305,1.9765625,0
0.305,2.0484374999999995,0
0.305,2.1203125,0
0.305,2.1921875,0
0.305,2.2640624999999996,0
0.315,-2.2640624999999996,0
0.315,-2.1921874999999997,0
0.315,-2.1203125,0
0.315,-2.0484375,0
0.315,-1.9765624999999998,0
0.315,-1.9046874999999999,0
0.315,-1.8328124999999997,65
0.315,-1.7609374999999998,2370
0.315,-1.6890625,6899
0.315,-1.6171875,7217
0.315,-1.5453124999999999,6915
0.315,-1.4734374999999997,6910
0.315,-1.4015624999999998,7013
0.315,-1.3296875,6767
0.315,-1.2578125,6514
0.315,-1.1859374999999999,6081
0.315,-1.1140625,5778
0.315,-1.0421874999999998,5374
0.315,-0.9703124999999999,4853
0.315,-0.8984375,4593
0.315,-0.8265624999999999,4778
0.315,-0.7546875,4584
0.315,-0.6828125,4775
0.315,-0.6109374999999999,5047
0.315,-0.5390625,4405
0.315,-0.46718749999999987,4354
0.315,-0.39531249999999996,4470
0.315,-0.32343750000000004,4701
0.315,-0.2515624999999999,4630
0.315,-0.1796875,4896
0.315,-0.10781250000000009,5117
0.315,-0.03593750000000018,5134
0.315,0.03593750000000018,5644
0.315,0.10781250000000009,5373
0.315,0.1796875,5074
0.315,0.2515624999999999,5398
0.315,0.3234374999999998,5221
0.315,0.3953125000000002,5623
0.315,0.4671875000000001,5199
0.315,0.5390625,5118
0.315,0.6109374999999999,5502
0.315,0.6828124999999998,5911
0.315,0.7546874999999997,6240
0.315,0.8265625000000001,6518
0.315,0.8984375,6314
0.315,0.9703124999999999,6982
0.315,1.0421874999999998,6901
0.315,1.1140624999999997,6833
0.315,1.1859375,7063
0.315,1.2578125,7120
0.315,1.3296875,7306
0.315,1.4015624999999998,7868
0.315,1.4734374999999997,8634
0.315,1.5453125,8862
0.315,1.6171875,9077
0.315,1.6890625,9280
0.315,1.7609374999999998,3583
0.315,1.8328125000000002,106
0.315,1.9046874999999996,0
0.315,1.9765625,0
0.315,2.0484374999999995,0
0.315,2.1203125,0
0.315,2.1921875,0
0.315,2.2640624999999996,0
0.325,-2.2640624999999996,0
0.325,-2.1921874999999997,0
0.325,-2.1203125,0
0.325,-2.0484375,0
0.325,-1.9765624999999998,0
0.325,-1.9046874999999999,0
0.325,-1.8328124999999997,0
0.325,-1.7609374999999998,456
0.325,-1.6890625,4788
0.325,-1.6171875,7895
0.325,-1.5453124999999999,7366
0.325,-1.4734374999999997,7441
0.325,-1.4015624999999998,7814
0.325,-1.3296875,7419
0.325,-1.2578125,7006
0.325,-1.1859374999999999,6715
0.325,-1.1140625,6280
0.325,-1.0421874999999998,6009
0.325,-0.9703124999999999,5426
0.325,-0.8984375,4861
0.325,-0.8265624999999999,5307
0.325,-0.7546875,5319
0.325,-0.6828125,4980
0.325,-0.6109374999999999,5299
0.325,-0.5390625,4971
0.325,-0.46718749999999987,4751
0.325,-0.39531249999999996,4737
0.325,-0.32343750000000004,5126
0.325,-0.2515624999999999,4952
0.325,-0.1796875,5139
0.325,-0.10781250000000009,5371
0.325,-0.03593750000000018,5404
0.325,0.03593750000000018,5747
0.325,0.10781250000000009,5805
0.325,0.1796875,5617
0.325,0.2515624999999999,5552
0.325,0.3234374999999998,5546
0.325,0.3953125000000002,6007
0.325,0.4671875000000001,5376
0.325,0.5390625,5591
0.325,0.6109374999999999,5981
0.325,0.6828124999999998,6523
0.325,0.7546874999999997,6680
0.325,0.8265625000000001,7314
0.325,0.8984375,6919
0.325,0.9703124999999999,7530
0.325,1.0421874999999998,7595
0.325,1.1140624999999997,7535
0.325,1.1859375,7653
0.325,1.2578125,7891
0.325,1.3296875,8047
0.325,1.4015624999999998,8960
0.325,1.4734374999999997,9795
0.325,1.5453125,9791
0.325,1.6171875,10034
0.325,1.6890625,6506
0.325,1.7609374999999998,666
0.325,1.8328125000000002,0
0.325,1.9046874999999996,0
0.325,1.9765625,0
0.325,2.0484374999999995,0
0.325,2.1203125,0
0.325,2.1921875,0
0.325,2.2640624999999996,0
0.335,-2.2640624999999996,0
0.335,-2.1921874999999997,0
0.335,-2.1203125,0
0.335,-2.0484375,0
0.335,-1.9765624999999998,0
0.335,-1.9046874999999999,0
0.335,-1.8328124999999997,0
0.335,-1.7609374999999998,4
0.335,-1.6890625,1508
0.335,-1.6171875,6796
0.335,-1.5453124999999999,8457
0.335,-1.4734374999999997,8629
0.335,-1.4015624999999998,8432
0.335,-1.3296875,8125
0.335,-1.2578125,7917
0.335,-1.1859374999999999,7167
0.335,-1.1140625,6812
0.335,-1.0421874999999998,6522
0.335,-0.9703124999999999,5890
0.335,-0.8984375,5374
0.335,-0.8265624999999999,5821
0.335,-0.7546875,5826
0.335,-0.6828125,5456
0.335,-0.6109374999999999,5755
0.335,-0.5390625,5435
0.335,-0.46718749999999987,5187
0.335,-0.39531249999999996,5324
0.335,-0.32343750000000004,5322
0.335,-0.2515624999999999,5464
0.335,-0.1796875,5506
0.335,-0.10781250000000009,5825
0.335,-0.03593750000000018,5738
0.335,0.03593750000000018,5821
0.335,0.10781250000000009,5982
0.335,0.1796875,5977
0.335,0.2515624999999999,6012
0.335,0.3234374999999998,5898
0.335,0.3953125000000002,6386
0.335,0.4671875000000001,5980
0.335,0.5390625,6178
0.335,0.6109374999999999,6484
0.335,0.6828124999999998,7223
0.335,0.7546874999999997,7062
0.335,0.8265625000000001,7914
0.335,0.8984375,7764
0.335,0.9703124999999999,8320
0.335,1.0421874999999998,7926
0.335,1.1140624999999997,8196
0.335,1.1859375,8330
0.335,1.2578125,8908
0.335,1.3296875,9264
0.335,1.4015624999999998,9949
0.335,1.4734374999999997,10195
0.335,1.5453125,10767
0.335,1.6171875,9040
0.335,1.6890625,2133
0.335,1.7609374999999998,8
0.335,1.8328125000000002,0
0.335,1.9046874999999996,0
0.335,1.9765625,0
0.335,2.0484374999999995,0
0.335,2.1203125,0
0.335,2.1921875,0
0.335,2.2640624999999996,0
0.345,-2.2640624999999996,0
0.345,-2.1921874999999997,0
0.345,-2.1203125,0
0.345,-2.0484375,0
0.345,-1.9765624999999998,0
0.345,-1.9046874999999999,0
0.345,-1.8328124999999997,0
0.345,-1.7609374999999998,0
0.345,-1.6890625,114
0.345,-1.6171875,3555
0.345,-1.5453124999999999,9038
0.345,-1.4734374999999997,9260
0.345,-1.4015624999999998,9496
0.345,-1.3296875,8902
0.345,-1.2578125,8514
0.345,-1.1859374999999999,7830
0.345,-1.1140625,7924
0.345,-1.0421874999999998,7276
0.345,-0.9703124999999999,6318
0.345,-0.8984375,6061
0.345,-0.8265624999999999,6680
0.345,-0.7546875,6348
0.345,-0.6828125,6213
0.345,-0.6109374999999999,5991
0.345,-0.5390625,5712
0.345,-0.46718749999999987,5680
0.345,-0.39531249999999996,5912
0.345,-0.32343750000000004,5987
0.345,-0.2515624999999999,6252
0.345,-0.1796875,6039
0.345,-0.10781250000000009,6381
0.345,-0.03593750000000018,5998
0.345,0.03593750000000018,6135
0.345,0.10781250000000009,6260
0.345,0.1796875,6343
0.345,0.2515624999999999,6491
0.345,0.3234374999999998,6487
0.345,0.3953125000000002,6945
0.345,0.4671875000000001,6473
0.345,0.5390625,6677
0.345,0.6109374999999999,7332
0.345,0.6828124999999998,8204
0.345,0.7546874999999997,7652
0.345,0.8265625000000001,8337
0.345,0.8984375,8510
0.345,0.9703124999999999,9135
0.345,1.0421874999999998,8719
0.345,1.1140624999999997,8914
0.345,1.1859375,9296
0.345,1.2578125,9737
0.345,1.3296875,10278
0.345,1.4015624999999998,10781
0.345,1.4734374999999997,11106
0.345,1.5453125,11276
0.345,1.6171875,4618
0.345,1.6890625,181
0.345,1.7609374999999998,0
0.345,1.8328125000000002,0
0.345,1.9046874999999996,0
0.345,1.9765625,0
0.345,2.0484374999999995,0
0.345,2.1203125,0
0.345,2.1921875,0
0.345,2.2640624999999996,0
0.355,-2.2640624999999996,0
0.355,-2.1921874999999997,0
0.355,-2.1203125,0
0.355,-2.0484375,0
0.355,-1.9765624999999998,0
0.355,-1.9046874999999999,0
0.355,-1.8328124999999997,0
0.355,-1.7609374999999998,0
0.355,-1.6890625,0
0.355,-1.6171875,807
0.355,-1.5453124999999999,6675
0.355,-1.4734374999999997,10204
0.355,-1.4015624999999998,10594
0.355,-1.3296875,10200
0.355,-1.2578125,9466
0.355,-1.1859374999999999,8839
0.355,-1.1140625,9063
0.355,-1.0421874999999998,7985
0.355,-0.9703124999999999,7206
0.355,-0.8984375,6979
0.355,-0.8265624999999999,7195
0.355,-0.7546875,7205
0.355,-0.6828125,6809
0.355,-0.6109374999999999,6805
0.355,-0.5390625,6589
0.355,-0.46718749999999987,6716
0.355,-0.39531249999999996,6404
0.355,-0.32343750000000004,6435
0.355,-0.2515624999999999,6602
0.355,-0.1796875,6562
0.355,-0.10781250000000009,6651
0.355,-0.03593750000000018,6685
0.355,0.03593750000000018,6678
0.355,0.10781250000000009,6648
0.355,0.1796875,7139
0.355,0.2515624999999999,6831
0.355,0.3234374999999998,7051
0.355,0.3953125000000002,7526
0.355,0.4671875000000001,7575
0.355,0.5390625,7549
0.355,0.6109374999999999,8069
0.355,0.6828124999999998,9141
0.355,0.7546874999999997,8627
0.355,0.8265625000000001,9203
0.355,0.8984375,9433
0.355,0.9703124999999999,10144
0.355,1.0421874999999998,9912
0.355,1.1140624999999997,10196
0.355,1.1859375,10313
0.355,1.2578125,10961
0.355,1.3296875,10883
0.355,1.4015624999999998,11934
0.355,1.4734374999999997,12128
0.355,1.5453125,8306
0.355,1.6171875,1033
0.355,1.6890625,0
0.355,1.7609374999999998,0
0.355,1.8328125000000002,0
0.355,1.9046874999999996,0
0.355,1.9765625,0
0.355,2.0484374999999995,0
0.355,2.1203125,0
0.355,2.1921875,0
0.355,2.2640624999999996,0
0.365,-2.2640624999999996,0
0.365,-2.1921874999999997,0
0.365,-2.1203125,0
0.365,-2.0484375,0
0.365,-1.9765624999999998,0
0.365,-1.9046874999999999,0
0.365,-1.8328124999999997,0
0.365,-1.7609374999999998,0
0.365,-1.6890625,0
0.365,-1.6171875,16
0.365,-1.5453124999999999,2494
0.365,-1.4734374999999997,10188
0.365,-1.4015624999999998,11264
0.365,-1.3296875,11422
0.365,-1.2578125,10461
0.365,-1.1859374999999999,9570
0.365,-1.1140625,9989
0.365,-1.0421874999999998,9119
0.365,-0.9703124999999999,8051
0.365,-0.8984375,7627
0.365,-0.8265624999999999,8264
0.365,-0.7546875,8016
0.365,-0.6828125,7702
0.365,-0.6109374999999999,7455
0.365,-0.5390625,6958
0.365,-0.46718749999999987,7215
0.365,-0.39531249999999996,6930
0.365,-0.32343750000000004,6774
0.365,-0.2515624999999999,6913
0.365,-0.1796875,7147
0.365,-0.10781250000000009,6739
0.365,-0.03593750000000018,6987
0.365,0.03593750000000018,7167
0.365,0.10781250000000009,7353
0.365,0.1796875,7527
0.365,0.2515624999999999,6864
0.365,0.3234374999999998,7807
0.365,0.3953125000000002,8333
0.365,0.4671875000000001,8325
0.365,0.5390625,8480
0.365,0.6109374999999999,9076
0.365,0.6828124999999998,10191
0.365,0.7546874999999997,9386
0.365,0.8265625000000001,9897
0.365,0.8984375,10395
0.365,0.9703124999999999,11364
0.365,1.0421874999999998,10834
0.365,1.1140624999999997,11616
0.365,1.1859375,11393
0.365,1.2578125,12139
0.365,1.3296875,11923
0.365,1.4015624999999998,13137
0.365,1.4734374999999997,11755
0.365,1.5453125,3142
0.365,1.6171875,22
0.365,1.6890625,0
0.365,1.7609374999999998,0
0.365,1.8328125000000002,0
0.365,1.9046874999999996,0
0.365,1.9765625,0
0.365,2.0484374999999995,0
0.365,2.1203125,0
0.365,2.1921875,0
0.365,2.2640624999999996,0
0.375,-2.2640624999999996,0
0.375,-2.1921874999999997,0
0.375,-2.1203125,0
0.375,-2.0484375,0
0.375,-1.9765624999999998,0
0.375,-1.9046874999999999,0
0.375,-1.8328124999999997,0
0.375,-1.7609374999999998,0
0.375,-1.6890625,0
0.375,-1.6171875,0
0.375,-1.5453124999999999,415
0.375,-1.4734374999999997,6684
0.375,-1.4015624999999998,12575
0.375,-1.3296875,12537
0.375,-1.2578125,10938
0.375,-1.1859374999999999,10568
0.375,-1.1140625,10750
0.375,-1.0421874999999998,10127
0.375,-0.9703124999999999,9180
0.375,-0.8984375,8651
0.375,-0.8265624999999999,8779
0.375,-0.7546875,8977
0.375,-0.6828125,8720
0.375,-0.6109374999999999,8017
0.375,-0.5390625,7797
0.375,-0.46718749999999987,7859
0.375,-0.39531249999999996,7291
0.375,-0.32343750000000004,7737
0.375,-0.2515624999999999,7505
0.375,-0.1796875,7357
0.375,-0.10781250000000009,7584
0.375,-0.03593750000000018,7503
0.375,0.03593750000000018,7766
0.375,0.10781250000000009,7980
0.375,0.1796875,7822
0.375,0.2515624999999999,7413
0.375,0.3234374999999998,8048
0.375,0.3953125000000002,9071
0.375,0.4671875000000001,9111
0.375,0.5390625,9333
0.375,0.6109374999999999,10042
0.375,0.6828124999999998,10869
0.375,0.7546874999999997,10722
0.375,0.8265625000000001,10567
0.375,0.8984375,11410
0.375,0.9703124999999999,12264
0.375,1.0421874999999998,11845
0.375,1.1140624999999997,12511
0.375,1.1859375,12484
0.375,1.2578125,13009
0.375,1.3296875,12822
0.375,1.4015624999999998,14065
0.375,1.4734374999999997,7232
0.375,1.5453125,385
0.375,1.6171875,0
0.375,1.6890625,0
0.375,1.7609374999999998,0
0.375,1.8328125000000002,0
0.375,1.9046874999999996,0
0.375,1.9765625,0
0.375,2.0484374999999995,0
0.375,2.1203125,0
0.375,2.1921875,0
0.375,2.2640624999999996,0
0.385,-2.2640624999999996,0
0.385,-2.1921874999999997,0
0.385,-2.1203125,0
0.385,-2.0484375,0
0.385,-1.9765624999999998,0
0.385,-1.9046874999999999,0
0.385,-1.8328124999999997,0
0.385,-1.7609374999999998,0
0.385,-1.6890625,0
0.385,-1.6171875,0
0.385,-1.5453124999999999,0
0.385,-1.4734374999999997,2126
0.385,-1.4015624999999998,11552
0.385,-1.3296875,14002
0.385,-1.2578125,12292
0.385,-1.1859374999999999,11793
0.385,-1.1140625,11666
0.385,-1.0421874999999998,11424
0.385,-0.9703124999999999,10068
0.385,-0.8984375,9636
0.385,-0.8265624999999999,9747
0.385,-0.7546875,9688
0.385,-0.6828125,9780
0.385,-0.6109374999999999,8958
0.385,-0.5390625,8532
0.385,-0.46718749999999987,8605
0.385,-0.39531249999999996,8093
0.385,-0.32343750000000004,8360
0.385,-0.2515624999999999,7998
0.385,-0.1796875,8206
0.385,-0.10781250000000009,8175
0.385,-0.03593750000000018,8329
0.385,0.03593750000000018,8283
0.385,0.10781250000000009,8641
0.385,0.1796875,8561
0.385,0.2515624999999999,8251
0.385,0.3234374999999998,8609
0.385,0.3953125000000002,9741
0.385,0.4671875000000001,9683
0.385,0.5390625,10143
0.385,0.6109374999999999,10796
0.385,0.6828124999999998,11315
0.385,0.7546874999999997,11942
0.385,0.8265625000000001,11736
0.385,0.8984375,12275
0.385,0.9703124999999999,12855
0.385,1.0421874999999998,12777
0.385,1.1140624999999997,13698
0.385,1.1859375,13692
0.385,1.2578125,14123
0.385,1.3296875,14503
0.385,1.4015624999999998,12878
0.385,1.4734374999999997,2174
0.385,1.5453125,2
0.385,1.6171875,0
0.385,1.6890625,0
0.385,1.7609374999999998,0
0.385,1.8328125000000002,0
0.385,1.9046874999999996,0
0.385,1.9765625,0
0.385,2.0484374999999995,0
0.385,2.1203125,0
0.385,2.1921875,0
0.385,2.2640624999999996,0
0.395,-2.2640624999999996,0
0.395,-2.1921874999999997,0
0.395,-2.1203125,0
0.395,-2.0484375,0
0.395,-1.9765624999999998,0
0.395,-1.9046874999999999,0
0.395,-1.8328124999999997,0
0.395,-1.7609374999999998,0
0.395,-1.6890625,0
0.395,-1.6171875,0
0.395,-1.5453124999999999,0
0.395,-1.4734374999999997,148
0.395,-1.4015624999999998,6472
0.395,-1.3296875,15215
0.395,-1.2578125,14166
0.395,-1.1859374999999999,13230
0.395,-1.1140625,12949
0.395,-1.0421874999999998,12720
0.395,-0.9703124999999999,11225
0.395,-0.8984375,11007
0.395,-0.8265624999999999,10758
0.395,-0.7546875,10426
0.395,-0.6828125,11031
0.395,-0.6109374999999999,10003
0.395,-0.5390625,9478
0.395,-0.46718749999999987,9064
0.395,-0.39531249999999996,8508
0.395,-0.32343750000000004,8854
0.395,-0.2515624999999999,8807
0.395,-0.1796875,8946
0.395,-0.10781250000000009,8708
0.395,-0.03593750000000018,8998
0.395,0.03593750000000018,8893
0.395,0.10781250000000009,9477
0.395,0.1796875,9675
0.395,0.2515624999999999,9061
0.395,0.3234374999999998,9508
0.395,0.3953125000000002,10435
0.395,0.4671875000000001,10281
0.395,0.5390625,11045
0.395,0.6109374999999999,11931
0.395,0.6828124999999998,12113
0.395,0.7546874999999997,13380
0.395,0.8265625000000001,12748
0.395,0.8984375,13639
0.395,0.9703124999999999,14111
0.395,1.0421874999999998,14364
0.395,1.1140624999999997,14861
0.395,1.1859375,15078
0.395,1.2578125,15290
0.395,1.3296875,15978
0.395,1.4015624999999998,7169
0.395,1.4734374999999997,170
0.395,1.5453125,0
0.395,1.6171875,0
0.395,1.6890625,0
0.395,1.7609374999999998,0
0.395,1.8328125000000002,0
0.395,1.9046874999999996,0
0.395,1.9765625,0
0.395,2.0484374999999995,0
0.395,2.1203125,0
0.395,2.1921875,0
0.395,2.2640624999999996,0
0.405,-2.2640624999999996,0
0.405,-2.1921874999999997,0
0.405,-2.1203125,0
0.405,-2.0484375,0
0.405,-1.9765624999999998,0
0.405,-1.9046874999999999,0
0.405,-1.8328124999999997,0
0.405,-1.7609374999999998,0
0.405,-1.6890625,0
0.405,-1.6171875,0
0.405,-1.5453124999999999,0
0.405,-1.4734374999999997,0
0.405,-1.4015624999999998,1651
0.405,-1.3296875,13236
0.405,-1.2578125,16072
0.405,-1.1859374999999999,14954
0.405,-1.1140625,14562
0.405,-1.0421874999999998,13552
0.405,-0.9703124999999999,13221
0.405,-0.8984375,12296
0.405,-0.8265624999999999,11690
0.405,-0.7546875,11477
0.405,-0.6828125,12269
0.405,-0.6109374999999999,11303
0.405,-0.5390625,10494
0.405,-0.46718749999999987,9759
0.405,-0.39531249999999996,9507
0.405,-0.32343750000000004,9768
0.405,-0.2515624999999999,9624
0.405,-0.1796875,9534
0.405,-0.10781250000000009,9324
0.405,-0.03593750000000018,9843
0.405,0.03593750000000018,9730
0.405,0.10781250000000009,10601
0.405,0.1796875,10612
0.405,0.2515624999999999,10122
0.405,0.3234374999999998,10500
0.405,0.3953125000000002,11349
0.405,0.4671875000000001,11462
0.405,0.5390625,12047
0.405,0.6109374999999999,13117
0.405,0.6828124999999998,13818
0.405,0.7546874999999997,14411
0.405,0.8265625000000001,14008
0.405,0.8984375,15098
0.405,0.9703124999999999,15954
0.405,1.0421874999999998,15720
0.405,1.1140624999999997,16137
0.405,1.1859375,17050
0.405,1.2578125,16709
0.405,1.3296875,14278
0.405,1.4015624999999998,1799
0.405,1.4734374999999997,0
0.405,1.5453125,0
0.405,1.6171875,0
0.405,1.6890625,0
0.405,1.7609374999999998,0
0.405,1.8328125000000002,0
0.405,1.9046874999999996,0
0.405,1.9765625,0
0.405,2.0484374999999995,0
0.405,2.1203125,0
0.405,2.1921875,0
0.405,2.2640624999999996,0
0.415,-2.2640624999999996,0
0.415,-2.1921874999999997,0
0.415,-2.1203125,0
0.415,-2.0484375,0
0.415,-1.9765624999999998,0
0.415,-1.9046874999999999,0
0.415,-1.8328124999999997,0
0.415,-1.7609374999999998,0
0.415,-1.6890625,0
0.415,-1.6171875,0
0.415,-1.5453124999999999,0
0.415,-1.4734374999999997,0
0.415,-1.4015624999999998,96
0.415,-1.3296875,7221
0.415,-1.2578125,17070
0.415,-1.1859374999999999,16600
0.415,-1.1140625,15658
0.415,-1.0421874999999998,14375
0.415,-0.9703124999999999,14462
0.415,-0.8984375,13605
0.415,-0.8265624999999999,13034
0.415,-0.7546875,12882
0.415,-0.6828125,13655
0.415,-0.6109374999999999,12386
0.415,-0.5390625,11665
0.415,-0.46718749999999987,10836
0.415,-0.39531249999999996,10578
0.415,-0.32343750000000004,10846
0.415,-0.2515624999999999,10284
0.415,-0.1796875,10056
0.415,-0.10781250000000009,10019
0.415,-0.03593750000000018,10554
0.415,0.03593750000000018,10341
0.415,0.10781250000000009,11351
0.415,0.1796875,11644
0.415,0.2515624999999999,10966
0.415,0.3234374999999998,11773
0.415,0.3953125000000002,12235
0.415,0.4671875000000001,12684
0.415,0.5390625,13142
0.415,0.6109374999999999,14414
0.415,0.6828124999999998,14666
0.415,0.7546874999999997,15812
0.415,0.8265625000000001,15494
0.415,0.8984375,16462
0.415,0.9703124999999999,17898
0.415,1.0421874999999998,17427
0.415,1.1140624999999997,18106
0.415,1.1859375,18573
0.415,1.2578125,17795
0.415,1.3296875,7704
0.415,1.4015624999999998,78
0.415,1.4734374999999997,0
0.415,1.5453125,0
0.415,1.6171875,0
0.415,1.6890625,0
0.415,1.7609374999999998,0
0.415,1.8328125000000002,0
0.415,1.9046874999999996,0
0.415,1.9765625,0
0.415,2.0484374999999995,0
0.415,2.1203125,0
0.415,2.1921875,0
0.415,2.2640624999999996,0
0.425,-2.2640624999999996,0
0.425,-2.1921874999999997,0
0.425,-2.1203125,0
0.425,-2.0484375,0
0.425,-1.9765624999999998,0
0.425,-1.9046874999999999,0
0.425,-1.8328124999999997,0
0.425,-1.7609374999999998,0
0.425,-1.6890625,0
0.425,-1.6171875,0
0.425,-1.5453124999999999,0
0.425,-1.4734374999999997,0
0.425,-1.4015624999999998,0
0.425,-1.3296875,1838
0.425,-1.2578125,14954
0.425,-1.1859374999999999,17784
0.425,-1.1140625,17164
0.425,-1.0421874999999998,16259
0.425,-0.9703124999999999,15608
0.425,-0.8984375,14935
0.425,-0.8265624999999999,14217
0.425,-0.7546875,14052
0.425,-0.6828125,14942
0.425,-0.6109374999999999,13969
0.425,-0.5390625,12643
0.425,-0.46718749999999987,12387
0.425,-0.39531249999999996,11648
0.425,-0.32343750000000004,11648
0.425,-0.2515624999999999,11245
0.425,-0.1796875,11068
0.425,-0.10781250000000009,10802
0.425,-0.03593750000000018,11462
0.425,0.03593750000000018,11386
0.425,0.10781250000000009,12033
0.425,0.1796875,12841
0.425,0.2515624999999999,12207
0.425,0.3234374999999998,12617
0.425,0.3953125000000002,13534
0.425,0.4671875000000001,13812
0.425,0.5390625,14233
0.425,0.6109374999999999,15892
0.425,0.6828124999999998,16580
0.425,0.7546874999999997,17722
0.425,0.8265625000000001,17625
0.425,0.8984375,18229
0.425,0.9703124999999999,19482
0.425,1.0421874999999998,19403
0.425,1.1140624999999997,20887
0.425,1.1859375,20166
0.425,1.2578125,15707
0.425,1.3296875,2025
0.425,1.4015624999999998,0
0.425,1.4734374999999997,0
0.425,1.5453125,0
0.425,1.6171875,0
0.425,1.6890625,0
0.425,1.7609374999999998,0
0.425,1.8328125000000002,0
0.425,1.9046874999999996,0
0.425,1.9765625,0
0.425,2.0484374999999995,0
0.425,2.1203125,0
0.425,2.1921875,0
0.425,2.2640624999999996,0
0.435,-2.2640624999999996,0
0.435,-2.1921874999999997,0
0.435,-2.1203125,0
0.435,-2.0484375,0
0.435,-1.9765624999999998,0
0.435,-1.9046874999999999,0
0.435,-1.8328124999999997,0
0.435,-1.7609374999999998,0
0.435,-1.6890625,0
0.435,-1.6171875,0
0.435,-1.5453124999999999,0
0.435,-1.4734374999999997,0
0.435,-1.4015624999999998,0
0.435,-1.3296875,112
0.435,-1.2578125,8300
0.435,-1.1859374999999999,18953
0.435,-1.1140625,18785
0.435,-1.0421874999999998,17579
0.435,-0.9703124999999999,16514
0.435,-0.8984375,16547
0.435,-0.8265624999999999,15431
0.435,-0.7546875,15390
0.435,-0.6828125,15719
0.435,-0.6109374999999999,15356
0.435,-0.5390625,14164
0.435,-0.46718749999999987,13700
0.435,-0.39531249999999996,12970
0.435,-0.32343750000000004,13257
0.435,-0.2515624999999999,12477
0.435,-0.1796875,12111
0.435,-0.10781250000000009,11750
0.435,-0.03593750000000018,12138
0.435,0.03593750000000018,12384
0.435,0.10781250000000009,12998
0.435,0.1796875,14316
0.435,0.2515624999999999,13883
0.435,0.3234374999999998,13808
0.435,0.3953125000000002,14666
0.435,0.4671875000000001,15337
0.435,0.5390625,15718
0.435,0.6109374999999999,17585
0.435,0.6828124999999998,18217
0.435,0.7546874999999997,19505
0.435,0.8265625000000001,19640
0.435,0.8984375,19694
0.435,0.9703124999999999,21202
0.435,1.0421874999999998,21406
0.435,1.1140624999999997,22562
0.435,1.1859375,21713
0.435,1.2578125,8995
0.435,1.3296875,96
0.435,1.4015624999999998,0
0.435,1.4734374999999997,0
0.435,1.5453125,0
0.435,1.6171875,0
0.435,1.6890625,0
0.435,1.7609374999999998,0
0.435,1.8328125000000002,0
0.435,1.9046874999999996,0
0.435,1.9765625,0
0.435,2.0484374999999995,0
0.435,2.1203125,0
0.435,2.1921875,0
0.435,2.2640624999999996,0
0.445,-2.2640624999999996,0
0.445,-2.1921874999999997,0
0.445,-2.1203125,0
0.445,-2.0484375,0
0.445,-1.9765624999999998,0
0.445,-1.9046874999999999,0
0.445,-1.8328124999999997,0
0.445,-1.7609374999999998,0
0.445,-1.6890625,0
0.445,-1.6171875,0
0.445,-1.5453124999999999,0
0.445,-1.4734374999999997,0
0.445,-1.4015624999999998,0
0.445,-1.3296875,0
0.445,-1.2578125,2255
0.445,-1.1859374999999999,17750
0.445,-1.1140625,20585
0.445,-1.0421874999999998,19867
0.445,-0.9703124999999999,18362
0.445,-0.8984375,18156
0.445,-0.8265624999999999,17163
0.445,-0.7546875,16896
0.445,-0.6828125,17398
0.445,-0.6109374999999999,16333
0.445,-0.5390625,16111
0.445,-0.46718749999999987,15065
0.445,-0.39531249999999996,14319
0.445,-0.32343750000000004,14438
0.445,-0.2515624999999999,13544
0.445,-0.1796875,13119
0.445,-0.10781250000000009,13215
0.445,-0.03593750000000018,12980
0.445,0.03593750000000018,13658
0.445,0.10781250000000009,14328
0.445,0.1796875,15092
0.445,0.2515624999999999,15105
0.445,0.3234374999999998,15686
0.445,0.3953125000000002,16295
0.445,0.4671875000000001,16772
0.445,0.5390625,17982
0.445,0.6109374999999999,18508
0.445,0.6828124999999998,20281
0.445,0.7546874999999997,21412
0.445,0.8265625000000001,21370
0.445,0.8984375,21640
0.445,0.9703124999999999,23136
0.445,1.0421874999999998,23653
0.445,1.1140624999999997,24351
0.445,1.1859375,20479
0.445,1.2578125,2506
0.445,1.3296875,0
0.445,1.4015624999999998,0
0.445,1.4734374999999997,0
0.445,1.5453125,0
0.445,1.6171875,0
0.445,1.6890625,0
0.445,1.7609374999999998,0
0.445,1.8328125000000002,0
0.445,1.9046874999999996,0
0.445,1.9765625,0
0.445,2.0484374999999995,0
0.445,2.1203125,0
0.445,2.1921875,0
0.445,2.2640624999999996,0
0.455,-2.2640624999999996,0
0.455,-2.1921874999999997,0
0.455,-2.1203125,0
0.455,-2.0484375,0
0.455,-1.9765624999999998,0
0.455,-1.9046874999999999,0
0.455,-1.8328124999999997,0
0.455,-1.7609374999999998,0
0.455,-1.6890625,0
0.455,-1.6171875,0
0.455,-1.5453124999999999,0
0.455,-1.4734374999999997,0
0.455,-1.4015624999999998,0
0.455,-1.3296875,0
0.455,-1.2578125,200
0.455,-1.1859374999999999,11428
0.455,-1.1140625,22686
0.455,-1.0421874999999998,22021
0.455,-0.9703124999999999,20682
0.455,-0.8984375,20204
0.455,-0.8265624999999999,18514
0.455,-0.7546875,18843
0.455,-0.6828125,19082
0.455,-0.6109374999999999,17945
0.455,-0.5390625,17003
0.455,-0.46718749999999987,16456
0.455,-0.39531249999999996,16072
0.455,-0.32343750000000004,15484
0.455,-0.2515624999999999,15011
0.455,-0.1796875,14427
0.455,-0.10781250000000009,14523
0.455,-0.03593750000000018,14232
0.455,0.03593750000000018,14906
0.455,0.10781250000000009,15856
0.455,0.1796875,15781
0.455,0.2515624999999999,16450
0.455,0.3234374999999998,17245
0.455,0.3953125000000002,17459
0.455,0.4671875000000001,18681
0.455,0.5390625,19611
0.455,0.6109374999999999,20535
0.455,0.6828124999999998,21863
0.455,0.7546874999999997,24061
0.455,0.8265625000000001,23671
0.455,0.8984375,24100
0.455,0.9703124999999999,25643
0.455,1.0421874999999998,25824
0.455,1.1140624999999997,26576
0.455,1.1859375,12882
0.455,1.2578125,174
0.455,1.3296875,0
0.455,1.4015624999999998,0
0.455,1.4734374999999997,0
0.455,1.5453125,0
0.455,1.6171875,0
0.455,1.6890625,0
0.455,1.7609374999999998,0
0.455,1.8328125000000002,0
0.455,1.9046874999999996,0
0.455,1.9765625,0
0.455,2.0484374999999995,0
0.455,2.1203125,0
0.455,2.1921875,0
0.455,2.2640624999999996,0
0.465,-2.2640624999999996,0
0.465,-2.1921874999999997,0
0.465,-2.1203125,0
0.465,-2.0484375,0
0.465,-1.9765624999999998,0
0.465,-1.9046874999999999,0
0.465,-1.8328124999999997,0
0.465,-1.7609374999999998,0
0.465,-1.6890625,0
0.465,-1.6171875,0
0.465,-1.5453124999999999,0
0.465,-1.4734374999999997,0
0.465,-1.4015624999999998,0
0.465,-1.3296875,0
0.465,-1.2578125,0
0.465,-1.1859374999999999,3614
0.465,-1.1140625,22507
0.465,-1.0421874999999998,24196
0.465,-0.9703124999999999,23265
0.465,-0.8984375,22641
0.465,-0.8265624999999999,20983
0.465,-0.7546875,20252
0.465,-0.6828125,20607
0.465,-0.6109374999999999,19467
0.465,-0.5390625,18624
0.465,-0.46718749999999987,18269
0.465,-0.39531249999999996,17085
0.465,-0.32343750000000004,17080
0.465,-0.2515624999999999,16586
0.465,-0.1796875,15919
0.465,-0.10781250000000009,15923
0.465,-0.03593750000000018,15868
0.465,0.03593750000000018,16492
0.465,0.10781250000000009,17092
0.465,0.1796875,17405
0.465,0.2515624999999999,17813
0.465,0.3234374999999998,18455
0.465,0.3953125000000002,19011
0.465,0.4671875000000001,20460
0.465,0.5390625,21449
0.465,0.6109374999999999,22866
0.465,0.6828124999999998,23754
0.465,0.7546874999999997,26669
0.465,0.8265625000000001,25818
0.465,0.8984375,26428
0.465,0.9703124999999999,28287
0.465,1.0421874999999998,28799
0.465,1.1140624999999997,26024
0.465,1.1859375,4615
0.465,1.2578125,0
0.465,1.3296875,0
0.465,1.4015624999999998,0
0.465,1.4734374999999997,0
0.465,1.5453125,0
0.465,1.6171875,0
0.465,1.6890625,0
0.465,1.7609374999999998,0
0.465,1.8328125000000002,0
0.465,1.9046874999999996,0
0.465,1.9765625,0
0.465,2.0484374999999995,0
0.465,2.1203125,0
0.465,2.1921875,0
0.465,2.2640624999999996,0
0.475,-2.2640624999999996,0
0.475,-2.1921874999999997,0
0.475,-2.1203125,0
0.475,-2.0484375,0
0.475,-1.9765624999999998,0
0.475,-1.9046874999999999,0
0.475,-1.8328124999999997,0
0.475,-1.7609374999999998,0
0.475,-1.6890625,0
0.475,-1.6171875,0
0.475,-1.5453124999999999,0
0.475,-1.4734374999999997,0
0.475,-1.4015624999999998,0
0.475,-1.3296875,0
0.475,-1.2578125,0
0.475,-1.1859374999999999,491
0.475,-1.1140625,16264
0.475,-1.0421874999999998,26454
0.475,-0.9703124999999999,24902
0.475,-0.8984375,25212
0.475,-0.8265624999999999,23428
0.475,-0.7546875,22052
0.475,-0.6828125,22394
0.475,-0.6109374999999999,21062
0.475,-0.5390625,20616
0.475,-0.46718749999999987,19346
0.475,-0.39531249999999996,18866
0.475,-0.32343750000000004,18106
0.475,-0.2515624999999999,18284
0.475,-0.1796875,18406
0.475,-0.10781250000000009,18063
0.475,-0.03593750000000018,17511
0.475,0.03593750000000018,18658
0.475,0.10781250000000009,18864
0.475,0.1796875,19238
0.475,0.2515624999999999,19296
0.475,0.3234374999999998,19832
0.475,0.3953125000000002,20854
0.475,0.4671875000000001,22650
0.475,0.5390625,23608
0.475,0.6109374999999999,24430
0.475,0.6828124999999998,25626
0.475,0.7546874999999997,28601
0.475,0.8265625000000001,28756
0.475,0.8984375,29742
0.475,0.9703124999999999,31117
0.475,1.0421874999999998,31370
0.475,1.1140624999999997,19021
0.475,1.1859375,536
0.475,1.2578125,0
0.475,1.3296875,0
0.475,1.4015624999999998,0
0.475,1.4734374999999997,0
0.475,1.5453125,0
0.475,1.6171875,0
0.475,1.6890625,0
0.475,1.7609374999999998,0
0.475,1.8328125000000002,0
0.475,1.9046874999999996,0
0.475,1.9765625,0
0.475,2.0484374999999995,0
0.475,2.1203125,0
0.475,2.1921875,0
0.475,2.2640624999999996,0
0.485,-2.2640624999999996,0
0.485,-2.1921874999999997,0
0.485,-2.1203125,0
0.485,-2.0484375,0
0.485,-1.9765624999999998,0
0.485,-1.9046874999999999,0
0.485,-1.8328124999999997,0
0.485,-1.7609374999999998,0
0.485,-1.6890625,0
0.485,-1.6171875,0
0.485,-1.5453124999999999,0
0.485,-1.4734374999999997,0
0.485,-1.4015624999999998,0
0.485,-1.3296875,0
0.485,-1.2578125,0
0.485,-1.1859374999999999,0
0.485,-1.1140625,6699
0.485,-1.0421874999999998,26926
0.485,-0.9703124999999999,27605
0.485,-0.8984375,27855
0.485,-0.8265624999999999,26168
0.485,-0.7546875,24365
0.485,-0.6828125,24119
0.485,-0.6109374999999999,23097
0.485,-0.5390625,22922
0.485,-0.46718749999999987,21571
0.485,-0.39531249999999996,20823
0.485,-0.32343750000000004,19721
0.485,-0.2515624999999999,20196
0.485,-0.1796875,19925
0.485,-0.10781250000000009,19778
0.485,-0.03593750000000018,19350
0.485,0.03593750000000018,20239
0.485,0.10781250000000009,21035
0.485,0.1796875,20861
0.485,0.2515624999999999,21230
0.485,0.3234374999999998,22330
0.485,0.3953125000000002,22783
0.485,0.4671875000000001,24634
0.485,0.5390625,25512
0.485,0.6109374999999999,27121
0.485,0.6828124999999998,28965
0.485,0.7546874999999997,31895
0.485,0.8265625000000001,31377
0.485,0.8984375,33400
0.485,0.9703124999999999,34339
0.485,1.0421874999999998,33197
0.485,1.1140624999999997,7604
0.485,1.1859375,0
0.485,1.2578125,0
0.485,1.3296875,0
0.485,1.4015624999999998,0
0.485,1.4734374999999997,0
0.485,1.5453125,0
0.485,1.6171875,0
0.485,1.6890625,0
0.485,1.7609374999999998,0
0.485,1.8328125000000002,0
0.485,1.9046874999999996,0
0.485,1.9765625,0
0.485,2.0484374999999995,0
0.485,2.1203125,0
0.485,2.1921875,0
0.485,2.2640624999999996,0
0.495,-2.2640624999999996,0
0.495,-2.1921874999999997,0
0.495,-2.1203125,0
0.495,-2.0484375,0
0.495,-1.9765624999999998,0
0.495,-1.9046874999999999,0
0.495,-1.8328124999999997,0
0.495,-1.7609374999999998,0
0.495,-1.6890625,0
0.495,-1.6171875,0
0.495,-1.5453124999999999,0
0.495,-1.4734374999999997,0
0.495,-1.4015624999999998,0
0.495,-1.3296875,0
0.495,-1.2578125,0
0.495,-1.1859374999999999,0
0.495,-1.1140625,1201
0.495,-1.0421874999999998,21603
0.495,-0.9703124999999999,30462
0.495,-0.8984375,30119
0.495,-0.8265624999999999,28771
0.495,-0.7546875,26726
0.495,-0.6828125,27000
0.495,-0.6109374999999999,25632
0.495,-0.5390625,25167
0.495,-0.46718749999999987,23970
0.495,-0.39531249999999996,23123
0.495,-0.32343750000000004,22043
0.495,-0.2515624999999999,22351
0.495,-0.1796875,21440
0.495,-0.10781250000000009,21627
0.495,-0.03593750000000018,20985
0.495,0.03593750000000018,22321
0.495,0.10781250000000009,23119
0.495,0.1796875,22498
0.495,0.2515624999999999,22630
0.495,0.3234374999999998,24289
0.495,0.3953125000000002,25238
0.495,0.4671875000000001,26827
0.495,0.5390625,28521
0.495,0.6109374999999999,29418
0.495,0.6828124999999998,32146
0.495,0.7546874999999997,34614
0.495,0.8265625000000001,34658
0.495,0.8984375,36705
0.495,0.9703124999999999,38478
0.495,1.0421874999999998,26710
0.495,1.1140624999999997,1401
0.495,1.1859375,0
0.495,1.2578125,0
0.495,1.3296875,0
0.495,1.4015624999999998,0
0.495,1.4734374999999997,0
0.495,1.5453125,0
0.495,1.6171875,0
0.495,1.6890625,0
0.495,1.7609374999999998,0
0.495,1.8328125000000002,0
0.495,1.9046874999999996,0
0.495,1.9765625,0
0.495,2.0484374999999995,0
0.495,2.1203125,0
0.495,2.1921875,0
0.495,2.2640624999999996,0
0.505,-2.2640624999999996,0
0.505,-2.1921874999999997,0
0.505,-2.1203125,0
0.505,-2.0484375,0
0.505,-1.9765624999999998,0
0.505,-1.9046874999999999,0
0.505,-1.8328124999999997,0
0.505,-1.7609374999999998,0
0.505,-1.6890625,0
0.505,-1.6171875,0
0.505,-1.5453124999999999,0
0.505,-1.4734374999999997,0
0.505,-1.4015624999999998,0
0.505,-1.3296875,0
0.505,-1.2578125,0
0.505,-1.1859374999999999,0
0.505,-1.1140625,15
0.505,-1.0421874999999998,10350
0.505,-0.9703124999999999,33206
0.505,-0.8984375,33170
0.505,-0.8265624999999999,31448
0.505,-0.7546875,29673
0.505,-0.6828125,29672
0.505,-0.6109374999999999,28017
0.505,-0.5390625,27811
0.505,-0.46718749999999987,26842
0.505,-0.39531249999999996,25117
0.505,-0.32343750000000004,24781
0.505,-0.2515624999999999,24498
0.505,-0.1796875,23485
0.505,-0.10781250000000009,23458
0.505,-0.03593750000000018,22867
0.505,0.03593750000000018,24873
0.505,0.10781250000000009,25951
0.505,0.1796875,24446
0.505,0.2515624999999999,24728
0.505,0.3234374999999998,26534
0.505,0.3953125000000002,27404
0.505,0.4671875000000001,29509
0.505,0.5390625,31186
0.505,0.6109374999999999,32622
0.505,0.6828124999999998,35257
0.505,0.7546874999999997,37682
0.505,0.8265625000000001,38121
0.505,0.8984375,40475
0.505,0.9703124999999999,41255
0.505,1.0421874999999998,13119
0.505,1.1140624999999997,18
0.505,1.1859375,0
0.505,1.2578125,0
0.505,1.3296875,0
0.505,1.4015624999999998,0
0.505,1.4734374999999997,0
0.505,1.5453125,0
0.505,1.6171875,0
0.505,1.6890625,0
0.505,1.7609374999999998,0
0.505,1.8328125000000002,0
0.505,1.9046874999999996,0
0.505,1.9765625,0
0.505,2.0484374999999995,0
0.505,2.1203125,0
0.505,2.1921875,0
0.505,2.2640624999999996,0
0.515,-2.2640624999999996,0
0.515,-2.1921874999999997,0
0.515,-2.1203125,0
0.515,-2.0484375,0
0.515,-1.9765624999999998,0
0.515,-1.9046874999999999,0
0.515,-1.8328124999999997,0
0.515,-1.7609374999999998,0
0.515,-1.6890625,0
0.515,-1.6171875,0
0.515,-1.5453124999999999,0
0.515,-1.4734374999999997,0
0.515,-1.4015624999999998,0
0.515,-1.3296875,0
0.515,-1.2578125,0
0.515,-1.1859374999999999,0
0.515,-1.1140625,0
0.515,-1.0421874999999998,2526
0.515,-0.9703124999999999,28717
0.515,-0.8984375,36224
0.515,-0.8265624999999999,33902
0.515,-0.7546875,32749
0.515,-0.6828125,32708
0.515,-0.6109374999999999,31023
0.515,-0.5390625,30559
0.515,-0.46718749999999987,29942
0.515,-0.39531249999999996,27966
0.515,-0.32343750000000004,26660
0.515,-0.2515624999999999,26544
0.515,-0.1796875,26007
0.515,-0.10781250000000009,26311
0.515,-0.03593750000000018,25177
0.515,0.03593750000000018,27005
0.515,0.10781250000000009,27334
0.515,0.1796875,26765
0.515,0.2515624999999999,27395
0.515,0.3234374999999998,29127
0.515,0.3953125000000002,30792
0.515,0.4671875000000001,32327
0.515,0.5390625,34832
0.515,0.6109374999999999,36569
0.515,0.6828124999999998,38454
0.515,0.7546874999999997,41089
0.515,0.8265625000000001,41598
0.515,0.8984375,43782
0.515,0.9703124999999999,35476
0.515,1.0421874999999998,3074
0.515,1.1140624999999997,0
0.515,1.1859375,0
0.515,1.2578125,0
0.515,1.3296875,0
0.515,1.4015624999999998,0
0.515,1.4734374999999997,0
0.515,1.5453125,0
0.515,1.6171875,0
0.515,1.6890625,0
0.515,1.7609374999999998,0
0.515,1.8328125000000002,0
0.515,1.9046874999999996,0
0.515,1.9765625,0
0.515,2.0484374999999995,0
0.515,2.1203125,0
0.515,2.1921875,0
0.515,2.2640624999999996,0
0.525,-2.2640624999999996,0
0.525,-2.1921874999999997,0
0.525,-2.1203125,0
0.525,-2.0484375,0
0.525,-1.9765624999999998,0
0.525,-1.9046874999999999,0
0.525,-1.8328124999999997,0
0.525,-1.7609374999999998,0
0.525,-1.6890625,0
0.525,-1.6171875,0
0.525,-1.5453124999999999,0
0.525,-1.4734374999999997,0
0.525,-1.4015624999999998,0
0.525,-1.3296875,0
0.525,-1.2578125,0
0.525,-1.1859374999999999,0
0.525,-1.1140625,0
0.525,-1.0421874999999998,89
0.525,-0.9703124999999999,16032
0.525,-0.8984375,39561
0.525,-0.8265624999999999,37975
0.525,-0.7546875,36396
0.525,-0.6828125,35677
0.525,-0.6109374999999999,35098
0.525,-0.5390625,33810
0.525,-0.46718749999999987,33413
0.525,-0.39531249999999996,30791
0.525,-0.32343750000000004,29355
0.525,-0.2515624999999999,29406
0.525,-0.1796875,27758
0.525,-0.10781250000000009,28382
0.525,-0.03593750000000018,27660
0.525,0.03593750000000018,29823
0.525,0.10781250000000009,29834
0.525,0.1796875,29259
0.525,0.2515624999999999,30101
0.525,0.3234374999999998,32250
0.525,0.3953125000000002,33894
0.525,0.4671875000000001,35805
0.525,0.5390625,38547
0.525,0.6109374999999999,39822
0.525,0.6828124999999998,41928
0.525,0.7546874999999997,45069
0.525,0.8265625000000001,45562
0.525,0.8984375,47194
0.525,0.9703124999999999,19217
0.525,1.0421874999999998,127
0.525,1.1140624999999997,0
0.525,1.1859375,0
0.525,1.2578125,0
0.525,1.3296875,0
0.525,1.4015624999999998,0
0.525,1.4734374999999997,0
0.525,1.5453125,0
0.525,1.6171875,0
0.525,1.6890625,0
0.525,1.7609374999999998,0
0.525,1.8328125000000002,0
0.525,1.9046874999999996,0
0.525,1.9765625,0
0.525,2.0484374999999995,0
0.525,2.1203125,0
0.525,2.1921875,0
0.525,2.2640624999999996,0
0.535,-2.2640624999999996,0
0.535,-2.1921874999999997,0
0.535,-2.1203125,0
0.535,-2.0484375,0
0.535,-1.9765624999999998,0
0.535,-1.9046874999999999,0
0.535,-1.8328124999999997,0
0.535,-1.7609374999999998,0
0.535,-1.6890625,0
0.535,-1.6171875,0
0.535,-1.5453124999999999,0
0.535,-1.4734374999999997,0
0.535,-1.4015624999999998,0
0.535,-1.3296875,0
0.535,-1.2578125,0
0.535,-1.1859374999999999,0
0.535,-1.1140625,0
0.535,-1.0421874999999998,0
0.535,-0.9703124999999999,3993
0.535,-0.8984375,34829
0.535,-0.8265624999999999,41878
0.535,-0.7546875,40678
0.535,-0.6828125,39981
0.535,-0.6109374999999999,38722
0.535,-0.5390625,37268
0.535,-0.46718749999999987,36791
0.535,-0.39531249999999996,34406
0.535,-0.32343750000000004,32798
0.535,-0.2515624999999999,32953
0.535,-0.1796875,29999
0.535,-0.10781250000000009,30392
0.535,-0.03593750000000018,30310
0.535,0.03593750000000018,32278
0.535,0.10781250000000009,32417
0.535,0.1796875,32344
0.535,0.2515624999999999,33141
0.535,0.3234374999999998,35779
0.535,0.3953125000000002,37448
0.535,0.4671875000000001,39099
0.535,0.5390625,42634
0.535,0.6109374999999999,44086
0.535,0.6828124999999998,46134
0.535,0.7546874999999997,49862
0.535,0.8265625000000001,50008
0.535,0.8984375,42666
0.535,0.9703124999999999,4952
0.535,1.0421874999999998,0
0.535,1.1140624999999997,0
0.535,1.1859375,0
0.535,1.2578125,0
0.535,1.3296875,0
0.535,1.4015624999999998,0
0.535,1.4734374999999997,0
0.535,1.5453125,0
0.535,1.6171875,0
0.535,1.6890625,0
0.535,1.7609374999999998,0
0.535,1.8328125000000002,0
0.535,1.9046874999999996,0
0.535,1.9765625,0
0.535,2.0484374999999995,0
0.535,2.1203125,0
0.535,2.1921875,0
0.535,2.2640624999999996,0
0.545,-2.2640624999999996,0
0.545,-2.1921874999999997,0
0.545,-2.1203125,0
0.545,-2.0484375,0
0.545,-1.9765624999999998,0
0.545,-1.9046874999999999,0
0.545,-1.8328124999999997,0
0.545,-1.7609374999999998,0
0.545,-1.6890625,0
0.545,-1.6171875,0
0.545,-1.5453124999999999,0
0.545,-1.4734374999999997,0
0.545,-1.4015624999999998,0
0.545,-1.3296875,0
0.545,-1.2578125,0
0.545,-1.1859374999999999,0
0.545,-1.1140625,0
0.545,-1.0421874999999998,0
0.545,-0.9703124999999999,220
0.545,-0.8984375,18828
0.545,-0.8265624999999999,45302
0.545,-0.7546875,44663
0.545,-0.6828125,43897
0.545,-0.6109374999999999,42809
0.545,-0.5390625,41203
0.545,-0.46718749999999987,40003
0.545,-0.39531249999999996,37824
0.545,-0.32343750000000004,36917
0.545,-0.2515624999999999,35380
0.545,-0.1796875,33627
0.545,-0.10781250000000009,33442
0.545,-0.03593750000000018,33824
0.545,0.03593750000000018,34799
0.545,0.10781250000000009,35760
0.545,0.1796875,35475
0.545,0.2515624999999999,37117
0.545,0.3234374999999998,39195
0.545,0.3953125000000002,41306
0.545,0.4671875000000001,43745
0.545,0.5390625,46789
0.545,0.6109374999999999,48461
0.545,0.6828124999999998,50980
0.545,0.7546874999999997,54686
0.545,0.8265625000000001,54395
0.545,0.8984375,23348
0.545,0.9703124999999999,265
0.545,1.0421874999999998,0
0.545,1.1140624999999997,0
0.545,1.1859375,0
0.545,1.2578125,0
0.545,1.3296875,0
0.545,1.4015624999999998,0
0.545,1.4734374999999997,0
0.545,1.5453125,0
0.545,1.6171875,0
0.545,1.6890625,0
0.545,1.7609374999999998,0
0.545,1.8328125000000002,0
0.545,1.9046874999999996,0
0.545,1.9765625,0
0.545,2.0484374999999995,0
0.545,2.1203125,0
0.545,2.1921875,0
0.545,2.2640624999999996,0
0.555,-2.2640624999999996,0
0.555,-2.1921874999999997,0
0.555,-2.1203125,0
0.555,-2.0484375,0
0.555,-1.9765624999999998,0
0.555,-1.9046874999999999,0
0.555,-1.8328124999999997,0
0.555,-1.7609374999999998,0
0.555,-1.6890625,0
0.555,-1.6171875,0
0.555,-1.5453124999999999,0
0.555,-1.4734374999999997,0
0.555,-1.4015624999999998,0
0.555,-1.3296875,0
0.555,-1.2578125,0
0.555,-1.1859374999999999,0
0.555,-1.1140625,0
0.555,-1.0421874999999998,0
0.555,-0.9703124999999999,0
0.555,-0.8984375,4773
0.555,-0.8265624999999999,39396
0.555,-0.7546875,49731
0.555,-0.6828125,48589
0.555,-0.6109374999999999,47156
0.555,-0.5390625,45610
0.555,-0.46718749999999987,44267
0.555,-0.39531249999999996,41906
0.555,-0.32343750000000004,40471
0.555,-0.2515624999999999,38703
0.555,-0.1796875,37820
0.555,-0.10781250000000009,37171
0.555,-0.03593750000000018,37015
0.555,0.03593750000000018,38248
0.555,0.10781250000000009,38853
0.555,0.1796875,39145
0.555,0.2515624999999999,41206
0.555,0.3234374999999998,43163
0.555,0.3953125000000002,46323
0.555,0.4671875000000001,48184
0.555,0.5390625,51627
0.555,0.6109374999999999,53846
0.555,0.6828124999999998,56736
0.555,0.7546874999999997,61396
0.555,0.8265625000000001,48455
0.555,0.8984375,6155
0.555,0.9703124999999999,0
0.555,1.0421874999999998,0
0.555,1.1140624999999997,0
0.555,1.1859375,0
0.555,1.2578125,0
0.555,1.3296875,0
0.555,1.4015624999999998,0
0.555,1.4734374999999997,0
0.555,1.5453125,0
0.555,1.6171875,0
0.555,1.6890625,0
0.555,1.7609374999999998,0
0.555,1.8328125000000002,0
0.555,1.9046874999999996,0
0.555,1.9765625,0
0.555,2.0484374999999995,0
0.555,2.1203125,0
0.555,2.1921875,0
0.555,2.2640624999999996,0
0.565,-2.2640624999999996,0
0.565,-2.1921874999999997,0
0.565,-2.1203125,0
0.565,-2.0484375,0
0.565,-1.9765624999999998,0
0.565,-1.9046874999999999,0
0.565,-1.8328124999999997,0
0.565,-1.7609374999999998,0
0.565,-1.6890625,0
0.565,-1.6171875,0
0.565,-1.5453124999999999,0
0.565,-1.4734374999999997,0
0.565,-1.4015624999999998,0
0.565,-1.3296875,0
0.565,-1.2578125,0
0.565,-1.1859374999999999,0
0.565,-1.1140625,0
0.565,-1.0421874999999998,0
0.565,-0.9703124999999999,0
0.565,-0.8984375,275
0.565,-0.8265624999999999,20218
0.565,-0.7546875,52977
0.565,-0.6828125,53364
0.565,-0.6109374999999999,52273
0.565,-0.5390625,49663
0.565,-0.46718749999999987,47911
0.565,-0.39531249999999996,46703
0.565,-0.32343750000000004,45059
0.565,-0.2515624999999999,42746
0.565,-0.1796875,41285
0.565,-0.10781250000000009,41414
0.565,-0.03593750000000018,41193
0.565,0.03593750000000018,41269
0.565,0.10781250000000009,42299
0.565,0.1796875,42661
0.565,0.2515624999999999,45240
0.565,0.3234374999999998,47642
0.565,0.3953125000000002,51671
0.565,0.4671875000000001,53793
0.565,0.5390625,57176
0.565,0.6109374999999999,59389
0.565,0.6828124999999998,63011
0.565,0.7546874999999997,65690
0.565,0.8265625000000001,24850
0.565,0.8984375,311
0.565,0.9703124999999999,0
0.565,1.0421874999999998,0
0.565,1.1140624999999997,0
0.565,1.1859375,0
0.565,1.2578125,0
0.565,1.3296875,0
0.565,1.4015624999999998,0
0.565,1.4734374999999997,0
0.565,1.5453125,0
0.565,1.6171875,0
0.565,1.6890625,0
0.565,1.7609374999999998,0
0.565,1.8328125000000002,0
0.565,1.9046874999999996,0
0.565,1.9765625,0
0.565,2.0484374999999995,0
0.565,2.1203125,0
0.565,2.1921875,0
0.565,2.2640624999999996,0
0.575,-2.2640624999999996,0
0.575,-2.1921874999999997,0
0.575,-2.1203125,0
0.575,-2.0484375,0
0.575,-1.9765624999999998,0
0.575,-1.9046874999999999,0
0.575,-1.8328124999999997,0
0.575,-1.7609374999999998,0
0.575,-1.6890625,0
0.575,-1.6171875,0
0.575,-1.5453124999999999,0
0.575,-1.4734374999999997,0
0.575,-1.4015624999999998,0
0.575,-1.3296875,0
0.575,-1.2578125,0
0.575,-1.1859374999999999,0
0.575,-1.1140625,0
0.575,-1.0421874999999998,0
0.575,-0.9703124999999999,0
0.575,-0.8984375,0
0.575,-0.8265624999999999,4557
0.575,-0.7546875,42770
0.575,-0.6828125,59277
0.575,-0.6109374999999999,56959
0.575,-0.5390625,54646
0.575,-0.46718749999999987,52602
0.575,-0.39531249999999996,51827
0.575,-0.32343750000000004,49143
0.575,-0.2515624999999999,48164
0.575,-0.1796875,45605
0.575,-0.10781250000000009,46182
0.575,-0.03593750000000018,45934
0.575,0.03593750000000018,45368
0.575,0.10781250000000009,46350
0.575,0.1796875,46831
0.575,0.2515624999999999,50147
0.575,0.3234374999999998,52225
0.575,0.3953125000000002,56466
0.575,0.4671875000000001,59499
0.575,0.5390625,63251
0.575,0.6109374999999999,65745
0.575,0.6828124999999998,68842
0.575,0.7546874999999997,53052
0.575,0.8265625000000001,5780
0.575,0.8984375,0
0.575,0.9703124999999999,0
0.575,1.0421874999999998,0
0.575,1.1140624999999997,0
0.575,1.1859375,0
0.575,1.2578125,0
0.575,1.3296875,0
0.575,1.4015624999999998,0
0.575,1.4734374999999997,0
0.575,1.5453125,0
0.575,1.6171875,0
0.575,1.6890625,0
0.575,1.7609374999999998,0
0.575,1.8328125000000002,0
0.575,1.9046874999999996,0
0.575,1.9765625,0
0.575,2.0484374999999995,0
0.575,2.1203125,0
0.575,2.1921875,0
0.575,2.2640624999999996,0
0.585,-2.2640624999999996,0
0.585,-2.1921874999999997,0
0.585,-2.1203125,0
0.585,-2.0484375,0
0.585,-1.9765624999999998,0
0.585,-1.9046874999999999,0
0.585,-1.8328124999999997,0
0.585,-1.7609374999999998,0
0.585,-1.6890625,0
0.585,-1.6171875,0
0.585,-1.5453124999999999,0
0.585,-1.4734374999999997,0
0.585,-1.4015624999999998,0
0.585,-1.3296875,0
0.585,-1.2578125,0
0.585,-1.1859374999999999,0
0.585,-1.1140625,0
0.585,-1.0421874999999998,0
0.585,-0.9703124999999999,0
0.585,-0.8984375,0
0.585,-0.8265624999999999,152
0.585,-0.7546875,19534
0.585,-0.6828125,60399
0.585,-0.6109374999999999,63546
0.585,-0.5390625,60455
0.585,-0.46718749999999987,57962
0.585,-0.39531249999999996,57315
0.585,-0.32343750000000004,55071
0.585,-0.2515624999999999,51957
0.585,-0.1796875,51204
0.585,-0.10781250000000009,50962
0.585,-0.03593750000000018,51053
0.585,0.03593750000000018,50220
0.585,0.10781250000000009,50507
0.585,0.1796875,51612
0.585,0.2515624999999999,55902
0.585,0.3234374999999998,57390
0.585,0.3953125000000002,61779
0.585,0.4671875000000001,65502
0.585,0.5390625,69398
0.585,0.6109374999999999,72521
0.585,0.6828124999999998,70911
0.585,0.7546874999999997,23165
0.585,0.8265625000000001,178
0.585,0.8984375,0
0.585,0.9703124999999999,0
0.585,1.0421874999999998,0
0.585,1.1140624999999997,0
0.585,1.1859375,0
0.585,1.2578125,0
0.585,1.3296875,0
0.585,1.4015624999999998,0
0.585,1.4734374999999997,0
0.585,1.5453125,0
0.585,1.6171875,0
0.585,1.6890625,0
0.585,1.7609374999999998,0
0.585,1.8328125000000002,0
0.585,1.9046874999999996,0
0.585,1.9765625,0
0.585,2.0484374999999995,0
0.585,2.1203125,0
0.585,2.1921875,0
0.585,2.2640624999999996,0
0.595,-2.2640624999999996,0
0.595,-2.1921874999999997,0
0.595,-2.1203125,0
0.595,-2.0484375,0
0.595,-1.9765624999999998,0
0.595,-1.9046874999999999,0
0.595,-1.8328124999999997,0
0.595,-1.7609374999999998,0
0.595,-1.6890625,0
0.595,-1.6171875,0
0.595,-1.5453124999999999,0
0.595,-1.4734374999999997,0
0.595,-1.4015624999999998,0
0.595,-1.3296875,0
0.595,-1.2578125,0
0.595,-1.1859374999999999,0
0.595,-1.1140625,0
0.595,-1.0421874999999998,0
0.595,-0.9703124999999999,0
0.595,-0.8984375,0
0.595,-0.8265624999999999,0
0.595,-0.7546875,3338
0.595,-0.6828125,41467
0.595,-0.6109374999999999,69817
0.595,-0.5390625,66345
0.595,-0.46718749999999987,64126
0.595,-0.39531249999999996,62120
0.595,-0.32343750000000004,59921
0.595,-0.2515624999999999,58485
0.595,-0.1796875,57275
0.595,-0.10781250000000009,55908
0.595,-0.03593750000000018,55401
0.595,0.03593750000000018,54706
0.595,0.10781250000000009,55874
0.595,0.1796875,57115
0.595,0.2515624999999999,61742
0.595,0.3234374999999998,63270
0.595,0.3953125000000002,67565
0.595,0.4671875000000001,71102
0.595,0.5390625,77086
0.595,0.6109374999999999,79708
0.595,0.6828124999999998,48844
0.595,0.7546874999999997,3971
0.595,0.8265625000000001,0
0.595,0.8984375,0
0.595,0.9703124999999999,0
0.595,1.0421874999999998,0
0.595,1.1140624999999997,0
0.595,1.1859375,0
0.595,1.2578125,0
0.595,1.3296875,0
0.595,1.4015624999999998,0
0.595,1.4734374999999997,0
0.595,1.5453125,0
0.595,1.6171875,0
0.595,1.6890625,0
0.595,1.7609374999999998,0
0.595,1.8328125000000002,0
0.595,1.9046874999999996,0
0.595,1.9765625,0
0.595,2.0484374999999995,0
0.595,2.1203125,0
0.595,2.1921875,0
0.595,2.2640624999999996,0
0.605,-2.2640624999999996,0
0.605,-2.1921874999999997,0
0.605,-2.1203125,0
0.605,-2.0484375,0
0.605,-1.9765624999999998,0
0.605,-1.9046874999999999,0
0.605,-1.8328124999999997,0
0.605,-1.7609374999999998,0
0.605,-1.6890625,0
0.605,-1.6171875,0
0.605,-1.5453124999999999,0
0.605,-1.4734374999999997,0
0.605,-1.4015624999999998,0
0.605,-1.3296875,0
0.605,-1.2578125,0
0.605,-1.1859374999999999,0
0.605,-1.1140625,0
0.605,-1.0421874999999998,0
0.605,-0.9703124999999999,0
0.605,-0.8984375,0
0.605,-0.8265624999999999,0
0.605,-0.7546875,20
0.605,-0.6828125,14075
0.605,-0.6109374999999999,65397
0.605,-0.5390625,73963
0.605,-0.46718749999999987,71882
0.605,-0.39531249999999996,68998
0.605,-0.32343750000000004,67557
0.605,-0.2515624999999999,64705
0.605,-0.1796875,62694
0.605,-0.10781250000000009,61327
0.605,-0.03593750000000018,61089
0.605,0.03593750000000018,60252
0.605,0.10781250000000009,61681
0.605,0.1796875,63159
0.605,0.2515624999999999,67234
0.605,0.3234374999999998,70056
0.605,0.3953125000000002,75070
0.605,0.4671875000000001,77979
0.605,0.5390625,85189
0.605,0.6109374999999999,74527
0.605,0.6828124999999998,15966
0.605,0.7546874999999997,19
0.605,0.8265625000000001,0
0.605,0.8984375,0
0.605,0.9703124999999999,0
0.605,1.0421874999999998,0
0.605,1.1140624999999997,0
0.605,1.1859375,0
0.605,1.2578125,0
0.605,1.3296875,0
0.605,1.4015624999999998,0
0.605,1.4734374999999997,0
0.605,1.5453125,0
0.605,1.6171875,0
0.605,1.6890625,0
0.605,1.7609374999999998,0
0.605,1.8328125000000002,0
0.605,1.9046874999999996,0
0.605,1.9765625,0
0.605,2.0484374999999995,0
0.605,2.1203125,0
0.605,2.1921875,0
0.605,2.2640624999999996,0
0.615,-2.2640624999999996,0
0.615,-2.1921874999999997,0
0.615,-2.1203125,0
0.615,-2.0484375,0
0.615,-1.9765624999999998,0
0.615,-1.9046874999999999,0
0.615,-1.8328124999999997,0
0.615,-1.7609374999999998,0
0.615,-1.6890625,0
0.615,-1.6171875,0
0.615,-1.5453124999999999,0
0.615,-1.4734374999999997,0
0.615,-1.4015624999999998,0
0.615,-1.3296875,0
0.615,-1.2578125,0
0.615,-1.1859374999999999,0
0.615,-1.1140625,0
0.615,-1.0421874999999998,0
0.615,-0.9703124999999999,0
0.615,-0.8984375,0
0.615,-0.8265624999999999,0
0.615,-0.7546875,0
0.615,-0.6828125,1379
0.615,-0.6109374999999999,35121
0.615,-0.5390625,78013
0.615,-0.46718749999999987,78967
0.615,-0.39531249999999996,75214
0.615,-0.32343750000000004,74040
0.615,-0.2515624999999999,70895
0.615,-0.1796875,69283
0.615,-0.10781250000000009,68024
0.615,-0.03593750000000018,67553
0.615,0.03593750000000018,66426
0.615,0.10781250000000009,68250
0.615,0.1796875,70320
0.615,0.2515624999999999,73951
0.615,0.3234374999999998,77772
0.615,0.3953125000000002,82690
0.615,0.4671875000000001,85666
0.615,0.5390625,90405
0.615,0.6109374999999999,40180
0.615,0.6828124999999998,1513
0.615,0.7546874999999997,0
0.615,0.8265625000000001,0
0.615,0.8984375,0
0.615,0.9703124999999999,0
0.615,1.0421874999999998,0
0.615,1.1140624999999997,0
0.615,1.1859375,0
0.615,1.2578125,0
0.615,1.3296875,0
0.615,1.4015624999999998,0
0.615,1.4734374999999997,0
0.615,1.5453125,0
0.615,1.6171875,0
0.615,1.6890625,0
0.615,1.7609374999999998,0
0.615,1.8328125000000002,0
0.615,1.9046874999999996,0
0.615,1.9765625,0
0.615,2.0484374999999995,0
0.615,2.1203125,0
0.615,2.1921875,0
0.615,2.2640624999999996,0
0.625,-2.2640624999999996,0
0.625,-2.1921874999999997,0
0.625,-2.1203125,0
0.625,-2.0484375,0
0.625,-1.9765624999999998,0
0.625,-1.9046874999999999,0
0.625,-1.8328124999999997,0
0.625,-1.7609374999999998,0
0.625,-1.6890625,0
0.625,-1.6171875,0
0.625,-1.5453124999999999,0
0.625,-1.4734374999999997,0
0.625,-1.4015624999999998,0
0.625,-1.3296875,0
0.625,-1.2578125,0
0.625,-1.1859374999999999,0
0.625,-1.1140625,0
0.625,-1.0421874999999998,0
0.625,-0.9703124999999999,0
0.625,-0.8984375,0
0.625,-0.8265624999999999,0
0.625,-0.7546875,0
0.625,-0.6828125,0
0.625,-0.6109374999999999,7888
0.625,-0.5390625,59410
0.625,-0.46718749999999987,86104
0.625,-0.39531249999999996,82643
0.625,-0.32343750000000004,82118
0.625,-0.2515624999999999,77997
0.625,-0.1796875,75683
0.625,-0.10781250000000009,75923
0.625,-0.03593750000000018,75353
0.625,0.03593750000000018,73813
0.625,0.10781250000000009,75287
0.625,0.1796875,77301
0.625,0.2515624999999999,81105
0.625,0.3234374999999998,85431
0.625,0.3953125000000002,91065
0.625,0.4671875000000001,95746
0.625,0.5390625,66843
0.625,0.6109374999999999,8959
0.625,0.6828124999999998,0
0.625,0.7546874999999997,0
0.625,0.8265625000000001,0
0.625,0.8984375,0
0.625,0.9703124999999999,0
0.625,1.0421874999999998,0
0.625,1.1140624999999997,0
0.625,1.1859375,0
0.625,1.2578125,0
0.625,1.3296875,0
0.625,1.4015624999999998,0
0.625,1.4734374999999997,0
0.625,1.5453125,0
0.625,1.6171875,0
0.625,1.6890625,0
0.625,1.7609374999999998,0
0.625,1.8328125000000002,0
0.625,1.9046874999999996,0
0.625,1.9765625,0
0.625,2.0484374999999995,0
0.625,2.1203125,0
0.625,2.1921875,0
0.625,2.2640624999999996,0
0.635,-2.2640624999999996,0
0.635,-2.1921874999999997,0
0.635,-2.1203125,0
0.635,-2.0484375,0
0.635,-1.9765624999999998,0
0.635,-1.9046874999999999,0
0.635,-1.8328124999999997,0
0.635,-1.7609374999999998,0
0.635,-1.6890625,0
0.635,-1.6171875,0
0.635,-1.5453124999999999,0
0.635,-1.4734374999999997,0
0.635,-1.4015624999999998,0
0.635,-1.3296875,0
0.635,-1.2578125,0
0.635,-1.1859374999999999,0
0.635,-1.1140625,0
0.635,-1.0421874999999998,0
0.635,-0.9703124999999999,0
0.635,-0.8984375,0
0.635,-0.8265624999999999,0
0.635,-0.7546875,0
0.635,-0.6828125,0
0.635,-0.6109374999999999,208
0.635,-0.5390625,21836
0.635,-0.46718749999999987,82661
0.635,-0.39531249999999996,91204
0.635,-0.32343750000000004,89369
0.635,-0.2515624999999999,85509
0.635,-0.1796875,83919
0.635,-0.10781250000000009,83192
0.635,-0.03593750000000018,82160
0.635,0.03593750000000018,81347
0.635,0.10781250000000009,83346
0.635,0.1796875,85111
0.635,0.2515624999999999,88359
0.635,0.3234374999999998,93925
0.635,0.3953125000000002,101692
0.635,0.4671875000000001,91730
0.635,0.5390625,24579
0.635,0.6109374999999999,266
0.635,0.6828124999999998,0
0.635,0.7546874999999997,0
0.635,0.8265625000000001,0
0.635,0.8984375,0
0.635,0.9703124999999999,0
0.635,1.0421874999999998,0
0.635,1.1140624999999997,0
0.635,1.1859375,0
0.635,1.2578125,0
0.635,1.3296875,0
0.635,1.4015624999999998,0
0.635,1.4734374999999997,0
0.635,1.5453125,0
0.635,1.6171875,0
0.635,1.6890625,0
0.635,1.7609374999999998,0
0.635,1.8328125000000002,0
0.635,1.9046874999999996,0
0.635,1.9765625,0
0.635,2.0484374999999995,0
0.635,2.1203125,0
0.635,2.1921875,0
0.635,2.2640624999999996,0
0.645,-2.2640624999999996,0
0.645,-2.1921874999999997,0
0.645,-2.1203125,0
0.645,-2.0484375,0
0.645,-1.9765624999999998,0
0.645,-1.9046874999999999,0
0.645,-1.8328124999999997,0
0.645,-1.7609374999999998,0
0.645,-1.6890625,0
0.645,-1.6171875,0
0.645,-1.5453124999999999,0
0.645,-1.4734374999999997,0
0.645,-1.4015624999999998,0
0.645,-1.3296875,0
0.645,-1.2578125,0
0.645,-1.1859374999999999,0
0.645,-1.1140625,0
0.645,-1.0421874999999998,0
0.645,-0.9703124999999999,0
0.645,-0.8984375,0
0.645,-0.8265624999999999,0
0.645,-0.7546875,0
0.645,-0.6828125,0
0.645,-0.6109374999999999,0
0.645,-0.5390625,2672
0.645,-0.46718749999999987,47120
0.645,-0.39531249999999996,98202
0.645,-0.32343750000000004,97392
0.645,-0.2515624999999999,94127
0.645,-0.1796875,93466
0.645,-0.10781250000000009,90854
0.645,-0.03593750000000018,90060
0.645,0.03593750000000018,89785
0.645,0.10781250000000009,92058
0.645,0.1796875,94212
0.645,0.2515624999999999,96769
0.645,0.3234374999999998,103981
0.645,0.3953125000000002,108417
0.645,0.4671875000000001,51096
0.645,0.5390625,2921
0.645,0.6109374999999999,0
0.645,0.6828124999999998,0
0.645,0.7546874999999997,0
0.645,0.8265625000000001,0
0.645,0.8984375,0
0.645,0.9703124999999999,0
0.645,1.0421874999999998,0
0.645,1.1140624999999997,0
0.645,1.1859375,0
0.645,1.2578125,0
0.645,1.3296875,0
0.645,1.4015624999999998,0
0.645,1.4734374999999997,0
0.645,1.5453125,0
0.645,1.6171875,0
0.645,1.6890625,0
0.645,1.7609374999999998,0
0.645,1.8328125000000002,0
0.645,1.9046874999999996,0
0.645,1.9765625,0
0.645,2.0484374999999995,0
0.645,2.1203125,0
0.645,2.1921875,0
0.645,2.2640624999999996,0
0.655,-2.2640624999999996,0
0.655,-2.1921874999999997,0
0.655,-2.1203125,0
0.655,-2.0484375,0
0.655,-1.9765624999999998,0
0.655,-1.9046874999999999,0
0.655,-1.8328124999999997,0
0.655,-1.7609374999999998,0
0.655,-1.6890625,0
0.655,-1.6171875,0
0.655,-1.5453124999999999,0
0.655,-1.4734374999999997,0
0.655,-1.4015624999999998,0
0.655,-1.3296875,0
0.655,-1.2578125,0
0.655,-1.1859374999999999,0
0.655,-1.1140625,0
0.655,-1.0421874999999998,0
0.655,-0.9703124999999999,0
0.655,-0.8984375,0
0.655,-0.8265624999999999,0
0.655,-0.7546875,0
0.655,-0.6828125,0
0.655,-0.6109374999999999,0
0.655,-0.5390625,1
0.655,-0.46718749999999987,11642
0.655,-0.39531249999999996,76480
0.655,-0.32343750000000004,107765
0.655,-0.2515624999999999,103469
0.655,-0.1796875,102722
0.655,-0.10781250000000009,100243
0.655,-0.03593750000000018,97960
0.655,0.03593750000000018,97984
0.655,0.10781250000000009,100589
0.655,0.1796875,104011
0.655,0.2515624999999999,107573
0.655,0.3234374999999998,116069
0.655,0.3953125000000002,85457
0.655,0.4671875000000001,12501
0.655,0.5390625,0
0.655,0.6109374999999999,0
0.655,0.6828124999999998,0
0.655,0.7546874999999997,0
0.655,0.8265625000000001,0
0.655,0.8984375,0
0.655,0.9703124999999999,0
0.655,1.0421874999999998,0
0.655,1.1140624999999997,0
0.655,1.1859375,0
0.655,1.2578125,0
0.655,1.3296875,0
0.655,1.4015624999999998,0
0.655,1.4734374999999997,0
0.655,1.5453125,0
0.655,1.6171875,0
0.655,1.6890625,0
0.655,1.7609374999999998,0
0.655,1.8328125000000002,0
0.655,1.9046874999999996,0
0.655,1.9765625,0
0.655,2.0484374999999995,0
0.655,2.1203125,0
0.655,2.1921875,0
0.655,2.2640624999999996,0
0.665,-2.2640624999999996,0
0.665,-2.1921874999999997,0
0.665,-2.1203125,0
0.665,-2.0484375,0
0.665,-1.9765624999999998,0
0.665,-1.9046874999999999,0
0.665,-1.8328124999999997,0
0.665,-1.7609374999999998,0
0.665,-1.6890625,0
0.665,-1.6171875,0
0.665,-1.5453124999999999,0
0.665,-1.4734374999999997,0
0.665,-1.4015624999999998,0
0.665,-1.3296875,0
0.665,-1.2578125,0
0.665,-1.1859374999999999,0
0.665,-1.1140625,0
0.665,-1.0421874999999998,0
0.665,-0.9703124999999999,0
0.665,-0.8984375,0
0.665,-0.8265624999999999,0
0.665,-0.7546875,0
0.665,-0.6828125,0
0.665,-0.6109374999999999,0
0.665,-0.5390625,0
0.665,-0.46718749999999987,400
0.665,-0.39531249999999996,30204
0.665,-0.32343750000000004,105859
0.665,-0.2515624999999999,114804
0.665,-0.1796875,113195
0.665,-0.10781250000000009,110155
0.665,-0.03593750000000018,106722
0.665,0.03593750000000018,108049
0.665,0.10781250000000009,110323
0.665,0.1796875,113780
0.665,0.2515624999999999,118546
0.665,0.3234374999999998,113780
0.665,0.3953125000000002,33910
0.665,0.4671875000000001,452
0.665,0.5390625,0
0.665,0.6109374999999999,0
0.665,0.6828124999999998,0
0.665,0.7546874999999997,0
0.665,0.8265625000000001,0
0.665,0.8984375,0
0.665,0.9703124999999999,0
0.665,1.0421874999999998,0
0.665,1.1140624999999997,0
0.665,1.1859375,0
0.665,1.2578125,0
0.665,1.3296875,0
0.665,1.4015624999999998,0
0.665,1.4734374999999997,0
0.665,1.5453125,0
0.665,1.6171875,0
0.665,1.6890625,0
0.665,1.7609374999999998,0
0.665,1.8328125000000002,0
0.665,1.9046874999999996,0
0.665,1.9765625,0
0.665,2.0484374999999995,0
0.665,2.1203125,0
0.665,2.1921875,0
0.665,2.2640624999999996,0
0.675,-2.2640624999999996,0
0.675,-2.1921874999999997,0
0.675,-2.1203125,0
0.675,-2.0484375,0
0.675,-1.9765624999999998,0
0.675,-1.9046874999999999,0
0.675,-1.8328124999999997,0
0.675,-1.7609374999999998,0
0.675,-1.6890625,0
0.675,-1.6171875,0
0.675,-1.5453124999999999,0
0.675,-1.4734374999999997,0
0.675,-1.4015624999999998,0
0.675,-1.3296875,0
0.675,-1.2578125,0
0.675,-1.1859374999999999,0
0.675,-1.1140625,0
0.675,-1.0421874999999998,0
0.675,-0.9703124999999999,0
0.675,-0.8984375,0
0.675,-0.8265624999999999,0
0.675,-0.7546875,0
0.675,-0.6828125,0
0.675,-0.6109374999999999,0
0.675,-0.5390625,0
0.675,-0.46718749999999987,0
0.675,-0.39531249999999996,4165
0.675,-0.32343750000000004,64263
0.675,-0.2515624999999999,123136
0.675,-0.1796875,124547
0.675,-0.10781250000000009,121759
0.675,-0.03593750000000018,117709
0.675,0.03593750000000018,118664
0.675,0.10781250000000009,123035
0.675,0.1796875,125361
0.675,0.2515624999999999,127676
0.675,0.3234374999999998,68462
0.675,0.3953125000000002,4608
0.675,0.4671875000000001,0
0.675,0.5390625,0
0.675,0.6109374999999999,0
0.675,0.6828124999999998,0
0.675,0.7546874999999997,0
0.675,0.8265625000000001,0
0.675,0.8984375,0
0.675,0.9703124999999999,0
0.675,1.0421874999999998,0
0.675,1.1140624999999997,0
0.675,1.1859375,0
0.675,1.2578125,0
0.675,1.3296875,0
0.675,1.4015624999999998,0
0.675,1.4734374999999997,0
0.675,1.5453125,0
0.675,1.6171875,0
0.675,1.6890625,0
0.675,1.7609374999999998,0
0.675,1.8328125000000002,0
0.675,1.9046874999999996,0
0.675,1.9765625,0
0.675,2.0484374999999995,0
0.675,2.1203125,0
0.675,2.1921875,0
0.675,2.2640624999999996,0
0.685,-2.2640624999999996,0
0.685,-2.1921874999999997,0
0.685,-2.1203125,0
0.685,-2.0484375,0
0.685,-1.9765624999999998,0
0.685,-1.9046874999999999,0
0.685,-1.8328124999999997,0
0.685,-1.7609374999999998,0
0.685,-1.6890625,0
0.685,-1.6171875,0
0.685,-1.5453124999999999,0
0.685,-1.4734374999999997,0
0.685,-1.4015624999999998,0
0.685,-1.3296875,0
0.685,-1.2578125,0
0.685,-1.1859374999999999,0
0.685,-1.1140625,0
0.685,-1.0421874999999998,0
0.685,-0.9703124999999999,0
0.685,-0.8984375,0
0.685,-0.8265624999999999,0
0.685,-0.7546875,0
0.685,-0.6828125,0
0.685,-0.6109374999999999,0
0.685,-0.5390625,0
0.685,-0.46718749999999987,0
0.685,-0.39531249999999996,1
0.685,-0.32343750000000004,17218
0.685,-0.2515624999999999,104017
0.685,-0.1796875,136284
0.685,-0.10781250000000009,133310
0.685,-0.03593750000000018,129550
0.685,0.03593750000000018,131186
0.685,0.10781250000000009,135385
0.685,0.1796875,138408
0.685,0.2515624999999999,107552
0.685,0.3234374999999998,18559
0.685,0.3953125000000002,2
0.685,0.4671875000000001,0
0.685,0.5390625,0
0.685,0.6109374999999999,0
0.685,0.6828124999999998,0
0.685,0.7546874999999997,0
0.685,0.8265625000000001,0
0.685,0.8984375,0
0.685,0.9703124999999999,0
0.685,1.0421874999999998,0
0.685,1.1140624999999997,0
0.685,1.1859375,0
0.685,1.2578125,0
0.685,1.3296875,0
0.685,1.4015624999999998,0
0.685,1.4734374999999997,0
0.685,1.5453125,0
0.685,1.6171875,0
0.685,1.6890625,0
0.685,1.7609374999999998,0
0.685,1.8328125000000002,0
0.685,1.9046874999999996,0
0.685,1.9765625,0
0.685,2.0484374999999995,0
0.685,2.1203125,0
0.685,2.1921875,0
0.685,2.2640624999999996,0
0.695,-2.2640624999999996,0
0.695,-2.1921874999999997,0
0.695,-2.1203125,0
0.695,-2.0484375,0
0.695,-1.9765624999999998,0
0.695,-1.9046874999999999,0
0.695,-1.8328124999999997,0
0.695,-1.7609374999999998,0
0.695,-1.6890625,0
0.695,-1.6171875,0
0.695,-1.5453124999999999,0
0.695,-1.4734374999999997,0
0.695,-1.4015624999999998,0
0.695,-1.3296875,0
0.695,-1.2578125,0
0.695,-1.1859374999999999,0
0.695,-1.1140625,0
0.695,-1.0421874999999998,0
0.695,-0.9703124999999999,0
0.695,-0.8984375,0
0.695,-0.8265624999999999,0
0.695,-0.7546875,0
0.695,-0.6828125,0
0.695,-0.6109374999999999,0
0.695,-0.5390625,0
0.695,-0.46718749999999987,0
0.695,-0.39531249999999996,0
0.695,-0.32343750000000004,927
0.695,-0.2515624999999999,49582
0.695,-0.1796875,143489
0.695,-0.10781250000000009,146761
0.695,-0.03593750000000018,142625
0.695,0.03593750000000018,143466
0.695,0.10781250000000009,149922
0.695,0.1796875,144916
0.695,0.2515624999999999,50851
0.695,0.3234374999999998,1058
0.695,0.3953125000000002,0
0.695,0.4671875000000001,0
0.695,0.5390625,0
0.695,0.6109374999999999,0
0.695,0.6828124999999998,0
0.695,0.7546874999999997,0
0.695,0.8265625000000001,0
0.695,0.8984375,0
0.695,0.9703124999999999,0
0.695,1.0421874999999998,0
0.695,1.1140624999999997,0
0.695,1.1859375,0
0.695,1.2578125,0
0.695,1.3296875,0
0.695,1.4015624999999998,0
0.695,1.4734374999999997,0
0.695,1.5453125,0
0.695,1.6171875,0
0.695,1.6890625,0
0.695,1.7609374999999998,0
0.695,1.8328125000000002,0
0.695,1.9046874999999996,0
0.695,1.9765625,0
0.695,2.0484374999999995,0
0.695,2.1203125,0
0.695,2.1921875,0
0.695,2.2640624999999996,0
0.705,-2.2640624999999996,0
0.705,-2.1921874999999997,0
0.705,-2.1203125,0
0.705,-2.0484375,0
0.705,-1.9765624999999998,0
0.705,-1.9046874999999999,0
0.705,-1.8328124999999997,0
0.705,-1.7609374999999998,0
0.705,-1.6890625,0
0.705,-1.6171875,0
0.705,-1.5453124999999999,0
0.705,-1.4734374999999997,0
0.705,-1.4015624999999998,0
0.705,-1.3296875,0
0.705,-1.2578125,0
0.705,-1.1859374999999999,0
0.705,-1.1140625,0
0.705,-1.0421874999999998,0
0.705,-0.9703124999999999,0
0.705,-0.8984375,0
0.705,-0.8265624999999999,0
0.705,-0.7546875,0
0.705,-0.6828125,0
0.705,-0.6109374999999999,0
0.705,-0.5390625,0
0.705,-0.46718749999999987,0
0.705,-0.39531249999999996,0
0.705,-0.32343750000000004,0
0.705,-0.2515624999999999,9908
0.705,-0.1796875,109260
0.705,-0.10781250000000009,158402
0.705,-0.03593750000000018,157018
0.705,0.03593750000000018,158447
0.705,0.10781250000000009,163315
0.705,0.1796875,110282
0.705,0.2515624999999999,9976
0.705,0.3234374999999998,0
0.705,0.3953125000000002,0
0.705,0.4671875000000001,0
0.705,0.5390625,0
0.705,0.6109374999999999,0
0.705,0.6828124999999998,0
0.705,0.7546874999999997,0
0.705,0.8265625000000001,0
0.705,0.8984375,0
0.705,0.9703124999999999,0
0.705,1.0421874999999998,0
0.705,1.1140624999999997,0
0.705,1.1859375,0
0.705,1.2578125,0
0.705,1.3296875,0
0.705,1.4015624999999998,0
0.705,1.4734374999999997,0
0.705,1.5453125,0
0.705,1.6171875,0
0.705,1.6890625,0
0.705,1.7609374999999998,0
0.705,1.8328125000000002,0
0.705,1.9046874999999996,0
0.705,1.9765625,0
0.705,2.0484374999999995,0
0.705,2.1203125,0
0.705,2.1921875,0
0.705,2.2640624999999996,0
0.715,-2.2640624999999996,0
0.715,-2.1921874999999997,0
0.715,-2.1203125,0
0.715,-2.0484375,0
0.715,-1.9765624999999998,0
0.715,-1.9046874999999999,0
0.715,-1.8328124999999997,0
0.715,-1.7609374999999998,0
0.715,-1.6890625,0
0.715,-1.6171875,0
0.715,-1.5453124999999999,0
0.715,-1.4734374999999997,0
0.715,-1.4015624999999998,0
0.715,-1.3296875,0
0.715,-1.2578125,0
0.715,-1.1859374999999999,0
0.715,-1.1140625,0
0.715,-1.0421874999999998,0
0.715,-0.9703124999999999,0
0.715,-0.8984375,0
0.715,-0.8265624999999999,0
0.715,-0.7546875,0
0.715,-0.6828125,0
0.715,-0.6109374999999999,0
0.715,-0.5390625,0
0.715,-0.46718749999999987,0
0.715,-0.39531249999999996,0
0.715,-0.32343750000000004,0
0.715,-0.2515624999999999,148
0.715,-0.1796875,45160
0.715,-0.10781250000000009,163685
0.715,-0.03593750000000018,171152
0.715,0.03593750000000018,173763
0.715,0.10781250000000009,168884
0.715,0.1796875,45437
0.715,0.2515624999999999,153
0.715,0.3234374999999998,0
0.715,0.3953125000000002,0
0.715,0.4671875000000001,0
0.715,0.5390625,0
0.715,0.6109374999999999,0
0.715,0.6828124999999998,0
0.715,0.7546874999999997,0
0.715,0.8265625000000001,0
0.715,0.8984375,0
0.715,0.9703124999999999,0
0.715,1.0421874999999998,0
0.715,1.1140624999999997,0
0.715,1.1859375,0
0.715,1.2578125,0
0.715,1.3296875,0
0.715,1.4015624999999998,0
0.715,1.4734374999999997,0
0.715,1.5453125,0
0.715,1.6171875,0
0.715,1.6890625,0
0.715,1.7609374999999998,0
0.715,1.8328125000000002,0
0.715,1.9046874999999996,0
0.715,1.9765625,0
0.715,2.0484374999999995,0
0.715,2.1203125,0
0.715,2.1921875,0
0.715,2.2640624999999996,0
0.725,-2.2640624999999996,0
0.725,-2.1921874999999997,0
0.725,-2.1203125,0
0.725,-2.0484375,0
0.725,-1.9765624999999998,0
0.725,-1.9046874999999999,0
0.725,-1.8328124999999997,0
0.725,-1.7609374999999998,0
0.725,-1.6890625,0
0.725,-1.6171875,0
0.725,-1.5453124999999999,0
0.725,-1.4734374999999997,0
0.725,-1.4015624999999998,0
0.725,-1.3296875,0
0.725,-1.2578125,0
0.725,-1.1859374999999999,0
0.725,-1.1140625,0
0.725,-1.0421874999999998,0
0.725,-0.9703124999999999,0
0.725,-0.8984375,0
0.725,-0.8265624999999999,0
0.725,-0.7546875,0
0.725,-0.6828125,0
0.725,-0.6109374999999999,0
0.725,-0.5390625,0
0.725,-0.46718749999999987,0
0.725,-0.39531249999999996,0
0.725,-0.32343750000000004,0
0.725,-0.2515624999999999,0
0.725,-0.1796875,7452
0.725,-0.10781250000000009,127085
0.725,-0.03593750000000018,187569
0.725,0.03593750000000018,190149
0.725,0.10781250000000009,132127
0.725,0.1796875,7699
0.725,0.2515624999999999,0
0.725,0.3234374999999998,0
0.725,0.3953125000000002,0
0.725,0.4671875000000001,0
0.725,0.5390625,0
0.725,0.6109374999999999,0
0.725,0.6828124999999998,0
0.725,0.7546874999999997,0
0.725,0.8265625000000001,0
0.725,0.8984375,0
0.725,0.9703124999999999,0
0.725,1.0421874999999998,0
0.725,1.1140624999999997,0
0.725,1.1859375,0
0.725,1.2578125,0
0.725,1.3296875,0
0.725,1.4015624999999998,0
0.725,1.4734374999999997,0
0.725,1.5453125,0
0.725,1.6171875,0
0.725,1.6890625,0
0.725,1.7609374999999998,0
0.725,1.8328125000000002,0
0.725,1.9046874999999996,0
0.725,1.9765625,0
0.725,2.0484374999999995,0
0.725,2.1203125,0
0.725,2.1921875,0
0.725,2.2640624999999996,0
0.735,-2.2640624999999996,0
0.735,-2.1921874999999997,0
0.735,-2.1203125,0
0.735,-2.0484375,0
0.735,-1.9765624999999998,0
0.735,-1.9046874999999999,0
0.735,-1.8328124999999997,0
0.735,-1.7609374999999998,0
0.735,-1.6890625,0
0.735,-1.6171875,0
0.735,-1.5453124999999999,0
0.735,-1.4734374999999997,0
0.735,-1.4015624999999998,0
0.735,-1.3296875,0
0.735,-1.2578125,0
0.735,-1.1859374999999999,0
0.735,-1.1140625,0
0.735,-1.0421874999999998,0
0.735,-0.9703124999999999,0
0.735,-0.8984375,0
0.735,-0.8265624999999999,0
0.735,-0.7546875,0
0.735,-0.6828125,0
0.735,-0.6109374999999999,0
0.735,-0.5390625,0
0.735,-0.46718749999999987,0
0.735,-0.39531249999999996,0
0.735,-0.32343750000000004,0
0.735,-0.2515624999999999,0
0.735,-0.1796875,73
0.735,-0.10781250000000009,61216
0.735,-0.03593750000000018,201112
0.735,0.03593750000000018,203993
0.735,0.10781250000000009,62692
0.735,0.1796875,77
0.735,0.2515624999999999,0
0.735,0.3234374999999998,0
0.735,0.3953125000000002,0
0.735,0.4671875000000001,0
0.735,0.5390625,0
0.735,0.6109374999999999,0
0.735,0.6828124999999998,0
0.735,0.7546874999999997,0
0.735,0.8265625000000001,0
0.735,0.8984375,0
0.735,0.9703124999999999,0
0.735,1.0421874999999998,0
0.735,1.1140624999999997,0
0.735,1.1859375,0
0.735,1.2578125,0
0.735,1.3296875,0
0.735,1.4015624999999998,0
0.735,1.4734374999999997,0
0.735,1.5453125,0
0.735,1.6171875,0
0.735,1.6890625,0
0.735,1.7609374999999998,0
0.735,1.8328125000000002,0
0.735,1.9046874999999996,0
0.735,1.9765625,0
0.735,2.0484374999999995,0
0.735,2.1203125,0
0.735,2.1921875,0
0.735,2.2640624999999996,0
0.745,-2.2640624999999996,0
0.745,-2.1921874999999997,0
0.745,-2.1203125,0
0.745,-2.0484375,0
0.745,-1.9765624999999998,0
0.745,-1.9046874999999999,0
0.745,-1.8328124999999997,0
0.745,-1.7609374999999998,0
0.745,-1.6890625,0
0.745,-1.6171875,0
0.745,-1.5453124999999999,0
0.745,-1.4734374999999997,0
0.745,-1.4015624999999998,0
0.745,-1.3296875,0
0.745,-1.2578125,0
0.745,-1.1859374999999999,0
0.745,-1.1140625,0
0.745,-1.0421874999999998,0
0.745,-0.9703124999999999,0
0.745,-0.8984375,0
0.745,-0.8265624999999999,0
0.745,-0.7546875,0
0.745,-0.6828125,0
0.745,-0.6109374999999999,0
0.745,-0.5390625,0
0.745,-0.46718749999999987,0
0.745,-0.39531249999999996,0
0.745,-0.32343750000000004,0
0.745,-0.2515624999999999,0
0.745,-0.1796875,0
0.745,-0.10781250000000009,14397
0.745,-0.03593750000000018,188297
0.745,0.03593750000000018,189018
0.745,0.10781250000000009,14937
0.745,0.1796875,0
0.745,0.2515624999999999,0
0.745,0.3234374999999998,0
0.745,0.3953125000000002,0
0.745,0.4671875000000001,0
0.745,0.5390625,0
0.745,0.6109374999999999,0
0.745,0.6828124999999998,0
0.745,0.7546874999999997,0
0.745,0.8265625000000001,0
0.745,0.8984375,0
0.745,0.9703124999999999,0
0.745,1.0421874999999998,0
0.745,1.1140624999999997,0
0.745,1.1859375,0
0.745,1.2578125,0
0.745,1.3296875,0
0.745,1.4015624999999998,0
0.745,1.4734374999999997,0
0.745,1.5453125,0
0.745,1.6171875,0
0.745,1.6890625,0
0.745,1.7609374999999998,0
0.745,1.8328125000000002,0
0.745,1.9046874999999996,0
0.745,1.9765625,0
0.745,2.0484374999999995,0
0.745,2.1203125,0
0.745,2.1921875,0
0.745,2.2640624999999996,0
0.755,-2.2640624999999996,0
0.755,-2.1921874999999997,0
0.755,-2.1203125,0
0.755,-2.0484375,0
0.755,-1.9765624999999998,0
0.755,-1.9046874999999999,0
0.755,-1.8328124999999997,0
0.755,-1.7609374999999998,0
0.755,-1.6890625,0
0.755,-1.6171875,0
0.755,-1.5453124999999999,0
0.755,-1.4734374999999997,0
0.755,-1.4015624999999998,0
0.755,-1.3296875,0
0.755,-1.2578125,0
0.755,-1.1859374999999999,0
0.755,-1.1140625,0
0.755,-1.0421874999999998,0
0.755,-0.9703124999999999,0
0.755,-0.8984375,0
0.755,-0.8265624999999999,0
0.755,-0.7546875,0
0.755,-0.6828125,0
0.755,-0.6109374999999999,0
0.755,-0.5390625,0
0.755,-0.46718749999999987,0
0.755,-0.39531249999999996,0
0.755,-0.32343750000000004,0
0.755,-0.2515624999999999,0
0.755,-0.1796875,0
0.755,-0.10781250000000009,813
0.755,-0.03593750000000018,142711
0.755,0.03593750000000018,143156
0.755,0.10781250000000009,804
0.755,0.1796875,0
0.755,0.2515624999999999,0
0.755,0.3234374999999998,0
0.755,0.3953125000000002,0
0.755,0.4671875000000001,0
0.755,0.5390625,0
0.755,0.6109374999999999,0
0.755,0.6828124999999998,0
0.755,0.7546874999999997,0
0.755,0.8265625000000001,0
0.755,0.8984375,0
0.755,0.9703124999999999,0
0.755,1.0421874999999998,0
0.755,1.1140624999999997,0
0.755,1.1859375,0
0.755,1.2578125,0
0.755,1.3296875,0
0.755,1.4015624999999998,0
0.755,1.4734374999999997,0
0.755,1.5453125,0
0.755,1.6171875,0
0.755,1.6890625,0
0.755,1.7609374999999998,0
0.755,1.8328125000000002,0
0.755,1.9046874999999996,0
0.755,1.9765625,0
0.755,2.0484374999999995,0
0.755,2.1203125,0
0.755,2.1921875,0
0.755,2.2640624999999996,0
0.765,-2.2640624999999996,0
0.765,-2.1921874999999997,0
0.765,-2.1203125,0
0.765,-2.0484375,0
0.765,-1.9765624999999998,0
0.765,-1.9046874999999999,0
0.765,-1.8328124999999997,0
0.765,-1.7609374999999998,0
0.765,-1.6890625,0
0.765,-1.6171875,0
0.765,-1.5453124999999999,0
0.765,-1.4734374999999997,0
0.765,-1.4015624999999998,0
0.765,-1.3296875,0
0.765,-1.2578125,0
0.765,-1.1859374999999999,0
0.765,-1.1140625,0
0.765,-1.0421874999999998,0
0.765,-0.9703124999999999,0
0.765,-0.8984375,0
0.765,-0.8265624999999999,0
0.765,-0.7546875,0
0.765,-0.6828125,0
0.765,-0.6109374999999999,0
0.765,-0.5390625,0
0.765,-0.46718749999999987,0
0.765,-0.39531249999999996,0
0.765,-0.32343750000000004,0
0.765,-0.2515624999999999,0
0.765,-0.1796875,0
0.765,-0.10781250000000009,0
0.765,-0.03593750000000018,88431
0.765,0.03593750000000018,89348
0.765,0.10781250000000009,1
0.765,0.1796875,0
0.765,0.2515624999999999,0
0.765,0.3234374999999998,0
0.765,0.3953125000000002,0
0.765,0.4671875000000001,0
0.765,0.5390625,0
0.765,0.6109374999999999,0
0.765,0.6828124999999998,0
0.765,0.7546874999999997,0
0.765,0.8265625000000001,0
0.765,0.8984375,0
0.765,0.9703124999999999,0
0.765,1.0421874999999998,0
0.765,1.1140624999999997,0
0.765,1.1859375,0
0.765,1.2578125,0
0.765,1.3296875,0
0.765,1.4015624999999998,0
0.765,1.4734374999999997,0
0.765,1.5453125,0
0.765,1.6171875,0
0.765,1.6890625,0
0.765,1.7609374999999998,0
0.765,1.8328125000000002,0
0.765,1.9046874999999996,0
0.765,1.9765625,0
0.765,2.0484374999999995,0
0.765,2.1203125,0
0.765,2.1921875,0
0.765,2.2640624999999996,0
0.775,-2.2640624999999996,0
0.775,-2.1921874999999997,0
0.775,-2.1203125,0
0.775,-2.0484375,0
0.775,-1.9765624999999998,0
0.775,-1.9046874999999999,0
0.775,-1.8328124999999997,0
0.775,-1.7609374999999998,0
0.775,-1.6890625,0
0.775,-1.6171875,0
0.775,-1.5453124999999999,0
0.775,-1.4734374999999997,0
0.775,-1.4015624999999998,0
0.775,-1.3296875,0
0.775,-1.2578125,0
0.775,-1.1859374999999999,0
0.775,-1.1140625,0
0.775,-1.0421874999999998,0
0.775,-0.9703124999999999,0
0.775,-0.8984375,0
0.775,-0.8265624999999999,0
0.775,-0.7546875,0
0.775,-0.6828125,0
0.775,-0.6109374999999999,0
0.775,-0.5390625,0
0.775,-0.46718749999999987,0
0.775,-0.39531249999999996,0
0.775,-0.32343750000000004,0
0.775,-0.2515624999999999,0
0.775,-0.1796875,0
0.775,-0.10781250000000009,0
0.775,-0.03593750000000018,44570
0.775,0.03593750000000018,44607
0.775,0.10781250000000009,0
0.775,0.1796875,0
0.775,0.2515624999999999,0
0.775,0.3234374999999998,0
0.775,0.3953125000000002,0
0.775,0.4671875000000001,0
0.775,0.5390625,0
0.775,0.6109374999999999,0
0.775,0.6828124999999998,0
0.775,0.7546874999999997,0
0.775,0.8265625000000001,0
0.775,0.8984375,0
0.775,0.9703124999999999,0
0.775,1.0421874999999998,0
0.775,1.1140624999999997,0
0.775,1.1859375,0
0.775,1.2578125,0
0.775,1.3296875,0
0.775,1.4015624999999998,0
0.775,1.4734374999999997,0
0.775,1.5453125,0
0.775,1.6171875,0
0.775,1.6890625,0
0.775,1.7609374999999998,0
0.775,1.8328125000000002,0
0.775,1.9046874999999996,0
0.775,1.9765625,0
0.775,2.0484374999999995,0
0.775,2.1203125,0
0.775,2.1921875,0
0.775,2.2640624999999996,0
0.785,-2.2640624999999996,0
0.785,-2.1921874999999997,0
0.785,-2.1203125,0
0.785,-2.0484375,0
0.785,-1.9765624999999998,0
0.785,-1.9046874999999999,0
0.785,-1.8328124999999997,0
0.785,-1.7609374999999998,0
0.785,-1.6890625,0
0.785,-1.6171875,0
0.785,-1.5453124999999999,0
0.785,-1.4734374999999997,0
0.785,-1.4015624999999998,0
0.785,-1.3296875,0
0.785,-1.2578125,0
0.785,-1.1859374999999999,0
0.785,-1.1140625,0
0.785,-1.0421874999999998,0
0.785,-0.9703124999999999,0
0.785,-0.8984375,0
0.785,-0.8265624999999999,0
0.785,-0.7546875,0
0.785,-0.6828125,0
0.785,-0.6109374999999999,0
0.785,-0.5390625,0
0.785,-0.46718749999999987,0
0.785,-0.39531249999999996,0
0.785,-0.32343750000000004,0
0.785,-0.2515624999999999,0
0.785,-0.1796875,0
0.785,-0.10781250000000009,0
0.785,-0.03593750000000018,15671
0.785,0.03593750000000018,15635
0.785,0.10781250000000009,0
0.785,0.1796875,0
0.785,0.2515624999999999,0
0.785,0.3234374999999998,0
0.785,0.3953125000000002,0
0.785,0.4671875000000001,0
0.785,0.5390625,0
0.785,0.6109374999999999,0
0.785,0.6828124999999998,0
0.785,0.7546874999999997,0
0.785,0.8265625000000001,0
0.785,0.8984375,0
0.785,0.9703124999999999,0
0.785,1.0421874999999998,0
0.785,1.1140624999999997,0
0.785,1.1859375,0
0.785,1.2578125,0
0.785,1.3296875,0
0.785,1.4015624999999998,0
0.785,1.4734374999999997,0
0.785,1.5453125,0
0.785,1.6171875,0
0.785,1.6890625,0
0.785,1.7609374999999998,0
0.785,1.8328125000000002,0
0.785,1.9046874999999996,0
0.785,1.9765625,0
0.785,2.0484374999999995,0
0.785,2.1203125,0
0.785,2.1921875,0
0.785,2.2640624999999996,0
0.795,-2.2640624999999996,0
0.795,-2.1921874999999997,0
0.795,-2.1203125,0
0.795,-2.0484375,0
0.795,-1.9765624999999998,0
0.795,-1.9046874999999999,0
0.795,-1.8328124999999997,0
0.795,-1.7609374999999998,0
0.795,-1.6890625,0
0.795,-1.6171875,0
0.795,-1.5453124999999999,0
0.795,-1.4734374999999997,0
0.795,-1.4015624999999998,0
0.795,-1.3296875,0
0.795,-1.2578125,0
0.795,-1.1859374999999999,0
0.795,-1.1140625,0
0.795,-1.0421874999999998,0
0.795,-0.9703124999999999,0
0.795,-0.8984375,0
0.795,-0.8265624999999999,0
0.795,-0.7546875,0
0.795,-0.6828125,0
0.795,-0.6109374999999999,0
0.795,-0.5390625,0
0.795,-0.46718749999999987,0
0.795,-0.39531249999999996,0
0.795,-0.32343750000000004,0
0.795,-0.2515624999999999,0
0.795,-0.1796875,0
0.795,-0.10781250000000009,0
0.795,-0.03593750000000018,5248
0.795,0.03593750000000018,5260
0.795,0.10781250000000009,0
0.795,0.1796875,0
0.795,0.2515624999999999,0
0.795,0.3234374999999998,0
0.795,0.3953125000000002,0
0.795,0.4671875000000001,0
0.795,0.5390625,0
0.795,0.6109374999999999,0
0.795,0.6828124999999998,0
0.795,0.7546874999999997,0
0.795,0.8265625000000001,0
0.795,0.8984375,0
0.795,0.9703124999999999,0
0.795,1.0421874999999998,0
0.795,1.1140624999999997,0
0.795,1.1859375,0
0.795,1.2578125,0
0.795,1.3296875,0
0.795,1.4015624999999998,0
0.795,1.4734374999999997,0
0.795,1.5453125,0
0.795,1.6171875,0
0.795,1.6890625,0
0.795,1.7609374999999998,0
0.795,1.8328125000000002,0
0.795,1.9046874999999996,0
0.795,1.9765625,0
0.795,2.0484374999999995,0
0.795,2.1203125,0
0.795,2.1921875,0
0.795,2.2640624999999996,0
0.805,-2.2640624999999996,0
0.805,-2.1921874999999997,0
0.805,-2.1203125,0
0.805,-2.0484375,0
0.805,-1.9765624999999998,0
0.805,-1.9046874999999999,0
0.805,-1.8328124999999997,0
0.805,-1.7609374999999998,0
0.805,-1.6890625,0
0.805,-1.6171875,0
0.805,-1.5453124999999999,0
0.805,-1.4734374999999997,0
0.805,-1.4015624999999998,0
0.805,-1.3296875,0
0.805,-1.2578125,0
0.805,-1.1859374999999999,0
0.805,-1.1140625,0
0.805,-1.0421874999999998,0
0.805,-0.9703124999999999,0
0.805,-0.8984375,0
0.805,-0.8265624999999999,0
0.805,-0.7546875,0
0.805,-0.6828125,0
0.805,-0.6109374999999999,0
0.805,-0.5390625,0
0.805,-0.46718749999999987,0
0.805,-0.39531249999999996,0
0.805,-0.32343750000000004,0
0.805,-0.2515624999999999,0
0.805,-0.1796875,0
0.805,-0.10781250000000009,0
0.805,-0.03593750000000018,2643
0.805,0.03593750000000018,2689
0.805,0.10781250000000009,0
0.805,0.1796875,0
0.805,0.2515624999999999,0
0.805,0.3234374999999998,0
0.805,0.3953125000000002,0
0.805,0.4671875000000001,0
0.805,0.5390625,0
0.805,0.6109374999999999,0
0.805,0.6828124999999998,0
0.805,0.7546874999999997,0
0.805,0.8265625000000001,0
0.805,0.8984375,0
0.805,0.9703124999999999,0
0.805,1.0421874999999998,0
0.805,1.1140624999999997,0
0.805,1.1859375,0
0.805,1.2578125,0
0.805,1.3296875,0
0.805,1.4015624999999998,0
0.805,1.4734374999999997,0
0.805,1.5453125,0
0.805,1.6171875,0
0.805,1.6890625,0
0.805,1.7609374999999998,0
0.805,1.8328125000000002,0
0.805,1.9046874999999996,0
0.805,1.9765625,0
0.805,2.0484374999999995,0
0.805,2.1203125,0
0.805,2.1921875,0
0.805,2.2640624999999996,0
0.815,-2.2640624999999996,0
0.815,-2.1921874999999997,0
0.815,-2.1203125,0
0.815,-2.0484375,0
0.815,-1.9765624999999998,0
0.815,-1.9046874999999999,0
0.815,-1.8328124999999997,0
0.815,-1.7609374999999998,0
0.815,-1.6890625,0
0.815,-1.6171875,0
0.815,-1.5453124999999999,0
0.815,-1.4734374999999997,0
0.815,-1.4015624999999998,0
0.815,-1.3296875,0
0.815,-1.2578125,0
0.815,-1.1859374999999999,0
0.815,-1.1140625,0
0.815,-1.0421874999999998,0
0.815,-0.9703124999999999,0
0.815,-0.8984375,0
0.815,-0.8265624999999999,0
0.815,-0.7546875,0
0.815,-0.6828125,0
0.815,-0.6109374999999999,0
0.815,-0.5390625,0
0.815,-0.46718749999999987,0
0.815,-0.39531249999999996,0
0.815,-0.32343750000000004,0
0.815,-0.2515624999999999,0
0.815,-0.1796875,0
0.815,-0.10781250000000009,0
0.815,-0.03593750000000018,1808
0.815,0.03593750000000018,1733
0.815,0.10781250000000009,0
0.815,0.1796875,0
0.815,0.2515624999999999,0
0.815,0.3234374999999998,0
0.815,0.3953125000000002,0
0.815,0.4671875000000001,0
0.815,0.5390625,0
0.815,0.6109374999999999,0
0.815,0.6828124999999998,0
0.815,0.7546874999999997,0
0.815,0.8265625000000001,0
0.815,0.8984375,0
0.815,0.9703124999999999,0
0.815,1.0421874999999998,0
0.815,1.1140624999999997,0
0.815,1.1859375,0
0.815,1.2578125,0
0.815,1.3296875,0
0.815,1.4015624999999998,0
0.815,1.4734374999999997,0
0.815,1.5453125,0
0.815,1.6171875,0
0.815,1.6890625,0
0.815,1.7609374999999998,0
0.815,1.8328125000000002,0
0.815,1.9046874999999996,0
0.815,1.9765625,0
0.815,2.0484374999999995,0
0.815,2.1203125,0
0.815,2.1921875,0
0.815,2.2640624999999996,0
0.825,-2.2640624999999996,0
0.825,-2.1921874999999997,0
0.825,-2.1203125,0
0.825,-2.0484375,0
0.825,-1.9765624999999998,0
0.825,-1.9046874999999999,0
0.825,-1.8328124999999997,0
0.825,-1.7609374999999998,0
0.825,-1.6890625,0
0.825,-1.6171875,0
0.825,-1.5453124999999999,0
0.825,-1.4734374999999997,0
0.825,-1.4015624999999998,0
0.825,-1.3296875,0
0.825,-1.2578125,0
0.825,-1.1859374999999999,0
0.825,-1.1140625,0
0.825,-1.0421874999999998,0
0.825,-0.9703124999999999,0
0.825,-0.8984375,0
0.825,-0.8265624999999999,0
0.825,-0.7546875,0
0.825,-0.6828125,0
0.825,-0.6109374999999999,0
0.825,-0.5390625,0
0.825,-0.46718749999999987,0
0.825,-0.39531249999999996,0
0.825,-0.32343750000000004,0
0.825,-0.2515624999999999,0
0.825,-0.1796875,0
0.825,-0.10781250000000009,0
0.825,-0.03593750000000018,1368
0.825,0.03593750000000018,1329
0.825,0.10781250000000009,0
0.825,0.1796875,0
0.825,0.2515624999999999,0
0.825,0.3234374999999998,0
0.825,0.3953125000000002,0
0.825,0.4671875000000001,0
0.825,0.5390625,0
0.825,0.6109374999999999,0
0.825,0.6828124999999998,0
0.825,0.7546874999999997,0
0.825,0.8265625000000001,0
0.825,0.8984375,0
0.825,0.9703124999999999,0
0.825,1.0421874999999998,0
0.825,1.1140624999999997,0
0.825,1.1859375,0
0.825,1.2578125,0
0.825,1.3296875,0
0.825,1.4015624999999998,0
0.825,1.4734374999999997,0
0.825,1.5453125,0
0.825,1.6171875,0
0.825,1.6890625,0
0.825,1.7609374999999998,0
0.825,1.8328125000000002,0
0.825,1.9046874999999996,0
0.825,1.9765625,0
0.825,2.0484374999999995,0
0.825,2.1203125,0
0.825,2.1921875,0
0.825,2.2640624999999996,0
0.835,-2.2640624999999996,0
0.835,-2.1921874999999997,0
0.835,-2.1203125,0
0.835,-2.0484375,0
0.835,-1.9765624999999998,0
0.835,-1.9046874999999999,0
0.835,-1.8328124999999997,0
0.835,-1.7609374999999998,0
0.835,-1.6890625,0
0.835,-1.6171875,0
0.835,-1.5453124999999999,0
0.835,-1.4734374999999997,0
0.835,-1.4015624999999998,0
0.835,-1.3296875,0
0.835,-1.2578125,0
0.835,-1.1859374999999999,0
0.835,-1.1140625,0
0.835,-1.0421874999999998,0
0.835,-0.9703124999999999,0
0.835,-0.8984375,0
0.835,-0.8265624999999999,0
0.835,-0.7546875,0
0.835,-0.6828125,0
0.835,-0.6109374999999999,0
0.835,-0.5390625,0
0.835,-0.46718749999999987,0
0.835,-0.39531249999999996,0
0.835,-0.32343750000000004,0
0.835,-0.2515624999999999,0
0.835,-0.1796875,0
0.835,-0.10781250000000009,0
0.835,-0.03593750000000018,2027
0.835,0.03593750000000018,1816
0.835,0.10781250000000009,0
0.835,0.1796875,0
0.835,0.2515624999999999,0
0.835,0.3234374999999998,0
0.835,0.3953125000000002,0
0.835,0.4671875000000001,0
0.835,0.5390625,0
0.835,0.6109374999999999,0
0.835,0.6828124999999998,0
0.835,0.7546874999999997,0
0.835,0.8265625000000001,0
0.835,0.8984375,0
0.835,0.9703124999999999,0
0.835,1.0421874999999998,0
0.835,1.1140624999999997,0
0.835,1.1859375,0
0.835,1.2578125,0
0.835,1.3296875,0
0.835,1.4015624999999998,0
0.835,1.4734374999999997,0
0.835,1.5453125,0
0.835,1.6171875,0
0.835,1.6890625,0
0.835,1.7609374999999998,0
0.835,1.8328125000000002,0
0.835,1.9046874999999996,0
0.835,1.9765625,0
0.835,2.0484374999999995,0
0.835,2.1203125,0
0.835,2.1921875,0
0.835,2.2640624999999996,0
0.845,-2.2640624999999996,0
0.845,-2.1921874999999997,0
0.845,-2.1203125,0
0.845,-2.0484375,0
0.845,-1.9765624999999998,0
0.845,-1.9046874999999999,0
0.845,-1.8328124999999997,0
0.845,-1.7609374999999998,0
0.845,-1.6890625,0
0.845,-1.6171875,0
0.845,-1.5453124999999999,0
0.845,-1.4734374999999997,0
0.845,-1.4015624999999998,0
0.845,-1.3296875,0
0.845,-1.2578125,0
0.845,-1.1859374999999999,0
0.845,-1.1140625,0
0.845,-1.0421874999999998,0
0.845,-0.9703124999999999,0
0.845,-0.8984375,0
0.845,-0.8265624999999999,0
0.845,-0.7546875,0
0.845,-0.6828125,0
0.845,-0.6109374999999999,0
0.845,-0.5390625,0
0.845,-0.46718749999999987,0
0.845,-0.39531249999999996,0
0.845,-0.32343750000000004,0
0.845,-0.2515624999999999,0
0.845,-0.1796875,0
0.845,-0.10781250000000009,0
0.845,-0.03593750000000018,3550
0.845,0.03593750000000018,3355
0.845,0.10781250000000009,0
0.845,0.1796875,0
0.845,0.2515624999999999,0
0.845,0.3234374999999998,0
0.845,0.3953125000000002,0
0.845,0.4671875000000001,0
0.845,0.5390625,0
0.845,0.6109374999999999,0
0.845,0.6828124999999998,0
0.845,0.7546874999999997,0
0.845,0.8265625000000001,0
0.845,0.8984375,0
0.845,0.9703124999999999,0
0.845,1.0421874999999998,0
0.845,1.1140624999999997,0
0.845,1.1859375,0
0.845,1.2578125,0
0.845,1.3296875,0
0.845,1.4015624999999998,0
0.845,1.4734374999999997,0
0.845,1.5453125,0
0.845,1.6171875,0
0.845,1.6890625,0
0.845,1.7609374999999998,0
0.845,1.8328125000000002,0
0.845,1.9046874999999996,0
0.845,1.9765625,0
0.845,2.0484374999999995,0
0.845,2.1203125,0
0.845,2.1921875,0
0.845,2.2640624999999996,0
0.855,-2.2640624999999996,0
0.855,-2.1921874999999997,0
0.855,-2.1203125,0
0.855,-2.0484375,0
0.855,-1.9765624999999998,0
0.855,-1.9046874999999999,0
0.855,-1.8328124999999997,0
0.855,-1.7609374999999998,0
0.855,-1.6890625,0
0.855,-1.6171875,0
0.855,-1.5453124999999999,0
0.855,-1.4734374999999997,0
0.855,-1.4015624999999998,0
0.855,-1.3296875,0
0.855,-1.2578125,0
0.855,-1.1859374999999999,0
0.855,-1.1140625,0
0.855,-1.0421874999999998,0
0.855,-0.9703124999999999,0
0.855,-0.8984375,0
0.855,-0.8265624999999999,0
0.855,-0.7546875,0
0.855,-0.6828125,0
0.855,-0.6109374999999999,0
0.855,-0.5390625,0
0.855,-0.46718749999999987,0
0.855,-0.39531249999999996,0
0.855,-0.32343750000000004,0
0.855,-0.2515624999999999,0
0.855,-0.1796875,0
0.855,-0.10781250000000009,0
0.855,-0.03593750000000018,5626
0.855,0.03593750000000018,5439
0.855,0.10781250000000009,0
0.855,0.1796875,0
0.855,0.2515624999999999,0
0.855,0.3234374999999998,0
0.855,0.3953125000000002,0
0.855,0.4671875000000001,0
0.855,0.5390625,0
0.855,0.6109374999999999,0
0.855,0.6828124999999998,0
0.855,0.7546874999999997,0
0.855,0.8265625000000001,0
0.855,0.8984375,0
0.855,0.9703124999999999,0
0.855,1.0421874999999998,0
0.855,1.1140624999999997,0
0.855,1.1859375,0
0.855,1.2578125,0
0.855,1.3296875,0
0.855,1.4015624999999998,0
0.855,1.4734374999999997,0
0.855,1.5453125,0
0.855,1.6171875,0
0.855,1.6890625,0
0.855,1.7609374999999998,0
0.855,1.8328125000000002,0
0.855,1.9046874999999996,0
0.855,1.9765625,0
0.855,2.0484374999999995,0
0.855,2.1203125,0
0.855,2.1921875,0
0.855,2.2640624999999996,0
0.865,-2.2640624999999996,0
0.865,-2.1921874999999997,0
0.865,-2.1203125,0
0.865,-2.0484375,0
0.865,-1.9765624999999998,0
0.865,-1.9046874999999999,0
0.865,-1.8328124999999997,0
0.865,-1.7609374999999998,0
0.865,-1.6890625,0
0.865,-1.6171875,0
0.865,-1.5453124999999999,0
0.865,-1.4734374999999997,0
0.865,-1.4015624999999998,0
0.865,-1.3296875,0
0.865,-1.2578125,0
0.865,-1.1859374999999999,0
0.865,-1.1140625,0
0.865,-1.0421874999999998,0
0.865,-0.9703124999999999,0
0.865,-0.8984375,0
0.865,-0.8265624999999999,0
0.865,-0.7546875,0
0.865,-0.6828125,0
0.865,-0.6109374999999999,0
0.865,-0.5390625,0
0.865,-0.46718749999999987,0
0.865,-0.39531249999999996,0
0.865,-0.32343750000000004,0
0.865,-0.2515624999999999,0
0.865,-0.1796875,0
0.865,-0.10781250000000009,76
0.865,-0.03593750000000018,7667
0.865,0.03593750000000018,7211
0.865,0.10781250000000009,71
0.865,0.1796875,0
0.865,0.2515624999999999,0
0.865,0.3234374999999998,0
0.865,0.3953125000000002,0
0.865,0.4671875000000001,0
0.865,0.5390625,0
0.865,0.6109374999999999,0
0.865,0.6828124999999998,0
0.865,0.7546874999999997,0
0.865,0.8265625000000001,0
0.865,0.8984375,0
0.865,0.9703124999999999,0
0.865,1.0421874999999998,0
0.865,1.1140624999999997,0
0.865,1.1859375,0
0.865,1.2578125,0
0.865,1.3296875,0
0.865,1.4015624999999998,0
0.865,1.4734374999999997,0
0.865,1.5453125,0
0.865,1.6171875,0
0.865,1.6890625,0
0.865,1.7609374999999998,0
0.865,1.8328125000000002,0
0.865,1.9046874999999996,0
0.865,1.9765625,0
0.865,2.0484374999999995,0
0.865,2.1203125,0
0.865,2.1921875,0
0.865,2.2640624999999996,0
0.875,-2.2640624999999996,0
0.875,-2.1921874999999997,0
0.875,-2.1203125,0
0.875,-2.0484375,0
0.875,-1.9765624999999998,0
0.875,-1.9046874999999999,0
0.875,-1.8328124999999997,0
0.875,-1.7609374999999998,0
0.875,-1.6890625,0
0.875,-1.6171875,0
0.875,-1.5453124999999999,0
0.875,-1.4734374999999997,0
0.875,-1.4015624999999998,0
0.875,-1.3296875,0
0.875,-1.2578125,0
0.875,-1.1859374999999999,0
0.875,-1.1140625,0
0.875,-1.0421874999999998,0
0.875,-0.9703124999999999,0
0.875,-0.8984375,0
0.875,-0.8265624999999999,0
0.875,-0.7546875,0
0.875,-0.6828125,0
0.875,-0.6109374999999999,0
0.875,-0.5390625,0
0.875,-0.46718749999999987,0
0.875,-0.39531249999999996,0
0.875,-0.32343750000000004,0
0.875,-0.2515624999999999,0
0.875,-0.1796875,0
0.875,-0.10781250000000009,650
0.875,-0.03593750000000018,8859
0.875,0.03593750000000018,8707
0.875,0.10781250000000009,646
0.875,0.1796875,0
0.875,0.2515624999999999,0
0.875,0.3234374999999998,0
0.875,0.3953125000000002,0
0.875,0.4671875000000001,0
0.875,0.5390625,0
0.875,0.6109374999999999,0
0.875,0.6828124999999998,0
0.875,0.7546874999999997,0
0.875,0.8265625000000001,0
0.875,0.8984375,0
0.875,0.9703124999999999,0
0.875,1.0421874999999998,0
0.875,1.1140624999999997,0
0.875,1.1859375,0
0.875,1.2578125,0
0.875,1.3296875,0
0.875,1.4015624999999998,0
0.875,1.4734374999999997,0
0.875,1.5453125,0
0.875,1.6171875,0
0.875,1.6890625,0
0.875,1.7609374999999998,0
0.875,1.8328125000000002,0
0.875,1.9046874999999996,0
0.875,1.9765625,0
0.875,2.0484374999999995,0
0.875,2.1203125,0
0.875,2.1921875,0
0.875,2.2640624999999996,0
0.885,-2.2640624999999996,0
0.885,-2.1921874999999997,0
0.885,-2.1203125,0
0.885,-2.0484375,0
0.885,-1.9765624999999998,0
0.885,-1.9046874999999999,0
0.885,-1.8328124999999997,0
0.885,-1.7609374999999998,0
0.885,-1.6890625,0
0.885,-1.6171875,0
0.885,-1.5453124999999999,0
0.885,-1.4734374999999997,0
0.885,-1.4015624999999998,0
0.885,-1.3296875,0
0.885,-1.2578125,0
0.885,-1.1859374999999999,0
0.885,-1.1140625,0
0.885,-1.0421874999999998,0
0.885,-0.9703124999999999,0
0.885,-0.8984375,0
0.885,-0.8265624999999999,0
0.885,-0.7546875,0
0.885,-0.6828125,0
0.885,-0.6109374999999999,0
0.885,-0.5390625,0
0.885,-0.46718749999999987,0
0.885,-0.39531249999999996,0
0.885,-0.32343750000000004,0
0.885,-0.2515624999999999,0
0.885,-0.1796875,45
0.885,-0.10781250000000009,2069
0.885,-0.03593750000000018,8945
0.885,0.03593750000000018,8740
0.885,0.10781250000000009,1976
0.885,0.1796875,32
0.885,0.2515624999999999,0
0.885,0.3234374999999998,0
0.885,0.3953125000000002,0
0.885,0.4671875000000001,0
0.885,0.5390625,0
0.885,0.6109374999999999,0
0.885,0.6828124999999998,0
0.885,0.7546874999999997,0
0.885,0.8265625000000001,0
0.885,0.8984375,0
0.885,0.9703124999999999,0
0.885,1.0421874999999998,0
0.885,1.1140624999999997,0
0.885,1.1859375,0
0.885,1.2578125,0
0.885,1.3296875,0
0.885,1.4015624999999998,0
0.885,1.4734374999999997,0
0.885,1.5453125,0
0.885,1.6171875,0
0.885,1.6890625,0
0.885,1.7609374999999998,0
0.885,1.8328125000000002,0
0.885,1.9046874999999996,0
0.885,1.9765625,0
0.885,2.0484374999999995,0
0.885,2.1203125,0
0.885,2.1921875,0
0.885,2.2640624999999996,0
0.895,-2.2640624999999996,0
0.895,-2.1921874999999997,0
0.895,-2.1203125,0
0.895,-2.0484375,0
0.895,-1.9765624999999998,0
0.895,-1.9046874999999999,0
0.895,-1.8328124999999997,0
0.895,-1.7609374999999998,0
0.895,-1.6890625,0
0.895,-1.6171875,0
0.895,-1.5453124999999999,0
0.895,-1.4734374999999997,0
0.895,-1.4015624999999998,0
0.895,-1.3296875,0
0.895,-1.2578125,0
0.895,-1.1859374999999999,0
0.895,-1.1140625,0
0.895,-1.0421874999999998,0
0.895,-0.9703124999999999,0
0.895,-0.8984375,0
0.895,-0.8265624999999999,0
0.895,-0.7546875,0
0.895,-0.6828125,0
0.895,-0.6109374999999999,0
0.895,-0.5390625,0
0.895,-0.46718749999999987,0
0.895,-0.39531249999999996,0
0.895,-0.32343750000000004,0
0.895,-0.2515624999999999,1
0.895,-0.1796875,405
0.895,-0.10781250000000009,3430
0.895,-0.03593750000000018,8525
0.895,0.03593750000000018,8525
0.895,0.10781250000000009,3238
0.895,0.1796875,330
0.895,0.2515624999999999,3
0.895,0.3234374999999998,0
0.895,0.3953125000000002,0
0.895,0.4671875000000001,0
0.895,0.5390625,0
0.895,0.6109374999999999,0
0.895,0.6828124999999998,0
0.895,0.7546874999999997,0
0.895,0.8265625000000001,0
0.895,0.8984375,0
0.895,0.9703124999999999,0
0.895,1.0421874999999998,0
0.895,1.1140624999999997,0
0.895,1.1859375,0
0.895,1.2578125,0
0.895,1.3296875,0
0.895,1.4015624999999998,0
0.895,1.4734374999999997,0
0.895,1.5453125,0
0.895,1.6171875,0
0.895,1.6890625,0
0.895,1.7609374999999998,0
0.895,1.8328125000000002,0
0.895,1.9046874999999996,0
0.895,1.9765625,0
0.895,2.0484374999999995,0
0.895,2.1203125,0
0.895,2.1921875,0
0.895,2.2640624999999996,0
0.905,-2.2640624999999996,0
0.905,-2.1921874999999997,0
0.905,-2.1203125,0
0.905,-2.0484375,0
0.905,-1.9765624999999998,0
0.905,-1.9046874999999999,0
0.905,-1.8328124999999997,0
0.905,-1.7609374999999998,0
0.905,-1.6890625,0
0.905,-1.6171875,0
0.905,-1.5453124999999999,0
0.905,-1.4734374999999997,0
0.905,-1.4015624999999998,0
0.905,-1.3296875,0
0.905,-1.2578125,0
0.905,-1.1859374999999999,0
0.905,-1.1140625,0
0.905,-1.0421874999999998,0
0.905,-0.9703124999999999,0
0.905,-0.8984375,0
0.905,-0.8265624999999999,0
0.905,-0.7546875,0
0.905,-0.6828125,0
0.905,-0.6109374999999999,0
0.905,-0.5390625,0
0.905,-0.46718749999999987,0
0.905,-0.39531249999999996,0
0.905,-0.32343750000000004,0
0.905,-0.2515624999999999,85
0.905,-0.1796875,1162
0.905,-0.10781250000000009,3889
0.905,-0.03593750000000018,8010
0.905,0.03593750000000018,7620
0.905,0.10781250000000009,3703
0.905,0.1796875,1038
0.905,0.2515624999999999,112
0.905,0.3234374999999998,1
0.905,0.3953125000000002,0
0.905,0.4671875000000001,0
0.905,0.5390625,0
0.905,0.6109374999999999,0
0.905,0.6828124999999998,0
0.905,0.7546874999999997,0
0.905,0.8265625000000001,0
0.905,0.8984375,0
0.905,0.9703124999999999,0
0.905,1.0421874999999998,0
0.905,1.1140624999999997,0
0.905,1.1859375,0
0.905,1.2578125,0
0.905,1.3296875,0
0.905,1.4015624999999998,0
0.905,1.4734374999999997,0
0.905,1.5453125,0
0.905,1.6171875,0
0.905,1.6890625,0
0.905,1.7609374999999998,0
0.905,1.8328125000000002,0
0.905,1.9046874999999996,0
0.905,1.9765625,0
0.905,2.0484374999999995,0
0.905,2.1203125,0
0.905,2.1921875,0
0.905,2.2640624999999996,0
0.915,-2.2640624999999996,0
0.915,-2.1921874999999997,0
0.915,-2.1203125,0
0.915,-2.0484375,0
0.915,-1.9765624999999998,0
0.915,-1.9046874999999999,0
0.915,-1.8328124999999997,0
0.915,-1.7609374999999998,0
0.915,-1.6890625,0
0.915,-1.6171875,0
0.915,-1.5453124999999999,0
0.915,-1.4734374999999997,0
0.915,-1.4015624999999998,0
0.915,-1.3296875,0
0.915,-1.2578125,0
0.915,-1.1859374999999999,0
0.915,-1.1140625,0
0.915,-1.0421874999999998,0
0.915,-0.9703124999999999,0
0.915,-0.8984375,0
0.915,-0.8265624999999999,0
0.915,-0.7546875,0
0.915,-0.6828125,0
0.915,-0.6109374999999999,0
0.915,-0.5390625,0
0.915,-0.46718749999999987,0
0.915,-0.39531249999999996,0
0.915,-0.32343750000000004,55
0.915,-0.2515624999999999,436
0.915,-0.1796875,1701
0.915,-0.10781250000000009,3997
0.915,-0.03593750000000018,7707
0.915,0.03593750000000018,7011
0.915,0.10781250000000009,3530
0.915,0.1796875,1650
0.915,0.2515624999999999,496
0.915,0.3234374999999998,59
0.915,0.3953125000000002,0
0.915,0.4671875000000001,0
0.915,0.5390625,0
0.915,0.6109374999999999,0
0.915,0.6828124999999998,0
0.915,0.7546874999999997,0
0.915,0.8265625000000001,0
0.915,0.8984375,0
0.915,0.9703124999999999,0
0.915,1.0421874999999998,0
0.915,1.1140624999999997,0
0.915,1.1859375,0
0.915,1.2578125,0
0.915,1.3296875,0
0.915,1.4015624999999998,0
0.915,1.4734374999999997,0
0.915,1.5453125,0
0.915,1.6171875,0
0.915,1.6890625,0
0.915,1.7609374999999998,0
0.915,1.8328125000000002,0
0.915,1.9046874999999996,0
0.915,1.9765625,0
0.915,2.0484374999999995,0
0.915,2.1203125,0
0.915,2.1921875,0
0.915,2.2640624999999996,0
0.925,-2.2640624999999996,0
0.925,-2.1921874999999997,0
0.925,-2.1203125,0
0.925,-2.0484375,0
0.925,-1.9765624999999998,0
0.925,-1.9046874999999999,0
0.925,-1.8328124999999997,0
0.925,-1.7609374999999998,0
0.925,-1.6890625,0
0.925,-1.6171875,0
0.925,-1.5453124999999999,0
0.925,-1.4734374999999997,0
0.925,-1.4015624999999998,0
0.925,-1.3296875,0
0.925,-1.2578125,0
0.925,-1.1859374999999999,0
0.925,-1.1140625,0
0.925,-1.0421874999999998,0
0.925,-0.9703124999999999,0
0.925,-0.8984375,0
0.925,-0.8265624999999999,0
0.925,-0.7546875,0
0.925,-0.6828125,0
0.925,-0.6109374999999999,0
0.925,-0.5390625,0
0.925,-0.46718749999999987,0
0.925,-0.39531249999999996,19
0.925,-0.32343750000000004,230
0.925,-0.2515624999999999,904
0.925,-0.1796875,1762
0.925,-0.10781250000000009,4015
0.925,-0.03593750000000018,7154
0.925,0.03593750000000018,6918
0.925,0.10781250000000009,3572
0.925,0.1796875,1734
0.925,0.2515624999999999,942
0.925,0.3234374999999998,297
0.925,0.3953125000000002,26
0.925,0.4671875000000001,0
0.925,0.5390625,0
0.925,0.6109374999999999,0
0.925,0.6828124999999998,0
0.925,0.7546874999999997,0
0.925,0.8265625000000001,0
0.925,0.8984375,0
0.925,0.9703124999999999,0
0.925,1.0421874999999998,0
0.925,1.1140624999999997,0
0.925,1.1859375,0
0.925,1.2578125,0
0.925,1.3296875,0
0.925,1.4015624999999998,0
0.925,1.4734374999999997,0
0.925,1.5453125,0
0.925,1.6171875,0
0.925,1.6890625,0
0.925,1.7609374999999998,0
0.925,1.8328125000000002,0
0.925,1.9046874999999996,0
0.925,1.9765625,0
0.925,2.0484374999999995,0
0.925,2.1203125,0
0.925,2.1921875,0
0.925,2.2640624999999996,0
0.935,-2.2640624999999996,0
0.935,-2.1921874999999997,0
0.935,-2.1203125,0
0.935,-2.0484375,0
0.935,-1.9765624999999998,0
0.935,-1.9046874999999999,0
0.935,-1.8328124999999997,0
0.935,-1.7609374999999998,0
0.935,-1.6890625,0
0.935,-1.6171875,0
0.935,-1.5453124999999999,0
0.935,-1.4734374999999997,0
0.935,-1.4015624999999998,0
0.935,-1.3296875,0
0.935,-1.2578125,0
0.935,-1.1859374999999999,0
0.935,-1.1140625,0
0.935,-1.0421874999999998,0
0.935,-0.9703124999999999,0
0.935,-0.8984375,0
0.935,-0.8265624999999999,0
0.935,-0.7546875,0
0.935,-0.6828125,0
0.935,-0.6109374999999999,0
0.935,-0.5390625,0
0.935,-0.46718749999999987,14
0.935,-0.39531249999999996,174
0.935,-0.32343750000000004,533
0.935,-0.2515624999999999,999
0.935,-0.1796875,1715
0.935,-0.10781250000000009,3913
0.935,-0.03593750000000018,6563
0.935,0.03593750000000018,6361
0.935,0.10781250000000009,3651
0.935,0.1796875,1960
0.935,0.2515624999999999,1088
0.935,0.3234374999999998,536
0.935,0.3953125000000002,173
0.935,0.4671875000000001,27
0.935,0.5390625,0
0.935,0.6109374999999999,0
0.935,0.6828124999999998,0
0.935,0.7546874999999997,0
0.935,0.8265625000000001,0
0.935,0.8984375,0
0.935,0.9703124999999999,0
0.935,1.0421874999999998,0
0.935,1.1140624999999997,0
0.935,1.1859375,0
0.935,1.2578125,0
0.935,1.3296875,0
0.935,1.4015624999999998,0
0.935,1.4734374999999997,0
0.935,1.5453125,0
0.935,1.6171875,0
0.935,1.6890625,0
0.935,1.7609374999999998,0
0.935,1.8328125000000002,0
0.935,1.9046874999999996,0
0.935,1.9765625,0
0.935,2.0484374999999995,0
0.935,2.1203125,0
0.935,2.1921875,0
0.935,2.2640624999999996,0
0.945,-2.2640624999999996,0
0.945,-2.1921874999999997,0
0.945,-2.1203125,0
0.945,-2.0484375,0
0.945,-1.9765624999999998,0
0.945,-1.9046874999999999,0
0.945,-1.8328124999999997,0
0.945,-1.7609374999999998,0
0.945,-1.6890625,0
0.945,-1.6171875,0
0.945,-1.5453124999999999,0
0.945,-1.4734374999999997,0
0.945,-1.4015624999999998,0
0.945,-1.3296875,0
0.945,-1.2578125,0
0.945,-1.1859374999999999,0
0.945,-1.1140625,0
0.945,-1.0421874999999998,0
0.945,-0.9703124999999999,0
0.945,-0.8984375,0
0.945,-0.8265624999999999,0
0.945,-0.7546875,0
0.945,-0.6828125,0
0.945,-0.6109374999999999,0
0.945,-0.5390625,26
0.945,-0.46718749999999987,83
0.945,-0.39531249999999996,479
0.945,-0.32343750000000004,565
0.945,-0.2515624999999999,1016
0.945,-0.1796875,1862
0.945,-0.10781250000000009,3838
0.945,-0.03593750000000018,6049
0.945,0.03593750000000018,6164
0.945,0.10781250000000009,3614
0.945,0.1796875,1834
0.945,0.2515624999999999,1217
0.945,0.3234374999999998,657
0.945,0.3953125000000002,455
0.945,0.4671875000000001,207
0.945,0.5390625,33
0.945,0.6109374999999999,0
0.945,0.6828124999999998,0
0.945,0.7546874999999997,0
0.945,0.8265625000000001,0
0.945,0.8984375,0
0.945,0.9703124999999999,0
0.945,1.0421874999999998,0
0.945,1.1140624999999997,0
0.945,1.1859375,0
0.945,1.2578125,0
0.945,1.3296875,0
0.945,1.4015624999999998,0
0.945,1.4734374999999997,0
0.945,1.5453125,0
0.945,1.6171875,0
0.945,1.6890625,0
0.945,1.7609374999999998,0
0.945,1.8328125000000002,0
0.945,1.9046874999999996,0
0.945,1.9765625,0
0.945,2.0484374999999995,0
0.945,2.1203125,0
0.945,2.1921875,0
0.945,2.2640624999999996,0
0.955,-2.2640624999999996,0
0.955,-2.1921874999999997,0
0.955,-2.1203125,0
0.955,-2.0484375,0
0.955,-1.9765624999999998,0
0.955,-1.9046874999999999,0
0.955,-1.8328124999999997,0
0.955,-1.7609374999999998,0
0.955,-1.6890625,0
0.955,-1.6171875,0
0.955,-1.5453124999999999,0
0.955,-1.4734374999999997,0
0.955,-1.4015624999999998,0
0.955,-1.3296875,0
0.955,-1.2578125,0
0.955,-1.1859374999999999,0
0.955,-1.1140625,0
0.955,-1.0421874999999998,0
0.955,-0.9703124999999999,0
0.955,-0.8984375,0
0.955,-0.8265624999999999,0
0.955,-0.7546875,0
0.955,-0.6828125,0
0.955,-0.6109374999999999,46
0.955,-0.5390625,158
0.955,-0.46718749999999987,287
0.955,-0.39531249999999996,541
0.955,-0.32343750000000004,671
0.955,-0.2515624999999999,972
0.955,-0.1796875,2033
0.955,-0.10781250000000009,3835
0.955,-0.03593750000000018,5505
0.955,0.03593750000000018,6114
0.955,0.10781250000000009,3520
0.955,0.1796875,1961
0.955,0.2515624999999999,1276
0.955,0.3234374999999998,778
0.955,0.3953125000000002,566
0.955,0.4671875000000001,598
0.955,0.5390625,157
0.955,0.6109374999999999,34
0.955,0.6828124999999998,0
0.955,0.7546874999999997,0
0.955,0.8265625000000001,0
0.955,0.8984375,0
0.955,0.9703124999999999,0
0.955,1.0421874999999998,0
0.955,1.1140624999999997,0
0.955,1.1859375,0
0.955,1.2578125,0
0.955,1.3296875,0
0.955,1.4015624999999998,0
0.955,1.4734374999999997,0
0.955,1.5453125,0
0.955,1.6171875,0
0.955,1.6890625,0
0.955,1.7609374999999998,0
0.955,1.8328125000000002,0
0.955,1.9046874999999996,0
0.955,1.9765625,0
0.955,2.0484374999999995,0
0.955,2.1203125,0
0.955,2.1921875,0
0.955,2.2640624999999996,0
0.965,-2.2640624999999996,0
0.965,-2.1921874999999997,0
0.965,-2.1203125,0
0.965,-2.0484375,0
0.965,-1.9765624999999998,0
0.965,-1.9046874999999999,0
0.965,-1.8328124999999997,0
0.965,-1.7609374999999998,0
0.965,-1.6890625,0
0.965,-1.6171875,0
0.965,-1.5453124999999999,0
0.965,-1.4734374999999997,0
0.965,-1.4015624999999998,0
0.965,-1.3296875,0
0.965,-1.2578125,0
0.965,-1.1859374999999999,0
0.965,-1.1140625,0
0.965,-1.0421874999999998,0
0.965,-0.9703124999999999,0
0.965,-0.8984375,0
0.965,-0.8265624999999999,0
0.965,-0.7546875,1
0.965,-0.6828125,38
0.965,-0.6109374999999999,262
0.965,-0.5390625,389
0.965,-0.46718749999999987,344
0.965,-0.39531249999999996,546
0.965,-0.32343750000000004,685
0.965,-0.2515624999999999,913
0.965,-0.1796875,1912
0.965,-0.10781250000000009,3578
0.965,-0.03593750000000018,5213
0.965,0.03593750000000018,5826
0.965,0.10781250000000009,3349
0.965,0.1796875,2029
0.965,0.2515624999999999,1394
0.965,0.3234374999999998,779
0.965,0.3953125000000002,640
0.965,0.4671875000000001,746
0.965,0.5390625,451
0.965,0.6109374999999999,162
0.965,0.6828124999999998,78
0.965,0.7546874999999997,3
0.965,0.8265625000000001,0
0.965,0.8984375,0
0.965,0.9703124999999999,0
0.965,1.0421874999999998,0
0.965,1.1140624999999997,0
0.965,1.1859375,0
0.965,1.2578125,0
0.965,1.3296875,0
0.965,1.4015624999999998,0
0.965,1.4734374999999997,0
0.965,1.5453125,0
0.965,1.6171875,0
0.965,1.6890625,0
0.965,1.7609374999999998,0
0.965,1.8328125000000002,0
0.965,1.9046874999999996,0
0.965,1.9765625,0
0.965,2.0484374999999995,0
0.965,2.1203125,0
0.965,2.1921875,0
0.965,2.2640624999999996,0
0.975,-2.2640624999999996,0
0.975,-2.1921874999999997,0
0.975,-2.1203125,0
0.975,-2.0484375,0
0.975,-1.9765624999999998,0
0.975,-1.9046874999999999,0
0.975,-1.8328124999999997,0
0.975,-1.7609374999999998,0
0.975,-1.6890625,0
0.975,-1.6171875,0
0.975,-1.5453124999999999,0
0.975,-1.4734374999999997,0
0.975,-1.4015624999999998,0
0.975,-1.3296875,0
0.975,-1.2578125,0
0.975,-1.1859374999999999,0
0.975,-1.1140625,0
0.975,-1.0421874999999998,0
0.975,-0.9703124999999999,0
0.975,-0.8984375,0
0.975,-0.8265624999999999,2
0.975,-0.7546875,72
0.975,-0.6828125,197
0.975,-0.6109374999999999,400
0.975,-0.5390625,453
0.975,-0.46718749999999987,390
0.975,-0.39531249999999996,657
0.975,-0.32343750000000004,727
0.975,-0.2515624999999999,1096
0.975,-0.1796875,1828
0.975,-0.10781250000000009,3543
0.975,-0.03593750000000018,5122
0.975,0.03593750000000018,5559
0.975,0.10781250000000009,3573
0.975,0.1796875,2145
0.975,0.2515624999999999,1429
0.975,0.3234374999999998,820
0.975,0.3953125000000002,726
0.975,0.4671875000000001,724
0.975,0.5390625,477
0.975,0.6109374999999999,321
0.975,0.6828124999999998,303
0.975,0.7546874999999997,84
0.975,0.8265625000000001,8
0.975,0.8984375,0
0.975,0.9703124999999999,0
0.975,1.0421874999999998,0
0.975,1.1140624999999997,0
0.975,1.1859375,0
0.975,1.2578125,0
0.975,1.3296875,0
0.975,1.4015624999999998,0
0.975,1.4734374999999997,0
0.975,1.5453125,0
0.975,1.6171875,0
0.975,1.6890625,0
0.975,1.7609374999999998,0
0.975,1.8328125000000002,0
0.975,1.9046874999999996,0
0.975,1.9765625,0
0.975,2.0484374999999995,0
0.975,2.1203125,0
0.975,2.1921875,0
0.975,2.2640624999999996,0
0.985,-2.2640624999999996,0
0.985,-2.1921874999999997,0
0.985,-2.1203125,0
0.985,-2.0484375,0
0.985,-1.9765624999999998,0
0.985,-1.9046874999999999,0
0.985,-1.8328124999999997,0
0.985,-1.7609374999999998,0
0.985,-1.6890625,0
0.985,-1.6171875,0
0.985,-1.5453124999999999,0
0.985,-1.4734374999999997,0
0.985,-1.4015624999999998,0
0.985,-1.3296875,0
0.985,-1.2578125,0
0.985,-1.1859374999999999,0
0.985,-1.1140625,0
0.985,-1.0421874999999998,0
0.985,-0.9703124999999999,0
0.985,-0.8984375,11
0.985,-0.8265624999999999,48
0.985,-0.7546875,276
0.985,-0.6828125,333
0.985,-0.6109374999999999,416
0.985,-0.5390625,420
0.985,-0.46718749999999987,496
0.985,-0.39531249999999996,665
0.985,-0.32343750000000004,803
0.985,-0.2515624999999999,1212
0.985,-0.1796875,1850
0.985,-0.10781250000000009,3315
0.985,-0.03593750000000018,5057
0.985,0.03593750000000018,5277
0.985,0.10781250000000009,3630
0.985,0.1796875,2151
0.985,0.2515624999999999,1496
0.985,0.3234374999999998,817
0.985,0.3953125000000002,748
0.985,0.4671875000000001,707
0.985,0.5390625,548
0.985,0.6109374999999999,341
0.985,0.6828124999999998,593
0.985,0.7546874999999997,340
0.985,0.8265625000000001,144
0.985,0.8984375,24
0.985,0.9703124999999999,0
0.985,1.0421874999999998,0
0.985,1.1140624999999997,0
0.985,1.1859375,0
0.985,1.2578125,0
0.985,1.3296875,0
0.985,1.4015624999999998,0
0.985,1.4734374999999997,0
0.985,1.5453125,0
0.985,1.6171875,0
0.985,1.6890625,0
0.985,1.7609374999999998,0
0.985,1.8328125000000002,0
0.985,1.9046874999999996,0
0.985,1.9765625,0
0.985,2.0484374999999995,0
0.985,2.1203125,0
0.985,2.1921875,0
0.985,2.2640624999999996,0
0.995,-2.2640624999999996,0
0.995,-2.1921874999999997,0
0.995,-2.1203125,0
0.995,-2.0484375,0
0.995,-1.9765624999999998,0
0.995,-1.9046874999999999,0
0.995,-1.8328124999999997,0
0.995,-1.7609374999999998,0
0.995,-1.6890625,0
0.995,-1.6171875,0
0.995,-1.5453124999999999,0
0.995,-1.4734374999999997,0
0.995,-1.4015624999999998,0
0.995,-1.3296875,0
0.995,-1.2578125,0
0.995,-1.1859374999999999,0
0.995,-1.1140625,2
0.995,-1.0421874999999998,4
0.995,-0.9703124999999999,24
0.995,-0.8984375,80
0.995,-0.8265624999999999,151
0.995,-0.7546875,451
0.995,-0.6828125,392
0.995,-0.6109374999999999,445
0.995,-0.5390625,496
0.995,-0.46718749999999987,437
0.995,-0.39531249999999996,654
0.995,-0.32343750000000004,864
0.995,-0.2515624999999999,1295
0.995,-0.1796875,2004
0.995,-0.10781250000000009,3269
0.995,-0.03593750000000018,5051
0.995,0.03593750000000018,5190
0.995,0.10781250000000009,3683
0.995,0.1796875,2142
0.995,0.2515624999999999,1584
0.995,0.3234374999999998,803
0.995,0.3953125000000002,748
0.995,0.4671875000000001,642
0.995,0.5390625,565
0.995,0.6109374999999999,368
0.995,0.6828124999999998,596
0.995,0.7546874999999997,571
0.995,0.8265625000000001,412
0.995,0.8984375,178
0.995,0.9703124999999999,34
0.995,1.0421874999999998,3
0.995,1.1140624999999997,0
0.995,1.1859375,0
0.995,1.2578125,0
0.995,1.3296875,0
0.995,1.4015624999999998,0
0.995,1.4734374999999997,0
0.995,1.5453125,0
0.995,1.6171875,0
0.995,1.6890625,0
0.995,1.7609374999999998,0
0.995,1.8328125000000002,0
0.995,1.9046874999999996,0
0.995,1.9765625,0
0.995,2.0484374999999995,0
0.995,2.1203125,0
0.995,2.1921875,0
0.995,2.2640624999999996,0
