x,phi,count
0.005,0.08726646259971647,942
0.005,0.2617993877991494,1139
0.005,0.4363323129985824,1319
0.005,0.6108652381980153,1485
0.005,0.7853981633974483,1659
0.005,0.9599310885968811,1836
0.005,1.1344640137963142,1916
0.005,1.308996938995747,1972
0.005,1.4835298641951802,2080
0.005,1.658062789394613,2016
0.005,1.8325957145940461,1926
0.005,2.007128639793479,1847
0.005,2.181661564992912,1745
0.005,2.356194490192345,1633
0.005,2.530727415391778,1433
0.005,2.705260340591211,1221
0.005,2.879793265790644,1090
0.005,3.0543261909900767,860
0.005,3.2288591161895095,699
0.005,3.4033920413889422,640
0.005,3.577924966588375,528
0.005,3.752457891787808,430
0.005,3.9269908169872414,388
0.005,4.101523742186675,324
0.005,4.276056667386107,288
0.005,4.4505895925855405,280
0.005,4.625122517784973,281
0.005,4.799655442984406,292
0.005,4.974188368183839,283
0.005,5.148721293383272,311
0.005,5.323254218582705,336
0.005,5.497787143782138,380
0.005,5.672320068981571,498
0.005,5.8468529941810035,580
0.005,6.021385919380437,615
0.005,6.19591884457987,808
0.015,0.08726646259971647,963
0.015,0.2617993877991494,1126
0.015,0.4363323129985824,1304
0.015,0.6108652381980153,1546
0.015,0.7853981633974483,1800
0.015,0.9599310885968811,1918
0.015,1.1344640137963142,2070
0.015,1.308996938995747,2033
0.015,1.4835298641951802,2040
0.015,1.658062789394613,2132
0.015,1.8325957145940461,1981
0.015,2.007128639793479,1843
0.015,2.181661564992912,1795
0.015,2.356194490192345,1760
0.015,2.530727415391778,1448
0.015,2.705260340591211,1262
0.015,2.879793265790644,1153
0.015,3.0543261909900767,957
0.015,3.2288591161895095,805
0.015,3.4033920413889422,637
0.015,3.577924966588375,522
0.015,3.752457891787808,444
0.015,3.9269908169872414,390
0.015,4.101523742186675,367
0.015,4.276056667386107,331
0.015,4.4505895925855405,291
0.015,4.625122517784973,263
0.015,4.799655442984406,259
0.015,4.974188368183839,303
0.015,5.148721293383272,339
0.015,5.323254218582705,325
0.015,5.497787143782138,433
0.015,5.672320068981571,498
0.015,5.8468529941810035,560
0.015,6.021385919380437,713
0.015,6.19591884457987,849
0.025,0.08726646259971647,1004
0.025,0.2617993877991494,1229
0.025,0.4363323129985824,1385
0.025,0.6108652381980153,1612
0.025,0.7853981633974483,1791
0.025,0.9599310885968811,1911
0.025,1.1344640137963142,2059
0.025,1.308996938995747,2165
0.025,1.4835298641951802,2167
0.025,1.658062789394613,2259
0.025,1.8325957145940461,2220
0.025,2.007128639793479,2092
0.025,2.181661564992912,1921
0.025,2.356194490192345,1656
0.025,2.530727415391778,1518
0.025,2.705260340591211,1269
0.025,2.879793265790644,1115
0.025,3.0543261909900767,947
0.025,3.2288591161895095,798
0.025,3.4033920413889422,676
0.025,3.577924966588375,550
0.025,3.752457891787808,487
0.025,3.9269908169872414,417
0.025,4.101523742186675,380
0.025,4.276056667386107,295
0.025,4.4505895925855405,337
0.025,4.625122517784973,322
0.025,4.799655442984406,309
0.025,4.974188368183839,325
0.025,5.148721293383272,335
0.025,5.323254218582705,400
0.025,5.497787143782138,458
0.025,5.672320068981571,536
0.025,5.8468529941810035,583
0.025,6.021385919380437,729
0.025,6.19591884457987,866
0.035,0.08726646259971647,977
0.035,0.2617993877991494,1229
0.035,0.4363323129985824,1382
0.035,0.6108652381980153,1629
0.035,0.7853981633974483,1824
0.035,0.9599310885968811,2047
0.035,1.1344640137963142,2203
0.035,1.308996938995747,2269
0.035,1.4835298641951802,2364
0.035,1.658062789394613,2370
0.035,1.8325957145940461,2329
0.035,2.007128639793479,2219
0.035,2.181661564992912,2087
0.035,2.356194490192345,1843
0.035,2.530727415391778,1596
0.035,2.705260340591211,1406
0.035,2.879793265790644,1182
0.035,3.0543261909900767,1058
0.035,3.2288591161895095,883
0.035,3.4033920413889422,734
0.035,3.577924966588375,578
0.035,3.752457891787808,489
0.035,3.9269908169872414,418
0.035,4.101523742186675,377
0.035,4.276056667386107,354
0.035,4.4505895925855405,315
0.035,4.625122517784973,303
0.035,4.799655442984406,300
0.035,4.974188368183839,330
0.035,5.148721293383272,364
0.035,5.323254218582705,399
0.035,5.497787143782138,471
0.035,5.672320068981571,540
0.035,5.8468529941810035,690
0.035,6.021385919380437,728
0.035,6.19591884457987,902
0.045,0.08726646259971647,1111
0.045,0.2617993877991494,1243
0.045,0.4363323129985824,1452
0.045,0.6108652381980153,1706
0.045,0.7853981633974483,1922
0.045,0.9599310885968811,2133
0.045,1.1344640137963142,2461
0.045,1.308996938995747,2475
0.045,1.4835298641951802,2445
0.045,1.658062789394613,2539
0.045,1.8325957145940461,2472
0.045,2.007128639793479,2221
0.045,2.181661564992912,2116
0.045,2.356194490192345,1925
0.045,2.530727415391778,1769
0.045,2.705260340591211,1523
0.045,2.879793265790644,1362
0.045,3.0543261909900767,1075
0.045,3.2288591161895095,901
0.045,3.4033920413889422,764
0.045,3.577924966588375,657
0.045,3.752457891787808,520
0.045,3.9269908169872414,435
0.045,4.101523742186675,343
0.045,4.276056667386107,356
0.045,4.4505895925855405,362
0.045,4.625122517784973,322
0.045,4.799655442984406,357
0.045,4.974188368183839,338
0.045,5.148721293383272,367
0.045,5.323254218582705,401
0.045,5.497787143782138,493
0.045,5.672320068981571,585
0.045,5.8468529941810035,637
0.045,6.021385919380437,740
0.045,6.19591884457987,881
0.055,0.08726646259971647,1184
0.055,0.2617993877991494,1396
0.055,0.4363323129985824,1642
0.055,0.6108652381980153,1848
0.055,0.7853981633974483,2133
0.055,0.9599310885968811,2274
0.055,1.1344640137963142,2502
0.055,1.308996938995747,2691
0.055,1.4835298641951802,2617
0.055,1.658062789394613,2547
0.055,1.8325957145940461,2503
0.055,2.007128639793479,2451
0.055,2.181661564992912,2255
0.055,2.356194490192345,2019
0.055,2.530727415391778,1831
0.055,2.705260340591211,1579
0.055,2.879793265790644,1419
0.055,3.0543261909900767,1182
0.055,3.2288591161895095,966
0.055,3.4033920413889422,797
0.055,3.577924966588375,652
0.055,3.752457891787808,607
0.055,3.9269908169872414,507
0.055,4.101523742186675,430
0.055,4.276056667386107,406
0.055,4.4505895925855405,372
0.055,4.625122517784973,388
0.055,4.799655442984406,357
0.055,4.974188368183839,391
0.055,5.148721293383272,431
0.055,5.323254218582705,468
0.055,5.497787143782138,470
0.055,5.672320068981571,582
0.055,5.8468529941810035,713
0.055,6.021385919380437,811
0.055,6.19591884457987,1010
0.065,0.08726646259971647,1322
0.065,0.2617993877991494,1450
0.065,0.4363323129985824,1708
0.065,0.6108652381980153,1983
0.065,0.7853981633974483,2286
0.065,0.9599310885968811,2453
0.065,1.1344640137963142,2707
0.065,1.308996938995747,2768
0.065,1.4835298641951802,2847
0.065,1.658062789394613,2893
0.065,1.8325957145940461,2716
0.065,2.007128639793479,2518
0.065,2.181661564992912,2396
0.065,2.356194490192345,2189
0.065,2.530727415391778,1891
0.065,2.705260340591211,1640
0.065,2.879793265790644,1466
0.065,3.0543261909900767,1305
0.065,3.2288591161895095,1016
0.065,3.4033920413889422,900
0.065,3.577924966588375,723
0.065,3.752457891787808,654
0.065,3.9269908169872414,487
0.065,4.101523742186675,450
0.065,4.276056667386107,381
0.065,4.4505895925855405,397
0.065,4.625122517784973,372
0.065,4.799655442984406,390
0.065,4.974188368183839,379
0.065,5.148721293383272,411
0.065,5.323254218582705,457
0.065,5.497787143782138,558
0.065,5.672320068981571,640
0.065,5.8468529941810035,753
0.065,6.021385919380437,862
0.065,6.19591884457987,1089
0.075,0.08726646259971647,1284
0.075,0.2617993877991494,1593
0.075,0.4363323129985824,1828
0.075,0.6108652381980153,2109
0.075,0.7853981633974483,2347
0.075,0.9599310885968811,2548
0.075,1.1344640137963142,2809
0.075,1.308996938995747,3094
0.075,1.4835298641951802,3137
0.075,1.658062789394613,3028
0.075,1.8325957145940461,2933
0.075,2.007128639793479,2775
0.075,2.181661564992912,2586
0.075,2.356194490192345,2336
0.075,2.530727415391778,2226
0.075,2.705260340591211,1875
0.075,2.879793265790644,1541
0.075,3.0543261909900767,1323
0.075,3.2288591161895095,1145
0.075,3.4033920413889422,991
0.075,3.577924966588375,823
0.075,3.752457891787808,631
0.075,3.9269908169872414,597
0.075,4.101523742186675,482
0.075,4.276056667386107,459
0.075,4.4505895925855405,428
0.075,4.625122517784973,423
0.075,4.799655442984406,424
0.075,4.974188368183839,463
0.075,5.148721293383272,471
0.075,5.323254218582705,554
0.075,5.497787143782138,577
0.075,5.672320068981571,671
0.075,5.8468529941810035,767
0.075,6.021385919380437,942
0.075,6.19591884457987,1161
0.085,0.08726646259971647,1464
0.085,0.2617993877991494,1732
0.085,0.4363323129985824,2077
0.085,0.6108652381980153,2379
0.085,0.7853981633974483,2641
0.085,0.9599310885968811,2823
0.085,1.1344640137963142,3025
0.085,1.308996938995747,3307
0.085,1.4835298641951802,3314
0.085,1.658062789394613,3310
0.085,1.8325957145940461,3303
0.085,2.007128639793479,3045
0.085,2.181661564992912,2888
0.085,2.356194490192345,2626
0.085,2.530727415391778,2354
0.085,2.705260340591211,2105
0.085,2.879793265790644,1727
0.085,3.0543261909900767,1477
0.085,3.2288591161895095,1175
0.085,3.4033920413889422,991
0.085,3.577924966588375,832
0.085,3.752457891787808,734
0.085,3.9269908169872414,640
0.085,4.101523742186675,541
0.085,4.276056667386107,502
0.085,4.4505895925855405,493
0.085,4.625122517784973,488
0.085,4.799655442984406,449
0.085,4.974188368183839,494
0.085,5.148721293383272,516
0.085,5.323254218582705,551
0.085,5.497787143782138,625
0.085,5.672320068981571,739
0.085,5.8468529941810035,854
0.085,6.021385919380437,982
0.085,6.19591884457987,1256
0.095,0.08726646259971647,1727
0.095,0.2617993877991494,1920
0.095,0.4363323129985824,2308
0.095,0.6108652381980153,2576
0.095,0.7853981633974483,2944
0.095,0.9599310885968811,3293
0.095,1.1344640137963142,3330
0.095,1.308996938995747,3626
0.095,1.4835298641951802,3686
0.095,1.658062789394613,3670
0.095,1.8325957145940461,3583
0.095,2.007128639793479,3422
0.095,2.181661564992912,3133
0.095,2.356194490192345,2772
0.095,2.530727415391778,2430
0.095,2.705260340591211,2135
0.095,2.879793265790644,1883
0.095,3.0543261909900767,1558
0.095,3.2288591161895095,1271
0.095,3.4033920413889422,1087
0.095,3.577924966588375,887
0.095,3.752457891787808,716
0.095,3.9269908169872414,699
0.095,4.101523742186675,611
0.095,4.276056667386107,557
0.095,4.4505895925855405,546
0.095,4.625122517784973,539
0.095,4.799655442984406,485
0.095,4.974188368183839,546
0.095,5.148721293383272,565
0.095,5.323254218582705,656
0.095,5.497787143782138,718
0.095,5.672320068981571,807
0.095,5.8468529941810035,979
0.095,6.021385919380437,1134
0.095,6.19591884457987,1445
0.105,0.08726646259971647,1833
0.105,0.2617993877991494,2097
0.105,0.4363323129985824,2453
0.105,0.6108652381980153,2943
0.105,0.7853981633974483,3183
0.105,0.9599310885968811,3607
0.105,1.1344640137963142,3670
0.105,1.308996938995747,3830
0.105,1.4835298641951802,3996
0.105,1.658062789394613,4080
0.105,1.8325957145940461,3879
0.105,2.007128639793479,3781
0.105,2.181661564992912,3371
0.105,2.356194490192345,3145
0.105,2.530727415391778,2729
0.105,2.705260340591211,2397
0.105,2.879793265790644,2027
0.105,3.0543261909900767,1785
0.105,3.2288591161895095,1475
0.105,3.4033920413889422,1221
0.105,3.577924966588375,1060
0.105,3.752457891787808,907
0.105,3.9269908169872414,762
0.105,4.101523742186675,705
0.105,4.276056667386107,621
0.105,4.4505895925855405,591
0.105,4.625122517784973,566
0.105,4.799655442984406,596
0.105,4.974188368183839,573
0.105,5.148721293383272,630
0.105,5.323254218582705,681
0.105,5.497787143782138,829
0.105,5.672320068981571,888
0.105,5.8468529941810035,1068
0.105,6.021385919380437,1318
0.105,6.19591884457987,1532
0.115,0.08726646259971647,2188
0.115,0.2617993877991494,2468
0.115,0.4363323129985824,2756
0.115,0.6108652381980153,3111
0.115,0.7853981633974483,3589
0.115,0.9599310885968811,3862
0.115,1.1344640137963142,4026
0.115,1.308996938995747,4305
0.115,1.4835298641951802,4353
0.115,1.658062789394613,4226
0.115,1.8325957145940461,4285
0.115,2.007128639793479,4116
0.115,2.181661564992912,3717
0.115,2.356194490192345,3336
0.115,2.530727415391778,3065
0.115,2.705260340591211,2638
0.115,2.879793265790644,2258
0.115,3.0543261909900767,1901
0.115,3.2288591161895095,1607
0.115,3.4033920413889422,1336
0.115,3.577924966588375,1210
0.115,3.752457891787808,960
0.115,3.9269908169872414,836
0.115,4.101523742186675,746
0.115,4.276056667386107,692
0.115,4.4505895925855405,634
0.115,4.625122517784973,617
0.115,4.799655442984406,610
0.115,4.974188368183839,620
0.115,5.148721293383272,751
0.115,5.323254218582705,722
0.115,5.497787143782138,930
0.115,5.672320068981571,1069
0.115,5.8468529941810035,1186
0.115,6.021385919380437,1484
0.115,6.19591884457987,1859
0.125,0.08726646259971647,2275
0.125,0.2617993877991494,2674
0.125,0.4363323129985824,3199
0.125,0.6108652381980153,3552
0.125,0.7853981633974483,3829
0.125,0.9599310885968811,4235
0.125,1.1344640137963142,4495
0.125,1.308996938995747,4661
0.125,1.4835298641951802,4794
0.125,1.658062789394613,4888
0.125,1.8325957145940461,4646
0.125,2.007128639793479,4500
0.125,2.181661564992912,4073
0.125,2.356194490192345,3815
0.125,2.530727415391778,3379
0.125,2.705260340591211,2918
0.125,2.879793265790644,2573
0.125,3.0543261909900767,2190
0.125,3.2288591161895095,1814
0.125,3.4033920413889422,1496
0.125,3.577924966588375,1224
0.125,3.752457891787808,1071
0.125,3.9269908169872414,991
0.125,4.101523742186675,798
0.125,4.276056667386107,757
0.125,4.4505895925855405,667
0.125,4.625122517784973,690
0.125,4.799655442984406,687
0.125,4.974188368183839,737
0.125,5.148721293383272,751
0.125,5.323254218582705,804
0.125,5.497787143782138,1016
0.125,5.672320068981571,1068
0.125,5.8468529941810035,1319
0.125,6.021385919380437,1625
0.125,6.19591884457987,1965
0.135,0.08726646259971647,2494
0.135,0.2617993877991494,2971
0.135,0.4363323129985824,3347
0.135,0.6108652381980153,3889
0.135,0.7853981633974483,4295
0.135,0.9599310885968811,4604
0.135,1.1344640137963142,5049
0.135,1.308996938995747,5270
0.135,1.4835298641951802,5346
0.135,1.658062789394613,5150
0.135,1.8325957145940461,4988
0.135,2.007128639793479,4964
0.135,2.181661564992912,4570
0.135,2.356194490192345,4121
0.135,2.530727415391778,3635
0.135,2.705260340591211,3303
0.135,2.879793265790644,2857
0.135,3.0543261909900767,2455
0.135,3.2288591161895095,2040
0.135,3.4033920413889422,1785
0.135,3.577924966588375,1458
0.135,3.752457891787808,1175
0.135,3.9269908169872414,1045
0.135,4.101523742186675,883
0.135,4.276056667386107,840
0.135,4.4505895925855405,737
0.135,4.625122517784973,729
0.135,4.799655442984406,755
0.135,4.974188368183839,765
0.135,5.148721293383272,794
0.135,5.323254218582705,940
0.135,5.497787143782138,1061
0.135,5.672320068981571,1150
0.135,5.8468529941810035,1513
0.135,6.021385919380437,1723
0.135,6.19591884457987,2138
0.145,0.08726646259971647,2701
0.145,0.2617993877991494,3154
0.145,0.4363323129985824,3749
0.145,0.6108652381980153,4121
0.145,0.7853981633974483,4653
0.145,0.9599310885968811,5070
0.145,1.1344640137963142,5537
0.145,1.308996938995747,5664
0.145,1.4835298641951802,5873
0.145,1.658062789394613,5850
0.145,1.8325957145940461,5553
0.145,2.007128639793479,5444
0.145,2.181661564992912,5097
0.145,2.356194490192345,4552
0.145,2.530727415391778,4182
0.145,2.705260340591211,3610
0.145,2.879793265790644,3174
0.145,3.0543261909900767,2662
0.145,3.2288591161895095,2293
0.145,3.4033920413889422,1762
0.145,3.577924966588375,1638
0.145,3.752457891787808,1300
0.145,3.9269908169872414,1116
0.145,4.101523742186675,948
0.145,4.276056667386107,858
0.145,4.4505895925855405,862
0.145,4.625122517784973,809
0.145,4.799655442984406,822
0.145,4.974188368183839,817
0.145,5.148721293383272,872
0.145,5.323254218582705,1061
0.145,5.497787143782138,1145
0.145,5.672320068981571,1380
0.145,5.8468529941810035,1500
0.145,6.021385919380437,1907
0.145,6.19591884457987,2359
0.155,0.08726646259971647,2858
0.155,0.2617993877991494,3485
0.155,0.4363323129985824,3968
0.155,0.6108652381980153,4607
0.155,0.7853981633974483,5161
0.155,0.9599310885968811,5618
0.155,1.1344640137963142,6106
0.155,1.308996938995747,6446
0.155,1.4835298641951802,6527
0.155,1.658062789394613,6439
0.155,1.8325957145940461,6321
0.155,2.007128639793479,5891
0.155,2.181661564992912,5568
0.155,2.356194490192345,5151
0.155,2.530727415391778,4654
0.155,2.705260340591211,4075
0.155,2.879793265790644,3507
0.155,3.0543261909900767,2926
0.155,3.2288591161895095,2484
0.155,3.4033920413889422,2101
0.155,3.577924966588375,1815
0.155,3.752457891787808,1494
0.155,3.9269908169872414,1220
0.155,4.101523742186675,1114
0.155,4.276056667386107,967
0.155,4.4505895925855405,945
0.155,4.625122517784973,893
0.155,4.799655442984406,874
0.155,4.974188368183839,888
0.155,5.148721293383272,962
0.155,5.323254218582705,1077
0.155,5.497787143782138,1188
0.155,5.672320068981571,1412
0.155,5.8468529941810035,1790
0.155,6.021385919380437,2044
0.155,6.19591884457987,2456
0.165,0.08726646259971647,3318
0.165,0.2617993877991494,3743
0.165,0.4363323129985824,4515
0.165,0.6108652381980153,5036
0.165,0.7853981633974483,5664
0.165,0.9599310885968811,6146
0.165,1.1344640137963142,6554
0.165,1.308996938995747,7108
0.165,1.4835298641951802,7069
0.165,1.658062789394613,6993
0.165,1.8325957145940461,6901
0.165,2.007128639793479,6546
0.165,2.181661564992912,6184
0.165,2.356194490192345,5766
0.165,2.530727415391778,4996
0.165,2.705260340591211,4480
0.165,2.879793265790644,3899
0.165,3.0543261909900767,3444
0.165,3.2288591161895095,2789
0.165,3.4033920413889422,2357
0.165,3.577924966588375,2062
0.165,3.752457891787808,1603
0.165,3.9269908169872414,1403
0.165,4.101523742186675,1207
0.165,4.276056667386107,1069
0.165,4.4505895925855405,919
0.165,4.625122517784973,1026
0.165,4.799655442984406,966
0.165,4.974188368183839,1030
0.165,5.148721293383272,997
0.165,5.323254218582705,1179
0.165,5.497787143782138,1332
0.165,5.672320068981571,1608
0.165,5.8468529941810035,1900
0.165,6.021385919380437,2239
0.165,6.19591884457987,2647
0.175,0.08726646259971647,3474
0.175,0.2617993877991494,4192
0.175,0.4363323129985824,4933
0.175,0.6108652381980153,5583
0.175,0.7853981633974483,6087
0.175,0.9599310885968811,6894
0.175,1.1344640137963142,7277
0.175,1.308996938995747,7562
0.175,1.4835298641951802,7768
0.175,1.658062789394613,7807
0.175,1.8325957145940461,7600
0.175,2.007128639793479,7245
0.175,2.181661564992912,6900
0.175,2.356194490192345,6294
0.175,2.530727415391778,5547
0.175,2.705260340591211,4945
0.175,2.879793265790644,4230
0.175,3.0543261909900767,3718
0.175,3.2288591161895095,3230
0.175,3.4033920413889422,2496
0.175,3.577924966588375,2218
0.175,3.752457891787808,1852
0.175,3.9269908169872414,1563
0.175,4.101523742186675,1283
0.175,4.276056667386107,1216
0.175,4.4505895925855405,1127
0.175,4.625122517784973,1027
0.175,4.799655442984406,1071
0.175,4.974188368183839,1136
0.175,5.148721293383272,1160
0.175,5.323254218582705,1267
0.175,5.497787143782138,1437
0.175,5.672320068981571,1690
0.175,5.8468529941810035,2058
0.175,6.021385919380437,2480
0.175,6.19591884457987,2854
0.185,0.08726646259971647,3852
0.185,0.2617993877991494,4652
0.185,0.4363323129985824,5271
0.185,0.6108652381980153,6127
0.185,0.7853981633974483,6876
0.185,0.9599310885968811,7522
0.185,1.1344640137963142,7977
0.185,1.308996938995747,8227
0.185,1.4835298641951802,8521
0.185,1.658062789394613,8583
0.185,1.8325957145940461,8227
0.185,2.007128639793479,7988
0.185,2.181661564992912,7480
0.185,2.356194490192345,7214
0.185,2.530727415391778,6226
0.185,2.705260340591211,5370
0.185,2.879793265790644,4737
0.185,3.0543261909900767,4090
0.185,3.2288591161895095,3361
0.185,3.4033920413889422,2803
0.185,3.577924966588375,2354
0.185,3.752457891787808,1961
0.185,3.9269908169872414,1621
0.185,4.101523742186675,1371
0.185,4.276056667386107,1306
0.185,4.4505895925855405,1161
0.185,4.625122517784973,1124
0.185,4.799655442984406,1131
0.185,4.974188368183839,1163
0.185,5.148721293383272,1292
0.185,5.323254218582705,1400
0.185,5.497787143782138,1548
0.185,5.672320068981571,1890
0.185,5.8468529941810035,2312
0.185,6.021385919380437,2698
0.185,6.19591884457987,3227
0.195,0.08726646259971647,4261
0.195,0.2617993877991494,5012
0.195,0.4363323129985824,5970
0.195,0.6108652381980153,6850
0.195,0.7853981633974483,7420
0.195,0.9599310885968811,8198
0.195,1.1344640137963142,8499
0.195,1.308996938995747,9126
0.195,1.4835298641951802,9237
0.195,1.658062789394613,9235
0.195,1.8325957145940461,8890
0.195,2.007128639793479,8506
0.195,2.181661564992912,8024
0.195,2.356194490192345,7355
0.195,2.530727415391778,6687
0.195,2.705260340591211,5959
0.195,2.879793265790644,5142
0.195,3.0543261909900767,4317
0.195,3.2288591161895095,3636
0.195,3.4033920413889422,3079
0.195,3.577924966588375,2514
0.195,3.752457891787808,2067
0.195,3.9269908169872414,1877
0.195,4.101523742186675,1577
0.195,4.276056667386107,1317
0.195,4.4505895925855405,1159
0.195,4.625122517784973,1205
0.195,4.799655442984406,1202
0.195,4.974188368183839,1314
0.195,5.148721293383272,1286
0.195,5.323254218582705,1517
0.195,5.497787143782138,1789
0.195,5.672320068981571,2075
0.195,5.8468529941810035,2514
0.195,6.021385919380437,2900
0.195,6.19591884457987,3559
0.205,0.08726646259971647,4561
0.205,0.2617993877991494,5625
0.205,0.4363323129985824,6522
0.205,0.6108652381980153,7450
0.205,0.7853981633974483,8275
0.205,0.9599310885968811,8862
0.205,1.1344640137963142,9270
0.205,1.308996938995747,9703
0.205,1.4835298641951802,9847
0.205,1.658062789394613,9806
0.205,1.8325957145940461,9831
0.205,2.007128639793479,9164
0.205,2.181661564992912,8733
0.205,2.356194490192345,8205
0.205,2.530727415391778,7198
0.205,2.705260340591211,6314
0.205,2.879793265790644,5479
0.205,3.0543261909900767,4670
0.205,3.2288591161895095,3938
0.205,3.4033920413889422,3348
0.205,3.577924966588375,2698
0.205,3.752457891787808,2314
0.205,3.9269908169872414,1961
0.205,4.101523742186675,1558
0.205,4.276056667386107,1441
0.205,4.4505895925855405,1392
0.205,4.625122517784973,1276
0.205,4.799655442984406,1302
0.205,4.974188368183839,1385
0.205,5.148721293383272,1510
0.205,5.323254218582705,1676
0.205,5.497787143782138,1891
0.205,5.672320068981571,2236
0.205,5.8468529941810035,2688
0.205,6.021385919380437,3291
0.205,6.19591884457987,3876
0.215,0.08726646259971647,4958
0.215,0.2617993877991494,5718
0.215,0.4363323129985824,6763
0.215,0.6108652381980153,7700
0.215,0.7853981633974483,8423
0.215,0.9599310885968811,9273
0.215,1.1344640137963142,10142
0.215,1.308996938995747,10683
0.215,1.4835298641951802,10841
0.215,1.658062789394613,10754
0.215,1.8325957145940461,10450
0.215,2.007128639793479,10025
0.215,2.181661564992912,9281
0.215,2.356194490192345,8648
0.215,2.530727415391778,7699
0.215,2.705260340591211,6691
0.215,2.879793265790644,5728
0.215,3.0543261909900767,4924
0.215,3.2288591161895095,4195
0.215,3.4033920413889422,3552
0.215,3.577924966588375,2927
0.215,3.752457891787808,2351
0.215,3.9269908169872414,2035
0.215,4.101523742186675,1765
0.215,4.276056667386107,1609
0.215,4.4505895925855405,1451
0.215,4.625122517784973,1397
0.215,4.799655442984406,1443
0.215,4.974188368183839,1474
0.215,5.148721293383272,1598
0.215,5.323254218582705,1810
0.215,5.497787143782138,2030
0.215,5.672320068981571,2483
0.215,5.8468529941810035,2943
0.215,6.021385919380437,3443
0.215,6.19591884457987,4047
0.225,0.08726646259971647,5401
0.225,0.2617993877991494,6257
0.225,0.4363323129985824,7155
0.225,0.6108652381980153,8167
0.225,0.7853981633974483,9224
0.225,0.9599310885968811,9912
0.225,1.1344640137963142,10666
0.225,1.308996938995747,11279
0.225,1.4835298641951802,11427
0.225,1.658062789394613,11288
0.225,1.8325957145940461,10958
0.225,2.007128639793479,10689
0.225,2.181661564992912,9891
0.225,2.356194490192345,9002
0.225,2.530727415391778,8062
0.225,2.705260340591211,7089
0.225,2.879793265790644,6118
0.225,3.0543261909900767,5305
0.225,3.2288591161895095,4527
0.225,3.4033920413889422,3738
0.225,3.577924966588375,3153
0.225,3.752457891787808,2558
0.225,3.9269908169872414,2165
0.225,4.101523742186675,1955
0.225,4.276056667386107,1765
0.225,4.4505895925855405,1552
0.225,4.625122517784973,1535
0.225,4.799655442984406,1495
0.225,4.974188368183839,1528
0.225,5.148721293383272,1712
0.225,5.323254218582705,1992
0.225,5.497787143782138,2255
0.225,5.672320068981571,2725
0.225,5.8468529941810035,3105
0.225,6.021385919380437,3664
0.225,6.19591884457987,4544
0.235,0.08726646259971647,5662
0.235,0.2617993877991494,6617
0.235,0.4363323129985824,7763
0.235,0.6108652381980153,8759
0.235,0.7853981633974483,9633
0.235,0.9599310885968811,10451
0.235,1.1344640137963142,11183
0.235,1.308996938995747,11733
0.235,1.4835298641951802,11885
0.235,1.658062789394613,11839
0.235,1.8325957145940461,11420
0.235,2.007128639793479,11122
0.235,2.181661564992912,10484
0.235,2.356194490192345,9465
0.235,2.530727415391778,8692
0.235,2.705260340591211,7438
0.235,2.879793265790644,6514
0.235,3.0543261909900767,5599
0.235,3.2288591161895095,4781
0.235,3.4033920413889422,3895
0.235,3.577924966588375,3313
0.235,3.752457891787808,2789
0.235,3.9269908169872414,2342
0.235,4.101523742186675,2069
0.235,4.276056667386107,1855
0.235,4.4505895925855405,1662
0.235,4.625122517784973,1591
0.235,4.799655442984406,1750
0.235,4.974188368183839,1673
0.235,5.148721293383272,1867
0.235,5.323254218582705,2076
0.235,5.497787143782138,2491
0.235,5.672320068981571,2906
0.235,5.8468529941810035,3313
0.235,6.021385919380437,3845
0.235,6.19591884457987,4612
0.245,0.08726646259971647,5969
0.245,0.2617993877991494,7163
0.245,0.4363323129985824,8179
0.245,0.6108652381980153,9259
0.245,0.7853981633974483,10263
0.245,0.9599310885968811,11273
0.245,1.1344640137963142,11827
0.245,1.308996938995747,12641
0.245,1.4835298641951802,12498
0.245,1.658062789394613,12581
0.245,1.8325957145940461,12361
0.245,2.007128639793479,11744
0.245,2.181661564992912,10965
0.245,2.356194490192345,10048
0.245,2.530727415391778,8984
0.245,2.705260340591211,8041
0.245,2.879793265790644,6877
0.245,3.0543261909900767,5801
0.245,3.2288591161895095,4959
0.245,3.4033920413889422,4041
0.245,3.577924966588375,3484
0.245,3.752457891787808,2916
0.245,3.9269908169872414,2586
0.245,4.101523742186675,2291
0.245,4.276056667386107,2058
0.245,4.4505895925855405,1848
0.245,4.625122517784973,1775
0.245,4.799655442984406,1811
0.245,4.974188368183839,1777
0.245,5.148721293383272,1993
0.245,5.323254218582705,2190
0.245,5.497787143782138,2585
0.245,5.672320068981571,2971
0.245,5.8468529941810035,3527
0.245,6.021385919380437,4289
0.245,6.19591884457987,5032
0.255,0.08726646259971647,6170
0.255,0.2617993877991494,7332
0.255,0.4363323129985824,8545
0.255,0.6108652381980153,9659
0.255,0.7853981633974483,10904
0.255,0.9599310885968811,11923
0.255,1.1344640137963142,12803
0.255,1.308996938995747,13203
0.255,1.4835298641951802,13313
0.255,1.658062789394613,13409
0.255,1.8325957145940461,13029
0.255,2.007128639793479,12406
0.255,2.181661564992912,11431
0.255,2.356194490192345,10433
0.255,2.530727415391778,9530
0.255,2.705260340591211,8383
0.255,2.879793265790644,7160
0.255,3.0543261909900767,6014
0.255,3.2288591161895095,5158
0.255,3.4033920413889422,4323
0.255,3.577924966588375,3699
0.255,3.752457891787808,3089
0.255,3.9269908169872414,2683
0.255,4.101523742186675,2258
0.255,4.276056667386107,2117
0.255,4.4505895925855405,1962
0.255,4.625122517784973,1889
0.255,4.799655442984406,1875
0.255,4.974188368183839,1959
0.255,5.148721293383272,2122
0.255,5.323254218582705,2379
0.255,5.497787143782138,2712
0.255,5.672320068981571,3150
0.255,5.8468529941810035,3585
0.255,6.021385919380437,4191
0.255,6.19591884457987,5391
0.265,0.08726646259971647,6464
0.265,0.2617993877991494,7667
0.265,0.4363323129985824,8778
0.265,0.6108652381980153,10186
0.265,0.7853981633974483,11482
0.265,0.9599310885968811,12538
0.265,1.1344640137963142,13472
0.265,1.308996938995747,13967
0.265,1.4835298641951802,14181
0.265,1.658062789394613,14191
0.265,1.8325957145940461,13828
0.265,2.007128639793479,13287
0.265,2.181661564992912,12453
0.265,2.356194490192345,11366
0.265,2.530727415391778,10113
0.265,2.705260340591211,8805
0.265,2.879793265790644,7471
0.265,3.0543261909900767,6359
0.265,3.2288591161895095,5496
0.265,3.4033920413889422,4629
0.265,3.577924966588375,3839
0.265,3.752457891787808,3217
0.265,3.9269908169872414,2741
0.265,4.101523742186675,2478
0.265,4.276056667386107,2209
0.265,4.4505895925855405,1982
0.265,4.625122517784973,1909
0.265,4.799655442984406,1953
0.265,4.974188368183839,2041
0.265,5.148721293383272,2178
0.265,5.323254218582705,2401
0.265,5.497787143782138,2846
0.265,5.672320068981571,3225
0.265,5.8468529941810035,3883
0.265,6.021385919380437,4716
0.265,6.19591884457987,5471
0.275,0.08726646259971647,6889
0.275,0.2617993877991494,8146
0.275,0.4363323129985824,9354
0.275,0.6108652381980153,10407
0.275,0.7853981633974483,11920
0.275,0.9599310885968811,13043
0.275,1.1344640137963142,13838
0.275,1.308996938995747,14770
0.275,1.4835298641951802,15084
0.275,1.658062789394613,14955
0.275,1.8325957145940461,14362
0.275,2.007128639793479,13803
0.275,2.181661564992912,12926
0.275,2.356194490192345,11963
0.275,2.530727415391778,10685
0.275,2.705260340591211,9267
0.275,2.879793265790644,7841
0.275,3.0543261909900767,6854
0.275,3.2288591161895095,5801
0.275,3.4033920413889422,4826
0.275,3.577924966588375,3924
0.275,3.752457891787808,3433
0.275,3.9269908169872414,2982
0.275,4.101523742186675,2479
0.275,4.276056667386107,2314
0.275,4.4505895925855405,2156
0.275,4.625122517784973,2034
0.275,4.799655442984406,2089
0.275,4.974188368183839,2277
0.275,5.148721293383272,2295
0.275,5.323254218582705,2634
0.275,5.497787143782138,2937
0.275,5.672320068981571,3442
0.275,5.8468529941810035,3919
0.275,6.021385919380437,4856
0.275,6.19591884457987,5699
0.285,0.08726646259971647,7326
0.285,0.2617993877991494,8438
0.285,0.4363323129985824,9836
0.285,0.6108652381980153,11302
0.285,0.7853981633974483,12491
0.285,0.9599310885968811,13781
0.285,1.1344640137963142,14894
0.285,1.308996938995747,15458
0.285,1.4835298641951802,15673
0.285,1.658062789394613,15769
0.285,1.8325957145940461,15255
0.285,2.007128639793479,14546
0.285,2.181661564992912,13795
0.285,2.356194490192345,12337
0.285,2.530727415391778,11145
0.285,2.705260340591211,9855
0.285,2.879793265790644,8397
0.285,3.0543261909900767,7201
0.285,3.2288591161895095,6017
0.285,3.4033920413889422,5244
0.285,3.577924966588375,4248
0.285,3.752457891787808,3458
0.285,3.9269908169872414,3022
0.285,4.101523742186675,2649
0.285,4.276056667386107,2391
0.285,4.4505895925855405,2177
0.285,4.625122517784973,2117
0.285,4.799655442984406,2255
0.285,4.974188368183839,2340
0.285,5.148721293383272,2428
0.285,5.323254218582705,2684
0.285,5.497787143782138,3064
0.285,5.672320068981571,3643
0.285,5.8468529941810035,4151
0.285,6.021385919380437,4961
0.285,6.19591884457987,6016
0.295,0.08726646259971647,7283
0.295,0.2617993877991494,8878
0.295,0.4363323129985824,10506
0.295,0.6108652381980153,11911
0.295,0.7853981633974483,13102
0.295,0.9599310885968811,14358
0.295,1.1344640137963142,15476
0.295,1.308996938995747,16041
0.295,1.4835298641951802,16351
0.295,1.658062789394613,16619
0.295,1.8325957145940461,16188
0.295,2.007128639793479,15354
0.295,2.181661564992912,14633
0.295,2.356194490192345,13165
0.295,2.530727415391778,11748
0.295,2.705260340591211,10335
0.295,2.879793265790644,8748
0.295,3.0543261909900767,7644
0.295,3.2288591161895095,6347
0.295,3.4033920413889422,5389
0.295,3.577924966588375,4611
0.295,3.752457891787808,3866
0.295,3.9269908169872414,3242
0.295,4.101523742186675,2846
0.295,4.276056667386107,2611
0.295,4.4505895925855405,2361
0.295,4.625122517784973,2201
0.295,4.799655442984406,2334
0.295,4.974188368183839,2444
0.295,5.148721293383272,2630
0.295,5.323254218582705,2772
0.295,5.497787143782138,3215
0.295,5.672320068981571,3834
0.295,5.8468529941810035,4388
0.295,6.021385919380437,5271
0.295,6.19591884457987,6174
0.305,0.08726646259971647,7824
0.305,0.2617993877991494,9299
0.305,0.4363323129985824,10932
0.305,0.6108652381980153,12468
0.305,0.7853981633974483,13727
0.305,0.9599310885968811,15300
0.305,1.1344640137963142,16487
0.305,1.308996938995747,17036
0.305,1.4835298641951802,17399
0.305,1.658062789394613,17676
0.305,1.8325957145940461,17359
0.305,2.007128639793479,16430
0.305,2.181661564992912,15037
0.305,2.356194490192345,13745
0.305,2.530727415391778,12277
0.305,2.705260340591211,10827
0.305,2.879793265790644,9403
0.305,3.0543261909900767,7848
0.305,3.2288591161895095,6716
0.305,3.4033920413889422,5508
0.305,3.577924966588375,4689
0.305,3.752457891787808,3857
0.305,3.9269908169872414,3296
0.305,4.101523742186675,2980
0.305,4.276056667386107,2705
0.305,4.4505895925855405,2536
0.305,4.625122517784973,2432
0.305,4.799655442984406,2489
0.305,4.974188368183839,2588
0.305,5.148721293383272,2772
0.305,5.323254218582705,3076
0.305,5.497787143782138,3392
0.305,5.672320068981571,4070
0.305,5.8468529941810035,4758
0.305,6.021385919380437,5574
0.305,6.19591884457987,6638
0.315,0.08726646259971647,8228
0.315,0.2617993877991494,9599
0.315,0.4363323129985824,11452
0.315,0.6108652381980153,12952
0.315,0.7853981633974483,14520
0.315,0.9599310885968811,15849
0.315,1.1344640137963142,17217
0.315,1.308996938995747,18158
0.315,1.4835298641951802,18760
0.315,1.658062789394613,18687
0.315,1.8325957145940461,18208
0.315,2.007128639793479,17314
0.315,2.181661564992912,15984
0.315,2.356194490192345,14622
0.315,2.530727415391778,13282
0.315,2.705260340591211,11629
0.315,2.879793265790644,10044
0.315,3.0543261909900767,8331
0.315,3.2288591161895095,7056
0.315,3.4033920413889422,5737
0.315,3.577924966588375,4886
0.315,3.752457891787808,4135
0.315,3.9269908169872414,3582
0.315,4.101523742186675,3151
0.315,4.276056667386107,2828
0.315,4.4505895925855405,2680
0.315,4.625122517784973,2618
0.315,4.799655442984406,2604
0.315,4.974188368183839,2743
0.315,5.148721293383272,2875
0.315,5.323254218582705,3145
0.315,5.497787143782138,3643
0.315,5.672320068981571,4156
0.315,5.8468529941810035,4996
0.315,6.021385919380437,5867
0.315,6.19591884457987,7031
0.325,0.08726646259971647,8751
0.325,0.2617993877991494,10464
0.325,0.4363323129985824,11831
0.325,0.6108652381980153,13632
0.325,0.7853981633974483,15137
0.325,0.9599310885968811,16690
0.325,1.1344640137963142,18072
0.325,1.308996938995747,19264
0.325,1.4835298641951802,19503
0.325,1.658062789394613,19343
0.325,1.8325957145940461,19212
0.325,2.007128639793479,18244
0.325,2.181661564992912,16801
0.325,2.356194490192345,15717
0.325,2.530727415391778,13874
0.325,2.705260340591211,12184
0.325,2.879793265790644,10480
0.325,3.0543261909900767,8877
0.325,3.2288591161895095,7418
0.325,3.4033920413889422,6231
0.325,3.577924966588375,5253
0.325,3.752457891787808,4335
0.325,3.9269908169872414,3727
0.325,4.101523742186675,3302
0.325,4.276056667386107,3021
0.325,4.4505895925855405,2834
0.325,4.625122517784973,2773
0.325,4.799655442984406,2706
0.325,4.974188368183839,2845
0.325,5.148721293383272,3006
0.325,5.323254218582705,3289
0.325,5.497787143782138,3803
0.325,5.672320068981571,4456
0.325,5.8468529941810035,5146
0.325,6.021385919380437,6223
0.325,6.19591884457987,7351
0.335,0.08726646259971647,9185
0.335,0.2617993877991494,10873
0.335,0.4363323129985824,12423
0.335,0.6108652381980153,14208
0.335,0.7853981633974483,16149
0.335,0.9599310885968811,17539
0.335,1.1344640137963142,18862
0.335,1.308996938995747,20320
0.335,1.4835298641951802,20626
0.335,1.658062789394613,20482
0.335,1.8325957145940461,20174
0.335,2.007128639793479,19350
0.335,2.181661564992912,17817
0.335,2.356194490192345,16164
0.335,2.530727415391778,14398
0.335,2.705260340591211,12728
0.335,2.879793265790644,11245
0.335,3.0543261909900767,9228
0.335,3.2288591161895095,7861
0.335,3.4033920413889422,6498
0.335,3.577924966588375,5430
0.335,3.752457891787808,4570
0.335,3.9269908169872414,4012
0.335,4.101523742186675,3500
0.335,4.276056667386107,3058
0.335,4.4505895925855405,2919
0.335,4.625122517784973,2797
0.335,4.799655442984406,2951
0.335,4.974188368183839,3016
0.335,5.148721293383272,3194
0.335,5.323254218582705,3524
0.335,5.497787143782138,3927
0.335,5.672320068981571,4750
0.335,5.8468529941810035,5614
0.335,6.021385919380437,6493
0.335,6.19591884457987,7560
0.345,0.08726646259971647,9768
0.345,0.2617993877991494,11604
0.345,0.4363323129985824,13311
0.345,0.6108652381980153,15245
0.345,0.7853981633974483,17056
0.345,0.9599310885968811,18512
0.345,1.1344640137963142,20111
0.345,1.308996938995747,21029
0.345,1.4835298641951802,21479
0.345,1.658062789394613,21601
0.345,1.8325957145940461,21240
0.345,2.007128639793479,20493
0.345,2.181661564992912,18546
0.345,2.356194490192345,17184
0.345,2.530727415391778,15253
0.345,2.705260340591211,13371
0.345,2.879793265790644,11320
0.345,3.0543261909900767,9831
0.345,3.2288591161895095,8311
0.345,3.4033920413889422,6870
0.345,3.577924966588375,5755
0.345,3.752457891787808,4715
0.345,3.9269908169872414,4095
0.345,4.101523742186675,3632
0.345,4.276056667386107,3209
0.345,4.4505895925855405,3025
0.345,4.625122517784973,2892
0.345,4.799655442984406,2894
0.345,4.974188368183839,3065
0.345,5.148721293383272,3233
0.345,5.323254218582705,3705
0.345,5.497787143782138,4299
0.345,5.672320068981571,4873
0.345,5.8468529941810035,5837
0.345,6.021385919380437,6886
0.345,6.19591884457987,8079
0.355,0.08726646259971647,10161
0.355,0.2617993877991494,12276
0.355,0.4363323129985824,14149
0.355,0.6108652381980153,16126
0.355,0.7853981633974483,18007
0.355,0.9599310885968811,19417
0.355,1.1344640137963142,21212
0.355,1.308996938995747,22065
0.355,1.4835298641951802,22552
0.355,1.658062789394613,22573
0.355,1.8325957145940461,22081
0.355,2.007128639793479,20799
0.355,2.181661564992912,19533
0.355,2.356194490192345,17664
0.355,2.530727415391778,15949
0.355,2.705260340591211,13970
0.355,2.879793265790644,12053
0.355,3.0543261909900767,10237
0.355,3.2288591161895095,8465
0.355,3.4033920413889422,7121
0.355,3.577924966588375,5927
0.355,3.752457891787808,4991
0.355,3.9269908169872414,4303
0.355,4.101523742186675,3713
0.355,4.276056667386107,3480
0.355,4.4505895925855405,3263
0.355,4.625122517784973,3121
0.355,4.799655442984406,3130
0.355,4.974188368183839,3174
0.355,5.148721293383272,3421
0.355,5.323254218582705,3764
0.355,5.497787143782138,4341
0.355,5.672320068981571,4953
0.355,5.8468529941810035,6021
0.355,6.021385919380437,7185
0.355,6.19591884457987,8712
0.365,0.08726646259971647,10943
0.365,0.2617993877991494,12733
0.365,0.4363323129985824,14726
0.365,0.6108652381980153,17208
0.365,0.7853981633974483,18861
0.365,0.9599310885968811,20834
0.365,1.1344640137963142,22190
0.365,1.308996938995747,23482
0.365,1.4835298641951802,23989
0.365,1.658062789394613,24013
0.365,1.8325957145940461,22989
0.365,2.007128639793479,22340
0.365,2.181661564992912,20511
0.365,2.356194490192345,18187
0.365,2.530727415391778,16692
0.365,2.705260340591211,14605
0.365,2.879793265790644,12623
0.365,3.0543261909900767,10885
0.365,3.2288591161895095,9007
0.365,3.4033920413889422,7442
0.365,3.577924966588375,6156
0.365,3.752457891787808,5161
0.365,3.9269908169872414,4418
0.365,4.101523742186675,4083
0.365,4.276056667386107,3642
0.365,4.4505895925855405,3241
0.365,4.625122517784973,3352
0.365,4.799655442984406,3190
0.365,4.974188368183839,3322
0.365,5.148721293383272,3556
0.365,5.323254218582705,4050
0.365,5.497787143782138,4670
0.365,5.672320068981571,5447
0.365,5.8468529941810035,6527
0.365,6.021385919380437,7608
0.365,6.19591884457987,9130
0.375,0.08726646259971647,11483
0.375,0.2617993877991494,13244
0.375,0.4363323129985824,15500
0.375,0.6108652381980153,17912
0.375,0.7853981633974483,19813
0.375,0.9599310885968811,21801
0.375,1.1344640137963142,23721
0.375,1.308996938995747,24957
0.375,1.4835298641951802,25347
0.375,1.658062789394613,25212
0.375,1.8325957145940461,24313
0.375,2.007128639793479,23395
0.375,2.181661564992912,21558
0.375,2.356194490192345,19554
0.375,2.530727415391778,17449
0.375,2.705260340591211,15484
0.375,2.879793265790644,13161
0.375,3.0543261909900767,11096
0.375,3.2288591161895095,9367
0.375,3.4033920413889422,7939
0.375,3.577924966588375,6544
0.375,3.752457891787808,5756
0.375,3.9269908169872414,4769
0.375,4.101523742186675,4248
0.375,4.276056667386107,3823
0.375,4.4505895925855405,3535
0.375,4.625122517784973,3316
0.375,4.799655442984406,3448
0.375,4.974188368183839,3592
0.375,5.148721293383272,3802
0.375,5.323254218582705,4269
0.375,5.497787143782138,4839
0.375,5.672320068981571,5648
0.375,5.8468529941810035,6769
0.375,6.021385919380437,7978
0.375,6.19591884457987,9523
0.385,0.08726646259971647,11775
0.385,0.2617993877991494,14003
0.385,0.4363323129985824,16170
0.385,0.6108652381980153,18709
0.385,0.7853981633974483,21065
0.385,0.9599310885968811,22858
0.385,1.1344640137963142,24582
0.385,1.308996938995747,25866
0.385,1.4835298641951802,26616
0.385,1.658062789394613,26397
0.385,1.8325957145940461,25786
0.385,2.007128639793479,24624
0.385,2.181661564992912,22785
0.385,2.356194490192345,20751
0.385,2.530727415391778,18536
0.385,2.705260340591211,16016
0.385,2.879793265790644,14154
0.385,3.0543261909900767,11838
0.385,3.2288591161895095,9932
0.385,3.4033920413889422,8360
0.385,3.577924966588375,7129
0.385,3.752457891787808,6067
0.385,3.9269908169872414,4988
0.385,4.101523742186675,4434
0.385,4.276056667386107,4169
0.385,4.4505895925855405,3690
0.385,4.625122517784973,3610
0.385,4.799655442984406,3643
0.385,4.974188368183839,3756
0.385,5.148721293383272,4082
0.385,5.323254218582705,4438
0.385,5.497787143782138,5132
0.385,5.672320068981571,6019
0.385,5.8468529941810035,7212
0.385,6.021385919380437,8595
0.385,6.19591884457987,10193
0.395,0.08726646259971647,12644
0.395,0.2617993877991494,14639
0.395,0.4363323129985824,17061
0.395,0.6108652381980153,19576
0.395,0.7853981633974483,21762
0.395,0.9599310885968811,24072
0.395,1.1344640137963142,26017
0.395,1.308996938995747,27264
0.395,1.4835298641951802,27859
0.395,1.658062789394613,27758
0.395,1.8325957145940461,27300
0.395,2.007128639793479,26003
0.395,2.181661564992912,24151
0.395,2.356194490192345,22069
0.395,2.530727415391778,19548
0.395,2.705260340591211,17096
0.395,2.879793265790644,14716
0.395,3.0543261909900767,12481
0.395,3.2288591161895095,10492
0.395,3.4033920413889422,8933
0.395,3.577924966588375,7465
0.395,3.752457891787808,6257
0.395,3.9269908169872414,5430
0.395,4.101523742186675,4785
0.395,4.276056667386107,4210
0.395,4.4505895925855405,4117
0.395,4.625122517784973,3912
0.395,4.799655442984406,3834
0.395,4.974188368183839,4059
0.395,5.148721293383272,4360
0.395,5.323254218582705,4579
0.395,5.497787143782138,5537
0.395,5.672320068981571,6354
0.395,5.8468529941810035,7494
0.395,6.021385919380437,8819
0.395,6.19591884457987,10607
0.405,0.08726646259971647,13058
0.405,0.2617993877991494,15596
0.405,0.4363323129985824,17844
0.405,0.6108652381980153,20583
0.405,0.7853981633974483,23168
0.405,0.9599310885968811,25375
0.405,1.1344640137963142,27161
0.405,1.308996938995747,28814
0.405,1.4835298641951802,29161
0.405,1.658062789394613,29443
0.405,1.8325957145940461,28602
0.405,2.007128639793479,26887
0.405,2.181661564992912,25293
0.405,2.356194490192345,23198
0.405,2.530727415391778,20774
0.405,2.705260340591211,18251
0.405,2.879793265790644,15493
0.405,3.0543261909900767,13286
0.405,3.2288591161895095,11448
0.405,3.4033920413889422,9241
0.405,3.577924966588375,7785
0.405,3.752457891787808,6526
0.405,3.9269908169872414,5593
0.405,4.101523742186675,4936
0.405,4.276056667386107,4521
0.405,4.4505895925855405,4207
0.405,4.625122517784973,4106
0.405,4.799655442984406,4001
0.405,4.974188368183839,4118
0.405,5.148721293383272,4540
0.405,5.323254218582705,4949
0.405,5.497787143782138,5547
0.405,5.672320068981571,6500
0.405,5.8468529941810035,7796
0.405,6.021385919380437,9169
0.405,6.19591884457987,10873
0.415,0.08726646259971647,13836
0.415,0.2617993877991494,16236
0.415,0.4363323129985824,18960
0.415,0.6108652381980153,21694
0.415,0.7853981633974483,24386
0.415,0.9599310885968811,26839
0.415,1.1344640137963142,28751
0.415,1.308996938995747,30166
0.415,1.4835298641951802,30788
0.415,1.658062789394613,30920
0.415,1.8325957145940461,30142
0.415,2.007128639793479,29068
0.415,2.181661564992912,26889
0.415,2.356194490192345,24744
0.415,2.530727415391778,21877
0.415,2.705260340591211,19172
0.415,2.879793265790644,16546
0.415,3.0543261909900767,14236
0.415,3.2288591161895095,11917
0.415,3.4033920413889422,9931
0.415,3.577924966588375,8281
0.415,3.752457891787808,6887
0.415,3.9269908169872414,5983
0.415,4.101523742186675,5267
0.415,4.276056667386107,4673
0.415,4.4505895925855405,4491
0.415,4.625122517784973,4230
0.415,4.799655442984406,4173
0.415,4.974188368183839,4449
0.415,5.148721293383272,4770
0.415,5.323254218582705,5286
0.415,5.497787143782138,5983
0.415,5.672320068981571,6840
0.415,5.8468529941810035,8294
0.415,6.021385919380437,9669
0.415,6.19591884457987,11545
0.425,0.08726646259971647,14896
0.425,0.2617993877991494,17365
0.425,0.4363323129985824,20102
0.425,0.6108652381980153,22943
0.425,0.7853981633974483,25458
0.425,0.9599310885968811,28389
0.425,1.1344640137963142,30253
0.425,1.308996938995747,31633
0.425,1.4835298641951802,32168
0.425,1.658062789394613,32707
0.425,1.8325957145940461,31729
0.425,2.007128639793479,30648
0.425,2.181661564992912,28627
0.425,2.356194490192345,25801
0.425,2.530727415391778,23221
0.425,2.705260340591211,20500
0.425,2.879793265790644,17507
0.425,3.0543261909900767,14941
0.425,3.2288591161895095,12399
0.425,3.4033920413889422,10387
0.425,3.577924966588375,8594
0.425,3.752457891787808,7282
0.425,3.9269908169872414,6246
0.425,4.101523742186675,5491
0.425,4.276056667386107,5062
0.425,4.4505895925855405,4662
0.425,4.625122517784973,4574
0.425,4.799655442984406,4453
0.425,4.974188368183839,4623
0.425,5.148721293383272,4808
0.425,5.323254218582705,5515
0.425,5.497787143782138,6324
0.425,5.672320068981571,7332
0.425,5.8468529941810035,8594
0.425,6.021385919380437,10285
0.425,6.19591884457987,12412
0.435,0.08726646259971647,15587
0.435,0.2617993877991494,18611
0.435,0.4363323129985824,21501
0.435,0.6108652381980153,24491
0.435,0.7853981633974483,27394
0.435,0.9599310885968811,30223
0.435,1.1344640137963142,32071
0.435,1.308996938995747,33834
0.435,1.4835298641951802,34671
0.435,1.658062789394613,34646
0.435,1.8325957145940461,33746
0.435,2.007128639793479,32309
0.435,2.181661564992912,30146
0.435,2.356194490192345,27598
0.435,2.530727415391778,24596
0.435,2.705260340591211,21570
0.435,2.879793265790644,18286
0.435,3.0543261909900767,15918
0.435,3.2288591161895095,13153
0.435,3.4033920413889422,11202
0.435,3.577924966588375,9178
0.435,3.752457891787808,7777
0.435,3.9269908169872414,6705
0.435,4.101523742186675,5824
0.435,4.276056667386107,5205
0.435,4.4505895925855405,4839
0.435,4.625122517784973,4807
0.435,4.799655442984406,4707
0.435,4.974188368183839,4927
0.435,5.148721293383272,5407
0.435,5.323254218582705,6064
0.435,5.497787143782138,6788
0.435,5.672320068981571,7792
0.435,5.8468529941810035,9293
0.435,6.021385919380437,10941
0.435,6.19591884457987,13358
0.445,0.08726646259971647,16683
0.445,0.2617993877991494,19531
0.445,0.4363323129985824,22646
0.445,0.6108652381980153,25923
0.445,0.7853981633974483,28992
0.445,0.9599310885968811,31790
0.445,1.1344640137963142,34109
0.445,1.308996938995747,36001
0.445,1.4835298641951802,36751
0.445,1.658062789394613,36684
0.445,1.8325957145940461,35816
0.445,2.007128639793479,34114
0.445,2.181661564992912,31855
0.445,2.356194490192345,29031
0.445,2.530727415391778,25806
0.445,2.705260340591211,22700
0.445,2.879793265790644,19677
0.445,3.0543261909900767,16865
0.445,3.2288591161895095,13947
0.445,3.4033920413889422,11732
0.445,3.577924966588375,10024
0.445,3.752457891787808,8425
0.445,3.9269908169872414,7181
0.445,4.101523742186675,6195
0.445,4.276056667386107,5741
0.445,4.4505895925855405,5287
0.445,4.625122517784973,4966
0.445,4.799655442984406,5092
0.445,4.974188368183839,5250
0.445,5.148721293383272,5597
0.445,5.323254218582705,6166
0.445,5.497787143782138,7048
0.445,5.672320068981571,8094
0.445,5.8468529941810035,9659
0.445,6.021385919380437,11673
0.445,6.19591884457987,14184
0.455,0.08726646259971647,17438
0.455,0.2617993877991494,20616
0.455,0.4363323129985824,24123
0.455,0.6108652381980153,27405
0.455,0.7853981633974483,30872
0.455,0.9599310885968811,33662
0.455,1.1344640137963142,36377
0.455,1.308996938995747,37692
0.455,1.4835298641951802,38629
0.455,1.658062789394613,38919
0.455,1.8325957145940461,38056
0.455,2.007128639793479,36083
0.455,2.181661564992912,33662
0.455,2.356194490192345,30717
0.455,2.530727415391778,27363
0.455,2.705260340591211,24067
0.455,2.879793265790644,20603
0.455,3.0543261909900767,17539
0.455,3.2288591161895095,14600
0.455,3.4033920413889422,12076
0.455,3.577924966588375,10355
0.455,3.752457891787808,8797
0.455,3.9269908169872414,7516
0.455,4.101523742186675,6640
0.455,4.276056667386107,5994
0.455,4.4505895925855405,5521
0.455,4.625122517784973,5259
0.455,4.799655442984406,5357
0.455,4.974188368183839,5472
0.455,5.148721293383272,5957
0.455,5.323254218582705,6591
0.455,5.497787143782138,7429
0.455,5.672320068981571,8527
0.455,5.8468529941810035,10222
0.455,6.021385919380437,12408
0.455,6.19591884457987,14936
0.465,0.08726646259971647,18463
0.465,0.2617993877991494,21820
0.465,0.4363323129985824,25598
0.465,0.6108652381980153,28912
0.465,0.7853981633974483,32548
0.465,0.9599310885968811,35614
0.465,1.1344640137963142,38492
0.465,1.308996938995747,40156
0.465,1.4835298641951802,41235
0.465,1.658062789394613,40703
0.465,1.8325957145940461,39985
0.465,2.007128639793479,38344
0.465,2.181661564992912,35570
0.465,2.356194490192345,32505
0.465,2.530727415391778,29198
0.465,2.705260340591211,25469
0.465,2.879793265790644,22053
0.465,3.0543261909900767,18573
0.465,3.2288591161895095,15509
0.465,3.4033920413889422,13077
0.465,3.577924966588375,11090
0.465,3.752457891787808,9277
0.465,3.9269908169872414,8079
0.465,4.101523742186675,6815
0.465,4.276056667386107,6394
0.465,4.4505895925855405,5985
0.465,4.625122517784973,5625
0.465,4.799655442984406,5632
0.465,4.974188368183839,5859
0.465,5.148721293383272,6190
0.465,5.323254218582705,6952
0.465,5.497787143782138,7831
0.465,5.672320068981571,9017
0.465,5.8468529941810035,10899
0.465,6.021385919380437,13017
0.465,6.19591884457987,15486
0.475,0.08726646259971647,19837
0.475,0.2617993877991494,23192
0.475,0.4363323129985824,26912
0.475,0.6108652381980153,30639
0.475,0.7853981633974483,34323
0.475,0.9599310885968811,37699
0.475,1.1344640137963142,40467
0.475,1.308996938995747,42276
0.475,1.4835298641951802,42726
0.475,1.658062789394613,43177
0.475,1.8325957145940461,42091
0.475,2.007128639793479,40089
0.475,2.181661564992912,37585
0.475,2.356194490192345,34261
0.475,2.530727415391778,30589
0.475,2.705260340591211,26879
0.475,2.879793265790644,23038
0.475,3.0543261909900767,19933
0.475,3.2288591161895095,16638
0.475,3.4033920413889422,14014
0.475,3.577924966588375,11756
0.475,3.752457891787808,9949
0.475,3.9269908169872414,8547
0.475,4.101523742186675,7424
0.475,4.276056667386107,6711
0.475,4.4505895925855405,6476
0.475,4.625122517784973,6060
0.475,4.799655442984406,6107
0.475,4.974188368183839,6457
0.475,5.148721293383272,6799
0.475,5.323254218582705,7284
0.475,5.497787143782138,8409
0.475,5.672320068981571,9716
0.475,5.8468529941810035,11469
0.475,6.021385919380437,13729
0.475,6.19591884457987,16627
0.485,0.08726646259971647,20950
0.485,0.2617993877991494,24627
0.485,0.4363323129985824,28850
0.485,0.6108652381980153,32463
0.485,0.7853981633974483,36415
0.485,0.9599310885968811,40018
0.485,1.1344640137963142,42744
0.485,1.308996938995747,44456
0.485,1.4835298641951802,45504
0.485,1.658062789394613,45361
0.485,1.8325957145940461,44703
0.485,2.007128639793479,42440
0.485,2.181661564992912,40039
0.485,2.356194490192345,36327
0.485,2.530727415391778,32589
0.485,2.705260340591211,28478
0.485,2.879793265790644,24853
0.485,3.0543261909900767,21027
0.485,3.2288591161895095,17631
0.485,3.4033920413889422,14699
0.485,3.577924966588375,12387
0.485,3.752457891787808,10251
0.485,3.9269908169872414,8956
0.485,4.101523742186675,8022
0.485,4.276056667386107,7186
0.485,4.4505895925855405,6595
0.485,4.625122517784973,6556
0.485,4.799655442984406,6487
0.485,4.974188368183839,6420
0.485,5.148721293383272,7145
0.485,5.323254218582705,7667
0.485,5.497787143782138,8792
0.485,5.672320068981571,10284
0.485,5.8468529941810035,12298
0.485,6.021385919380437,14780
0.485,6.19591884457987,17630
0.495,0.08726646259971647,22132
0.495,0.2617993877991494,26037
0.495,0.4363323129985824,30476
0.495,0.6108652381980153,34481
0.495,0.7853981633974483,38707
0.495,0.9599310885968811,42591
0.495,1.1344640137963142,45409
0.495,1.308996938995747,47284
0.495,1.4835298641951802,48709
0.495,1.658062789394613,48780
0.495,1.8325957145940461,47403
0.495,2.007128639793479,45562
0.495,2.181661564992912,41944
0.495,2.356194490192345,38662
0.495,2.530727415391778,34401
0.495,2.705260340591211,30489
0.495,2.879793265790644,25942
0.495,3.0543261909900767,22201
0.495,3.2288591161895095,18612
0.495,3.4033920413889422,15246
0.495,3.577924966588375,13119
0.495,3.752457891787808,11126
0.495,3.9269908169872414,9611
0.495,4.101523742186675,8188
0.495,4.276056667386107,7465
0.495,4.4505895925855405,7121
0.495,4.625122517784973,6926
0.495,4.799655442984406,6863
0.495,4.974188368183839,7112
0.495,5.148721293383272,7622
0.495,5.323254218582705,8404
0.495,5.497787143782138,9549
0.495,5.672320068981571,11122
0.495,5.8468529941810035,13068
0.495,6.021385919380437,15568
0.495,6.19591884457987,18720
0.505,0.08726646259971647,23293
0.505,0.2617993877991494,27728
0.505,0.4363323129985824,31926
0.505,0.6108652381980153,36560
0.505,0.7853981633974483,40838
0.505,0.9599310885968811,44815
0.505,1.1344640137963142,48344
0.505,1.308996938995747,50635
0.505,1.4835298641951802,52153
0.505,1.658062789394613,51354
0.505,1.8325957145940461,50494
0.505,2.007128639793479,48100
0.505,2.181661564992912,44804
0.505,2.356194490192345,40878
0.505,2.530727415391778,36572
0.505,2.705260340591211,31862
0.505,2.879793265790644,27608
0.505,3.0543261909900767,23569
0.505,3.2288591161895095,19587
0.505,3.4033920413889422,16426
0.505,3.577924966588375,13895
0.505,3.752457891787808,11784
0.505,3.9269908169872414,9844
0.505,4.101523742186675,8848
0.505,4.276056667386107,8024
0.505,4.4505895925855405,7280
0.505,4.625122517784973,7258
0.505,4.799655442984406,7246
0.505,4.974188368183839,7602
0.505,5.148721293383272,7973
0.505,5.323254218582705,9009
0.505,5.497787143782138,9895
0.505,5.672320068981571,11655
0.505,5.8468529941810035,13941
0.505,6.021385919380437,16319
0.505,6.19591884457987,19637
0.515,0.08726646259971647,24927
0.515,0.2617993877991494,28839
0.515,0.4363323129985824,34225
0.515,0.6108652381980153,38691
0.515,0.7853981633974483,43264
0.515,0.9599310885968811,47490
0.515,1.1344640137963142,51156
0.515,1.308996938995747,53655
0.515,1.4835298641951802,54619
0.515,1.658062789394613,54799
0.515,1.8325957145940461,53091
0.515,2.007128639793479,50988
0.515,2.181661564992912,47980
0.515,2.356194490192345,43207
0.515,2.530727415391778,38357
0.515,2.705260340591211,33990
0.515,2.879793265790644,29109
0.515,3.0543261909900767,24745
0.515,3.2288591161895095,20621
0.515,3.4033920413889422,17291
0.515,3.577924966588375,14520
0.515,3.752457891787808,12093
0.515,3.9269908169872414,10406
0.515,4.101523742186675,9318
0.515,4.276056667386107,8241
0.515,4.4505895925855405,7675
0.515,4.625122517784973,7397
0.515,4.799655442984406,7395
0.515,4.974188368183839,7725
0.515,5.148721293383272,8550
0.515,5.323254218582705,9353
0.515,5.497787143782138,10710
0.515,5.672320068981571,12341
0.515,5.8468529941810035,14813
0.515,6.021385919380437,17469
0.515,6.19591884457987,20927
0.525,0.08726646259971647,26337
0.525,0.2617993877991494,30913
0.525,0.4363323129985824,35500
0.525,0.6108652381980153,40814
0.525,0.7853981633974483,45644
0.525,0.9599310885968811,50477
0.525,1.1344640137963142,54005
0.525,1.308996938995747,57045
0.525,1.4835298641951802,57784
0.525,1.658062789394613,57551
0.525,1.8325957145940461,56404
0.525,2.007128639793479,54073
0.525,2.181661564992912,49956
0.525,2.356194490192345,46045
0.525,2.530727415391778,40971
0.525,2.705260340591211,35946
0.525,2.879793265790644,30495
0.525,3.0543261909900767,26322
0.525,3.2288591161895095,21828
0.525,3.4033920413889422,18493
0.525,3.577924966588375,15714
0.525,3.752457891787808,13045
0.525,3.9269908169872414,11298
0.525,4.101523742186675,9739
0.525,4.276056667386107,8710
0.525,4.4505895925855405,8192
0.525,4.625122517784973,7991
0.525,4.799655442984406,7886
0.525,4.974188368183839,8266
0.525,5.148721293383272,8917
0.525,5.323254218582705,9786
0.525,5.497787143782138,11089
0.525,5.672320068981571,13027
0.525,5.8468529941810035,15295
0.525,6.021385919380437,18361
0.525,6.19591884457987,21958
0.535,0.08726646259971647,26912
0.535,0.2617993877991494,32144
0.535,0.4363323129985824,37022
0.535,0.6108652381980153,42618
0.535,0.7853981633974483,48010
0.535,0.9599310885968811,52616
0.535,1.1344640137963142,56844
0.535,1.308996938995747,59656
0.535,1.4835298641951802,61484
0.535,1.658062789394613,61087
0.535,1.8325957145940461,59711
0.535,2.007128639793479,56920
0.535,2.181661564992912,53375
0.535,2.356194490192345,48124
0.535,2.530727415391778,43100
0.535,2.705260340591211,37752
0.535,2.879793265790644,32601
0.535,3.0543261909900767,27616
0.535,3.2288591161895095,23074
0.535,3.4033920413889422,19594
0.535,3.577924966588375,16034
0.535,3.752457891787808,13735
0.535,3.9269908169872414,11853
0.535,4.101523742186675,10386
0.535,4.276056667386107,9247
0.535,4.4505895925855405,8628
0.535,4.625122517784973,8332
0.535,4.799655442984406,8348
0.535,4.974188368183839,8659
0.535,5.148721293383272,9299
0.535,5.323254218582705,10226
0.535,5.497787143782138,11950
0.535,5.672320068981571,13625
0.535,5.8468529941810035,16368
0.535,6.021385919380437,19268
0.535,6.19591884457987,22934
0.545,0.08726646259971647,28459
0.545,0.2617993877991494,33761
0.545,0.4363323129985824,39139
0.545,0.6108652381980153,44638
0.545,0.7853981633974483,49676
0.545,0.9599310885968811,54703
0.545,1.1344640137963142,58985
0.545,1.308996938995747,62255
0.545,1.4835298641951802,63588
0.545,1.658062789394613,63859
0.545,1.8325957145940461,62305
0.545,2.007128639793479,59258
0.545,2.181661564992912,55576
0.545,2.356194490192345,50359
0.545,2.530727415391778,45216
0.545,2.705260340591211,39535
0.545,2.879793265790644,33504
0.545,3.0543261909900767,28542
0.545,3.2288591161895095,24180
0.545,3.4033920413889422,20347
0.545,3.577924966588375,17069
0.545,3.752457891787808,14449
0.545,3.9269908169872414,12281
0.545,4.101523742186675,10975
0.545,4.276056667386107,9649
0.545,4.4505895925855405,8924
0.545,4.625122517784973,8675
0.545,4.799655442984406,8743
0.545,4.974188368183839,9158
0.545,5.148721293383272,9694
0.545,5.323254218582705,10725
0.545,5.497787143782138,12060
0.545,5.672320068981571,14241
0.545,5.8468529941810035,16805
0.545,6.021385919380437,20009
0.545,6.19591884457987,23821
0.555,0.08726646259971647,29524
0.555,0.2617993877991494,35120
0.555,0.4363323129985824,40655
0.555,0.6108652381980153,46327
0.555,0.7853981633974483,52052
0.555,0.9599310885968811,57239
0.555,1.1344640137963142,61871
0.555,1.308996938995747,65886
0.555,1.4835298641951802,67030
0.555,1.658062789394613,67035
0.555,1.8325957145940461,65540
0.555,2.007128639793479,62277
0.555,2.181661564992912,58106
0.555,2.356194490192345,52637
0.555,2.530727415391778,46640
0.555,2.705260340591211,41269
0.555,2.879793265790644,35080
0.555,3.0543261909900767,29828
0.555,3.2288591161895095,25221
0.555,3.4033920413889422,20863
0.555,3.577924966588375,17726
0.555,3.752457891787808,14717
0.555,3.9269908169872414,12727
0.555,4.101523742186675,11290
0.555,4.276056667386107,10095
0.555,4.4505895925855405,9360
0.555,4.625122517784973,9045
0.555,4.799655442984406,9210
0.555,4.974188368183839,9582
0.555,5.148721293383272,10338
0.555,5.323254218582705,11293
0.555,5.497787143782138,12728
0.555,5.672320068981571,14863
0.555,5.8468529941810035,17349
0.555,6.021385919380437,20794
0.555,6.19591884457987,24739
0.565,0.08726646259971647,30339
0.565,0.2617993877991494,36079
0.565,0.4363323129985824,42266
0.565,0.6108652381980153,48109
0.565,0.7853981633974483,54085
0.565,0.9599310885968811,59703
0.565,1.1344640137963142,64582
0.565,1.308996938995747,68205
0.565,1.4835298641951802,70045
0.565,1.658062789394613,70581
0.565,1.8325957145940461,68759
0.565,2.007128639793479,65446
0.565,2.181661564992912,60631
0.565,2.356194490192345,54608
0.565,2.530727415391778,48772
0.565,2.705260340591211,42607
0.565,2.879793265790644,36350
0.565,3.0543261909900767,30807
0.565,3.2288591161895095,26302
0.565,3.4033920413889422,21755
0.565,3.577924966588375,18268
0.565,3.752457891787808,15490
0.565,3.9269908169872414,13159
0.565,4.101523742186675,11522
0.565,4.276056667386107,10694
0.565,4.4505895925855405,9932
0.565,4.625122517784973,9679
0.565,4.799655442984406,9643
0.565,4.974188368183839,9720
0.565,5.148721293383272,10494
0.565,5.323254218582705,11529
0.565,5.497787143782138,13325
0.565,5.672320068981571,15259
0.565,5.8468529941810035,18082
0.565,6.021385919380437,21310
0.565,6.19591884457987,25667
0.575,0.08726646259971647,31551
0.575,0.2617993877991494,37586
0.575,0.4363323129985824,43389
0.575,0.6108652381980153,49744
0.575,0.7853981633974483,56237
0.575,0.9599310885968811,62147
0.575,1.1344640137963142,67350
0.575,1.308996938995747,71109
0.575,1.4835298641951802,72938
0.575,1.658062789394613,73299
0.575,1.8325957145940461,70628
0.575,2.007128639793479,67351
0.575,2.181661564992912,62362
0.575,2.356194490192345,56081
0.575,2.530727415391778,50476
0.575,2.705260340591211,43778
0.575,2.879793265790644,37528
0.575,3.0543261909900767,31872
0.575,3.2288591161895095,26736
0.575,3.4033920413889422,22492
0.575,3.577924966588375,18821
0.575,3.752457891787808,15909
0.575,3.9269908169872414,13798
0.575,4.101523742186675,12118
0.575,4.276056667386107,10914
0.575,4.4505895925855405,10185
0.575,4.625122517784973,9910
0.575,4.799655442984406,9816
0.575,4.974188368183839,10188
0.575,5.148721293383272,10965
0.575,5.323254218582705,11855
0.575,5.497787143782138,13611
0.575,5.672320068981571,15754
0.575,5.8468529941810035,18540
0.575,6.021385919380437,22223
0.575,6.19591884457987,26769
0.585,0.08726646259971647,32585
0.585,0.2617993877991494,38057
0.585,0.4363323129985824,44615
0.585,0.6108652381980153,51274
0.585,0.7853981633974483,57389
0.585,0.9599310885968811,63859
0.585,1.1344640137963142,69613
0.585,1.308996938995747,73525
0.585,1.4835298641951802,75564
0.585,1.658062789394613,75458
0.585,1.8325957145940461,73884
0.585,2.007128639793479,69474
0.585,2.181661564992912,64392
0.585,2.356194490192345,58742
0.585,2.530727415391778,51534
0.585,2.705260340591211,45214
0.585,2.879793265790644,38654
0.585,3.0543261909900767,32550
0.585,3.2288591161895095,27220
0.585,3.4033920413889422,22913
0.585,3.577924966588375,19298
0.585,3.752457891787808,16327
0.585,3.9269908169872414,14069
0.585,4.101523742186675,12263
0.585,4.276056667386107,11255
0.585,4.4505895925855405,10554
0.585,4.625122517784973,10216
0.585,4.799655442984406,10150
0.585,4.974188368183839,10497
0.585,5.148721293383272,11099
0.585,5.323254218582705,12278
0.585,5.497787143782138,13997
0.585,5.672320068981571,16021
0.585,5.8468529941810035,19330
0.585,6.021385919380437,22761
0.585,6.19591884457987,26976
0.595,0.08726646259971647,32868
0.595,0.2617993877991494,39209
0.595,0.4363323129985824,45247
0.595,0.6108652381980153,52381
0.595,0.7853981633974483,58993
0.595,0.9599310885968811,66185
0.595,1.1344640137963142,70716
0.595,1.308996938995747,75359
0.595,1.4835298641951802,77680
0.595,1.658062789394613,77399
0.595,1.8325957145940461,75433
0.595,2.007128639793479,71200
0.595,2.181661564992912,65958
0.595,2.356194490192345,59431
0.595,2.530727415391778,52818
0.595,2.705260340591211,45919
0.595,2.879793265790644,39544
0.595,3.0543261909900767,32816
0.595,3.2288591161895095,27968
0.595,3.4033920413889422,23386
0.595,3.577924966588375,19621
0.595,3.752457891787808,16607
0.595,3.9269908169872414,14349
0.595,4.101523742186675,12649
0.595,4.276056667386107,11597
0.595,4.4505895925855405,10981
0.595,4.625122517784973,10505
0.595,4.799655442984406,10304
0.595,4.974188368183839,10816
0.595,5.148721293383272,11583
0.595,5.323254218582705,12581
0.595,5.497787143782138,14346
0.595,5.672320068981571,16796
0.595,5.8468529941810035,19711
0.595,6.021385919380437,23280
0.595,6.19591884457987,27652
0.605,0.08726646259971647,33864
0.605,0.2617993877991494,39568
0.605,0.4363323129985824,46752
0.605,0.6108652381980153,53038
0.605,0.7853981633974483,60524
0.605,0.9599310885968811,67081
0.605,1.1344640137963142,71815
0.605,1.308996938995747,76485
0.605,1.4835298641951802,79351
0.605,1.658062789394613,79018
0.605,1.8325957145940461,76552
0.605,2.007128639793479,72139
0.605,2.181661564992912,66736
0.605,2.356194490192345,60898
0.605,2.530727415391778,53501
0.605,2.705260340591211,46376
0.605,2.879793265790644,39610
0.605,3.0543261909900767,33543
0.605,3.2288591161895095,28396
0.605,3.4033920413889422,23668
0.605,3.577924966588375,20073
0.605,3.752457891787808,17060
0.605,3.9269908169872414,14668
0.605,4.101523742186675,12956
0.605,4.276056667386107,11981
0.605,4.4505895925855405,11043
0.605,4.625122517784973,10967
0.605,4.799655442984406,10735
0.605,4.974188368183839,11083
0.605,5.148721293383272,11959
0.605,5.323254218582705,12979
0.605,5.497787143782138,14703
0.605,5.672320068981571,16969
0.605,5.8468529941810035,19793
0.605,6.021385919380437,23540
0.605,6.19591884457987,28492
0.615,0.08726646259971647,33818
0.615,0.2617993877991494,39792
0.615,0.4363323129985824,47137
0.615,0.6108652381980153,53920
0.615,0.7853981633974483,60832
0.615,0.9599310885968811,67721
0.615,1.1344640137963142,73792
0.615,1.308996938995747,78233
0.615,1.4835298641951802,80428
0.615,1.658062789394613,80713
0.615,1.8325957145940461,78767
0.615,2.007128639793479,73622
0.615,2.181661564992912,67835
0.615,2.356194490192345,61212
0.615,2.530727415391778,54190
0.615,2.705260340591211,46946
0.615,2.879793265790644,40286
0.615,3.0543261909900767,33746
0.615,3.2288591161895095,28900
0.615,3.4033920413889422,24001
0.615,3.577924966588375,20400
0.615,3.752457891787808,16979
0.615,3.9269908169872414,14918
0.615,4.101523742186675,13083
0.615,4.276056667386107,11931
0.615,4.4505895925855405,11377
0.615,4.625122517784973,10909
0.615,4.799655442984406,10989
0.615,4.974188368183839,11278
0.615,5.148721293383272,12016
0.615,5.323254218582705,12998
0.615,5.497787143782138,14824
0.615,5.672320068981571,17434
0.615,5.8468529941810035,20196
0.615,6.021385919380437,24013
0.615,6.19591884457987,28442
0.625,0.08726646259971647,34141
0.625,0.2617993877991494,40069
0.625,0.4363323129985824,47168
0.625,0.6108652381980153,54643
0.625,0.7853981633974483,61571
0.625,0.9599310885968811,67907
0.625,1.1344640137963142,74308
0.625,1.308996938995747,79405
0.625,1.4835298641951802,81709
0.625,1.658062789394613,81561
0.625,1.8325957145940461,79288
0.625,2.007128639793479,73999
0.625,2.181661564992912,68376
0.625,2.356194490192345,61947
0.625,2.530727415391778,54515
0.625,2.705260340591211,47014
0.625,2.879793265790644,40240
0.625,3.0543261909900767,34107
0.625,3.2288591161895095,28453
0.625,3.4033920413889422,24089
0.625,3.577924966588375,20287
0.625,3.752457891787808,17007
0.625,3.9269908169872414,14895
0.625,4.101523742186675,13548
0.625,4.276056667386107,12180
0.625,4.4505895925855405,11402
0.625,4.625122517784973,11125
0.625,4.799655442984406,11163
0.625,4.974188368183839,11324
0.625,5.148721293383272,11900
0.625,5.323254218582705,13253
0.625,5.497787143782138,14827
0.625,5.672320068981571,17241
0.625,5.8468529941810035,20302
0.625,6.021385919380437,23824
0.625,6.19591884457987,28318
0.635,0.08726646259971647,33854
0.635,0.2617993877991494,39995
0.635,0.4363323129985824,47000
0.635,0.6108652381980153,53700
0.635,0.7853981633974483,61354
0.635,0.9599310885968811,68040
0.635,1.1344640137963142,74017
0.635,1.308996938995747,79840
0.635,1.4835298641951802,82002
0.635,1.658062789394613,81833
0.635,1.8325957145940461,79084
0.635,2.007128639793479,74508
0.635,2.181661564992912,68277
0.635,2.356194490192345,60787
0.635,2.530727415391778,53593
0.635,2.705260340591211,46417
0.635,2.879793265790644,40002
0.635,3.0543261909900767,33615
0.635,3.2288591161895095,28346
0.635,3.4033920413889422,23493
0.635,3.577924966588375,20128
0.635,3.752457891787808,17095
0.635,3.9269908169872414,14874
0.635,4.101523742186675,13021
0.635,4.276056667386107,12238
0.635,4.4505895925855405,11386
0.635,4.625122517784973,11315
0.635,4.799655442984406,11317
0.635,4.974188368183839,11682
0.635,5.148721293383272,12075
0.635,5.323254218582705,13320
0.635,5.497787143782138,14648
0.635,5.672320068981571,17137
0.635,5.8468529941810035,19898
0.635,6.021385919380437,23911
0.635,6.19591884457987,28365
0.645,0.08726646259971647,32975
0.645,0.2617993877991494,39388
0.645,0.4363323129985824,45680
0.645,0.6108652381980153,52992
0.645,0.7853981633974483,60012
0.645,0.9599310885968811,67552
0.645,1.1344640137963142,73458
0.645,1.308996938995747,78564
0.645,1.4835298641951802,81797
0.645,1.658062789394613,81415
0.645,1.8325957145940461,79073
0.645,2.007128639793479,73517
0.645,2.181661564992912,66866
0.645,2.356194490192345,59730
0.645,2.530727415391778,52774
0.645,2.705260340591211,45861
0.645,2.879793265790644,39154
0.645,3.0543261909900767,32792
0.645,3.2288591161895095,27728
0.645,3.4033920413889422,23212
0.645,3.577924966588375,19621
0.645,3.752457891787808,16928
0.645,3.9269908169872414,14747
0.645,4.101523742186675,13265
0.645,4.276056667386107,12121
0.645,4.4505895925855405,11597
0.645,4.625122517784973,11226
0.645,4.799655442984406,11404
0.645,4.974188368183839,11573
0.645,5.148721293383272,12066
0.645,5.323254218582705,13272
0.645,5.497787143782138,14547
0.645,5.672320068981571,17118
0.645,5.8468529941810035,19858
0.645,6.021385919380437,23112
0.645,6.19591884457987,28002
0.655,0.08726646259971647,32209
0.655,0.2617993877991494,38305
0.655,0.4363323129985824,44997
0.655,0.6108652381980153,52222
0.655,0.7853981633974483,58752
0.655,0.9599310885968811,65458
0.655,1.1344640137963142,72074
0.655,1.308996938995747,76827
0.655,1.4835298641951802,79993
0.655,1.658062789394613,80122
0.655,1.8325957145940461,77762
0.655,2.007128639793479,72378
0.655,2.181661564992912,65599
0.655,2.356194490192345,58781
0.655,2.530727415391778,51648
0.655,2.705260340591211,44263
0.655,2.879793265790644,38014
0.655,3.0543261909900767,32203
0.655,3.2288591161895095,26871
0.655,3.4033920413889422,22505
0.655,3.577924966588375,19385
0.655,3.752457891787808,16451
0.655,3.9269908169872414,14258
0.655,4.101523742186675,12857
0.655,4.276056667386107,11705
0.655,4.4505895925855405,11449
0.655,4.625122517784973,11091
0.655,4.799655442984406,10988
0.655,4.974188368183839,11395
0.655,5.148721293383272,11785
0.655,5.323254218582705,12828
0.655,5.497787143782138,14381
0.655,5.672320068981571,16515
0.655,5.8468529941810035,18959
0.655,6.021385919380437,23155
0.655,6.19591884457987,26821
0.665,0.08726646259971647,30513
0.665,0.2617993877991494,36692
0.665,0.4363323129985824,42655
0.665,0.6108652381980153,49759
0.665,0.7853981633974483,56816
0.665,0.9599310885968811,63048
0.665,1.1344640137963142,69308
0.665,1.308996938995747,75674
0.665,1.4835298641951802,78133
0.665,1.658062789394613,78120
0.665,1.8325957145940461,76029
0.665,2.007128639793479,70729
0.665,2.181661564992912,63760
0.665,2.356194490192345,56819
0.665,2.530727415391778,49902
0.665,2.705260340591211,42989
0.665,2.879793265790644,36642
0.665,3.0543261909900767,30574
0.665,3.2288591161895095,25958
0.665,3.4033920413889422,21739
0.665,3.577924966588375,18703
0.665,3.752457891787808,15845
0.665,3.9269908169872414,14183
0.665,4.101523742186675,12626
0.665,4.276056667386107,11627
0.665,4.4505895925855405,11155
0.665,4.625122517784973,10803
0.665,4.799655442984406,11044
0.665,4.974188368183839,10909
0.665,5.148721293383272,11627
0.665,5.323254218582705,12353
0.665,5.497787143782138,13700
0.665,5.672320068981571,15731
0.665,5.8468529941810035,18545
0.665,6.021385919380437,21625
0.665,6.19591884457987,25827
0.675,0.08726646259971647,29099
0.675,0.2617993877991494,34270
0.675,0.4363323129985824,40429
0.675,0.6108652381980153,46934
0.675,0.7853981633974483,54225
0.675,0.9599310885968811,60965
0.675,1.1344640137963142,67056
0.675,1.308996938995747,72847
0.675,1.4835298641951802,74912
0.675,1.658062789394613,75317
0.675,1.8325957145940461,73374
0.675,2.007128639793479,67481
0.675,2.181661564992912,61179
0.675,2.356194490192345,54315
0.675,2.530727415391778,47341
0.675,2.705260340591211,41097
0.675,2.879793265790644,34903
0.675,3.0543261909900767,29083
0.675,3.2288591161895095,24577
0.675,3.4033920413889422,20825
0.675,3.577924966588375,17812
0.675,3.752457891787808,15288
0.675,3.9269908169872414,13253
0.675,4.101523742186675,12022
0.675,4.276056667386107,11299
0.675,4.4505895925855405,10608
0.675,4.625122517784973,10358
0.675,4.799655442984406,10180
0.675,4.974188368183839,10688
0.675,5.148721293383272,11177
0.675,5.323254218582705,11590
0.675,5.497787143782138,13253
0.675,5.672320068981571,14957
0.675,5.8468529941810035,17618
0.675,6.021385919380437,20729
0.675,6.19591884457987,24427
0.685,0.08726646259971647,26838
0.685,0.2617993877991494,31920
0.685,0.4363323129985824,37617
0.685,0.6108652381980153,43935
0.685,0.7853981633974483,50874
0.685,0.9599310885968811,56906
0.685,1.1344640137963142,63382
0.685,1.308996938995747,68238
0.685,1.4835298641951802,71478
0.685,1.658062789394613,71028
0.685,1.8325957145940461,68820
0.685,2.007128639793479,63792
0.685,2.181661564992912,57769
0.685,2.356194490192345,50883
0.685,2.530727415391778,44406
0.685,2.705260340591211,37976
0.685,2.879793265790644,32084
0.685,3.0543261909900767,27485
0.685,3.2288591161895095,23071
0.685,3.4033920413889422,19202
0.685,3.577924966588375,16372
0.685,3.752457891787808,14371
0.685,3.9269908169872414,12062
0.685,4.101523742186675,11412
0.685,4.276056667386107,10608
0.685,4.4505895925855405,10274
0.685,4.625122517784973,9961
0.685,4.799655442984406,9778
0.685,4.974188368183839,10096
0.685,5.148721293383272,10484
0.685,5.323254218582705,11259
0.685,5.497787143782138,12166
0.685,5.672320068981571,13989
0.685,5.8468529941810035,16291
0.685,6.021385919380437,18975
0.685,6.19591884457987,22581
0.695,0.08726646259971647,24545
0.695,0.2617993877991494,29030
0.695,0.4363323129985824,34096
0.695,0.6108652381980153,40615
0.695,0.7853981633974483,46183
0.695,0.9599310885968811,52710
0.695,1.1344640137963142,58498
0.695,1.308996938995747,63198
0.695,1.4835298641951802,66006
0.695,1.658062789394613,66581
0.695,1.8325957145940461,63863
0.695,2.007128639793479,58993
0.695,2.181661564992912,52458
0.695,2.356194490192345,46590
0.695,2.530727415391778,40355
0.695,2.705260340591211,34571
0.695,2.879793265790644,29366
0.695,3.0543261909900767,24697
0.695,3.2288591161895095,20770
0.695,3.4033920413889422,17474
0.695,3.577924966588375,14982
0.695,3.752457891787808,12901
0.695,3.9269908169872414,11139
0.695,4.101523742186675,10241
0.695,4.276056667386107,9628
0.695,4.4505895925855405,9397
0.695,4.625122517784973,9228
0.695,4.799655442984406,9068
0.695,4.974188368183839,9449
0.695,5.148721293383272,9607
0.695,5.323254218582705,10339
0.695,5.497787143782138,11265
0.695,5.672320068981571,12723
0.695,5.8468529941810035,14935
0.695,6.021385919380437,17173
0.695,6.19591884457987,20513
0.705,0.08726646259971647,21962
0.705,0.2617993877991494,25988
0.705,0.4363323129985824,30515
0.705,0.6108652381980153,35752
0.705,0.7853981633974483,41517
0.705,0.9599310885968811,47271
0.705,1.1344640137963142,53308
0.705,1.308996938995747,57649
0.705,1.4835298641951802,59678
0.705,1.658062789394613,59700
0.705,1.8325957145940461,57844
0.705,2.007128639793479,53141
0.705,2.181661564992912,47382
0.705,2.356194490192345,41802
0.705,2.530727415391778,35947
0.705,2.705260340591211,30811
0.705,2.879793265790644,26193
0.705,3.0543261909900767,21935
0.705,3.2288591161895095,18234
0.705,3.4033920413889422,15601
0.705,3.577924966588375,13179
0.705,3.752457891787808,11231
0.705,3.9269908169872414,10185
0.705,4.101523742186675,9230
0.705,4.276056667386107,8808
0.705,4.4505895925855405,8360
0.705,4.625122517784973,8212
0.705,4.799655442984406,8329
0.705,4.974188368183839,8602
0.705,5.148721293383272,8803
0.705,5.323254218582705,9187
0.705,5.497787143782138,10200
0.705,5.672320068981571,11347
0.705,5.8468529941810035,13096
0.705,6.021385919380437,15522
0.705,6.19591884457987,18183
0.715,0.08726646259971647,18840
0.715,0.2617993877991494,22358
0.715,0.4363323129985824,26355
0.715,0.6108652381980153,31473
0.715,0.7853981633974483,36857
0.715,0.9599310885968811,41798
0.715,1.1344640137963142,47086
0.715,1.308996938995747,50921
0.715,1.4835298641951802,53427
0.715,1.658062789394613,53520
0.715,1.8325957145940461,51633
0.715,2.007128639793479,46574
0.715,2.181661564992912,41890
0.715,2.356194490192345,35917
0.715,2.530727415391778,31217
0.715,2.705260340591211,26405
0.715,2.879793265790644,22287
0.715,3.0543261909900767,19033
0.715,3.2288591161895095,15937
0.715,3.4033920413889422,13427
0.715,3.577924966588375,11476
0.715,3.752457891787808,10157
0.715,3.9269908169872414,8877
0.715,4.101523742186675,8202
0.715,4.276056667386107,7701
0.715,4.4505895925855405,7517
0.715,4.625122517784973,7366
0.715,4.799655442984406,7327
0.715,4.974188368183839,7308
0.715,5.148721293383272,7623
0.715,5.323254218582705,8228
0.715,5.497787143782138,8884
0.715,5.672320068981571,9914
0.715,5.8468529941810035,11264
0.715,6.021385919380437,13110
0.715,6.19591884457987,15779
0.725,0.08726646259971647,15676
0.725,0.2617993877991494,18503
0.725,0.4363323129985824,22368
0.725,0.6108652381980153,26182
0.725,0.7853981633974483,30734
0.725,0.9599310885968811,35560
0.725,1.1344640137963142,40534
0.725,1.308996938995747,44284
0.725,1.4835298641951802,45954
0.725,1.658062789394613,46334
0.725,1.8325957145940461,44315
0.725,2.007128639793479,40333
0.725,2.181661564992912,35926
0.725,2.356194490192345,30943
0.725,2.530727415391778,26338
0.725,2.705260340591211,22233
0.725,2.879793265790644,18538
0.725,3.0543261909900767,15404
0.725,3.2288591161895095,13323
0.725,3.4033920413889422,11149
0.725,3.577924966588375,9801
0.725,3.752457891787808,8592
0.725,3.9269908169872414,7688
0.725,4.101523742186675,7165
0.725,4.276056667386107,6602
0.725,4.4505895925855405,6488
0.725,4.625122517784973,6424
0.725,4.799655442984406,6432
0.725,4.974188368183839,6383
0.725,5.148721293383272,6598
0.725,5.323254218582705,6915
0.725,5.497787143782138,7411
0.725,5.672320068981571,8458
0.725,5.8468529941810035,9599
0.725,6.021385919380437,11193
0.725,6.19591884457987,13275
0.735,0.08726646259971647,12202
0.735,0.2617993877991494,14857
0.735,0.4363323129985824,17623
0.735,0.6108652381980153,21326
0.735,0.7853981633974483,24976
0.735,0.9599310885968811,29025
0.735,1.1344640137963142,33116
0.735,1.308996938995747,36829
0.735,1.4835298641951802,37548
0.735,1.658062789394613,37883
0.735,1.8325957145940461,36523
0.735,2.007128639793479,33430
0.735,2.181661564992912,29398
0.735,2.356194490192345,25237
0.735,2.530727415391778,21517
0.735,2.705260340591211,17610
0.735,2.879793265790644,14875
0.735,3.0543261909900767,12446
0.735,3.2288591161895095,10383
0.735,3.4033920413889422,8997
0.735,3.577924966588375,7735
0.735,3.752457891787808,6676
0.735,3.9269908169872414,6313
0.735,4.101523742186675,5760
0.735,4.276056667386107,5677
0.735,4.4505895925855405,5360
0.735,4.625122517784973,5285
0.735,4.799655442984406,5113
0.735,4.974188368183839,5377
0.735,5.148721293383272,5510
0.735,5.323254218582705,5698
0.735,5.497787143782138,6098
0.735,5.672320068981571,6837
0.735,5.8468529941810035,7696
0.735,6.021385919380437,8849
0.735,6.19591884457987,10279
0.745,0.08726646259971647,9062
0.745,0.2617993877991494,11122
0.745,0.4363323129985824,13265
0.745,0.6108652381980153,16007
0.745,0.7853981633974483,19152
0.745,0.9599310885968811,22850
0.745,1.1344640137963142,26038
0.745,1.308996938995747,28432
0.745,1.4835298641951802,29179
0.745,1.658062789394613,29119
0.745,1.8325957145940461,28374
0.745,2.007128639793479,26126
0.745,2.181661564992912,22817
0.745,2.356194490192345,19379
0.745,2.530727415391778,16025
0.745,2.705260340591211,13498
0.745,2.879793265790644,11110
0.745,3.0543261909900767,9282
0.745,3.2288591161895095,7849
0.745,3.4033920413889422,6815
0.745,3.577924966588375,5802
0.745,3.752457891787808,5263
0.745,3.9269908169872414,4638
0.745,4.101523742186675,4665
0.745,4.276056667386107,4433
0.745,4.4505895925855405,4362
0.745,4.625122517784973,4082
0.745,4.799655442984406,4172
0.745,4.974188368183839,4161
0.745,5.148721293383272,4329
0.745,5.323254218582705,4493
0.745,5.497787143782138,4793
0.745,5.672320068981571,5227
0.745,5.8468529941810035,5762
0.745,6.021385919380437,6639
0.745,6.19591884457987,7735
0.755,0.08726646259971647,6276
0.755,0.2617993877991494,7560
0.755,0.4363323129985824,9210
0.755,0.6108652381980153,11413
0.755,0.7853981633974483,13980
0.755,0.9599310885968811,16221
0.755,1.1344640137963142,18838
0.755,1.308996938995747,20153
0.755,1.4835298641951802,20735
0.755,1.658062789394613,20704
0.755,1.8325957145940461,20125
0.755,2.007128639793479,18741
0.755,2.181661564992912,16082
0.755,2.356194490192345,13664
0.755,2.530727415391778,11083
0.755,2.705260340591211,9331
0.755,2.879793265790644,7630
0.755,3.0543261909900767,6381
0.755,3.2288591161895095,5425
0.755,3.4033920413889422,4583
0.755,3.577924966588375,4048
0.755,3.752457891787808,3641
0.755,3.9269908169872414,3400
0.755,4.101523742186675,3261
0.755,4.276056667386107,3226
0.755,4.4505895925855405,3270
0.755,4.625122517784973,3077
0.755,4.799655442984406,2939
0.755,4.974188368183839,3177
0.755,5.148721293383272,3120
0.755,5.323254218582705,3325
0.755,5.497787143782138,3455
0.755,5.672320068981571,3627
0.755,5.8468529941810035,4007
0.755,6.021385919380437,4519
0.755,6.19591884457987,5341
0.765,0.08726646259971647,3988
0.765,0.2617993877991494,4777
0.765,0.4363323129985824,5898
0.765,0.6108652381980153,7193
0.765,0.7853981633974483,8723
0.765,0.9599310885968811,10584
0.765,1.1344640137963142,11738
0.765,1.308996938995747,12355
0.765,1.4835298641951802,12621
0.765,1.658062789394613,12400
0.765,1.8325957145940461,12402
0.765,2.007128639793479,11901
0.765,2.181661564992912,10361
0.765,2.356194490192345,8541
0.765,2.530727415391778,7162
0.765,2.705260340591211,5809
0.765,2.879793265790644,4810
0.765,3.0543261909900767,3909
0.765,3.2288591161895095,3305
0.765,3.4033920413889422,2739
0.765,3.577924966588375,2450
0.765,3.752457891787808,2273
0.765,3.9269908169872414,2176
0.765,4.101523742186675,2133
0.765,4.276056667386107,1935
0.765,4.4505895925855405,1876
0.765,4.625122517784973,1895
0.765,4.799655442984406,1857
0.765,4.974188368183839,1869
0.765,5.148721293383272,2118
0.765,5.323254218582705,2162
0.765,5.497787143782138,2202
0.765,5.672320068981571,2411
0.765,5.8468529941810035,2521
0.765,6.021385919380437,2879
0.765,6.19591884457987,3401
0.775,0.08726646259971647,2190
0.775,0.2617993877991494,2699
0.775,0.4363323129985824,3284
0.775,0.6108652381980153,4014
0.775,0.7853981633974483,4762
0.775,0.9599310885968811,5391
0.775,1.1344640137963142,5671
0.775,1.308996938995747,5328
0.775,1.4835298641951802,5246
0.775,1.658062789394613,5172
0.775,1.8325957145940461,5485
0.775,2.007128639793479,5701
0.775,2.181661564992912,5320
0.775,2.356194490192345,4836
0.775,2.530727415391778,3914
0.775,2.705260340591211,3273
0.775,2.879793265790644,2597
0.775,3.0543261909900767,2158
0.775,3.2288591161895095,1841
0.775,3.4033920413889422,1579
0.775,3.577924966588375,1316
0.775,3.752457891787808,1197
0.775,3.9269908169872414,1177
0.775,4.101523742186675,1058
0.775,4.276056667386107,971
0.775,4.4505895925855405,834
0.775,4.625122517784973,764
0.775,4.799655442984406,806
0.775,4.974188368183839,842
0.775,5.148721293383272,1046
0.775,5.323254218582705,1139
0.775,5.497787143782138,1230
0.775,5.672320068981571,1372
0.775,5.8468529941810035,1419
0.775,6.021385919380437,1561
0.775,6.19591884457987,1902
0.785,0.08726646259971647,1211
0.785,0.2617993877991494,1440
0.785,0.4363323129985824,1667
0.785,0.6108652381980153,1892
0.785,0.7853981633974483,2033
0.785,0.9599310885968811,1742
0.785,1.1344640137963142,1350
0.785,1.308996938995747,891
0.785,1.4835298641951802,760
0.785,1.658062789394613,684
0.785,1.8325957145940461,937
0.785,2.007128639793479,1370
0.785,2.181661564992912,1765
0.785,2.356194490192345,1934
0.785,2.530727415391778,1859
0.785,2.705260340591211,1697
0.785,2.879793265790644,1403
0.785,3.0543261909900767,1192
0.785,3.2288591161895095,930
0.785,3.4033920413889422,795
0.785,3.577924966588375,703
0.785,3.752457891787808,584
0.785,3.9269908169872414,473
0.785,4.101523742186675,342
0.785,4.276056667386107,259
0.785,4.4505895925855405,154
0.785,4.625122517784973,126
0.785,4.799655442984406,116
0.785,4.974188368183839,155
0.785,5.148721293383272,253
0.785,5.323254218582705,381
0.785,5.497787143782138,539
0.785,5.672320068981571,603
0.785,5.8468529941810035,763
0.785,6.021385919380437,872
0.785,6.19591884457987,1003
0.795,0.08726646259971647,688
0.795,0.2617993877991494,775
0.795,0.4363323129985824,784
0.795,0.6108652381980153,677
0.795,0.7853981633974483,456
0.795,0.9599310885968811,166
0.795,1.1344640137963142,31
0.795,1.308996938995747,2
0.795,1.4835298641951802,1
0.795,1.658062789394613,1
0.795,1.8325957145940461,2
0.795,2.007128639793479,30
0.795,2.181661564992912,157
0.795,2.356194490192345,464
0.795,2.530727415391778,682
0.795,2.705260340591211,847
0.795,2.879793265790644,852
0.795,3.0543261909900767,747
0.795,3.2288591161895095,571
0.795,3.4033920413889422,492
0.795,3.577924966588375,355
0.795,3.752457891787808,234
0.795,3.9269908169872414,99
0.795,4.101523742186675,34
0.795,4.276056667386107,7
0.795,4.4505895925855405,0
0.795,4.625122517784973,1
0.795,4.799655442984406,0
0.795,4.974188368183839,0
0.795,5.148721293383272,9
0.795,5.323254218582705,27
0.795,5.497787143782138,129
0.795,5.672320068981571,255
0.795,5.8468529941810035,342
0.795,6.021385919380437,463
0.795,6.19591884457987,609
0.805,0.08726646259971647,539
0.805,0.2617993877991494,517
0.805,0.4363323129985824,390
0.805,0.6108652381980153,201
0.805,0.7853981633974483,43
0.805,0.9599310885968811,0
0.805,1.1344640137963142,0
0.805,1.308996938995747,0
0.805,1.4835298641951802,1
0.805,1.658062789394613,0
0.805,1.8325957145940461,0
0.805,2.007128639793479,0
0.805,2.181661564992912,0
0.805,2.356194490192345,37
0.805,2.530727415391778,219
0.805,2.705260340591211,383
0.805,2.879793265790644,526
0.805,3.0543261909900767,567
0.805,3.2288591161895095,448
0.805,3.4033920413889422,312
0.805,3.577924966588375,187
0.805,3.752457891787808,89
0.805,3.9269908169872414,11
0.805,4.101523742186675,0
0.805,4.276056667386107,1
0.805,4.4505895925855405,0
0.805,4.625122517784973,0
0.805,4.799655442984406,0
0.805,4.974188368183839,0
0.805,5.148721293383272,0
0.805,5.323254218582705,2
0.805,5.497787143782138,10
0.805,5.672320068981571,86
0.805,5.8468529941810035,208
0.805,6.021385919380437,341
0.805,6.19591884457987,444
0.815,0.08726646259971647,326
0.815,0.2617993877991494,329
0.815,0.4363323129985824,239
0.815,0.6108652381980153,101
0.815,0.7853981633974483,16
0.815,0.9599310885968811,0
0.815,1.1344640137963142,0
0.815,1.308996938995747,0
0.815,1.4835298641951802,0
0.815,1.658062789394613,0
0.815,1.8325957145940461,0
0.815,2.007128639793479,0
0.815,2.181661564992912,0
0.815,2.356194490192345,21
0.815,2.530727415391778,110
0.815,2.705260340591211,196
0.815,2.879793265790644,338
0.815,3.0543261909900767,346
0.815,3.2288591161895095,319
0.815,3.4033920413889422,193
0.815,3.577924966588375,126
0.815,3.752457891787808,38
0.815,3.9269908169872414,7
0.815,4.101523742186675,1
0.815,4.276056667386107,0
0.815,4.4505895925855405,0
0.815,4.625122517784973,0
0.815,4.799655442984406,0
0.815,4.974188368183839,0
0.815,5.148721293383272,0
0.815,5.323254218582705,1
0.815,5.497787143782138,6
0.815,5.672320068981571,50
0.815,5.8468529941810035,138
0.815,6.021385919380437,228
0.815,6.19591884457987,305
0.825,0.08726646259971647,195
0.825,0.2617993877991494,195
0.825,0.4363323129985824,191
0.825,0.6108652381980153,115
0.825,0.7853981633974483,78
0.825,0.9599310885968811,27
0.825,1.1344640137963142,4
0.825,1.308996938995747,1
0.825,1.4835298641951802,0
0.825,1.658062789394613,0
0.825,1.8325957145940461,1
0.825,2.007128639793479,4
0.825,2.181661564992912,22
0.825,2.356194490192345,72
0.825,2.530727415391778,122
0.825,2.705260340591211,178
0.825,2.879793265790644,195
0.825,3.0543261909900767,187
0.825,3.2288591161895095,179
0.825,3.4033920413889422,130
0.825,3.577924966588375,83
0.825,3.752457891787808,57
0.825,3.9269908169872414,24
0.825,4.101523742186675,9
0.825,4.276056667386107,1
0.825,4.4505895925855405,0
0.825,4.625122517784973,0
0.825,4.799655442984406,0
0.825,4.974188368183839,0
0.825,5.148721293383272,1
0.825,5.323254218582705,11
0.825,5.497787143782138,30
0.825,5.672320068981571,63
0.825,5.8468529941810035,102
0.825,6.021385919380437,150
0.825,6.19591884457987,166
0.835,0.08726646259971647,133
0.835,0.2617993877991494,152
0.835,0.4363323129985824,150
0.835,0.6108652381980153,167
0.835,0.7853981633974483,168
0.835,0.9599310885968811,174
0.835,1.1344640137963142,116
0.835,1.308996938995747,70
0.835,1.4835298641951802,72
0.835,1.658062789394613,60
0.835,1.8325957145940461,88
0.835,2.007128639793479,116
0.835,2.181661564992912,148
0.835,2.356194490192345,134
0.835,2.530727415391778,141
0.835,2.705260340591211,158
0.835,2.879793265790644,143
0.835,3.0543261909900767,148
0.835,3.2288591161895095,148
0.835,3.4033920413889422,100
0.835,3.577924966588375,111
0.835,3.752457891787808,74
0.835,3.9269908169872414,70
0.835,4.101523742186675,41
0.835,4.276056667386107,33
0.835,4.4505895925855405,19
0.835,4.625122517784973,15
0.835,4.799655442984406,17
0.835,4.974188368183839,19
0.835,5.148721293383272,33
0.835,5.323254218582705,51
0.835,5.497787143782138,58
0.835,5.672320068981571,80
0.835,5.8468529941810035,104
0.835,6.021385919380437,97
0.835,6.19591884457987,127
0.845,0.08726646259971647,150
0.845,0.2617993877991494,194
0.845,0.4363323129985824,229
0.845,0.6108652381980153,299
0.845,0.7853981633974483,336
0.845,0.9599310885968811,339
0.845,1.1344640137963142,366
0.845,1.308996938995747,357
0.845,1.4835298641951802,337
0.845,1.658062789394613,354
0.845,1.8325957145940461,364
0.845,2.007128639793479,330
0.845,2.181661564992912,302
0.845,2.356194490192345,219
0.845,2.530727415391778,234
0.845,2.705260340591211,187
0.845,2.879793265790644,194
0.845,3.0543261909900767,174
0.845,3.2288591161895095,145
0.845,3.4033920413889422,138
0.845,3.577924966588375,101
0.845,3.752457891787808,113
0.845,3.9269908169872414,99
0.845,4.101523742186675,103
0.845,4.276056667386107,84
0.845,4.4505895925855405,73
0.845,4.625122517784973,93
0.845,4.799655442984406,77
0.845,4.974188368183839,77
0.845,5.148721293383272,77
0.845,5.323254218582705,126
0.845,5.497787143782138,103
0.845,5.672320068981571,115
0.845,5.8468529941810035,120
0.845,6.021385919380437,129
0.845,6.19591884457987,181
0.855,0.08726646259971647,268
0.855,0.2617993877991494,307
0.855,0.4363323129985824,340
0.855,0.6108652381980153,417
0.855,0.7853981633974483,483
0.855,0.9599310885968811,616
0.855,1.1344640137963142,644
0.855,1.308996938995747,674
0.855,1.4835298641951802,687
0.855,1.658062789394613,627
0.855,1.8325957145940461,626
0.855,2.007128639793479,603
0.855,2.181661564992912,519
0.855,2.356194490192345,416
0.855,2.530727415391778,343
0.855,2.705260340591211,282
0.855,2.879793265790644,251
0.855,3.0543261909900767,226
0.855,3.2288591161895095,174
0.855,3.4033920413889422,156
0.855,3.577924966588375,162
0.855,3.752457891787808,148
0.855,3.9269908169872414,133
0.855,4.101523742186675,153
0.855,4.276056667386107,137
0.855,4.4505895925855405,133
0.855,4.625122517784973,134
0.855,4.799655442984406,137
0.855,4.974188368183839,131
0.855,5.148721293383272,131
0.855,5.323254218582705,153
0.855,5.497787143782138,166
0.855,5.672320068981571,160
0.855,5.8468529941810035,180
0.855,6.021385919380437,179
0.855,6.19591884457987,218
0.865,0.08726646259971647,331
0.865,0.2617993877991494,396
0.865,0.4363323129985824,486
0.865,0.6108652381980153,586
0.865,0.7853981633974483,707
0.865,0.9599310885968811,763
0.865,1.1344640137963142,861
0.865,1.308996938995747,968
0.865,1.4835298641951802,938
0.865,1.658062789394613,1024
0.865,1.8325957145940461,862
0.865,2.007128639793479,863
0.865,2.181661564992912,690
0.865,2.356194490192345,621
0.865,2.530727415391778,547
0.865,2.705260340591211,473
0.865,2.879793265790644,374
0.865,3.0543261909900767,319
0.865,3.2288591161895095,321
0.865,3.4033920413889422,228
0.865,3.577924966588375,201
0.865,3.752457891787808,204
0.865,3.9269908169872414,193
0.865,4.101523742186675,187
0.865,4.276056667386107,177
0.865,4.4505895925855405,188
0.865,4.625122517784973,164
0.865,4.799655442984406,141
0.865,4.974188368183839,160
0.865,5.148721293383272,165
0.865,5.323254218582705,158
0.865,5.497787143782138,206
0.865,5.672320068981571,190
0.865,5.8468529941810035,241
0.865,6.021385919380437,239
0.865,6.19591884457987,285
0.875,0.08726646259971647,440
0.875,0.2617993877991494,545
0.875,0.4363323129985824,617
0.875,0.6108652381980153,746
0.875,0.7853981633974483,863
0.875,0.9599310885968811,944
0.875,1.1344640137963142,1127
0.875,1.308996938995747,1178
0.875,1.4835298641951802,1243
0.875,1.658062789394613,1169
0.875,1.8325957145940461,1086
0.875,2.007128639793479,1062
0.875,2.181661564992912,940
0.875,2.356194490192345,867
0.875,2.530727415391778,753
0.875,2.705260340591211,624
0.875,2.879793265790644,548
0.875,3.0543261909900767,450
0.875,3.2288591161895095,361
0.875,3.4033920413889422,319
0.875,3.577924966588375,261
0.875,3.752457891787808,254
0.875,3.9269908169872414,208
0.875,4.101523742186675,197
0.875,4.276056667386107,158
0.875,4.4505895925855405,169
0.875,4.625122517784973,193
0.875,4.799655442984406,188
0.875,4.974188368183839,196
0.875,5.148721293383272,184
0.875,5.323254218582705,178
0.875,5.497787143782138,206
0.875,5.672320068981571,238
0.875,5.8468529941810035,278
0.875,6.021385919380437,326
0.875,6.19591884457987,349
0.885,0.08726646259971647,545
0.885,0.2617993877991494,649
0.885,0.4363323129985824,756
0.885,0.6108652381980153,828
0.885,0.7853981633974483,986
0.885,0.9599310885968811,1135
0.885,1.1344640137963142,1188
0.885,1.308996938995747,1299
0.885,1.4835298641951802,1343
0.885,1.658062789394613,1298
0.885,1.8325957145940461,1321
0.885,2.007128639793479,1252
0.885,2.181661564992912,1109
0.885,2.356194490192345,1000
0.885,2.530727415391778,892
0.885,2.705260340591211,740
0.885,2.879793265790644,655
0.885,3.0543261909900767,508
0.885,3.2288591161895095,453
0.885,3.4033920413889422,411
0.885,3.577924966588375,345
0.885,3.752457891787808,271
0.885,3.9269908169872414,270
0.885,4.101523742186675,248
0.885,4.276056667386107,205
0.885,4.4505895925855405,193
0.885,4.625122517784973,200
0.885,4.799655442984406,197
0.885,4.974188368183839,197
0.885,5.148721293383272,202
0.885,5.323254218582705,231
0.885,5.497787143782138,259
0.885,5.672320068981571,312
0.885,5.8468529941810035,312
0.885,6.021385919380437,374
0.885,6.19591884457987,444
0.895,0.08726646259971647,618
0.895,0.2617993877991494,717
0.895,0.4363323129985824,904
0.895,0.6108652381980153,1007
0.895,0.7853981633974483,1068
0.895,0.9599310885968811,1235
0.895,1.1344640137963142,1298
0.895,1.308996938995747,1358
0.895,1.4835298641951802,1456
0.895,1.658062789394613,1401
0.895,1.8325957145940461,1414
0.895,2.007128639793479,1320
0.895,2.181661564992912,1260
0.895,2.356194490192345,1088
0.895,2.530727415391778,1029
0.895,2.705260340591211,882
0.895,2.879793265790644,746
0.895,3.0543261909900767,634
0.895,3.2288591161895095,525
0.895,3.4033920413889422,437
0.895,3.577924966588375,382
0.895,3.752457891787808,323
0.895,3.9269908169872414,282
0.895,4.101523742186675,237
0.895,4.276056667386107,215
0.895,4.4505895925855405,196
0.895,4.625122517784973,175
0.895,4.799655442984406,218
0.895,4.974188368183839,217
0.895,5.148721293383272,211
0.895,5.323254218582705,271
0.895,5.497787143782138,297
0.895,5.672320068981571,305
0.895,5.8468529941810035,392
0.895,6.021385919380437,428
0.895,6.19591884457987,539
0.905,0.08726646259971647,649
0.905,0.2617993877991494,725
0.905,0.4363323129985824,881
0.905,0.6108652381980153,926
0.905,0.7853981633974483,1135
0.905,0.9599310885968811,1266
0.905,1.1344640137963142,1345
0.905,1.308996938995747,1476
0.905,1.4835298641951802,1513
0.905,1.658062789394613,1599
0.905,1.8325957145940461,1481
0.905,2.007128639793479,1437
0.905,2.181661564992912,1280
0.905,2.356194490192345,1199
0.905,2.530727415391778,1043
0.905,2.705260340591211,911
0.905,2.879793265790644,804
0.905,3.0543261909900767,678
0.905,3.2288591161895095,568
0.905,3.4033920413889422,494
0.905,3.577924966588375,388
0.905,3.752457891787808,320
0.905,3.9269908169872414,285
0.905,4.101523742186675,249
0.905,4.276056667386107,210
0.905,4.4505895925855405,193
0.905,4.625122517784973,208
0.905,4.799655442984406,190
0.905,4.974188368183839,204
0.905,5.148721293383272,245
0.905,5.323254218582705,263
0.905,5.497787143782138,297
0.905,5.672320068981571,391
0.905,5.8468529941810035,373
0.905,6.021385919380437,510
0.905,6.19591884457987,580
0.915,0.08726646259971647,683
0.915,0.2617993877991494,811
0.915,0.4363323129985824,942
0.915,0.6108652381980153,1087
0.915,0.7853981633974483,1153
0.915,0.9599310885968811,1326
0.915,1.1344640137963142,1419
0.915,1.308996938995747,1546
0.915,1.4835298641951802,1568
0.915,1.658062789394613,1585
0.915,1.8325957145940461,1560
0.915,2.007128639793479,1506
0.915,2.181661564992912,1324
0.915,2.356194490192345,1270
0.915,2.530727415391778,1079
0.915,2.705260340591211,960
0.915,2.879793265790644,813
0.915,3.0543261909900767,686
0.915,3.2288591161895095,598
0.915,3.4033920413889422,501
0.915,3.577924966588375,404
0.915,3.752457891787808,379
0.915,3.9269908169872414,324
0.915,4.101523742186675,235
0.915,4.276056667386107,261
0.915,4.4505895925855405,231
0.915,4.625122517784973,237
0.915,4.799655442984406,247
0.915,4.974188368183839,257
0.915,5.148721293383272,264
0.915,5.323254218582705,283
0.915,5.497787143782138,303
0.915,5.672320068981571,362
0.915,5.8468529941810035,446
0.915,6.021385919380437,488
0.915,6.19591884457987,574
0.925,0.08726646259971647,695
0.925,0.2617993877991494,886
0.925,0.4363323129985824,1004
0.925,0.6108652381980153,1190
0.925,0.7853981633974483,1313
0.925,0.9599310885968811,1386
0.925,1.1344640137963142,1516
0.925,1.308996938995747,1633
0.925,1.4835298641951802,1670
0.925,1.658062789394613,1690
0.925,1.8325957145940461,1612
0.925,2.007128639793479,1575
0.925,2.181661564992912,1398
0.925,2.356194490192345,1306
0.925,2.530727415391778,1158
0.925,2.705260340591211,1020
0.925,2.879793265790644,895
0.925,3.0543261909900767,739
0.925,3.2288591161895095,620
0.925,3.4033920413889422,536
0.925,3.577924966588375,435
0.925,3.752457891787808,348
0.925,3.9269908169872414,350
0.925,4.101523742186675,316
0.925,4.276056667386107,282
0.925,4.4505895925855405,267
0.925,4.625122517784973,268
0.925,4.799655442984406,252
0.925,4.974188368183839,262
0.925,5.148721293383272,290
0.925,5.323254218582705,304
0.925,5.497787143782138,337
0.925,5.672320068981571,391
0.925,5.8468529941810035,424
0.925,6.021385919380437,511
0.925,6.19591884457987,643
0.935,0.08726646259971647,776
0.935,0.2617993877991494,962
0.935,0.4363323129985824,1043
0.935,0.6108652381980153,1256
0.935,0.7853981633974483,1400
0.935,0.9599310885968811,1487
0.935,1.1344640137963142,1703
0.935,1.308996938995747,1750
0.935,1.4835298641951802,1752
0.935,1.658062789394613,1740
0.935,1.8325957145940461,1671
0.935,2.007128639793479,1651
0.935,2.181661564992912,1512
0.935,2.356194490192345,1383
0.935,2.530727415391778,1214
0.935,2.705260340591211,1025
0.935,2.879793265790644,956
0.935,3.0543261909900767,713
0.935,3.2288591161895095,675
0.935,3.4033920413889422,563
0.935,3.577924966588375,468
0.935,3.752457891787808,385
0.935,3.9269908169872414,333
0.935,4.101523742186675,309
0.935,4.276056667386107,293
0.935,4.4505895925855405,251
0.935,4.625122517784973,244
0.935,4.799655442984406,245
0.935,4.974188368183839,286
0.935,5.148721293383272,296
0.935,5.323254218582705,342
0.935,5.497787143782138,344
0.935,5.672320068981571,392
0.935,5.8468529941810035,482
0.935,6.021385919380437,577
0.935,6.19591884457987,690
0.945,0.08726646259971647,814
0.945,0.2617993877991494,942
0.945,0.4363323129985824,1071
0.945,0.6108652381980153,1291
0.945,0.7853981633974483,1449
0.945,0.9599310885968811,1569
0.945,1.1344640137963142,1630
0.945,1.308996938995747,1829
0.945,1.4835298641951802,1921
0.945,1.658062789394613,1804
0.945,1.8325957145940461,1711
0.945,2.007128639793479,1700
0.945,2.181661564992912,1496
0.945,2.356194490192345,1355
0.945,2.530727415391778,1327
0.945,2.705260340591211,1143
0.945,2.879793265790644,983
0.945,3.0543261909900767,844
0.945,3.2288591161895095,701
0.945,3.4033920413889422,574
0.945,3.577924966588375,441
0.945,3.752457891787808,352
0.945,3.9269908169872414,320
0.945,4.101523742186675,288
0.945,4.276056667386107,269
0.945,4.4505895925855405,241
0.945,4.625122517784973,273
0.945,4.799655442984406,234
0.945,4.974188368183839,271
0.945,5.148721293383272,289
0.945,5.323254218582705,307
0.945,5.497787143782138,374
0.945,5.672320068981571,434
0.945,5.8468529941810035,498
0.945,6.021385919380437,572
0.945,6.19591884457987,657
0.955,0.08726646259971647,861
0.955,0.2617993877991494,972
0.955,0.4363323129985824,1169
0.955,0.6108652381980153,1263
0.955,0.7853981633974483,1435
0.955,0.9599310885968811,1604
0.955,1.1344640137963142,1830
0.955,1.308996938995747,1801
0.955,1.4835298641951802,1841
0.955,1.658062789394613,1829
0.955,1.8325957145940461,1757
0.955,2.007128639793479,1642
0.955,2.181661564992912,1628
0.955,2.356194490192345,1498
0.955,2.530727415391778,1284
0.955,2.705260340591211,1152
0.955,2.879793265790644,1040
0.955,3.0543261909900767,833
0.955,3.2288591161895095,703
0.955,3.4033920413889422,567
0.955,3.577924966588375,463
0.955,3.752457891787808,394
0.955,3.9269908169872414,352
0.955,4.101523742186675,298
0.955,4.276056667386107,289
0.955,4.4505895925855405,227
0.955,4.625122517784973,255
0.955,4.799655442984406,231
0.955,4.974188368183839,253
0.955,5.148721293383272,256
0.955,5.323254218582705,329
0.955,5.497787143782138,377
0.955,5.672320068981571,418
0.955,5.8468529941810035,503
0.955,6.021385919380437,596
0.955,6.19591884457987,756
0.965,0.08726646259971647,864
0.965,0.2617993877991494,999
0.965,0.4363323129985824,1160
0.965,0.6108652381980153,1331
0.965,0.7853981633974483,1523
0.965,0.9599310885968811,1646
0.965,1.1344640137963142,1765
0.965,1.308996938995747,1869
0.965,1.4835298641951802,1920
0.965,1.658062789394613,1875
0.965,1.8325957145940461,1822
0.965,2.007128639793479,1701
0.965,2.181661564992912,1629
0.965,2.356194490192345,1521
0.965,2.530727415391778,1296
0.965,2.705260340591211,1199
0.965,2.879793265790644,978
0.965,3.0543261909900767,884
0.965,3.2288591161895095,740
0.965,3.4033920413889422,581
0.965,3.577924966588375,533
0.965,3.752457891787808,401
0.965,3.9269908169872414,353
0.965,4.101523742186675,307
0.965,4.276056667386107,248
0.965,4.4505895925855405,239
0.965,4.625122517784973,237
0.965,4.799655442984406,210
0.965,4.974188368183839,251
0.965,5.148721293383272,251
0.965,5.323254218582705,295
0.965,5.497787143782138,362
0.965,5.672320068981571,464
0.965,5.8468529941810035,447
0.965,6.021385919380437,605
0.965,6.19591884457987,742
0.975,0.08726646259971647,872
0.975,0.2617993877991494,1045
0.975,0.4363323129985824,1246
0.975,0.6108652381980153,1403
0.975,0.7853981633974483,1523
0.975,0.9599310885968811,1724
0.975,1.1344640137963142,1801
0.975,1.308996938995747,1825
0.975,1.4835298641951802,1881
0.975,1.658062789394613,1851
0.975,1.8325957145940461,1914
0.975,2.007128639793479,1775
0.975,2.181661564992912,1696
0.975,2.356194490192345,1526
0.975,2.530727415391778,1403
0.975,2.705260340591211,1184
0.975,2.879793265790644,1023
0.975,3.0543261909900767,840
0.975,3.2288591161895095,743
0.975,3.4033920413889422,620
0.975,3.577924966588375,528
0.975,3.752457891787808,452
0.975,3.9269908169872414,364
0.975,4.101523742186675,359
0.975,4.276056667386107,254
0.975,4.4505895925855405,259
0.975,4.625122517784973,241
0.975,4.799655442984406,206
0.975,4.974188368183839,288
0.975,5.148721293383272,264
0.975,5.323254218582705,317
0.975,5.497787143782138,396
0.975,5.672320068981571,441
0.975,5.8468529941810035,531
0.975,6.021385919380437,636
0.975,6.19591884457987,784
0.985,0.08726646259971647,852
0.985,0.2617993877991494,1065
0.985,0.4363323129985824,1187
0.985,0.6108652381980153,1391
0.985,0.7853981633974483,1545
0.985,0.9599310885968811,1623
0.985,1.1344640137963142,1747
0.985,1.308996938995747,1899
0.985,1.4835298641951802,1863
0.985,1.658062789394613,1916
0.985,1.8325957145940461,1772
0.985,2.007128639793479,1800
0.985,2.181661564992912,1657
0.985,2.356194490192345,1500
0.985,2.530727415391778,1388
0.985,2.705260340591211,1216
0.985,2.879793265790644,1031
0.985,3.0543261909900767,893
0.985,3.2288591161895095,760
0.985,3.4033920413889422,636
0.985,3.577924966588375,554
0.985,3.752457891787808,461
0.985,3.9269908169872414,390
0.985,4.101523742186675,318
0.985,4.276056667386107,306
0.985,4.4505895925855405,284
0.985,4.625122517784973,249
0.985,4.799655442984406,251
0.985,4.974188368183839,267
0.985,5.148721293383272,284
0.985,5.323254218582705,336
0.985,5.497787143782138,350
0.985,5.672320068981571,486
0.985,5.8468529941810035,557
0.985,6.021385919380437,635
0.985,6.19591884457987,746
0.995,0.08726646259971647,905
0.995,0.2617993877991494,1083
0.995,0.4363323129985824,1208
0.995,0.6108652381980153,1455
0.995,0.7853981633974483,1571
0.995,0.9599310885968811,1726
0.995,1.1344640137963142,1832
0.995,1.308996938995747,1962
0.995,1.4835298641951802,1894
0.995,1.658062789394613,1978
0.995,1.8325957145940461,1876
0.995,2.007128639793479,1797
0.995,2.181661564992912,1735
0.995,2.356194490192345,1529
0.995,2.530727415391778,1479
0.995,2.705260340591211,1263
0.995,2.879793265790644,1100
0.995,3.0543261909900767,873
0.995,3.2288591161895095,756
0.995,3.4033920413889422,611
0.995,3.577924966588375,524
0.995,3.752457891787808,424
0.995,3.9269908169872414,404
0.995,4.101523742186675,340
0.995,4.276056667386107,307
0.995,4.4505895925855405,311
0.995,4.625122517784973,268
0.995,4.799655442984406,257
0.995,4.974188368183839,235
0.995,5.148721293383272,303
0.995,5.323254218582705,344
0.995,5.497787143782138,354
0.995,5.672320068981571,461
0.995,5.8468529941810035,521
0.995,6.021385919380437,622
0.995,6.19591884457987,707
