combo_id,trial_id,device_id,m,l,beta_pe,abs_delta_alpha_e_over_p,f,x0,y0,phi0,x_end,y_end,phi_end,T,steps,status,pass_direction
8,503,1,3,0.038400000000000004,1.0,3.0,30.0,0.659326420724392,-0.04065827518017083,0.33588103024453303,1.659732344787802,0.17794346124204144,2.4493546594353046,0.023954399999999997,59886,ok,right
8,294,1,3,0.038400000000000004,1.0,3.0,30.0,0.23158812634646894,-0.05952902481175377,4.92097366145961,1.2322607176737506,-0.16416615881018531,13.059608023427982,0.0274416,68604,ok,right
8,571,1,3,0.038400000000000004,1.0,3.0,30.0,0.6466430416330695,-0.060838229519069614,0.5275052959586475,1.6472377926857502,0.1611640620448496,-4.565557665661727,0.027701999999999997,69255,ok,right
8,907,1,3,0.038400000000000004,1.0,3.0,30.0,0.5033395234495401,0.050916600791358964,3.4916036745537276,1.5036974154733558,-0.06551211819901276,-9.968460027749474,0.027013199999999998,67533,ok,right
8,637,1,3,0.038400000000000004,1.0,3.0,30.0,0.46127197649329904,-0.1802141133325049,2.329113333993488,1.4619560675504222,-0.03858619824001401,3.717491262491012,0.031304399999999996,78261,ok,right
8,643,1,3,0.038400000000000004,1.0,3.0,30.0,0.6182489028200507,0.009199415891115609,3.4577358102440936,1.6184435955318854,-0.049727487069423225,6.747399754107815,0.0284236,71059,ok,right
8,982,1,3,0.038400000000000004,1.0,3.0,30.0,-0.05227807089686394,-0.341988638647191,1.9192617396980514,0.9482743472554038,0.022015024651829397,-15.5569604550812,0.028523999999999997,71310,ok,right
8,484,1,3,0.038400000000000004,1.0,3.0,30.0,-0.009408136270940304,0.08438066192601969,3.6076727901668546,-1.1794667845318583,-0.0023714738697785745,-6.853555126144503,0.0337448,84362,ok,left
8,519,1,3,0.038400000000000004,1.0,3.0,30.0,0.10139664858579636,0.30580229199041253,1.6350083070816164,1.102026710570108,0.04113937401861673,-11.923054430132275,0.0349408,87352,ok,right
8,659,1,3,0.038400000000000004,1.0,3.0,30.0,0.10580854024738073,0.011106055592582813,3.8338232069937477,1.1064630271054194,-0.0055717694220817505,-1.13045940400209,0.032298799999999996,80747,ok,right
8,725,1,3,0.038400000000000004,1.0,3.0,30.0,0.0015739843249320984,0.06194614574873893,1.1130682323767724,1.0021231012762928,-0.03758813036928076,3.0472115110732867,0.034364399999999996,85911,ok,right
8,741,1,3,0.038400000000000004,1.0,3.0,30.0,0.6911653501912952,-0.19389283208422498,2.912116763569308,1.691855784074346,0.05310505164305977,5.840534745089718,0.0358856,89714,ok,right
8,834,1,3,0.038400000000000004,1.0,3.0,30.0,0.675558959133923,0.03139678594171413,0.2985178889140102,1.675908146584777,0.033027112848699726,-3.8913151428261674,0.035925599999999995,89814,ok,right
8,838,1,3,0.038400000000000004,1.0,3.0,30.0,0.6273034632205964,0.16008896794324168,4.999326926193303,1.6274031846320987,0.2484660783355867,25.554624018425528,0.0351656,87914,ok,right
8,101,1,3,0.038400000000000004,1.0,3.0,30.0,0.03627553600817919,0.47062449674066353,3.196433710237072,1.036396369394169,0.09200387392488842,-3.592253359754743,0.039633999999999996,99085,ok,right
8,111,1,3,0.038400000000000004,1.0,3.0,30.0,0.6685723030939699,-0.13271391487388215,5.752262047957621,1.6687808600964922,0.004568610074911907,12.65059938742428,0.0394432,98608,ok,right
8,125,1,3,0.038400000000000004,1.0,3.0,30.0,0.3076735189184547,-0.043334863055562396,2.788555443212923,1.3088983326893027,-0.13320007460743113,8.523183799514037,0.036176,90440,ok,right
8,222,1,3,0.038400000000000004,1.0,3.0,30.0,0.3463283311575651,-0.45023021863276175,1.68030848997035,1.3466916094850025,-0.188267783770267,5.920611309394198,0.039343199999999995,98358,ok,right
8,463,1,3,0.038400000000000004,1.0,3.0,30.0,-0.08801036570221187,-0.30239099820880505,4.403823789120207,0.9123786083304195,0.04782850235661384,-3.80625418875246,0.0387744,96936,ok,right
8,539,1,3,0.038400000000000004,1.0,3.0,30.0,0.21653764117509128,0.2715248637383423,1.7109066416719008,1.2166707503211767,-0.05436271151686763,8.671880142631727,0.036306,90765,ok,right
8,635,1,3,0.038400000000000004,1.0,3.0,30.0,0.47382042817771436,-0.060465373675875206,0.018595328718652458,1.4743804887054146,0.04329835543769292,-5.882995498690669,0.038173599999999995,95434,ok,right
8,669,1,3,0.038400000000000004,1.0,3.0,30.0,0.3343607757240534,-0.050505811276011524,4.017969012079959,1.3358411191172919,0.07345413231077906,9.64326302499261,0.0397012,99253,ok,right
8,737,1,3,0.038400000000000004,1.0,3.0,30.0,0.665285125002265,0.10217231154785601,4.875511122459521,1.6660926915377026,0.20521306306973244,-3.885010827384992,0.0386908,96727,ok,right
8,910,1,3,0.038400000000000004,1.0,3.0,30.0,0.6720620010048152,-0.2059251854332259,2.037373543917358,1.6724019680920936,0.01944873441374424,13.244483023076157,0.039388,98470,ok,right
8,24,1,3,0.038400000000000004,1.0,3.0,30.0,0.36475980225950483,-0.033200090975726806,5.389443702934375,1.3655449538923872,-0.20019729535253028,2.839605730503936,0.041693999999999995,104235,ok,right
8,201,1,3,0.038400000000000004,1.0,3.0,30.0,0.32843754012137655,0.31646552798775407,5.626238098119976,1.3298704273253854,-0.048480405137086985,9.489148209413498,0.0405608,101402,ok,right
8,276,1,3,0.038400000000000004,1.0,3.0,30.0,0.41636027134954934,0.1428767899232144,4.6521165156003175,1.4164334916060628,-0.058925162776657394,1.8581829917941888,0.0428232,107058,ok,right
8,323,1,3,0.038400000000000004,1.0,3.0,30.0,0.00023598242551088334,0.5866350006904636,1.6457828216205377,1.0016451666775954,-0.1401627564981502,-16.406293464513922,0.0402424,100606,ok,right
8,376,1,3,0.038400000000000004,1.0,3.0,30.0,0.6924280971288681,-0.18915387717295407,6.272395979132194,1.6927789475929453,0.02180984542705348,8.594540331487964,0.041462399999999996,103656,ok,right
8,410,1,3,0.038400000000000004,1.0,3.0,30.0,0.47166692838072777,-0.10481562745777817,2.8566561113762443,1.4720970245540306,0.029867236710995004,-6.031088218445479,0.0409808,102452,ok,right
8,485,1,3,0.038400000000000004,1.0,3.0,30.0,0.5908181896433234,0.14296722558927788,5.765910759109796,1.591085385638288,-0.04546011210216482,2.7903545649540376,0.040555999999999995,101390,ok,right
8,580,1,3,0.038400000000000004,1.0,3.0,30.0,0.4133590489625931,-0.2076084315298778,6.2716041527780195,1.413417525129439,-0.31481781001051995,-9.928429896724394,0.042462799999999995,106157,ok,right
8,670,1,3,0.038400000000000004,1.0,3.0,30.0,0.6780626730993391,-0.10584515376641947,3.068268064423479,1.6784954882710152,-0.04158777007259836,15.274718497001114,0.0421716,105429,ok,right
8,746,1,3,0.038400000000000004,1.0,3.0,30.0,0.047563595697283745,0.16491385882173257,4.467302001882564,1.0483293287269742,-0.09629007641023915,9.537184588098295,0.0428584,107146,ok,right
8,785,1,3,0.038400000000000004,1.0,3.0,30.0,-0.014137409441173077,-0.08813831193219022,4.691469528342687,0.9869716849608476,0.008700666371017862,6.028308862605477,0.0438992,109748,ok,right
8,829,1,3,0.038400000000000004,1.0,3.0,30.0,0.014886998943984509,0.3799481090975596,1.4081721049804425,1.0162481180233118,0.0894860791912321,6.497068452832866,0.0410576,102644,ok,right
8,917,1,3,0.038400000000000004,1.0,3.0,30.0,0.5246014634147287,0.2365919194894603,0.11779527556033194,1.5248248203229293,0.04601504462619819,4.279031999657602,0.0436248,109062,ok,right
8,990,1,3,0.038400000000000004,1.0,3.0,30.0,0.4349065583199263,-0.2235493750144203,6.211088090189679,1.4362553368250235,0.2639185587501845,-9.74769476695256,0.0400624,100156,ok,right
8,83,1,3,0.038400000000000004,1.0,3.0,30.0,-0.0721119336783886,0.2997395418192507,2.677544097681935,0.9285486476381947,-0.022975585940428683,-6.269381597403696,0.0452244,113061,ok,right
8,232,1,3,0.038400000000000004,1.0,3.0,30.0,0.6827260907739401,-0.2804545654804274,6.1182507032313,1.6831195813797033,-0.18159212245958717,21.55931116693658,0.0467492,116873,ok,right
8,604,1,3,0.038400000000000004,1.0,3.0,30.0,0.2886838840320706,-0.18907947396691677,5.892996644107018,1.2887813780046014,-0.04694608789096306,16.02023576909594,0.04579,114475,ok,right
8,736,1,3,0.038400000000000004,1.0,3.0,30.0,0.5962543899193407,-0.027464010448785766,1.3741888164343545,1.597160079947585,-0.12789136096095344,12.853474438975578,0.0443376,110844,ok,right
8,807,1,3,0.038400000000000004,1.0,3.0,30.0,0.6497814241796732,0.1788653936923804,6.09707950932038,1.6504318246099543,0.19201235728049804,15.513514612490814,0.0455408,113852,ok,right
8,873,1,3,0.038400000000000004,1.0,3.0,30.0,0.23397478722035886,0.28219469474857634,4.996107322918189,1.2343560495597246,0.007217411424552721,0.382841466930599,0.044827599999999995,112069,ok,right
8,906,1,3,0.038400000000000004,1.0,3.0,30.0,0.6917305005714298,0.24142024956304217,5.52576300897493,1.6917924921339942,0.1465049655172593,-9.609915486005578,0.0440836,110209,ok,right
8,975,1,3,0.038400000000000004,1.0,3.0,30.0,0.6527082478627563,-0.14851726934859455,6.2749065850118635,1.653634696564089,-0.11649017588196263,6.673795354839301,0.0464916,116229,ok,right
8,89,1,3,0.038400000000000004,1.0,3.0,30.0,0.5396570112556219,-0.1278915873816729,2.4182317388870502,1.540221642033688,0.08098373097350285,7.149403327320848,0.050864,127160,ok,right
8,94,1,3,0.038400000000000004,1.0,3.0,30.0,0.3851984588429332,-0.18932656300868134,1.721949370537311,1.3858188040312869,-0.2149047100186281,-18.8752223036065,0.04908,122700,ok,right
8,156,1,3,0.038400000000000004,1.0,3.0,30.0,0.4869692137464881,-0.2504102926184452,2.589200900393167,1.4872208696978793,0.18497411003664366,28.21831206577479,0.0515268,128817,ok,right
8,171,1,3,0.038400000000000004,1.0,3.0,30.0,0.24815872590988874,-0.048142505243111824,4.016581339192099,1.2488317953760293,0.20176311996610896,15.46109331169908,0.050796799999999996,126992,ok,right
8,228,1,3,0.038400000000000004,1.0,3.0,30.0,0.206799010746181,-0.028814717535513405,0.812770949389571,1.2079610966484278,0.003158675284406132,0.8926979007484355,0.0513524,128381,ok,right
8,239,1,3,0.038400000000000004,1.0,3.0,30.0,-0.0014313481748104097,0.34909769461209433,0.7189213050437517,0.9987027679108368,0.03264701222123935,15.61966539157307,0.0483832,120958,ok,right
8,264,1,3,0.038400000000000004,1.0,3.0,30.0,-0.09604750517755747,-0.09166134215980055,2.2200741000488637,0.9040458521113927,-0.07131297731469194,-6.958653226560105,0.0485224,121306,ok,right
8,313,1,3,0.038400000000000004,1.0,3.0,30.0,0.39140972308814526,0.10608060027967395,3.0246989890708944,1.3916602612542304,0.03477438203531526,15.132129216521424,0.0497192,124298,ok,right
8,315,1,3,0.038400000000000004,1.0,3.0,30.0,0.6564265282824636,0.31592708307055123,5.798369713349813,1.6575846230203024,0.12168996484660322,0.49658466869196677,0.048962399999999996,122406,ok,right
8,446,1,3,0.038400000000000004,1.0,3.0,30.0,0.06615544557571411,-0.17268516969692585,0.29000767166358826,1.0665209005286167,0.12757145593618172,7.112218340767781,0.0507684,126921,ok,right
8,447,1,3,0.038400000000000004,1.0,3.0,30.0,0.09270607288926841,0.03473075231789673,5.588047958958817,1.0930932132894071,0.008870105566429568,-25.591360873559996,0.0507196,126799,ok,right
8,486,1,3,0.038400000000000004,1.0,3.0,30.0,0.6743010822683573,-0.04829903514491237,3.5915770515547347,1.6747131146779612,0.2575398377792569,2.531455200939269,0.0481124,120281,ok,right
8,533,1,3,0.038400000000000004,1.0,3.0,30.0,0.3605887023732066,0.15993606896129314,5.928474457077475,1.361008534777903,-0.03515591164109004,2.71365425452065,0.0497764,124441,ok,right
8,619,1,3,0.038400000000000004,1.0,3.0,30.0,0.6485787373036147,0.06523781801383398,0.23104371249229871,1.6488667530554746,-0.41758993081102214,-18.20516207294292,0.049121599999999994,122804,ok,right
8,729,1,3,0.038400000000000004,1.0,3.0,30.0,0.08281806632876397,-0.3615255904395257,5.474224475262416,1.084305893140987,-0.14288152661151296,21.078004251788578,0.0480824,120206,ok,right
8,753,1,3,0.038400000000000004,1.0,3.0,30.0,-0.07488861195743084,0.040688643829434566,0.5782831868787649,0.9252035492264328,0.022171614549853683,0.8961878448745388,0.051622799999999996,129057,ok,right
8,786,1,3,0.038400000000000004,1.0,3.0,30.0,0.6731087686493993,0.3095906665717456,0.16948352430907837,1.6734255646922167,-0.17434569169995306,15.420928588919418,0.0509328,127332,ok,right
8,912,1,3,0.038400000000000004,1.0,3.0,30.0,0.07542179841548205,0.5684282330684279,5.540971269797181,1.07642593540018,-0.1321260971310321,9.261545492181925,0.049752399999999995,124381,ok,right
8,934,1,3,0.038400000000000004,1.0,3.0,30.0,0.4325842147693038,-0.38759423586278546,4.7642517801299,1.4326027812438022,-0.15044817085325687,8.876964942663513,0.048279999999999997,120700,ok,right
8,991,1,3,0.038400000000000004,1.0,3.0,30.0,0.39736898541450505,-0.29891504414786474,5.367186674171218,1.39785041291708,0.094399598664432,-18.025096617435477,0.050001199999999996,125003,ok,right
8,96,1,3,0.038400000000000004,1.0,3.0,30.0,-0.08817061204463245,0.30958909649456784,1.0465139081220243,0.9122064132196063,-0.03920550750795948,-9.318843498328201,0.0529944,132486,ok,right
8,206,1,3,0.038400000000000004,1.0,3.0,30.0,0.6997740190476179,0.03913063772392261,2.27709584967933,1.7000823579646054,0.008612978169364988,0.9951762847769001,0.053624399999999996,134061,ok,right
8,245,1,3,0.038400000000000004,1.0,3.0,30.0,-0.0627989249303937,0.3441807979543636,3.9638538553836127,0.9375485337814067,-0.05000268124284824,9.00236370154652,0.0528352,132088,ok,right
8,339,1,3,0.038400000000000004,1.0,3.0,30.0,0.018161130137741566,0.040361435908286336,1.554637129722334,1.0186543599695177,-0.08852118176750422,6.754687276399916,0.055591999999999996,138980,ok,right
8,379,1,3,0.038400000000000004,1.0,3.0,30.0,0.03157135508954525,-0.16736143475929896,2.6755279259288605,1.0315770348055613,-0.018073550829522722,-5.26825622626566,0.0551988,137997,ok,right
8,384,1,3,0.038400000000000004,1.0,3.0,30.0,0.6847370875999332,0.26236691328551787,2.7903891422681344,1.6847764186122534,0.3289754207992121,14.51396943458768,0.0558412,139603,ok,right
8,399,1,3,0.038400000000000004,1.0,3.0,30.0,0.5086838873103261,-0.14698012066954913,1.1037354016611975,1.5094029540485963,-0.26385781465569574,16.17437804977996,0.0550596,137649,ok,right
8,504,1,3,0.038400000000000004,1.0,3.0,30.0,-0.01839701533317566,0.3690239854223437,0.08155580306941229,0.9827556665676227,-0.051120139315358394,-6.418969225206195,0.0536136,134034,ok,right
8,551,1,3,0.038400000000000004,1.0,3.0,30.0,-0.002301045507192612,-0.2505273594613591,5.9727138327164715,0.9981797574997581,0.11698646757813604,40.86042692700392,0.0527444,131861,ok,right
8,617,1,3,0.038400000000000004,1.0,3.0,30.0,0.6641201816499234,-0.04641594637870599,4.881084888617826,1.6643677691255074,-0.1847006008002967,15.732058058454196,0.0548308,137077,ok,right
8,689,1,3,0.038400000000000004,1.0,3.0,30.0,0.6817920371890068,0.06120372637128772,5.077266498175033,1.682728626170812,-0.0016303603318605696,-12.796994058559264,0.054422399999999996,136056,ok,right
8,923,1,3,0.038400000000000004,1.0,3.0,30.0,0.5093499843031168,0.07667859028636706,0.3392520821138031,1.5095620496912898,-0.26964758688393525,19.208719017509033,0.05223,130575,ok,right
8,984,1,3,0.038400000000000004,1.0,3.0,30.0,-0.058044807985424995,0.13280609241333813,3.7274238189635875,0.9419594942241554,0.042686412015141936,6.6482484997773765,0.053848,134620,ok,right
8,86,1,3,0.038400000000000004,1.0,3.0,30.0,-0.05136573631316424,0.4875874798586703,2.294384330271084,0.9491352418241014,-0.18712662077049208,-17.311305528371374,0.0579552,144888,ok,right
8,262,1,3,0.038400000000000004,1.0,3.0,30.0,0.5867987966164947,0.22181405264589527,5.8034884871158585,1.5873281070454766,-0.2684071507036792,12.390956286670898,0.057932,144830,ok,right
8,363,1,3,0.038400000000000004,1.0,3.0,30.0,0.6315910521894694,-0.2872687136180288,5.373406899439996,1.6321605464271416,-0.061077199247205734,2.2561718742489254,0.05803,145075,ok,right
8,415,1,3,0.038400000000000004,1.0,3.0,30.0,0.47236664686352015,0.3759396871672894,3.427716386008865,1.472652235152879,0.04239803769727465,2.8306479738758394,0.0572124,143031,ok,right
8,424,1,3,0.038400000000000004,1.0,3.0,30.0,-0.021310266852378846,-0.11136643669629641,1.267636088256962,0.979388983263844,-0.06405043103565491,14.563856884002218,0.057999999999999996,145000,ok,right
8,497,1,3,0.038400000000000004,1.0,3.0,30.0,0.6956625826656819,-0.11178890448095571,5.540693204180346,1.6960357536269672,0.09903065992874836,7.023618309077888,0.0587612,146903,ok,right
8,569,1,3,0.038400000000000004,1.0,3.0,30.0,0.6398187512531877,0.019938631851213907,1.9158724715728583,1.6400318779097238,-0.06791596513274588,2.21149016485895,0.0577844,144461,ok,right
8,603,1,3,0.038400000000000004,1.0,3.0,30.0,0.1776236103847623,-0.17260853390336867,2.5724151208780737,1.1777704392391768,-0.05877995634125926,-15.546802958875812,0.0566968,141742,ok,right
8,660,1,3,0.038400000000000004,1.0,3.0,30.0,0.03645289056003094,-0.3024918531136517,2.376512050923159,1.0380836366031885,0.004285956611544223,0.19951089953194884,0.0565744,141436,ok,right
8,712,1,3,0.038400000000000004,1.0,3.0,30.0,0.1308194698765874,0.03236841609130271,2.2850454869622037,1.1308485780030046,0.26246371043321365,-9.585522524577058,0.057011599999999996,142529,ok,right
8,721,1,3,0.038400000000000004,1.0,3.0,30.0,0.413160964846611,-0.08034552790489356,5.610766428657127,1.413424337979519,-0.07404242168423177,8.737968347399683,0.0573064,143266,ok,right
8,732,1,3,0.038400000000000004,1.0,3.0,30.0,0.5452955957502127,-0.0910422571050709,5.6011511801434315,1.5460636022709773,-0.12766513431257295,-25.78881469605424,0.0574304,143576,ok,right
8,771,1,3,0.038400000000000004,1.0,3.0,30.0,0.6173083322122693,0.41100021412584675,5.397956288649167,1.6173507008491301,-0.004631476768331647,-6.652989190391796,0.05628,140700,ok,right
8,804,1,3,0.038400000000000004,1.0,3.0,30.0,0.6755567902699113,0.1598811589549375,3.0165377699462166,1.675622286463761,-0.1286318380130047,15.68331696207025,0.057285199999999994,143213,ok,right
8,826,1,3,0.038400000000000004,1.0,3.0,30.0,0.05718489103019238,0.36807891101918755,4.392319465713246,1.057285759213129,-0.08533994530708573,14.935550733683169,0.0560316,140079,ok,right
8,842,1,3,0.038400000000000004,1.0,3.0,30.0,0.49150674454867843,-0.020308520576947948,3.6312660892653206,1.4924657948087607,0.15886725860842163,-4.115108381653432,0.059619599999999995,149049,ok,right
8,972,1,3,0.038400000000000004,1.0,3.0,30.0,0.6681398330256343,-0.06594590496514303,4.631239423814217,1.6684103526327574,-0.11075690947938584,-0.07241569867744792,0.057544399999999996,143861,ok,right
8,14,1,3,0.038400000000000004,1.0,3.0,30.0,-0.09381096549332142,-0.18081460609134542,5.380979024860842,0.9071156300366083,-0.028749691427974167,14.792485506496366,0.0634416,158604,ok,right
8,50,1,3,0.038400000000000004,1.0,3.0,30.0,0.5332819813862443,0.5581898513163109,0.2022746253214845,1.5333578398232315,-0.07014398147255943,-15.531992725053774,0.060083599999999994,150209,ok,right
8,204,1,3,0.038400000000000004,1.0,3.0,30.0,0.4735401986166835,0.17231311679516803,2.557442672209774,1.4737740641922366,-0.10202790209953572,-1.0776640848493901,0.061880399999999995,154701,ok,right
8,216,1,3,0.038400000000000004,1.0,3.0,30.0,0.686241614818573,-0.2639530516441775,3.757792870379335,1.686329874654952,-0.10239005676598738,-6.128236566982669,0.062257999999999994,155645,ok,right
8,284,1,3,0.038400000000000004,1.0,3.0,30.0,0.6358047552406788,0.14723597868044694,5.006421758498689,1.6367772379021264,0.19018251446644632,-6.325515091778,0.0625128,156282,ok,right
8,345,1,3,0.038400000000000004,1.0,3.0,30.0,0.6159717947244645,-0.3225790411611014,4.4300990544704755,1.616410907236002,-0.0018798349215798675,5.541383149328478,0.0605456,151364,ok,right
8,364,1,3,0.038400000000000004,1.0,3.0,30.0,0.6920932091772557,0.03885367073675443,2.5324621259326094,1.6923930213801455,0.17670177402473494,-3.1803680636730025,0.0638904,159726,ok,right
8,401,1,3,0.038400000000000004,1.0,3.0,30.0,0.3889035040512681,-0.11031901341437578,3.8668396983317086,1.3892143225977087,0.09616863571578854,0.9649523377526195,0.061491199999999996,153728,ok,right
8,511,1,3,0.038400000000000004,1.0,3.0,30.0,0.6706422511488199,0.02236588276009061,5.89281047315225,1.6727758443675182,-0.29278400448786923,3.580417040050204,0.06388479999999999,159712,ok,right
8,630,1,3,0.038400000000000004,1.0,3.0,30.0,0.608653673157096,-0.057201894914009115,0.44206472855892204,1.6090641654410562,0.11734998318187828,8.579162237317027,0.0615408,153852,ok,right
8,682,1,3,0.038400000000000004,1.0,3.0,30.0,0.08061994202435017,0.13891083573547283,1.5820303819383856,1.0810702166121986,-0.03555009379202363,2.1288694258728498,0.061401199999999996,153503,ok,right
8,692,1,3,0.038400000000000004,1.0,3.0,30.0,0.23412613216787578,0.12499660872450376,4.486284250489412,1.2344866811862918,-0.059534123947936876,12.360072779335688,0.06384959999999999,159624,ok,right
8,896,1,3,0.038400000000000004,1.0,3.0,30.0,0.5553840599954128,-0.3194885146090874,1.9402819004835494,1.5560401982997933,-0.10367919241550641,-3.553463581458199,0.061804399999999995,154511,ok,right
8,38,1,3,0.038400000000000004,1.0,3.0,30.0,0.3149000251665712,-0.7749245026868872,2.7415290842848856,1.3155312315257455,-0.02150946416499206,6.563518788900559,0.06495279999999999,162382,ok,right
8,73,1,3,0.038400000000000004,1.0,3.0,30.0,0.23147871661931277,-0.42551827034336975,0.4440686352068203,1.2315492042529548,-0.031033222590510973,-10.02654839126903,0.0652164,163041,ok,right
8,224,1,3,0.038400000000000004,1.0,3.0,30.0,0.6613869478926063,0.36519151735446964,2.7339238881379395,1.6616165868482469,0.08486364610899128,-9.188762767910214,0.0667444,166861,ok,right
8,240,1,3,0.038400000000000004,1.0,3.0,30.0,-0.08160669282078743,0.33855832359580346,5.6047024152437706,0.9188134228297888,0.02772349762934809,-3.5179237911245234,0.06552079999999999,163802,ok,right
8,330,1,3,0.038400000000000004,1.0,3.0,30.0,0.09872162491083146,-0.11717103123313961,2.341742609219208,1.0997507001733546,0.15743410679515812,-15.402631831934139,0.0678776,169694,ok,right
8,349,1,3,0.038400000000000004,1.0,3.0,30.0,0.2718203254044056,-0.11408057060137558,2.7120148905116763,1.2720868561228886,-0.1469551658883969,2.816333259013359,0.06423319999999999,160583,ok,right
8,382,1,3,0.038400000000000004,1.0,3.0,30.0,0.69296640958637,-0.12179767161166939,1.136826443304478,1.693057906086152,-0.09295544811233387,-5.655743424830325,0.066268,165670,ok,right
8,451,1,3,0.038400000000000004,1.0,3.0,30.0,0.32221215292811395,0.1004074817889312,0.1938956654698886,1.322378017253952,-0.08411052608042437,9.3986272629663,0.06599479999999999,164987,ok,right
8,527,1,3,0.038400000000000004,1.0,3.0,30.0,0.552525294572115,0.49224954512069125,4.965649649388118,1.553997703979492,0.20577843359702105,-9.930152838427787,0.0653648,163412,ok,right
8,601,1,3,0.038400000000000004,1.0,3.0,30.0,-0.006998841650784016,0.23807068324488767,1.1503916642589516,0.9946007098074714,0.015413583481168527,37.69048676693154,0.06668639999999999,166716,ok,right
8,661,1,3,0.038400000000000004,1.0,3.0,30.0,0.08885191921144725,0.09891663512432305,5.8993018751566275,1.0891570932451458,0.2652328726310311,19.371163246291946,0.0656196,164049,ok,right
8,698,1,3,0.038400000000000004,1.0,3.0,30.0,-0.09302513804286719,-0.2949432474235578,2.909452473756657,0.907434678617856,0.014185427882157254,0.6123018086626304,0.0653392,163348,ok,right
8,784,1,3,0.038400000000000004,1.0,3.0,30.0,0.6279482040554285,0.01821641502002485,1.8949320734697959,1.6283842991570758,-0.18408633554888928,-3.169839454944115,0.06693919999999999,167348,ok,right
8,881,1,3,0.038400000000000004,1.0,3.0,30.0,0.44502012319862844,-0.5261947838632545,0.49188654546043326,1.4452076715897257,-0.07299936698790459,-11.65441977200247,0.0676708,169177,ok,right
8,935,1,3,0.038400000000000004,1.0,3.0,30.0,-0.0837829452008009,-0.23433698063549802,6.179369897685361,0.9172539105565185,0.029781925760395983,19.117892078341963,0.0671036,167759,ok,right
8,983,1,3,0.038400000000000004,1.0,3.0,30.0,0.5931877491995693,-0.1615743286782772,0.9385975764479298,1.5941265738959671,-0.1224214129289474,26.310361257241695,0.06667279999999999,166682,ok,right
8,142,1,3,0.038400000000000004,1.0,3.0,30.0,0.42478139083832506,0.24347005422504228,0.5785347005324609,1.425102376606512,-0.21462088757450973,7.152612946714477,0.0696236,174059,ok,right
8,400,1,3,0.038400000000000004,1.0,3.0,30.0,0.6956215044483542,0.027165377577320845,5.926457071102394,1.6962371753331869,0.2151398747157123,2.8504939144737222,0.0698612,174653,ok,right
8,474,1,3,0.038400000000000004,1.0,3.0,30.0,0.640657614916563,0.45372906774858307,3.145869541407909,1.6414299185565704,-0.04337513560535324,-9.676367874477464,0.07087159999999999,177179,ok,right
8,492,1,3,0.038400000000000004,1.0,3.0,30.0,0.6099623268470169,-0.06833258805898634,5.698454206462186,1.6106608024884823,0.1281796515677634,32.7896930621864,0.0704632,176158,ok,right
8,523,1,3,0.038400000000000004,1.0,3.0,30.0,0.019310783967375757,0.032660400432329616,1.501510513585527,1.0198213381755064,0.0607136772186974,-2.022714468597816,0.07023159999999999,175579,ok,right
8,713,1,3,0.038400000000000004,1.0,3.0,30.0,0.3822779830545187,-0.1017194155091791,5.625568573180146,1.3830150712520892,0.056736976366298764,3.1294765029012686,0.0702964,175741,ok,right
8,794,1,3,0.038400000000000004,1.0,3.0,30.0,0.6675073314458132,-0.2806116991225042,0.441038912846723,1.6681668522316901,-0.025828588636846384,-10.05810714710183,0.0692112,173028,ok,right
8,849,1,3,0.038400000000000004,1.0,3.0,30.0,0.42003303449600937,0.054527485932571174,1.2501178739358763,1.4204042618122474,0.1223334622221781,-12.117125106126723,0.071856,179640,ok,right
8,943,1,3,0.038400000000000004,1.0,3.0,30.0,-0.02353583537042141,-0.21205209120796972,4.263377665786862,0.977203310457903,-0.02262205894567607,-21.667737409526953,0.0680228,170057,ok,right
8,41,1,3,0.038400000000000004,1.0,3.0,30.0,0.5562162822112441,-0.26104812017446344,4.3580265227602375,1.5570373756558242,-0.10508366365409078,14.67144130969528,0.0739596,184899,ok,right
8,117,1,3,0.038400000000000004,1.0,3.0,30.0,0.5845859630033374,0.13015910576817638,3.193306414166924,1.5849606345132545,-0.30600653613935724,-4.242844297713734,0.074892,187230,ok,right
8,127,1,3,0.038400000000000004,1.0,3.0,30.0,0.24000735040754081,0.40842610934706663,4.011572939669299,1.2400532707940963,-0.03679582366623627,7.956365437522141,0.0737444,184361,ok,right
8,160,1,3,0.038400000000000004,1.0,3.0,30.0,-0.045346486009657384,-0.38278828078100346,0.2675098773058635,0.9548453834371208,-0.011449884557776782,-9.310799569609479,0.07408,185200,ok,right
8,190,1,3,0.038400000000000004,1.0,3.0,30.0,0.24002708494663239,0.2832038801397572,5.70497509504337,1.24046890513628,0.09360165498067795,-6.055445911185852,0.0731192,182798,ok,right
8,248,1,3,0.038400000000000004,1.0,3.0,30.0,-0.011891731433570385,0.8317539130956608,5.72008948333831,0.9882055334555269,-0.03349355269249014,-13.555933574022937,0.07356359999999999,183909,ok,right
8,374,1,3,0.038400000000000004,1.0,3.0,30.0,0.6013298161327839,-0.20087228341683885,0.2249390650663728,1.6016025613668077,-0.015241539751947615,8.687291327791096,0.0730552,182638,ok,right
8,386,1,3,0.038400000000000004,1.0,3.0,30.0,0.5737204741686582,-0.22639322171716886,0.5464740608495583,1.5744956193591073,0.005846391631592664,-3.9444446418244836,0.07538399999999999,188460,ok,right
8,393,1,3,0.038400000000000004,1.0,3.0,30.0,0.5176841473206878,0.14835203499721103,4.7023779920496995,1.5177800129643262,-0.14660356291286897,-32.11342844687674,0.0732448,183112,ok,right
8,402,1,3,0.038400000000000004,1.0,3.0,30.0,0.4364484237506986,0.1463422642644251,4.541867907760417,1.4370166192550538,0.035677417792091104,-16.365541037721393,0.073112,182780,ok,right
8,412,1,3,0.038400000000000004,1.0,3.0,30.0,0.5535559013485909,-0.057081081434606176,2.286526330176696,1.5540844338723703,-0.01750339583108033,-9.119459149162553,0.07538439999999999,188461,ok,right
8,418,1,3,0.038400000000000004,1.0,3.0,30.0,0.12364230584353209,0.11955603100776623,2.232803555904652,1.123723340013735,-0.005514327151044662,-5.594385454741182,0.0742544,185636,ok,right
8,477,1,3,0.038400000000000004,1.0,3.0,30.0,0.542139394953847,-0.47459600394718315,2.6788690186987854,1.542935501769462,0.03099273984107612,-18.554411266842227,0.0743012,185753,ok,right
8,550,1,3,0.038400000000000004,1.0,3.0,30.0,0.6689093498513103,0.3215190783753059,1.1037017706374734,1.6692333568211946,-0.30381770534030816,-5.4476460828631215,0.07218519999999999,180463,ok,right
8,607,1,3,0.038400000000000004,1.0,3.0,30.0,0.44285667315125465,0.10281572561581817,3.95726872860665,1.4430741379000103,-0.019717183600351792,8.721692535778923,0.0726124,181531,ok,right
8,612,1,3,0.038400000000000004,1.0,3.0,30.0,0.048168357089161874,0.17000252361408244,0.44860321458168123,1.048548033249038,-0.20539961673579737,9.596789505482333,0.0748892,187223,ok,right
8,614,1,3,0.038400000000000004,1.0,3.0,30.0,0.5913895785808564,0.13156971641964677,3.9062853459726923,1.5922912080637774,0.1676209534886394,-3.59813803716602,0.0754952,188738,ok,right
8,639,1,3,0.038400000000000004,1.0,3.0,30.0,-0.08164677955210209,-0.205902379449206,2.9719980030975774,0.9185869542206878,-0.0023908570044413103,18.291663742394054,0.0728388,182097,ok,right
8,651,1,3,0.038400000000000004,1.0,3.0,30.0,0.5702829075977206,-0.3790656790085022,2.385807275866588,1.5719412323548123,-0.044134763738483865,6.53502058540263,0.07489559999999999,187239,ok,right
8,805,1,3,0.038400000000000004,1.0,3.0,30.0,-0.09971672464162112,-0.017782360746713403,6.066175803771285,0.9012554389269929,-0.016283630737674318,-15.317116131529083,0.0746568,186642,ok,right
8,977,1,3,0.038400000000000004,1.0,3.0,30.0,0.2849151911213994,0.04189053450276407,1.1569046194353914,1.2856633575508365,-0.03627487694303491,-9.85044696599944,0.0720256,180064,ok,right
8,10,1,3,0.038400000000000004,1.0,3.0,30.0,0.6887913975864649,-0.043275701867696865,3.9665899218089042,1.6894946946810923,0.05977594948745915,-9.319649232429102,0.07658319999999999,191458,ok,right
8,139,1,3,0.038400000000000004,1.0,3.0,30.0,0.43531556557863954,0.25786355876548644,2.9161604403018173,1.4358284820776481,0.3169040390767157,9.216894416543303,0.0792148,198037,ok,right
8,194,1,3,0.038400000000000004,1.0,3.0,30.0,-0.09955025166273118,-0.18718488996008864,0.08348626245222283,0.9015060711684747,-0.014987297080082297,-6.117506591806588,0.0767364,191841,ok,right
8,214,1,3,0.038400000000000004,1.0,3.0,30.0,0.6992385564371943,0.033593198523381385,0.44343295780259057,1.6993515779978858,-0.23859045087780417,13.626111209889817,0.077952,194880,ok,right
8,282,1,3,0.038400000000000004,1.0,3.0,30.0,-0.0725277228280902,0.002241032423120689,0.4256359347022857,0.9281387354642616,-0.029891186855459377,9.150093974256832,0.07611319999999999,190283,ok,right
8,311,1,3,0.038400000000000004,1.0,3.0,30.0,0.3384254228323698,-0.1264710958427221,1.402177220298004,1.3396100980743533,0.32174411733416525,1.0114232811321373,0.0780932,195233,ok,right
8,351,1,3,0.038400000000000004,1.0,3.0,30.0,0.4684272011741996,-0.4016659347994318,2.1213882723594537,1.4688220455330478,0.40391642917169196,-2.9505276284583895,0.0774976,193744,ok,right
8,482,1,3,0.038400000000000004,1.0,3.0,30.0,0.0723649263381958,0.6260885370925001,3.575791144362623,1.0727478502200534,0.1059035169733393,16.264359078391525,0.0781716,195429,ok,right
8,487,1,3,0.038400000000000004,1.0,3.0,30.0,0.027513218857347966,-0.20410289772619736,0.8315963702524848,1.0275905390301543,0.023358743875526847,0.8340193317907449,0.078274,195685,ok,right
8,540,1,3,0.038400000000000004,1.0,3.0,30.0,0.23546240329742432,-0.3464268540494148,2.612370096614617,1.2357727011034267,0.1365748206445537,8.784226408206726,0.076806,192015,ok,right
8,609,1,3,0.038400000000000004,1.0,3.0,30.0,0.6982923148199917,-0.15102597173638177,0.09553906895713546,1.698314681592635,-0.2095673896237273,-16.493596406298202,0.0791872,197968,ok,right
8,679,1,3,0.038400000000000004,1.0,3.0,30.0,0.18886155132204296,0.024867696785655622,0.7841512232288137,1.189867531582325,-0.08915828675417732,5.9503663518486425,0.0769412,192353,ok,right
8,857,1,3,0.038400000000000004,1.0,3.0,30.0,0.03514515589922667,0.24304348092783862,0.3356320401245237,1.0364770647318775,0.00016004248902342326,-6.3867624821145395,0.079748,199370,ok,right
8,871,1,3,0.038400000000000004,1.0,3.0,30.0,0.5576361170038581,-0.12976146490238688,3.861853077270354,1.5594301265993915,0.06877392657259458,0.40895741368593796,0.0765392,191348,ok,right
8,908,1,3,0.038400000000000004,1.0,3.0,30.0,0.26480687186121943,0.6130735154544557,4.765972364896305,1.2654728726880045,-0.0893207617376186,27.847499579648346,0.0778108,194527,ok,right
8,949,1,3,0.038400000000000004,1.0,3.0,30.0,0.014623876474797726,-0.3144749193824638,4.674269506018431,1.0148186785141966,-0.06975547188618281,5.781727883920593,0.07735439999999999,193386,ok,right
8,68,1,3,0.038400000000000004,1.0,3.0,30.0,0.346695108152926,-0.16805021378824597,6.105922012320408,1.3468493297501054,0.09838769397442167,21.466737891589517,0.0822376,205594,ok,right
8,102,1,3,0.038400000000000004,1.0,3.0,30.0,0.27694921642541886,-0.420082523436229,0.9197125124149242,1.276995129369648,-0.1576019390363813,2.847853890964193,0.08341839999999999,208546,ok,right
8,107,1,3,0.038400000000000004,1.0,3.0,30.0,0.012052400782704354,-0.4943493048565805,3.116668135612146,1.01224850938748,-0.18982813657169087,-3.566472240425586,0.0823884,205971,ok,right
8,120,1,3,0.038400000000000004,1.0,3.0,30.0,-0.04646957851946354,-0.2834858692453941,3.359530482386573,0.9547612013115536,-0.09224347121847622,15.311711815597402,0.08046919999999999,201173,ok,right
8,141,1,3,0.038400000000000004,1.0,3.0,30.0,-0.051978121325373654,-0.03241731584287917,2.7879895265202213,0.9480840888591088,0.04277052851398459,-0.07374705094004688,0.0832588,208147,ok,right
8,223,1,3,0.038400000000000004,1.0,3.0,30.0,-0.06538013536483049,-0.4722214434640841,3.2232595667502437,0.9346897923339194,0.03980091386672965,-3.983160989043923,0.08181039999999999,204526,ok,right
8,257,1,3,0.038400000000000004,1.0,3.0,30.0,0.0004203757271170616,0.4303513530055255,0.728217290704582,1.0006473339033801,-0.1404513392758043,-13.306258775689374,0.082624,206560,ok,right
8,319,1,3,0.038400000000000004,1.0,3.0,30.0,0.20618824213743212,-0.01592396869899048,2.210189266454439,1.2063726979934954,0.23524498483677944,-3.9788666075804033,0.0800756,200189,ok,right
8,344,1,3,0.038400000000000004,1.0,3.0,30.0,0.1098580101504922,0.0697937375995278,0.30646407224729844,1.1100099521065672,-0.09141032604096454,15.917210744532774,0.0804956,201239,ok,right
8,473,1,3,0.038400000000000004,1.0,3.0,30.0,0.4309101203456521,0.623124787071313,2.894061064368391,1.4312553478071903,-0.1773573782158078,3.263134131359215,0.0824048,206012,ok,right
8,483,1,3,0.038400000000000004,1.0,3.0,30.0,0.5572583585977554,-0.3024598215513329,4.790117415251711,1.558212447521704,-0.16174140404573437,-2.88721625812263,0.0801404,200351,ok,right
8,618,1,3,0.038400000000000004,1.0,3.0,30.0,0.5698144655674696,0.12996929375172914,2.1066588772895978,1.5707289071194706,-0.11517655396320796,-15.744080165382893,0.08261,206525,ok,right
8,662,1,3,0.038400000000000004,1.0,3.0,30.0,0.5935606276616454,0.343960776078628,1.85141720508372,1.594265964040153,0.14727242503398047,-16.24501979271845,0.0837948,209487,ok,right
8,749,1,3,0.038400000000000004,1.0,3.0,30.0,-0.02797865103930235,-0.6452981805151631,5.383742200621061,0.9726334976528882,-0.007403621395053172,-9.510331264766899,0.0804864,201216,ok,right
8,773,1,3,0.038400000000000004,1.0,3.0,30.0,0.4743629723787308,-0.358528844846349,3.3150070241486818,1.4761642167223736,0.05578656492777791,-0.037904638195537924,0.081842,204605,ok,right
8,828,1,3,0.038400000000000004,1.0,3.0,30.0,0.5610945349559188,-0.04994260023433079,4.245818854026158,1.5617383661800444,-0.20000282501349306,2.5467153894366956,0.08304679999999999,207617,ok,right
8,845,1,3,0.038400000000000004,1.0,3.0,30.0,0.02359453719109297,-0.15296910898987784,4.8779868128733925,1.0239999898791954,-0.1279715513289134,-9.596418820175058,0.08076799999999999,201920,ok,right
8,861,1,3,0.038400000000000004,1.0,3.0,30.0,0.6809168694540859,-0.0005490819653833504,1.8584118991836627,1.6815906027653227,0.2882591403529235,21.080728473629982,0.08147,203675,ok,right
8,964,1,3,0.038400000000000004,1.0,3.0,30.0,0.5898937674239279,0.226413093046861,5.895858622428474,1.5909055376503558,0.09092624698187335,34.37191395816605,0.0831344,207836,ok,right
8,995,1,3,0.038400000000000004,1.0,3.0,30.0,0.6336429215967656,0.3817547783048951,3.505813335791726,1.6338428162668477,0.0408722182502509,-12.771233237799935,0.08104399999999999,202610,ok,right
8,189,1,3,0.038400000000000004,1.0,3.0,30.0,0.12042772211134434,-0.5233547712124403,0.04516382722040136,1.1209587870540294,-0.02915397606263344,9.113543213769246,0.084686,211715,ok,right
8,356,1,3,0.038400000000000004,1.0,3.0,30.0,0.6774786265566946,-0.39864218454800093,5.454805864525048,1.6778542641871372,-0.28657626727983193,-18.652781727423886,0.0845216,211304,ok,right
8,371,1,3,0.038400000000000004,1.0,3.0,30.0,0.30764879584312443,0.4105925483499062,6.274948986229473,1.3078364640774267,0.18136638997459772,20.82935563197856,0.0875904,218976,ok,right
8,403,1,3,0.038400000000000004,1.0,3.0,30.0,0.5812430342659355,-0.45663658454158024,1.9451276951989214,1.5820698616736475,0.1817685648029907,-6.33725493938839,0.0860904,215226,ok,right
8,448,1,3,0.038400000000000004,1.0,3.0,30.0,0.4866583047434688,-0.5894228340473677,2.180271728611759,1.487083719771162,-0.08694303218696407,6.956235312383257,0.0870548,217637,ok,right
8,465,1,3,0.038400000000000004,1.0,3.0,30.0,0.638182189501822,0.2760921996353725,3.6530783397302478,1.6383256775472628,0.2846651246392848,34.53222138316149,0.08427839999999999,210696,ok,right
8,472,1,3,0.038400000000000004,1.0,3.0,30.0,0.5497723063454032,0.21264174273961278,2.4982754420342888,1.5498737734232908,-0.2249589579093432,-5.058947304289522,0.0859868,214967,ok,right
8,510,1,3,0.038400000000000004,1.0,3.0,30.0,0.05467004366219044,-0.03840250893549406,4.519654175520733,1.0547400265146922,-0.002174710969275384,15.68013014961385,0.08628079999999999,215702,ok,right
8,654,1,3,0.038400000000000004,1.0,3.0,30.0,0.6560179637745023,-0.2576938268965929,6.0332638627996955,1.656286863639337,-0.4048483237127738,17.98481019871819,0.0877196,219299,ok,right
8,668,1,3,0.038400000000000004,1.0,3.0,30.0,0.46192696765065194,-0.5592851820174111,2.480112228594972,1.4622403110735858,-0.2024604399713079,12.97944275343263,0.08421479999999999,210537,ok,right
8,694,1,3,0.038400000000000004,1.0,3.0,30.0,0.34834400173276664,1.0323765359102424,0.3489515420438133,1.3486600690987842,-0.028820334024798232,-5.785294971761854,0.0878548,219637,ok,right
8,781,1,3,0.038400000000000004,1.0,3.0,30.0,0.31340812481939795,-0.5401743876213216,1.6329715374419855,1.3142516349159103,0.26808695252707565,27.876216187689053,0.0850952,212738,ok,right
8,836,1,3,0.038400000000000004,1.0,3.0,30.0,-0.09968661572784186,-0.10564552739358192,4.274815670728536,0.9007593752594231,0.02442844560572337,-3.6503374273570426,0.0874276,218569,ok,right
8,5,1,3,0.038400000000000004,1.0,3.0,30.0,-0.09522874802350999,0.17838555892939945,1.2979858364686532,0.9050509643468886,0.002344042566470966,15.10158860808365,0.0909384,227346,ok,right
8,27,1,3,0.038400000000000004,1.0,3.0,30.0,0.4980334028601647,0.717934674583693,0.9628004822875348,1.4986397439713308,-0.18969050243200025,-0.20389908612570415,0.08884679999999999,222117,ok,right
8,90,1,3,0.038400000000000004,1.0,3.0,30.0,-0.022143829613924026,0.46475030706615117,3.514620324992462,0.9783762516068937,0.11433759709151953,-15.867743340610481,0.0912776,228194,ok,right
8,149,1,3,0.038400000000000004,1.0,3.0,30.0,0.38523232731968166,-0.4897529318974489,4.946511516619498,1.3856871293262814,-0.08424570442635033,-12.771565094671217,0.0895236,223809,ok,right
8,154,1,3,0.038400000000000004,1.0,3.0,30.0,0.6536244256421924,-0.005535691445072897,0.22616152037511464,1.6539498940937245,-0.13093827376897135,2.7131291195236313,0.09025599999999999,225640,ok,right
8,210,1,3,0.038400000000000004,1.0,3.0,30.0,0.6382865132763982,-0.257666533476134,0.43645789898910803,1.6387516886240272,-0.06518301102355697,-9.771878987944927,0.09067399999999999,226685,ok,right
8,291,1,3,0.038400000000000004,1.0,3.0,30.0,0.6955675939098,-0.12119109147869041,3.9771634752912766,1.696093745676811,-0.20555537384135286,13.111475610134585,0.0905136,226284,ok,right
8,406,1,3,0.038400000000000004,1.0,3.0,30.0,0.6628280278295279,-0.15645401801524547,2.5460404619476638,1.663671077892805,0.33364462465775246,19.232319383589477,0.0894864,223716,ok,right
8,622,1,3,0.038400000000000004,1.0,3.0,30.0,0.4242377191781998,0.2832526144966955,5.240409342003604,1.4249095504770013,0.022934923034474964,29.56075966758278,0.09026959999999999,225674,ok,right
8,667,1,3,0.038400000000000004,1.0,3.0,30.0,0.6879481194540858,0.2652189340711954,5.59399818514105,1.6889802576502382,-0.24871719081058685,9.83128902938392,0.08951239999999999,223781,ok,right
8,677,1,3,0.038400000000000004,1.0,3.0,30.0,0.653484307602048,0.35527404534294277,1.3606427406887842,1.6543182354784858,-0.1299155790163616,-19.345873837979838,0.088818,222045,ok,right
8,763,1,3,0.038400000000000004,1.0,3.0,30.0,0.20569937620311976,0.03452433647557757,1.159157112437909,1.2062105166260166,0.07792643215784133,31.0897247218936,0.089446,223615,ok,right
8,797,1,3,0.038400000000000004,1.0,3.0,30.0,0.6223339885473251,0.026354844661429563,3.1660924586535852,1.6229180772721234,0.11680311508615772,3.0104833279592365,0.08847519999999999,221188,ok,right
8,848,1,3,0.038400000000000004,1.0,3.0,30.0,0.49202892594039443,-0.2479689871137552,5.5473949708786865,1.4923395420124026,0.0737844855907192,8.254659707874948,0.090566,226415,ok,right
8,875,1,3,0.038400000000000004,1.0,3.0,30.0,0.16099733095616103,-0.5470150872891381,2.133376887481966,1.161883984436749,0.20454941787468567,-10.384524261687632,0.0887476,221869,ok,right
8,948,1,3,0.038400000000000004,1.0,3.0,30.0,0.6057891523465515,0.4532022239307514,3.3071968483092227,1.6060278581661025,-0.11918659256398273,25.946384257247814,0.0915508,228877,ok,right
8,954,1,3,0.038400000000000004,1.0,3.0,30.0,0.24992215801030399,0.1771836771139671,6.213519885746582,1.250049510330463,0.3610579834686414,-7.380180631547271,0.0896204,224051,ok,right
8,974,1,3,0.038400000000000004,1.0,3.0,30.0,0.40273149963468313,-0.02586439387418377,5.634328415457024,1.4031372068528671,0.19513822691182026,7.81486530246398,0.08942,223550,ok,right
8,980,1,3,0.038400000000000004,1.0,3.0,30.0,0.6937116840854287,-0.018013951233645693,4.253737367726895,1.6943176245889093,-0.2262621681491199,7.579728992817715,0.0899664,224916,ok,right
8,986,1,3,0.038400000000000004,1.0,3.0,30.0,0.26320030987262727,-0.014891544904779242,5.658503141105668,1.2635786434167682,-0.20909701627737906,-19.09048963195761,0.0880464,220116,ok,right
8,7,1,3,0.038400000000000004,1.0,3.0,30.0,0.6926645535975695,-0.2776474481482528,4.811984823579898,1.692724135107847,0.10894687540102864,19.335098595120407,0.09393399999999999,234835,ok,right
8,169,1,3,0.038400000000000004,1.0,3.0,30.0,0.28452663104981185,-0.2875477556205847,1.1805925634819134,1.2847758916706968,-0.18924876662693535,-28.746478975407932,0.09488279999999999,237207,ok,right
8,192,1,3,0.038400000000000004,1.0,3.0,30.0,0.6324392881244422,-0.29055298677702024,4.114051547788952,1.632478086426656,-0.08068734106571893,26.194363485159627,0.09338479999999999,233462,ok,right
8,200,1,3,0.038400000000000004,1.0,3.0,30.0,0.569779396802187,-0.25148576036867276,1.4702190586736859,1.569906368136558,-0.20555883196741143,8.152432357284068,0.0948784,237196,ok,right
8,246,1,3,0.038400000000000004,1.0,3.0,30.0,-0.04926087521016598,-0.2852641740544507,5.8873480175047606,0.9507959974111615,0.04966510358329091,43.813250140730744,0.0930448,232612,ok,right
8,373,1,3,0.038400000000000004,1.0,3.0,30.0,0.4085081132128835,-0.3533413503439646,3.328566703569471,1.4094727773221718,-0.008883829364446393,8.653024249306576,0.0925648,231412,ok,right
8,444,1,3,0.038400000000000004,1.0,3.0,30.0,0.5198707709088922,-0.7244165140937465,3.0383914502511487,1.5207242219654524,-0.10969881541684649,-21.60652837700839,0.0948656,237164,ok,right
8,445,1,3,0.038400000000000004,1.0,3.0,30.0,0.013968721218407155,0.3440352187258583,1.7050836337716773,1.0141946702064866,-0.058110223277176284,10.057216642774325,0.09263479999999999,231587,ok,right
8,450,1,3,0.038400000000000004,1.0,3.0,30.0,0.6560091892257334,0.02295795579448703,5.9830701238461375,1.6566673494099158,-0.03087627994753553,-5.854490871648798,0.0928344,232086,ok,right
8,590,1,3,0.038400000000000004,1.0,3.0,30.0,0.10872945133596659,0.6709405162975819,4.647772517878233,1.1090855552514505,-0.05097760853063106,-3.6031003061194764,0.09533559999999999,238339,ok,right
8,650,1,3,0.038400000000000004,1.0,3.0,30.0,0.03279700111597777,0.5106353327837433,1.636783983879968,1.0337890560485727,0.022966479904602145,-16.46828862962248,0.0959044,239761,ok,right
8,673,1,3,0.038400000000000004,1.0,3.0,30.0,0.5117882844060659,-0.6607323207440526,2.1514571783357956,1.5123402484527453,0.09661696990098176,-6.07828420955762,0.094654,236635,ok,right
8,675,1,3,0.038400000000000004,1.0,3.0,30.0,0.44362012222409253,0.016203632349308314,0.6475033370101467,1.4444105502367184,0.06126580947125362,2.488280952913009,0.09379119999999999,234478,ok,right
8,708,1,3,0.038400000000000004,1.0,3.0,30.0,0.6442524824291468,0.23213161291112258,2.2747024732770247,1.6443800543280163,0.42097478784561865,-16.071781571968145,0.095026,237565,ok,right
8,840,1,3,0.038400000000000004,1.0,3.0,30.0,0.123287389613688,-0.2558910204867378,0.7244984022665227,1.1247143532968125,0.03635492382738092,25.81132169591684,0.0921364,230341,ok,right
8,952,1,3,0.038400000000000004,1.0,3.0,30.0,0.5178237337619066,0.3109101247931443,5.309922160600087,1.5180804646360635,0.19517098318076295,19.488391203223877,0.0949404,237351,ok,right
8,963,1,3,0.038400000000000004,1.0,3.0,30.0,0.48153498359024527,-0.3247916874630893,4.095422978645702,1.481791803788114,0.15676807342093543,15.324544707409773,0.0947872,236968,ok,right
8,219,1,3,0.038400000000000004,1.0,3.0,30.0,0.573310785740614,0.39790804190555795,1.084656366394226,1.573565843629321,-0.09039580529458947,2.4590236372191483,0.0989732,247433,ok,right
8,288,1,3,0.038400000000000004,1.0,3.0,30.0,0.4991557959467173,-0.6161723697289602,0.7334125311986304,1.5000054298565348,0.25435783377079035,28.178721471228133,0.0972864,243216,ok,right
8,327,1,3,0.038400000000000004,1.0,3.0,30.0,0.686152970418334,-0.09169355959549792,6.1231214085157255,1.6866372902823756,-0.0980688092109754,-12.548577508900246,0.0983744,245936,ok,right
8,341,1,3,0.038400000000000004,1.0,3.0,30.0,0.019036173261702063,0.21829406533014342,2.4709447822311765,1.0194105437053795,0.0446257827424928,-4.661312903766872,0.0996672,249168,ok,right
8,431,1,3,0.038400000000000004,1.0,3.0,30.0,0.486497219093144,-0.19951852194112318,6.2371607443118045,1.4865007896245426,-0.1443250968512416,21.531892923175697,0.0990416,247604,ok,right
8,710,1,3,0.038400000000000004,1.0,3.0,30.0,0.08316011056303979,0.46852498892831124,5.008204201293157,1.0832211211952334,-0.1658140089566874,20.6196492931763,0.0975784,243946,ok,right
8,765,1,3,0.038400000000000004,1.0,3.0,30.0,0.6468212526291609,-0.2695292734510953,1.779247357137013,1.6470001988959773,-0.1105198678481752,2.2765307719514265,0.0995968,248992,ok,right
8,859,1,3,0.038400000000000004,1.0,3.0,30.0,0.6552424211055041,0.3061537527723357,0.7449643482410352,1.6554988692690111,0.17711706000080965,-3.508135765803288,0.09668159999999999,241704,ok,right
8,882,1,3,0.038400000000000004,1.0,3.0,30.0,0.32564301993697886,0.4306311771595234,0.7497426658600009,1.3257693079892567,-0.05023596208741659,3.1302775394777984,0.0987888,246972,ok,right
8,989,1,3,0.038400000000000004,1.0,3.0,30.0,0.6077705206349493,-0.02375025128576683,3.130540851706455,1.6085267855272516,0.3471096965615093,18.451816704749948,0.09883399999999999,247085,ok,right
8,302,1,3,0.038400000000000004,1.0,3.0,30.0,0.6380533879622817,0.5284400419851016,6.045941063221692,1.6386206869977065,-0.19211574630167316,19.784445751264222,0.1039576,259894,ok,right
8,314,1,3,0.038400000000000004,1.0,3.0,30.0,-0.039222785457968715,-0.20783320144290562,6.261386435100494,0.961108549795908,-0.04519745875136818,1.2408373482830184,0.1034556,258639,ok,right
8,388,1,3,0.038400000000000004,1.0,3.0,30.0,0.026790239475667478,0.08656926219843745,1.3472894102518298,1.0267994011753532,-0.05717805819368321,25.61178534034462,0.1002256,250564,ok,right
8,461,1,3,0.038400000000000004,1.0,3.0,30.0,0.4443575855344534,0.3133591169294904,5.0374655267505295,1.444661289136953,0.33853604444428265,8.543698416828207,0.1012288,253072,ok,right
8,491,1,3,0.038400000000000004,1.0,3.0,30.0,0.43752733767032626,-0.04667932913919415,3.424654036186846,1.4380232202060594,0.2847451121888347,2.149677706554903,0.10108239999999999,252706,ok,right
8,674,1,3,0.038400000000000004,1.0,3.0,30.0,0.6411960225552321,-0.074644625256547,4.435954265586378,1.6417370599560617,0.3274640763296606,-11.150284652063805,0.10368799999999999,259220,ok,right
8,852,1,3,0.038400000000000004,1.0,3.0,30.0,0.32378591001033785,0.09246711892004816,2.1542827958283914,1.3247519317400103,-0.2638958167021373,-3.308292812327349,0.1038524,259631,ok,right
8,879,1,3,0.038400000000000004,1.0,3.0,30.0,0.12902458850294352,0.2786019245213816,1.8178596959187667,1.1291417571176616,-0.24939100800197508,2.6539801026076995,0.1005244,251311,ok,right
8,891,1,3,0.038400000000000004,1.0,3.0,30.0,0.09713737647980453,0.8175418966528641,3.347256444632205,1.0974705452221158,-0.13935531358441713,8.534624761119403,0.1036656,259164,ok,right
8,940,1,3,0.038400000000000004,1.0,3.0,30.0,-0.019089195504784585,-0.05444287953156592,6.272158819630692,0.981289817249915,-0.0667252120126099,-18.085631147556377,0.1006744,251686,ok,right
8,958,1,3,0.038400000000000004,1.0,3.0,30.0,0.4972277617082,-0.45847436400586955,2.4030776616246197,1.49747697434015,-0.3455383225761736,-13.457413549706871,0.1025924,256481,ok,right
8,157,1,3,0.038400000000000004,1.0,3.0,30.0,-0.08585532680153847,0.2027073493771092,0.5749655988136197,0.9146861612927653,0.03925129233287476,-5.9292671271698225,0.10552919999999999,263823,ok,right
8,168,1,3,0.038400000000000004,1.0,3.0,30.0,0.49170253258198504,0.9510848470257125,0.3417931005974223,1.4917051916888944,0.09574762523130323,25.34685185468503,0.1067412,266853,ok,right
8,186,1,3,0.038400000000000004,1.0,3.0,30.0,-0.04528485145419836,-0.43570799221841516,3.1370185095954786,0.9548139837203249,0.02454185194686503,8.181925751784489,0.1073248,268312,ok,right
8,366,1,3,0.038400000000000004,1.0,3.0,30.0,-0.03794470485299826,0.5339364579706651,5.3191139543094765,0.9621153165019027,0.08860875806648463,-42.84578581418431,0.107628,269070,ok,right
8,385,1,3,0.038400000000000004,1.0,3.0,30.0,0.4913883771747351,0.6218851155404017,0.8620978625677841,1.4927272710669013,0.07456293147257716,24.327345786983766,0.10654,266350,ok,right
8,419,1,3,0.038400000000000004,1.0,3.0,30.0,0.6395366542041302,-0.14091025858134099,3.8725690209581356,1.6397392380148164,0.07378036429399544,9.244757823613883,0.1045728,261432,ok,right
8,420,1,3,0.038400000000000004,1.0,3.0,30.0,0.5160238515585661,0.850523967145104,5.7638215438570235,1.5172686320716273,0.25644196471371117,43.555728117714665,0.10438879999999999,260972,ok,right
8,439,1,3,0.038400000000000004,1.0,3.0,30.0,0.49450350571423773,-0.19846376777458072,3.6293822969692386,1.4953924823057945,-0.015065560231363677,-0.8681328435716524,0.106652,266630,ok,right
8,449,1,3,0.038400000000000004,1.0,3.0,30.0,0.4285973792895675,0.275158804296765,1.952546110354261,1.4293926535010502,0.15782112932653525,-17.245453481974085,0.1044652,261163,ok,right
8,479,1,3,0.038400000000000004,1.0,3.0,30.0,0.373205809853971,0.4007992780768775,2.2294855509078544,1.3734667772026987,0.014107008827511739,-0.8472653488262337,0.1047244,261811,ok,right
8,501,1,3,0.038400000000000004,1.0,3.0,30.0,-0.0020682223141193392,-0.657579038384495,1.7457161307582718,0.9984711868377916,-0.11107314868796636,-5.616807578453262,0.10651959999999999,266299,ok,right
8,718,1,3,0.038400000000000004,1.0,3.0,30.0,0.344425667822361,-0.10716876158730407,2.181999107169724,1.345729129848756,-0.09325551408309464,-9.644550219723836,0.10670919999999999,266773,ok,right
8,823,1,3,0.038400000000000004,1.0,3.0,30.0,0.6237020736560226,0.1281738446464245,4.559543703228247,1.6240683797756124,0.37934151529431254,9.52175974985278,0.10436519999999999,260913,ok,right
8,914,1,3,0.038400000000000004,1.0,3.0,30.0,0.351176835782826,-0.0877192030630126,3.7234172389077322,1.3515977305514733,-0.20216724348549983,37.70326957752907,0.10726319999999999,268158,ok,right
8,955,1,3,0.038400000000000004,1.0,3.0,30.0,0.015747113339602947,0.4791210098376396,0.8792230405401855,1.0163923088397457,-0.06177874831154371,-4.347405962414023,0.10664399999999999,266610,ok,right
8,29,1,3,0.038400000000000004,1.0,3.0,30.0,0.028403021767735483,-1.0217976486656712,6.090881344856237,1.0284418173891199,0.044930995728717574,-6.212675453509767,0.1109196,277299,ok,right
8,32,1,3,0.038400000000000004,1.0,3.0,30.0,0.09434134401381017,-0.3502622780919171,0.7840616107189501,1.0947969995768945,0.02384923873851997,-11.241045287880546,0.110112,275280,ok,right
8,115,1,3,0.038400000000000004,1.0,3.0,30.0,0.372040081396699,-0.3091278977799899,0.4569978159533806,1.372386163890688,-0.15393457748261946,27.66287655294791,0.1108504,277126,ok,right
8,134,1,3,0.038400000000000004,1.0,3.0,30.0,0.5246565753594041,0.14654810758226147,5.993409793300588,1.5258124276096463,0.26267841746761905,-10.117606031126524,0.11188279999999999,279707,ok,right
8,151,1,3,0.038400000000000004,1.0,3.0,30.0,0.2374401893466711,-1.0593130521339316,0.11452634268758517,1.2376814019724223,-0.14000732615685732,8.928021873781915,0.1084768,271192,ok,right
8,230,1,3,0.038400000000000004,1.0,3.0,30.0,0.4897033475339413,-0.30928685056693767,3.7525932718523283,1.4898650490319436,-0.07755800605547596,27.67609474421631,0.10915079999999999,272877,ok,right
8,250,1,3,0.038400000000000004,1.0,3.0,30.0,0.5815730569884181,-0.31523331247890896,0.3605136799732674,1.5818566782715933,0.20119916120667627,-11.978070970750512,0.10878639999999999,271966,ok,right
8,293,1,3,0.038400000000000004,1.0,3.0,30.0,-0.06151045858860016,-0.3209915442597586,3.160882531924939,0.9391980781494583,-0.055755147491349175,-9.886409443626565,0.1107956,276989,ok,right
8,392,1,3,0.038400000000000004,1.0,3.0,30.0,0.5905188972130418,0.3672786313816057,0.2833721356554505,1.5906643307935942,-0.15327997308243413,3.21925444858333,0.1099096,274774,ok,right
8,414,1,3,0.038400000000000004,1.0,3.0,30.0,0.3979450209066272,0.29945201334235055,4.895794227080814,1.3980358670888067,0.41301423299203477,39.34544796638971,0.108106,270265,ok,right
8,457,1,3,0.038400000000000004,1.0,3.0,30.0,0.24077796414494515,0.5980037612557102,3.492153417224145,1.2409406388518738,0.02847623791074013,-5.531498402208731,0.1082684,270671,ok,right
8,478,1,3,0.038400000000000004,1.0,3.0,30.0,0.2982371632009745,-0.7173545959105806,1.417940835544424,1.2987748363315164,0.0806411585793973,12.242560629412967,0.1105752,276438,ok,right
8,515,1,3,0.038400000000000004,1.0,3.0,30.0,0.4496101431548596,-0.25193298460321867,3.242472567277406,1.4504717117368275,0.2272393898285293,-18.853948938685317,0.1091316,272829,ok,right
8,529,1,3,0.038400000000000004,1.0,3.0,30.0,0.005889576859772205,-0.5273081677814297,3.1660426462929863,1.0062032209761436,-0.00881188833588714,6.041265766326265,0.111928,279820,ok,right
8,545,1,3,0.038400000000000004,1.0,3.0,30.0,0.6248770853504539,-0.5904610209118477,1.0195066322120065,1.6251901729714102,0.23804845722989024,0.3091303640021442,0.1110772,277693,ok,right
8,560,1,3,0.038400000000000004,1.0,3.0,30.0,0.03990980070084334,0.2714892514715886,4.920357173151826,1.0404855911423074,-0.05747221195403099,15.7291183281335,0.1099812,274953,ok,right
8,596,1,3,0.038400000000000004,1.0,3.0,30.0,0.6123674184083939,0.42207079352322574,4.133651905616815,1.6139447253897952,-0.12948517106806864,4.962973908603362,0.110812,277030,ok,right
8,602,1,3,0.038400000000000004,1.0,3.0,30.0,0.6205031307414175,-0.6410105967345411,4.464138778007308,1.6208614132684935,-0.46947333345394954,9.476841912737514,0.10866719999999999,271668,ok,right
8,608,1,3,0.038400000000000004,1.0,3.0,30.0,0.017611302994191648,-0.842719225267049,5.0568982648877885,1.0176369389581175,0.11069188508462076,27.635377711244477,0.1109604,277401,ok,right
8,627,1,3,0.038400000000000004,1.0,3.0,30.0,0.42736769653856754,0.24599303884013055,4.018370441189664,1.427415424211688,-0.19669029051172976,-3.358042577228506,0.1097408,274352,ok,right
8,640,1,3,0.038400000000000004,1.0,3.0,30.0,-0.038714438490569596,0.37316461171260257,5.887446430929789,0.9624301538643854,-0.06522671630636406,5.795595346983222,0.1119196,279799,ok,right
8,739,1,3,0.038400000000000004,1.0,3.0,30.0,0.02566156275570393,0.9809224010430437,4.691383911062097,1.0276625528124397,-0.07578610882955929,40.65888254293806,0.1085404,271351,ok,right
8,789,1,3,0.038400000000000004,1.0,3.0,30.0,0.2501190211623907,0.08529100620447097,3.243474546202422,1.2503228116876473,0.2153116280334835,-37.60216596718203,0.10847799999999999,271195,ok,right
8,985,1,3,0.038400000000000004,1.0,3.0,30.0,0.5572676019743085,-0.12594888318549236,1.6973847625913616,1.5572748056615326,-0.0790489275478325,6.478574488907,0.11194799999999999,279870,ok,right
8,17,1,3,0.038400000000000004,1.0,3.0,30.0,-0.03458279445767403,-0.038610736931521755,3.2684180674859187,0.9662858699693277,0.142682351985046,2.494732272617129,0.1140332,285083,ok,right
8,84,1,3,0.038400000000000004,1.0,3.0,30.0,-0.09154611993581058,0.32622488230312524,0.40182980442997573,0.9088348190955421,0.07780330680335515,16.012771603475304,0.1148496,287124,ok,right
8,92,1,3,0.038400000000000004,1.0,3.0,30.0,0.02682415395975113,0.5380942696232263,1.8520531180177606,1.0272524131290148,-0.019624342831385335,-22.25242778125019,0.11500519999999999,287513,ok,right
8,270,1,3,0.038400000000000004,1.0,3.0,30.0,0.5470741109922529,-0.42100801717973424,2.4783254643404975,1.5472781080378808,0.047154050388816725,-25.084787083006432,0.1145556,286389,ok,right
8,286,1,3,0.038400000000000004,1.0,3.0,30.0,0.5474721148610115,-0.15913133239605806,1.954287429058603,1.5480608292908897,0.07553078412551995,-3.6139815730040707,0.1137492,284373,ok,right
8,350,1,3,0.038400000000000004,1.0,3.0,30.0,0.33631183784455065,0.5977629477810855,3.02461135735211,1.336368974818187,0.07292817645503029,8.5838072346266,0.1133452,283363,ok,right
8,383,1,3,0.038400000000000004,1.0,3.0,30.0,-0.04293364994227886,0.45558163823462533,1.1464281334934145,0.9572265303173937,0.06351739685400136,-10.581682396031523,0.11238039999999999,280951,ok,right
8,437,1,3,0.038400000000000004,1.0,3.0,30.0,-0.06136716883629561,-0.4034061292076482,2.454048394405946,0.9396693717213609,-0.04492810568441206,40.83842959407583,0.11330119999999999,283253,ok,right
8,583,1,3,0.038400000000000004,1.0,3.0,30.0,0.5898398369550705,-0.0004610693089937329,1.7936616338009224,1.590170719888575,0.23439536195690783,-3.365207240144403,0.1133656,283414,ok,right
8,693,1,3,0.038400000000000004,1.0,3.0,30.0,0.22156894691288473,-0.5261886818620126,1.0257893357861143,1.2219930760948294,0.19921599971804638,18.618540887583126,0.1151048,287762,ok,right
8,697,1,3,0.038400000000000004,1.0,3.0,30.0,0.5716376669704915,-0.47855809819082096,0.13209181218846744,1.5725436098506154,-0.10636094779809076,21.743771899381567,0.1152636,288159,ok,right
8,769,1,3,0.038400000000000004,1.0,3.0,30.0,0.37849349305033686,-0.26880377931738986,1.2136592124291399,1.3794247979849608,0.02630042242467004,1.2222704242879536,0.11231239999999999,280781,ok,right
8,803,1,3,0.038400000000000004,1.0,3.0,30.0,0.5005610477179289,-0.17222066582951148,5.477991853583131,1.5010724540294584,-0.10646414128193071,2.7301949331757123,0.1151808,287952,ok,right
8,890,1,3,0.038400000000000004,1.0,3.0,30.0,-0.04938693400472403,0.5344075674512505,4.810835376660821,0.9511296548973782,0.17242380910644547,6.9706716284707495,0.11340439999999999,283511,ok,right
8,902,1,3,0.038400000000000004,1.0,3.0,30.0,0.6324575936421752,-0.5729064487454381,0.47184734146715146,1.6329827400818941,-0.10785964520311127,-23.02110187464616,0.1141584,285396,ok,right
8,981,1,3,0.038400000000000004,1.0,3.0,30.0,0.5533255958929658,0.25697037093094044,2.9763200906955887,1.5537824942997234,0.05308178949515853,-9.811149516430802,0.1156796,289199,ok,right
8,81,1,3,0.038400000000000004,1.0,3.0,30.0,0.2772991131991148,-0.6957308893952229,3.450414484572921,1.2774016232585053,0.2703250618723807,-10.304076432679214,0.1199032,299758,ok,right
8,104,1,3,0.038400000000000004,1.0,3.0,30.0,0.33001891896128654,0.6021981035524995,4.34372681159987,1.3302324612739627,-0.07516458193702384,-43.10734720542933,0.1168192,292048,ok,right
8,113,1,3,0.038400000000000004,1.0,3.0,30.0,0.6688314700499177,-0.3999403393589966,3.0274818630230502,1.669205726513299,-0.3331231348683083,7.024511884928001,0.116796,291990,ok,right
8,136,1,3,0.038400000000000004,1.0,3.0,30.0,0.520269381068647,-0.5701866559680854,4.592170187920865,1.5203046957968336,-0.2150152401643746,2.814564599671212,0.11626439999999999,290661,ok,right
8,148,1,3,0.038400000000000004,1.0,3.0,30.0,-0.08295872695744039,0.1056799399738781,6.1390611766539065,0.9173995473275403,0.08239608702213877,0.3602239973640854,0.1183196,295799,ok,right
8,152,1,3,0.038400000000000004,1.0,3.0,30.0,0.6112648043781519,0.6585155152626544,2.1358939404416106,1.6117694316182645,-0.3924676754003217,-28.764901547473567,0.118672,296680,ok,right
8,163,1,3,0.038400000000000004,1.0,3.0,30.0,0.19032871667295695,1.1176808070851239,2.0627511320129086,1.190499587240869,-0.03551737535589762,5.9941105981876,0.11711719999999999,292793,ok,right
8,176,1,3,0.038400000000000004,1.0,3.0,30.0,0.4493504256010056,-0.6994726147091903,2.864914203473213,1.4495483214352236,0.18131307124796062,-2.6590795225977306,0.11714719999999999,292868,ok,right
8,177,1,3,0.038400000000000004,1.0,3.0,30.0,0.625582591816783,-0.5197598266061932,3.29357494513085,1.6259292605959978,-0.03210783751146204,-18.84779659059576,0.11929239999999999,298231,ok,right
8,181,1,3,0.038400000000000004,1.0,3.0,30.0,0.42681714333593845,-0.5594661046992992,6.222375091264293,1.426875890474604,-0.04661959586774592,25.620821412457076,0.11755199999999999,293880,ok,right
8,252,1,3,0.038400000000000004,1.0,3.0,30.0,0.528968475945294,-0.717814494734313,5.8317344157635915,1.530055566313342,0.1986134262506475,25.82684167180124,0.11768759999999999,294219,ok,right
8,326,1,3,0.038400000000000004,1.0,3.0,30.0,0.5592011963948608,-0.26576568966571557,1.899367603050264,1.5593049846071336,-0.17584971428395774,1.0710610606350544,0.1174808,293702,ok,right
8,340,1,3,0.038400000000000004,1.0,3.0,30.0,0.5800509676337242,-0.3087107374869147,5.635677775983306,1.5811161601179382,-0.09571423611275244,9.995587265048034,0.1162204,290551,ok,right
8,362,1,3,0.038400000000000004,1.0,3.0,30.0,0.36981180235743527,-0.6257927120315451,0.44229481046275687,1.3705144649113374,0.05930268626356608,46.984658176054154,0.1189324,297331,ok,right
8,389,1,3,0.038400000000000004,1.0,3.0,30.0,0.031104563549160958,0.856876580677063,0.5941387158051873,1.0314835874725587,-0.08259534855585414,2.7877666767749263,0.118208,295520,ok,right
8,409,1,3,0.038400000000000004,1.0,3.0,30.0,0.5475290792062879,-0.11807741596677344,5.795508238272176,1.5475543994917076,0.1711294793423112,7.293734970127093,0.11972319999999999,299308,ok,right
8,516,1,3,0.038400000000000004,1.0,3.0,30.0,0.29010183401405815,-0.5011994653566564,3.0766831642033052,1.2903351013091886,-0.004209706796500509,8.934576188685199,0.11849359999999999,296234,ok,right
8,663,1,3,0.038400000000000004,1.0,3.0,30.0,0.6699512833729386,-0.25760632395104943,4.3387087758356815,2.821361986595066,0.0026916778378919537,-21.87886098116521,0.11695359999999999,292384,ok,right
8,796,1,3,0.038400000000000004,1.0,3.0,30.0,-0.04924728646874428,-0.36240604367976437,4.990355313358188,0.9511435752241423,0.017223498469707003,21.6215437439223,0.1161256,290314,ok,right
8,2,1,3,0.038400000000000004,1.0,3.0,30.0,0.4360272116959095,-0.41206681471863893,3.343174518443595,1.4361321289518785,-0.10797603097157886,-22.594430746199883,0.12132839999999999,303321,ok,right
8,28,1,3,0.038400000000000004,1.0,3.0,30.0,-0.051089911535382275,0.01131632204877058,0.39264702814762764,0.9489730584050815,-0.017053609814506824,-2.294556544504137,0.1209864,302466,ok,right
8,196,1,3,0.038400000000000004,1.0,3.0,30.0,-0.006422073021531105,0.5414798204148781,6.086062826248453,0.9937484735356711,-0.1223984248595786,0.04575816561907562,0.120144,300360,ok,right
8,251,1,3,0.038400000000000004,1.0,3.0,30.0,0.5695512596517801,0.42526181639756394,2.504761887672214,1.5704757262215963,0.1413585653419702,11.694615840403614,0.12067639999999999,301691,ok,right
8,333,1,3,0.038400000000000004,1.0,3.0,30.0,0.15938526764512062,-0.6046586161150552,1.2725084685825885,1.15940048619108,-0.3134666991683076,5.749163880443311,0.12384519999999999,309613,ok,right
8,359,1,3,0.038400000000000004,1.0,3.0,30.0,0.15525623820722104,-0.6461402633857625,2.713127128109408,1.1561705953230066,0.09352348846112954,13.475891677961936,0.1218416,304604,ok,right
8,537,1,3,0.038400000000000004,1.0,3.0,30.0,0.6321702353656292,0.4428465092832086,1.084098384569186,1.6323391375032446,0.01533803000078643,33.92000581282581,0.120436,301090,ok,right
8,653,1,3,0.038400000000000004,1.0,3.0,30.0,0.3889988420531154,0.36531505239388534,4.02774798745925,1.38902490302659,-0.5251205705114548,26.551569623276233,0.12190519999999999,304763,ok,right
8,783,1,3,0.038400000000000004,1.0,3.0,30.0,0.5648861860856415,-0.16440871990264122,4.377409988353669,1.565199544227167,0.3519565340964457,0.5590218013266928,0.1204412,301103,ok,right
8,788,1,3,0.038400000000000004,1.0,3.0,30.0,0.1755128523334861,-1.1420323990581494,3.7339437112975595,1.175940903267052,0.06564760483388657,-21.97876483421587,0.1221872,305468,ok,right
8,827,1,3,0.038400000000000004,1.0,3.0,30.0,0.5615089349448681,0.6999756014374161,1.0363853099509694,1.5618906185429375,0.08364139411566855,-11.841899406502565,0.12061999999999999,301550,ok,right
8,885,1,3,0.038400000000000004,1.0,3.0,30.0,0.05183462332934141,-0.4350012603943772,6.027222833292282,1.0520030618809644,0.1266562233087459,-19.79999399397787,0.12090759999999999,302269,ok,right
8,71,1,3,0.038400000000000004,1.0,3.0,30.0,0.6216257583349943,0.21485202628165295,3.01105377283001,1.6216591584489368,-0.007071395059026934,-6.825503955842304,0.1257656,314414,ok,right
8,129,1,3,0.038400000000000004,1.0,3.0,30.0,0.21387870367616416,0.4447667283953607,2.895868164647085,1.2148130490513311,0.025541170863582808,15.896532616915769,0.1260784,315196,ok,right
8,144,1,3,0.038400000000000004,1.0,3.0,30.0,0.1089851001277566,-0.5064712807505574,0.2879936577146804,1.109149015979553,-0.15513630114761,-1.7813722562683625,0.1262032,315508,ok,right
8,150,1,3,0.038400000000000004,1.0,3.0,30.0,0.32265981864184146,-0.20442514588787722,3.435579099625304,1.3227801553261718,-0.017668033144542634,13.091987729314027,0.12691159999999999,317279,ok,right
8,165,1,3,0.038400000000000004,1.0,3.0,30.0,0.4040938373655081,0.0413090027536057,4.924377232534864,1.404390591945918,0.22910073477959617,-9.944088388816255,0.1276088,319022,ok,right
8,198,1,3,0.038400000000000004,1.0,3.0,30.0,-0.09663653727620841,-0.262992664375047,2.867566264753639,0.9035136021894463,0.0011823757654355143,-12.685183894661225,0.1268904,317226,ok,right
8,299,1,3,0.038400000000000004,1.0,3.0,30.0,0.33026666287332773,-0.9300504152064774,2.593817258351577,1.3305682347239487,-0.039375394964185274,8.20759398440972,0.12793079999999998,319827,ok,right
8,390,1,3,0.038400000000000004,1.0,3.0,30.0,0.4454332854598761,-0.5943754408941061,0.7133441405267491,1.446026112386256,-0.22338130433588313,13.066670999972004,0.1251116,312779,ok,right
8,467,1,3,0.038400000000000004,1.0,3.0,30.0,0.43586611505597833,-0.46990043563762707,4.444733860183162,1.4360753752723945,0.18129231794461959,18.971938730459524,0.1274612,318653,ok,right
8,514,1,3,0.038400000000000004,1.0,3.0,30.0,0.018142749182879926,-0.9808416804314065,4.611275293850928,1.0191808380227412,0.0235260701036939,6.431734472307922,0.124084,310210,ok,right
8,768,1,3,0.038400000000000004,1.0,3.0,30.0,0.11269791908562184,0.4246173516945028,3.411104889776227,1.1133788764682,0.1562067861505306,-16.211874505694997,0.1278624,319656,ok,right
8,844,1,3,0.038400000000000004,1.0,3.0,30.0,0.15412428192794325,1.3751330515637465,5.3898116019617035,1.154217992630951,0.0015126569896526626,2.1501111342600128,0.12634679999999998,315867,ok,right
8,916,1,3,0.038400000000000004,1.0,3.0,30.0,0.6036836288869382,-0.33937772528841154,2.4357411756996608,1.6036949577230075,-0.20246431181837224,12.081884666522107,0.1251724,312931,ok,right
8,956,1,3,0.038400000000000004,1.0,3.0,30.0,-0.07606858406215906,0.3927541136602978,5.800017538422628,0.9249903206319019,-0.07132306872114179,8.984980608613947,0.1246716,311679,ok,right
8,40,1,3,0.038400000000000004,1.0,3.0,30.0,0.4357514986768365,-1.094541892143407,4.090718190215237,1.4359850022360765,0.17925653780439993,-18.897777142496484,0.13078199999999998,326955,ok,right
8,146,1,3,0.038400000000000004,1.0,3.0,30.0,0.5840759383514523,0.49952818195873655,0.1509536831182443,1.5846657701150204,-0.03181699724737783,40.76622702926564,0.13013919999999998,325348,ok,right
8,298,1,3,0.038400000000000004,1.0,3.0,30.0,0.15888730958104136,0.5823750638013871,5.4978278494776935,1.1596998406564312,0.06395275680907353,31.503328413480926,0.130512,326280,ok,right
8,312,1,3,0.038400000000000004,1.0,3.0,30.0,0.42443702388554816,-0.6237676952872802,2.797995415122787,1.4246976181362496,-0.27402666936724307,0.5548705118380125,0.1296176,324044,ok,right
8,512,1,3,0.038400000000000004,1.0,3.0,30.0,0.4965369764715433,-0.548210069525003,3.8845949565837685,1.49753774210956,-0.035227880700175886,0.2740785864644933,0.128882,322205,ok,right
8,556,1,3,0.038400000000000004,1.0,3.0,30.0,0.6704704999923706,-0.3267000241706376,5.541675135276003,1.6705725618556,0.04511052475068478,13.125055462371417,0.1285076,321269,ok,right
8,568,1,3,0.038400000000000004,1.0,3.0,30.0,-0.036064255982637405,-0.2763321782860014,2.8884363520879757,0.964009981899034,-0.029682479148802718,12.373573521672746,0.1291312,322828,ok,right
8,623,1,3,0.038400000000000004,1.0,3.0,30.0,0.6568672627210618,-0.3004610563738419,4.195465983232692,1.6580981335510332,0.2784362666533192,6.419287910363611,0.1307168,326792,ok,right
8,658,1,3,0.038400000000000004,1.0,3.0,30.0,0.5054713997989894,0.4805111521979882,2.7063080734169804,1.5056777362931508,-0.20591599047692644,34.36429295973375,0.1298076,324519,ok,right
8,685,1,3,0.038400000000000004,1.0,3.0,30.0,0.6859643049538136,0.16527188112669958,3.4352401663759453,1.68651418770776,0.08057607633533892,21.290813267989968,0.1295056,323764,ok,right
8,703,1,3,0.038400000000000004,1.0,3.0,30.0,0.11263381354510785,0.7608462198593812,2.9394052240375053,1.1127841300304087,0.06152350151116249,28.53982433516036,0.1289972,322493,ok,right
8,6,1,3,0.038400000000000004,1.0,3.0,30.0,0.6166468853130938,0.2633010702586034,0.40404157710775707,1.6169058574415387,-0.021187859193762835,19.5628041194322,0.1336724,334181,ok,right
8,33,1,3,0.038400000000000004,1.0,3.0,30.0,0.014359449967741966,-0.5546119604550903,1.060884455238708,1.0156328413307847,-0.0348113362162939,-3.1305192987402077,0.13371439999999998,334286,ok,right
8,295,1,3,0.038400000000000004,1.0,3.0,30.0,-0.07030840534716845,-0.4432891559244464,0.9571865151404121,0.9299748096245427,0.08752164256392393,5.935157180573639,0.134708,336770,ok,right
8,316,1,3,0.038400000000000004,1.0,3.0,30.0,0.6661071237176657,-0.0015572466135969434,0.20663893858693566,1.6662198528316838,-0.23291321465147666,-4.323287224356686,0.1338856,334714,ok,right
8,421,1,3,0.038400000000000004,1.0,3.0,30.0,0.6781349772587419,-0.37777626251741664,2.5796162327190006,1.6783151814922257,0.008705930801118004,7.951225178462457,0.1354464,338616,ok,right
8,531,1,3,0.038400000000000004,1.0,3.0,30.0,-0.06896485593169928,-0.10189271754052659,2.9350604334138217,0.9314472253937321,0.008259056808282863,-6.796616796604335,0.13591319999999998,339783,ok,right
8,543,1,3,0.038400000000000004,1.0,3.0,30.0,0.6159829685464502,0.6609214848897265,2.958499183994722,1.6164551098083562,0.13198394495131016,25.276948545997005,0.134126,335315,ok,right
8,563,1,3,0.038400000000000004,1.0,3.0,30.0,-0.06332582235336304,-0.04471630144043153,4.099347393907636,0.9368950278701192,0.027668215423318463,15.70472339234347,0.13210719999999998,330268,ok,right
8,700,1,3,0.038400000000000004,1.0,3.0,30.0,0.3287577349692583,-1.0210137808038895,1.1714412165315804,1.3307007532817197,0.26592474212750405,-31.1072839332124,0.1327056,331764,ok,right
8,711,1,3,0.038400000000000004,1.0,3.0,30.0,0.37243882920593024,0.06057632092919298,0.2772621910031596,1.3727735809782302,0.07678876990781634,13.706562660036608,0.13512159999999998,337804,ok,right
8,727,1,3,0.038400000000000004,1.0,3.0,30.0,0.12613997962325812,0.692195370381371,1.6224873404588127,1.1268526717553338,-0.04977623432522119,3.19262406062655,0.13297,332425,ok,right
8,735,1,3,0.038400000000000004,1.0,3.0,30.0,0.21558009125292302,0.10240989835557714,5.930491723093273,1.2158328031665606,0.12582608215038765,26.03158325911189,0.1327872,331968,ok,right
8,747,1,3,0.038400000000000004,1.0,3.0,30.0,0.2230215696617961,-0.5454820283964547,1.541515737632257,1.2230902038735614,-0.05003920774098365,-10.688594553913559,0.13592759999999998,339819,ok,right
8,770,1,3,0.038400000000000004,1.0,3.0,30.0,0.3004447083920241,-1.308775066528319,4.782591064537565,1.3020482010991845,-0.024139149668534303,46.32945855495646,0.132738,331845,ok,right
8,812,1,3,0.038400000000000004,1.0,3.0,30.0,0.4399235060438514,0.8925066511997624,1.3095034241538392,1.4405123364806993,-0.01713121464513324,7.645122880638226,0.1356576,339144,ok,right
8,831,1,3,0.038400000000000004,1.0,3.0,30.0,0.5417854804545641,-0.1263872133206946,0.5542849067054973,1.5422840005575182,0.16730377992536777,-9.462177902063457,0.13304359999999998,332609,ok,right
8,878,1,3,0.038400000000000004,1.0,3.0,30.0,0.6013878667727113,0.16648400387740078,2.032825894832377,1.6024148667029907,0.3836533235232226,12.907962108806956,0.13216239999999999,330406,ok,right
8,953,1,3,0.038400000000000004,1.0,3.0,30.0,0.024139603786170485,0.5693608918298825,3.4127683885533426,1.0247782155114535,-0.007575695115196121,14.535441695733134,0.132488,331220,ok,right
8,9,1,3,0.038400000000000004,1.0,3.0,30.0,0.5077842077240348,0.8345495669644205,3.7700665204604116,1.5082222789777755,-0.10379910815533344,-13.983377741215063,0.1372864,343216,ok,right
8,13,1,3,0.038400000000000004,1.0,3.0,30.0,0.49488692767918113,0.2599763367080044,3.217425510892686,1.496327747936556,0.13770269279771494,-5.91832346942229,0.13749519999999998,343738,ok,right
8,179,1,3,0.038400000000000004,1.0,3.0,30.0,0.4668402437120676,-0.2084135430233115,0.8367290856278252,1.4670801013599086,-0.0011629903458686074,-9.8951246298397,0.136152,340380,ok,right
8,180,1,3,0.038400000000000004,1.0,3.0,30.0,0.21596361715346576,0.7426935517937557,1.95931673075492,1.21622693578943,0.0032144494523097906,27.292190652291367,0.1381508,345377,ok,right
8,212,1,3,0.038400000000000004,1.0,3.0,30.0,0.6788275755941868,0.18682635223054375,4.138740870964077,1.6790980029595468,-0.32212720306503306,-13.830342125608976,0.1379436,344859,ok,right
8,265,1,3,0.038400000000000004,1.0,3.0,30.0,0.45697716511785985,-0.4923094552810817,2.768477777640419,1.4570139821110586,-0.13362863307991008,-12.462300483571576,0.13858679999999998,346467,ok,right
8,267,1,3,0.038400000000000004,1.0,3.0,30.0,0.5936459802091122,0.07566994643423335,2.0465677850886936,1.5937640371754522,0.02232238907234848,-4.713011679026489,0.13837359999999999,345934,ok,right
8,338,1,3,0.038400000000000004,1.0,3.0,30.0,0.32580145690590145,-0.7107923041036595,2.511293853469094,1.3264779003397442,-0.03184852455136812,28.320072824552028,0.1378424,344606,ok,right
8,435,1,3,0.038400000000000004,1.0,3.0,30.0,-0.0012218551710247993,0.237491005093278,6.111625709010841,0.9992225121128508,-0.009140286228817707,0.22551488139554327,0.13754159999999999,343854,ok,right
8,453,1,3,0.038400000000000004,1.0,3.0,30.0,0.05269319415092469,0.07695467519915411,5.859433507096213,1.0527854320292445,-0.05888646972199834,-30.274902413986503,0.1373048,343262,ok,right
8,548,1,3,0.038400000000000004,1.0,3.0,30.0,0.19546871036291125,-0.7709514064556098,4.363366589218297,1.195935916287132,0.07401027775309377,-5.97684822916685,0.1392844,348211,ok,right
8,561,1,3,0.038400000000000004,1.0,3.0,30.0,0.35162922982126477,-0.38626479438854083,2.3760566591542642,1.3525388011409312,-0.16047501542295015,-25.6008525582341,0.1368248,342062,ok,right
8,581,1,3,0.038400000000000004,1.0,3.0,30.0,0.22489603105932476,-1.0777209130758305,4.638791162008711,1.225795997814417,0.1628443652846641,-3.23530193927883,0.13612559999999999,340314,ok,right
8,592,1,3,0.038400000000000004,1.0,3.0,30.0,0.5627882083877921,-0.7261110996921875,6.010937845745756,1.5630243704496687,-0.12597576351937212,-11.210451306469457,0.13876239999999998,346906,ok,right
8,625,1,3,0.038400000000000004,1.0,3.0,30.0,0.3624824797734618,0.49563649594332926,3.675381147588859,1.3624854399480433,-0.05121993460714558,2.87348959349972,0.1382736,345684,ok,right
8,636,1,3,0.038400000000000004,1.0,3.0,30.0,0.21495088040828705,0.4707704636444587,3.407016893940506,1.214986801489262,0.07922201054595308,-18.37885665688587,0.1376488,344122,ok,right
8,704,1,3,0.038400000000000004,1.0,3.0,30.0,0.3282235115766525,0.018967912249173123,5.961976989781009,1.3302232840161183,0.0032413532868971894,-9.883501285251105,0.137512,343780,ok,right
8,750,1,3,0.038400000000000004,1.0,3.0,30.0,-0.042649907618761064,-0.6334266874323549,4.910759624483972,0.9574894499500658,-0.009372480884090626,-3.7090548674198813,0.1361976,340494,ok,right
8,764,1,3,0.038400000000000004,1.0,3.0,30.0,0.073669920489192,0.6558881204929072,2.5323818336738286,1.0743337932470363,0.008720930417286001,-30.545576452874805,0.13979919999999998,349498,ok,right
8,825,1,3,0.038400000000000004,1.0,3.0,30.0,0.4892738584429026,0.9282691982874851,1.0811235830796206,1.489624684785304,-0.14561497830712838,-5.411017251853197,0.13771,344275,ok,right
8,987,1,3,0.038400000000000004,1.0,3.0,30.0,0.4740076679736376,0.5636389950089946,4.840287487116582,1.4748578272027382,-0.36127034851321715,-19.252464419700832,0.13889279999999998,347232,ok,right
8,16,1,3,0.038400000000000004,1.0,3.0,30.0,0.1493778008967638,1.2550651805546278,1.9819697334062647,1.1495815766480144,-0.08305046915445816,-10.070492182348987,0.141354,353385,ok,right
8,360,1,3,0.038400000000000004,1.0,3.0,30.0,0.5932972375303507,0.5624525797252811,2.307637048517137,1.5941662585131564,0.0923563358781977,11.7912179760852,0.142756,356890,ok,right
8,455,1,3,0.038400000000000004,1.0,3.0,30.0,0.6931880569085479,-0.2951240124169107,1.7470351386602454,1.693286647220855,-0.08817296330857928,9.228861129257412,0.1427848,356962,ok,right
8,507,1,3,0.038400000000000004,1.0,3.0,30.0,-0.024843681044876578,-0.5448008352952619,1.7447492808850937,0.975425974840676,0.03195521050352256,-9.704200530517156,0.1400228,350057,ok,right
8,598,1,3,0.038400000000000004,1.0,3.0,30.0,0.40557824429124595,0.9845652522076754,0.21272615388102903,1.406694781055583,0.16753291976771983,-16.161798573438183,0.141424,353560,ok,right
8,776,1,3,0.038400000000000004,1.0,3.0,30.0,-0.041027322784066206,0.7224466556402241,2.884543639723738,0.9589802776492443,0.030278716039918725,-18.6132481029434,0.14261559999999998,356539,ok,right
8,808,1,3,0.038400000000000004,1.0,3.0,30.0,0.43981335293501617,0.3869169231634359,2.2125307385232924,1.4398711962743354,-0.09932341798794214,-18.050700030338426,0.142072,355180,ok,right
8,832,1,3,0.038400000000000004,1.0,3.0,30.0,0.48287598174065355,-0.319709686484115,3.2437418359646846,1.4830013578842736,-0.14950988145443117,2.310171230569372,0.14264759999999999,356619,ok,right
8,833,1,3,0.038400000000000004,1.0,3.0,30.0,0.045182252116501335,0.1400933474732656,2.8944008110002017,1.0459934191385611,-0.02341952522577291,-13.589605808167047,0.1424132,356033,ok,right
8,899,1,3,0.038400000000000004,1.0,3.0,30.0,-0.03709753509610891,-0.4192969653136337,1.8632234162655192,0.9639453200635686,-0.0775196262850153,-12.467414760503091,0.142448,356120,ok,right
8,207,1,3,0.038400000000000004,1.0,3.0,30.0,0.6320506935939193,0.3459831694427303,3.554185531076392,1.6323393712398118,-0.0045797088589997065,3.024643352076328,0.14516479999999998,362912,ok,right
8,269,1,3,0.038400000000000004,1.0,3.0,30.0,0.3819582318887115,0.6157519192424099,5.915353037191954,1.3822112668431785,0.020608476217297604,-10.38554173556081,0.1476892,369223,ok,right
8,440,1,3,0.038400000000000004,1.0,3.0,30.0,0.2884820269420743,-0.3070233432275055,4.853563082475558,1.2885523495727338,0.1433392575213921,21.76010006177432,0.14778439999999998,369461,ok,right
8,621,1,3,0.038400000000000004,1.0,3.0,30.0,0.47330891955643895,-0.4323669633832337,0.4887269306040778,1.4737037348030944,-0.0752744217180589,-16.473230111033747,0.1453988,363497,ok,right
8,728,1,3,0.038400000000000004,1.0,3.0,30.0,0.22608482465147972,-0.12717708559136404,3.188851473126462,1.226419843640925,0.16576373252002308,-5.318110804216831,0.1453312,363328,ok,right
8,745,1,3,0.038400000000000004,1.0,3.0,30.0,0.41099303402006626,0.5407173650351238,5.792876615420236,1.4113492692302885,0.03313466474213065,14.853752558326477,0.14720239999999998,368006,ok,right
8,756,1,3,0.038400000000000004,1.0,3.0,30.0,0.675632499344647,-0.04125305992478181,2.828771121191618,1.6760227669880807,0.14729525206955818,-15.990991009036568,0.14542,363550,ok,right
8,12,1,3,0.038400000000000004,1.0,3.0,30.0,0.30370324403047566,-0.094506224525087,4.189237950370125,1.3040387695897238,-0.0536695153604601,-1.9737090294512407,0.149424,373560,ok,right
8,57,1,3,0.038400000000000004,1.0,3.0,30.0,0.1006742760539055,-0.2230695931709686,2.214430783839235,1.1019298782135898,-0.08218346100334521,11.462395782868587,0.1499048,374762,ok,right
8,195,1,3,0.038400000000000004,1.0,3.0,30.0,0.026933467760682107,-0.6732178841362466,0.21828172865301781,1.027373787382277,0.07312884179026288,-9.563488572028874,0.14957399999999998,373935,ok,right
8,268,1,3,0.038400000000000004,1.0,3.0,30.0,0.4512407505884767,-0.5590519567232265,4.1912064046612905,1.4517083163704123,0.04192552955800032,19.03804465421175,0.15148799999999998,378720,ok,right
8,317,1,3,0.038400000000000004,1.0,3.0,30.0,0.012200788222253324,0.8392550497408411,2.8930344294220673,1.0136999755451945,0.08238425903118735,-18.457180721599485,0.1504788,376197,ok,right
8,381,1,3,0.038400000000000004,1.0,3.0,30.0,0.5255714073777199,0.8430017410026083,0.7411604949838502,1.525876040964004,-0.10259353953078107,-21.574698740007268,0.15024279999999998,375607,ok,right
8,395,1,3,0.038400000000000004,1.0,3.0,30.0,0.3907447721809149,-0.6266669252820949,1.8495628013489327,1.3918734435396982,0.03961877759242474,-21.81041713819189,0.1517092,379273,ok,right
8,425,1,3,0.038400000000000004,1.0,3.0,30.0,0.4053206039592624,0.6555001876666625,4.2190234071911,1.4053712271430596,0.15189390752138043,2.708252401588504,0.1502096,375524,ok,right
8,493,1,3,0.038400000000000004,1.0,3.0,30.0,0.5657140193507075,-0.5774766803074751,3.787722421705282,1.5661990618498502,-0.0508458682104929,37.849183553642696,0.1496072,374018,ok,right
8,893,1,3,0.038400000000000004,1.0,3.0,30.0,-0.05799169819802046,0.28673289128012214,2.935513298723194,0.9428226264657755,0.022419083820783763,10.209652117064818,0.14939159999999999,373479,ok,right
8,994,1,3,0.038400000000000004,1.0,3.0,30.0,0.555528579466045,-0.6281423156594296,2.593569608264528,1.5559568672705546,0.005195239988341184,19.16087544127487,0.14895239999999998,372381,ok,right
8,998,1,3,0.038400000000000004,1.0,3.0,30.0,0.5104541089385748,-0.4455156048236396,4.322405646642054,1.5107360908632033,0.12747466662368673,28.083198417865745,0.1483064,370766,ok,right
8,47,1,3,0.038400000000000004,1.0,3.0,30.0,0.37298878841102123,-0.7559748645290544,4.901597585065398,1.3738870585581533,0.2650600278948298,7.027603546265028,0.152112,380280,ok,right
8,112,1,3,0.038400000000000004,1.0,3.0,30.0,0.27575815469026566,0.23709451907118917,6.221867751274403,1.275969599600993,-0.11466739555994762,6.813715113590733,0.15394919999999998,384873,ok,right
8,130,1,3,0.038400000000000004,1.0,3.0,30.0,0.026072772033512593,-0.33637521806036813,6.219022327333931,1.026551481208576,-0.0551710065622816,-37.391147110568184,0.1538168,384542,ok,right
8,185,1,3,0.038400000000000004,1.0,3.0,30.0,0.4233690556138754,1.214216442748378,0.7600670741530475,1.4239192360763357,-0.15373320480557662,18.673249488563787,0.1558812,389703,ok,right
8,213,1,3,0.038400000000000004,1.0,3.0,30.0,0.32934450376778845,0.6281511237478411,0.926575346393792,1.329870812831272,0.04099820380414269,23.449938912361624,0.153728,384320,ok,right
8,238,1,3,0.038400000000000004,1.0,3.0,30.0,-0.012917024642229082,0.8106052889731994,2.90653999111435,0.9872212667536935,-0.15964336826111206,-43.48789337189167,0.1553384,388346,ok,right
8,272,1,3,0.038400000000000004,1.0,3.0,30.0,-0.0607893530279398,-0.04649360182071303,1.020284392608849,0.9400486504001293,0.023876439743409587,-38.48854641561987,0.1541812,385453,ok,right
8,283,1,3,0.038400000000000004,1.0,3.0,30.0,0.6459497774019838,0.5424408380839935,6.262105090681098,1.6469512693659007,0.015687134089130646,2.876403550141591,0.15460759999999998,386519,ok,right
8,429,1,3,0.038400000000000004,1.0,3.0,30.0,0.021465471386909487,1.278358274091472,2.8194505409520394,1.0216738385470647,0.009803802704874139,18.586229310321166,0.1547836,386959,ok,right
8,430,1,3,0.038400000000000004,1.0,3.0,30.0,0.10668505933135748,-0.35088099994355915,0.9505931696896804,1.1069101789571953,0.029264006233553855,-24.296130707224716,0.1522092,380523,ok,right
8,466,1,3,0.038400000000000004,1.0,3.0,30.0,0.001960801146924496,-1.115830997737876,6.206257049003136,1.0024689771786206,0.04792000730521611,-12.403555230133923,0.1549824,387456,ok,right
8,489,1,3,0.038400000000000004,1.0,3.0,30.0,0.3568444009870291,-1.088840972753154,5.527200738530708,1.3571888403755863,0.15285567213093393,25.506612265777758,0.152132,380330,ok,right
8,496,1,3,0.038400000000000004,1.0,3.0,30.0,-0.014390809275209904,0.8368776883833848,3.6772803370977254,0.9868168086465866,-0.03467949147784321,6.099791914817952,0.1559592,389898,ok,right
8,566,1,3,0.038400000000000004,1.0,3.0,30.0,0.03379566092044115,-0.5527023972380404,0.033864214329026,1.0338974234703184,-0.06444149745010012,9.913564016172636,0.152828,382070,ok,right
8,666,1,3,0.038400000000000004,1.0,3.0,30.0,-0.04155451972037554,-0.5266977507917928,0.6637152459469413,1.1764757536612493,-2.0087245654297066,-7.767122070938347,0.1536088,384022,ok,right
8,720,1,3,0.038400000000000004,1.0,3.0,30.0,0.4369578966870904,-0.8837183656211676,3.810227014243321,1.4377642795255448,-0.15381057210788002,15.35562238593263,0.15517799999999998,387945,ok,right
8,767,1,3,0.038400000000000004,1.0,3.0,30.0,0.5894624307751656,0.10904152944508408,0.5527838064643613,1.589729609735829,-0.22045628476137452,21.002662166274106,0.15363359999999998,384084,ok,right
8,937,1,3,0.038400000000000004,1.0,3.0,30.0,-0.004830935969948769,0.6369475731618113,3.7624989681214815,0.9952519168189806,-0.10496160678160997,34.39973359413322,0.1530528,382632,ok,right
8,960,1,3,0.038400000000000004,1.0,3.0,30.0,0.24468080624938013,0.33816970578425326,4.358544385519872,1.2450487163904955,0.04985308679562705,25.65114162830501,0.15459799999999999,386495,ok,right
8,82,1,3,0.038400000000000004,1.0,3.0,30.0,0.5805413860827685,-0.22526418541581922,6.197666881816764,1.5806141508853102,-0.055220784156444616,21.969559087923628,0.1585484,396371,ok,right
8,124,1,3,0.038400000000000004,1.0,3.0,30.0,0.5259506033733488,-0.7945998013135829,4.498705007223786,1.526822794272886,-0.288528517653188,-24.95391766379976,0.1580724,395181,ok,right
8,128,1,3,0.038400000000000004,1.0,3.0,30.0,0.6044998722150923,0.7318708904809057,3.3495230562571057,1.6051370335086803,-0.04223651006963745,-12.539136157201177,0.1574112,393528,ok,right
8,229,1,3,0.038400000000000004,1.0,3.0,30.0,0.4928675480186939,-0.5259150131802709,0.8442008124438094,1.4943702758225061,-0.23990517654117846,31.514207636156485,0.15949359999999999,398734,ok,right
8,369,1,3,0.038400000000000004,1.0,3.0,30.0,0.20608481615781785,0.9500435163205083,1.5542896618089008,1.2061586736418428,-0.08236006694180104,0.1738276743003001,0.1584584,396146,ok,right
8,375,1,3,0.038400000000000004,1.0,3.0,30.0,0.1029347276315093,-1.1219586216707627,2.9859606140449393,1.1030133837895615,0.06531906813373961,8.31338681661845,0.1572076,393019,ok,right
8,469,1,3,0.038400000000000004,1.0,3.0,30.0,0.534304984845221,0.10709522870726389,1.788911061886248,1.534866893633643,-0.04349609807671942,-9.259888912721626,0.159936,399840,ok,right
8,508,1,3,0.038400000000000004,1.0,3.0,30.0,0.537258088029921,-0.02064531186210669,1.0028879662178622,1.538134104270832,0.2916980921045201,-25.46748277832514,0.15715959999999998,392899,ok,right
8,547,1,3,0.038400000000000004,1.0,3.0,30.0,0.6458007188513876,0.0520810767142263,0.02660988738004753,1.6467414596415244,-0.2967838869858652,-10.634382395615312,0.1579088,394772,ok,right
8,593,1,3,0.038400000000000004,1.0,3.0,30.0,-0.07565264571458102,-0.11015771854667385,5.955149439923296,0.9257637405229542,-0.004568477823822515,-12.364819077401835,0.1580692,395173,ok,right
8,755,1,3,0.038400000000000004,1.0,3.0,30.0,0.12957027405500413,-0.5275739427468616,6.132606234956818,1.1310225479756657,-0.058410867062350005,-5.518072516456136,0.159124,397810,ok,right
8,841,1,3,0.038400000000000004,1.0,3.0,30.0,0.3787564279511571,-1.0823399156982565,0.8576769782602076,1.3796903718450646,-0.04061874791311808,7.187251172259628,0.15835839999999998,395896,ok,right
8,851,1,3,0.038400000000000004,1.0,3.0,30.0,-0.06406218875199557,-0.49937961449291646,2.3974830664387023,0.9360399544387588,-0.02338526550375142,-10.120638600035246,0.1572344,393086,ok,right
8,965,1,3,0.038400000000000004,1.0,3.0,30.0,0.2422226468101144,-1.0289646475644962,0.9709809153782657,1.2435374812766389,0.019672322738108976,5.962331119538791,0.1578084,394521,ok,right
8,72,1,3,0.038400000000000004,1.0,3.0,30.0,0.30866068322211504,0.5352514042656116,3.7515496348720876,1.3090013951209747,0.10554979452802836,-25.096298848417387,0.163742,409355,ok,right
8,170,1,3,0.038400000000000004,1.0,3.0,30.0,0.6853690495714546,0.25871663071251,6.097066384019373,1.6854429216017563,-0.25766879486632194,3.414171010323822,0.1627332,406833,ok,right
8,301,1,3,0.038400000000000004,1.0,3.0,30.0,0.12131716292351485,-0.396452636920779,3.1246514887679924,1.1217723874317127,-0.0992763138835554,0.2582474677382415,0.16370279999999998,409257,ok,right
8,332,1,3,0.038400000000000004,1.0,3.0,30.0,0.6142229318618775,-0.23167352202134783,5.58968276844948,1.6146636879234022,-0.031021034001357854,-4.078795127859645,0.1617064,404266,ok,right
8,380,1,3,0.038400000000000004,1.0,3.0,30.0,0.6905488708987833,-0.17221636970240442,0.29634776551394565,1.6911299671280642,-0.14468927351741548,-3.4710645154146915,0.1627352,406838,ok,right
8,408,1,3,0.038400000000000004,1.0,3.0,30.0,0.33217774890363216,-0.7972113979200783,2.955348295444709,1.333216259642353,0.017123483858129562,-31.32795269619502,0.1624072,406018,ok,right
8,585,1,3,0.038400000000000004,1.0,3.0,30.0,-0.09723615869879723,0.0027829912247323966,1.7352425443199282,0.9032812309950231,0.007021590157901384,-11.8591783012944,0.1629468,407367,ok,right
8,680,1,3,0.038400000000000004,1.0,3.0,30.0,0.005779598280787468,-0.9193836627269418,1.7742757938914486,1.0066237109349276,0.1152054594780052,16.12481498367029,0.1602092,400523,ok,right
8,719,1,3,0.038400000000000004,1.0,3.0,30.0,0.6722937356680632,-0.2150916437535906,0.14705225761392637,1.6723284834070595,-0.378852210933923,17.231087432779116,0.161684,404210,ok,right
8,733,1,3,0.038400000000000004,1.0,3.0,30.0,0.43542837593704464,-0.30901895117110567,2.7444489502747382,1.4364293226956142,0.02222414407947538,-43.22402316912512,0.16289679999999998,407242,ok,right
8,772,1,3,0.038400000000000004,1.0,3.0,30.0,0.5657955205067993,-0.46793094284621645,2.2484136393615715,1.5662506054097227,0.055342850813590284,-22.130121469656764,0.163682,409205,ok,right
8,865,1,3,0.038400000000000004,1.0,3.0,30.0,0.3892280630767346,-0.7545032425271294,4.7885095936737745,1.3898909370373895,0.26140038040168867,-28.20682332071543,0.1608956,402239,ok,right
8,976,1,3,0.038400000000000004,1.0,3.0,30.0,0.6706505229696632,0.08137966038759706,5.275388570548876,1.6707190324276964,0.2640977119417684,-12.002499231103108,0.1622352,405588,ok,right
8,178,1,3,0.038400000000000004,1.0,3.0,30.0,0.6425570685416461,-0.5414192930580218,5.184314001338932,1.642851573240326,-0.08362431885089286,-53.2802143343248,0.16705799999999998,417645,ok,right
8,237,1,3,0.038400000000000004,1.0,3.0,30.0,0.3489575581625104,1.3392506642440416,4.071682564116431,1.3492230859956587,0.15658426268495837,-18.628619830853683,0.16620559999999998,415514,ok,right
8,416,1,3,0.038400000000000004,1.0,3.0,30.0,0.6393586510792375,-0.24146392953678045,4.531701270793465,1.6402900798188675,-0.42733931290560156,31.95560020991745,0.16672599999999999,416815,ok,right
8,586,1,3,0.038400000000000004,1.0,3.0,30.0,0.16078415606170893,0.6485047285588471,5.899073023566897,1.1614462057043542,0.006188210464613729,2.6552594480097524,0.1654616,413654,ok,right
8,751,1,3,0.038400000000000004,1.0,3.0,30.0,0.47079171407967807,0.4362031338159848,3.0422188038243587,1.4708073131769182,-0.16418538858901546,9.42771716697748,0.1644184,411046,ok,right
8,801,1,3,0.038400000000000004,1.0,3.0,30.0,0.4888289012014866,0.9087684380228693,2.3717228155465677,1.4892646334022244,0.1842203849962011,-23.8300866741642,0.1646288,411572,ok,right
8,830,1,3,0.038400000000000004,1.0,3.0,30.0,0.6303417650982738,-0.34146103397240146,5.896865879561919,1.6307300347537328,-0.32959383915507895,19.552700468151883,0.16563319999999998,414083,ok,right
8,854,1,3,0.038400000000000004,1.0,3.0,30.0,0.0966874286532402,0.6350032411453284,1.9019229508164694,1.0967072715352273,0.007624402065173248,8.158137654468643,0.1671752,417938,ok,right
8,320,1,3,0.038400000000000004,1.0,3.0,30.0,-0.035582994855940346,-0.2855109555356352,1.0222425172354566,0.9656672228575868,-0.04130376914570435,-13.434688279632155,0.16885799999999998,422145,ok,right
8,555,1,3,0.038400000000000004,1.0,3.0,30.0,0.03953076843172312,-0.9488300151086341,5.549159781121546,1.0400209341592588,-0.03669745156979126,9.21755867684959,0.1705872,426468,ok,right
8,557,1,3,0.038400000000000004,1.0,3.0,30.0,-0.04800937380641699,-0.34973316936289456,5.904892532167075,0.9523143315014516,-0.04985582062871512,-10.193390870538824,0.1713196,428299,ok,right
8,572,1,3,0.038400000000000004,1.0,3.0,30.0,0.539736931398511,0.5029287298643987,5.862828640059986,1.5398329765702543,0.02123614217976631,19.595821331335834,0.169142,422855,ok,right
8,646,1,3,0.038400000000000004,1.0,3.0,30.0,0.577308962866664,-0.29788789197789456,4.539032699376893,1.5775121248935629,-0.05485247762068036,9.045162932158703,0.1698548,424637,ok,right
8,726,1,3,0.038400000000000004,1.0,3.0,30.0,0.6442001000046731,-0.3555659178443669,4.664513233664813,1.6446250283711774,-0.10764329126194669,9.445538255226037,0.1698848,424712,ok,right
8,793,1,3,0.038400000000000004,1.0,3.0,30.0,-0.0025019824504852297,-0.5481580031894164,4.06871654891285,0.9980661637267407,0.001467197789515385,-6.465569394385211,0.16833879999999998,420847,ok,right
8,993,1,3,0.038400000000000004,1.0,3.0,30.0,-0.03310180138796568,-0.3161885409214201,4.3828104894205016,0.9669255511825471,-0.050755465708471816,3.194513100606146,0.1705256,426314,ok,right
8,1,1,3,0.038400000000000004,1.0,3.0,30.0,0.3015490857884288,0.32928928289648773,3.067265441814509,1.3020106147198571,0.18980814484164138,12.45614528123949,0.1757692,439423,ok,right
8,64,1,3,0.038400000000000004,1.0,3.0,30.0,0.5331017185002566,-0.5473217550699709,0.4478487394519065,1.533165813289374,-0.24093719333407085,44.641689633791366,0.1758708,439677,ok,right
8,355,1,3,0.038400000000000004,1.0,3.0,30.0,0.41928267255425455,-0.2049647567684112,1.4712649836578027,1.4200685399628319,0.17247859995943637,26.109570962677783,0.17339279999999999,433482,ok,right
8,422,1,3,0.038400000000000004,1.0,3.0,30.0,0.3189886584877968,0.4594128985684213,3.695222472893985,1.319389157934089,-0.14250489156796123,26.29528970332717,0.17274199999999998,431855,ok,right
8,441,1,3,0.038400000000000004,1.0,3.0,30.0,0.11694344598799944,-1.549313791692133,3.9288460033832013,1.117589260916838,-0.06820460930838287,-4.482393117690013,0.1744936,436234,ok,right
8,541,1,3,0.038400000000000004,1.0,3.0,30.0,0.3603147884830833,1.4073101511345647,3.9762407894519938,1.3605064600635952,-0.2012241100760545,2.827951588648825,0.1757472,439368,ok,right
8,574,1,3,0.038400000000000004,1.0,3.0,30.0,0.41284943595528606,-1.2651298085854776,0.7928504275513059,1.4136424585064253,-0.10265603930756922,25.100757069206015,0.1743188,435797,ok,right
8,629,1,3,0.038400000000000004,1.0,3.0,30.0,0.2849594879895449,-0.3719407756342727,2.6393763572594877,1.285323310215006,0.2822437936151424,-16.00598025099436,0.1730604,432651,ok,right
8,822,1,3,0.038400000000000004,1.0,3.0,30.0,0.6400250766426325,-0.23409175326511844,3.7302230790611497,1.6419169178932536,-0.3564694611896314,-31.59777057368071,0.1723836,430959,ok,right
8,926,1,3,0.038400000000000004,1.0,3.0,30.0,0.548579690605402,-0.5939629336780974,5.1667238319291995,1.5490251528472891,0.1521580904355258,27.6528987200902,0.17309639999999998,432741,ok,right
8,928,1,3,0.038400000000000004,1.0,3.0,30.0,0.4356724817305804,-0.2975623747908245,5.897440622039393,1.4359087382153097,0.056183345293434966,6.160949041343158,0.1749948,437487,ok,right
8,20,1,3,0.038400000000000004,1.0,3.0,30.0,0.6265922959893943,0.22324409727166383,0.5747917149078,1.6266470201154402,-0.021792263828101035,33.68620165227778,0.176758,441895,ok,right
8,59,1,3,0.038400000000000004,1.0,3.0,30.0,0.6582972202450037,0.3522842853377464,4.508579373639353,1.6589851490225822,0.180942644202565,-12.152579801198911,0.1769404,442351,ok,right
8,243,1,3,0.038400000000000004,1.0,3.0,30.0,0.11082567349076272,1.3888398431055604,0.3845182433796853,1.1111539703944668,-0.003046489111979806,-4.611830782481074,0.1781004,445251,ok,right
8,254,1,3,0.038400000000000004,1.0,3.0,30.0,0.1528701724484563,0.42820545342457966,3.849730594903162,1.1529438629734612,-0.10786326363759391,-5.705139669751767,0.17873319999999998,446833,ok,right
8,281,1,3,0.038400000000000004,1.0,3.0,30.0,0.008757560141384601,0.20654688823990627,4.690054803173704,1.0091373771281895,0.10321080572258132,-46.99279043089891,0.17989239999999998,449731,ok,right
8,464,1,3,0.038400000000000004,1.0,3.0,30.0,0.06966130752116442,-0.8812207255477378,2.5315282239004127,1.07123234601119,-0.027100472874164304,6.146568604054755,0.1768324,442081,ok,right
8,521,1,3,0.038400000000000004,1.0,3.0,30.0,0.639615717343986,0.06714883752368037,5.911774129533228,1.6400410048091136,-0.003719260493562702,26.900483248659313,0.17750439999999998,443761,ok,right
8,562,1,3,0.038400000000000004,1.0,3.0,30.0,0.5943428505212068,-0.182766565214082,3.633707396715575,1.5949880103758267,-0.2168090206247147,31.000250026796138,0.17730759999999998,443269,ok,right
8,582,1,3,0.038400000000000004,1.0,3.0,30.0,0.5800500176846981,0.7789123278232276,0.00970153873660087,1.580074308061879,0.1196120993818336,-17.703182827071558,0.1773532,443383,ok,right
8,846,1,3,0.038400000000000004,1.0,3.0,30.0,0.003937135636806488,0.3317250722762365,4.7902456619651295,1.0047410195129907,0.071244730731407,46.36367376108239,0.1775468,443867,ok,right
8,973,1,3,0.038400000000000004,1.0,3.0,30.0,0.5328086100518704,0.7022610449226748,3.500544150640443,1.5335209614949403,-0.11323286771382847,25.549213587613878,0.1761936,440484,ok,right
8,100,1,3,0.038400000000000004,1.0,3.0,30.0,0.1762859970331192,0.15816384074103687,4.255185472297692,1.177107581759605,0.11381090606811171,12.973674095382654,0.1817036,454259,ok,right
8,182,1,3,0.038400000000000004,1.0,3.0,30.0,0.2964864792302251,0.6959462616336232,0.5684062428015417,1.2974616034929585,0.019666433027527,-5.147197498503598,0.180952,452380,ok,right
8,310,1,3,0.038400000000000004,1.0,3.0,30.0,0.29435912165790795,-0.8294123881979556,5.285270940589255,1.294394239874147,-0.30717270838509814,8.525065046857785,0.1821488,455372,ok,right
8,337,1,3,0.038400000000000004,1.0,3.0,30.0,-0.0732671907171607,-0.42597900457251275,2.698534426641961,0.9267343046480342,-0.006632639554979733,56.40035579734566,0.1800096,450024,ok,right
8,354,1,3,0.038400000000000004,1.0,3.0,30.0,0.14517731666564943,-0.5284990241614668,1.8452849465419663,1.1452327029420573,0.08884801316854836,-18.82322031330061,0.18004119999999998,450103,ok,right
8,372,1,3,0.038400000000000004,1.0,3.0,30.0,0.2563863258808851,-0.9401983152669994,1.1824457559205312,1.2565606826830795,-0.17244720266255595,5.308359593196623,0.1805648,451412,ok,right
8,378,1,3,0.038400000000000004,1.0,3.0,30.0,0.1563226578757167,1.5522316166831678,5.2668245676523515,1.1566206803830636,0.05353174204742427,12.639310821245308,0.18072639999999998,451816,ok,right
8,434,1,3,0.038400000000000004,1.0,3.0,30.0,0.1390189953148365,1.2998109518762166,1.6789972911250837,1.1394388271748832,-0.05330722444568118,-5.306137476339693,0.1809208,452302,ok,right
8,436,1,3,0.038400000000000004,1.0,3.0,30.0,0.38641732856631283,-1.2010204378803553,2.929849937610043,1.3870191286789053,-0.4567236042601499,14.837864704116887,0.18060959999999998,451524,ok,right
8,458,1,3,0.038400000000000004,1.0,3.0,30.0,-0.02213947866111994,-0.715491760568042,0.3145898126827178,0.9787745737423039,-0.04576390527795939,-3.860527956675646,0.1823868,455967,ok,right
8,471,1,3,0.038400000000000004,1.0,3.0,30.0,0.09717832282185555,-0.8201937974852062,5.738957596539531,1.0978007761911188,-0.056518168202508275,-6.122296652949731,0.1802252,450563,ok,right
8,505,1,3,0.038400000000000004,1.0,3.0,30.0,0.08821895122528077,1.0777072818736442,1.7906457521087729,1.0888954151405366,0.06909550334679426,3.532538626557551,0.18092999999999998,452325,ok,right
8,611,1,3,0.038400000000000004,1.0,3.0,30.0,-0.053396101109683514,-0.09289264186866045,0.9048972528313242,0.9466546387998194,-0.04418708061167182,-5.206108740668267,0.1830736,457684,ok,right
8,676,1,3,0.038400000000000004,1.0,3.0,30.0,0.4922410573810339,0.7037775863390101,5.31370034842249,1.4926345130013385,0.46310617352054956,7.116931828775752,0.18278039999999998,456951,ok,right
8,757,1,3,0.038400000000000004,1.0,3.0,30.0,-0.078196388669312,0.4098821958787096,4.797676741602282,0.9218337060411436,-0.00030470883003120696,2.5546317813949653,0.1832528,458132,ok,right
8,778,1,3,0.038400000000000004,1.0,3.0,30.0,0.39466215297579765,-0.6240715927376326,6.265156954306325,1.3953533538766247,0.012214719147018547,-20.8430948962351,0.1819892,454973,ok,right
8,905,1,3,0.038400000000000004,1.0,3.0,30.0,0.33218451850116254,0.8463579684281128,4.645983221312563,1.3325738577452944,0.051878397956338654,-12.18092824192323,0.1808592,452148,ok,right
8,969,1,3,0.038400000000000004,1.0,3.0,30.0,0.5300545511767268,-0.9960386711884549,6.131875081667063,1.531503366805279,-0.07444290200916794,40.45548965243823,0.18221759999999998,455544,ok,right
8,172,1,3,0.038400000000000004,1.0,3.0,30.0,0.1438981169834733,1.2790456333559175,0.4897968606109572,1.1439671208984834,0.18363711342328615,-17.04816289526257,0.1846708,461677,ok,right
8,218,1,3,0.038400000000000004,1.0,3.0,30.0,0.5564475925639272,0.258622552315133,5.323687507284887,1.5570766865528207,0.05782437799760978,-2.9452112725975987,0.1845672,461418,ok,right
8,258,1,3,0.038400000000000004,1.0,3.0,30.0,-0.07128043081611395,-0.3571127294429542,0.43677389368298397,0.9293387651743581,-0.0455741196209167,1.526526983968977,0.187032,467580,ok,right
8,322,1,3,0.038400000000000004,1.0,3.0,30.0,0.03643846269696951,0.6575503007493169,2.5809781041206965,1.0368285057704485,-0.11995518709301888,-9.520011243699907,0.1869828,467457,ok,right
8,361,1,3,0.038400000000000004,1.0,3.0,30.0,0.42788467481732373,-0.8523268204725689,5.700742001140874,1.428572968918471,-0.16363980297060957,34.09598580415328,0.1869448,467362,ok,right
8,500,1,3,0.038400000000000004,1.0,3.0,30.0,0.15060875900089743,1.041552384238574,5.9204181993991485,1.152033494549556,-0.16916630169925131,-18.81148411608482,0.18669159999999999,466729,ok,right
8,599,1,3,0.038400000000000004,1.0,3.0,30.0,-0.03256935905665159,-0.3704326880824604,6.041333807539571,0.9685152391466323,-0.03702801003092384,6.434445030100789,0.1843568,460892,ok,right
8,671,1,3,0.038400000000000004,1.0,3.0,30.0,0.030582864023745063,1.0242046892076238,3.086099896196562,1.0319888983568282,0.11063927001758299,-6.596511506649488,0.1866128,466532,ok,right
8,695,1,3,0.038400000000000004,1.0,3.0,30.0,0.4247505504637957,0.5332359967037027,3.2389175139608803,1.4255024082078667,0.17187598824474917,21.68630935687014,0.18651759999999998,466294,ok,right
8,806,1,3,0.038400000000000004,1.0,3.0,30.0,0.4485793232917786,0.6105686044526233,0.8796176071011808,1.4487144386987694,-0.008655259861013165,19.26700640074834,0.1878696,469674,ok,right
8,814,1,3,0.038400000000000004,1.0,3.0,30.0,0.2919523475691676,0.5087590773382481,4.369266692901299,1.2925745213916822,-0.1185576789851704,-16.499613248291883,0.1861604,465401,ok,right
8,30,1,3,0.038400000000000004,1.0,3.0,30.0,0.5238082014024258,-0.9612762409473085,0.5595068630095094,1.5243114459101044,0.02060523020127549,6.275514830516503,0.19075599999999998,476890,ok,right
8,35,1,3,0.038400000000000004,1.0,3.0,30.0,0.1881711095571518,-1.5400779780586198,1.7735828373927431,1.190199438338777,-0.11858406813924874,-6.034465499794065,0.19118,477950,ok,right
8,61,1,3,0.038400000000000004,1.0,3.0,30.0,0.6456519490107895,-0.1875288357639528,0.9029297523627465,1.6459616329217353,-0.07051603105751104,-24.395258808966098,0.1899084,474771,ok,right
8,93,1,3,0.038400000000000004,1.0,3.0,30.0,0.10612212531268597,0.7178131210028668,1.8075389624759353,1.107073124567752,-0.016225588794749946,-15.726001164210999,0.18985439999999998,474636,ok,right
8,121,1,3,0.038400000000000004,1.0,3.0,30.0,0.02756561301648617,-0.8348260053112544,5.418633496086425,1.0276948169934028,-0.11027566362329944,39.535683184882835,0.188666,471665,ok,right
8,208,1,3,0.038400000000000004,1.0,3.0,30.0,0.48610335364937785,0.6320903192218394,4.869298154727334,1.486828661309112,0.08643539586235545,3.3180082980244787,0.18805159999999999,470129,ok,right
8,233,1,3,0.038400000000000004,1.0,3.0,30.0,0.46630154307931665,-0.44649976429883953,3.1014579715334745,1.4671449540603665,0.33429722459691263,27.38126862306661,0.18935,473375,ok,right
8,525,1,3,0.038400000000000004,1.0,3.0,30.0,0.4260451503098011,0.3395917467288285,1.119642659370903,1.426610843636518,0.03228324787956072,-6.64133342950484,0.1880956,470239,ok,right
8,579,1,3,0.038400000000000004,1.0,3.0,30.0,0.1522605698555708,0.4540670932507113,0.9202727208012808,1.1522950491620803,0.09477732422145134,37.438914703562524,0.18924159999999998,473104,ok,right
8,584,1,3,0.038400000000000004,1.0,3.0,30.0,0.5032328782603145,0.1719841017519879,4.820537877997517,1.5037199690253467,0.10334696439521776,15.904899613809805,0.1903908,475977,ok,right
8,946,1,3,0.038400000000000004,1.0,3.0,30.0,0.08818900547921658,0.10660649194382353,5.05863381091739,1.0886695914841857,-0.12993934888876715,-24.445573454305862,0.1910676,477669,ok,right
8,52,1,3,0.038400000000000004,1.0,3.0,30.0,0.524862140417099,-0.7919384599734021,4.695028489113402,1.525494134956996,0.18633871302374738,-6.365471723278791,0.1947836,486959,ok,right
8,166,1,3,0.038400000000000004,1.0,3.0,30.0,0.32711595930159093,0.028370661156264628,0.6712995091990911,1.3279778897854224,0.03060261773567483,-21.402143677954715,0.1948924,487231,ok,right
8,266,1,3,0.038400000000000004,1.0,3.0,30.0,0.16751096304506063,1.3242968725824815,2.7985471151775942,1.1680174751778742,0.019744101668420565,-6.155831080217629,0.1951364,487841,ok,right
8,460,1,3,0.038400000000000004,1.0,3.0,30.0,0.1082319188863039,1.0693738299430289,3.6388568142266267,1.108363490635957,0.3067275840097954,0.17731372763290149,0.192292,480730,ok,right
8,488,1,3,0.038400000000000004,1.0,3.0,30.0,0.531941830739379,0.7588787492832509,0.9028781845004524,1.5327174983826637,0.18256574086482327,9.294468588945804,0.19597879999999998,489947,ok,right
8,815,1,3,0.038400000000000004,1.0,3.0,30.0,0.5869086232036352,0.5673731310730185,0.628190931199498,1.587093198609265,0.21567662414784888,28.302718174456817,0.1940364,485091,ok,right
8,858,1,3,0.038400000000000004,1.0,3.0,30.0,0.42918411605060103,0.8932905918279302,5.386697456062169,1.4311341818420884,0.09307919490612954,25.678405709554323,0.1931484,482871,ok,right
8,924,1,3,0.038400000000000004,1.0,3.0,30.0,0.38258823435753586,0.9561824366767852,6.129963036034116,1.3832406892929758,0.22929254636774213,47.84678821376452,0.19570359999999998,489259,ok,right
8,950,1,3,0.038400000000000004,1.0,3.0,30.0,0.3266421053558588,0.804093678408813,3.520320261983431,1.327110029334644,-0.06369460886540854,-31.959338721946477,0.1945112,486278,ok,right
8,140,1,3,0.038400000000000004,1.0,3.0,30.0,0.555614947155118,0.42216536408118044,3.0404897882610635,1.5560857385755877,-0.15957078647260997,11.162932596800374,0.197014,492535,ok,right
8,174,1,3,0.038400000000000004,1.0,3.0,30.0,0.638868635520339,0.2785799554752383,2.615776875869219,1.6394311488372193,-0.15345032130704647,1.8674003786448334,0.1989656,497414,ok,right
8,365,1,3,0.038400000000000004,1.0,3.0,30.0,0.2069935778155923,1.5660969519062369,3.0311901218983457,1.207235577221377,-0.03962014450675664,1.0651104935813025,0.1992988,498247,ok,right
8,605,1,3,0.038400000000000004,1.0,3.0,30.0,0.4908359015360475,-0.9588068615426106,1.6269958989097977,1.4910127165663467,-0.2594798121513647,-6.13415562694589,0.1962108,490527,ok,right
8,696,1,3,0.038400000000000004,1.0,3.0,30.0,0.5413324074819684,0.7319525803492766,0.024013397968698627,1.5424017472797185,-0.12464592759691527,-11.544759040957574,0.198182,495455,ok,right
8,740,1,3,0.038400000000000004,1.0,3.0,30.0,0.1036427427083254,0.925242507768743,2.7032938945614755,1.103980306942311,-0.3241273875282804,14.815149637019358,0.19688799999999998,492220,ok,right
8,824,1,3,0.038400000000000004,1.0,3.0,30.0,0.5562126217409968,-0.8236789195936252,1.9981553697972736,1.5565463967898512,-0.15917707451927465,3.2272953171721475,0.1970496,492624,ok,right
8,850,1,3,0.038400000000000004,1.0,3.0,30.0,0.1805504396557808,-0.8727570877333312,2.9010238727058772,1.1809093538441935,-0.18566636874084763,1.7918377648684571,0.1974056,493514,ok,right
8,19,1,3,0.038400000000000004,1.0,3.0,30.0,0.4999422470107675,-0.44971269859135465,2.7324753520063094,1.5001954758740415,-0.28561802219441723,-38.10108334321844,0.20080199999999998,502005,ok,right
8,21,1,3,0.038400000000000004,1.0,3.0,30.0,0.353833288513124,-0.94736672940825,2.8815302625473405,1.3539935072574472,0.06064181438321166,-17.38400596561309,0.20048239999999998,501206,ok,right
8,67,1,3,0.038400000000000004,1.0,3.0,30.0,0.15564891044050455,-1.234229009064911,3.2131080548933135,1.1559284762135793,-0.013075522657244924,9.091071325576815,0.201314,503285,ok,right
8,75,1,3,0.038400000000000004,1.0,3.0,30.0,0.4951241794973612,0.9763748659103493,3.335722225031376,1.4956188858715094,-0.28571381765760884,-9.606504747900535,0.2006568,501642,ok,right
8,205,1,3,0.038400000000000004,1.0,3.0,30.0,0.18457421604543925,-0.8452401866426276,2.7656315476320863,1.1846006627788759,-0.03293187403291637,-7.627190590312628,0.2033944,508486,ok,right
8,343,1,3,0.038400000000000004,1.0,3.0,30.0,0.5960417991504073,-0.735012806034168,4.307899048143999,1.5961004557245932,-0.009699387196299777,-15.476982724730693,0.2003864,500966,ok,right
8,347,1,3,0.038400000000000004,1.0,3.0,30.0,0.6815489420667291,-0.024864848665819967,5.935470921308293,1.6822725482002978,0.24196814201326672,25.0345639591528,0.2020208,505052,ok,right
8,396,1,3,0.038400000000000004,1.0,3.0,30.0,-0.00158972404897213,-0.18695732035182994,5.234252690765796,0.9985265193107835,0.00871750490318815,-50.12380548164374,0.200794,501985,ok,right
8,544,1,3,0.038400000000000004,1.0,3.0,30.0,0.5812354993075133,0.8078557650186207,3.9280891261419404,1.5814490078934955,-0.37148530328160606,15.682556144186073,0.2031008,507752,ok,right
8,559,1,3,0.038400000000000004,1.0,3.0,30.0,0.15543843396008017,0.6229199451663616,5.347201492816767,1.1556952836602632,-0.0517279543363367,21.765290643272493,0.2025892,506473,ok,right
8,853,1,3,0.038400000000000004,1.0,3.0,30.0,0.2751787731423974,-1.1958067279721194,4.447010181195355,1.2765570072465644,0.12340607745438939,-12.435360182072056,0.2033032,508258,ok,right
8,941,1,3,0.038400000000000004,1.0,3.0,30.0,0.4236100098118186,0.9698812657783414,5.006368723329562,1.4242220995267914,0.04924270510749375,18.698346918557025,0.20252599999999998,506315,ok,right
8,162,1,3,0.038400000000000004,1.0,3.0,30.0,0.42237177509814505,-1.0573038077566232,3.4429135184132864,1.42271757971071,0.4613804222365559,-21.898929374346736,0.20706719999999998,517668,ok,right
8,235,1,3,0.038400000000000004,1.0,3.0,30.0,0.14056490473449232,1.0031351978782466,5.019742433678279,1.1413031464172232,-0.037440063099825005,0.57240670033486,0.205452,513630,ok,right
8,273,1,3,0.038400000000000004,1.0,3.0,30.0,0.07309277001768351,0.29557492745220293,5.7866272078616126,1.0732526929325326,0.14676099088329028,-35.60907188395576,0.20568599999999998,514215,ok,right
8,287,1,3,0.038400000000000004,1.0,3.0,30.0,0.21710281632840633,0.5564029183862164,2.5999312538240296,1.2174894969464671,-0.027324257988068423,28.26432483942393,0.20588399999999998,514710,ok,right
8,303,1,3,0.038400000000000004,1.0,3.0,30.0,-0.07452001459896565,-0.2183845629833596,4.281303197462922,0.9261536947892074,0.01817239020199824,-4.138452424219285,0.2062532,515633,ok,right
8,367,1,3,0.038400000000000004,1.0,3.0,30.0,0.43034763559699063,1.004071056546699,5.186073177884268,1.4303942254154847,-0.011774130391296257,7.729724146735757,0.2067636,516909,ok,right
8,530,1,3,0.038400000000000004,1.0,3.0,30.0,-0.01899013537913561,-0.6934230175790352,1.1712963261991736,0.982117905374077,-0.06487643877876183,-11.772659753109703,0.20432799999999998,510820,ok,right
8,626,1,3,0.038400000000000004,1.0,3.0,30.0,-0.025901466235518457,-0.8005630648249936,3.503733603173943,0.9745603373266634,-0.12574935025902853,-18.87490539715988,0.2074628,518657,ok,right
8,645,1,3,0.038400000000000004,1.0,3.0,30.0,0.14930713213980198,0.045007930976410884,0.18170032831943106,1.1494001672989782,-0.06712588389306372,72.16613426360263,0.20403839999999998,510096,ok,right
8,665,1,3,0.038400000000000004,1.0,3.0,30.0,0.3247248221188784,-1.0421413880561072,6.103438313892971,1.3249783178232406,-0.04458061954098706,40.100968313963264,0.2053516,513379,ok,right
8,688,1,3,0.038400000000000004,1.0,3.0,30.0,0.6343903979286551,0.5530675608724439,1.9099698999470576,1.6346962720935996,-0.07239070218524604,-6.012864736445528,0.2050184,512546,ok,right
8,44,1,3,0.038400000000000004,1.0,3.0,30.0,-0.026745361462235454,0.23106227344240723,4.940637370954896,0.9734030198520207,0.009579431782765307,31.928253369534946,0.208674,521685,ok,right
8,65,1,3,0.038400000000000004,1.0,3.0,30.0,0.0031984036788344386,-0.7545395087502509,4.842853313764989,1.00417996674314,-0.12859375089140823,-4.255766750108639,0.2102672,525668,ok,right
8,175,1,3,0.038400000000000004,1.0,3.0,30.0,0.4074576096609235,1.336881774413267,2.7976089867750664,1.407938030428988,0.09797446153321647,-21.430981779823473,0.2085288,521322,ok,right
8,616,1,3,0.038400000000000004,1.0,3.0,30.0,0.3828031292185188,-0.39882831648150346,3.0287237956230997,1.3828940315674034,-0.15546776160604087,-16.807426048494413,0.2080524,520131,ok,right
8,644,1,3,0.038400000000000004,1.0,3.0,30.0,0.030335392057895663,1.0717675373236413,4.357652001102765,1.0309083470399492,-0.1356716494632312,-11.524343770611644,0.20818879999999998,520472,ok,right
8,724,1,3,0.038400000000000004,1.0,3.0,30.0,0.04751267116516829,0.33461560800589146,3.551454960834324,1.0476255009257143,-0.053556492606354394,26.13407169652294,0.210344,525860,ok,right
8,843,1,3,0.038400000000000004,1.0,3.0,30.0,0.3280176216736436,0.36013130705202695,4.242521012429247,1.3284130745273914,-0.03708251108266657,6.978597005540363,0.2080176,520044,ok,right
8,860,1,3,0.038400000000000004,1.0,3.0,30.0,0.4978086294606328,0.6249109220997925,4.019774958116289,1.497873938315685,0.11420808789677754,7.995477612971598,0.20806999999999998,520175,ok,right
8,517,1,3,0.038400000000000004,1.0,3.0,30.0,0.24279720950871708,0.9542685024763984,0.7676577625414015,1.243651275584034,-0.020485183742727966,27.317654928404153,0.21383,534575,ok,right
8,701,1,3,0.038400000000000004,1.0,3.0,30.0,0.69157072622329,0.03447352347767054,0.8949089324119722,1.6923600636957514,-0.057542130655514764,-16.29850215335229,0.2140852,535213,ok,right
8,867,1,3,0.038400000000000004,1.0,3.0,30.0,0.24527358058840038,-0.8523125283992821,4.214437438429951,1.2463652928740445,0.08729381723090172,-12.253719994892997,0.212144,530360,ok,right
8,877,1,3,0.038400000000000004,1.0,3.0,30.0,-0.04454120416194201,-0.37313075909019633,0.24808568846185985,0.956110455557381,0.03272165767085074,-12.40909228749129,0.21483239999999998,537081,ok,right
8,904,1,3,0.038400000000000004,1.0,3.0,30.0,0.5426307624205947,-0.7773104660277759,2.340453450697724,1.5427760721617256,0.1313832018854523,-31.24437238279783,0.21544639999999998,538616,ok,right
8,996,1,3,0.038400000000000004,1.0,3.0,30.0,0.47806142475456004,-0.3466670740736888,0.7416933292471074,1.478863965484908,0.24100467066688627,-56.62868046521503,0.21517319999999998,537933,ok,right
8,42,1,3,0.038400000000000004,1.0,3.0,30.0,0.09164368566125632,0.12567372495222862,0.1200821412860401,1.0925726837737513,0.04804359173357991,-35.46932244442435,0.2163244,540811,ok,right
8,48,1,3,0.038400000000000004,1.0,3.0,30.0,-0.010767576284706593,0.3413678101043967,5.555858600039956,0.9894919100852846,-0.06697263546872001,6.065757095376007,0.2198704,549676,ok,right
8,274,1,3,0.038400000000000004,1.0,3.0,30.0,0.2883332954719663,0.5814109105271249,6.14641400334008,1.2886076308596592,0.08000006183730991,-20.284483356002927,0.21659599999999998,541490,ok,right
8,595,1,3,0.038400000000000004,1.0,3.0,30.0,0.09889840055257082,1.0996943584488574,3.454511322285513,1.0996936881365698,-0.01760905683347196,-7.769168618475814,0.21943759999999998,548594,ok,right
8,690,1,3,0.038400000000000004,1.0,3.0,30.0,0.5095373896881938,0.576978319320516,5.262222989555297,1.510499635932382,0.2862422774244654,-3.159182005131948,0.2187092,546773,ok,right
8,730,1,3,0.038400000000000004,1.0,3.0,30.0,0.37086423840373756,0.34345985600479473,2.572226637049823,1.3711343443297244,-0.03308011845394218,-34.746953344200406,0.21850039999999998,546251,ok,right
8,835,1,3,0.038400000000000004,1.0,3.0,30.0,0.47354489602148536,-0.6540816217763898,2.9376705162599634,1.473935445094952,0.02026075912248455,-13.020502644790048,0.21777359999999998,544434,ok,right
8,869,1,3,0.038400000000000004,1.0,3.0,30.0,0.06497005671262741,-1.3146656783278055,4.953389958471353,1.0650768001467308,-0.06048327275817554,52.901967077139055,0.2193944,548486,ok,right
8,883,1,3,0.038400000000000004,1.0,3.0,30.0,0.26217520963400603,-1.5477793215449185,2.6505200040656782,1.262230754202499,-0.2233230178145641,15.531328506338179,0.2196988,549247,ok,right
8,887,1,3,0.038400000000000004,1.0,3.0,30.0,0.06332724001258612,-1.3128146963825682,4.076106065584452,1.0638066291153878,-0.025038670198873684,-17.832984709904995,0.2191868,547967,ok,right
8,352,1,3,0.038400000000000004,1.0,3.0,30.0,-0.025685307569801807,-0.4530559606296084,3.3031340219790555,0.9744223050661872,0.060553221625789674,44.28991621020883,0.2201476,550369,ok,right
8,518,1,3,0.038400000000000004,1.0,3.0,30.0,0.40618666969239714,0.5739846682455141,4.316498260552855,1.4062809399701872,0.20398092660074058,-15.927764980157308,0.22276559999999998,556914,ok,right
8,684,1,3,0.038400000000000004,1.0,3.0,30.0,0.656327017210424,0.25891578436536006,0.08202595714464525,1.6570387523372918,-0.05983174298741087,-35.56011996775365,0.22169319999999998,554233,ok,right
8,759,1,3,0.038400000000000004,1.0,3.0,30.0,0.11740548443049192,-0.9008019364602102,2.0323708673300835,1.117974994177841,-0.20625583301689135,-24.39377080103988,0.2201632,550408,ok,right
8,966,1,3,0.038400000000000004,1.0,3.0,30.0,0.2937596555799246,-0.3068293361681766,0.3521763211230916,1.2945871830453484,-0.0569443115832063,11.562395804780941,0.22145399999999998,553635,ok,right
8,3,1,3,0.038400000000000004,1.0,3.0,30.0,0.2416428152471781,-0.6348054146944332,3.2925129338995336,1.2419267904260038,-0.09883245805840266,-47.266319025428544,0.227324,568310,ok,right
8,55,1,3,0.038400000000000004,1.0,3.0,30.0,-0.06475134771317244,-0.44433250727851975,3.2768414620112543,0.935472793144806,0.024239527472568287,-17.723363041258374,0.2240384,560096,ok,right
8,271,1,3,0.038400000000000004,1.0,3.0,30.0,0.3787342866882682,1.3332154097153275,3.503043184838105,1.3789345195928746,0.023008229728068992,-3.6739574233638903,0.22619799999999998,565495,ok,right
8,278,1,3,0.038400000000000004,1.0,3.0,30.0,0.27603478971868756,-0.13956969424013052,4.333833564763572,1.2767312470613692,0.07264500806600811,-41.03845690760547,0.2271464,567866,ok,right
8,468,1,3,0.038400000000000004,1.0,3.0,30.0,0.1066617637872696,1.4349286055670334,6.066937929962614,1.1069835610789316,0.08236542843125153,25.24118559118081,0.2254552,563638,ok,right
8,536,1,3,0.038400000000000004,1.0,3.0,30.0,0.027956829592585566,-0.1668427218687989,3.8289933727146206,1.0279952769065483,0.13000215189874909,-22.748109443832167,0.22571159999999998,564279,ok,right
8,588,1,3,0.038400000000000004,1.0,3.0,30.0,0.3866528170183301,-0.326094302620297,1.4192751821424587,1.3872055792380755,-0.1076365836158674,-48.3717415507729,0.22481079999999998,562027,ok,right
8,638,1,3,0.038400000000000004,1.0,3.0,30.0,-0.08529934398829937,0.22448750759695635,5.641345939856512,0.9147796938974867,0.03430952992016773,7.665335460310681,0.2267252,566813,ok,right
8,714,1,3,0.038400000000000004,1.0,3.0,30.0,0.31696121059358123,1.0552039327098452,5.160339734965936,1.3186490846577692,-0.12749914123633263,9.272137939528058,0.22512159999999998,562804,ok,right
8,748,1,3,0.038400000000000004,1.0,3.0,30.0,0.2778711851686239,-1.6055761800468535,3.9918106368100603,1.27816945022697,0.029624078994146152,31.677708159813285,0.22590159999999998,564754,ok,right
8,799,1,3,0.038400000000000004,1.0,3.0,30.0,0.17082578875124454,-0.12913468201072723,4.394163064335101,1.1719204205434248,0.11379111373407765,12.384835512284111,0.22554239999999998,563856,ok,right
8,847,1,3,0.038400000000000004,1.0,3.0,30.0,0.4857803186401725,0.5629620887548572,2.4395414448075514,1.4865020624625795,-0.08402519500511478,-6.9073921490822405,0.227962,569905,ok,right
8,855,1,3,0.038400000000000004,1.0,3.0,30.0,0.5387944808229804,-0.3052879561792134,2.8772738453419073,1.5389800589370293,0.23102290658445554,-19.166971040768722,0.22406759999999998,560169,ok,right
8,0,1,3,0.038400000000000004,1.0,3.0,30.0,-0.0031891254708170894,0.8273085760212772,5.351374825052806,0.9969894157287309,0.05538961371687558,-10.957081203378815,0.2297184,574296,ok,right
8,263,1,3,0.038400000000000004,1.0,3.0,30.0,0.643938902206719,-0.45845462749897836,4.799112951186175,1.644408043559679,-0.2940141348200601,2.1639353178797385,0.2315364,578841,ok,right
8,304,1,3,0.038400000000000004,1.0,3.0,30.0,0.27765598632395266,1.9782727776380788,4.423519564316873,1.2790643481118509,-0.022527722495780306,-18.42060583324687,0.23082519999999998,577063,ok,right
8,321,1,3,0.038400000000000004,1.0,3.0,30.0,0.025199969112873078,0.5848270798881792,0.8819144470023534,1.0252962408960145,-0.029542587919417895,12.599350941826803,0.2280564,570141,ok,right
8,546,1,3,0.038400000000000004,1.0,3.0,30.0,0.005890893749892712,-1.143940786927327,4.5474394458944865,1.0068795919760416,0.07100604777745664,-28.812994769905814,0.2295448,573862,ok,right
8,564,1,3,0.038400000000000004,1.0,3.0,30.0,0.32048426214605574,-1.3710204992502864,5.105395034961495,1.3209510142318306,0.07793645901782369,-12.43894148349856,0.2314784,578696,ok,right
8,589,1,3,0.038400000000000004,1.0,3.0,30.0,0.2364601580426097,1.267068711398068,4.247197249087559,1.2365275958776272,-0.06578108025447686,2.6271039039748083,0.22812759999999999,570319,ok,right
8,631,1,3,0.038400000000000004,1.0,3.0,30.0,0.23180217519402505,0.49085848586023784,2.3933899913514103,1.2319104262175307,0.049994244385555144,0.26532568294426334,0.230202,575505,ok,right
8,642,1,3,0.038400000000000004,1.0,3.0,30.0,0.03938729614019394,-1.192347358112783,2.295334239552904,1.0395670170886706,-0.03702521709553025,3.4903537213960174,0.2307116,576779,ok,right
8,895,1,3,0.038400000000000004,1.0,3.0,30.0,0.4419509138911963,1.0829029780876822,4.627690684452122,1.4428584647769762,-0.2422103893750125,32.15327064680471,0.22886479999999998,572162,ok,right
8,938,1,3,0.038400000000000004,1.0,3.0,30.0,0.1181052239611745,1.6525884757425475,5.619901036898797,1.1186737315530497,0.0712353707839866,9.940427531890581,0.2286,571500,ok,right
8,155,1,3,0.038400000000000004,1.0,3.0,30.0,0.520904054865241,0.7383536798191389,1.0866764441385723,1.5209984369743321,-0.001432370159551627,-4.717683828298221,0.232152,580380,ok,right
8,296,1,3,0.038400000000000004,1.0,3.0,30.0,0.15080866366624834,-0.027407099442869808,0.5934178424407752,1.1508692716460747,-0.20212277111977014,20.262345378017265,0.2324088,581022,ok,right
8,331,1,3,0.038400000000000004,1.0,3.0,30.0,0.5431991362944245,-0.2979866033427904,1.8899614186963585,1.5432430604611935,0.0654346873916585,8.95699390865824,0.23524479999999998,588112,ok,right
8,738,1,3,0.038400000000000004,1.0,3.0,30.0,0.34844202250242234,0.005342394933191359,5.421091230643792,1.349008187685061,-0.26315351764491146,-28.212579663385995,0.2344436,586109,ok,right
8,790,1,3,0.038400000000000004,1.0,3.0,30.0,0.6489046808332205,-0.3441353071161338,2.073086539986993,1.6489836955362165,0.03693894699928894,-31.002141712845738,0.2326788,581697,ok,right
8,802,1,3,0.038400000000000004,1.0,3.0,30.0,0.5965705063194037,-0.5853064469415825,5.152278400961874,1.5973352479776741,0.0119244231580305,38.11844638865355,0.2351104,587776,ok,right
8,874,1,3,0.038400000000000004,1.0,3.0,30.0,0.4370897728949785,-0.8145555600349439,3.1823957853411535,1.437380904719605,-0.04945752155719628,12.048034155943958,0.233208,583020,ok,right
8,202,1,3,0.038400000000000004,1.0,3.0,30.0,0.1075505655258894,1.6705502187737256,6.224860921163372,1.1084527861165137,-0.005107831335069845,-21.68743955428135,0.2389808,597452,ok,right
8,576,1,3,0.038400000000000004,1.0,3.0,30.0,0.5342951541766524,-0.07064970554202223,1.1839820203235387,1.5356447512015883,0.39617857634133397,2.927595786548363,0.23924679999999998,598117,ok,right
8,699,1,3,0.038400000000000004,1.0,3.0,30.0,0.2827523281797767,-1.8201190384636645,4.484802333493049,1.2844726668439415,0.28407387928749983,-6.11579489829047,0.2389024,597256,ok,right
8,758,1,3,0.038400000000000004,1.0,3.0,30.0,0.3991444788873196,-0.9371334186455144,6.2001592992359535,1.399854870694519,-0.26286114276344597,37.17046287392813,0.23988079999999998,599702,ok,right
8,809,1,3,0.038400000000000004,1.0,3.0,30.0,0.34687454868108036,0.9720755638900275,2.5142987003701713,1.3475084618553224,0.01677406602351124,0.25932879134071585,0.23617439999999998,590436,ok,right
8,811,1,3,0.038400000000000004,1.0,3.0,30.0,0.3695067409425974,-1.023788918410605,4.368620934528584,1.3700154466792245,-0.15211751572220633,13.093791404866826,0.2364876,591219,ok,right
8,872,1,3,0.038400000000000004,1.0,3.0,30.0,-0.03141202963888645,-0.5364800533883999,1.3944730562800776,0.9688153477936329,-0.04407926553336325,12.705133552303177,0.23957479999999998,598937,ok,right
8,925,1,3,0.038400000000000004,1.0,3.0,30.0,0.5781056549400091,-0.7198326869974704,4.7171337064787195,1.5784615360827765,-0.15642518797148017,37.15923027960902,0.23834639999999999,595866,ok,right
8,118,1,3,0.038400000000000004,1.0,3.0,30.0,0.19587843008339406,-0.8988194476986313,0.2414865147455004,1.1959724436988912,-0.023853806830003994,-0.7928155931775764,0.2419372,604843,ok,right
8,138,1,3,0.038400000000000004,1.0,3.0,30.0,-0.0670556103810668,0.19475088087137243,5.853636698595871,0.9341527736691856,0.020381008216496355,-0.4589130256557699,0.2413796,603449,ok,right
8,279,1,3,0.038400000000000004,1.0,3.0,30.0,-0.04334197845309973,-0.1780371657699887,5.662231013323653,0.9572480452270707,-0.021243451762542595,15.350679746637525,0.24303999999999998,607600,ok,right
8,681,1,3,0.038400000000000004,1.0,3.0,30.0,0.4064293548464775,1.3349626062778066,2.190717382092297,1.4066468834239643,0.102322305866267,-16.063962324010944,0.2428648,607162,ok,right
8,691,1,3,0.038400000000000004,1.0,3.0,30.0,0.6934816328808666,0.2173966699887854,5.5555487539907675,1.693675738125257,0.1697095138316799,8.622745092405161,0.2437876,609469,ok,right
8,717,1,3,0.038400000000000004,1.0,3.0,30.0,0.6326822863891721,-0.5455601311517525,4.510508162369717,1.6327629107741997,-0.08369746863805635,-35.43329987934991,0.24262519999999999,606563,ok,right
8,988,1,3,0.038400000000000004,1.0,3.0,30.0,0.3103745117783547,-1.339808230623975,2.9882406157590196,1.3108112141981954,0.002458171047766155,-8.485169745662457,0.2425628,606407,ok,right
8,8,1,3,0.038400000000000004,1.0,3.0,30.0,0.49299777001142503,-0.5578059359318264,2.967010628633412,1.4937785819920046,-0.09589261061576325,31.76740007899457,0.24438759999999998,610969,ok,right
8,242,1,3,0.038400000000000004,1.0,3.0,30.0,0.38777811937034135,-0.275849956140813,4.994873344203737,1.3879696848002059,-0.1065841811445796,0.6834977214743025,0.24661799999999998,616545,ok,right
8,549,1,3,0.038400000000000004,1.0,3.0,30.0,0.007627003453671933,0.4989855258317962,5.634176552857052,1.008250390804045,0.030462310696297873,21.830733426866075,0.24462879999999998,611572,ok,right
8,632,1,3,0.038400000000000004,1.0,3.0,30.0,0.18048912324011326,1.600806325083517,6.159271853664014,1.181120199841331,0.04118203612444942,27.804131495933486,0.24506799999999998,612670,ok,right
8,707,1,3,0.038400000000000004,1.0,3.0,30.0,0.47786191869527106,0.5077364552748906,2.824471824394364,1.4782574449670964,0.05346543882949523,-46.77451296683918,0.24584319999999998,614608,ok,right
8,743,1,3,0.038400000000000004,1.0,3.0,30.0,0.5682704228907823,0.36890928793587,4.469756436096745,1.568420056546368,-0.13541882131582958,-49.92166480733633,0.2442424,610606,ok,right
8,780,1,3,0.038400000000000004,1.0,3.0,30.0,0.19925869386643172,1.1111131689004905,5.967025119233007,1.200111206372036,-0.11218196048311795,6.645252664742831,0.24624359999999998,615609,ok,right
8,862,1,3,0.038400000000000004,1.0,3.0,30.0,0.24772779885679486,-1.736384599167399,3.327857685693173,1.2477819006296675,0.18836399004371948,-5.979057131138222,0.2463868,615967,ok,right
8,945,1,3,0.038400000000000004,1.0,3.0,30.0,0.029796700179576877,-1.1196706693181357,2.4310806054310587,1.029946562009039,0.10593052636788536,8.912432535003356,0.2473916,618479,ok,right
8,957,1,3,0.038400000000000004,1.0,3.0,30.0,0.45382706727832556,-0.7627217480497206,4.324642310870955,1.4541945411293895,0.2782015341043232,5.614640885421771,0.2472112,618028,ok,right
8,43,1,3,0.038400000000000004,1.0,3.0,30.0,0.42557109631598,1.2830263406585025,0.32400472334296593,1.4259938516081696,-0.19290071285368376,21.393996418348824,0.2517504,629376,ok,right
8,58,1,3,0.038400000000000004,1.0,3.0,30.0,0.13706416636705399,1.7379152087010759,0.2339979160953081,1.137106379912064,-0.00009414352157338402,-12.237001467992778,0.2500552,625138,ok,right
8,105,1,3,0.038400000000000004,1.0,3.0,30.0,-0.09494119789451361,0.1591234321459482,4.081790426886631,0.9062985496093886,-0.020056284248924187,-21.362189234000095,0.24900239999999998,622506,ok,right
8,158,1,3,0.038400000000000004,1.0,3.0,30.0,0.0721739836037159,1.2568956973044603,1.4766759358113932,1.072841729290591,-0.04655906478922473,34.46470825777222,0.25145999999999996,628650,ok,right
8,368,1,3,0.038400000000000004,1.0,3.0,30.0,0.21314763799309733,-1.7916110123242324,4.562916096593395,1.214228177169209,-0.19732783515182714,-3.9736205003793907,0.251922,629805,ok,right
8,918,1,3,0.038400000000000004,1.0,3.0,30.0,0.15842503346502781,-0.5181129264123866,0.1714779058973625,1.1589458595736881,0.06368548812500015,31.427203700912795,0.24845399999999998,621135,ok,right
8,936,1,3,0.038400000000000004,1.0,3.0,30.0,0.05971016120165587,0.6477882825695522,1.7813492807591402,1.060050299274761,-0.3130654115677547,-12.714667599549372,0.2492216,623054,ok,right
8,992,1,3,0.038400000000000004,1.0,3.0,30.0,0.15068620275706054,-1.8869875205488214,4.507246402184313,1.1510551486318996,0.010610315605947048,-25.425029766416603,0.248218,620545,ok,right
8,11,1,3,0.038400000000000004,1.0,3.0,30.0,0.2453969042748213,-0.18570146200800125,5.744951961886051,1.2454375915311937,-0.22471615065645706,0.19530059132688743,0.2527308,631827,ok,right
8,39,1,3,0.038400000000000004,1.0,3.0,30.0,0.3794846262782812,0.1466393347066071,2.943020065353013,1.3802657192121832,0.12928836978023314,-25.35376754965259,0.2555616,638904,ok,right
8,49,1,3,0.038400000000000004,1.0,3.0,30.0,0.22501278836280109,-1.1064286927021156,0.8537695562546829,1.2257436045623815,0.20212048931132315,-18.69960935496361,0.25545,638625,ok,right
8,95,1,3,0.038400000000000004,1.0,3.0,30.0,0.37177510950714354,1.4897068191808174,0.8443005805309792,1.3719061132288655,-0.17360017977723874,-12.295936762454854,0.2558764,639691,ok,right
8,126,1,3,0.038400000000000004,1.0,3.0,30.0,0.45674822777509694,1.0199525496529853,2.7543677147910937,1.4568423030769453,-0.04409893475762781,13.278046640837104,0.25269559999999996,631739,ok,right
8,253,1,3,0.038400000000000004,1.0,3.0,30.0,0.4532292252406478,0.8527880980716523,1.7229624573993025,1.4534318323073443,-0.07498038966234465,-4.291327901523797,0.25514919999999996,637873,ok,right
8,324,1,3,0.038400000000000004,1.0,3.0,30.0,0.4892699457705021,-0.4962585987924754,0.03593481980091226,1.4894830138052173,-0.14238135812137268,12.764153896326992,0.2555896,638974,ok,right
8,494,1,3,0.038400000000000004,1.0,3.0,30.0,0.24916340317577124,-1.1445025891504523,6.242027025731958,1.2491970940121206,0.11609734270347781,14.786568441758149,0.2543756,635939,ok,right
8,723,1,3,0.038400000000000004,1.0,3.0,30.0,0.5735000157728791,-0.8509876965348029,3.4224416008071743,1.5742604823050232,-0.052444716575555654,10.039023546252944,0.2530496,632624,ok,right
8,817,1,3,0.038400000000000004,1.0,3.0,30.0,0.19158676564693453,-1.6173197318837664,2.433385015933292,1.1916904614486439,0.24509142594901437,31.97162171313146,0.2546408,636602,ok,right
8,856,1,3,0.038400000000000004,1.0,3.0,30.0,0.40136833693832163,1.118100225527563,2.7465120012376634,1.4029637946641036,0.00652997477229337,-25.176375592819735,0.2553768,638442,ok,right
8,34,1,3,0.038400000000000004,1.0,3.0,30.0,0.25744547713547944,0.9668584658732151,1.562873671573077,1.257852134699717,-0.026056726203429092,-9.3470609066415,0.2598272,649568,ok,right
8,103,1,3,0.038400000000000004,1.0,3.0,30.0,0.6415727898478508,-0.41800578020488577,3.193604581741086,1.6417542306939465,0.08723906326078916,-28.567090288415976,0.2590148,647537,ok,right
8,106,1,3,0.038400000000000004,1.0,3.0,30.0,0.40174525007605555,1.0955204070188305,4.976440738788877,1.4017893740538245,0.009178905333768353,10.606199981579945,0.257082,642705,ok,right
8,191,1,3,0.038400000000000004,1.0,3.0,30.0,0.597818704880774,-0.5854681731488489,1.038340296618297,1.598141293106574,0.02526278404276949,2.027661394626371,0.2594672,648668,ok,right
8,261,1,3,0.038400000000000004,1.0,3.0,30.0,-0.01959043797105551,-0.2627588244186723,1.2952976469633415,0.9811545284693802,0.0806221567588062,-18.09709637242526,0.2585116,646279,ok,right
8,300,1,3,0.038400000000000004,1.0,3.0,30.0,0.04549160469323397,-1.0749065156378022,2.206793091892994,1.045696940127768,0.07664131481729455,-25.00319935434385,0.25941759999999997,648544,ok,right
8,306,1,3,0.038400000000000004,1.0,3.0,30.0,0.1825405064970255,-1.3608189640840018,1.441266953136565,1.183939422641923,0.1405511075164481,-30.84558338752576,0.2583376,645844,ok,right
8,413,1,3,0.038400000000000004,1.0,3.0,30.0,-0.08980091847479343,0.03389415053640133,1.6082019029901446,0.9110431598201139,0.05972393541101654,-18.14347723702579,0.2578432,644608,ok,right
8,417,1,3,0.038400000000000004,1.0,3.0,30.0,0.22474640253931286,-1.1788672666240312,6.098506139716691,1.2254196129875907,-0.047919258625299284,-31.66741001753964,0.25994639999999997,649866,ok,right
8,456,1,3,0.038400000000000004,1.0,3.0,30.0,0.21645832024514677,-1.606996472149828,3.2281589510806956,1.2167720813076384,-0.01540049853935291,44.65539432172797,0.2587628,646907,ok,right
8,462,1,3,0.038400000000000004,1.0,3.0,30.0,0.2984942840412259,-0.8481161313859583,4.753454710320033,1.2989984269096624,-0.08101100465322436,-5.285268491467127,0.2574124,643531,ok,right
8,628,1,3,0.038400000000000004,1.0,3.0,30.0,0.49399364292621617,0.08335556195558438,0.41388488430958353,1.4944461365733661,-0.03825375277158078,2.571912134129449,0.2598784,649696,ok,right
8,744,1,3,0.038400000000000004,1.0,3.0,30.0,0.6898885369300842,0.18757022760128578,3.4540737459329875,1.6904439277152856,-0.2870405328103316,-11.216902476374722,0.2568088,642022,ok,right
8,766,1,3,0.038400000000000004,1.0,3.0,30.0,0.3041685869917274,1.6910083825001017,4.248300315651853,1.304555332652415,0.03897153095619816,-15.849876405084457,0.257942,644855,ok,right
8,161,1,3,0.038400000000000004,1.0,3.0,30.0,0.5418358284980059,0.49991874918611273,4.7623301421431075,1.5421805341484391,-0.039734816442565865,-30.839823762459115,0.2606632,651658,ok,right
8,209,1,3,0.038400000000000004,1.0,3.0,30.0,0.3995242776349187,-1.1709378862693258,0.9612107350624675,1.3995689209919273,0.12160518040095607,16.06691962191486,0.2614796,653699,ok,right
8,249,1,3,0.038400000000000004,1.0,3.0,30.0,0.4874407092109323,0.444270374345912,3.7016186696526825,1.4884557933894973,0.03227423511171158,-10.46652054618413,0.2635712,658928,ok,right
8,647,1,3,0.038400000000000004,1.0,3.0,30.0,0.06854852493852377,0.48444991698711326,2.4220590983119332,1.0686982525760342,-0.059853341348001535,19.548825406974863,0.2632324,658081,ok,right
8,762,1,3,0.038400000000000004,1.0,3.0,30.0,0.16208661440759897,0.8669859425579586,5.385344527478692,1.1621352432139727,-0.09778046911099147,70.74844537239059,0.26057759999999996,651444,ok,right
8,798,1,3,0.038400000000000004,1.0,3.0,30.0,0.1319078542292118,-1.4457331927736459,4.490791294820185,1.1320542518052727,0.17359481297947685,-3.11509654269949,0.26194639999999997,654866,ok,right
8,889,1,3,0.038400000000000004,1.0,3.0,30.0,-0.004579522460699081,-1.0528675905304128,1.3031163208939227,0.9955030563443392,0.07446336077103957,3.0315268698348,0.262058,655145,ok,right
8,931,1,3,0.038400000000000004,1.0,3.0,30.0,0.6142691820859909,0.45296894472167853,2.4397674875945694,1.6143320948497248,-0.1940656639104874,3.5225461303461545,0.2627872,656968,ok,right
8,31,1,3,0.038400000000000004,1.0,3.0,30.0,0.11184075064957143,1.3560471700387229,2.52521099107088,1.1123224493743897,0.08192965947954325,18.117546885473836,0.26576079999999996,664402,ok,right
8,241,1,3,0.038400000000000004,1.0,3.0,30.0,0.1868073595687747,1.3037921657763674,1.2957415387332154,1.186902309928981,-0.0038953871599127325,-3.1233664029294306,0.2658308,664577,ok,right
8,542,1,3,0.038400000000000004,1.0,3.0,30.0,0.3840874828398228,0.9379339466347285,5.583956800294208,1.3841098621161525,0.14887397700011334,-1.065156592627319,0.2664592,666148,ok,right
8,565,1,3,0.038400000000000004,1.0,3.0,30.0,0.29720752574503423,-0.7912074527838925,4.446563623988741,1.2975312584135767,0.020754965387294922,-16.104901838976037,0.2648512,662128,ok,right
8,587,1,3,0.038400000000000004,1.0,3.0,30.0,0.40178081598132853,1.2033198109644312,5.070473552181566,1.4019342623401114,-0.07522141478135225,19.23232710682089,0.2678312,669578,ok,right
8,715,1,3,0.038400000000000004,1.0,3.0,30.0,0.2161946786567569,1.6297628902402115,6.247598854986726,1.216424356866348,0.033758251416708525,34.515028031366455,0.2661848,665462,ok,right
8,864,1,3,0.038400000000000004,1.0,3.0,30.0,-0.007247373275458813,-0.6399736069074633,4.020784947980706,0.9929856821630657,-0.005097617779204476,-0.6178007001808655,0.26772239999999997,669306,ok,right
8,290,1,3,0.038400000000000004,1.0,3.0,30.0,0.2628747934475541,-1.4333390251760003,2.2849079916806874,1.2630565972143788,0.25397742910260424,-9.630136688451582,0.2680708,670177,ok,right
8,426,1,3,0.038400000000000004,1.0,3.0,30.0,0.4445244746282697,1.1019613236943866,5.998613685492156,1.4446994968294982,-0.0428313943331024,13.24886217531546,0.2687824,671956,ok,right
8,575,1,3,0.038400000000000004,1.0,3.0,30.0,-0.09288761615753174,0.24382864806799986,1.0571635830837334,0.9077996545693698,0.005367112604351007,-9.667579210905188,0.26927439999999997,673186,ok,right
8,886,1,3,0.038400000000000004,1.0,3.0,30.0,0.39154237359762195,-1.3216294394593726,0.23056132988484115,1.3924405164222584,0.1644578060148068,-19.21406762405066,0.2691496,672874,ok,right
8,930,1,3,0.038400000000000004,1.0,3.0,30.0,0.35997287817299367,-1.0217474452983002,3.8615392550098258,1.3606563127931395,0.21117431622304422,-8.778896097466347,0.27053879999999997,676347,ok,right
8,217,1,3,0.038400000000000004,1.0,3.0,30.0,0.14962681364268066,0.6474998818457414,0.1264372432129727,1.149881009533784,0.12612276511517986,-16.18292046705376,0.2749176,687294,ok,right
8,357,1,3,0.038400000000000004,1.0,3.0,30.0,0.08752692937850953,0.8514839047365703,0.09911594023389564,1.087568039613088,-0.05221369707844632,-11.193472858439081,0.274524,686310,ok,right
8,520,1,3,0.038400000000000004,1.0,3.0,30.0,0.35759860128164295,1.2257689962471356,1.9068994689655685,1.358285406545973,0.07307945075493799,55.858165166538456,0.27299799999999996,682495,ok,right
8,578,1,3,0.038400000000000004,1.0,3.0,30.0,0.054521412961184984,-1.101862231271693,5.6838867491091145,1.0546724624677462,-0.036200127311160436,4.536108130849394,0.27526079999999997,688152,ok,right
8,641,1,3,0.038400000000000004,1.0,3.0,30.0,0.17482233066111805,1.582942208256358,2.602183632718937,1.1760076463733389,0.07717967771277492,18.750190879435273,0.2759348,689837,ok,right
8,884,1,3,0.038400000000000004,1.0,3.0,30.0,0.3221870079636574,-0.8897847722321427,5.719887744009343,1.3224001963982237,0.020845013775895854,3.38513435199539,0.2739704,684926,ok,right
8,193,1,3,0.038400000000000004,1.0,3.0,30.0,0.2854290952906013,-1.226576055965372,5.01251017192269,1.2854568038698801,-0.1401563640135332,0.10336336270439593,0.277486,693715,ok,right
8,256,1,3,0.038400000000000004,1.0,3.0,30.0,0.5122929224744439,-0.8870222214239057,4.479314829762207,1.5129204119996822,0.03287924047306022,-43.32031406703847,0.2761104,690276,ok,right
8,398,1,3,0.038400000000000004,1.0,3.0,30.0,-0.0811571327969432,0.08105870572994321,2.180744575919176,0.9194785190624281,0.07449955458712065,-3.128086603940744,0.2780396,695099,ok,right
8,570,1,3,0.038400000000000004,1.0,3.0,30.0,0.47611818704754116,-0.44104940426872724,2.13295133777897,1.4776323305075898,0.09691880845608541,24.787303089049956,0.27841279999999996,696032,ok,right
8,649,1,3,0.038400000000000004,1.0,3.0,30.0,-0.04889504872262478,0.25388845559712964,0.3399819436468941,0.9520911591612794,-0.0461171891340467,-21.526453537715582,0.2788556,697139,ok,right
8,686,1,3,0.038400000000000004,1.0,3.0,30.0,0.6377990091219545,-0.3038320868852496,5.2733225425476595,1.6378798687335243,-0.47973831999113803,-3.8884960186460336,0.27655959999999996,691399,ok,right
8,761,1,3,0.038400000000000004,1.0,3.0,30.0,0.5755180424079299,0.6554728882792362,0.14907518512269124,1.5755764288679421,0.3216751788072082,6.975460343615572,0.27869,696725,ok,right
8,97,1,3,0.038400000000000004,1.0,3.0,30.0,0.261640815064311,-0.8277084524833022,4.345233131532713,1.2616582390106603,0.09001753744436056,-31.43589695112747,0.283566,708915,ok,right
8,438,1,3,0.038400000000000004,1.0,3.0,30.0,0.5529327835887671,0.6153039431306021,3.5708122006953484,1.5532541297192635,0.2727570155644669,-11.147193948578565,0.2827832,706958,ok,right
8,620,1,3,0.038400000000000004,1.0,3.0,30.0,0.39526538327336314,1.162794598944366,0.9934084384660528,1.3955939937399946,0.19575924760584032,-18.005436049551324,0.2833836,708459,ok,right
8,795,1,3,0.038400000000000004,1.0,3.0,30.0,0.2814577553421259,1.4022538072807273,2.312965111732356,1.2816420442741718,-0.246979834429898,1.0288924174912153,0.2832788,708197,ok,right
8,892,1,3,0.038400000000000004,1.0,3.0,30.0,0.33950609825551514,-0.8098836057532645,5.70089474441753,1.3396393176776233,-0.10248072564125162,-24.90213444285561,0.28175839999999996,704396,ok,right
8,397,1,3,0.038400000000000004,1.0,3.0,30.0,0.19905355498194696,-1.1553029442294627,2.5688452423497323,1.1999745642321102,0.0268886279775748,9.697412913818553,0.28419079999999997,710477,ok,right
8,961,1,3,0.038400000000000004,1.0,3.0,30.0,0.3533413760364056,1.3378401981583843,0.8869248931475469,1.353526455047397,0.056757854462197055,-25.421744217552984,0.284392,710980,ok,right
8,159,1,3,0.038400000000000004,1.0,3.0,30.0,0.351014562509954,0.28807508409304416,1.5547989928302965,1.351269741306724,0.030118522399263697,-29.034664511243967,0.28991639999999996,724791,ok,right
8,535,1,3,0.038400000000000004,1.0,3.0,30.0,0.03287432715296745,-0.17644799478605272,5.551277546683552,1.0330831723165361,0.03241583575297938,-9.49955753291355,0.2882612,720653,ok,right
8,656,1,3,0.038400000000000004,1.0,3.0,30.0,0.003351080603897572,-1.081153010797931,1.104669075478174,1.0033800689145225,0.002165362502455007,59.32141162843108,0.28804599999999997,720115,ok,right
8,779,1,3,0.038400000000000004,1.0,3.0,30.0,0.27338206171989443,1.1688173367541799,3.8112334433651336,1.2743280541604436,-0.047379396560014254,38.081872376800874,0.2911856,727964,ok,right
8,911,1,3,0.038400000000000004,1.0,3.0,30.0,0.4944696402177215,1.0745202478490217,0.9752343804150146,1.4950332128087997,0.018464346631918316,19.717580897451484,0.2918656,729664,ok,right
8,480,1,3,0.038400000000000004,1.0,3.0,30.0,0.3415741773322225,-0.448971247633289,3.521270866151339,1.3424764810778236,0.07634820843052531,-9.50055037407195,0.2930468,732617,ok,right
8,782,1,3,0.038400000000000004,1.0,3.0,30.0,0.13048093654215337,-1.2726392672092544,4.814792599323599,1.130481605807808,0.03847830831514133,9.142336239691128,0.29240679999999997,731017,ok,right
8,868,1,3,0.038400000000000004,1.0,3.0,30.0,0.19396815281361343,1.1669819105293602,1.8847122462644,1.1947288604289148,-0.08641773146069122,0.4207010652585412,0.2927048,731762,ok,right
8,876,1,3,0.038400000000000004,1.0,3.0,30.0,0.05553728751838208,-0.8285418065528134,5.8598694376659,1.055590188774192,-0.09776509791218557,-34.34256332409498,0.2929056,732264,ok,right
8,880,1,3,0.038400000000000004,1.0,3.0,30.0,0.5956522660329938,0.46837854148099306,4.26047808900785,1.596482779820685,0.13503394678091907,48.037515161420906,0.29214039999999997,730351,ok,right
8,225,1,3,0.038400000000000004,1.0,3.0,30.0,0.09461771883070469,1.4774596454481153,5.601645293890967,1.0947396083121541,0.2756637810480264,-62.48976576235805,0.2979448,744862,ok,right
8,404,1,3,0.038400000000000004,1.0,3.0,30.0,0.13993674833327532,-1.5910043872205035,2.315897950879736,1.1403583364445695,-0.02911356723548257,13.531874969837325,0.29848359999999996,746209,ok,right
8,687,1,3,0.038400000000000004,1.0,3.0,30.0,0.30441369432955984,-1.5574139500175617,4.96171460456342,1.3044348331964062,-0.06097317578950509,-8.95781142051989,0.2970356,742589,ok,right
8,921,1,3,0.038400000000000004,1.0,3.0,30.0,-0.014407442696392537,-0.16079952522660312,4.969564996020878,0.986556313857403,-0.02113166709535738,-51.443609532765464,0.2966584,741646,ok,right
8,56,1,3,0.038400000000000004,1.0,3.0,30.0,0.33175189774483443,1.044522723423156,5.107681722211197,1.3318058273655113,-0.29890545253034967,-16.40854765106756,0.3016532,754133,ok,right
8,280,1,3,0.038400000000000004,1.0,3.0,30.0,0.27782047986984254,1.8839925666349406,0.4227298976770362,1.2778935580784825,0.08195910170311756,-21.928910061705995,0.3030964,757741,ok,right
8,407,1,3,0.038400000000000004,1.0,3.0,30.0,-0.08635683972388507,-0.14562735364936602,3.9232365917629775,0.9137889591196638,0.010581763494050498,9.442357816877443,0.30090079999999997,752252,ok,right
8,509,1,3,0.038400000000000004,1.0,3.0,30.0,0.2771877760067582,1.0102391180734034,1.5321824109874533,1.2773908108264056,0.04076031415037436,-18.08603105781359,0.3001524,750381,ok,right
8,606,1,3,0.038400000000000004,1.0,3.0,30.0,0.3068798549473286,1.7574598567563322,1.4090662273442278,1.3074502885670451,0.018799285828948728,-18.02245483625671,0.3009244,752311,ok,right
8,633,1,3,0.038400000000000004,1.0,3.0,30.0,0.19330769181251528,1.4316555142267031,4.1040001975441545,1.1933889125367538,0.2640014942394862,9.393682726275213,0.3001856,750464,ok,right
8,23,1,3,0.038400000000000004,1.0,3.0,30.0,0.07063640486449003,-1.28159223145884,1.3965858698643867,1.0710860152628532,-0.04134151922307658,-69.81403445156565,0.3067544,766886,ok,right
8,184,1,3,0.038400000000000004,1.0,3.0,30.0,0.3453604966402054,-1.5374140749436183,3.8662927469089863,1.3463268696902702,-0.03931549395219102,1.0795223493909087,0.3071076,767769,ok,right
8,411,1,3,0.038400000000000004,1.0,3.0,30.0,-0.0412354139611125,-0.0875497510779453,5.557941709072666,0.9602668833161975,0.043097335317845875,5.756745680020157,0.3062948,765737,ok,right
8,567,1,3,0.038400000000000004,1.0,3.0,30.0,0.16479730140417814,1.5755205798804321,1.9567904833551473,1.166217385797863,-0.05168470593675039,25.47969870824139,0.3070932,767733,ok,right
8,648,1,3,0.038400000000000004,1.0,3.0,30.0,0.14725450612604618,-0.48659788866604853,3.506088288318888,1.1474726224099117,-0.06450953471235968,-10.520703907518985,0.30799519999999997,769988,ok,right
8,731,1,3,0.038400000000000004,1.0,3.0,30.0,0.011213123053312303,0.7790763996305482,4.223485500438052,1.012728431038382,0.025049708915127124,-10.167786462904743,0.30586399999999997,764660,ok,right
8,932,1,3,0.038400000000000004,1.0,3.0,30.0,-0.009100206010043622,0.7620611649917641,0.16181966514715368,0.9909524060136273,0.15837807163059328,18.027828316387218,0.30685399999999996,767135,ok,right
8,909,1,3,0.038400000000000004,1.0,3.0,30.0,0.49432751871645453,-0.8790072418631248,4.437034889524417,1.4944699833943245,-0.12276401772939553,-31.311109243113858,0.310948,777370,ok,right
8,99,1,3,0.038400000000000004,1.0,3.0,30.0,0.11161816138774157,0.6758716616818304,3.795118789222249,1.111960727709362,-0.04705129793671076,-28.943258632297276,0.31392159999999997,784804,ok,right
8,119,1,3,0.038400000000000004,1.0,3.0,30.0,0.2430866274982691,0.8289794645722264,1.7528125049793137,1.243426631195024,-0.1629474320410602,-10.69012837290677,0.3131504,782876,ok,right
8,36,1,3,0.038400000000000004,1.0,3.0,30.0,0.06678451336920262,1.5903335616570784,1.1477142681632289,1.0673063224863644,0.2619667374545258,19.502886554997325,0.31655,791375,ok,right
8,76,1,3,0.038400000000000004,1.0,3.0,30.0,0.5795135244727135,-0.11513822498391033,2.402138168319524,1.5808804211576355,-0.19450444848260434,18.79274016130055,0.3199768,799942,ok,right
8,131,1,3,0.038400000000000004,1.0,3.0,30.0,0.08417873326689006,-1.5359099123163542,2.2069181392045736,1.084787259572174,-0.05041321908724056,40.32062394923269,0.3160204,790051,ok,right
8,203,1,3,0.038400000000000004,1.0,3.0,30.0,0.16778260190039873,1.1522589599879822,2.770349100022793,1.1685110924920865,0.1318695079418957,-15.611765864049959,0.31802559999999996,795064,ok,right
8,231,1,3,0.038400000000000004,1.0,3.0,30.0,0.08167751748114825,-0.9358562673132305,0.9077645269162273,1.0820767218807503,-0.13352579514391233,9.367088654539014,0.31977,799425,ok,right
8,277,1,3,0.038400000000000004,1.0,3.0,30.0,0.40013811979442837,-0.722140393899706,3.543373997395475,1.4012376308448689,-0.11196661493766957,-28.436852960553654,0.3163832,790958,ok,right
8,353,1,3,0.038400000000000004,1.0,3.0,30.0,0.12556294891983272,-1.235406656239894,1.0935945778837544,1.1259132296006351,-0.002468521611304215,-55.222017889124906,0.3187808,796952,ok,right
8,600,1,3,0.038400000000000004,1.0,3.0,30.0,0.49957085326313977,-0.008738438978521432,1.2140431479644531,1.4997972411237057,0.28731411629954146,18.88990945173462,0.3197252,799313,ok,right
8,683,1,3,0.038400000000000004,1.0,3.0,30.0,0.19951564092189075,-1.4059322596004422,6.25431266003794,1.1996061320962919,0.09306029629338916,-12.404766585100816,0.3163436,790859,ok,right
8,722,1,3,0.038400000000000004,1.0,3.0,30.0,0.4437456496059895,-1.2245251853836632,3.1765526915757016,1.4442028552968518,-0.12888135773931966,-8.868711044178246,0.3196388,799097,ok,right
8,888,1,3,0.038400000000000004,1.0,3.0,30.0,0.010437520034611226,-0.5994807496178156,1.1372196317966425,1.0116410753771587,-0.08845146528762664,-25.325187415219915,0.31617,790425,ok,right
8,215,1,3,0.038400000000000004,1.0,3.0,30.0,0.11266868636012078,-1.3548499939670808,4.3541743829660104,1.1130290076630889,-0.04298031296967578,21.3234619676799,0.32208719999999996,805218,ok,right
8,285,1,3,0.038400000000000004,1.0,3.0,30.0,0.12988633029162885,-1.763156942167079,4.005775215382239,1.130881995069977,-0.05019115010793655,31.046659087898632,0.3210612,802653,ok,right
8,442,1,3,0.038400000000000004,1.0,3.0,30.0,0.033780801296234134,0.8700519179112148,4.777389646140468,1.0339381886441856,-0.10062515726814643,1.025416635763143,0.32122999999999996,803075,ok,right
8,734,1,3,0.038400000000000004,1.0,3.0,30.0,0.13995381705462934,-0.24631198351554304,3.136201845818154,1.1407221046672225,-0.010213138410669571,59.221846269721695,0.3236596,809149,ok,right
8,863,1,3,0.038400000000000004,1.0,3.0,30.0,0.37055529020726685,1.3465730804049716,0.7699724046926807,1.3717614696158573,0.23423049157227177,-21.157305615799114,0.32219919999999996,805498,ok,right
8,866,1,3,0.038400000000000004,1.0,3.0,30.0,0.1785636181011796,-0.8132612826634603,4.153926270765503,1.1799764290464205,0.011613588096406354,27.711454804982687,0.3209708,802427,ok,right
8,897,1,3,0.038400000000000004,1.0,3.0,30.0,0.11233230959624052,1.2311165504702846,6.264103485053673,1.112489981512942,0.06416066331051228,-5.535199045735139,0.3205096,801274,ok,right
8,933,1,3,0.038400000000000004,1.0,3.0,30.0,0.6172849958762527,0.5218416156926472,4.252497246219428,1.6182905780950385,-0.23540331881435567,3.500895026913004,0.3236652,809163,ok,right
8,18,1,3,0.038400000000000004,1.0,3.0,30.0,0.4521049834787846,1.167495346790745,4.352103122106825,1.4532671260120453,0.025765798118864362,31.123083986307684,0.326162,815405,ok,right
8,108,1,3,0.038400000000000004,1.0,3.0,30.0,0.37210776619613173,-1.438152079127678,0.44835672897742357,1.3725392508747023,-0.11406300899799914,19.862454874155254,0.3262824,815706,ok,right
8,133,1,3,0.038400000000000004,1.0,3.0,30.0,0.45252969171851876,-0.2192427363237147,1.4847711480723345,1.4525529841002256,0.1202471412671286,-11.729706293490727,0.32582839999999996,814571,ok,right
8,199,1,3,0.038400000000000004,1.0,3.0,30.0,0.3543518895283342,-0.6423961172586466,1.0463298466951272,1.3545419318356284,0.4047045689203427,-15.070475326044967,0.3246776,811694,ok,right
8,309,1,3,0.038400000000000004,1.0,3.0,30.0,0.3108206506818533,1.4925875636005514,5.274248803758728,1.3111155780546113,-0.11102165089306028,69.42845177562627,0.3258736,814684,ok,right
8,377,1,3,0.038400000000000004,1.0,3.0,30.0,0.0990726312622428,-1.7642940613319187,3.8239108617619246,1.0993478178470926,0.05158669487030729,2.8017814807782897,0.3248012,812003,ok,right
8,894,1,3,0.038400000000000004,1.0,3.0,30.0,0.6534314071759582,0.33517379254685864,2.230417270266277,1.6537377749070534,0.05054964005179614,37.80517343341085,0.326598,816495,ok,right
8,944,1,3,0.038400000000000004,1.0,3.0,30.0,0.1476467315107584,-1.9648743011395644,2.380814582232287,1.1477809556337046,0.24761730462470255,-25.13853197099474,0.32674919999999996,816873,ok,right
8,145,1,3,0.038400000000000004,1.0,3.0,30.0,-0.08284747134894133,0.09389644888961726,2.264485438782242,0.9174768834370725,0.08256843671004507,39.888007997547476,0.3289892,822473,ok,right
8,289,1,3,0.038400000000000004,1.0,3.0,30.0,0.37452416177839043,1.1654169976104294,5.175696803815209,1.3749367713809566,0.1904632899024344,2.12353857169528,0.3314044,828511,ok,right
8,706,1,3,0.038400000000000004,1.0,3.0,30.0,0.4943541456013918,-1.027066769528156,3.7115007836823977,1.495235629629409,-0.15957696493007606,28.494404053840675,0.331158,827895,ok,right
8,116,1,3,0.038400000000000004,1.0,3.0,30.0,0.1521087694913149,1.2934323280951256,6.226583369687409,1.1521182405338346,0.023308421682790566,28.01376009746166,0.3320336,830084,ok,right
8,255,1,3,0.038400000000000004,1.0,3.0,30.0,0.6145522546023131,0.26886434322250724,5.984760765605296,1.6146629662979128,0.00060501182176937,6.439105312425305,0.3323828,830957,ok,right
8,307,1,3,0.038400000000000004,1.0,3.0,30.0,0.41245534960180524,0.9030966619478622,1.8257919712898754,1.4128022181998217,0.3830825367748522,-25.58078281351917,0.33282999999999996,832075,ok,right
8,329,1,3,0.038400000000000004,1.0,3.0,30.0,0.045939904265105726,-1.1507915471849797,4.828520398752977,1.04615137678153,0.0756281662262781,6.96162407028243,0.33495759999999997,837394,ok,right
8,336,1,3,0.038400000000000004,1.0,3.0,30.0,0.13627133872359992,1.9081851370277503,2.9349527524027614,1.1367927576579604,-0.24127763087749743,22.378659618253455,0.3352792,838198,ok,right
8,971,1,3,0.038400000000000004,1.0,3.0,30.0,0.3411200975999236,1.5304106065009624,3.588270084274845,1.3426563508890266,-0.09277535686733991,3.403913422656469,0.3325972,831493,ok,right
8,997,1,3,0.038400000000000004,1.0,3.0,30.0,0.5778415452688933,0.6499508500787285,1.465342773819706,1.5779800275673654,0.034103978640443476,6.533437305426203,0.3342652,835663,ok,right
8,132,1,3,0.038400000000000004,1.0,3.0,30.0,0.10814282707870007,-0.3176030935874574,1.8694495268537306,1.1083991955304182,-0.08928361350423505,-15.6155565983186,0.339516,848790,ok,right
8,236,1,3,0.038400000000000004,1.0,3.0,30.0,0.3179980678483844,1.6839080253590994,4.509519643753949,1.3181326499626687,-0.10470056936429797,6.8129574546918,0.33785,844625,ok,right
8,391,1,3,0.038400000000000004,1.0,3.0,30.0,0.3056447755545378,-0.9392768047216514,2.3830382484340524,1.3060775249424053,0.14557116612522983,13.642593529511952,0.3388216,847054,ok,right
8,657,1,3,0.038400000000000004,1.0,3.0,30.0,0.33658519815653565,0.7985144116986058,4.335977839864094,1.3367528328292653,0.036635520907838295,18.90129027095407,0.33766199999999996,844155,ok,right
8,813,1,3,0.038400000000000004,1.0,3.0,30.0,0.3854078257456422,-0.5225578549952324,0.9494576907124233,1.3858387317925802,-0.0828976443523294,28.013950376784067,0.3391516,847879,ok,right
8,959,1,3,0.038400000000000004,1.0,3.0,30.0,0.5676983922719956,-0.7401094548526828,2.108524292408768,1.567748237173556,-0.11150037539399592,13.72936305355517,0.3388856,847214,ok,right
8,968,1,3,0.038400000000000004,1.0,3.0,30.0,0.1860168483108282,-0.02738922988739048,1.1569689966083876,1.1864854756605208,0.19188889797509748,-15.634535759142576,0.339982,849955,ok,right
8,342,1,3,0.038400000000000004,1.0,3.0,30.0,0.2923230366781354,-1.5994223185416037,0.2790348819857116,1.2927356250062265,-0.29064170557584956,33.64754673005915,0.34292239999999996,857306,ok,right
8,346,1,3,0.038400000000000004,1.0,3.0,30.0,0.11443325355648995,1.8114229871261396,3.3403908237943964,1.1149051242830739,-0.07648250998962067,6.97972479012108,0.3405532,851383,ok,right
8,394,1,3,0.038400000000000004,1.0,3.0,30.0,0.2378766629844904,-1.1928444941020466,5.3962346096200395,1.238702972551381,-0.008034728111421311,38.027522503414545,0.3459928,864982,ok,right
8,573,1,3,0.038400000000000004,1.0,3.0,30.0,0.10828280746936798,-0.7328397643955823,2.1485879029789596,1.10928342368641,0.012803015181104375,11.430315313156491,0.346174,865435,ok,right
8,774,1,3,0.038400000000000004,1.0,3.0,30.0,0.6567159045487643,0.31373216147162136,5.461560670781271,1.657314441668076,0.0460724687644571,19.258991522728127,0.3474968,868742,ok,right
8,820,1,3,0.038400000000000004,1.0,3.0,30.0,0.3834662206470967,0.4356161299819349,0.4622749754711137,1.3835853184789788,0.07007169173496361,2.1917941775372554,0.3452724,863181,ok,right
8,901,1,3,0.038400000000000004,1.0,3.0,30.0,0.6544989012181759,0.48928384291452615,5.860336854621406,1.6545238642281357,0.36579278262550646,-24.075542387149042,0.34628519999999996,865713,ok,right
8,46,1,3,0.038400000000000004,1.0,3.0,30.0,0.243521099165082,2.056565407020121,3.462461040028881,1.2443755294367589,0.09966564875371425,2.399141339151373,0.34918879999999997,872972,ok,right
8,247,1,3,0.038400000000000004,1.0,3.0,30.0,0.1804396474733949,-0.38083697701934677,0.18130611724752901,1.1809048952580083,-0.011768239685864944,60.76916055055107,0.3509716,877429,ok,right
8,260,1,3,0.038400000000000004,1.0,3.0,30.0,0.48327617440372705,0.6794931550931202,1.7762466444424276,1.4849130427207968,0.05037249218321333,27.6446558164324,0.354666,886665,ok,right
8,495,1,3,0.038400000000000004,1.0,3.0,30.0,0.2814616236835718,-0.9705856917770882,1.9959459816759615,1.2815572595195999,-0.22776551915180795,25.425443765930282,0.3559656,889914,ok,right
8,760,1,3,0.038400000000000004,1.0,3.0,30.0,0.09645966663956643,1.374819293260635,3.659644738229959,1.0968689276258552,-0.01483905612301947,-9.25162331420162,0.3540388,885097,ok,right
8,800,1,3,0.038400000000000004,1.0,3.0,30.0,0.01900270748883486,1.1225579874632976,1.0861455321496714,1.019856636488241,0.17046134762106152,9.119955178998197,0.3540644,885161,ok,right
8,443,1,3,0.038400000000000004,1.0,3.0,30.0,0.20803776998072865,1.39786435059631,5.773090591344342,1.2080478061662996,0.04480433314717899,-50.24050070032048,0.35706519999999997,892663,ok,right
8,476,1,3,0.038400000000000004,1.0,3.0,30.0,0.5862575953826309,0.36983530760253314,1.2055148080848652,1.5863721125612398,0.16398445370325762,-35.20326239868516,0.3577856,894464,ok,right
8,594,1,3,0.038400000000000004,1.0,3.0,30.0,0.09087778888642789,-1.096058950187076,0.7982497597465927,1.0920050323761972,0.007473783728447979,-16.414692956379806,0.357172,892930,ok,right
8,816,1,3,0.038400000000000004,1.0,3.0,30.0,0.6274449240416289,0.18248966547961226,0.6481622367759667,1.6276436581314278,-0.04663678320470585,-16.520723061173154,0.3576264,894066,ok,right
8,839,1,3,0.038400000000000004,1.0,3.0,30.0,0.16421983540058138,-2.150561564042145,3.3183060945967795,1.164682638538825,0.021186960099242563,28.50088339645025,0.3600388,900097,ok,right
8,962,1,3,0.038400000000000004,1.0,3.0,30.0,0.462004192173481,-0.7562614443173707,4.248835786093489,1.4631087096254163,-0.23575606301930044,-16.159744764496914,0.3625868,906467,ok,right
8,615,1,3,0.038400000000000004,1.0,3.0,30.0,0.014029121771454812,-0.7976905662313588,0.7081560741829614,1.0150421424452778,0.030607949510828802,6.62148125354045,0.3664536,916134,ok,right
8,672,1,3,0.038400000000000004,1.0,3.0,30.0,0.1392213698476553,-1.0260082493680545,3.2171776369791707,1.1393007774980433,0.04874068619722416,-18.134079884690408,0.3665112,916278,ok,right
8,702,1,3,0.038400000000000004,1.0,3.0,30.0,0.03167708031833172,1.2962108554155944,2.6461482167517603,1.0318794587207447,-0.0118617900135976,-2.9184513873373796,0.3662452,915613,ok,right
8,752,1,3,0.038400000000000004,1.0,3.0,30.0,0.32780907899141315,-0.7225350987327391,5.453094259149815,1.3281145220181845,-0.08452322897077219,34.127492165814466,0.3640756,910189,ok,right
8,37,1,3,0.038400000000000004,1.0,3.0,30.0,0.0907036878168583,1.751588315032944,5.711344634508826,1.0907710669527935,0.05121714107912083,-62.589314168054536,0.370336,925840,ok,right
8,470,1,3,0.038400000000000004,1.0,3.0,30.0,0.23585462756454945,1.9724827882906664,0.6527108074993377,1.2367099949202058,-0.024270298541509833,-7.005261510577925,0.3706104,926526,ok,right
8,524,1,3,0.038400000000000004,1.0,3.0,30.0,0.3237448979169131,-0.47267333568681813,5.3587994034820134,1.324091282403833,0.03128275756850338,-6.550771588638356,0.3687992,921998,ok,right
8,655,1,3,0.038400000000000004,1.0,3.0,30.0,0.45085319150239234,0.6501633671587892,0.10922007256299275,1.4510722072995015,-0.21124311564360482,-12.037017207634122,0.36836599999999997,920915,ok,right
8,792,1,3,0.038400000000000004,1.0,3.0,30.0,0.021120105497539045,1.217163782339923,2.30954189951897,1.021265089524114,-0.0098081155469968,-43.808378000358594,0.36843,921075,ok,right
8,60,1,3,0.038400000000000004,1.0,3.0,30.0,0.43704526815563444,0.48931491558667656,5.135030801615845,1.4373744510928266,0.09852693944353008,2.5816610425742894,0.3759324,939831,ok,right
8,259,1,3,0.038400000000000004,1.0,3.0,30.0,0.05287079270929099,-1.2301548638128434,3.498877971797406,1.0536871814934132,0.12519957694247025,0.4685871728194429,0.37289,932225,ok,right
8,502,1,3,0.038400000000000004,1.0,3.0,30.0,-0.0892926087602973,-0.30016557236310676,0.3850630925891276,0.9109481017382928,0.00316526129076596,-3.472953156977343,0.3733756,933439,ok,right
8,705,1,3,0.038400000000000004,1.0,3.0,30.0,0.003508619405329228,0.9544539571069345,1.8291106316739727,1.0046864101840083,0.055140650247265104,22.755143148123373,0.37464359999999997,936609,ok,right
8,709,1,3,0.038400000000000004,1.0,3.0,30.0,0.2820008782669902,-1.7199878396353607,1.736945160063565,1.2820105354622735,-0.14537021387923044,5.2934109887563,0.3759712,939928,ok,right
8,837,1,3,0.038400000000000004,1.0,3.0,30.0,0.43177230171859265,0.8596493507752934,2.0521443819934815,1.4318584210775016,0.15256763486487962,43.31313037671029,0.3732832,933208,ok,right
8,922,1,3,0.038400000000000004,1.0,3.0,30.0,0.054007315263152125,-1.1010934315136607,5.526934146580369,1.0543658079571248,-0.03923218691074878,17.56839300379755,0.3746888,936722,ok,right
8,305,1,3,0.038400000000000004,1.0,3.0,30.0,0.2199027229100466,1.8596697671046996,0.4408763343718198,1.2199527229782146,-0.07775053877238133,-9.482085125543351,0.3760828,940207,ok,right
8,308,1,3,0.038400000000000004,1.0,3.0,30.0,0.09886591564863921,1.9109333731196168,4.496593688741753,1.0990634955742538,0.24350180756807147,0.6813437354764413,0.37813759999999996,945344,ok,right
8,506,1,3,0.038400000000000004,1.0,3.0,30.0,0.29773719422519207,1.0424498298865974,2.2173805035983314,1.2979188567495372,-0.18025424652295535,13.494145024490305,0.37717239999999996,942931,ok,right
8,591,1,3,0.038400000000000004,1.0,3.0,30.0,0.22686756122857332,1.2923267580100155,5.427522154151855,1.2269683747348648,0.1526234670535914,12.98565123016818,0.37856239999999997,946406,ok,right
8,610,1,3,0.038400000000000004,1.0,3.0,30.0,0.4058786388486624,-0.972986779979556,2.5615859209984313,1.4060787013182798,-0.11699041932020483,-37.39092130776369,0.3765076,941269,ok,right
8,818,1,3,0.038400000000000004,1.0,3.0,30.0,0.31860159523785114,0.8913354720905857,5.992719116028249,1.318895464472014,-0.16020231090032955,-8.520202957153277,0.37765679999999996,944142,ok,right
8,929,1,3,0.038400000000000004,1.0,3.0,30.0,0.24453251343220472,1.597466346830166,1.8590890473896033,1.2449948397532071,-0.05656422542384953,-50.337735466059335,0.3797756,949439,ok,right
8,45,1,3,0.038400000000000004,1.0,3.0,30.0,0.4734877642244101,-0.3032877779966167,2.2905904365601826,1.4738456812031548,-0.305789888146361,0.17679139881427605,0.3836668,959167,ok,right
8,137,1,3,0.038400000000000004,1.0,3.0,30.0,0.577190325409174,0.4076134606219837,5.783812398407786,1.577517515474952,-0.18234172783897298,2.8316659766465366,0.3875788,968947,ok,right
8,553,1,3,0.038400000000000004,1.0,3.0,30.0,0.3302743695676327,-1.3188752095610699,3.803382188786009,1.330997589305721,-0.2149177505534667,16.177704859997565,0.38682479999999997,967062,ok,right
8,787,1,3,0.038400000000000004,1.0,3.0,30.0,0.027522525005042556,1.2519962355350354,3.8598166704344066,1.0277303229806434,0.08605462540063259,-62.11036829406624,0.3846344,961586,ok,right
8,967,1,3,0.038400000000000004,1.0,3.0,30.0,0.5128254843875766,-0.6903983909804341,1.1386353795453616,1.5128305119996475,0.07781621842399115,-12.018000354153822,0.3872752,968188,ok,right
8,534,1,3,0.038400000000000004,1.0,3.0,30.0,0.10922490600496532,0.06993974931704594,2.192413871135018,1.1095436263532332,-0.16602160677352712,32.38144471696587,0.3880472,970118,ok,right
8,903,1,3,0.038400000000000004,1.0,3.0,30.0,0.6527027003467083,-0.25501597361890627,0.24370459113728526,1.6537392764114198,-0.19748684894195628,-17.439486643949774,0.3901128,975282,ok,right
8,53,1,3,0.038400000000000004,1.0,3.0,30.0,0.20966003481298687,-1.9210649897612513,3.658676223556007,1.2104219842886328,-0.04600224039091189,19.215115917891538,0.3927868,981967,ok,right
8,173,1,3,0.038400000000000004,1.0,3.0,30.0,0.2510393362492323,1.8257196789568442,6.086146850411254,1.2514213798538918,-0.09702809003585136,-10.188337697059861,0.3946976,986744,ok,right
8,221,1,3,0.038400000000000004,1.0,3.0,30.0,0.25935891550034285,1.3849825927887487,5.056831778186922,1.259974025518352,-0.255323357642223,-23.137911024826355,0.3952332,988083,ok,right
8,275,1,3,0.038400000000000004,1.0,3.0,30.0,0.5430947726592422,0.6409672791104365,1.7178556634694084,1.5433189220227364,0.2189500531554959,34.30406941927692,0.3949104,987276,ok,right
8,292,1,3,0.038400000000000004,1.0,3.0,30.0,0.06088744290173054,1.447884577244923,5.466753923169649,1.062023444679681,-0.017666578137344898,5.677336818622378,0.3943636,985909,ok,right
8,716,1,3,0.038400000000000004,1.0,3.0,30.0,0.17598737943917514,-1.8064407787961771,1.4596037359543144,1.176662780008081,0.19456478801858848,3.487427108152348,0.39499599999999996,987490,ok,right
8,4,1,3,0.038400000000000004,1.0,3.0,30.0,0.34166167080402376,-1.3985212552400743,1.5519237999698303,1.3436026410893471,0.24672523941310812,-24.816010366102795,0.39869279999999996,996732,ok,right
8,114,1,3,0.038400000000000004,1.0,3.0,30.0,-0.05893513932824135,0.45199533331569935,5.516032378649405,0.941685776063111,-0.042554348483018783,-11.059445182159493,0.39777239999999997,994431,ok,right
8,122,1,3,0.038400000000000004,1.0,3.0,30.0,0.5342640772461892,-0.9448131118340319,2.185648635735809,1.535102348705095,0.06323815018678659,1.3931040646671788,0.3980068,995017,ok,right
8,427,1,3,0.038400000000000004,1.0,3.0,30.0,0.44142493400722743,0.2033078227220781,0.7571160875068944,1.441569393120308,0.14173688543688276,62.81906528225698,0.3968988,992247,ok,right
8,522,1,3,0.038400000000000004,1.0,3.0,30.0,0.024961877800524238,0.8977514792452952,5.051525588522824,1.0257311486830827,0.07509145979339155,65.01105001008766,0.39949599999999996,998740,ok,right
8,348,1,3,0.038400000000000004,1.0,3.0,30.0,0.18754511661827566,-1.5844797721353954,4.664726756798909,1.1884561128686513,-0.03536058516059335,-9.58687769242298,0.4016896,1004224,ok,right
8,913,1,3,0.038400000000000004,1.0,3.0,30.0,0.46904382128268485,1.0127324986119552,1.6092790905336154,1.4692822180377576,0.1264471965272721,13.538974749744456,0.4027632,1006908,ok,right
8,183,1,3,0.038400000000000004,1.0,3.0,30.0,0.42706082072108986,0.5080901916310564,4.214183313467483,1.4275853682766857,0.028744252851439247,-12.487229637739727,0.40487,1012175,ok,right
8,188,1,3,0.038400000000000004,1.0,3.0,30.0,0.5805508075281978,0.6476289876320528,4.172185644736006,1.5816160099790537,-0.17702793532461006,28.333135409457636,0.4074828,1018707,ok,right
8,499,1,3,0.038400000000000004,1.0,3.0,30.0,0.28307677041739226,0.6496177906133217,3.170842005062686,1.2830838832840517,-0.010355321006622207,13.226696934263288,0.40696279999999996,1017407,ok,right
8,920,1,3,0.038400000000000004,1.0,3.0,30.0,0.3587029699236155,1.387231970215207,0.3791236378727125,1.3603216320608382,0.025548895136939788,-34.38251676097726,0.40756519999999996,1018913,ok,right
8,79,1,3,0.038400000000000004,1.0,3.0,30.0,0.008015417866408825,0.9863835249978784,1.262539831725993,1.0080803058168486,-0.06494882511616669,-8.021628114104898,0.41037239999999997,1025931,ok,right
8,554,1,3,0.038400000000000004,1.0,3.0,30.0,0.5015741396695376,-0.8764310226325936,4.83270882391484,1.501745792411571,0.10527108178466608,12.935821873800094,0.4082724,1020681,ok,right
8,942,1,3,0.038400000000000004,1.0,3.0,30.0,0.45482267495244744,-1.1989780957758815,4.286672819254937,1.455016059565238,0.25371774200275976,-54.51432224679402,0.41089319999999996,1027233,ok,right
8,791,1,3,0.038400000000000004,1.0,3.0,30.0,0.10867207124829292,1.0918475100581517,2.9954187641748566,1.108752144386105,-0.007056735209631609,32.922660025442255,0.417228,1043070,ok,right
8,143,1,3,0.038400000000000004,1.0,3.0,30.0,0.5595164418220521,0.8999064087668681,6.214182066837654,1.560663287670062,0.2835928606100701,-35.86418868572961,0.421156,1052890,ok,right
8,164,1,3,0.038400000000000004,1.0,3.0,30.0,0.21309257317334415,-2.143554688917565,3.9193936112988443,1.213376259990782,-0.10869896319324102,27.709296781368664,0.4239136,1059784,ok,right
8,678,1,3,0.038400000000000004,1.0,3.0,30.0,0.28024905174970627,0.8880057754992726,1.2835268559540778,1.2803875594753893,-0.15607925741234718,-27.946505945290493,0.42355519999999997,1058888,ok,right
8,78,1,3,0.038400000000000004,1.0,3.0,30.0,0.6587756119668484,-0.47449065412170466,5.84077564009259,1.6589474329131821,-0.3477202724552642,13.581617731375884,0.42499359999999997,1062484,ok,right
8,197,1,3,0.038400000000000004,1.0,3.0,30.0,0.07913651615381241,-1.021559984890357,3.894776837157106,1.0796319388333462,-0.021421246850370914,-24.634596678770578,0.42561519999999997,1064038,ok,right
8,432,1,3,0.038400000000000004,1.0,3.0,30.0,0.226381079480052,-1.2199151597515139,3.3769346227445918,1.22713499084479,0.06715122073622228,6.640963876881638,0.4262668,1065667,ok,right
8,498,1,3,0.038400000000000004,1.0,3.0,30.0,0.37627080846577887,-1.170533899789966,5.119758674179009,1.377121189603543,0.011322472072828691,9.260499216719385,0.4243016,1060754,ok,right
8,970,1,3,0.038400000000000004,1.0,3.0,30.0,0.1908268028870225,-1.6258120976707273,3.7747478363702953,1.1915290686616915,0.036928431533291436,-34.5073221625827,0.4259344,1064836,ok,right
8,62,1,3,0.038400000000000004,1.0,3.0,30.0,0.09689478892832995,-1.8322566920635301,2.925575152005207,1.0977762319821025,0.13091235266645465,40.06800764788481,0.42903919999999995,1072598,ok,right
8,552,1,3,0.038400000000000004,1.0,3.0,30.0,-0.06904204990714789,0.2273650129131825,2.109967108530708,0.9310549386920642,-0.01219408362601941,-78.30794579205644,0.42984,1074600,ok,right
8,634,1,3,0.038400000000000004,1.0,3.0,30.0,0.12062961645424367,1.7720938364002448,1.5894074491771328,1.1207234846587315,0.058510870126372995,27.031062767777016,0.4297648,1074412,ok,right
8,51,1,3,0.038400000000000004,1.0,3.0,30.0,0.09067476522177459,1.4358863697478932,5.217507252679656,1.0910111101981526,-0.1070838389498046,27.696397952790466,0.4345708,1086427,ok,right
8,123,1,3,0.038400000000000004,1.0,3.0,30.0,0.20011974368244412,2.0011758445717716,0.2820659794888034,1.2009331619435129,0.0018694433673753195,18.916143153510813,0.43239879999999997,1080997,ok,right
8,370,1,3,0.038400000000000004,1.0,3.0,30.0,0.3963905164971948,1.0249335050239474,1.969512029212881,1.3964127972110936,0.09894467793490762,-56.12688670274104,0.4340012,1085003,ok,right
8,26,1,3,0.038400000000000004,1.0,3.0,30.0,0.25486610904335977,-1.8194178714391376,2.8608332647543064,1.2550095141052366,-0.04889392832064377,-9.264588865154746,0.4379396,1094849,ok,right
8,513,1,3,0.038400000000000004,1.0,3.0,30.0,0.1849203895777464,0.8283532563753934,1.3530170563741382,1.185054836900439,-0.10971962409436496,3.210943807650287,0.43821319999999997,1095533,ok,right
8,898,1,3,0.038400000000000004,1.0,3.0,30.0,0.1461433246731758,-1.3689217699900165,2.691742636353777,1.146360193197524,0.2342490639546502,46.96367984679263,0.4393544,1098386,ok,right
8,69,1,3,0.038400000000000004,1.0,3.0,30.0,0.288998113386333,-1.7457477000163808,1.7780189799358863,1.2900875472611955,0.16781500002777366,-0.6356474884466518,0.44248279999999995,1106207,ok,right
8,335,1,3,0.038400000000000004,1.0,3.0,30.0,0.18619825802743437,0.8101600491362,3.7902631519940395,1.1862710849169724,-0.16043422724767312,75.0602558393453,0.44452519999999995,1111313,ok,right
8,423,1,3,0.038400000000000004,1.0,3.0,30.0,0.0940715515986085,1.476057494565401,2.911716634993775,1.0944841233092302,0.09025403100941061,9.391557755268218,0.4445824,1111456,ok,right
8,88,1,3,0.038400000000000004,1.0,3.0,30.0,0.029342407919466497,-1.166115561745251,3.147322655010209,1.0295136535068152,-0.04198389144268741,-2.9999918300287147,0.44924919999999996,1123123,ok,right
8,297,1,3,0.038400000000000004,1.0,3.0,30.0,0.1482265865430236,2.103288623256752,1.6644983773356985,1.148282029117597,-0.19707685788335405,0.7334931510115793,0.4507484,1126871,ok,right
8,454,1,3,0.038400000000000004,1.0,3.0,30.0,0.08479592856019735,-0.9166213913769844,2.881005273913742,1.0848582345130007,0.19595460399604506,-12.028724896292246,0.4517768,1129442,ok,right
8,742,1,3,0.038400000000000004,1.0,3.0,30.0,0.3136683186516166,1.6072491917642693,0.3400944171775824,1.3142821715355735,0.13135172371862694,16.12136920496843,0.44870519999999997,1121763,ok,right
8,819,1,3,0.038400000000000004,1.0,3.0,30.0,0.07019290737807751,-1.6648875563811547,0.5589580405145638,1.070485772907865,0.020042303571545197,-12.763433713578308,0.4511228,1127807,ok,right
8,109,1,3,0.038400000000000004,1.0,3.0,30.0,0.22854744512587788,-2.144984981752671,4.185381724645702,1.2289957320768121,0.03828755859932615,31.794235417484458,0.4557848,1139462,ok,right
8,475,1,3,0.038400000000000004,1.0,3.0,30.0,0.2751964423805475,-1.6026103678358194,1.1524395974264454,1.2756329676025295,-0.027315227385990036,33.76268460035664,0.45405799999999996,1135145,ok,right
8,870,1,3,0.038400000000000004,1.0,3.0,30.0,0.5214287266135216,-0.8688012762946855,1.4027227322093363,1.5215958455719232,-0.18021806693817022,-12.106213115133025,0.4588888,1147222,ok,right
8,951,1,3,0.038400000000000004,1.0,3.0,30.0,0.5326057834550738,-0.5226564940000302,4.947766523318422,1.532715599529243,0.32174180192310714,-22.010030312116516,0.456644,1141610,ok,right
8,77,1,3,0.038400000000000004,1.0,3.0,30.0,0.27542645297944546,1.6357860250174865,4.455108512397642,1.2754489684773218,0.19821178521329283,-36.20400536055906,0.46208639999999995,1155216,ok,right
8,74,1,3,0.038400000000000004,1.0,3.0,30.0,0.19977955128997565,1.0091958989233067,1.8262759704218106,1.200050119319432,0.004099339563749007,-35.150866446337716,0.466858,1167145,ok,right
8,85,1,3,0.038400000000000004,1.0,3.0,30.0,0.36238247714936733,1.4405549594265683,2.0257233075982524,1.3631171284435704,-0.1270484040640927,-3.7556223272941525,0.4664776,1166194,ok,right
8,558,1,3,0.038400000000000004,1.0,3.0,30.0,0.6095079902559519,-0.600331865755339,2.4983184035495225,1.60994994953624,-0.41974942636814283,-15.70867793989953,0.4651128,1162782,ok,right
8,167,1,3,0.038400000000000004,1.0,3.0,30.0,0.6167100727558137,0.526476908858645,3.173511362423563,1.617152932344744,0.009114902222325893,44.86415228442212,0.4685232,1171308,ok,right
8,147,1,3,0.038400000000000004,1.0,3.0,30.0,-0.02070795297622681,-0.7933317800568648,2.3987359416659846,0.9798267390081641,-0.10163896027464006,-28.108815908468713,0.483444,1208610,ok,right
8,187,1,3,0.038400000000000004,1.0,3.0,30.0,0.09873179160058498,0.8664305917183324,1.752962162961741,1.0999843472628439,-0.11888370720706351,12.506657007578609,0.4827304,1206826,ok,right
8,318,1,3,0.038400000000000004,1.0,3.0,30.0,0.08952143546193839,-1.827135256725719,3.2084822713537187,1.0895431884768834,-0.07240068825429967,38.51841998879669,0.4852756,1213189,ok,right
8,481,1,3,0.038400000000000004,1.0,3.0,30.0,0.36183803565800193,1.283797671001985,0.9183029323288272,1.3621747508953568,0.4221427799445099,50.22067967280645,0.4877948,1219487,ok,right
8,939,1,3,0.038400000000000004,1.0,3.0,30.0,0.2082648415118456,1.8176031806816828,4.220946061905958,1.2083798005877733,0.10541339679421197,-49.80853656361645,0.4867204,1216801,ok,right
8,947,1,3,0.038400000000000004,1.0,3.0,30.0,0.16652846075594427,0.9410915807496384,5.278641636612135,1.1665584497794266,-0.06170446498125721,18.976358960225213,0.4874692,1218673,ok,right
8,110,1,3,0.038400000000000004,1.0,3.0,30.0,0.23561000358313322,2.1328531537118094,4.976593875590497,1.2357787224702033,-0.044265006446050074,19.82300680490982,0.48946799999999996,1223670,ok,right
8,452,1,3,0.038400000000000004,1.0,3.0,30.0,0.36445314791053535,-1.1273155285993608,1.2025754501745243,1.3650961341597252,0.13392667647653256,-47.710389559075175,0.49140239999999996,1228506,ok,right
8,459,1,3,0.038400000000000004,1.0,3.0,30.0,0.4731040669605136,-0.992930388896687,5.539795355764213,1.4737792502362848,0.007570605067135976,-43.39275674200194,0.4889824,1222456,ok,right
8,405,1,3,0.038400000000000004,1.0,3.0,30.0,0.1415387511253357,-1.6283665066452464,3.734879364442697,1.1417629816427477,-0.02423914452966587,49.5790983234141,0.49546439999999997,1238661,ok,right
8,80,1,3,0.038400000000000004,1.0,3.0,30.0,0.2691581817343831,1.629775154328343,1.0040309558165383,1.2692926682070051,-0.028160448353499953,6.973480688320353,0.49683,1242075,ok,right
8,325,1,3,0.038400000000000004,1.0,3.0,30.0,0.1785791812464595,-1.874597016692505,2.1528542095106085,1.1787966693897658,0.04052418639642654,-3.042096755570122,0.49998119999999996,1249953,ok,right
8,226,1,3,0.038400000000000004,1.0,3.0,30.0,0.014915245026350022,0.9917744082552296,0.05526164559506836,1.0151374994336408,-0.042632586970406755,-50.14619479071408,0.5011664,1252916,ok,right
8,135,1,3,0.038400000000000004,1.0,3.0,30.0,0.28363673835992814,1.6679861721970175,1.8750822881094176,1.284699541937949,-0.039432446336473914,15.549816091641858,0.5068596,1267149,ok,right
8,532,1,3,0.038400000000000004,1.0,3.0,30.0,0.14933113995939493,-1.7784720230875994,1.9356690228072502,1.1493911597378463,0.2441404157118454,44.27115845423034,0.5051399999999999,1262850,ok,right
8,978,1,3,0.038400000000000004,1.0,3.0,30.0,0.21383379455655815,-1.947601940765456,4.075975431388727,1.2142873322411274,0.14694246121044022,-35.34777845989357,0.5059416,1264854,ok,right
8,358,1,3,0.038400000000000004,1.0,3.0,30.0,0.1331215413287282,-1.984777697164932,2.1537297645181317,1.1334208439152147,-0.012001874907932248,-16.189627494890402,0.5083628,1270907,ok,right
8,387,1,3,0.038400000000000004,1.0,3.0,30.0,0.2687381343916059,-1.475144767221419,3.5850798666351893,1.270153121770381,-0.019213101622464316,56.49742575970424,0.5138404,1284601,ok,right
8,538,1,3,0.038400000000000004,1.0,3.0,30.0,0.3569981537759304,1.6250734974235046,5.8004773116311705,1.3581297071854974,0.20252224070323774,-49.332480815030465,0.5234608,1308652,ok,right
8,91,1,3,0.038400000000000004,1.0,3.0,30.0,0.5949555838480592,0.29772322282155916,3.227368790990213,1.5954084397196353,-0.17919066223383245,-44.24662568110808,0.5278208,1319552,ok,right
8,528,1,3,0.038400000000000004,1.0,3.0,30.0,-0.03924980834126473,0.5178388040578313,3.870314854377335,0.960761629944041,0.02797266020826046,-24.605379044429625,0.5252304,1313076,ok,right
8,597,1,3,0.038400000000000004,1.0,3.0,30.0,0.5772383814677596,-0.41906531315257023,0.7106394493055034,1.5772419577106336,-0.09692662736539943,94.91339458352388,0.5299408,1324852,ok,right
8,66,1,3,0.038400000000000004,1.0,3.0,30.0,0.4186738843098283,-0.40901839662267836,0.6418843681461109,1.419427430524649,-0.3407151279733177,-3.1157587918636422,0.5347832,1336958,ok,right
8,227,1,3,0.038400000000000004,1.0,3.0,30.0,0.3233337808400393,-1.2216173756473347,2.222791403086871,1.3239859354992765,-0.2211865910358985,50.7082325810842,0.5363352,1340838,ok,right
8,613,1,3,0.038400000000000004,1.0,3.0,30.0,0.011169130541384222,-0.8678123849341934,1.9383871611714805,1.0114909474043041,0.13071175910374758,58.83491560735099,0.542118,1355295,ok,right
8,98,1,3,0.038400000000000004,1.0,3.0,30.0,0.2594001220539212,-1.8949995398196116,1.0358675759281266,1.260248321085004,-0.022803776384233854,6.197102694307243,0.5466951999999999,1366738,ok,right
8,220,1,3,0.038400000000000004,1.0,3.0,30.0,0.3844514222815633,-1.5012432583456865,4.493624197644816,1.3848522513714125,-0.0924913753016936,-29.621270452449973,0.546824,1367060,ok,right
8,54,1,3,0.038400000000000004,1.0,3.0,30.0,0.221132024936378,-1.0082255248383842,6.044816610257999,1.2224782179659954,0.03033281290716763,-0.5137888735380814,0.5492772,1373193,ok,right
8,919,1,3,0.038400000000000004,1.0,3.0,30.0,0.2762827526777983,-1.8641855172656268,2.1315164301921663,1.2768291208787048,0.022700272930179795,81.44393933275403,0.5482212,1370553,ok,right
8,428,1,3,0.038400000000000004,1.0,3.0,30.0,0.48164875227957965,0.7205648183138726,1.5563289198721846,1.482745446230537,0.2795751170372316,47.31795707450448,0.5579708,1394927,ok,right
8,624,1,3,0.038400000000000004,1.0,3.0,30.0,0.12754033766686917,-1.9663886392654228,2.0694792107558224,1.1276123543801686,0.06193595269142533,-25.43164092258438,0.559172,1397930,ok,right
8,234,1,3,0.038400000000000004,1.0,3.0,30.0,0.026807283237576487,-1.3375547380083126,2.5348180004299525,1.0270327917893047,0.018024217225496564,-18.186039231326706,0.56256,1406400,ok,right
8,328,1,3,0.038400000000000004,1.0,3.0,30.0,0.1630699083209038,-1.2491089278076362,3.604845042665535,1.1630983368385919,-0.17473427400371924,-15.440592214435105,0.5654743999999999,1413686,ok,right
8,433,1,3,0.038400000000000004,1.0,3.0,30.0,0.12040034793317318,1.761236339320434,1.7175087353727465,1.1208603468041074,-0.11314360676062049,8.596117441809682,0.5697943999999999,1424486,ok,right
8,664,1,3,0.038400000000000004,1.0,3.0,30.0,0.14723956491798162,-1.7844861839069786,2.0508479088816007,1.1472661077973743,0.06117835623639348,-43.376942040428865,0.5682956,1420739,ok,right
8,25,1,3,0.038400000000000004,1.0,3.0,30.0,0.5020621359348297,0.9716204363985187,5.107974800293362,1.5022026293224646,-0.2517123677522887,33.65977198395386,0.5734228,1433557,ok,right
8,915,1,3,0.038400000000000004,1.0,3.0,30.0,0.3761150030419231,1.3229795182745323,6.206651732597578,1.3762154982761643,-0.060687306780660574,-18.007158277419396,0.5722792,1430698,ok,right
8,22,1,3,0.038400000000000004,1.0,3.0,30.0,0.39869739953428507,-1.4356614908292644,1.711282342441346,1.3990330366452892,-0.09536531447518024,-17.38450134807045,0.5845916,1461479,ok,right
8,244,1,3,0.038400000000000004,1.0,3.0,30.0,0.6120950534939766,-0.4710567826255402,0.297095184989824,1.6125749081680274,-0.002426794627281972,-43.55413769179025,0.5995632,1498908,ok,right
8,211,1,3,0.038400000000000004,1.0,3.0,30.0,0.26142955329269174,1.6146685678055661,2.808494528018696,1.2621633127656413,0.34124271119910293,-16.098380149446395,0.604766,1511915,ok,right
8,70,1,3,0.038400000000000004,1.0,3.0,30.0,0.11809147857129575,1.9523619841071818,0.317580517554723,1.1181755842556345,-0.25002194153756707,-5.699935046292308,0.6173339999999999,1543335,ok,right
8,63,1,3,0.038400000000000004,1.0,3.0,30.0,0.24297550078481436,1.980921306800793,1.3792804442925208,1.2449385293407034,0.0750296454062134,-66.12521795193075,0.6274136,1568534,ok,right
8,577,1,3,0.038400000000000004,1.0,3.0,30.0,0.02596344891935587,0.4063224853585504,6.121548724767135,1.0269374230705195,-0.14959247024515396,-47.405885822795895,0.6271044,1567761,ok,right
8,754,1,3,0.038400000000000004,1.0,3.0,30.0,0.1795637454837561,1.7094841680491735,0.4343997341725679,1.17974634700673,-0.06266206821562265,-25.736439472506547,0.63051,1576275,ok,right
8,652,1,3,0.038400000000000004,1.0,3.0,30.0,0.4690591994673014,0.7340326171144442,2.900897535100552,1.469670543285269,-0.09615948218718483,-17.93294015964078,0.6593432,1648358,ok,right
8,490,1,3,0.038400000000000004,1.0,3.0,30.0,0.10073624793440104,-1.9132771410491216,0.5376833071136657,1.1008043550674182,0.06369607440370988,27.320978027282166,0.66882,1672050,ok,right
8,777,1,3,0.038400000000000004,1.0,3.0,30.0,0.08052718006074429,-1.534663271873351,0.5545737408623136,1.0806762650378476,-0.15878101496187264,-13.982416318768488,0.6996724,1749181,ok,right
8,927,1,3,0.038400000000000004,1.0,3.0,30.0,0.08253348115831614,-1.429673983001433,3.0169142197297183,1.0832339066338768,0.020090856891564406,0.5364741583745181,0.7052452,1763113,ok,right
8,810,1,3,0.038400000000000004,1.0,3.0,30.0,0.19806038849055768,1.7405952824566184,5.287216860090327,1.198552943401816,-0.13541579715603358,-17.605452019079145,0.7093704,1773426,ok,right
8,153,1,3,0.038400000000000004,1.0,3.0,30.0,0.16870932169258596,-1.7489032392044868,0.7007016829462166,1.1696931930535208,0.040821233615827415,-53.22838108916213,0.715428,1788570,ok,right
8,526,1,3,0.038400000000000004,1.0,3.0,30.0,0.05397165138274432,-1.540458803178746,1.0636821631801878,1.054933200135337,-0.06904939020716454,-3.025122879140021,0.727876,1819690,ok,right
8,900,1,3,0.038400000000000004,1.0,3.0,30.0,-0.03428621403872967,-0.5580934657618729,5.200899394724281,0.9658975889093508,0.016808286028722377,-55.306652453028214,0.736184,1840460,ok,right
8,999,1,3,0.038400000000000004,1.0,3.0,30.0,0.22967980206012728,-1.456001098119907,5.8386269659974035,1.2308926694009008,-0.06872587199935534,88.72580313948617,0.7396832,1849208,ok,right
8,87,1,3,0.038400000000000004,1.0,3.0,30.0,0.04707492031157017,1.2299021117584703,5.029687342003628,1.0471872702669938,-0.0766736551085044,3.488646024491763,0.7601252,1900313,ok,right
8,15,1,3,0.038400000000000004,1.0,3.0,30.0,0.24576871730387212,-2.0559849070939853,0.6930391740576791,1.2460506918972463,-0.028488918980736588,-72.35280674838877,0.8030256,2007564,ok,right
8,775,1,3,0.038400000000000004,1.0,3.0,30.0,0.3955718118697405,1.3565544207297675,6.166223081541984,1.3956013719432876,-0.12268166110406285,46.750334376183076,0.8287432,2071858,ok,right
8,979,1,3,0.038400000000000004,1.0,3.0,30.0,-0.039956943690776826,-0.7269471713655593,0.25781569119552905,0.9612166228954678,0.10138025173807859,-12.159035298582186,0.8720152,2180038,ok,right
8,821,1,3,0.038400000000000004,1.0,3.0,30.0,0.18914955854415894,0.7958451046844849,4.280100251629685,1.1896731472238975,0.08982829141482952,-54.44283254854047,0.8802715999999999,2200679,ok,right
8,334,1,3,0.038400000000000004,1.0,3.0,30.0,0.3006819806993008,-1.5726938559468,4.775719793910134,1.301272898575159,0.21330185916188316,-10.458132819752686,0.9240316,2310079,ok,right
