x,y,count
0.005,-2.2640624999999996,0
0.005,-2.1921874999999997,0
0.005,-2.1203125,0
0.005,-2.0484375,0
0.005,-1.9765624999999998,0
0.005,-1.9046874999999999,0
0.005,-1.8328124999999997,0
0.005,-1.7609374999999998,0
0.005,-1.6890625,0
0.005,-1.6171875,0
0.005,-1.5453124999999999,0
0.005,-1.4734374999999997,0
0.005,-1.4015624999999998,0
0.005,-1.3296875,0
0.005,-1.2578125,0
0.005,-1.1859374999999999,2
0.005,-1.1140625,1
0.005,-1.0421874999999998,59
0.005,-0.9703124999999999,198
0.005,-0.8984375,432
0.005,-0.8265624999999999,1644
0.005,-0.7546875,6542
0.005,-0.6828125,12097
0.005,-0.6109374999999999,13480
0.005,-0.5390625,12730
0.005,-0.46718749999999987,12406
0.005,-0.39531249999999996,13373
0.005,-0.32343750000000004,13119
0.005,-0.2515624999999999,13631
0.005,-0.1796875,14356
0.005,-0.10781250000000009,17003
0.005,-0.03593750000000018,20078
0.005,0.03593750000000018,19391
0.005,0.10781250000000009,16770
0.005,0.1796875,15373
0.005,0.2515624999999999,12524
0.005,0.3234374999999998,12775
0.005,0.3953125000000002,11538
0.005,0.4671875000000001,11676
0.005,0.5390625,11846
0.005,0.6109374999999999,12134
0.005,0.6828124999999998,11428
0.005,0.7546874999999997,5819
0.005,0.8265625000000001,1582
0.005,0.8984375,548
0.005,0.9703124999999999,176
0.005,1.0421874999999998,58
0.005,1.1140624999999997,3
0.005,1.1859375,0
0.005,1.2578125,0
0.005,1.3296875,0
0.005,1.4015624999999998,0
0.005,1.4734374999999997,0
0.005,1.5453125,0
0.005,1.6171875,0
0.005,1.6890625,0
0.005,1.7609374999999998,0
0.005,1.8328125000000002,0
0.005,1.9046874999999996,0
0.005,1.9765625,0
0.005,2.0484374999999995,0
0.005,2.1203125,0
0.005,2.1921875,0
0.005,2.2640624999999996,0
0.015,-2.2640624999999996,0
0.015,-2.1921874999999997,0
0.015,-2.1203125,0
0.015,-2.0484375,0
0.015,-1.9765624999999998,0
0.015,-1.9046874999999999,0
0.015,-1.8328124999999997,0
0.015,-1.7609374999999998,0
0.015,-1.6890625,0
0.015,-1.6171875,0
0.015,-1.5453124999999999,0
0.015,-1.4734374999999997,0
0.015,-1.4015624999999998,0
0.015,-1.3296875,0
0.015,-1.2578125,6
0.015,-1.1859374999999999,18
0.015,-1.1140625,53
0.015,-1.0421874999999998,291
0.015,-0.9703124999999999,677
0.015,-0.8984375,2655
0.015,-0.8265624999999999,9659
0.015,-0.7546875,12779
0.015,-0.6828125,13069
0.015,-0.6109374999999999,14223
0.015,-0.5390625,13630
0.015,-0.46718749999999987,13199
0.015,-0.39531249999999996,13617
0.015,-0.32343750000000004,13424
0.015,-0.2515624999999999,14420
0.015,-0.1796875,15266
0.015,-0.10781250000000009,17786
0.015,-0.03593750000000018,19819
0.015,0.03593750000000018,19950
0.015,0.10781250000000009,16811
0.015,0.1796875,16023
0.015,0.2515624999999999,13186
0.015,0.3234374999999998,13291
0.015,0.3953125000000002,12311
0.015,0.4671875000000001,12442
0.015,0.5390625,12350
0.015,0.6109374999999999,12758
0.015,0.6828124999999998,12342
0.015,0.7546874999999997,11748
0.015,0.8265625000000001,9283
0.015,0.8984375,2719
0.015,0.9703124999999999,772
0.015,1.0421874999999998,314
0.015,1.1140624999999997,83
0.015,1.1859375,2
0.015,1.2578125,4
0.015,1.3296875,0
0.015,1.4015624999999998,0
0.015,1.4734374999999997,0
0.015,1.5453125,0
0.015,1.6171875,0
0.015,1.6890625,0
0.015,1.7609374999999998,0
0.015,1.8328125000000002,0
0.015,1.9046874999999996,0
0.015,1.9765625,0
0.015,2.0484374999999995,0
0.015,2.1203125,0
0.015,2.1921875,0
0.015,2.2640624999999996,0
0.025,-2.2640624999999996,0
0.025,-2.1921874999999997,0
0.025,-2.1203125,0
0.025,-2.0484375,0
0.025,-1.9765624999999998,0
0.025,-1.9046874999999999,0
0.025,-1.8328124999999997,0
0.025,-1.7609374999999998,0
0.025,-1.6890625,0
0.025,-1.6171875,0
0.025,-1.5453124999999999,0
0.025,-1.4734374999999997,0
0.025,-1.4015624999999998,0
0.025,-1.3296875,15
0.025,-1.2578125,31
0.025,-1.1859374999999999,146
0.025,-1.1140625,299
0.025,-1.0421874999999998,938
0.025,-0.9703124999999999,4545
0.025,-0.8984375,12588
0.025,-0.8265624999999999,14997
0.025,-0.7546875,13286
0.025,-0.6828125,13583
0.025,-0.6109374999999999,14484
0.025,-0.5390625,14057
0.025,-0.46718749999999987,13509
0.025,-0.39531249999999996,13724
0.025,-0.32343750000000004,14026
0.025,-0.2515624999999999,14962
0.025,-0.1796875,15735
0.025,-0.10781250000000009,17934
0.025,-0.03593750000000018,19550
0.025,0.03593750000000018,19714
0.025,0.10781250000000009,17654
0.025,0.1796875,16652
0.025,0.2515624999999999,13832
0.025,0.3234374999999998,13757
0.025,0.3953125000000002,13041
0.025,0.4671875000000001,13458
0.025,0.5390625,13213
0.025,0.6109374999999999,13125
0.025,0.6828124999999998,12440
0.025,0.7546874999999997,13090
0.025,0.8265625000000001,14091
0.025,0.8984375,11525
0.025,0.9703124999999999,4836
0.025,1.0421874999999998,1213
0.025,1.1140624999999997,367
0.025,1.1859375,130
0.025,1.2578125,17
0.025,1.3296875,4
0.025,1.4015624999999998,1
0.025,1.4734374999999997,0
0.025,1.5453125,0
0.025,1.6171875,0
0.025,1.6890625,0
0.025,1.7609374999999998,0
0.025,1.8328125000000002,0
0.025,1.9046874999999996,0
0.025,1.9765625,0
0.025,2.0484374999999995,0
0.025,2.1203125,0
0.025,2.1921875,0
0.025,2.2640624999999996,0
0.035,-2.2640624999999996,0
0.035,-2.1921874999999997,0
0.035,-2.1203125,0
0.035,-2.0484375,0
0.035,-1.9765624999999998,0
0.035,-1.9046874999999999,0
0.035,-1.8328124999999997,0
0.035,-1.7609374999999998,0
0.035,-1.6890625,0
0.035,-1.6171875,0
0.035,-1.5453124999999999,0
0.035,-1.4734374999999997,0
0.035,-1.4015624999999998,3
0.035,-1.3296875,63
0.035,-1.2578125,215
0.035,-1.1859374999999999,580
0.035,-1.1140625,1537
0.035,-1.0421874999999998,7031
0.035,-0.9703124999999999,14661
0.035,-0.8984375,15943
0.035,-0.8265624999999999,15690
0.035,-0.7546875,14189
0.035,-0.6828125,14276
0.035,-0.6109374999999999,15025
0.035,-0.5390625,15016
0.035,-0.46718749999999987,14483
0.035,-0.39531249999999996,14330
0.035,-0.32343750000000004,14745
0.035,-0.2515624999999999,15373
0.035,-0.1796875,16468
0.035,-0.10781250000000009,18795
0.035,-0.03593750000000018,20248
0.035,0.03593750000000018,19904
0.035,0.10781250000000009,18063
0.035,0.1796875,17190
0.035,0.2515624999999999,14509
0.035,0.3234374999999998,14905
0.035,0.3953125000000002,13657
0.035,0.4671875000000001,14221
0.035,0.5390625,13966
0.035,0.6109374999999999,13906
0.035,0.6828124999999998,13076
0.035,0.7546874999999997,13686
0.035,0.8265625000000001,14733
0.035,0.8984375,14967
0.035,0.9703124999999999,15120
0.035,1.0421874999999998,7175
0.035,1.1140624999999997,1732
0.035,1.1859375,581
0.035,1.2578125,178
0.035,1.3296875,67
0.035,1.4015624999999998,6
0.035,1.4734374999999997,3
0.035,1.5453125,0
0.035,1.6171875,0
0.035,1.6890625,0
0.035,1.7609374999999998,0
0.035,1.8328125000000002,0
0.035,1.9046874999999996,0
0.035,1.9765625,0
0.035,2.0484374999999995,0
0.035,2.1203125,0
0.035,2.1921875,0
0.035,2.2640624999999996,0
0.045,-2.2640624999999996,0
0.045,-2.1921874999999997,0
0.045,-2.1203125,0
0.045,-2.0484375,0
0.045,-1.9765624999999998,0
0.045,-1.9046874999999999,0
0.045,-1.8328124999999997,0
0.045,-1.7609374999999998,0
0.045,-1.6890625,0
0.045,-1.6171875,0
0.045,-1.5453124999999999,0
0.045,-1.4734374999999997,9
0.045,-1.4015624999999998,119
0.045,-1.3296875,329
0.045,-1.2578125,808
0.045,-1.1859374999999999,3311
0.045,-1.1140625,10820
0.045,-1.0421874999999998,16933
0.045,-0.9703124999999999,16382
0.045,-0.8984375,16949
0.045,-0.8265624999999999,16354
0.045,-0.7546875,15009
0.045,-0.6828125,15053
0.045,-0.6109374999999999,16009
0.045,-0.5390625,15586
0.045,-0.46718749999999987,14955
0.045,-0.39531249999999996,15393
0.045,-0.32343750000000004,15048
0.045,-0.2515624999999999,16065
0.045,-0.1796875,17026
0.045,-0.10781250000000009,19575
0.045,-0.03593750000000018,20449
0.045,0.03593750000000018,20697
0.045,0.10781250000000009,19310
0.045,0.1796875,17986
0.045,0.2515624999999999,15238
0.045,0.3234374999999998,15219
0.045,0.3953125000000002,14553
0.045,0.4671875000000001,14789
0.045,0.5390625,14765
0.045,0.6109374999999999,14717
0.045,0.6828124999999998,14003
0.045,0.7546874999999997,15142
0.045,0.8265625000000001,15536
0.045,0.8984375,15870
0.045,0.9703124999999999,17428
0.045,1.0421874999999998,16042
0.045,1.1140624999999997,9778
0.045,1.1859375,2855
0.045,1.2578125,773
0.045,1.3296875,323
0.045,1.4015624999999998,84
0.045,1.4734374999999997,7
0.045,1.5453125,0
0.045,1.6171875,0
0.045,1.6890625,0
0.045,1.7609374999999998,0
0.045,1.8328125000000002,0
0.045,1.9046874999999996,0
0.045,1.9765625,0
0.045,2.0484374999999995,0
0.045,2.1203125,0
0.045,2.1921875,0
0.045,2.2640624999999996,0
0.055,-2.2640624999999996,0
0.055,-2.1921874999999997,0
0.055,-2.1203125,0
0.055,-2.0484375,0
0.055,-1.9765624999999998,0
0.055,-1.9046874999999999,0
0.055,-1.8328124999999997,0
0.055,-1.7609374999999998,0
0.055,-1.6890625,0
0.055,-1.6171875,0
0.055,-1.5453124999999999,15
0.055,-1.4734374999999997,129
0.055,-1.4015624999999998,540
0.055,-1.3296875,1351
0.055,-1.2578125,5089
0.055,-1.1859374999999999,15421
0.055,-1.1140625,18550
0.055,-1.0421874999999998,18541
0.055,-0.9703124999999999,17549
0.055,-0.8984375,18106
0.055,-0.8265624999999999,17291
0.055,-0.7546875,16118
0.055,-0.6828125,15996
0.055,-0.6109374999999999,16571
0.055,-0.5390625,16318
0.055,-0.46718749999999987,15296
0.055,-0.39531249999999996,15348
0.055,-0.32343750000000004,15471
0.055,-0.2515624999999999,16316
0.055,-0.1796875,17959
0.055,-0.10781250000000009,20384
0.055,-0.03593750000000018,20895
0.055,0.03593750000000018,21102
0.055,0.10781250000000009,20190
0.055,0.1796875,18158
0.055,0.2515624999999999,15845
0.055,0.3234374999999998,16254
0.055,0.3953125000000002,15558
0.055,0.4671875000000001,16001
0.055,0.5390625,15745
0.055,0.6109374999999999,15492
0.055,0.6828124999999998,14756
0.055,0.7546874999999997,16243
0.055,0.8265625000000001,16047
0.055,0.8984375,17043
0.055,0.9703124999999999,17432
0.055,1.0421874999999998,17688
0.055,1.1140624999999997,16428
0.055,1.1859375,13938
0.055,1.2578125,4749
0.055,1.3296875,1274
0.055,1.4015624999999998,397
0.055,1.4734374999999997,132
0.055,1.5453125,13
0.055,1.6171875,1
0.055,1.6890625,0
0.055,1.7609374999999998,0
0.055,1.8328125000000002,0
0.055,1.9046874999999996,0
0.055,1.9765625,0
0.055,2.0484374999999995,0
0.055,2.1203125,0
0.055,2.1921875,0
0.055,2.2640624999999996,0
0.065,-2.2640624999999996,0
0.065,-2.1921874999999997,0
0.065,-2.1203125,0
0.065,-2.0484375,0
0.065,-1.9765624999999998,0
0.065,-1.9046874999999999,0
0.065,-1.8328124999999997,0
0.065,-1.7609374999999998,0
0.065,-1.6890625,0
0.065,-1.6171875,16
0.065,-1.5453124999999999,225
0.065,-1.4734374999999997,676
0.065,-1.4015624999999998,1899
0.065,-1.3296875,8455
0.065,-1.2578125,18196
0.065,-1.1859374999999999,20693
0.065,-1.1140625,19415
0.065,-1.0421874999999998,19062
0.065,-0.9703124999999999,19104
0.065,-0.8984375,18878
0.065,-0.8265624999999999,17979
0.065,-0.7546875,17334
0.065,-0.6828125,17018
0.065,-0.6109374999999999,17044
0.065,-0.5390625,17024
0.065,-0.46718749999999987,16286
0.065,-0.39531249999999996,15518
0.065,-0.32343750000000004,16164
0.065,-0.2515624999999999,16882
0.065,-0.1796875,18340
0.065,-0.10781250000000009,20779
0.065,-0.03593750000000018,21725
0.065,0.03593750000000018,21160
0.065,0.10781250000000009,20863
0.065,0.1796875,18518
0.065,0.2515624999999999,16550
0.065,0.3234374999999998,16456
0.065,0.3953125000000002,16676
0.065,0.4671875000000001,16084
0.065,0.5390625,16538
0.065,0.6109374999999999,16425
0.065,0.6828124999999998,15782
0.065,0.7546874999999997,17200
0.065,0.8265625000000001,16467
0.065,0.8984375,18002
0.065,0.9703124999999999,18650
0.065,1.0421874999999998,18677
0.065,1.1140624999999997,17872
0.065,1.1859375,18974
0.065,1.2578125,17368
0.065,1.3296875,7929
0.065,1.4015624999999998,1793
0.065,1.4734374999999997,615
0.065,1.5453125,143
0.065,1.6171875,20
0.065,1.6890625,0
0.065,1.7609374999999998,0
0.065,1.8328125000000002,0
0.065,1.9046874999999996,0
0.065,1.9765625,0
0.065,2.0484374999999995,0
0.065,2.1203125,0
0.065,2.1921875,0
0.065,2.2640624999999996,0
0.075,-2.2640624999999996,0
0.075,-2.1921874999999997,0
0.075,-2.1203125,0
0.075,-2.0484375,0
0.075,-1.9765624999999998,0
0.075,-1.9046874999999999,0
0.075,-1.8328124999999997,0
0.075,-1.7609374999999998,0
0.075,-1.6890625,42
0.075,-1.6171875,151
0.075,-1.5453124999999999,711
0.075,-1.4734374999999997,2834
0.075,-1.4015624999999998,11598
0.075,-1.3296875,20578
0.075,-1.2578125,21233
0.075,-1.1859374999999999,21395
0.075,-1.1140625,20172
0.075,-1.0421874999999998,19952
0.075,-0.9703124999999999,19885
0.075,-0.8984375,20143
0.075,-0.8265624999999999,19203
0.075,-0.7546875,18034
0.075,-0.6828125,17232
0.075,-0.6109374999999999,18137
0.075,-0.5390625,18119
0.075,-0.46718749999999987,17610
0.075,-0.39531249999999996,16565
0.075,-0.32343750000000004,16884
0.075,-0.2515624999999999,17426
0.075,-0.1796875,18459
0.075,-0.10781250000000009,21110
0.075,-0.03593750000000018,21795
0.075,0.03593750000000018,21482
0.075,0.10781250000000009,20689
0.075,0.1796875,19040
0.075,0.2515624999999999,17519
0.075,0.3234374999999998,17482
0.075,0.3953125000000002,17319
0.075,0.4671875000000001,17639
0.075,0.5390625,17574
0.075,0.6109374999999999,17269
0.075,0.6828124999999998,16965
0.075,0.7546874999999997,18208
0.075,0.8265625000000001,17407
0.075,0.8984375,18478
0.075,0.9703124999999999,20186
0.075,1.0421874999999998,19655
0.075,1.1140624999999997,18759
0.075,1.1859375,19744
0.075,1.2578125,20425
0.075,1.3296875,19732
0.075,1.4015624999999998,11604
0.075,1.4734374999999997,2699
0.075,1.5453125,611
0.075,1.6171875,240
0.075,1.6890625,29
0.075,1.7609374999999998,0
0.075,1.8328125000000002,0
0.075,1.9046874999999996,0
0.075,1.9765625,0
0.075,2.0484374999999995,0
0.075,2.1203125,0
0.075,2.1921875,0
0.075,2.2640624999999996,0
0.085,-2.2640624999999996,0
0.085,-2.1921874999999997,0
0.085,-2.1203125,0
0.085,-2.0484375,0
0.085,-1.9765624999999998,0
0.085,-1.9046874999999999,0
0.085,-1.8328124999999997,0
0.085,-1.7609374999999998,32
0.085,-1.6890625,257
0.085,-1.6171875,816
0.085,-1.5453124999999999,3551
0.085,-1.4734374999999997,15083
0.085,-1.4015624999999998,21942
0.085,-1.3296875,23088
0.085,-1.2578125,22660
0.085,-1.1859374999999999,22640
0.085,-1.1140625,20746
0.085,-1.0421874999999998,20989
0.085,-0.9703124999999999,20721
0.085,-0.8984375,20637
0.085,-0.8265624999999999,20431
0.085,-0.7546875,18574
0.085,-0.6828125,18031
0.085,-0.6109374999999999,18915
0.085,-0.5390625,19446
0.085,-0.46718749999999987,18764
0.085,-0.39531249999999996,18069
0.085,-0.32343750000000004,17627
0.085,-0.2515624999999999,18239
0.085,-0.1796875,19104
0.085,-0.10781250000000009,21266
0.085,-0.03593750000000018,22454
0.085,0.03593750000000018,22338
0.085,0.10781250000000009,21817
0.085,0.1796875,19760
0.085,0.2515624999999999,18423
0.085,0.3234374999999998,18578
0.085,0.3953125000000002,17834
0.085,0.4671875000000001,18249
0.085,0.5390625,18167
0.085,0.6109374999999999,18475
0.085,0.6828124999999998,17976
0.085,0.7546874999999997,19189
0.085,0.8265625000000001,18736
0.085,0.8984375,19521
0.085,0.9703124999999999,21013
0.085,1.0421874999999998,20622
0.085,1.1140624999999997,20037
0.085,1.1859375,20702
0.085,1.2578125,21388
0.085,1.3296875,21637
0.085,1.4015624999999998,21953
0.085,1.4734374999999997,14685
0.085,1.5453125,3610
0.085,1.6171875,927
0.085,1.6890625,197
0.085,1.7609374999999998,38
0.085,1.8328125000000002,0
0.085,1.9046874999999996,0
0.085,1.9765625,0
0.085,2.0484374999999995,0
0.085,2.1203125,0
0.085,2.1921875,0
0.085,2.2640624999999996,0
0.095,-2.2640624999999996,0
0.095,-2.1921874999999997,0
0.095,-2.1203125,0
0.095,-2.0484375,0
0.095,-1.9765624999999998,0
0.095,-1.9046874999999999,1
0.095,-1.8328124999999997,67
0.095,-1.7609374999999998,242
0.095,-1.6890625,1024
0.095,-1.6171875,5051
0.095,-1.5453124999999999,17098
0.095,-1.4734374999999997,23788
0.095,-1.4015624999999998,23532
0.095,-1.3296875,24365
0.095,-1.2578125,23450
0.095,-1.1859374999999999,22972
0.095,-1.1140625,21902
0.095,-1.0421874999999998,21911
0.095,-0.9703124999999999,21959
0.095,-0.8984375,21874
0.095,-0.8265624999999999,21400
0.095,-0.7546875,19322
0.095,-0.6828125,19090
0.095,-0.6109374999999999,20291
0.095,-0.5390625,20600
0.095,-0.46718749999999987,19382
0.095,-0.39531249999999996,18674
0.095,-0.32343750000000004,18451
0.095,-0.2515624999999999,18890
0.095,-0.1796875,20146
0.095,-0.10781250000000009,22311
0.095,-0.03593750000000018,23498
0.095,0.03593750000000018,23753
0.095,0.10781250000000009,22483
0.095,0.1796875,20652
0.095,0.2515624999999999,18823
0.095,0.3234374999999998,19668
0.095,0.3953125000000002,19348
0.095,0.4671875000000001,19651
0.095,0.5390625,19027
0.095,0.6109374999999999,19767
0.095,0.6828124999999998,19132
0.095,0.7546874999999997,19527
0.095,0.8265625000000001,19612
0.095,0.8984375,20627
0.095,0.9703124999999999,21960
0.095,1.0421874999999998,21997
0.095,1.1140624999999997,20753
0.095,1.1859375,20672
0.095,1.2578125,22260
0.095,1.3296875,22479
0.095,1.4015624999999998,22807
0.095,1.4734374999999997,22665
0.095,1.5453125,17529
0.095,1.6171875,5237
0.095,1.6890625,901
0.095,1.7609374999999998,289
0.095,1.8328125000000002,89
0.095,1.9046874999999996,1
0.095,1.9765625,0
0.095,2.0484374999999995,0
0.095,2.1203125,0
0.095,2.1921875,0
0.095,2.2640624999999996,0
0.105,-2.2640624999999996,0
0.105,-2.1921874999999997,0
0.105,-2.1203125,0
0.105,-2.0484375,0
0.105,-1.9765624999999998,0
0.105,-1.9046874999999999,54
0.105,-1.8328124999999997,257
0.105,-1.7609374999999998,1187
0.105,-1.6890625,6911
0.105,-1.6171875,20156
0.105,-1.5453124999999999,22879
0.105,-1.4734374999999997,25161
0.105,-1.4015624999999998,25420
0.105,-1.3296875,24992
0.105,-1.2578125,23913
0.105,-1.1859374999999999,23809
0.105,-1.1140625,23271
0.105,-1.0421874999999998,23012
0.105,-0.9703124999999999,23602
0.105,-0.8984375,23086
0.105,-0.8265624999999999,22399
0.105,-0.7546875,20814
0.105,-0.6828125,20247
0.105,-0.6109374999999999,21246
0.105,-0.5390625,21204
0.105,-0.46718749999999987,20574
0.105,-0.39531249999999996,19921
0.105,-0.32343750000000004,19594
0.105,-0.2515624999999999,19621
0.105,-0.1796875,20447
0.105,-0.10781250000000009,23051
0.105,-0.03593750000000018,24242
0.105,0.03593750000000018,24497
0.105,0.10781250000000009,23142
0.105,0.1796875,21671
0.105,0.2515624999999999,20294
0.105,0.3234374999999998,20360
0.105,0.3953125000000002,20550
0.105,0.4671875000000001,20677
0.105,0.5390625,19976
0.105,0.6109374999999999,20615
0.105,0.6828124999999998,20208
0.105,0.7546874999999997,20628
0.105,0.8265625000000001,20824
0.105,0.8984375,21853
0.105,0.9703124999999999,23097
0.105,1.0421874999999998,22968
0.105,1.1140624999999997,22024
0.105,1.1859375,22228
0.105,1.2578125,23619
0.105,1.3296875,23667
0.105,1.4015624999999998,24727
0.105,1.4734374999999997,24039
0.105,1.5453125,23240
0.105,1.6171875,19478
0.105,1.6890625,6498
0.105,1.7609374999999998,1036
0.105,1.8328125000000002,351
0.105,1.9046874999999996,40
0.105,1.9765625,0
0.105,2.0484374999999995,0
0.105,2.1203125,0
0.105,2.1921875,0
0.105,2.2640624999999996,0
0.115,-2.2640624999999996,0
0.115,-2.1921874999999997,0
0.115,-2.1203125,0
0.115,-2.0484375,0
0.115,-1.9765624999999998,34
0.115,-1.9046874999999999,321
0.115,-1.8328124999999997,1105
0.115,-1.7609374999999998,8543
0.115,-1.6890625,22898
0.115,-1.6171875,24178
0.115,-1.5453124999999999,24061
0.115,-1.4734374999999997,26642
0.115,-1.4015624999999998,26730
0.115,-1.3296875,25877
0.115,-1.2578125,25506
0.115,-1.1859374999999999,25277
0.115,-1.1140625,24371
0.115,-1.0421874999999998,24614
0.115,-0.9703124999999999,24748
0.115,-0.8984375,24473
0.115,-0.8265624999999999,23634
0.115,-0.7546875,22107
0.115,-0.6828125,21379
0.115,-0.6109374999999999,22674
0.115,-0.5390625,22378
0.115,-0.46718749999999987,21992
0.115,-0.39531249999999996,21058
0.115,-0.32343750000000004,20356
0.115,-0.2515624999999999,21017
0.115,-0.1796875,21710
0.115,-0.10781250000000009,23452
0.115,-0.03593750000000018,25115
0.115,0.03593750000000018,25288
0.115,0.10781250000000009,24217
0.115,0.1796875,23077
0.115,0.2515624999999999,21859
0.115,0.3234374999999998,21528
0.115,0.3953125000000002,21236
0.115,0.4671875000000001,21254
0.115,0.5390625,20758
0.115,0.6109374999999999,21639
0.115,0.6828124999999998,21567
0.115,0.7546874999999997,22082
0.115,0.8265625000000001,22141
0.115,0.8984375,23299
0.115,0.9703124999999999,24110
0.115,1.0421874999999998,24033
0.115,1.1140624999999997,22833
0.115,1.1859375,23717
0.115,1.2578125,24894
0.115,1.3296875,25186
0.115,1.4015624999999998,25469
0.115,1.4734374999999997,25643
0.115,1.5453125,24203
0.115,1.6171875,23827
0.115,1.6890625,22098
0.115,1.7609374999999998,7969
0.115,1.8328125000000002,1437
0.115,1.9046874999999996,274
0.115,1.9765625,24
0.115,2.0484374999999995,0
0.115,2.1203125,0
0.115,2.1921875,0
0.115,2.2640624999999996,0
0.125,-2.2640624999999996,0
0.125,-2.1921874999999997,0
0.125,-2.1203125,0
0.125,-2.0484375,9
0.125,-1.9765624999999998,283
0.125,-1.9046874999999999,1241
0.125,-1.8328124999999997,8820
0.125,-1.7609374999999998,26280
0.125,-1.6890625,26516
0.125,-1.6171875,25304
0.125,-1.5453124999999999,26123
0.125,-1.4734374999999997,27690
0.125,-1.4015624999999998,28005
0.125,-1.3296875,26926
0.125,-1.2578125,27832
0.125,-1.1859374999999999,26271
0.125,-1.1140625,26054
0.125,-1.0421874999999998,25957
0.125,-0.9703124999999999,25056
0.125,-0.8984375,25654
0.125,-0.8265624999999999,24814
0.125,-0.7546875,23602
0.125,-0.6828125,22590
0.125,-0.6109374999999999,24329
0.125,-0.5390625,23827
0.125,-0.46718749999999987,23107
0.125,-0.39531249999999996,22399
0.125,-0.32343750000000004,21962
0.125,-0.2515624999999999,22183
0.125,-0.1796875,22116
0.125,-0.10781250000000009,24238
0.125,-0.03593750000000018,25298
0.125,0.03593750000000018,25802
0.125,0.10781250000000009,25585
0.125,0.1796875,24340
0.125,0.2515624999999999,23327
0.125,0.3234374999999998,22473
0.125,0.3953125000000002,21892
0.125,0.4671875000000001,22288
0.125,0.5390625,21724
0.125,0.6109374999999999,22639
0.125,0.6828124999999998,22766
0.125,0.7546874999999997,23065
0.125,0.8265625000000001,23266
0.125,0.8984375,24198
0.125,0.9703124999999999,25186
0.125,1.0421874999999998,25060
0.125,1.1140624999999997,23918
0.125,1.1859375,24722
0.125,1.2578125,26359
0.125,1.3296875,26539
0.125,1.4015624999999998,27203
0.125,1.4734374999999997,26330
0.125,1.5453125,25554
0.125,1.6171875,25510
0.125,1.6890625,25710
0.125,1.7609374999999998,24278
0.125,1.8328125000000002,8827
0.125,1.9046874999999996,1075
0.125,1.9765625,192
0.125,2.0484374999999995,6
0.125,2.1203125,0
0.125,2.1921875,0
0.125,2.2640624999999996,0
0.135,-2.2640624999999996,0
0.135,-2.1921874999999997,0
0.135,-2.1203125,2
0.135,-2.0484375,131
0.135,-1.9765624999999998,995
0.135,-1.9046874999999999,8058
0.135,-1.8328124999999997,26266
0.135,-1.7609374999999998,30047
0.135,-1.6890625,27948
0.135,-1.6171875,26355
0.135,-1.5453124999999999,27661
0.135,-1.4734374999999997,28526
0.135,-1.4015624999999998,29089
0.135,-1.3296875,28563
0.135,-1.2578125,29293
0.135,-1.1859374999999999,28255
0.135,-1.1140625,27419
0.135,-1.0421874999999998,26861
0.135,-0.9703124999999999,26539
0.135,-0.8984375,27271
0.135,-0.8265624999999999,26377
0.135,-0.7546875,24707
0.135,-0.6828125,23599
0.135,-0.6109374999999999,25524
0.135,-0.5390625,25408
0.135,-0.46718749999999987,24229
0.135,-0.39531249999999996,23281
0.135,-0.32343750000000004,23251
0.135,-0.2515624999999999,23438
0.135,-0.1796875,23075
0.135,-0.10781250000000009,24763
0.135,-0.03593750000000018,25619
0.135,0.03593750000000018,26081
0.135,0.10781250000000009,25953
0.135,0.1796875,25160
0.135,0.2515624999999999,24073
0.135,0.3234374999999998,23150
0.135,0.3953125000000002,22960
0.135,0.4671875000000001,22843
0.135,0.5390625,23078
0.135,0.6109374999999999,23648
0.135,0.6828124999999998,24157
0.135,0.7546874999999997,23508
0.135,0.8265625000000001,24040
0.135,0.8984375,25355
0.135,0.9703124999999999,26521
0.135,1.0421874999999998,25739
0.135,1.1140624999999997,24931
0.135,1.1859375,26108
0.135,1.2578125,27642
0.135,1.3296875,27989
0.135,1.4015624999999998,27854
0.135,1.4734374999999997,27768
0.135,1.5453125,27210
0.135,1.6171875,27144
0.135,1.6890625,27494
0.135,1.7609374999999998,28191
0.135,1.8328125000000002,26042
0.135,1.9046874999999996,8149
0.135,1.9765625,865
0.135,2.0484374999999995,96
0.135,2.1203125,1
0.135,2.1921875,0
0.135,2.2640624999999996,0
0.145,-2.2640624999999996,0
0.145,-2.1921874999999997,0
0.145,-2.1203125,34
0.145,-2.0484375,676
0.145,-1.9765624999999998,5891
0.145,-1.9046874999999999,25823
0.145,-1.8328124999999997,30742
0.145,-1.7609374999999998,31157
0.145,-1.6890625,29599
0.145,-1.6171875,28098
0.145,-1.5453124999999999,29212
0.145,-1.4734374999999997,30382
0.145,-1.4015624999999998,30562
0.145,-1.3296875,29873
0.145,-1.2578125,30245
0.145,-1.1859374999999999,29789
0.145,-1.1140625,29141
0.145,-1.0421874999999998,28262
0.145,-0.9703124999999999,27488
0.145,-0.8984375,28433
0.145,-0.8265624999999999,27326
0.145,-0.7546875,26056
0.145,-0.6828125,24669
0.145,-0.6109374999999999,26303
0.145,-0.5390625,26789
0.145,-0.46718749999999987,25291
0.145,-0.39531249999999996,24493
0.145,-0.32343750000000004,24660
0.145,-0.2515624999999999,24051
0.145,-0.1796875,24277
0.145,-0.10781250000000009,24872
0.145,-0.03593750000000018,26346
0.145,0.03593750000000018,27044
0.145,0.10781250000000009,26998
0.145,0.1796875,25477
0.145,0.2515624999999999,25525
0.145,0.3234374999999998,24521
0.145,0.3953125000000002,24250
0.145,0.4671875000000001,23678
0.145,0.5390625,24389
0.145,0.6109374999999999,24955
0.145,0.6828124999999998,25157
0.145,0.7546874999999997,24873
0.145,0.8265625000000001,25292
0.145,0.8984375,27049
0.145,0.9703124999999999,27724
0.145,1.0421874999999998,26520
0.145,1.1140624999999997,25921
0.145,1.1859375,27427
0.145,1.2578125,28860
0.145,1.3296875,29547
0.145,1.4015624999999998,29136
0.145,1.4734374999999997,28939
0.145,1.5453125,28510
0.145,1.6171875,28109
0.145,1.6890625,28730
0.145,1.7609374999999998,29753
0.145,1.8328125000000002,29736
0.145,1.9046874999999996,26394
0.145,1.9765625,5760
0.145,2.0484374999999995,624
0.145,2.1203125,31
0.145,2.1921875,0
0.145,2.2640624999999996,0
0.155,-2.2640624999999996,0
0.155,-2.1921874999999997,0
0.155,-2.1203125,252
0.155,-2.0484375,2952
0.155,-1.9765624999999998,24072
0.155,-1.9046874999999999,31212
0.155,-1.8328124999999997,31915
0.155,-1.7609374999999998,33277
0.155,-1.6890625,31002
0.155,-1.6171875,29981
0.155,-1.5453124999999999,30972
0.155,-1.4734374999999997,32238
0.155,-1.4015624999999998,32361
0.155,-1.3296875,31226
0.155,-1.2578125,31447
0.155,-1.1859374999999999,30892
0.155,-1.1140625,30472
0.155,-1.0421874999999998,29999
0.155,-0.9703124999999999,28868
0.155,-0.8984375,29734
0.155,-0.8265624999999999,28786
0.155,-0.7546875,27363
0.155,-0.6828125,25781
0.155,-0.6109374999999999,27430
0.155,-0.5390625,27893
0.155,-0.46718749999999987,26391
0.155,-0.39531249999999996,25155
0.155,-0.32343750000000004,25530
0.155,-0.2515624999999999,25536
0.155,-0.1796875,25324
0.155,-0.10781250000000009,25855
0.155,-0.03593750000000018,27194
0.155,0.03593750000000018,28123
0.155,0.10781250000000009,27306
0.155,0.1796875,26161
0.155,0.2515624999999999,26386
0.155,0.3234374999999998,24947
0.155,0.3953125000000002,25553
0.155,0.4671875000000001,25070
0.155,0.5390625,25569
0.155,0.6109374999999999,26558
0.155,0.6828124999999998,26408
0.155,0.7546874999999997,25773
0.155,0.8265625000000001,26448
0.155,0.8984375,28251
0.155,0.9703124999999999,28967
0.155,1.0421874999999998,27487
0.155,1.1140624999999997,27312
0.155,1.1859375,28507
0.155,1.2578125,29907
0.155,1.3296875,30934
0.155,1.4015624999999998,30798
0.155,1.4734374999999997,30437
0.155,1.5453125,30106
0.155,1.6171875,29081
0.155,1.6890625,29623
0.155,1.7609374999999998,31427
0.155,1.8328125000000002,31136
0.155,1.9046874999999996,31836
0.155,1.9765625,24179
0.155,2.0484374999999995,3037
0.155,2.1203125,247
0.155,2.1921875,0
0.155,2.2640624999999996,0
0.165,-2.2640624999999996,0
0.165,-2.1921874999999997,7
0.165,-2.1203125,1088
0.165,-2.0484375,16265
0.165,-1.9765624999999998,32505
0.165,-1.9046874999999999,32871
0.165,-1.8328124999999997,33581
0.165,-1.7609374999999998,34825
0.165,-1.6890625,32486
0.165,-1.6171875,31476
0.165,-1.5453124999999999,33014
0.165,-1.4734374999999997,34047
0.165,-1.4015624999999998,33628
0.165,-1.3296875,33343
0.165,-1.2578125,32637
0.165,-1.1859374999999999,32417
0.165,-1.1140625,31928
0.165,-1.0421874999999998,31170
0.165,-0.9703124999999999,30296
0.165,-0.8984375,31229
0.165,-0.8265624999999999,29851
0.165,-0.7546875,28968
0.165,-0.6828125,27100
0.165,-0.6109374999999999,28521
0.165,-0.5390625,28875
0.165,-0.46718749999999987,27510
0.165,-0.39531249999999996,27009
0.165,-0.32343750000000004,26730
0.165,-0.2515624999999999,26565
0.165,-0.1796875,26317
0.165,-0.10781250000000009,27348
0.165,-0.03593750000000018,28251
0.165,0.03593750000000018,29018
0.165,0.10781250000000009,28365
0.165,0.1796875,27165
0.165,0.2515624999999999,27190
0.165,0.3234374999999998,26119
0.165,0.3953125000000002,26852
0.165,0.4671875000000001,26297
0.165,0.5390625,26393
0.165,0.6109374999999999,27530
0.165,0.6828124999999998,28258
0.165,0.7546874999999997,27094
0.165,0.8265625000000001,27614
0.165,0.8984375,29126
0.165,0.9703124999999999,30346
0.165,1.0421874999999998,28556
0.165,1.1140624999999997,28831
0.165,1.1859375,29936
0.165,1.2578125,31519
0.165,1.3296875,32269
0.165,1.4015624999999998,32832
0.165,1.4734374999999997,31876
0.165,1.5453125,31573
0.165,1.6171875,31163
0.165,1.6890625,31814
0.165,1.7609374999999998,32204
0.165,1.8328125000000002,32619
0.165,1.9046874999999996,34163
0.165,1.9765625,32870
0.165,2.0484374999999995,17070
0.165,2.1203125,1075
0.165,2.1921875,9
0.165,2.2640624999999996,0
0.175,-2.2640624999999996,0
0.175,-2.1921874999999997,96
0.175,-2.1203125,6413
0.175,-2.0484375,30839
0.175,-1.9765624999999998,34238
0.175,-1.9046874999999999,35105
0.175,-1.8328124999999997,34929
0.175,-1.7609374999999998,36561
0.175,-1.6890625,34643
0.175,-1.6171875,33163
0.175,-1.5453124999999999,34717
0.175,-1.4734374999999997,35266
0.175,-1.4015624999999998,35658
0.175,-1.3296875,35299
0.175,-1.2578125,34426
0.175,-1.1859374999999999,34024
0.175,-1.1140625,34078
0.175,-1.0421874999999998,32474
0.175,-0.9703124999999999,31872
0.175,-0.8984375,33046
0.175,-0.8265624999999999,31490
0.175,-0.7546875,29809
0.175,-0.6828125,28512
0.175,-0.6109374999999999,29617
0.175,-0.5390625,29930
0.175,-0.46718749999999987,28882
0.175,-0.39531249999999996,28294
0.175,-0.32343750000000004,27885
0.175,-0.2515624999999999,28229
0.175,-0.1796875,27777
0.175,-0.10781250000000009,28616
0.175,-0.03593750000000018,29291
0.175,0.03593750000000018,29435
0.175,0.10781250000000009,28737
0.175,0.1796875,28718
0.175,0.2515624999999999,28080
0.175,0.3234374999999998,27052
0.175,0.3953125000000002,27858
0.175,0.4671875000000001,27506
0.175,0.5390625,28193
0.175,0.6109374999999999,28590
0.175,0.6828124999999998,28895
0.175,0.7546874999999997,28335
0.175,0.8265625000000001,28556
0.175,0.8984375,29946
0.175,0.9703124999999999,31717
0.175,1.0421874999999998,29955
0.175,1.1140624999999997,30299
0.175,1.1859375,32491
0.175,1.2578125,33313
0.175,1.3296875,33108
0.175,1.4015624999999998,35035
0.175,1.4734374999999997,33384
0.175,1.5453125,33244
0.175,1.6171875,32981
0.175,1.6890625,34036
0.175,1.7609374999999998,33928
0.175,1.8328125000000002,34318
0.175,1.9046874999999996,36213
0.175,1.9765625,35004
0.175,2.0484374999999995,32708
0.175,2.1203125,6361
0.175,2.1921875,94
0.175,2.2640624999999996,0
0.185,-2.2640624999999996,0
0.185,-2.1921874999999997,128
0.185,-2.1203125,19838
0.185,-2.0484375,33770
0.185,-1.9765624999999998,35712
0.185,-1.9046874999999999,36754
0.185,-1.8328124999999997,36462
0.185,-1.7609374999999998,37951
0.185,-1.6890625,36586
0.185,-1.6171875,34864
0.185,-1.5453124999999999,36065
0.185,-1.4734374999999997,36349
0.185,-1.4015624999999998,36979
0.185,-1.3296875,37322
0.185,-1.2578125,36177
0.185,-1.1859374999999999,36853
0.185,-1.1140625,35350
0.185,-1.0421874999999998,33698
0.185,-0.9703124999999999,34153
0.185,-0.8984375,34932
0.185,-0.8265624999999999,33506
0.185,-0.7546875,31741
0.185,-0.6828125,30316
0.185,-0.6109374999999999,31006
0.185,-0.5390625,30715
0.185,-0.46718749999999987,29858
0.185,-0.39531249999999996,29891
0.185,-0.32343750000000004,29487
0.185,-0.2515624999999999,29201
0.185,-0.1796875,29233
0.185,-0.10781250000000009,29610
0.185,-0.03593750000000018,30324
0.185,0.03593750000000018,30918
0.185,0.10781250000000009,29726
0.185,0.1796875,29119
0.185,0.2515624999999999,29024
0.185,0.3234374999999998,27918
0.185,0.3953125000000002,28692
0.185,0.4671875000000001,28665
0.185,0.5390625,29554
0.185,0.6109374999999999,29400
0.185,0.6828124999999998,30139
0.185,0.7546874999999997,30395
0.185,0.8265625000000001,29993
0.185,0.8984375,31348
0.185,0.9703124999999999,32893
0.185,1.0421874999999998,31676
0.185,1.1140624999999997,31877
0.185,1.1859375,33973
0.185,1.2578125,34808
0.185,1.3296875,34401
0.185,1.4015624999999998,36095
0.185,1.4734374999999997,35646
0.185,1.5453125,35753
0.185,1.6171875,35003
0.185,1.6890625,36216
0.185,1.7609374999999998,35661
0.185,1.8328125000000002,36604
0.185,1.9046874999999996,37440
0.185,1.9765625,37044
0.185,2.0484374999999995,36263
0.185,2.1203125,20353
0.185,2.1921875,112
0.185,2.2640624999999996,0
0.195,-2.2640624999999996,0
0.195,-2.1921874999999997,143
0.195,-2.1203125,23887
0.195,-2.0484375,35045
0.195,-1.9765624999999998,37899
0.195,-1.9046874999999999,39009
0.195,-1.8328124999999997,38859
0.195,-1.7609374999999998,39181
0.195,-1.6890625,38362
0.195,-1.6171875,36574
0.195,-1.5453124999999999,37928
0.195,-1.4734374999999997,38405
0.195,-1.4015624999999998,38633
0.195,-1.3296875,39235
0.195,-1.2578125,38039
0.195,-1.1859374999999999,39204
0.195,-1.1140625,37354
0.195,-1.0421874999999998,35770
0.195,-0.9703124999999999,36439
0.195,-0.8984375,36747
0.195,-0.8265624999999999,35553
0.195,-0.7546875,33186
0.195,-0.6828125,31877
0.195,-0.6109374999999999,32849
0.195,-0.5390625,31603
0.195,-0.46718749999999987,31404
0.195,-0.39531249999999996,30783
0.195,-0.32343750000000004,30340
0.195,-0.2515624999999999,30740
0.195,-0.1796875,30958
0.195,-0.10781250000000009,30471
0.195,-0.03593750000000018,31492
0.195,0.03593750000000018,31819
0.195,0.10781250000000009,30696
0.195,0.1796875,29819
0.195,0.2515624999999999,30276
0.195,0.3234374999999998,29251
0.195,0.3953125000000002,29496
0.195,0.4671875000000001,30012
0.195,0.5390625,31315
0.195,0.6109374999999999,31056
0.195,0.6828124999999998,31972
0.195,0.7546874999999997,32085
0.195,0.8265625000000001,32185
0.195,0.8984375,32939
0.195,0.9703124999999999,34104
0.195,1.0421874999999998,33315
0.195,1.1140624999999997,33695
0.195,1.1859375,35732
0.195,1.2578125,36645
0.195,1.3296875,36264
0.195,1.4015624999999998,37416
0.195,1.4734374999999997,38301
0.195,1.5453125,37306
0.195,1.6171875,37150
0.195,1.6890625,38622
0.195,1.7609374999999998,37180
0.195,1.8328125000000002,37931
0.195,1.9046874999999996,39224
0.195,1.9765625,38782
0.195,2.0484374999999995,38457
0.195,2.1203125,25703
0.195,2.1921875,168
0.195,2.2640624999999996,0
0.205,-2.2640624999999996,0
0.205,-2.1921874999999997,268
0.205,-2.1203125,14787
0.205,-2.0484375,37108
0.205,-1.9765624999999998,39638
0.205,-1.9046874999999999,41326
0.205,-1.8328124999999997,40657
0.205,-1.7609374999999998,40818
0.205,-1.6890625,40071
0.205,-1.6171875,38393
0.205,-1.5453124999999999,39578
0.205,-1.4734374999999997,39851
0.205,-1.4015624999999998,40733
0.205,-1.3296875,41317
0.205,-1.2578125,40115
0.205,-1.1859374999999999,40471
0.205,-1.1140625,39062
0.205,-1.0421874999999998,36923
0.205,-0.9703124999999999,38759
0.205,-0.8984375,38960
0.205,-0.8265624999999999,37051
0.205,-0.7546875,34945
0.205,-0.6828125,33570
0.205,-0.6109374999999999,34424
0.205,-0.5390625,33489
0.205,-0.46718749999999987,32492
0.205,-0.39531249999999996,32565
0.205,-0.32343750000000004,32099
0.205,-0.2515624999999999,31374
0.205,-0.1796875,32285
0.205,-0.10781250000000009,31786
0.205,-0.03593750000000018,33117
0.205,0.03593750000000018,33304
0.205,0.10781250000000009,32303
0.205,0.1796875,31139
0.205,0.2515624999999999,31405
0.205,0.3234374999999998,30937
0.205,0.3953125000000002,31239
0.205,0.4671875000000001,31997
0.205,0.5390625,32601
0.205,0.6109374999999999,32890
0.205,0.6828124999999998,33147
0.205,0.7546874999999997,33789
0.205,0.8265625000000001,34008
0.205,0.8984375,34835
0.205,0.9703124999999999,35637
0.205,1.0421874999999998,35386
0.205,1.1140624999999997,34794
0.205,1.1859375,37741
0.205,1.2578125,37800
0.205,1.3296875,37660
0.205,1.4015624999999998,39919
0.205,1.4734374999999997,39524
0.205,1.5453125,39605
0.205,1.6171875,39689
0.205,1.6890625,39763
0.205,1.7609374999999998,39382
0.205,1.8328125000000002,39820
0.205,1.9046874999999996,41075
0.205,1.9765625,40712
0.205,2.0484374999999995,40369
0.205,2.1203125,15640
0.205,2.1921875,245
0.205,2.2640624999999996,0
0.215,-2.2640624999999996,0
0.215,-2.1921874999999997,58
0.215,-2.1203125,3702
0.215,-2.0484375,34646
0.215,-1.9765624999999998,41577
0.215,-1.9046874999999999,42701
0.215,-1.8328124999999997,42644
0.215,-1.7609374999999998,42994
0.215,-1.6890625,41781
0.215,-1.6171875,40071
0.215,-1.5453124999999999,41358
0.215,-1.4734374999999997,41090
0.215,-1.4015624999999998,42131
0.215,-1.3296875,43519
0.215,-1.2578125,43050
0.215,-1.1859374999999999,42456
0.215,-1.1140625,40691
0.215,-1.0421874999999998,38303
0.215,-0.9703124999999999,39879
0.215,-0.8984375,41066
0.215,-0.8265624999999999,38614
0.215,-0.7546875,37833
0.215,-0.6828125,35828
0.215,-0.6109374999999999,35724
0.215,-0.5390625,34874
0.215,-0.46718749999999987,34088
0.215,-0.39531249999999996,33958
0.215,-0.32343750000000004,32800
0.215,-0.2515624999999999,32799
0.215,-0.1796875,33404
0.215,-0.10781250000000009,32423
0.215,-0.03593750000000018,34188
0.215,0.03593750000000018,34656
0.215,0.10781250000000009,33164
0.215,0.1796875,32308
0.215,0.2515624999999999,33024
0.215,0.3234374999999998,32491
0.215,0.3953125000000002,32620
0.215,0.4671875000000001,33514
0.215,0.5390625,34503
0.215,0.6109374999999999,34230
0.215,0.6828124999999998,34485
0.215,0.7546874999999997,35202
0.215,0.8265625000000001,35513
0.215,0.8984375,36839
0.215,0.9703124999999999,37899
0.215,1.0421874999999998,37112
0.215,1.1140624999999997,36834
0.215,1.1859375,38994
0.215,1.2578125,39384
0.215,1.3296875,39049
0.215,1.4015624999999998,41992
0.215,1.4734374999999997,41295
0.215,1.5453125,41703
0.215,1.6171875,41491
0.215,1.6890625,41613
0.215,1.7609374999999998,41445
0.215,1.8328125000000002,41761
0.215,1.9046874999999996,42501
0.215,1.9765625,42243
0.215,2.0484374999999995,37515
0.215,2.1203125,3953
0.215,2.1921875,41
0.215,2.2640624999999996,0
0.225,-2.2640624999999996,0
0.225,-2.1921874999999997,0
0.225,-2.1203125,764
0.225,-2.0484375,19324
0.225,-1.9765624999999998,42815
0.225,-1.9046874999999999,44947
0.225,-1.8328124999999997,45039
0.225,-1.7609374999999998,44762
0.225,-1.6890625,44248
0.225,-1.6171875,42443
0.225,-1.5453124999999999,43570
0.225,-1.4734374999999997,43320
0.225,-1.4015624999999998,44747
0.225,-1.3296875,45722
0.225,-1.2578125,44659
0.225,-1.1859374999999999,44719
0.225,-1.1140625,42696
0.225,-1.0421874999999998,41019
0.225,-0.9703124999999999,41948
0.225,-0.8984375,42140
0.225,-0.8265624999999999,41164
0.225,-0.7546875,39448
0.225,-0.6828125,38189
0.225,-0.6109374999999999,37448
0.225,-0.5390625,36571
0.225,-0.46718749999999987,35098
0.225,-0.39531249999999996,35308
0.225,-0.32343750000000004,34734
0.225,-0.2515624999999999,33941
0.225,-0.1796875,34046
0.225,-0.10781250000000009,33264
0.225,-0.03593750000000018,35665
0.225,0.03593750000000018,35758
0.225,0.10781250000000009,33791
0.225,0.1796875,33867
0.225,0.2515624999999999,33980
0.225,0.3234374999999998,33767
0.225,0.3953125000000002,34596
0.225,0.4671875000000001,35584
0.225,0.5390625,36000
0.225,0.6109374999999999,36073
0.225,0.6828124999999998,36804
0.225,0.7546874999999997,36837
0.225,0.8265625000000001,37642
0.225,0.8984375,39284
0.225,0.9703124999999999,39232
0.225,1.0421874999999998,39266
0.225,1.1140624999999997,39412
0.225,1.1859375,40670
0.225,1.2578125,41110
0.225,1.3296875,40990
0.225,1.4015624999999998,43878
0.225,1.4734374999999997,43389
0.225,1.5453125,43411
0.225,1.6171875,43355
0.225,1.6890625,44478
0.225,1.7609374999999998,43591
0.225,1.8328125000000002,44511
0.225,1.9046874999999996,44568
0.225,1.9765625,44064
0.225,2.0484374999999995,21723
0.225,2.1203125,833
0.225,2.1921875,1
0.225,2.2640624999999996,0
0.235,-2.2640624999999996,0
0.235,-2.1921874999999997,0
0.235,-2.1203125,186
0.235,-2.0484375,4422
0.235,-1.9765624999999998,37760
0.235,-1.9046874999999999,47422
0.235,-1.8328124999999997,47269
0.235,-1.7609374999999998,47020
0.235,-1.6890625,46904
0.235,-1.6171875,45356
0.235,-1.5453124999999999,46937
0.235,-1.4734374999999997,45630
0.235,-1.4015624999999998,47678
0.235,-1.3296875,47163
0.235,-1.2578125,47469
0.235,-1.1859374999999999,47101
0.235,-1.1140625,45276
0.235,-1.0421874999999998,43586
0.235,-0.9703124999999999,44307
0.235,-0.8984375,44742
0.235,-0.8265624999999999,43018
0.235,-0.7546875,41662
0.235,-0.6828125,40460
0.235,-0.6109374999999999,39190
0.235,-0.5390625,38564
0.235,-0.46718749999999987,37584
0.235,-0.39531249999999996,36528
0.235,-0.32343750000000004,36876
0.235,-0.2515624999999999,35537
0.235,-0.1796875,35531
0.235,-0.10781250000000009,34155
0.235,-0.03593750000000018,36592
0.235,0.03593750000000018,36684
0.235,0.10781250000000009,35576
0.235,0.1796875,35631
0.235,0.2515624999999999,35173
0.235,0.3234374999999998,35554
0.235,0.3953125000000002,36369
0.235,0.4671875000000001,36818
0.235,0.5390625,37833
0.235,0.6109374999999999,38423
0.235,0.6828124999999998,39505
0.235,0.7546874999999997,39326
0.235,0.8265625000000001,39317
0.235,0.8984375,40587
0.235,0.9703124999999999,41164
0.235,1.0421874999999998,40807
0.235,1.1140624999999997,40795
0.235,1.1859375,42538
0.235,1.2578125,43309
0.235,1.3296875,43311
0.235,1.4015624999999998,45613
0.235,1.4734374999999997,44937
0.235,1.5453125,44822
0.235,1.6171875,45776
0.235,1.6890625,46980
0.235,1.7609374999999998,46578
0.235,1.8328125000000002,46870
0.235,1.9046874999999996,46649
0.235,1.9765625,38345
0.235,2.0484374999999995,4756
0.235,2.1203125,185
0.235,2.1921875,0
0.235,2.2640624999999996,0
0.245,-2.2640624999999996,0
0.245,-2.1921874999999997,0
0.245,-2.1203125,15
0.245,-2.0484375,989
0.245,-1.9765624999999998,16858
0.245,-1.9046874999999999,49241
0.245,-1.8328124999999997,50102
0.245,-1.7609374999999998,50485
0.245,-1.6890625,49944
0.245,-1.6171875,48429
0.245,-1.5453124999999999,49943
0.245,-1.4734374999999997,48034
0.245,-1.4015624999999998,50067
0.245,-1.3296875,49163
0.245,-1.2578125,49542
0.245,-1.1859374999999999,49513
0.245,-1.1140625,47226
0.245,-1.0421874999999998,45647
0.245,-0.9703124999999999,46091
0.245,-0.8984375,47046
0.245,-0.8265624999999999,44801
0.245,-0.7546875,43554
0.245,-0.6828125,42322
0.245,-0.6109374999999999,42004
0.245,-0.5390625,40850
0.245,-0.46718749999999987,39187
0.245,-0.39531249999999996,38584
0.245,-0.32343750000000004,38001
0.245,-0.2515624999999999,37254
0.245,-0.1796875,37560
0.245,-0.10781250000000009,36380
0.245,-0.03593750000000018,38237
0.245,0.03593750000000018,38659
0.245,0.10781250000000009,36969
0.245,0.1796875,36945
0.245,0.2515624999999999,36873
0.245,0.3234374999999998,37185
0.245,0.3953125000000002,37503
0.245,0.4671875000000001,39103
0.245,0.5390625,39396
0.245,0.6109374999999999,40336
0.245,0.6828124999999998,40038
0.245,0.7546874999999997,40885
0.245,0.8265625000000001,40997
0.245,0.8984375,41992
0.245,0.9703124999999999,43324
0.245,1.0421874999999998,42906
0.245,1.1140624999999997,42887
0.245,1.1859375,45266
0.245,1.2578125,44964
0.245,1.3296875,44866
0.245,1.4015624999999998,47882
0.245,1.4734374999999997,47125
0.245,1.5453125,47366
0.245,1.6171875,48164
0.245,1.6890625,49634
0.245,1.7609374999999998,48315
0.245,1.8328125000000002,48862
0.245,1.9046874999999996,48757
0.245,1.9765625,17191
0.245,2.0484374999999995,1117
0.245,2.1203125,23
0.245,2.1921875,0
0.245,2.2640624999999996,0
0.255,-2.2640624999999996,0
0.255,-2.1921874999999997,0
0.255,-2.1203125,1
0.255,-2.0484375,218
0.255,-1.9765624999999998,3023
0.255,-1.9046874999999999,36245
0.255,-1.8328124999999997,51285
0.255,-1.7609374999999998,53442
0.255,-1.6890625,52434
0.255,-1.6171875,51343
0.255,-1.5453124999999999,52267
0.255,-1.4734374999999997,51598
0.255,-1.4015624999999998,53508
0.255,-1.3296875,51825
0.255,-1.2578125,51460
0.255,-1.1859374999999999,51612
0.255,-1.1140625,49801
0.255,-1.0421874999999998,47781
0.255,-0.9703124999999999,48336
0.255,-0.8984375,48742
0.255,-0.8265624999999999,46683
0.255,-0.7546875,45055
0.255,-0.6828125,44257
0.255,-0.6109374999999999,43545
0.255,-0.5390625,42606
0.255,-0.46718749999999987,40873
0.255,-0.39531249999999996,39702
0.255,-0.32343750000000004,40108
0.255,-0.2515624999999999,38978
0.255,-0.1796875,39242
0.255,-0.10781250000000009,38244
0.255,-0.03593750000000018,39428
0.255,0.03593750000000018,40337
0.255,0.10781250000000009,38946
0.255,0.1796875,39731
0.255,0.2515624999999999,38649
0.255,0.3234374999999998,38481
0.255,0.3953125000000002,38934
0.255,0.4671875000000001,40372
0.255,0.5390625,41336
0.255,0.6109374999999999,41409
0.255,0.6828124999999998,41652
0.255,0.7546874999999997,42326
0.255,0.8265625000000001,43666
0.255,0.8984375,44131
0.255,0.9703124999999999,46028
0.255,1.0421874999999998,45948
0.255,1.1140624999999997,45751
0.255,1.1859375,47705
0.255,1.2578125,47142
0.255,1.3296875,47443
0.255,1.4015624999999998,49931
0.255,1.4734374999999997,50161
0.255,1.5453125,49639
0.255,1.6171875,50904
0.255,1.6890625,52070
0.255,1.7609374999999998,50072
0.255,1.8328125000000002,51916
0.255,1.9046874999999996,36533
0.255,1.9765625,3412
0.255,2.0484374999999995,277
0.255,2.1203125,0
0.255,2.1921875,0
0.255,2.2640624999999996,0
0.265,-2.2640624999999996,0
0.265,-2.1921874999999997,0
0.265,-2.1203125,0
0.265,-2.0484375,20
0.265,-1.9765624999999998,796
0.265,-1.9046874999999999,10771
0.265,-1.8328124999999997,49137
0.265,-1.7609374999999998,56420
0.265,-1.6890625,54309
0.265,-1.6171875,53642
0.265,-1.5453124999999999,55389
0.265,-1.4734374999999997,54114
0.265,-1.4015624999999998,56913
0.265,-1.3296875,54548
0.265,-1.2578125,54272
0.265,-1.1859374999999999,54352
0.265,-1.1140625,52239
0.265,-1.0421874999999998,49940
0.265,-0.9703124999999999,50950
0.265,-0.8984375,52100
0.265,-0.8265624999999999,48422
0.265,-0.7546875,47662
0.265,-0.6828125,47826
0.265,-0.6109374999999999,45005
0.265,-0.5390625,45015
0.265,-0.46718749999999987,43026
0.265,-0.39531249999999996,42095
0.265,-0.32343750000000004,41654
0.265,-0.2515624999999999,40613
0.265,-0.1796875,40789
0.265,-0.10781250000000009,39757
0.265,-0.03593750000000018,41057
0.265,0.03593750000000018,42559
0.265,0.10781250000000009,40906
0.265,0.1796875,41747
0.265,0.2515624999999999,40690
0.265,0.3234374999999998,40532
0.265,0.3953125000000002,41176
0.265,0.4671875000000001,42058
0.265,0.5390625,43276
0.265,0.6109374999999999,43881
0.265,0.6828124999999998,44690
0.265,0.7546874999999997,43508
0.265,0.8265625000000001,46017
0.265,0.8984375,45923
0.265,0.9703124999999999,48002
0.265,1.0421874999999998,48058
0.265,1.1140624999999997,47939
0.265,1.1859375,48916
0.265,1.2578125,49806
0.265,1.3296875,49761
0.265,1.4015624999999998,52080
0.265,1.4734374999999997,53486
0.265,1.5453125,52349
0.265,1.6171875,54364
0.265,1.6890625,54708
0.265,1.7609374999999998,53045
0.265,1.8328125000000002,49974
0.265,1.9046874999999996,10849
0.265,1.9765625,768
0.265,2.0484374999999995,25
0.265,2.1203125,0
0.265,2.1921875,0
0.265,2.2640624999999996,0
0.275,-2.2640624999999996,0
0.275,-2.1921874999999997,0
0.275,-2.1203125,0
0.275,-2.0484375,0
0.275,-1.9765624999999998,158
0.275,-1.9046874999999999,1993
0.275,-1.8328124999999997,25881
0.275,-1.7609374999999998,59006
0.275,-1.6890625,56733
0.275,-1.6171875,56998
0.275,-1.5453124999999999,58161
0.275,-1.4734374999999997,57113
0.275,-1.4015624999999998,60198
0.275,-1.3296875,56595
0.275,-1.2578125,57290
0.275,-1.1859374999999999,57008
0.275,-1.1140625,54930
0.275,-1.0421874999999998,53017
0.275,-0.9703124999999999,53373
0.275,-0.8984375,54072
0.275,-0.8265624999999999,51021
0.275,-0.7546875,49822
0.275,-0.6828125,50292
0.275,-0.6109374999999999,47722
0.275,-0.5390625,46271
0.275,-0.46718749999999987,45592
0.275,-0.39531249999999996,43958
0.275,-0.32343750000000004,43809
0.275,-0.2515624999999999,43058
0.275,-0.1796875,42892
0.275,-0.10781250000000009,42233
0.275,-0.03593750000000018,43778
0.275,0.03593750000000018,44823
0.275,0.10781250000000009,43547
0.275,0.1796875,43501
0.275,0.2515624999999999,43625
0.275,0.3234374999999998,42754
0.275,0.3953125000000002,43289
0.275,0.4671875000000001,45227
0.275,0.5390625,45796
0.275,0.6109374999999999,45906
0.275,0.6828124999999998,47431
0.275,0.7546874999999997,46035
0.275,0.8265625000000001,48011
0.275,0.8984375,48347
0.275,0.9703124999999999,49238
0.275,1.0421874999999998,49887
0.275,1.1140624999999997,51708
0.275,1.1859375,51726
0.275,1.2578125,51792
0.275,1.3296875,53688
0.275,1.4015624999999998,54104
0.275,1.4734374999999997,55388
0.275,1.5453125,55413
0.275,1.6171875,56799
0.275,1.6890625,58392
0.275,1.7609374999999998,54979
0.275,1.8328125000000002,25859
0.275,1.9046874999999996,1989
0.275,1.9765625,152
0.275,2.0484374999999995,0
0.275,2.1203125,0
0.275,2.1921875,0
0.275,2.2640624999999996,0
0.285,-2.2640624999999996,0
0.285,-2.1921874999999997,0
0.285,-2.1203125,0
0.285,-2.0484375,0
0.285,-1.9765624999999998,6
0.285,-1.9046874999999999,435
0.285,-1.8328124999999997,4825
0.285,-1.7609374999999998,46154
0.285,-1.6890625,59969
0.285,-1.6171875,59109
0.285,-1.5453124999999999,61157
0.285,-1.4734374999999997,60935
0.285,-1.4015624999999998,62995
0.285,-1.3296875,59838
0.285,-1.2578125,59830
0.285,-1.1859374999999999,60364
0.285,-1.1140625,57032
0.285,-1.0421874999999998,56586
0.285,-0.9703124999999999,55831
0.285,-0.8984375,55828
0.285,-0.8265624999999999,53469
0.285,-0.7546875,52141
0.285,-0.6828125,51913
0.285,-0.6109374999999999,50192
0.285,-0.5390625,48462
0.285,-0.46718749999999987,47227
0.285,-0.39531249999999996,45688
0.285,-0.32343750000000004,45969
0.285,-0.2515624999999999,45214
0.285,-0.1796875,45885
0.285,-0.10781250000000009,44779
0.285,-0.03593750000000018,45143
0.285,0.03593750000000018,47015
0.285,0.10781250000000009,46082
0.285,0.1796875,46141
0.285,0.2515624999999999,45434
0.285,0.3234374999999998,44910
0.285,0.3953125000000002,45425
0.285,0.4671875000000001,48344
0.285,0.5390625,47132
0.285,0.6109374999999999,47591
0.285,0.6828124999999998,49706
0.285,0.7546874999999997,48297
0.285,0.8265625000000001,50529
0.285,0.8984375,50583
0.285,0.9703124999999999,51900
0.285,1.0421874999999998,52417
0.285,1.1140624999999997,53355
0.285,1.1859375,53973
0.285,1.2578125,55087
0.285,1.3296875,55916
0.285,1.4015624999999998,56124
0.285,1.4734374999999997,58259
0.285,1.5453125,57864
0.285,1.6171875,59758
0.285,1.6890625,60393
0.285,1.7609374999999998,43847
0.285,1.8328125000000002,4963
0.285,1.9046874999999996,541
0.285,1.9765625,3
0.285,2.0484374999999995,0
0.285,2.1203125,0
0.285,2.1921875,0
0.285,2.2640624999999996,0
0.295,-2.2640624999999996,0
0.295,-2.1921874999999997,0
0.295,-2.1203125,0
0.295,-2.0484375,0
0.295,-1.9765624999999998,0
0.295,-1.9046874999999999,55
0.295,-1.8328124999999997,967
0.295,-1.7609374999999998,14744
0.295,-1.6890625,58670
0.295,-1.6171875,63021
0.295,-1.5453124999999999,63389
0.295,-1.4734374999999997,64975
0.295,-1.4015624999999998,65337
0.295,-1.3296875,63697
0.295,-1.2578125,62068
0.295,-1.1859374999999999,62783
0.295,-1.1140625,60359
0.295,-1.0421874999999998,58795
0.295,-0.9703124999999999,58555
0.295,-0.8984375,58286
0.295,-0.8265624999999999,56448
0.295,-0.7546875,54056
0.295,-0.6828125,54510
0.295,-0.6109374999999999,52802
0.295,-0.5390625,50756
0.295,-0.46718749999999987,48929
0.295,-0.39531249999999996,48159
0.295,-0.32343750000000004,48279
0.295,-0.2515624999999999,47670
0.295,-0.1796875,48846
0.295,-0.10781250000000009,46728
0.295,-0.03593750000000018,46624
0.295,0.03593750000000018,48443
0.295,0.10781250000000009,48254
0.295,0.1796875,47800
0.295,0.2515624999999999,47212
0.295,0.3234374999999998,46653
0.295,0.3953125000000002,47682
0.295,0.4671875000000001,50106
0.295,0.5390625,49019
0.295,0.6109374999999999,50327
0.295,0.6828124999999998,51547
0.295,0.7546874999999997,51907
0.295,0.8265625000000001,52397
0.295,0.8984375,53559
0.295,0.9703124999999999,54223
0.295,1.0421874999999998,54565
0.295,1.1140624999999997,56102
0.295,1.1859375,57406
0.295,1.2578125,58164
0.295,1.3296875,58591
0.295,1.4015624999999998,59291
0.295,1.4734374999999997,61667
0.295,1.5453125,60840
0.295,1.6171875,62510
0.295,1.6890625,59608
0.295,1.7609374999999998,13316
0.295,1.8328125000000002,1142
0.295,1.9046874999999996,74
0.295,1.9765625,0
0.295,2.0484374999999995,0
0.295,2.1203125,0
0.295,2.1921875,0
0.295,2.2640624999999996,0
0.305,-2.2640624999999996,0
0.305,-2.1921874999999997,0
0.305,-2.1203125,0
0.305,-2.0484375,0
0.305,-1.9765624999999998,0
0.305,-1.9046874999999999,0
0.305,-1.8328124999999997,192
0.305,-1.7609374999999998,2507
0.305,-1.6890625,31885
0.305,-1.6171875,66138
0.305,-1.5453124999999999,67604
0.305,-1.4734374999999997,69472
0.305,-1.4015624999999998,67600
0.305,-1.3296875,66557
0.305,-1.2578125,65716
0.305,-1.1859374999999999,65153
0.305,-1.1140625,63635
0.305,-1.0421874999999998,62281
0.305,-0.9703124999999999,61377
0.305,-0.8984375,60818
0.305,-0.8265624999999999,58783
0.305,-0.7546875,57372
0.305,-0.6828125,57426
0.305,-0.6109374999999999,55883
0.305,-0.5390625,53610
0.305,-0.46718749999999987,51662
0.305,-0.39531249999999996,50877
0.305,-0.32343750000000004,50543
0.305,-0.2515624999999999,50372
0.305,-0.1796875,50942
0.305,-0.10781250000000009,49046
0.305,-0.03593750000000018,48581
0.305,0.03593750000000018,52007
0.305,0.10781250000000009,50667
0.305,0.1796875,49932
0.305,0.2515624999999999,49371
0.305,0.3234374999999998,48190
0.305,0.3953125000000002,49964
0.305,0.4671875000000001,52324
0.305,0.5390625,51835
0.305,0.6109374999999999,52847
0.305,0.6828124999999998,54016
0.305,0.7546874999999997,53832
0.305,0.8265625000000001,55340
0.305,0.8984375,56461
0.305,0.9703124999999999,57287
0.305,1.0421874999999998,56985
0.305,1.1140624999999997,59247
0.305,1.1859375,61032
0.305,1.2578125,61100
0.305,1.3296875,61613
0.305,1.4015624999999998,62123
0.305,1.4734374999999997,64749
0.305,1.5453125,65469
0.305,1.6171875,66351
0.305,1.6890625,32952
0.305,1.7609374999999998,2413
0.305,1.8328125000000002,222
0.305,1.9046874999999996,0
0.305,1.9765625,0
0.305,2.0484374999999995,0
0.305,2.1203125,0
0.305,2.1921875,0
0.305,2.2640624999999996,0
0.315,-2.2640624999999996,0
0.315,-2.1921874999999997,0
0.315,-2.1203125,0
0.315,-2.0484375,0
0.315,-1.9765624999999998,0
0.315,-1.9046874999999999,0
0.315,-1.8328124999999997,7
0.315,-1.7609374999999998,651
0.315,-1.6890625,6033
0.315,-1.6171875,54894
0.315,-1.5453124999999999,71724
0.315,-1.4734374999999997,71425
0.315,-1.4015624999999998,71029
0.315,-1.3296875,70002
0.315,-1.2578125,69020
0.315,-1.1859374999999999,68392
0.315,-1.1140625,65906
0.315,-1.0421874999999998,65284
0.315,-0.9703124999999999,63838
0.315,-0.8984375,63944
0.315,-0.8265624999999999,62742
0.315,-0.7546875,60402
0.315,-0.6828125,60306
0.315,-0.6109374999999999,59544
0.315,-0.5390625,56456
0.315,-0.46718749999999987,53516
0.315,-0.39531249999999996,53544
0.315,-0.32343750000000004,51737
0.315,-0.2515624999999999,52672
0.315,-0.1796875,53238
0.315,-0.10781250000000009,51240
0.315,-0.03593750000000018,51216
0.315,0.03593750000000018,54363
0.315,0.10781250000000009,52683
0.315,0.1796875,52573
0.315,0.2515624999999999,50909
0.315,0.3234374999999998,50150
0.315,0.3953125000000002,51978
0.315,0.4671875000000001,54352
0.315,0.5390625,54111
0.315,0.6109374999999999,55474
0.315,0.6828124999999998,56540
0.315,0.7546874999999997,56536
0.315,0.8265625000000001,58791
0.315,0.8984375,59461
0.315,0.9703124999999999,61148
0.315,1.0421874999999998,59754
0.315,1.1140624999999997,61776
0.315,1.1859375,64163
0.315,1.2578125,64848
0.315,1.3296875,64488
0.315,1.4015624999999998,64987
0.315,1.4734374999999997,68112
0.315,1.5453125,68788
0.315,1.6171875,55310
0.315,1.6890625,6408
0.315,1.7609374999999998,689
0.315,1.8328125000000002,19
0.315,1.9046874999999996,0
0.315,1.9765625,0
0.315,2.0484374999999995,0
0.315,2.1203125,0
0.315,2.1921875,0
0.315,2.2640624999999996,0
0.325,-2.2640624999999996,0
0.325,-2.1921874999999997,0
0.325,-2.1203125,0
0.325,-2.0484375,0
0.325,-1.9765624999999998,0
0.325,-1.9046874999999999,0
0.325,-1.8328124999999997,0
0.325,-1.7609374999999998,120
0.325,-1.6890625,1303
0.325,-1.6171875,19766
0.325,-1.5453124999999999,73793
0.325,-1.4734374999999997,75056
0.325,-1.4015624999999998,74204
0.325,-1.3296875,72689
0.325,-1.2578125,72135
0.325,-1.1859374999999999,71465
0.325,-1.1140625,69353
0.325,-1.0421874999999998,68991
0.325,-0.9703124999999999,67389
0.325,-0.8984375,66495
0.325,-0.8265624999999999,65636
0.325,-0.7546875,63269
0.325,-0.6828125,62679
0.325,-0.6109374999999999,62448
0.325,-0.5390625,58938
0.325,-0.46718749999999987,56386
0.325,-0.39531249999999996,55906
0.325,-0.32343750000000004,54119
0.325,-0.2515624999999999,55869
0.325,-0.1796875,55734
0.325,-0.10781250000000009,53481
0.325,-0.03593750000000018,53065
0.325,0.03593750000000018,56332
0.325,0.10781250000000009,55233
0.325,0.1796875,55107
0.325,0.2515624999999999,53402
0.325,0.3234374999999998,53572
0.325,0.3953125000000002,54939
0.325,0.4671875000000001,56154
0.325,0.5390625,56802
0.325,0.6109374999999999,57880
0.325,0.6828124999999998,57853
0.325,0.7546874999999997,59704
0.325,0.8265625000000001,61677
0.325,0.8984375,62317
0.325,0.9703124999999999,63939
0.325,1.0421874999999998,64272
0.325,1.1140624999999997,65235
0.325,1.1859375,69044
0.325,1.2578125,69018
0.325,1.3296875,68357
0.325,1.4015624999999998,67863
0.325,1.4734374999999997,71422
0.325,1.5453125,69597
0.325,1.6171875,19625
0.325,1.6890625,1477
0.325,1.7609374999999998,95
0.325,1.8328125000000002,0
0.325,1.9046874999999996,0
0.325,1.9765625,0
0.325,2.0484374999999995,0
0.325,2.1203125,0
0.325,2.1921875,0
0.325,2.2640624999999996,0
0.335,-2.2640624999999996,0
0.335,-2.1921874999999997,0
0.335,-2.1203125,0
0.335,-2.0484375,0
0.335,-1.9765624999999998,0
0.335,-1.9046874999999999,0
0.335,-1.8328124999999997,0
0.335,-1.7609374999999998,0
0.335,-1.6890625,297
0.335,-1.6171875,3589
0.335,-1.5453124999999999,46074
0.335,-1.4734374999999997,79014
0.335,-1.4015624999999998,78493
0.335,-1.3296875,75333
0.335,-1.2578125,74436
0.335,-1.1859374999999999,74939
0.335,-1.1140625,73461
0.335,-1.0421874999999998,72863
0.335,-0.9703124999999999,70399
0.335,-0.8984375,69767
0.335,-0.8265624999999999,68249
0.335,-0.7546875,66334
0.335,-0.6828125,65487
0.335,-0.6109374999999999,64270
0.335,-0.5390625,61028
0.335,-0.46718749999999987,58801
0.335,-0.39531249999999996,58270
0.335,-0.32343750000000004,57113
0.335,-0.2515624999999999,58275
0.335,-0.1796875,57764
0.335,-0.10781250000000009,56106
0.335,-0.03593750000000018,56240
0.335,0.03593750000000018,58970
0.335,0.10781250000000009,57938
0.335,0.1796875,57514
0.335,0.2515624999999999,55368
0.335,0.3234374999999998,56878
0.335,0.3953125000000002,58313
0.335,0.4671875000000001,58887
0.335,0.5390625,58657
0.335,0.6109374999999999,60594
0.335,0.6828124999999998,61511
0.335,0.7546874999999997,62539
0.335,0.8265625000000001,65391
0.335,0.8984375,65123
0.335,0.9703124999999999,66625
0.335,1.0421874999999998,67642
0.335,1.1140624999999997,69050
0.335,1.1859375,71676
0.335,1.2578125,71892
0.335,1.3296875,71366
0.335,1.4015624999999998,71224
0.335,1.4734374999999997,74734
0.335,1.5453125,43134
0.335,1.6171875,3364
0.335,1.6890625,364
0.335,1.7609374999999998,0
0.335,1.8328125000000002,0
0.335,1.9046874999999996,0
0.335,1.9765625,0
0.335,2.0484374999999995,0
0.335,2.1203125,0
0.335,2.1921875,0
0.335,2.2640624999999996,0
0.345,-2.2640624999999996,0
0.345,-2.1921874999999997,0
0.345,-2.1203125,0
0.345,-2.0484375,0
0.345,-1.9765624999999998,0
0.345,-1.9046874999999999,0
0.345,-1.8328124999999997,0
0.345,-1.7609374999999998,0
0.345,-1.6890625,13
0.345,-1.6171875,934
0.345,-1.5453124999999999,11225
0.345,-1.4734374999999997,72668
0.345,-1.4015624999999998,82066
0.345,-1.3296875,78918
0.345,-1.2578125,78541
0.345,-1.1859374999999999,79815
0.345,-1.1140625,77997
0.345,-1.0421874999999998,76392
0.345,-0.9703124999999999,74194
0.345,-0.8984375,73219
0.345,-0.8265624999999999,71699
0.345,-0.7546875,68929
0.345,-0.6828125,68903
0.345,-0.6109374999999999,67206
0.345,-0.5390625,64953
0.345,-0.46718749999999987,62203
0.345,-0.39531249999999996,61026
0.345,-0.32343750000000004,60755
0.345,-0.2515624999999999,60669
0.345,-0.1796875,60636
0.345,-0.10781250000000009,58575
0.345,-0.03593750000000018,59625
0.345,0.03593750000000018,61309
0.345,0.10781250000000009,60838
0.345,0.1796875,59921
0.345,0.2515624999999999,57703
0.345,0.3234374999999998,58669
0.345,0.3953125000000002,60983
0.345,0.4671875000000001,62429
0.345,0.5390625,62200
0.345,0.6109374999999999,63089
0.345,0.6828124999999998,65390
0.345,0.7546874999999997,66258
0.345,0.8265625000000001,68123
0.345,0.8984375,67324
0.345,0.9703124999999999,69713
0.345,1.0421874999999998,71883
0.345,1.1140624999999997,73713
0.345,1.1859375,74868
0.345,1.2578125,75825
0.345,1.3296875,75154
0.345,1.4015624999999998,75551
0.345,1.4734374999999997,68106
0.345,1.5453125,10284
0.345,1.6171875,881
0.345,1.6890625,31
0.345,1.7609374999999998,0
0.345,1.8328125000000002,0
0.345,1.9046874999999996,0
0.345,1.9765625,0
0.345,2.0484374999999995,0
0.345,2.1203125,0
0.345,2.1921875,0
0.345,2.2640624999999996,0
0.355,-2.2640624999999996,0
0.355,-2.1921874999999997,0
0.355,-2.1203125,0
0.355,-2.0484375,0
0.355,-1.9765624999999998,0
0.355,-1.9046874999999999,0
0.355,-1.8328124999999997,0
0.355,-1.7609374999999998,0
0.355,-1.6890625,0
0.355,-1.6171875,141
0.355,-1.5453124999999999,2238
0.355,-1.4734374999999997,36418
0.355,-1.4015624999999998,85230
0.355,-1.3296875,82429
0.355,-1.2578125,82166
0.355,-1.1859374999999999,83614
0.355,-1.1140625,81376
0.355,-1.0421874999999998,79805
0.355,-0.9703124999999999,77742
0.355,-0.8984375,76283
0.355,-0.8265624999999999,75477
0.355,-0.7546875,72755
0.355,-0.6828125,71772
0.355,-0.6109374999999999,71334
0.355,-0.5390625,67843
0.355,-0.46718749999999987,65879
0.355,-0.39531249999999996,65167
0.355,-0.32343750000000004,63905
0.355,-0.2515624999999999,64060
0.355,-0.1796875,63871
0.355,-0.10781250000000009,61278
0.355,-0.03593750000000018,62195
0.355,0.03593750000000018,65230
0.355,0.10781250000000009,64074
0.355,0.1796875,62367
0.355,0.2515624999999999,60727
0.355,0.3234374999999998,62708
0.355,0.3953125000000002,63163
0.355,0.4671875000000001,64510
0.355,0.5390625,64269
0.355,0.6109374999999999,65607
0.355,0.6828124999999998,68332
0.355,0.7546874999999997,69004
0.355,0.8265625000000001,70822
0.355,0.8984375,70359
0.355,0.9703124999999999,73817
0.355,1.0421874999999998,75803
0.355,1.1140624999999997,77664
0.355,1.1859375,78706
0.355,1.2578125,79585
0.355,1.3296875,78405
0.355,1.4015624999999998,79109
0.355,1.4734374999999997,33526
0.355,1.5453125,2060
0.355,1.6171875,130
0.355,1.6890625,0
0.355,1.7609374999999998,0
0.355,1.8328125000000002,0
0.355,1.9046874999999996,0
0.355,1.9765625,0
0.355,2.0484374999999995,0
0.355,2.1203125,0
0.355,2.1921875,0
0.355,2.2640624999999996,0
0.365,-2.2640624999999996,0
0.365,-2.1921874999999997,0
0.365,-2.1203125,0
0.365,-2.0484375,0
0.365,-1.9765624999999998,0
0.365,-1.9046874999999999,0
0.365,-1.8328124999999997,0
0.365,-1.7609374999999998,0
0.365,-1.6890625,0
0.365,-1.6171875,1
0.365,-1.5453124999999999,540
0.365,-1.4734374999999997,7376
0.365,-1.4015624999999998,71279
0.365,-1.3296875,88097
0.365,-1.2578125,86938
0.365,-1.1859374999999999,86759
0.365,-1.1140625,85564
0.365,-1.0421874999999998,84625
0.365,-0.9703124999999999,82363
0.365,-0.8984375,79155
0.365,-0.8265624999999999,79358
0.365,-0.7546875,77001
0.365,-0.6828125,76280
0.365,-0.6109374999999999,74863
0.365,-0.5390625,71221
0.365,-0.46718749999999987,69334
0.365,-0.39531249999999996,68422
0.365,-0.32343750000000004,67740
0.365,-0.2515624999999999,67353
0.365,-0.1796875,67162
0.365,-0.10781250000000009,64786
0.365,-0.03593750000000018,65557
0.365,0.03593750000000018,67842
0.365,0.10781250000000009,67185
0.365,0.1796875,65028
0.365,0.2515624999999999,63696
0.365,0.3234374999999998,65754
0.365,0.3953125000000002,66296
0.365,0.4671875000000001,68402
0.365,0.5390625,68358
0.365,0.6109374999999999,69367
0.365,0.6828124999999998,72301
0.365,0.7546874999999997,72740
0.365,0.8265625000000001,75156
0.365,0.8984375,74530
0.365,0.9703124999999999,77748
0.365,1.0421874999999998,79540
0.365,1.1140624999999997,81263
0.365,1.1859375,83648
0.365,1.2578125,82858
0.365,1.3296875,82036
0.365,1.4015624999999998,65023
0.365,1.4734374999999997,6949
0.365,1.5453125,542
0.365,1.6171875,4
0.365,1.6890625,0
0.365,1.7609374999999998,0
0.365,1.8328125000000002,0
0.365,1.9046874999999996,0
0.365,1.9765625,0
0.365,2.0484374999999995,0
0.365,2.1203125,0
0.365,2.1921875,0
0.365,2.2640624999999996,0
0.375,-2.2640624999999996,0
0.375,-2.1921874999999997,0
0.375,-2.1203125,0
0.375,-2.0484375,0
0.375,-1.9765624999999998,0
0.375,-1.9046874999999999,0
0.375,-1.8328124999999997,0
0.375,-1.7609374999999998,0
0.375,-1.6890625,0
0.375,-1.6171875,0
0.375,-1.5453124999999999,48
0.375,-1.4734374999999997,1585
0.375,-1.4015624999999998,30589
0.375,-1.3296875,91390
0.375,-1.2578125,92040
0.375,-1.1859374999999999,90659
0.375,-1.1140625,90301
0.375,-1.0421874999999998,89383
0.375,-0.9703124999999999,86341
0.375,-0.8984375,83549
0.375,-0.8265624999999999,83642
0.375,-0.7546875,80549
0.375,-0.6828125,78467
0.375,-0.6109374999999999,77359
0.375,-0.5390625,73918
0.375,-0.46718749999999987,72213
0.375,-0.39531249999999996,72753
0.375,-0.32343750000000004,71775
0.375,-0.2515624999999999,70160
0.375,-0.1796875,69601
0.375,-0.10781250000000009,68858
0.375,-0.03593750000000018,68982
0.375,0.03593750000000018,70479
0.375,0.10781250000000009,70645
0.375,0.1796875,68011
0.375,0.2515624999999999,67457
0.375,0.3234374999999998,68542
0.375,0.3953125000000002,68403
0.375,0.4671875000000001,71806
0.375,0.5390625,71824
0.375,0.6109374999999999,73926
0.375,0.6828124999999998,76852
0.375,0.7546874999999997,76363
0.375,0.8265625000000001,78323
0.375,0.8984375,78731
0.375,0.9703124999999999,81357
0.375,1.0421874999999998,83764
0.375,1.1140624999999997,85365
0.375,1.1859375,88745
0.375,1.2578125,86461
0.375,1.3296875,85443
0.375,1.4015624999999998,27260
0.375,1.4734374999999997,1637
0.375,1.5453125,52
0.375,1.6171875,0
0.375,1.6890625,0
0.375,1.7609374999999998,0
0.375,1.8328125000000002,0
0.375,1.9046874999999996,0
0.375,1.9765625,0
0.375,2.0484374999999995,0
0.375,2.1203125,0
0.375,2.1921875,0
0.375,2.2640624999999996,0
0.385,-2.2640624999999996,0
0.385,-2.1921874999999997,0
0.385,-2.1203125,0
0.385,-2.0484375,0
0.385,-1.9765624999999998,0
0.385,-1.9046874999999999,0
0.385,-1.8328124999999997,0
0.385,-1.7609374999999998,0
0.385,-1.6890625,0
0.385,-1.6171875,0
0.385,-1.5453124999999999,0
0.385,-1.4734374999999997,391
0.385,-1.4015624999999998,6095
0.385,-1.3296875,71195
0.385,-1.2578125,97367
0.385,-1.1859374999999999,96099
0.385,-1.1140625,94967
0.385,-1.0421874999999998,93465
0.385,-0.9703124999999999,90659
0.385,-0.8984375,87249
0.385,-0.8265624999999999,87614
0.385,-0.7546875,83870
0.385,-0.6828125,82266
0.385,-0.6109374999999999,81329
0.385,-0.5390625,78239
0.385,-0.46718749999999987,75836
0.385,-0.39531249999999996,75566
0.385,-0.32343750000000004,76144
0.385,-0.2515624999999999,73693
0.385,-0.1796875,73609
0.385,-0.10781250000000009,72420
0.385,-0.03593750000000018,73044
0.385,0.03593750000000018,74031
0.385,0.10781250000000009,74175
0.385,0.1796875,71765
0.385,0.2515624999999999,71366
0.385,0.3234374999999998,71550
0.385,0.3953125000000002,72303
0.385,0.4671875000000001,75448
0.385,0.5390625,75691
0.385,0.6109374999999999,78049
0.385,0.6828124999999998,80313
0.385,0.7546874999999997,79866
0.385,0.8265625000000001,82302
0.385,0.8984375,82480
0.385,0.9703124999999999,85249
0.385,1.0421874999999998,88053
0.385,1.1140624999999997,89900
0.385,1.1859375,92797
0.385,1.2578125,89168
0.385,1.3296875,66899
0.385,1.4015624999999998,5330
0.385,1.4734374999999997,325
0.385,1.5453125,0
0.385,1.6171875,0
0.385,1.6890625,0
0.385,1.7609374999999998,0
0.385,1.8328125000000002,0
0.385,1.9046874999999996,0
0.385,1.9765625,0
0.385,2.0484374999999995,0
0.385,2.1203125,0
0.385,2.1921875,0
0.385,2.2640624999999996,0
0.395,-2.2640624999999996,0
0.395,-2.1921874999999997,0
0.395,-2.1203125,0
0.395,-2.0484375,0
0.395,-1.9765624999999998,0
0.395,-1.9046874999999999,0
0.395,-1.8328124999999997,0
0.395,-1.7609374999999998,0
0.395,-1.6890625,0
0.395,-1.6171875,0
0.395,-1.5453124999999999,0
0.395,-1.4734374999999997,29
0.395,-1.4015624999999998,1376
0.395,-1.3296875,28789
0.395,-1.2578125,100788
0.395,-1.1859374999999999,100642
0.395,-1.1140625,99409
0.395,-1.0421874999999998,98233
0.395,-0.9703124999999999,95827
0.395,-0.8984375,92346
0.395,-0.8265624999999999,91836
0.395,-0.7546875,88468
0.395,-0.6828125,86023
0.395,-0.6109374999999999,84266
0.395,-0.5390625,82184
0.395,-0.46718749999999987,79491
0.395,-0.39531249999999996,78927
0.395,-0.32343750000000004,79184
0.395,-0.2515624999999999,77648
0.395,-0.1796875,77319
0.395,-0.10781250000000009,75340
0.395,-0.03593750000000018,77234
0.395,0.03593750000000018,76853
0.395,0.10781250000000009,78240
0.395,0.1796875,75783
0.395,0.2515624999999999,75132
0.395,0.3234374999999998,74554
0.395,0.3953125000000002,76827
0.395,0.4671875000000001,80344
0.395,0.5390625,79127
0.395,0.6109374999999999,81532
0.395,0.6828124999999998,83810
0.395,0.7546874999999997,84677
0.395,0.8265625000000001,86993
0.395,0.8984375,87490
0.395,0.9703124999999999,89520
0.395,1.0421874999999998,92379
0.395,1.1140624999999997,95755
0.395,1.1859375,98221
0.395,1.2578125,91713
0.395,1.3296875,27341
0.395,1.4015624999999998,1368
0.395,1.4734374999999997,27
0.395,1.5453125,0
0.395,1.6171875,0
0.395,1.6890625,0
0.395,1.7609374999999998,0
0.395,1.8328125000000002,0
0.395,1.9046874999999996,0
0.395,1.9765625,0
0.395,2.0484374999999995,0
0.395,2.1203125,0
0.395,2.1921875,0
0.395,2.2640624999999996,0
0.405,-2.2640624999999996,0
0.405,-2.1921874999999997,0
0.405,-2.1203125,0
0.405,-2.0484375,0
0.405,-1.9765624999999998,0
0.405,-1.9046874999999999,0
0.405,-1.8328124999999997,0
0.405,-1.7609374999999998,0
0.405,-1.6890625,0
0.405,-1.6171875,0
0.405,-1.5453124999999999,0
0.405,-1.4734374999999997,0
0.405,-1.4015624999999998,218
0.405,-1.3296875,6017
0.405,-1.2578125,80748
0.405,-1.1859374999999999,106924
0.405,-1.1140625,105104
0.405,-1.0421874999999998,103104
0.405,-0.9703124999999999,101656
0.405,-0.8984375,96888
0.405,-0.8265624999999999,96785
0.405,-0.7546875,94588
0.405,-0.6828125,90873
0.405,-0.6109374999999999,88764
0.405,-0.5390625,85871
0.405,-0.46718749999999987,83449
0.405,-0.39531249999999996,83407
0.405,-0.32343750000000004,82786
0.405,-0.2515624999999999,82630
0.405,-0.1796875,81199
0.405,-0.10781250000000009,79405
0.405,-0.03593750000000018,80460
0.405,0.03593750000000018,80054
0.405,0.10781250000000009,81035
0.405,0.1796875,79301
0.405,0.2515624999999999,78138
0.405,0.3234374999999998,78029
0.405,0.3953125000000002,80602
0.405,0.4671875000000001,83576
0.405,0.5390625,83062
0.405,0.6109374999999999,85540
0.405,0.6828124999999998,87867
0.405,0.7546874999999997,89830
0.405,0.8265625000000001,91302
0.405,0.8984375,91865
0.405,0.9703124999999999,94705
0.405,1.0421874999999998,97056
0.405,1.1140624999999997,100586
0.405,1.1859375,102561
0.405,1.2578125,73106
0.405,1.3296875,5625
0.405,1.4015624999999998,271
0.405,1.4734374999999997,0
0.405,1.5453125,0
0.405,1.6171875,0
0.405,1.6890625,0
0.405,1.7609374999999998,0
0.405,1.8328125000000002,0
0.405,1.9046874999999996,0
0.405,1.9765625,0
0.405,2.0484374999999995,0
0.405,2.1203125,0
0.405,2.1921875,0
0.405,2.2640624999999996,0
0.415,-2.2640624999999996,0
0.415,-2.1921874999999997,0
0.415,-2.1203125,0
0.415,-2.0484375,0
0.415,-1.9765624999999998,0
0.415,-1.9046874999999999,0
0.415,-1.8328124999999997,0
0.415,-1.7609374999999998,0
0.415,-1.6890625,0
0.415,-1.6171875,0
0.415,-1.5453124999999999,0
0.415,-1.4734374999999997,0
0.415,-1.4015624999999998,4
0.415,-1.3296875,1278
0.415,-1.2578125,37797
0.415,-1.1859374999999999,110028
0.415,-1.1140625,110032
0.415,-1.0421874999999998,107510
0.415,-0.9703124999999999,105694
0.415,-0.8984375,102198
0.415,-0.8265624999999999,101011
0.415,-0.7546875,98902
0.415,-0.6828125,96063
0.415,-0.6109374999999999,93237
0.415,-0.5390625,89154
0.415,-0.46718749999999987,86554
0.415,-0.39531249999999996,88521
0.415,-0.32343750000000004,87122
0.415,-0.2515624999999999,86415
0.415,-0.1796875,85212
0.415,-0.10781250000000009,84082
0.415,-0.03593750000000018,83935
0.415,0.03593750000000018,83640
0.415,0.10781250000000009,84680
0.415,0.1796875,83918
0.415,0.2515624999999999,82760
0.415,0.3234374999999998,83488
0.415,0.3953125000000002,85210
0.415,0.4671875000000001,87511
0.415,0.5390625,87812
0.415,0.6109374999999999,89812
0.415,0.6828124999999998,92115
0.415,0.7546874999999997,94478
0.415,0.8265625000000001,95093
0.415,0.8984375,96393
0.415,0.9703124999999999,99502
0.415,1.0421874999999998,101517
0.415,1.1140624999999997,106076
0.415,1.1859375,107500
0.415,1.2578125,33836
0.415,1.3296875,1335
0.415,1.4015624999999998,8
0.415,1.4734374999999997,0
0.415,1.5453125,0
0.415,1.6171875,0
0.415,1.6890625,0
0.415,1.7609374999999998,0
0.415,1.8328125000000002,0
0.415,1.9046874999999996,0
0.415,1.9765625,0
0.415,2.0484374999999995,0
0.415,2.1203125,0
0.415,2.1921875,0
0.415,2.2640624999999996,0
0.425,-2.2640624999999996,0
0.425,-2.1921874999999997,0
0.425,-2.1203125,0
0.425,-2.0484375,0
0.425,-1.9765624999999998,0
0.425,-1.9046874999999999,0
0.425,-1.8328124999999997,0
0.425,-1.7609374999999998,0
0.425,-1.6890625,0
0.425,-1.6171875,0
0.425,-1.5453124999999999,0
0.425,-1.4734374999999997,0
0.425,-1.4015624999999998,0
0.425,-1.3296875,212
0.425,-1.2578125,8171
0.425,-1.1859374999999999,92405
0.425,-1.1140625,114202
0.425,-1.0421874999999998,113161
0.425,-0.9703124999999999,109889
0.425,-0.8984375,106826
0.425,-0.8265624999999999,105899
0.425,-0.7546875,102809
0.425,-0.6828125,100873
0.425,-0.6109374999999999,97902
0.425,-0.5390625,93915
0.425,-0.46718749999999987,91243
0.425,-0.39531249999999996,92378
0.425,-0.32343750000000004,90966
0.425,-0.2515624999999999,91928
0.425,-0.1796875,88219
0.425,-0.10781250000000009,88547
0.425,-0.03593750000000018,87735
0.425,0.03593750000000018,87312
0.425,0.10781250000000009,87359
0.425,0.1796875,87777
0.425,0.2515624999999999,86666
0.425,0.3234374999999998,87309
0.425,0.3953125000000002,89639
0.425,0.4671875000000001,91213
0.425,0.5390625,92388
0.425,0.6109374999999999,94156
0.425,0.6828124999999998,96311
0.425,0.7546874999999997,99153
0.425,0.8265625000000001,99914
0.425,0.8984375,101224
0.425,0.9703124999999999,103960
0.425,1.0421874999999998,106056
0.425,1.1140624999999997,111001
0.425,1.1859375,92444
0.425,1.2578125,7300
0.425,1.3296875,275
0.425,1.4015624999999998,0
0.425,1.4734374999999997,0
0.425,1.5453125,0
0.425,1.6171875,0
0.425,1.6890625,0
0.425,1.7609374999999998,0
0.425,1.8328125000000002,0
0.425,1.9046874999999996,0
0.425,1.9765625,0
0.425,2.0484374999999995,0
0.425,2.1203125,0
0.425,2.1921875,0
0.425,2.2640624999999996,0
0.435,-2.2640624999999996,0
0.435,-2.1921874999999997,0
0.435,-2.1203125,0
0.435,-2.0484375,0
0.435,-1.9765624999999998,0
0.435,-1.9046874999999999,0
0.435,-1.8328124999999997,0
0.435,-1.7609374999999998,0
0.435,-1.6890625,0
0.435,-1.6171875,0
0.435,-1.5453124999999999,0
0.435,-1.4734374999999997,0
0.435,-1.4015624999999998,0
0.435,-1.3296875,12
0.435,-1.2578125,1848
0.435,-1.1859374999999999,49515
0.435,-1.1140625,118411
0.435,-1.0421874999999998,119284
0.435,-0.9703124999999999,115948
0.435,-0.8984375,111909
0.435,-0.8265624999999999,111091
0.435,-0.7546875,109011
0.435,-0.6828125,106352
0.435,-0.6109374999999999,103047
0.435,-0.5390625,99852
0.435,-0.46718749999999987,96379
0.435,-0.39531249999999996,96201
0.435,-0.32343750000000004,95345
0.435,-0.2515624999999999,96255
0.435,-0.1796875,93695
0.435,-0.10781250000000009,92359
0.435,-0.03593750000000018,92053
0.435,0.03593750000000018,92048
0.435,0.10781250000000009,91887
0.435,0.1796875,92232
0.435,0.2515624999999999,91338
0.435,0.3234374999999998,92555
0.435,0.3953125000000002,94007
0.435,0.4671875000000001,96364
0.435,0.5390625,97139
0.435,0.6109374999999999,98636
0.435,0.6828124999999998,100537
0.435,0.7546874999999997,103147
0.435,0.8265625000000001,103425
0.435,0.8984375,105947
0.435,0.9703124999999999,108188
0.435,1.0421874999999998,112307
0.435,1.1140624999999997,117003
0.435,1.1859375,49773
0.435,1.2578125,1793
0.435,1.3296875,17
0.435,1.4015624999999998,0
0.435,1.4734374999999997,0
0.435,1.5453125,0
0.435,1.6171875,0
0.435,1.6890625,0
0.435,1.7609374999999998,0
0.435,1.8328125000000002,0
0.435,1.9046874999999996,0
0.435,1.9765625,0
0.435,2.0484374999999995,0
0.435,2.1203125,0
0.435,2.1921875,0
0.435,2.2640624999999996,0
0.445,-2.2640624999999996,0
0.445,-2.1921874999999997,0
0.445,-2.1203125,0
0.445,-2.0484375,0
0.445,-1.9765624999999998,0
0.445,-1.9046874999999999,0
0.445,-1.8328124999999997,0
0.445,-1.7609374999999998,0
0.445,-1.6890625,0
0.445,-1.6171875,0
0.445,-1.5453124999999999,0
0.445,-1.4734374999999997,0
0.445,-1.4015624999999998,0
0.445,-1.3296875,0
0.445,-1.2578125,366
0.445,-1.1859374999999999,12101
0.445,-1.1140625,108501
0.445,-1.0421874999999998,124345
0.445,-0.9703124999999999,120404
0.445,-0.8984375,118242
0.445,-0.8265624999999999,117181
0.445,-0.7546875,112773
0.445,-0.6828125,111920
0.445,-0.6109374999999999,108235
0.445,-0.5390625,105008
0.445,-0.46718749999999987,101874
0.445,-0.39531249999999996,101256
0.445,-0.32343750000000004,98617
0.445,-0.2515624999999999,101732
0.445,-0.1796875,99464
0.445,-0.10781250000000009,97364
0.445,-0.03593750000000018,96389
0.445,0.03593750000000018,96892
0.445,0.10781250000000009,95729
0.445,0.1796875,96869
0.445,0.2515624999999999,95596
0.445,0.3234374999999998,97318
0.445,0.3953125000000002,98990
0.445,0.4671875000000001,102302
0.445,0.5390625,102561
0.445,0.6109374999999999,103566
0.445,0.6828124999999998,106267
0.445,0.7546874999999997,109285
0.445,0.8265625000000001,108081
0.445,0.8984375,111800
0.445,0.9703124999999999,114197
0.445,1.0421874999999998,118144
0.445,1.1140624999999997,109098
0.445,1.1859375,12582
0.445,1.2578125,358
0.445,1.3296875,0
0.445,1.4015624999999998,0
0.445,1.4734374999999997,0
0.445,1.5453125,0
0.445,1.6171875,0
0.445,1.6890625,0
0.445,1.7609374999999998,0
0.445,1.8328125000000002,0
0.445,1.9046874999999996,0
0.445,1.9765625,0
0.445,2.0484374999999995,0
0.445,2.1203125,0
0.445,2.1921875,0
0.445,2.2640624999999996,0
0.455,-2.2640624999999996,0
0.455,-2.1921874999999997,0
0.455,-2.1203125,0
0.455,-2.0484375,0
0.455,-1.9765624999999998,0
0.455,-1.9046874999999999,0
0.455,-1.8328124999999997,0
0.455,-1.7609374999999998,0
0.455,-1.6890625,0
0.455,-1.6171875,0
0.455,-1.5453124999999999,0
0.455,-1.4734374999999997,0
0.455,-1.4015624999999998,0
0.455,-1.3296875,0
0.455,-1.2578125,12
0.455,-1.1859374999999999,2710
0.455,-1.1140625,67000
0.455,-1.0421874999999998,131235
0.455,-0.9703124999999999,126850
0.455,-0.8984375,124587
0.455,-0.8265624999999999,121688
0.455,-0.7546875,116602
0.455,-0.6828125,117608
0.455,-0.6109374999999999,113899
0.455,-0.5390625,111211
0.455,-0.46718749999999987,107056
0.455,-0.39531249999999996,106643
0.455,-0.32343750000000004,104220
0.455,-0.2515624999999999,106534
0.455,-0.1796875,103014
0.455,-0.10781250000000009,102493
0.455,-0.03593750000000018,100446
0.455,0.03593750000000018,100895
0.455,0.10781250000000009,101136
0.455,0.1796875,103061
0.455,0.2515624999999999,100411
0.455,0.3234374999999998,102872
0.455,0.3953125000000002,104725
0.455,0.4671875000000001,107844
0.455,0.5390625,108355
0.455,0.6109374999999999,109928
0.455,0.6828124999999998,111135
0.455,0.7546874999999997,114390
0.455,0.8265625000000001,114877
0.455,0.8984375,117151
0.455,0.9703124999999999,120283
0.455,1.0421874999999998,124983
0.455,1.1140624999999997,66536
0.455,1.1859375,2952
0.455,1.2578125,30
0.455,1.3296875,0
0.455,1.4015624999999998,0
0.455,1.4734374999999997,0
0.455,1.5453125,0
0.455,1.6171875,0
0.455,1.6890625,0
0.455,1.7609374999999998,0
0.455,1.8328125000000002,0
0.455,1.9046874999999996,0
0.455,1.9765625,0
0.455,2.0484374999999995,0
0.455,2.1203125,0
0.455,2.1921875,0
0.455,2.2640624999999996,0
0.465,-2.2640624999999996,0
0.465,-2.1921874999999997,0
0.465,-2.1203125,0
0.465,-2.0484375,0
0.465,-1.9765624999999998,0
0.465,-1.9046874999999999,0
0.465,-1.8328124999999997,0
0.465,-1.7609374999999998,0
0.465,-1.6890625,0
0.465,-1.6171875,0
0.465,-1.5453124999999999,0
0.465,-1.4734374999999997,0
0.465,-1.4015624999999998,0
0.465,-1.3296875,0
0.465,-1.2578125,0
0.465,-1.1859374999999999,618
0.465,-1.1140625,21482
0.465,-1.0421874999999998,129949
0.465,-0.9703124999999999,134136
0.465,-0.8984375,130803
0.465,-0.8265624999999999,127374
0.465,-0.7546875,122020
0.465,-0.6828125,122910
0.465,-0.6109374999999999,119849
0.465,-0.5390625,116809
0.465,-0.46718749999999987,113525
0.465,-0.39531249999999996,112093
0.465,-0.32343750000000004,109814
0.465,-0.2515624999999999,112532
0.465,-0.1796875,107835
0.465,-0.10781250000000009,107364
0.465,-0.03593750000000018,105191
0.465,0.03593750000000018,106005
0.465,0.10781250000000009,106064
0.465,0.1796875,108632
0.465,0.2515624999999999,106287
0.465,0.3234374999999998,108533
0.465,0.3953125000000002,110526
0.465,0.4671875000000001,114341
0.465,0.5390625,115603
0.465,0.6109374999999999,116303
0.465,0.6828124999999998,116705
0.465,0.7546874999999997,119412
0.465,0.8265625000000001,122003
0.465,0.8984375,122429
0.465,0.9703124999999999,126462
0.465,1.0421874999999998,124601
0.465,1.1140624999999997,21069
0.465,1.1859375,594
0.465,1.2578125,0
0.465,1.3296875,0
0.465,1.4015624999999998,0
0.465,1.4734374999999997,0
0.465,1.5453125,0
0.465,1.6171875,0
0.465,1.6890625,0
0.465,1.7609374999999998,0
0.465,1.8328125000000002,0
0.465,1.9046874999999996,0
0.465,1.9765625,0
0.465,2.0484374999999995,0
0.465,2.1203125,0
0.465,2.1921875,0
0.465,2.2640624999999996,0
0.475,-2.2640624999999996,0
0.475,-2.1921874999999997,0
0.475,-2.1203125,0
0.475,-2.0484375,0
0.475,-1.9765624999999998,0
0.475,-1.9046874999999999,0
0.475,-1.8328124999999997,0
0.475,-1.7609374999999998,0
0.475,-1.6890625,0
0.475,-1.6171875,0
0.475,-1.5453124999999999,0
0.475,-1.4734374999999997,0
0.475,-1.4015624999999998,0
0.475,-1.3296875,0
0.475,-1.2578125,0
0.475,-1.1859374999999999,52
0.475,-1.1140625,4641
0.475,-1.0421874999999998,92153
0.475,-0.9703124999999999,139844
0.475,-0.8984375,136719
0.475,-0.8265624999999999,132403
0.475,-0.7546875,129377
0.475,-0.6828125,128770
0.475,-0.6109374999999999,126523
0.475,-0.5390625,123231
0.475,-0.46718749999999987,118425
0.475,-0.39531249999999996,117824
0.475,-0.32343750000000004,116846
0.475,-0.2515624999999999,117146
0.475,-0.1796875,113979
0.475,-0.10781250000000009,112527
0.475,-0.03593750000000018,110667
0.475,0.03593750000000018,112138
0.475,0.10781250000000009,112682
0.475,0.1796875,113876
0.475,0.2515624999999999,112006
0.475,0.3234374999999998,113263
0.475,0.3953125000000002,114904
0.475,0.4671875000000001,119492
0.475,0.5390625,120558
0.475,0.6109374999999999,122348
0.475,0.6828124999999998,123822
0.475,0.7546874999999997,125390
0.475,0.8265625000000001,128593
0.475,0.8984375,129160
0.475,0.9703124999999999,132455
0.475,1.0421874999999998,87941
0.475,1.1140624999999997,4330
0.475,1.1859375,55
0.475,1.2578125,0
0.475,1.3296875,0
0.475,1.4015624999999998,0
0.475,1.4734374999999997,0
0.475,1.5453125,0
0.475,1.6171875,0
0.475,1.6890625,0
0.475,1.7609374999999998,0
0.475,1.8328125000000002,0
0.475,1.9046874999999996,0
0.475,1.9765625,0
0.475,2.0484374999999995,0
0.475,2.1203125,0
0.475,2.1921875,0
0.475,2.2640624999999996,0
0.485,-2.2640624999999996,0
0.485,-2.1921874999999997,0
0.485,-2.1203125,0
0.485,-2.0484375,0
0.485,-1.9765624999999998,0
0.485,-1.9046874999999999,0
0.485,-1.8328124999999997,0
0.485,-1.7609374999999998,0
0.485,-1.6890625,0
0.485,-1.6171875,0
0.485,-1.5453124999999999,0
0.485,-1.4734374999999997,0
0.485,-1.4015624999999998,0
0.485,-1.3296875,0
0.485,-1.2578125,0
0.485,-1.1859374999999999,0
0.485,-1.1140625,1065
0.485,-1.0421874999999998,34833
0.485,-0.9703124999999999,144191
0.485,-0.8984375,142279
0.485,-0.8265624999999999,139327
0.485,-0.7546875,136430
0.485,-0.6828125,134898
0.485,-0.6109374999999999,133087
0.485,-0.5390625,129995
0.485,-0.46718749999999987,124281
0.485,-0.39531249999999996,123388
0.485,-0.32343750000000004,123088
0.485,-0.2515624999999999,121567
0.485,-0.1796875,119858
0.485,-0.10781250000000009,117077
0.485,-0.03593750000000018,115746
0.485,0.03593750000000018,117290
0.485,0.10781250000000009,117229
0.485,0.1796875,119994
0.485,0.2515624999999999,118029
0.485,0.3234374999999998,119882
0.485,0.3953125000000002,120703
0.485,0.4671875000000001,124753
0.485,0.5390625,126736
0.485,0.6109374999999999,129357
0.485,0.6828124999999998,129405
0.485,0.7546874999999997,131632
0.485,0.8265625000000001,134260
0.485,0.8984375,136080
0.485,0.9703124999999999,133906
0.485,1.0421874999999998,33803
0.485,1.1140624999999997,1000
0.485,1.1859375,0
0.485,1.2578125,0
0.485,1.3296875,0
0.485,1.4015624999999998,0
0.485,1.4734374999999997,0
0.485,1.5453125,0
0.485,1.6171875,0
0.485,1.6890625,0
0.485,1.7609374999999998,0
0.485,1.8328125000000002,0
0.485,1.9046874999999996,0
0.485,1.9765625,0
0.485,2.0484374999999995,0
0.485,2.1203125,0
0.485,2.1921875,0
0.485,2.2640624999999996,0
0.495,-2.2640624999999996,0
0.495,-2.1921874999999997,0
0.495,-2.1203125,0
0.495,-2.0484375,0
0.495,-1.9765624999999998,0
0.495,-1.9046874999999999,0
0.495,-1.8328124999999997,0
0.495,-1.7609374999999998,0
0.495,-1.6890625,0
0.495,-1.6171875,0
0.495,-1.5453124999999999,0
0.495,-1.4734374999999997,0
0.495,-1.4015624999999998,0
0.495,-1.3296875,0
0.495,-1.2578125,0
0.495,-1.1859374999999999,0
0.495,-1.1140625,157
0.495,-1.0421874999999998,6971
0.495,-0.9703124999999999,110112
0.495,-0.8984375,148878
0.495,-0.8265624999999999,146710
0.495,-0.7546875,144512
0.495,-0.6828125,143680
0.495,-0.6109374999999999,139217
0.495,-0.5390625,134653
0.495,-0.46718749999999987,130987
0.495,-0.39531249999999996,129960
0.495,-0.32343750000000004,129779
0.495,-0.2515624999999999,127975
0.495,-0.1796875,126504
0.495,-0.10781250000000009,121838
0.495,-0.03593750000000018,123530
0.495,0.03593750000000018,123375
0.495,0.10781250000000009,123393
0.495,0.1796875,126299
0.495,0.2515624999999999,124194
0.495,0.3234374999999998,125252
0.495,0.3953125000000002,127574
0.495,0.4671875000000001,130922
0.495,0.5390625,133499
0.495,0.6109374999999999,135853
0.495,0.6828124999999998,136934
0.495,0.7546874999999997,139578
0.495,0.8265625000000001,139979
0.495,0.8984375,142775
0.495,0.9703124999999999,102774
0.495,1.0421874999999998,6952
0.495,1.1140624999999997,122
0.495,1.1859375,0
0.495,1.2578125,0
0.495,1.3296875,0
0.495,1.4015624999999998,0
0.495,1.4734374999999997,0
0.495,1.5453125,0
0.495,1.6171875,0
0.495,1.6890625,0
0.495,1.7609374999999998,0
0.495,1.8328125000000002,0
0.495,1.9046874999999996,0
0.495,1.9765625,0
0.495,2.0484374999999995,0
0.495,2.1203125,0
0.495,2.1921875,0
0.495,2.2640624999999996,0
0.505,-2.2640624999999996,0
0.505,-2.1921874999999997,0
0.505,-2.1203125,0
0.505,-2.0484375,0
0.505,-1.9765624999999998,0
0.505,-1.9046874999999999,0
0.505,-1.8328124999999997,0
0.505,-1.7609374999999998,0
0.505,-1.6890625,0
0.505,-1.6171875,0
0.505,-1.5453124999999999,0
0.505,-1.4734374999999997,0
0.505,-1.4015624999999998,0
0.505,-1.3296875,0
0.505,-1.2578125,0
0.505,-1.1859374999999999,0
0.505,-1.1140625,2
0.505,-1.0421874999999998,1640
0.505,-0.9703124999999999,47445
0.505,-0.8984375,153329
0.505,-0.8265624999999999,153935
0.505,-0.7546875,151436
0.505,-0.6828125,151997
0.505,-0.6109374999999999,147498
0.505,-0.5390625,142946
0.505,-0.46718749999999987,138288
0.505,-0.39531249999999996,136228
0.505,-0.32343750000000004,136318
0.505,-0.2515624999999999,133846
0.505,-0.1796875,131870
0.505,-0.10781250000000009,128592
0.505,-0.03593750000000018,129730
0.505,0.03593750000000018,128568
0.505,0.10781250000000009,128992
0.505,0.1796875,131546
0.505,0.2515624999999999,132872
0.505,0.3234374999999998,131478
0.505,0.3953125000000002,133319
0.505,0.4671875000000001,136971
0.505,0.5390625,138525
0.505,0.6109374999999999,142557
0.505,0.6828124999999998,144219
0.505,0.7546874999999997,148038
0.505,0.8265625000000001,148511
0.505,0.8984375,146951
0.505,0.9703124999999999,44402
0.505,1.0421874999999998,1543
0.505,1.1140624999999997,1
0.505,1.1859375,0
0.505,1.2578125,0
0.505,1.3296875,0
0.505,1.4015624999999998,0
0.505,1.4734374999999997,0
0.505,1.5453125,0
0.505,1.6171875,0
0.505,1.6890625,0
0.505,1.7609374999999998,0
0.505,1.8328125000000002,0
0.505,1.9046874999999996,0
0.505,1.9765625,0
0.505,2.0484374999999995,0
0.505,2.1203125,0
0.505,2.1921875,0
0.505,2.2640624999999996,0
0.515,-2.2640624999999996,0
0.515,-2.1921874999999997,0
0.515,-2.1203125,0
0.515,-2.0484375,0
0.515,-1.9765624999999998,0
0.515,-1.9046874999999999,0
0.515,-1.8328124999999997,0
0.515,-1.7609374999999998,0
0.515,-1.6890625,0
0.515,-1.6171875,0
0.515,-1.5453124999999999,0
0.515,-1.4734374999999997,0
0.515,-1.4015624999999998,0
0.515,-1.3296875,0
0.515,-1.2578125,0
0.515,-1.1859374999999999,0
0.515,-1.1140625,0
0.515,-1.0421874999999998,246
0.515,-0.9703124999999999,9508
0.515,-0.8984375,122473
0.515,-0.8265624999999999,162379
0.515,-0.7546875,157915
0.515,-0.6828125,159223
0.515,-0.6109374999999999,156178
0.515,-0.5390625,149916
0.515,-0.46718749999999987,144721
0.515,-0.39531249999999996,143081
0.515,-0.32343750000000004,143512
0.515,-0.2515624999999999,139480
0.515,-0.1796875,137976
0.515,-0.10781250000000009,135282
0.515,-0.03593750000000018,136907
0.515,0.03593750000000018,134504
0.515,0.10781250000000009,136143
0.515,0.1796875,139416
0.515,0.2515624999999999,139597
0.515,0.3234374999999998,137677
0.515,0.3953125000000002,141559
0.515,0.4671875000000001,144900
0.515,0.5390625,145034
0.515,0.6109374999999999,149419
0.515,0.6828124999999998,151308
0.515,0.7546874999999997,156230
0.515,0.8265625000000001,157474
0.515,0.8984375,117250
0.515,0.9703124999999999,8867
0.515,1.0421874999999998,283
0.515,1.1140624999999997,0
0.515,1.1859375,0
0.515,1.2578125,0
0.515,1.3296875,0
0.515,1.4015624999999998,0
0.515,1.4734374999999997,0
0.515,1.5453125,0
0.515,1.6171875,0
0.515,1.6890625,0
0.515,1.7609374999999998,0
0.515,1.8328125000000002,0
0.515,1.9046874999999996,0
0.515,1.9765625,0
0.515,2.0484374999999995,0
0.515,2.1203125,0
0.515,2.1921875,0
0.515,2.2640624999999996,0
0.525,-2.2640624999999996,0
0.525,-2.1921874999999997,0
0.525,-2.1203125,0
0.525,-2.0484375,0
0.525,-1.9765624999999998,0
0.525,-1.9046874999999999,0
0.525,-1.8328124999999997,0
0.525,-1.7609374999999998,0
0.525,-1.6890625,0
0.525,-1.6171875,0
0.525,-1.5453124999999999,0
0.525,-1.4734374999999997,0
0.525,-1.4015624999999998,0
0.525,-1.3296875,0
0.525,-1.2578125,0
0.525,-1.1859374999999999,0
0.525,-1.1140625,0
0.525,-1.0421874999999998,3
0.525,-0.9703124999999999,2354
0.525,-0.8984375,52068
0.525,-0.8265624999999999,167031
0.525,-0.7546875,166468
0.525,-0.6828125,165648
0.525,-0.6109374999999999,163365
0.525,-0.5390625,158721
0.525,-0.46718749999999987,152325
0.525,-0.39531249999999996,150299
0.525,-0.32343750000000004,150272
0.525,-0.2515624999999999,146273
0.525,-0.1796875,144454
0.525,-0.10781250000000009,141180
0.525,-0.03593750000000018,143696
0.525,0.03593750000000018,141329
0.525,0.10781250000000009,142886
0.525,0.1796875,146553
0.525,0.2515624999999999,146219
0.525,0.3234374999999998,145644
0.525,0.3953125000000002,149841
0.525,0.4671875000000001,153362
0.525,0.5390625,152946
0.525,0.6109374999999999,156782
0.525,0.6828124999999998,157937
0.525,0.7546874999999997,164749
0.525,0.8265625000000001,163934
0.525,0.8984375,50691
0.525,0.9703124999999999,2273
0.525,1.0421874999999998,11
0.525,1.1140624999999997,0
0.525,1.1859375,0
0.525,1.2578125,0
0.525,1.3296875,0
0.525,1.4015624999999998,0
0.525,1.4734374999999997,0
0.525,1.5453125,0
0.525,1.6171875,0
0.525,1.6890625,0
0.525,1.7609374999999998,0
0.525,1.8328125000000002,0
0.525,1.9046874999999996,0
0.525,1.9765625,0
0.525,2.0484374999999995,0
0.525,2.1203125,0
0.525,2.1921875,0
0.525,2.2640624999999996,0
0.535,-2.2640624999999996,0
0.535,-2.1921874999999997,0
0.535,-2.1203125,0
0.535,-2.0484375,0
0.535,-1.9765624999999998,0
0.535,-1.9046874999999999,0
0.535,-1.8328124999999997,0
0.535,-1.7609374999999998,0
0.535,-1.6890625,0
0.535,-1.6171875,0
0.535,-1.5453124999999999,0
0.535,-1.4734374999999997,0
0.535,-1.4015624999999998,0
0.535,-1.3296875,0
0.535,-1.2578125,0
0.535,-1.1859374999999999,0
0.535,-1.1140625,0
0.535,-1.0421874999999998,0
0.535,-0.9703124999999999,425
0.535,-0.8984375,10462
0.535,-0.8265624999999999,132046
0.535,-0.7546875,175189
0.535,-0.6828125,173733
0.535,-0.6109374999999999,171220
0.535,-0.5390625,167918
0.535,-0.46718749999999987,158873
0.535,-0.39531249999999996,157624
0.535,-0.32343750000000004,156765
0.535,-0.2515624999999999,153593
0.535,-0.1796875,150009
0.535,-0.10781250000000009,148963
0.535,-0.03593750000000018,150296
0.535,0.03593750000000018,147591
0.535,0.10781250000000009,150376
0.535,0.1796875,153162
0.535,0.2515624999999999,152040
0.535,0.3234374999999998,153598
0.535,0.3953125000000002,158809
0.535,0.4671875000000001,162385
0.535,0.5390625,160628
0.535,0.6109374999999999,163570
0.535,0.6828124999999998,165724
0.535,0.7546874999999997,173981
0.535,0.8265625000000001,125913
0.535,0.8984375,10316
0.535,0.9703124999999999,486
0.535,1.0421874999999998,0
0.535,1.1140624999999997,0
0.535,1.1859375,0
0.535,1.2578125,0
0.535,1.3296875,0
0.535,1.4015624999999998,0
0.535,1.4734374999999997,0
0.535,1.5453125,0
0.535,1.6171875,0
0.535,1.6890625,0
0.535,1.7609374999999998,0
0.535,1.8328125000000002,0
0.535,1.9046874999999996,0
0.535,1.9765625,0
0.535,2.0484374999999995,0
0.535,2.1203125,0
0.535,2.1921875,0
0.535,2.2640624999999996,0
0.545,-2.2640624999999996,0
0.545,-2.1921874999999997,0
0.545,-2.1203125,0
0.545,-2.0484375,0
0.545,-1.9765624999999998,0
0.545,-1.9046874999999999,0
0.545,-1.8328124999999997,0
0.545,-1.7609374999999998,0
0.545,-1.6890625,0
0.545,-1.6171875,0
0.545,-1.5453124999999999,0
0.545,-1.4734374999999997,0
0.545,-1.4015624999999998,0
0.545,-1.3296875,0
0.545,-1.2578125,0
0.545,-1.1859374999999999,0
0.545,-1.1140625,0
0.545,-1.0421874999999998,0
0.545,-0.9703124999999999,16
0.545,-0.8984375,2740
0.545,-0.8265624999999999,50237
0.545,-0.7546875,181685
0.545,-0.6828125,182236
0.545,-0.6109374999999999,179292
0.545,-0.5390625,175201
0.545,-0.46718749999999987,166987
0.545,-0.39531249999999996,164895
0.545,-0.32343750000000004,163607
0.545,-0.2515624999999999,160053
0.545,-0.1796875,157510
0.545,-0.10781250000000009,157473
0.545,-0.03593750000000018,157446
0.545,0.03593750000000018,156085
0.545,0.10781250000000009,157382
0.545,0.1796875,160911
0.545,0.2515624999999999,160215
0.545,0.3234374999999998,161968
0.545,0.3953125000000002,167521
0.545,0.4671875000000001,169369
0.545,0.5390625,168122
0.545,0.6109374999999999,170539
0.545,0.6828124999999998,173702
0.545,0.7546874999999997,176334
0.545,0.8265625000000001,47881
0.545,0.8984375,2606
0.545,0.9703124999999999,22
0.545,1.0421874999999998,0
0.545,1.1140624999999997,0
0.545,1.1859375,0
0.545,1.2578125,0
0.545,1.3296875,0
0.545,1.4015624999999998,0
0.545,1.4734374999999997,0
0.545,1.5453125,0
0.545,1.6171875,0
0.545,1.6890625,0
0.545,1.7609374999999998,0
0.545,1.8328125000000002,0
0.545,1.9046874999999996,0
0.545,1.9765625,0
0.545,2.0484374999999995,0
0.545,2.1203125,0
0.545,2.1921875,0
0.545,2.2640624999999996,0
0.555,-2.2640624999999996,0
0.555,-2.1921874999999997,0
0.555,-2.1203125,0
0.555,-2.0484375,0
0.555,-1.9765624999999998,0
0.555,-1.9046874999999999,0
0.555,-1.8328124999999997,0
0.555,-1.7609374999999998,0
0.555,-1.6890625,0
0.555,-1.6171875,0
0.555,-1.5453124999999999,0
0.555,-1.4734374999999997,0
0.555,-1.4015624999999998,0
0.555,-1.3296875,0
0.555,-1.2578125,0
0.555,-1.1859374999999999,0
0.555,-1.1140625,0
0.555,-1.0421874999999998,0
0.555,-0.9703124999999999,0
0.555,-0.8984375,541
0.555,-0.8265624999999999,9098
0.555,-0.7546875,125931
0.555,-0.6828125,189086
0.555,-0.6109374999999999,187142
0.555,-0.5390625,182817
0.555,-0.46718749999999987,175809
0.555,-0.39531249999999996,173372
0.555,-0.32343750000000004,169234
0.555,-0.2515624999999999,168335
0.555,-0.1796875,164208
0.555,-0.10781250000000009,165000
0.555,-0.03593750000000018,163874
0.555,0.03593750000000018,163958
0.555,0.10781250000000009,164102
0.555,0.1796875,168084
0.555,0.2515624999999999,170270
0.555,0.3234374999999998,169716
0.555,0.3953125000000002,175186
0.555,0.4671875000000001,177936
0.555,0.5390625,175902
0.555,0.6109374999999999,177462
0.555,0.6828124999999998,182327
0.555,0.7546874999999997,121086
0.555,0.8265625000000001,8838
0.555,0.8984375,501
0.555,0.9703124999999999,0
0.555,1.0421874999999998,0
0.555,1.1140624999999997,0
0.555,1.1859375,0
0.555,1.2578125,0
0.555,1.3296875,0
0.555,1.4015624999999998,0
0.555,1.4734374999999997,0
0.555,1.5453125,0
0.555,1.6171875,0
0.555,1.6890625,0
0.555,1.7609374999999998,0
0.555,1.8328125000000002,0
0.555,1.9046874999999996,0
0.555,1.9765625,0
0.555,2.0484374999999995,0
0.555,2.1203125,0
0.555,2.1921875,0
0.555,2.2640624999999996,0
0.565,-2.2640624999999996,0
0.565,-2.1921874999999997,0
0.565,-2.1203125,0
0.565,-2.0484375,0
0.565,-1.9765624999999998,0
0.565,-1.9046874999999999,0
0.565,-1.8328124999999997,0
0.565,-1.7609374999999998,0
0.565,-1.6890625,0
0.565,-1.6171875,0
0.565,-1.5453124999999999,0
0.565,-1.4734374999999997,0
0.565,-1.4015624999999998,0
0.565,-1.3296875,0
0.565,-1.2578125,0
0.565,-1.1859374999999999,0
0.565,-1.1140625,0
0.565,-1.0421874999999998,0
0.565,-0.9703124999999999,0
0.565,-0.8984375,23
0.565,-0.8265624999999999,2180
0.565,-0.7546875,35912
0.565,-0.6828125,183212
0.565,-0.6109374999999999,195802
0.565,-0.5390625,192798
0.565,-0.46718749999999987,185984
0.565,-0.39531249999999996,181700
0.565,-0.32343750000000004,177557
0.565,-0.2515624999999999,175262
0.565,-0.1796875,171588
0.565,-0.10781250000000009,173483
0.565,-0.03593750000000018,172439
0.565,0.03593750000000018,173107
0.565,0.10781250000000009,171109
0.565,0.1796875,176171
0.565,0.2515624999999999,180003
0.565,0.3234374999999998,178114
0.565,0.3953125000000002,183700
0.565,0.4671875000000001,186982
0.565,0.5390625,186133
0.565,0.6109374999999999,187301
0.565,0.6828124999999998,174798
0.565,0.7546874999999997,34986
0.565,0.8265625000000001,2233
0.565,0.8984375,27
0.565,0.9703124999999999,0
0.565,1.0421874999999998,0
0.565,1.1140624999999997,0
0.565,1.1859375,0
0.565,1.2578125,0
0.565,1.3296875,0
0.565,1.4015624999999998,0
0.565,1.4734374999999997,0
0.565,1.5453125,0
0.565,1.6171875,0
0.565,1.6890625,0
0.565,1.7609374999999998,0
0.565,1.8328125000000002,0
0.565,1.9046874999999996,0
0.565,1.9765625,0
0.565,2.0484374999999995,0
0.565,2.1203125,0
0.565,2.1921875,0
0.565,2.2640624999999996,0
0.575,-2.2640624999999996,0
0.575,-2.1921874999999997,0
0.575,-2.1203125,0
0.575,-2.0484375,0
0.575,-1.9765624999999998,0
0.575,-1.9046874999999999,0
0.575,-1.8328124999999997,0
0.575,-1.7609374999999998,0
0.575,-1.6890625,0
0.575,-1.6171875,0
0.575,-1.5453124999999999,0
0.575,-1.4734374999999997,0
0.575,-1.4015624999999998,0
0.575,-1.3296875,0
0.575,-1.2578125,0
0.575,-1.1859374999999999,0
0.575,-1.1140625,0
0.575,-1.0421874999999998,0
0.575,-0.9703124999999999,0
0.575,-0.8984375,0
0.575,-0.8265624999999999,339
0.575,-0.7546875,6720
0.575,-0.6828125,99606
0.575,-0.6109374999999999,203311
0.575,-0.5390625,201667
0.575,-0.46718749999999987,195319
0.575,-0.39531249999999996,190112
0.575,-0.32343750000000004,186776
0.575,-0.2515624999999999,181939
0.575,-0.1796875,179922
0.575,-0.10781250000000009,181071
0.575,-0.03593750000000018,181746
0.575,0.03593750000000018,180551
0.575,0.10781250000000009,180236
0.575,0.1796875,184256
0.575,0.2515624999999999,189534
0.575,0.3234374999999998,187356
0.575,0.3953125000000002,193026
0.575,0.4671875000000001,197605
0.575,0.5390625,197170
0.575,0.6109374999999999,198751
0.575,0.6828124999999998,97120
0.575,0.7546874999999997,6686
0.575,0.8265625000000001,436
0.575,0.8984375,0
0.575,0.9703124999999999,0
0.575,1.0421874999999998,0
0.575,1.1140624999999997,0
0.575,1.1859375,0
0.575,1.2578125,0
0.575,1.3296875,0
0.575,1.4015624999999998,0
0.575,1.4734374999999997,0
0.575,1.5453125,0
0.575,1.6171875,0
0.575,1.6890625,0
0.575,1.7609374999999998,0
0.575,1.8328125000000002,0
0.575,1.9046874999999996,0
0.575,1.9765625,0
0.575,2.0484374999999995,0
0.575,2.1203125,0
0.575,2.1921875,0
0.575,2.2640624999999996,0
0.585,-2.2640624999999996,0
0.585,-2.1921874999999997,0
0.585,-2.1203125,0
0.585,-2.0484375,0
0.585,-1.9765624999999998,0
0.585,-1.9046874999999999,0
0.585,-1.8328124999999997,0
0.585,-1.7609374999999998,0
0.585,-1.6890625,0
0.585,-1.6171875,0
0.585,-1.5453124999999999,0
0.585,-1.4734374999999997,0
0.585,-1.4015624999999998,0
0.585,-1.3296875,0
0.585,-1.2578125,0
0.585,-1.1859374999999999,0
0.585,-1.1140625,0
0.585,-1.0421874999999998,0
0.585,-0.9703124999999999,0
0.585,-0.8984375,0
0.585,-0.8265624999999999,9
0.585,-0.7546875,1748
0.585,-0.6828125,20358
0.585,-0.6109374999999999,171122
0.585,-0.5390625,212452
0.585,-0.46718749999999987,206550
0.585,-0.39531249999999996,200474
0.585,-0.32343750000000004,195919
0.585,-0.2515624999999999,191391
0.585,-0.1796875,189380
0.585,-0.10781250000000009,190065
0.585,-0.03593750000000018,189218
0.585,0.03593750000000018,189249
0.585,0.10781250000000009,189081
0.585,0.1796875,192279
0.585,0.2515624999999999,198293
0.585,0.3234374999999998,198268
0.585,0.3953125000000002,203556
0.585,0.4671875000000001,207869
0.585,0.5390625,206414
0.585,0.6109374999999999,166877
0.585,0.6828124999999998,20003
0.585,0.7546874999999997,1693
0.585,0.8265625000000001,16
0.585,0.8984375,0
0.585,0.9703124999999999,0
0.585,1.0421874999999998,0
0.585,1.1140624999999997,0
0.585,1.1859375,0
0.585,1.2578125,0
0.585,1.3296875,0
0.585,1.4015624999999998,0
0.585,1.4734374999999997,0
0.585,1.5453125,0
0.585,1.6171875,0
0.585,1.6890625,0
0.585,1.7609374999999998,0
0.585,1.8328125000000002,0
0.585,1.9046874999999996,0
0.585,1.9765625,0
0.585,2.0484374999999995,0
0.585,2.1203125,0
0.585,2.1921875,0
0.585,2.2640624999999996,0
0.595,-2.2640624999999996,0
0.595,-2.1921874999999997,0
0.595,-2.1203125,0
0.595,-2.0484375,0
0.595,-1.9765624999999998,0
0.595,-1.9046874999999999,0
0.595,-1.8328124999999997,0
0.595,-1.7609374999999998,0
0.595,-1.6890625,0
0.595,-1.6171875,0
0.595,-1.5453124999999999,0
0.595,-1.4734374999999997,0
0.595,-1.4015624999999998,0
0.595,-1.3296875,0
0.595,-1.2578125,0
0.595,-1.1859374999999999,0
0.595,-1.1140625,0
0.595,-1.0421874999999998,0
0.595,-0.9703124999999999,0
0.595,-0.8984375,0
0.595,-0.8265624999999999,0
0.595,-0.7546875,243
0.595,-0.6828125,4501
0.595,-0.6109374999999999,63392
0.595,-0.5390625,218008
0.595,-0.46718749999999987,217990
0.595,-0.39531249999999996,211277
0.595,-0.32343750000000004,205865
0.595,-0.2515624999999999,202377
0.595,-0.1796875,198826
0.595,-0.10781250000000009,198923
0.595,-0.03593750000000018,198781
0.595,0.03593750000000018,197009
0.595,0.10781250000000009,199295
0.595,0.1796875,201159
0.595,0.2515624999999999,206679
0.595,0.3234374999999998,209073
0.595,0.3953125000000002,214114
0.595,0.4671875000000001,218263
0.595,0.5390625,209990
0.595,0.6109374999999999,61654
0.595,0.6828124999999998,4646
0.595,0.7546874999999997,203
0.595,0.8265625000000001,0
0.595,0.8984375,0
0.595,0.9703124999999999,0
0.595,1.0421874999999998,0
0.595,1.1140624999999997,0
0.595,1.1859375,0
0.595,1.2578125,0
0.595,1.3296875,0
0.595,1.4015624999999998,0
0.595,1.4734374999999997,0
0.595,1.5453125,0
0.595,1.6171875,0
0.595,1.6890625,0
0.595,1.7609374999999998,0
0.595,1.8328125000000002,0
0.595,1.9046874999999996,0
0.595,1.9765625,0
0.595,2.0484374999999995,0
0.595,2.1203125,0
0.595,2.1921875,0
0.595,2.2640624999999996,0
0.605,-2.2640624999999996,0
0.605,-2.1921874999999997,0
0.605,-2.1203125,0
0.605,-2.0484375,0
0.605,-1.9765624999999998,0
0.605,-1.9046874999999999,0
0.605,-1.8328124999999997,0
0.605,-1.7609374999999998,0
0.605,-1.6890625,0
0.605,-1.6171875,0
0.605,-1.5453124999999999,0
0.605,-1.4734374999999997,0
0.605,-1.4015624999999998,0
0.605,-1.3296875,0
0.605,-1.2578125,0
0.605,-1.1859374999999999,0
0.605,-1.1140625,0
0.605,-1.0421874999999998,0
0.605,-0.9703124999999999,0
0.605,-0.8984375,0
0.605,-0.8265624999999999,0
0.605,-0.7546875,1
0.605,-0.6828125,978
0.605,-0.6109374999999999,11005
0.605,-0.5390625,135605
0.605,-0.46718749999999987,228848
0.605,-0.39531249999999996,221765
0.605,-0.32343750000000004,215622
0.605,-0.2515624999999999,211882
0.605,-0.1796875,209082
0.605,-0.10781250000000009,208765
0.605,-0.03593750000000018,208818
0.605,0.03593750000000018,205689
0.605,0.10781250000000009,206975
0.605,0.1796875,210951
0.605,0.2515624999999999,216149
0.605,0.3234374999999998,218689
0.605,0.3953125000000002,223940
0.605,0.4671875000000001,228412
0.605,0.5390625,132241
0.605,0.6109374999999999,11093
0.605,0.6828124999999998,1121
0.605,0.7546874999999997,0
0.605,0.8265625000000001,0
0.605,0.8984375,0
0.605,0.9703124999999999,0
0.605,1.0421874999999998,0
0.605,1.1140624999999997,0
0.605,1.1859375,0
0.605,1.2578125,0
0.605,1.3296875,0
0.605,1.4015624999999998,0
0.605,1.4734374999999997,0
0.605,1.5453125,0
0.605,1.6171875,0
0.605,1.6890625,0
0.605,1.7609374999999998,0
0.605,1.8328125000000002,0
0.605,1.9046874999999996,0
0.605,1.9765625,0
0.605,2.0484374999999995,0
0.605,2.1203125,0
0.605,2.1921875,0
0.605,2.2640624999999996,0
0.615,-2.2640624999999996,0
0.615,-2.1921874999999997,0
0.615,-2.1203125,0
0.615,-2.0484375,0
0.615,-1.9765624999999998,0
0.615,-1.9046874999999999,0
0.615,-1.8328124999999997,0
0.615,-1.7609374999999998,0
0.615,-1.6890625,0
0.615,-1.6171875,0
0.615,-1.5453124999999999,0
0.615,-1.4734374999999997,0
0.615,-1.4015624999999998,0
0.615,-1.3296875,0
0.615,-1.2578125,0
0.615,-1.1859374999999999,0
0.615,-1.1140625,0
0.615,-1.0421874999999998,0
0.615,-0.9703124999999999,0
0.615,-0.8984375,0
0.615,-0.8265624999999999,0
0.615,-0.7546875,0
0.615,-0.6828125,85
0.615,-0.6109374999999999,2624
0.615,-0.5390625,30066
0.615,-0.46718749999999987,202495
0.615,-0.39531249999999996,232458
0.615,-0.32343750000000004,226549
0.615,-0.2515624999999999,223317
0.615,-0.1796875,219777
0.615,-0.10781250000000009,217878
0.615,-0.03593750000000018,217512
0.615,0.03593750000000018,214861
0.615,0.10781250000000009,217223
0.615,0.1796875,220676
0.615,0.2515624999999999,226339
0.615,0.3234374999999998,229568
0.615,0.3953125000000002,233799
0.615,0.4671875000000001,202986
0.615,0.5390625,30159
0.615,0.6109374999999999,2925
0.615,0.6828124999999998,77
0.615,0.7546874999999997,0
0.615,0.8265625000000001,0
0.615,0.8984375,0
0.615,0.9703124999999999,0
0.615,1.0421874999999998,0
0.615,1.1140624999999997,0
0.615,1.1859375,0
0.615,1.2578125,0
0.615,1.3296875,0
0.615,1.4015624999999998,0
0.615,1.4734374999999997,0
0.615,1.5453125,0
0.615,1.6171875,0
0.615,1.6890625,0
0.615,1.7609374999999998,0
0.615,1.8328125000000002,0
0.615,1.9046874999999996,0
0.615,1.9765625,0
0.615,2.0484374999999995,0
0.615,2.1203125,0
0.615,2.1921875,0
0.615,2.2640624999999996,0
0.625,-2.2640624999999996,0
0.625,-2.1921874999999997,0
0.625,-2.1203125,0
0.625,-2.0484375,0
0.625,-1.9765624999999998,0
0.625,-1.9046874999999999,0
0.625,-1.8328124999999997,0
0.625,-1.7609374999999998,0
0.625,-1.6890625,0
0.625,-1.6171875,0
0.625,-1.5453124999999999,0
0.625,-1.4734374999999997,0
0.625,-1.4015624999999998,0
0.625,-1.3296875,0
0.625,-1.2578125,0
0.625,-1.1859374999999999,0
0.625,-1.1140625,0
0.625,-1.0421874999999998,0
0.625,-0.9703124999999999,0
0.625,-0.8984375,0
0.625,-0.8265624999999999,0
0.625,-0.7546875,0
0.625,-0.6828125,0
0.625,-0.6109374999999999,483
0.625,-0.5390625,6374
0.625,-0.46718749999999987,80445
0.625,-0.39531249999999996,238066
0.625,-0.32343750000000004,238134
0.625,-0.2515624999999999,232775
0.625,-0.1796875,231979
0.625,-0.10781250000000009,230373
0.625,-0.03593750000000018,228437
0.625,0.03593750000000018,226490
0.625,0.10781250000000009,226365
0.625,0.1796875,232732
0.625,0.2515624999999999,238337
0.625,0.3234374999999998,241501
0.625,0.3953125000000002,239666
0.625,0.4671875000000001,81096
0.625,0.5390625,6296
0.625,0.6109374999999999,497
0.625,0.6828124999999998,0
0.625,0.7546874999999997,0
0.625,0.8265625000000001,0
0.625,0.8984375,0
0.625,0.9703124999999999,0
0.625,1.0421874999999998,0
0.625,1.1140624999999997,0
0.625,1.1859375,0
0.625,1.2578125,0
0.625,1.3296875,0
0.625,1.4015624999999998,0
0.625,1.4734374999999997,0
0.625,1.5453125,0
0.625,1.6171875,0
0.625,1.6890625,0
0.625,1.7609374999999998,0
0.625,1.8328125000000002,0
0.625,1.9046874999999996,0
0.625,1.9765625,0
0.625,2.0484374999999995,0
0.625,2.1203125,0
0.625,2.1921875,0
0.625,2.2640624999999996,0
0.635,-2.2640624999999996,0
0.635,-2.1921874999999997,0
0.635,-2.1203125,0
0.635,-2.0484375,0
0.635,-1.9765624999999998,0
0.635,-1.9046874999999999,0
0.635,-1.8328124999999997,0
0.635,-1.7609374999999998,0
0.635,-1.6890625,0
0.635,-1.6171875,0
0.635,-1.5453124999999999,0
0.635,-1.4734374999999997,0
0.635,-1.4015624999999998,0
0.635,-1.3296875,0
0.635,-1.2578125,0
0.635,-1.1859374999999999,0
0.635,-1.1140625,0
0.635,-1.0421874999999998,0
0.635,-0.9703124999999999,0
0.635,-0.8984375,0
0.635,-0.8265624999999999,0
0.635,-0.7546875,0
0.635,-0.6828125,0
0.635,-0.6109374999999999,11
0.635,-0.5390625,1506
0.635,-0.46718749999999987,14235
0.635,-0.39531249999999996,157008
0.635,-0.32343750000000004,251517
0.635,-0.2515624999999999,245585
0.635,-0.1796875,243926
0.635,-0.10781250000000009,241059
0.635,-0.03593750000000018,237061
0.635,0.03593750000000018,236681
0.635,0.10781250000000009,238561
0.635,0.1796875,245813
0.635,0.2515624999999999,250415
0.635,0.3234374999999998,253104
0.635,0.3953125000000002,158568
0.635,0.4671875000000001,14471
0.635,0.5390625,1566
0.635,0.6109374999999999,13
0.635,0.6828124999999998,0
0.635,0.7546874999999997,0
0.635,0.8265625000000001,0
0.635,0.8984375,0
0.635,0.9703124999999999,0
0.635,1.0421874999999998,0
0.635,1.1140624999999997,0
0.635,1.1859375,0
0.635,1.2578125,0
0.635,1.3296875,0
0.635,1.4015624999999998,0
0.635,1.4734374999999997,0
0.635,1.5453125,0
0.635,1.6171875,0
0.635,1.6890625,0
0.635,1.7609374999999998,0
0.635,1.8328125000000002,0
0.635,1.9046874999999996,0
0.635,1.9765625,0
0.635,2.0484374999999995,0
0.635,2.1203125,0
0.635,2.1921875,0
0.635,2.2640624999999996,0
0.645,-2.2640624999999996,0
0.645,-2.1921874999999997,0
0.645,-2.1203125,0
0.645,-2.0484375,0
0.645,-1.9765624999999998,0
0.645,-1.9046874999999999,0
0.645,-1.8328124999999997,0
0.645,-1.7609374999999998,0
0.645,-1.6890625,0
0.645,-1.6171875,0
0.645,-1.5453124999999999,0
0.645,-1.4734374999999997,0
0.645,-1.4015624999999998,0
0.645,-1.3296875,0
0.645,-1.2578125,0
0.645,-1.1859374999999999,0
0.645,-1.1140625,0
0.645,-1.0421874999999998,0
0.645,-0.9703124999999999,0
0.645,-0.8984375,0
0.645,-0.8265624999999999,0
0.645,-0.7546875,0
0.645,-0.6828125,0
0.645,-0.6109374999999999,0
0.645,-0.5390625,131
0.645,-0.46718749999999987,3413
0.645,-0.39531249999999996,37081
0.645,-0.32343750000000004,230630
0.645,-0.2515624999999999,258840
0.645,-0.1796875,256992
0.645,-0.10781250000000009,253227
0.645,-0.03593750000000018,248063
0.645,0.03593750000000018,247687
0.645,0.10781250000000009,252435
0.645,0.1796875,256282
0.645,0.2515624999999999,262837
0.645,0.3234374999999998,230326
0.645,0.3953125000000002,38473
0.645,0.4671875000000001,3595
0.645,0.5390625,147
0.645,0.6109374999999999,0
0.645,0.6828124999999998,0
0.645,0.7546874999999997,0
0.645,0.8265625000000001,0
0.645,0.8984375,0
0.645,0.9703124999999999,0
0.645,1.0421874999999998,0
0.645,1.1140624999999997,0
0.645,1.1859375,0
0.645,1.2578125,0
0.645,1.3296875,0
0.645,1.4015624999999998,0
0.645,1.4734374999999997,0
0.645,1.5453125,0
0.645,1.6171875,0
0.645,1.6890625,0
0.645,1.7609374999999998,0
0.645,1.8328125000000002,0
0.645,1.9046874999999996,0
0.645,1.9765625,0
0.645,2.0484374999999995,0
0.645,2.1203125,0
0.645,2.1921875,0
0.645,2.2640624999999996,0
0.655,-2.2640624999999996,0
0.655,-2.1921874999999997,0
0.655,-2.1203125,0
0.655,-2.0484375,0
0.655,-1.9765624999999998,0
0.655,-1.9046874999999999,0
0.655,-1.8328124999999997,0
0.655,-1.7609374999999998,0
0.655,-1.6890625,0
0.655,-1.6171875,0
0.655,-1.5453124999999999,0
0.655,-1.4734374999999997,0
0.655,-1.4015624999999998,0
0.655,-1.3296875,0
0.655,-1.2578125,0
0.655,-1.1859374999999999,0
0.655,-1.1140625,0
0.655,-1.0421874999999998,0
0.655,-0.9703124999999999,0
0.655,-0.8984375,0
0.655,-0.8265624999999999,0
0.655,-0.7546875,0
0.655,-0.6828125,0
0.655,-0.6109374999999999,0
0.655,-0.5390625,0
0.655,-0.46718749999999987,625
0.655,-0.39531249999999996,7485
0.655,-0.32343750000000004,102511
0.655,-0.2515624999999999,269520
0.655,-0.1796875,270980
0.655,-0.10781250000000009,266656
0.655,-0.03593750000000018,259380
0.655,0.03593750000000018,259118
0.655,0.10781250000000009,265838
0.655,0.1796875,270789
0.655,0.2515624999999999,272899
0.655,0.3234374999999998,101922
0.655,0.3953125000000002,7744
0.655,0.4671875000000001,633
0.655,0.5390625,0
0.655,0.6109374999999999,0
0.655,0.6828124999999998,0
0.655,0.7546874999999997,0
0.655,0.8265625000000001,0
0.655,0.8984375,0
0.655,0.9703124999999999,0
0.655,1.0421874999999998,0
0.655,1.1140624999999997,0
0.655,1.1859375,0
0.655,1.2578125,0
0.655,1.3296875,0
0.655,1.4015624999999998,0
0.655,1.4734374999999997,0
0.655,1.5453125,0
0.655,1.6171875,0
0.655,1.6890625,0
0.655,1.7609374999999998,0
0.655,1.8328125000000002,0
0.655,1.9046874999999996,0
0.655,1.9765625,0
0.655,2.0484374999999995,0
0.655,2.1203125,0
0.655,2.1921875,0
0.655,2.2640624999999996,0
0.665,-2.2640624999999996,0
0.665,-2.1921874999999997,0
0.665,-2.1203125,0
0.665,-2.0484375,0
0.665,-1.9765624999999998,0
0.665,-1.9046874999999999,0
0.665,-1.8328124999999997,0
0.665,-1.7609374999999998,0
0.665,-1.6890625,0
0.665,-1.6171875,0
0.665,-1.5453124999999999,0
0.665,-1.4734374999999997,0
0.665,-1.4015624999999998,0
0.665,-1.3296875,0
0.665,-1.2578125,0
0.665,-1.1859374999999999,0
0.665,-1.1140625,0
0.665,-1.0421874999999998,0
0.665,-0.9703124999999999,0
0.665,-0.8984375,0
0.665,-0.8265624999999999,0
0.665,-0.7546875,0
0.665,-0.6828125,0
0.665,-0.6109374999999999,0
0.665,-0.5390625,0
0.665,-0.46718749999999987,16
0.665,-0.39531249999999996,1746
0.665,-0.32343750000000004,18473
0.665,-0.2515624999999999,200948
0.665,-0.1796875,284864
0.665,-0.10781250000000009,278223
0.665,-0.03593750000000018,271007
0.665,0.03593750000000018,272133
0.665,0.10781250000000009,281121
0.665,0.1796875,284005
0.665,0.2515624999999999,203664
0.665,0.3234374999999998,18389
0.665,0.3953125000000002,1913
0.665,0.4671875000000001,17
0.665,0.5390625,0
0.665,0.6109374999999999,0
0.665,0.6828124999999998,0
0.665,0.7546874999999997,0
0.665,0.8265625000000001,0
0.665,0.8984375,0
0.665,0.9703124999999999,0
0.665,1.0421874999999998,0
0.665,1.1140624999999997,0
0.665,1.1859375,0
0.665,1.2578125,0
0.665,1.3296875,0
0.665,1.4015624999999998,0
0.665,1.4734374999999997,0
0.665,1.5453125,0
0.665,1.6171875,0
0.665,1.6890625,0
0.665,1.7609374999999998,0
0.665,1.8328125000000002,0
0.665,1.9046874999999996,0
0.665,1.9765625,0
0.665,2.0484374999999995,0
0.665,2.1203125,0
0.665,2.1921875,0
0.665,2.2640624999999996,0
0.675,-2.2640624999999996,0
0.675,-2.1921874999999997,0
0.675,-2.1203125,0
0.675,-2.0484375,0
0.675,-1.9765624999999998,0
0.675,-1.9046874999999999,0
0.675,-1.8328124999999997,0
0.675,-1.7609374999999998,0
0.675,-1.6890625,0
0.675,-1.6171875,0
0.675,-1.5453124999999999,0
0.675,-1.4734374999999997,0
0.675,-1.4015624999999998,0
0.675,-1.3296875,0
0.675,-1.2578125,0
0.675,-1.1859374999999999,0
0.675,-1.1140625,0
0.675,-1.0421874999999998,0
0.675,-0.9703124999999999,0
0.675,-0.8984375,0
0.675,-0.8265624999999999,0
0.675,-0.7546875,0
0.675,-0.6828125,0
0.675,-0.6109374999999999,0
0.675,-0.5390625,0
0.675,-0.46718749999999987,0
0.675,-0.39531249999999996,199
0.675,-0.32343750000000004,4366
0.675,-0.2515624999999999,64110
0.675,-0.1796875,284938
0.675,-0.10781250000000009,293737
0.675,-0.03593750000000018,282812
0.675,0.03593750000000018,284324
0.675,0.10781250000000009,294202
0.675,0.1796875,282939
0.675,0.2515624999999999,65484
0.675,0.3234374999999998,4668
0.675,0.3953125000000002,208
0.675,0.4671875000000001,0
0.675,0.5390625,0
0.675,0.6109374999999999,0
0.675,0.6828124999999998,0
0.675,0.7546874999999997,0
0.675,0.8265625000000001,0
0.675,0.8984375,0
0.675,0.9703124999999999,0
0.675,1.0421874999999998,0
0.675,1.1140624999999997,0
0.675,1.1859375,0
0.675,1.2578125,0
0.675,1.3296875,0
0.675,1.4015624999999998,0
0.675,1.4734374999999997,0
0.675,1.5453125,0
0.675,1.6171875,0
0.675,1.6890625,0
0.675,1.7609374999999998,0
0.675,1.8328125000000002,0
0.675,1.9046874999999996,0
0.675,1.9765625,0
0.675,2.0484374999999995,0
0.675,2.1203125,0
0.675,2.1921875,0
0.675,2.2640624999999996,0
0.685,-2.2640624999999996,0
0.685,-2.1921874999999997,0
0.685,-2.1203125,0
0.685,-2.0484375,0
0.685,-1.9765624999999998,0
0.685,-1.9046874999999999,0
0.685,-1.8328124999999997,0
0.685,-1.7609374999999998,0
0.685,-1.6890625,0
0.685,-1.6171875,0
0.685,-1.5453124999999999,0
0.685,-1.4734374999999997,0
0.685,-1.4015624999999998,0
0.685,-1.3296875,0
0.685,-1.2578125,0
0.685,-1.1859374999999999,0
0.685,-1.1140625,0
0.685,-1.0421874999999998,0
0.685,-0.9703124999999999,0
0.685,-0.8984375,0
0.685,-0.8265624999999999,0
0.685,-0.7546875,0
0.685,-0.6828125,0
0.685,-0.6109374999999999,0
0.685,-0.5390625,0
0.685,-0.46718749999999987,0
0.685,-0.39531249999999996,1
0.685,-0.32343750000000004,857
0.685,-0.2515624999999999,11766
0.685,-0.1796875,184573
0.685,-0.10781250000000009,309916
0.685,-0.03593750000000018,296715
0.685,0.03593750000000018,297137
0.685,0.10781250000000009,309789
0.685,0.1796875,183860
0.685,0.2515624999999999,12377
0.685,0.3234374999999998,951
0.685,0.3953125000000002,1
0.685,0.4671875000000001,0
0.685,0.5390625,0
0.685,0.6109374999999999,0
0.685,0.6828124999999998,0
0.685,0.7546874999999997,0
0.685,0.8265625000000001,0
0.685,0.8984375,0
0.685,0.9703124999999999,0
0.685,1.0421874999999998,0
0.685,1.1140624999999997,0
0.685,1.1859375,0
0.685,1.2578125,0
0.685,1.3296875,0
0.685,1.4015624999999998,0
0.685,1.4734374999999997,0
0.685,1.5453125,0
0.685,1.6171875,0
0.685,1.6890625,0
0.685,1.7609374999999998,0
0.685,1.8328125000000002,0
0.685,1.9046874999999996,0
0.685,1.9765625,0
0.685,2.0484374999999995,0
0.685,2.1203125,0
0.685,2.1921875,0
0.685,2.2640624999999996,0
0.695,-2.2640624999999996,0
0.695,-2.1921874999999997,0
0.695,-2.1203125,0
0.695,-2.0484375,0
0.695,-1.9765624999999998,0
0.695,-1.9046874999999999,0
0.695,-1.8328124999999997,0
0.695,-1.7609374999999998,0
0.695,-1.6890625,0
0.695,-1.6171875,0
0.695,-1.5453124999999999,0
0.695,-1.4734374999999997,0
0.695,-1.4015624999999998,0
0.695,-1.3296875,0
0.695,-1.2578125,0
0.695,-1.1859374999999999,0
0.695,-1.1140625,0
0.695,-1.0421874999999998,0
0.695,-0.9703124999999999,0
0.695,-0.8984375,0
0.695,-0.8265624999999999,0
0.695,-0.7546875,0
0.695,-0.6828125,0
0.695,-0.6109374999999999,0
0.695,-0.5390625,0
0.695,-0.46718749999999987,0
0.695,-0.39531249999999996,0
0.695,-0.32343750000000004,39
0.695,-0.2515624999999999,2968
0.695,-0.1796875,54810
0.695,-0.10781250000000009,303780
0.695,-0.03593750000000018,310989
0.695,0.03593750000000018,311217
0.695,0.10781250000000009,304241
0.695,0.1796875,53763
0.695,0.2515624999999999,3291
0.695,0.3234374999999998,47
0.695,0.3953125000000002,0
0.695,0.4671875000000001,0
0.695,0.5390625,0
0.695,0.6109374999999999,0
0.695,0.6828124999999998,0
0.695,0.7546874999999997,0
0.695,0.8265625000000001,0
0.695,0.8984375,0
0.695,0.9703124999999999,0
0.695,1.0421874999999998,0
0.695,1.1140624999999997,0
0.695,1.1859375,0
0.695,1.2578125,0
0.695,1.3296875,0
0.695,1.4015624999999998,0
0.695,1.4734374999999997,0
0.695,1.5453125,0
0.695,1.6171875,0
0.695,1.6890625,0
0.695,1.7609374999999998,0
0.695,1.8328125000000002,0
0.695,1.9046874999999996,0
0.695,1.9765625,0
0.695,2.0484374999999995,0
0.695,2.1203125,0
0.695,2.1921875,0
0.695,2.2640624999999996,0
0.705,-2.2640624999999996,0
0.705,-2.1921874999999997,0
0.705,-2.1203125,0
0.705,-2.0484375,0
0.705,-1.9765624999999998,0
0.705,-1.9046874999999999,0
0.705,-1.8328124999999997,0
0.705,-1.7609374999999998,0
0.705,-1.6890625,0
0.705,-1.6171875,0
0.705,-1.5453124999999999,0
0.705,-1.4734374999999997,0
0.705,-1.4015624999999998,0
0.705,-1.3296875,0
0.705,-1.2578125,0
0.705,-1.1859374999999999,0
0.705,-1.1140625,0
0.705,-1.0421874999999998,0
0.705,-0.9703124999999999,0
0.705,-0.8984375,0
0.705,-0.8265624999999999,0
0.705,-0.7546875,0
0.705,-0.6828125,0
0.705,-0.6109374999999999,0
0.705,-0.5390625,0
0.705,-0.46718749999999987,0
0.705,-0.39531249999999996,0
0.705,-0.32343750000000004,0
0.705,-0.2515624999999999,512
0.705,-0.1796875,11590
0.705,-0.10781250000000009,203413
0.705,-0.03593750000000018,326583
0.705,0.03593750000000018,326657
0.705,0.10781250000000009,204810
0.705,0.1796875,10772
0.705,0.2515624999999999,543
0.705,0.3234374999999998,0
0.705,0.3953125000000002,0
0.705,0.4671875000000001,0
0.705,0.5390625,0
0.705,0.6109374999999999,0
0.705,0.6828124999999998,0
0.705,0.7546874999999997,0
0.705,0.8265625000000001,0
0.705,0.8984375,0
0.705,0.9703124999999999,0
0.705,1.0421874999999998,0
0.705,1.1140624999999997,0
0.705,1.1859375,0
0.705,1.2578125,0
0.705,1.3296875,0
0.705,1.4015624999999998,0
0.705,1.4734374999999997,0
0.705,1.5453125,0
0.705,1.6171875,0
0.705,1.6890625,0
0.705,1.7609374999999998,0
0.705,1.8328125000000002,0
0.705,1.9046874999999996,0
0.705,1.9765625,0
0.705,2.0484374999999995,0
0.705,2.1203125,0
0.705,2.1921875,0
0.705,2.2640624999999996,0
0.715,-2.2640624999999996,0
0.715,-2.1921874999999997,0
0.715,-2.1203125,0
0.715,-2.0484375,0
0.715,-1.9765624999999998,0
0.715,-1.9046874999999999,0
0.715,-1.8328124999999997,0
0.715,-1.7609374999999998,0
0.715,-1.6890625,0
0.715,-1.6171875,0
0.715,-1.5453124999999999,0
0.715,-1.4734374999999997,0
0.715,-1.4015624999999998,0
0.715,-1.3296875,0
0.715,-1.2578125,0
0.715,-1.1859374999999999,0
0.715,-1.1140625,0
0.715,-1.0421874999999998,0
0.715,-0.9703124999999999,0
0.715,-0.8984375,0
0.715,-0.8265624999999999,0
0.715,-0.7546875,0
0.715,-0.6828125,0
0.715,-0.6109374999999999,0
0.715,-0.5390625,0
0.715,-0.46718749999999987,0
0.715,-0.39531249999999996,0
0.715,-0.32343750000000004,0
0.715,-0.2515624999999999,4
0.715,-0.1796875,2831
0.715,-0.10781250000000009,80952
0.715,-0.03593750000000018,335303
0.715,0.03593750000000018,335821
0.715,0.10781250000000009,80288
0.715,0.1796875,2385
0.715,0.2515624999999999,9
0.715,0.3234374999999998,0
0.715,0.3953125000000002,0
0.715,0.4671875000000001,0
0.715,0.5390625,0
0.715,0.6109374999999999,0
0.715,0.6828124999999998,0
0.715,0.7546874999999997,0
0.715,0.8265625000000001,0
0.715,0.8984375,0
0.715,0.9703124999999999,0
0.715,1.0421874999999998,0
0.715,1.1140624999999997,0
0.715,1.1859375,0
0.715,1.2578125,0
0.715,1.3296875,0
0.715,1.4015624999999998,0
0.715,1.4734374999999997,0
0.715,1.5453125,0
0.715,1.6171875,0
0.715,1.6890625,0
0.715,1.7609374999999998,0
0.715,1.8328125000000002,0
0.715,1.9046874999999996,0
0.715,1.9765625,0
0.715,2.0484374999999995,0
0.715,2.1203125,0
0.715,2.1921875,0
0.715,2.2640624999999996,0
0.725,-2.2640624999999996,0
0.725,-2.1921874999999997,0
0.725,-2.1203125,0
0.725,-2.0484375,0
0.725,-1.9765624999999998,0
0.725,-1.9046874999999999,0
0.725,-1.8328124999999997,0
0.725,-1.7609374999999998,0
0.725,-1.6890625,0
0.725,-1.6171875,0
0.725,-1.5453124999999999,0
0.725,-1.4734374999999997,0
0.725,-1.4015624999999998,0
0.725,-1.3296875,0
0.725,-1.2578125,0
0.725,-1.1859374999999999,0
0.725,-1.1140625,0
0.725,-1.0421874999999998,0
0.725,-0.9703124999999999,0
0.725,-0.8984375,0
0.725,-0.8265624999999999,0
0.725,-0.7546875,0
0.725,-0.6828125,0
0.725,-0.6109374999999999,0
0.725,-0.5390625,0
0.725,-0.46718749999999987,0
0.725,-0.39531249999999996,0
0.725,-0.32343750000000004,0
0.725,-0.2515624999999999,0
0.725,-0.1796875,389
0.725,-0.10781250000000009,19184
0.725,-0.03593750000000018,287546
0.725,0.03593750000000018,287980
0.725,0.10781250000000009,18997
0.725,0.1796875,325
0.725,0.2515624999999999,0
0.725,0.3234374999999998,0
0.725,0.3953125000000002,0
0.725,0.4671875000000001,0
0.725,0.5390625,0
0.725,0.6109374999999999,0
0.725,0.6828124999999998,0
0.725,0.7546874999999997,0
0.725,0.8265625000000001,0
0.725,0.8984375,0
0.725,0.9703124999999999,0
0.725,1.0421874999999998,0
0.725,1.1140624999999997,0
0.725,1.1859375,0
0.725,1.2578125,0
0.725,1.3296875,0
0.725,1.4015624999999998,0
0.725,1.4734374999999997,0
0.725,1.5453125,0
0.725,1.6171875,0
0.725,1.6890625,0
0.725,1.7609374999999998,0
0.725,1.8328125000000002,0
0.725,1.9046874999999996,0
0.725,1.9765625,0
0.725,2.0484374999999995,0
0.725,2.1203125,0
0.725,2.1921875,0
0.725,2.2640624999999996,0
0.735,-2.2640624999999996,0
0.735,-2.1921874999999997,0
0.735,-2.1203125,0
0.735,-2.0484375,0
0.735,-1.9765624999999998,0
0.735,-1.9046874999999999,0
0.735,-1.8328124999999997,0
0.735,-1.7609374999999998,0
0.735,-1.6890625,0
0.735,-1.6171875,0
0.735,-1.5453124999999999,0
0.735,-1.4734374999999997,0
0.735,-1.4015624999999998,0
0.735,-1.3296875,0
0.735,-1.2578125,0
0.735,-1.1859374999999999,0
0.735,-1.1140625,0
0.735,-1.0421874999999998,0
0.735,-0.9703124999999999,0
0.735,-0.8984375,0
0.735,-0.8265624999999999,0
0.735,-0.7546875,0
0.735,-0.6828125,0
0.735,-0.6109374999999999,0
0.735,-0.5390625,0
0.735,-0.46718749999999987,0
0.735,-0.39531249999999996,0
0.735,-0.32343750000000004,0
0.735,-0.2515624999999999,0
0.735,-0.1796875,7
0.735,-0.10781250000000009,4950
0.735,-0.03593750000000018,205426
0.735,0.03593750000000018,205955
0.735,0.10781250000000009,4971
0.735,0.1796875,4
0.735,0.2515624999999999,0
0.735,0.3234374999999998,0
0.735,0.3953125000000002,0
0.735,0.4671875000000001,0
0.735,0.5390625,0
0.735,0.6109374999999999,0
0.735,0.6828124999999998,0
0.735,0.7546874999999997,0
0.735,0.8265625000000001,0
0.735,0.8984375,0
0.735,0.9703124999999999,0
0.735,1.0421874999999998,0
0.735,1.1140624999999997,0
0.735,1.1859375,0
0.735,1.2578125,0
0.735,1.3296875,0
0.735,1.4015624999999998,0
0.735,1.4734374999999997,0
0.735,1.5453125,0
0.735,1.6171875,0
0.735,1.6890625,0
0.735,1.7609374999999998,0
0.735,1.8328125000000002,0
0.735,1.9046874999999996,0
0.735,1.9765625,0
0.735,2.0484374999999995,0
0.735,2.1203125,0
0.735,2.1921875,0
0.735,2.2640624999999996,0
0.745,-2.2640624999999996,0
0.745,-2.1921874999999997,0
0.745,-2.1203125,0
0.745,-2.0484375,0
0.745,-1.9765624999999998,0
0.745,-1.9046874999999999,0
0.745,-1.8328124999999997,0
0.745,-1.7609374999999998,0
0.745,-1.6890625,0
0.745,-1.6171875,0
0.745,-1.5453124999999999,0
0.745,-1.4734374999999997,0
0.745,-1.4015624999999998,0
0.745,-1.3296875,0
0.745,-1.2578125,0
0.745,-1.1859374999999999,0
0.745,-1.1140625,0
0.745,-1.0421874999999998,0
0.745,-0.9703124999999999,0
0.745,-0.8984375,0
0.745,-0.8265624999999999,0
0.745,-0.7546875,0
0.745,-0.6828125,0
0.745,-0.6109374999999999,0
0.745,-0.5390625,0
0.745,-0.46718749999999987,0
0.745,-0.39531249999999996,0
0.745,-0.32343750000000004,0
0.745,-0.2515624999999999,0
0.745,-0.1796875,0
0.745,-0.10781250000000009,944
0.745,-0.03593750000000018,131383
0.745,0.03593750000000018,131387
0.745,0.10781250000000009,1084
0.745,0.1796875,0
0.745,0.2515624999999999,0
0.745,0.3234374999999998,0
0.745,0.3953125000000002,0
0.745,0.4671875000000001,0
0.745,0.5390625,0
0.745,0.6109374999999999,0
0.745,0.6828124999999998,0
0.745,0.7546874999999997,0
0.745,0.8265625000000001,0
0.745,0.8984375,0
0.745,0.9703124999999999,0
0.745,1.0421874999999998,0
0.745,1.1140624999999997,0
0.745,1.1859375,0
0.745,1.2578125,0
0.745,1.3296875,0
0.745,1.4015624999999998,0
0.745,1.4734374999999997,0
0.745,1.5453125,0
0.745,1.6171875,0
0.745,1.6890625,0
0.745,1.7609374999999998,0
0.745,1.8328125000000002,0
0.745,1.9046874999999996,0
0.745,1.9765625,0
0.745,2.0484374999999995,0
0.745,2.1203125,0
0.745,2.1921875,0
0.745,2.2640624999999996,0
0.755,-2.2640624999999996,0
0.755,-2.1921874999999997,0
0.755,-2.1203125,0
0.755,-2.0484375,0
0.755,-1.9765624999999998,0
0.755,-1.9046874999999999,0
0.755,-1.8328124999999997,0
0.755,-1.7609374999999998,0
0.755,-1.6890625,0
0.755,-1.6171875,0
0.755,-1.5453124999999999,0
0.755,-1.4734374999999997,0
0.755,-1.4015624999999998,0
0.755,-1.3296875,0
0.755,-1.2578125,0
0.755,-1.1859374999999999,0
0.755,-1.1140625,0
0.755,-1.0421874999999998,0
0.755,-0.9703124999999999,0
0.755,-0.8984375,0
0.755,-0.8265624999999999,0
0.755,-0.7546875,0
0.755,-0.6828125,0
0.755,-0.6109374999999999,0
0.755,-0.5390625,0
0.755,-0.46718749999999987,0
0.755,-0.39531249999999996,0
0.755,-0.32343750000000004,0
0.755,-0.2515624999999999,0
0.755,-0.1796875,0
0.755,-0.10781250000000009,107
0.755,-0.03593750000000018,73874
0.755,0.03593750000000018,72502
0.755,0.10781250000000009,104
0.755,0.1796875,0
0.755,0.2515624999999999,0
0.755,0.3234374999999998,0
0.755,0.3953125000000002,0
0.755,0.4671875000000001,0
0.755,0.5390625,0
0.755,0.6109374999999999,0
0.755,0.6828124999999998,0
0.755,0.7546874999999997,0
0.755,0.8265625000000001,0
0.755,0.8984375,0
0.755,0.9703124999999999,0
0.755,1.0421874999999998,0
0.755,1.1140624999999997,0
0.755,1.1859375,0
0.755,1.2578125,0
0.755,1.3296875,0
0.755,1.4015624999999998,0
0.755,1.4734374999999997,0
0.755,1.5453125,0
0.755,1.6171875,0
0.755,1.6890625,0
0.755,1.7609374999999998,0
0.755,1.8328125000000002,0
0.755,1.9046874999999996,0
0.755,1.9765625,0
0.755,2.0484374999999995,0
0.755,2.1203125,0
0.755,2.1921875,0
0.755,2.2640624999999996,0
0.765,-2.2640624999999996,0
0.765,-2.1921874999999997,0
0.765,-2.1203125,0
0.765,-2.0484375,0
0.765,-1.9765624999999998,0
0.765,-1.9046874999999999,0
0.765,-1.8328124999999997,0
0.765,-1.7609374999999998,0
0.765,-1.6890625,0
0.765,-1.6171875,0
0.765,-1.5453124999999999,0
0.765,-1.4734374999999997,0
0.765,-1.4015624999999998,0
0.765,-1.3296875,0
0.765,-1.2578125,0
0.765,-1.1859374999999999,0
0.765,-1.1140625,0
0.765,-1.0421874999999998,0
0.765,-0.9703124999999999,0
0.765,-0.8984375,0
0.765,-0.8265624999999999,0
0.765,-0.7546875,0
0.765,-0.6828125,0
0.765,-0.6109374999999999,0
0.765,-0.5390625,0
0.765,-0.46718749999999987,0
0.765,-0.39531249999999996,0
0.765,-0.32343750000000004,0
0.765,-0.2515624999999999,0
0.765,-0.1796875,0
0.765,-0.10781250000000009,15
0.765,-0.03593750000000018,34978
0.765,0.03593750000000018,34699
0.765,0.10781250000000009,17
0.765,0.1796875,0
0.765,0.2515624999999999,0
0.765,0.3234374999999998,0
0.765,0.3953125000000002,0
0.765,0.4671875000000001,0
0.765,0.5390625,0
0.765,0.6109374999999999,0
0.765,0.6828124999999998,0
0.765,0.7546874999999997,0
0.765,0.8265625000000001,0
0.765,0.8984375,0
0.765,0.9703124999999999,0
0.765,1.0421874999999998,0
0.765,1.1140624999999997,0
0.765,1.1859375,0
0.765,1.2578125,0
0.765,1.3296875,0
0.765,1.4015624999999998,0
0.765,1.4734374999999997,0
0.765,1.5453125,0
0.765,1.6171875,0
0.765,1.6890625,0
0.765,1.7609374999999998,0
0.765,1.8328125000000002,0
0.765,1.9046874999999996,0
0.765,1.9765625,0
0.765,2.0484374999999995,0
0.765,2.1203125,0
0.765,2.1921875,0
0.765,2.2640624999999996,0
0.775,-2.2640624999999996,0
0.775,-2.1921874999999997,0
0.775,-2.1203125,0
0.775,-2.0484375,0
0.775,-1.9765624999999998,0
0.775,-1.9046874999999999,0
0.775,-1.8328124999999997,0
0.775,-1.7609374999999998,0
0.775,-1.6890625,0
0.775,-1.6171875,0
0.775,-1.5453124999999999,0
0.775,-1.4734374999999997,0
0.775,-1.4015624999999998,0
0.775,-1.3296875,0
0.775,-1.2578125,0
0.775,-1.1859374999999999,0
0.775,-1.1140625,0
0.775,-1.0421874999999998,0
0.775,-0.9703124999999999,0
0.775,-0.8984375,0
0.775,-0.8265624999999999,0
0.775,-0.7546875,0
0.775,-0.6828125,0
0.775,-0.6109374999999999,0
0.775,-0.5390625,0
0.775,-0.46718749999999987,0
0.775,-0.39531249999999996,0
0.775,-0.32343750000000004,0
0.775,-0.2515624999999999,0
0.775,-0.1796875,0
0.775,-0.10781250000000009,0
0.775,-0.03593750000000018,15738
0.775,0.03593750000000018,15793
0.775,0.10781250000000009,0
0.775,0.1796875,0
0.775,0.2515624999999999,0
0.775,0.3234374999999998,0
0.775,0.3953125000000002,0
0.775,0.4671875000000001,0
0.775,0.5390625,0
0.775,0.6109374999999999,0
0.775,0.6828124999999998,0
0.775,0.7546874999999997,0
0.775,0.8265625000000001,0
0.775,0.8984375,0
0.775,0.9703124999999999,0
0.775,1.0421874999999998,0
0.775,1.1140624999999997,0
0.775,1.1859375,0
0.775,1.2578125,0
0.775,1.3296875,0
0.775,1.4015624999999998,0
0.775,1.4734374999999997,0
0.775,1.5453125,0
0.775,1.6171875,0
0.775,1.6890625,0
0.775,1.7609374999999998,0
0.775,1.8328125000000002,0
0.775,1.9046874999999996,0
0.775,1.9765625,0
0.775,2.0484374999999995,0
0.775,2.1203125,0
0.775,2.1921875,0
0.775,2.2640624999999996,0
0.785,-2.2640624999999996,0
0.785,-2.1921874999999997,0
0.785,-2.1203125,0
0.785,-2.0484375,0
0.785,-1.9765624999999998,0
0.785,-1.9046874999999999,0
0.785,-1.8328124999999997,0
0.785,-1.7609374999999998,0
0.785,-1.6890625,0
0.785,-1.6171875,0
0.785,-1.5453124999999999,0
0.785,-1.4734374999999997,0
0.785,-1.4015624999999998,0
0.785,-1.3296875,0
0.785,-1.2578125,0
0.785,-1.1859374999999999,0
0.785,-1.1140625,0
0.785,-1.0421874999999998,0
0.785,-0.9703124999999999,0
0.785,-0.8984375,0
0.785,-0.8265624999999999,0
0.785,-0.7546875,0
0.785,-0.6828125,0
0.785,-0.6109374999999999,0
0.785,-0.5390625,0
0.785,-0.46718749999999987,0
0.785,-0.39531249999999996,0
0.785,-0.32343750000000004,0
0.785,-0.2515624999999999,0
0.785,-0.1796875,0
0.785,-0.10781250000000009,0
0.785,-0.03593750000000018,9686
0.785,0.03593750000000018,9379
0.785,0.10781250000000009,0
0.785,0.1796875,0
0.785,0.2515624999999999,0
0.785,0.3234374999999998,0
0.785,0.3953125000000002,0
0.785,0.4671875000000001,0
0.785,0.5390625,0
0.785,0.6109374999999999,0
0.785,0.6828124999999998,0
0.785,0.7546874999999997,0
0.785,0.8265625000000001,0
0.785,0.8984375,0
0.785,0.9703124999999999,0
0.785,1.0421874999999998,0
0.785,1.1140624999999997,0
0.785,1.1859375,0
0.785,1.2578125,0
0.785,1.3296875,0
0.785,1.4015624999999998,0
0.785,1.4734374999999997,0
0.785,1.5453125,0
0.785,1.6171875,0
0.785,1.6890625,0
0.785,1.7609374999999998,0
0.785,1.8328125000000002,0
0.785,1.9046874999999996,0
0.785,1.9765625,0
0.785,2.0484374999999995,0
0.785,2.1203125,0
0.785,2.1921875,0
0.785,2.2640624999999996,0
0.795,-2.2640624999999996,0
0.795,-2.1921874999999997,0
0.795,-2.1203125,0
0.795,-2.0484375,0
0.795,-1.9765624999999998,0
0.795,-1.9046874999999999,0
0.795,-1.8328124999999997,0
0.795,-1.7609374999999998,0
0.795,-1.6890625,0
0.795,-1.6171875,0
0.795,-1.5453124999999999,0
0.795,-1.4734374999999997,0
0.795,-1.4015624999999998,0
0.795,-1.3296875,0
0.795,-1.2578125,0
0.795,-1.1859374999999999,0
0.795,-1.1140625,0
0.795,-1.0421874999999998,0
0.795,-0.9703124999999999,0
0.795,-0.8984375,0
0.795,-0.8265624999999999,0
0.795,-0.7546875,0
0.795,-0.6828125,0
0.795,-0.6109374999999999,0
0.795,-0.5390625,0
0.795,-0.46718749999999987,0
0.795,-0.39531249999999996,0
0.795,-0.32343750000000004,0
0.795,-0.2515624999999999,0
0.795,-0.1796875,0
0.795,-0.10781250000000009,0
0.795,-0.03593750000000018,7817
0.795,0.03593750000000018,7608
0.795,0.10781250000000009,0
0.795,0.1796875,0
0.795,0.2515624999999999,0
0.795,0.3234374999999998,0
0.795,0.3953125000000002,0
0.795,0.4671875000000001,0
0.795,0.5390625,0
0.795,0.6109374999999999,0
0.795,0.6828124999999998,0
0.795,0.7546874999999997,0
0.795,0.8265625000000001,0
0.795,0.8984375,0
0.795,0.9703124999999999,0
0.795,1.0421874999999998,0
0.795,1.1140624999999997,0
0.795,1.1859375,0
0.795,1.2578125,0
0.795,1.3296875,0
0.795,1.4015624999999998,0
0.795,1.4734374999999997,0
0.795,1.5453125,0
0.795,1.6171875,0
0.795,1.6890625,0
0.795,1.7609374999999998,0
0.795,1.8328125000000002,0
0.795,1.9046874999999996,0
0.795,1.9765625,0
0.795,2.0484374999999995,0
0.795,2.1203125,0
0.795,2.1921875,0
0.795,2.2640624999999996,0
0.805,-2.2640624999999996,0
0.805,-2.1921874999999997,0
0.805,-2.1203125,0
0.805,-2.0484375,0
0.805,-1.9765624999999998,0
0.805,-1.9046874999999999,0
0.805,-1.8328124999999997,0
0.805,-1.7609374999999998,0
0.805,-1.6890625,0
0.805,-1.6171875,0
0.805,-1.5453124999999999,0
0.805,-1.4734374999999997,0
0.805,-1.4015624999999998,0
0.805,-1.3296875,0
0.805,-1.2578125,0
0.805,-1.1859374999999999,0
0.805,-1.1140625,0
0.805,-1.0421874999999998,0
0.805,-0.9703124999999999,0
0.805,-0.8984375,0
0.805,-0.8265624999999999,0
0.805,-0.7546875,0
0.805,-0.6828125,0
0.805,-0.6109374999999999,0
0.805,-0.5390625,0
0.805,-0.46718749999999987,0
0.805,-0.39531249999999996,0
0.805,-0.32343750000000004,0
0.805,-0.2515624999999999,0
0.805,-0.1796875,0
0.805,-0.10781250000000009,0
0.805,-0.03593750000000018,6528
0.805,0.03593750000000018,6193
0.805,0.10781250000000009,0
0.805,0.1796875,0
0.805,0.2515624999999999,0
0.805,0.3234374999999998,0
0.805,0.3953125000000002,0
0.805,0.4671875000000001,0
0.805,0.5390625,0
0.805,0.6109374999999999,0
0.805,0.6828124999999998,0
0.805,0.7546874999999997,0
0.805,0.8265625000000001,0
0.805,0.8984375,0
0.805,0.9703124999999999,0
0.805,1.0421874999999998,0
0.805,1.1140624999999997,0
0.805,1.1859375,0
0.805,1.2578125,0
0.805,1.3296875,0
0.805,1.4015624999999998,0
0.805,1.4734374999999997,0
0.805,1.5453125,0
0.805,1.6171875,0
0.805,1.6890625,0
0.805,1.7609374999999998,0
0.805,1.8328125000000002,0
0.805,1.9046874999999996,0
0.805,1.9765625,0
0.805,2.0484374999999995,0
0.805,2.1203125,0
0.805,2.1921875,0
0.805,2.2640624999999996,0
0.815,-2.2640624999999996,0
0.815,-2.1921874999999997,0
0.815,-2.1203125,0
0.815,-2.0484375,0
0.815,-1.9765624999999998,0
0.815,-1.9046874999999999,0
0.815,-1.8328124999999997,0
0.815,-1.7609374999999998,0
0.815,-1.6890625,0
0.815,-1.6171875,0
0.815,-1.5453124999999999,0
0.815,-1.4734374999999997,0
0.815,-1.4015624999999998,0
0.815,-1.3296875,0
0.815,-1.2578125,0
0.815,-1.1859374999999999,0
0.815,-1.1140625,0
0.815,-1.0421874999999998,0
0.815,-0.9703124999999999,0
0.815,-0.8984375,0
0.815,-0.8265624999999999,0
0.815,-0.7546875,0
0.815,-0.6828125,0
0.815,-0.6109374999999999,0
0.815,-0.5390625,0
0.815,-0.46718749999999987,0
0.815,-0.39531249999999996,0
0.815,-0.32343750000000004,0
0.815,-0.2515624999999999,0
0.815,-0.1796875,0
0.815,-0.10781250000000009,0
0.815,-0.03593750000000018,5026
0.815,0.03593750000000018,4851
0.815,0.10781250000000009,0
0.815,0.1796875,0
0.815,0.2515624999999999,0
0.815,0.3234374999999998,0
0.815,0.3953125000000002,0
0.815,0.4671875000000001,0
0.815,0.5390625,0
0.815,0.6109374999999999,0
0.815,0.6828124999999998,0
0.815,0.7546874999999997,0
0.815,0.8265625000000001,0
0.815,0.8984375,0
0.815,0.9703124999999999,0
0.815,1.0421874999999998,0
0.815,1.1140624999999997,0
0.815,1.1859375,0
0.815,1.2578125,0
0.815,1.3296875,0
0.815,1.4015624999999998,0
0.815,1.4734374999999997,0
0.815,1.5453125,0
0.815,1.6171875,0
0.815,1.6890625,0
0.815,1.7609374999999998,0
0.815,1.8328125000000002,0
0.815,1.9046874999999996,0
0.815,1.9765625,0
0.815,2.0484374999999995,0
0.815,2.1203125,0
0.815,2.1921875,0
0.815,2.2640624999999996,0
0.825,-2.2640624999999996,0
0.825,-2.1921874999999997,0
0.825,-2.1203125,0
0.825,-2.0484375,0
0.825,-1.9765624999999998,0
0.825,-1.9046874999999999,0
0.825,-1.8328124999999997,0
0.825,-1.7609374999999998,0
0.825,-1.6890625,0
0.825,-1.6171875,0
0.825,-1.5453124999999999,0
0.825,-1.4734374999999997,0
0.825,-1.4015624999999998,0
0.825,-1.3296875,0
0.825,-1.2578125,0
0.825,-1.1859374999999999,0
0.825,-1.1140625,0
0.825,-1.0421874999999998,0
0.825,-0.9703124999999999,0
0.825,-0.8984375,0
0.825,-0.8265624999999999,0
0.825,-0.7546875,0
0.825,-0.6828125,0
0.825,-0.6109374999999999,0
0.825,-0.5390625,0
0.825,-0.46718749999999987,0
0.825,-0.39531249999999996,0
0.825,-0.32343750000000004,0
0.825,-0.2515624999999999,0
0.825,-0.1796875,0
0.825,-0.10781250000000009,0
0.825,-0.03593750000000018,3595
0.825,0.03593750000000018,3531
0.825,0.10781250000000009,0
0.825,0.1796875,0
0.825,0.2515624999999999,0
0.825,0.3234374999999998,0
0.825,0.3953125000000002,0
0.825,0.4671875000000001,0
0.825,0.5390625,0
0.825,0.6109374999999999,0
0.825,0.6828124999999998,0
0.825,0.7546874999999997,0
0.825,0.8265625000000001,0
0.825,0.8984375,0
0.825,0.9703124999999999,0
0.825,1.0421874999999998,0
0.825,1.1140624999999997,0
0.825,1.1859375,0
0.825,1.2578125,0
0.825,1.3296875,0
0.825,1.4015624999999998,0
0.825,1.4734374999999997,0
0.825,1.5453125,0
0.825,1.6171875,0
0.825,1.6890625,0
0.825,1.7609374999999998,0
0.825,1.8328125000000002,0
0.825,1.9046874999999996,0
0.825,1.9765625,0
0.825,2.0484374999999995,0
0.825,2.1203125,0
0.825,2.1921875,0
0.825,2.2640624999999996,0
0.835,-2.2640624999999996,0
0.835,-2.1921874999999997,0
0.835,-2.1203125,0
0.835,-2.0484375,0
0.835,-1.9765624999999998,0
0.835,-1.9046874999999999,0
0.835,-1.8328124999999997,0
0.835,-1.7609374999999998,0
0.835,-1.6890625,0
0.835,-1.6171875,0
0.835,-1.5453124999999999,0
0.835,-1.4734374999999997,0
0.835,-1.4015624999999998,0
0.835,-1.3296875,0
0.835,-1.2578125,0
0.835,-1.1859374999999999,0
0.835,-1.1140625,0
0.835,-1.0421874999999998,0
0.835,-0.9703124999999999,0
0.835,-0.8984375,0
0.835,-0.8265624999999999,0
0.835,-0.7546875,0
0.835,-0.6828125,0
0.835,-0.6109374999999999,0
0.835,-0.5390625,0
0.835,-0.46718749999999987,0
0.835,-0.39531249999999996,0
0.835,-0.32343750000000004,0
0.835,-0.2515624999999999,0
0.835,-0.1796875,0
0.835,-0.10781250000000009,0
0.835,-0.03593750000000018,2465
0.835,0.03593750000000018,2428
0.835,0.10781250000000009,0
0.835,0.1796875,0
0.835,0.2515624999999999,0
0.835,0.3234374999999998,0
0.835,0.3953125000000002,0
0.835,0.4671875000000001,0
0.835,0.5390625,0
0.835,0.6109374999999999,0
0.835,0.6828124999999998,0
0.835,0.7546874999999997,0
0.835,0.8265625000000001,0
0.835,0.8984375,0
0.835,0.9703124999999999,0
0.835,1.0421874999999998,0
0.835,1.1140624999999997,0
0.835,1.1859375,0
0.835,1.2578125,0
0.835,1.3296875,0
0.835,1.4015624999999998,0
0.835,1.4734374999999997,0
0.835,1.5453125,0
0.835,1.6171875,0
0.835,1.6890625,0
0.835,1.7609374999999998,0
0.835,1.8328125000000002,0
0.835,1.9046874999999996,0
0.835,1.9765625,0
0.835,2.0484374999999995,0
0.835,2.1203125,0
0.835,2.1921875,0
0.835,2.2640624999999996,0
0.845,-2.2640624999999996,0
0.845,-2.1921874999999997,0
0.845,-2.1203125,0
0.845,-2.0484375,0
0.845,-1.9765624999999998,0
0.845,-1.9046874999999999,0
0.845,-1.8328124999999997,0
0.845,-1.7609374999999998,0
0.845,-1.6890625,0
0.845,-1.6171875,0
0.845,-1.5453124999999999,0
0.845,-1.4734374999999997,0
0.845,-1.4015624999999998,0
0.845,-1.3296875,0
0.845,-1.2578125,0
0.845,-1.1859374999999999,0
0.845,-1.1140625,0
0.845,-1.0421874999999998,0
0.845,-0.9703124999999999,0
0.845,-0.8984375,0
0.845,-0.8265624999999999,0
0.845,-0.7546875,0
0.845,-0.6828125,0
0.845,-0.6109374999999999,0
0.845,-0.5390625,0
0.845,-0.46718749999999987,0
0.845,-0.39531249999999996,0
0.845,-0.32343750000000004,0
0.845,-0.2515624999999999,0
0.845,-0.1796875,0
0.845,-0.10781250000000009,0
0.845,-0.03593750000000018,2093
0.845,0.03593750000000018,2363
0.845,0.10781250000000009,1
0.845,0.1796875,0
0.845,0.2515624999999999,0
0.845,0.3234374999999998,0
0.845,0.3953125000000002,0
0.845,0.4671875000000001,0
0.845,0.5390625,0
0.845,0.6109374999999999,0
0.845,0.6828124999999998,0
0.845,0.7546874999999997,0
0.845,0.8265625000000001,0
0.845,0.8984375,0
0.845,0.9703124999999999,0
0.845,1.0421874999999998,0
0.845,1.1140624999999997,0
0.845,1.1859375,0
0.845,1.2578125,0
0.845,1.3296875,0
0.845,1.4015624999999998,0
0.845,1.4734374999999997,0
0.845,1.5453125,0
0.845,1.6171875,0
0.845,1.6890625,0
0.845,1.7609374999999998,0
0.845,1.8328125000000002,0
0.845,1.9046874999999996,0
0.845,1.9765625,0
0.845,2.0484374999999995,0
0.845,2.1203125,0
0.845,2.1921875,0
0.845,2.2640624999999996,0
0.855,-2.2640624999999996,0
0.855,-2.1921874999999997,0
0.855,-2.1203125,0
0.855,-2.0484375,0
0.855,-1.9765624999999998,0
0.855,-1.9046874999999999,0
0.855,-1.8328124999999997,0
0.855,-1.7609374999999998,0
0.855,-1.6890625,0
0.855,-1.6171875,0
0.855,-1.5453124999999999,0
0.855,-1.4734374999999997,0
0.855,-1.4015624999999998,0
0.855,-1.3296875,0
0.855,-1.2578125,0
0.855,-1.1859374999999999,0
0.855,-1.1140625,0
0.855,-1.0421874999999998,0
0.855,-0.9703124999999999,0
0.855,-0.8984375,0
0.855,-0.8265624999999999,0
0.855,-0.7546875,0
0.855,-0.6828125,0
0.855,-0.6109374999999999,0
0.855,-0.5390625,0
0.855,-0.46718749999999987,0
0.855,-0.39531249999999996,0
0.855,-0.32343750000000004,0
0.855,-0.2515624999999999,0
0.855,-0.1796875,0
0.855,-0.10781250000000009,9
0.855,-0.03593750000000018,3127
0.855,0.03593750000000018,3506
0.855,0.10781250000000009,5
0.855,0.1796875,0
0.855,0.2515624999999999,0
0.855,0.3234374999999998,0
0.855,0.3953125000000002,0
0.855,0.4671875000000001,0
0.855,0.5390625,0
0.855,0.6109374999999999,0
0.855,0.6828124999999998,0
0.855,0.7546874999999997,0
0.855,0.8265625000000001,0
0.855,0.8984375,0
0.855,0.9703124999999999,0
0.855,1.0421874999999998,0
0.855,1.1140624999999997,0
0.855,1.1859375,0
0.855,1.2578125,0
0.855,1.3296875,0
0.855,1.4015624999999998,0
0.855,1.4734374999999997,0
0.855,1.5453125,0
0.855,1.6171875,0
0.855,1.6890625,0
0.855,1.7609374999999998,0
0.855,1.8328125000000002,0
0.855,1.9046874999999996,0
0.855,1.9765625,0
0.855,2.0484374999999995,0
0.855,2.1203125,0
0.855,2.1921875,0
0.855,2.2640624999999996,0
0.865,-2.2640624999999996,0
0.865,-2.1921874999999997,0
0.865,-2.1203125,0
0.865,-2.0484375,0
0.865,-1.9765624999999998,0
0.865,-1.9046874999999999,0
0.865,-1.8328124999999997,0
0.865,-1.7609374999999998,0
0.865,-1.6890625,0
0.865,-1.6171875,0
0.865,-1.5453124999999999,0
0.865,-1.4734374999999997,0
0.865,-1.4015624999999998,0
0.865,-1.3296875,0
0.865,-1.2578125,0
0.865,-1.1859374999999999,0
0.865,-1.1140625,0
0.865,-1.0421874999999998,0
0.865,-0.9703124999999999,0
0.865,-0.8984375,0
0.865,-0.8265624999999999,0
0.865,-0.7546875,0
0.865,-0.6828125,0
0.865,-0.6109374999999999,0
0.865,-0.5390625,0
0.865,-0.46718749999999987,0
0.865,-0.39531249999999996,0
0.865,-0.32343750000000004,0
0.865,-0.2515624999999999,0
0.865,-0.1796875,0
0.865,-0.10781250000000009,32
0.865,-0.03593750000000018,5994
0.865,0.03593750000000018,6144
0.865,0.10781250000000009,21
0.865,0.1796875,0
0.865,0.2515624999999999,0
0.865,0.3234374999999998,0
0.865,0.3953125000000002,0
0.865,0.4671875000000001,0
0.865,0.5390625,0
0.865,0.6109374999999999,0
0.865,0.6828124999999998,0
0.865,0.7546874999999997,0
0.865,0.8265625000000001,0
0.865,0.8984375,0
0.865,0.9703124999999999,0
0.865,1.0421874999999998,0
0.865,1.1140624999999997,0
0.865,1.1859375,0
0.865,1.2578125,0
0.865,1.3296875,0
0.865,1.4015624999999998,0
0.865,1.4734374999999997,0
0.865,1.5453125,0
0.865,1.6171875,0
0.865,1.6890625,0
0.865,1.7609374999999998,0
0.865,1.8328125000000002,0
0.865,1.9046874999999996,0
0.865,1.9765625,0
0.865,2.0484374999999995,0
0.865,2.1203125,0
0.865,2.1921875,0
0.865,2.2640624999999996,0
0.875,-2.2640624999999996,0
0.875,-2.1921874999999997,0
0.875,-2.1203125,0
0.875,-2.0484375,0
0.875,-1.9765624999999998,0
0.875,-1.9046874999999999,0
0.875,-1.8328124999999997,0
0.875,-1.7609374999999998,0
0.875,-1.6890625,0
0.875,-1.6171875,0
0.875,-1.5453124999999999,0
0.875,-1.4734374999999997,0
0.875,-1.4015624999999998,0
0.875,-1.3296875,0
0.875,-1.2578125,0
0.875,-1.1859374999999999,0
0.875,-1.1140625,0
0.875,-1.0421874999999998,0
0.875,-0.9703124999999999,0
0.875,-0.8984375,0
0.875,-0.8265624999999999,0
0.875,-0.7546875,0
0.875,-0.6828125,0
0.875,-0.6109374999999999,0
0.875,-0.5390625,0
0.875,-0.46718749999999987,0
0.875,-0.39531249999999996,0
0.875,-0.32343750000000004,0
0.875,-0.2515624999999999,0
0.875,-0.1796875,0
0.875,-0.10781250000000009,99
0.875,-0.03593750000000018,9986
0.875,0.03593750000000018,9775
0.875,0.10781250000000009,103
0.875,0.1796875,0
0.875,0.2515624999999999,0
0.875,0.3234374999999998,0
0.875,0.3953125000000002,0
0.875,0.4671875000000001,0
0.875,0.5390625,0
0.875,0.6109374999999999,0
0.875,0.6828124999999998,0
0.875,0.7546874999999997,0
0.875,0.8265625000000001,0
0.875,0.8984375,0
0.875,0.9703124999999999,0
0.875,1.0421874999999998,0
0.875,1.1140624999999997,0
0.875,1.1859375,0
0.875,1.2578125,0
0.875,1.3296875,0
0.875,1.4015624999999998,0
0.875,1.4734374999999997,0
0.875,1.5453125,0
0.875,1.6171875,0
0.875,1.6890625,0
0.875,1.7609374999999998,0
0.875,1.8328125000000002,0
0.875,1.9046874999999996,0
0.875,1.9765625,0
0.875,2.0484374999999995,0
0.875,2.1203125,0
0.875,2.1921875,0
0.875,2.2640624999999996,0
0.885,-2.2640624999999996,0
0.885,-2.1921874999999997,0
0.885,-2.1203125,0
0.885,-2.0484375,0
0.885,-1.9765624999999998,0
0.885,-1.9046874999999999,0
0.885,-1.8328124999999997,0
0.885,-1.7609374999999998,0
0.885,-1.6890625,0
0.885,-1.6171875,0
0.885,-1.5453124999999999,0
0.885,-1.4734374999999997,0
0.885,-1.4015624999999998,0
0.885,-1.3296875,0
0.885,-1.2578125,0
0.885,-1.1859374999999999,0
0.885,-1.1140625,0
0.885,-1.0421874999999998,0
0.885,-0.9703124999999999,0
0.885,-0.8984375,0
0.885,-0.8265624999999999,0
0.885,-0.7546875,0
0.885,-0.6828125,0
0.885,-0.6109374999999999,0
0.885,-0.5390625,0
0.885,-0.46718749999999987,0
0.885,-0.39531249999999996,0
0.885,-0.32343750000000004,0
0.885,-0.2515624999999999,0
0.885,-0.1796875,5
0.885,-0.10781250000000009,406
0.885,-0.03593750000000018,14583
0.885,0.03593750000000018,13822
0.885,0.10781250000000009,329
0.885,0.1796875,8
0.885,0.2515624999999999,0
0.885,0.3234374999999998,0
0.885,0.3953125000000002,0
0.885,0.4671875000000001,0
0.885,0.5390625,0
0.885,0.6109374999999999,0
0.885,0.6828124999999998,0
0.885,0.7546874999999997,0
0.885,0.8265625000000001,0
0.885,0.8984375,0
0.885,0.9703124999999999,0
0.885,1.0421874999999998,0
0.885,1.1140624999999997,0
0.885,1.1859375,0
0.885,1.2578125,0
0.885,1.3296875,0
0.885,1.4015624999999998,0
0.885,1.4734374999999997,0
0.885,1.5453125,0
0.885,1.6171875,0
0.885,1.6890625,0
0.885,1.7609374999999998,0
0.885,1.8328125000000002,0
0.885,1.9046874999999996,0
0.885,1.9765625,0
0.885,2.0484374999999995,0
0.885,2.1203125,0
0.885,2.1921875,0
0.885,2.2640624999999996,0
0.895,-2.2640624999999996,0
0.895,-2.1921874999999997,0
0.895,-2.1203125,0
0.895,-2.0484375,0
0.895,-1.9765624999999998,0
0.895,-1.9046874999999999,0
0.895,-1.8328124999999997,0
0.895,-1.7609374999999998,0
0.895,-1.6890625,0
0.895,-1.6171875,0
0.895,-1.5453124999999999,0
0.895,-1.4734374999999997,0
0.895,-1.4015624999999998,0
0.895,-1.3296875,0
0.895,-1.2578125,0
0.895,-1.1859374999999999,0
0.895,-1.1140625,0
0.895,-1.0421874999999998,0
0.895,-0.9703124999999999,0
0.895,-0.8984375,0
0.895,-0.8265624999999999,0
0.895,-0.7546875,0
0.895,-0.6828125,0
0.895,-0.6109374999999999,0
0.895,-0.5390625,0
0.895,-0.46718749999999987,0
0.895,-0.39531249999999996,0
0.895,-0.32343750000000004,0
0.895,-0.2515624999999999,1
0.895,-0.1796875,30
0.895,-0.10781250000000009,1400
0.895,-0.03593750000000018,18736
0.895,0.03593750000000018,18371
0.895,0.10781250000000009,1469
0.895,0.1796875,114
0.895,0.2515624999999999,0
0.895,0.3234374999999998,0
0.895,0.3953125000000002,0
0.895,0.4671875000000001,0
0.895,0.5390625,0
0.895,0.6109374999999999,0
0.895,0.6828124999999998,0
0.895,0.7546874999999997,0
0.895,0.8265625000000001,0
0.895,0.8984375,0
0.895,0.9703124999999999,0
0.895,1.0421874999999998,0
0.895,1.1140624999999997,0
0.895,1.1859375,0
0.895,1.2578125,0
0.895,1.3296875,0
0.895,1.4015624999999998,0
0.895,1.4734374999999997,0
0.895,1.5453125,0
0.895,1.6171875,0
0.895,1.6890625,0
0.895,1.7609374999999998,0
0.895,1.8328125000000002,0
0.895,1.9046874999999996,0
0.895,1.9765625,0
0.895,2.0484374999999995,0
0.895,2.1203125,0
0.895,2.1921875,0
0.895,2.2640624999999996,0
0.905,-2.2640624999999996,0
0.905,-2.1921874999999997,0
0.905,-2.1203125,0
0.905,-2.0484375,0
0.905,-1.9765624999999998,0
0.905,-1.9046874999999999,0
0.905,-1.8328124999999997,0
0.905,-1.7609374999999998,0
0.905,-1.6890625,0
0.905,-1.6171875,0
0.905,-1.5453124999999999,0
0.905,-1.4734374999999997,0
0.905,-1.4015624999999998,0
0.905,-1.3296875,0
0.905,-1.2578125,0
0.905,-1.1859374999999999,0
0.905,-1.1140625,0
0.905,-1.0421874999999998,0
0.905,-0.9703124999999999,0
0.905,-0.8984375,0
0.905,-0.8265624999999999,0
0.905,-0.7546875,0
0.905,-0.6828125,0
0.905,-0.6109374999999999,0
0.905,-0.5390625,0
0.905,-0.46718749999999987,0
0.905,-0.39531249999999996,0
0.905,-0.32343750000000004,1
0.905,-0.2515624999999999,16
0.905,-0.1796875,165
0.905,-0.10781250000000009,5999
0.905,-0.03593750000000018,20435
0.905,0.03593750000000018,20240
0.905,0.10781250000000009,6316
0.905,0.1796875,299
0.905,0.2515624999999999,16
0.905,0.3234374999999998,1
0.905,0.3953125000000002,0
0.905,0.4671875000000001,0
0.905,0.5390625,0
0.905,0.6109374999999999,0
0.905,0.6828124999999998,0
0.905,0.7546874999999997,0
0.905,0.8265625000000001,0
0.905,0.8984375,0
0.905,0.9703124999999999,0
0.905,1.0421874999999998,0
0.905,1.1140624999999997,0
0.905,1.1859375,0
0.905,1.2578125,0
0.905,1.3296875,0
0.905,1.4015624999999998,0
0.905,1.4734374999999997,0
0.905,1.5453125,0
0.905,1.6171875,0
0.905,1.6890625,0
0.905,1.7609374999999998,0
0.905,1.8328125000000002,0
0.905,1.9046874999999996,0
0.905,1.9765625,0
0.905,2.0484374999999995,0
0.905,2.1203125,0
0.905,2.1921875,0
0.905,2.2640624999999996,0
0.915,-2.2640624999999996,0
0.915,-2.1921874999999997,0
0.915,-2.1203125,0
0.915,-2.0484375,0
0.915,-1.9765624999999998,0
0.915,-1.9046874999999999,0
0.915,-1.8328124999999997,0
0.915,-1.7609374999999998,0
0.915,-1.6890625,0
0.915,-1.6171875,0
0.915,-1.5453124999999999,0
0.915,-1.4734374999999997,0
0.915,-1.4015624999999998,0
0.915,-1.3296875,0
0.915,-1.2578125,0
0.915,-1.1859374999999999,0
0.915,-1.1140625,0
0.915,-1.0421874999999998,0
0.915,-0.9703124999999999,0
0.915,-0.8984375,0
0.915,-0.8265624999999999,0
0.915,-0.7546875,0
0.915,-0.6828125,0
0.915,-0.6109374999999999,0
0.915,-0.5390625,0
0.915,-0.46718749999999987,0
0.915,-0.39531249999999996,0
0.915,-0.32343750000000004,16
0.915,-0.2515624999999999,136
0.915,-0.1796875,1050
0.915,-0.10781250000000009,11904
0.915,-0.03593750000000018,20247
0.915,0.03593750000000018,19771
0.915,0.10781250000000009,12434
0.915,0.1796875,1156
0.915,0.2515624999999999,118
0.915,0.3234374999999998,4
0.915,0.3953125000000002,0
0.915,0.4671875000000001,0
0.915,0.5390625,0
0.915,0.6109374999999999,0
0.915,0.6828124999999998,0
0.915,0.7546874999999997,0
0.915,0.8265625000000001,0
0.915,0.8984375,0
0.915,0.9703124999999999,0
0.915,1.0421874999999998,0
0.915,1.1140624999999997,0
0.915,1.1859375,0
0.915,1.2578125,0
0.915,1.3296875,0
0.915,1.4015624999999998,0
0.915,1.4734374999999997,0
0.915,1.5453125,0
0.915,1.6171875,0
0.915,1.6890625,0
0.915,1.7609374999999998,0
0.915,1.8328125000000002,0
0.915,1.9046874999999996,0
0.915,1.9765625,0
0.915,2.0484374999999995,0
0.915,2.1203125,0
0.915,2.1921875,0
0.915,2.2640624999999996,0
0.925,-2.2640624999999996,0
0.925,-2.1921874999999997,0
0.925,-2.1203125,0
0.925,-2.0484375,0
0.925,-1.9765624999999998,0
0.925,-1.9046874999999999,0
0.925,-1.8328124999999997,0
0.925,-1.7609374999999998,0
0.925,-1.6890625,0
0.925,-1.6171875,0
0.925,-1.5453124999999999,0
0.925,-1.4734374999999997,0
0.925,-1.4015624999999998,0
0.925,-1.3296875,0
0.925,-1.2578125,0
0.925,-1.1859374999999999,0
0.925,-1.1140625,0
0.925,-1.0421874999999998,0
0.925,-0.9703124999999999,0
0.925,-0.8984375,0
0.925,-0.8265624999999999,0
0.925,-0.7546875,0
0.925,-0.6828125,0
0.925,-0.6109374999999999,0
0.925,-0.5390625,0
0.925,-0.46718749999999987,0
0.925,-0.39531249999999996,12
0.925,-0.32343750000000004,101
0.925,-0.2515624999999999,457
0.925,-0.1796875,5433
0.925,-0.10781250000000009,14060
0.925,-0.03593750000000018,19819
0.925,0.03593750000000018,19493
0.925,0.10781250000000009,14081
0.925,0.1796875,5815
0.925,0.2515624999999999,498
0.925,0.3234374999999998,50
0.925,0.3953125000000002,10
0.925,0.4671875000000001,0
0.925,0.5390625,0
0.925,0.6109374999999999,0
0.925,0.6828124999999998,0
0.925,0.7546874999999997,0
0.925,0.8265625000000001,0
0.925,0.8984375,0
0.925,0.9703124999999999,0
0.925,1.0421874999999998,0
0.925,1.1140624999999997,0
0.925,1.1859375,0
0.925,1.2578125,0
0.925,1.3296875,0
0.925,1.4015624999999998,0
0.925,1.4734374999999997,0
0.925,1.5453125,0
0.925,1.6171875,0
0.925,1.6890625,0
0.925,1.7609374999999998,0
0.925,1.8328125000000002,0
0.925,1.9046874999999996,0
0.925,1.9765625,0
0.925,2.0484374999999995,0
0.925,2.1203125,0
0.925,2.1921875,0
0.925,2.2640624999999996,0
0.935,-2.2640624999999996,0
0.935,-2.1921874999999997,0
0.935,-2.1203125,0
0.935,-2.0484375,0
0.935,-1.9765624999999998,0
0.935,-1.9046874999999999,0
0.935,-1.8328124999999997,0
0.935,-1.7609374999999998,0
0.935,-1.6890625,0
0.935,-1.6171875,0
0.935,-1.5453124999999999,0
0.935,-1.4734374999999997,0
0.935,-1.4015624999999998,0
0.935,-1.3296875,0
0.935,-1.2578125,0
0.935,-1.1859374999999999,0
0.935,-1.1140625,0
0.935,-1.0421874999999998,0
0.935,-0.9703124999999999,0
0.935,-0.8984375,0
0.935,-0.8265624999999999,0
0.935,-0.7546875,0
0.935,-0.6828125,0
0.935,-0.6109374999999999,0
0.935,-0.5390625,0
0.935,-0.46718749999999987,14
0.935,-0.39531249999999996,78
0.935,-0.32343750000000004,459
0.935,-0.2515624999999999,3180
0.935,-0.1796875,9594
0.935,-0.10781250000000009,14392
0.935,-0.03593750000000018,19328
0.935,0.03593750000000018,19232
0.935,0.10781250000000009,14215
0.935,0.1796875,10667
0.935,0.2515624999999999,3153
0.935,0.3234374999999998,331
0.935,0.3953125000000002,62
0.935,0.4671875000000001,9
0.935,0.5390625,0
0.935,0.6109374999999999,0
0.935,0.6828124999999998,0
0.935,0.7546874999999997,0
0.935,0.8265625000000001,0
0.935,0.8984375,0
0.935,0.9703124999999999,0
0.935,1.0421874999999998,0
0.935,1.1140624999999997,0
0.935,1.1859375,0
0.935,1.2578125,0
0.935,1.3296875,0
0.935,1.4015624999999998,0
0.935,1.4734374999999997,0
0.935,1.5453125,0
0.935,1.6171875,0
0.935,1.6890625,0
0.935,1.7609374999999998,0
0.935,1.8328125000000002,0
0.935,1.9046874999999996,0
0.935,1.9765625,0
0.935,2.0484374999999995,0
0.935,2.1203125,0
0.935,2.1921875,0
0.935,2.2640624999999996,0
0.945,-2.2640624999999996,0
0.945,-2.1921874999999997,0
0.945,-2.1203125,0
0.945,-2.0484375,0
0.945,-1.9765624999999998,0
0.945,-1.9046874999999999,0
0.945,-1.8328124999999997,0
0.945,-1.7609374999999998,0
0.945,-1.6890625,0
0.945,-1.6171875,0
0.945,-1.5453124999999999,0
0.945,-1.4734374999999997,0
0.945,-1.4015624999999998,0
0.945,-1.3296875,0
0.945,-1.2578125,0
0.945,-1.1859374999999999,0
0.945,-1.1140625,0
0.945,-1.0421874999999998,0
0.945,-0.9703124999999999,0
0.945,-0.8984375,0
0.945,-0.8265624999999999,0
0.945,-0.7546875,0
0.945,-0.6828125,0
0.945,-0.6109374999999999,0
0.945,-0.5390625,13
0.945,-0.46718749999999987,73
0.945,-0.39531249999999996,294
0.945,-0.32343750000000004,2284
0.945,-0.2515624999999999,9183
0.945,-0.1796875,10661
0.945,-0.10781250000000009,14056
0.945,-0.03593750000000018,18651
0.945,0.03593750000000018,18650
0.945,0.10781250000000009,14364
0.945,0.1796875,11638
0.945,0.2515624999999999,8806
0.945,0.3234374999999998,2359
0.945,0.3953125000000002,303
0.945,0.4671875000000001,63
0.945,0.5390625,14
0.945,0.6109374999999999,2
0.945,0.6828124999999998,0
0.945,0.7546874999999997,0
0.945,0.8265625000000001,0
0.945,0.8984375,0
0.945,0.9703124999999999,0
0.945,1.0421874999999998,0
0.945,1.1140624999999997,0
0.945,1.1859375,0
0.945,1.2578125,0
0.945,1.3296875,0
0.945,1.4015624999999998,0
0.945,1.4734374999999997,0
0.945,1.5453125,0
0.945,1.6171875,0
0.945,1.6890625,0
0.945,1.7609374999999998,0
0.945,1.8328125000000002,0
0.945,1.9046874999999996,0
0.945,1.9765625,0
0.945,2.0484374999999995,0
0.945,2.1203125,0
0.945,2.1921875,0
0.945,2.2640624999999996,0
0.955,-2.2640624999999996,0
0.955,-2.1921874999999997,0
0.955,-2.1203125,0
0.955,-2.0484375,0
0.955,-1.9765624999999998,0
0.955,-1.9046874999999999,0
0.955,-1.8328124999999997,0
0.955,-1.7609374999999998,0
0.955,-1.6890625,0
0.955,-1.6171875,0
0.955,-1.5453124999999999,0
0.955,-1.4734374999999997,0
0.955,-1.4015624999999998,0
0.955,-1.3296875,0
0.955,-1.2578125,0
0.955,-1.1859374999999999,0
0.955,-1.1140625,0
0.955,-1.0421874999999998,0
0.955,-0.9703124999999999,0
0.955,-0.8984375,0
0.955,-0.8265624999999999,0
0.955,-0.7546875,0
0.955,-0.6828125,0
0.955,-0.6109374999999999,17
0.955,-0.5390625,78
0.955,-0.46718749999999987,232
0.955,-0.39531249999999996,1829
0.955,-0.32343750000000004,8553
0.955,-0.2515624999999999,10807
0.955,-0.1796875,11250
0.955,-0.10781250000000009,14900
0.955,-0.03593750000000018,18690
0.955,0.03593750000000018,18523
0.955,0.10781250000000009,14477
0.955,0.1796875,12227
0.955,0.2515624999999999,10403
0.955,0.3234374999999998,8858
0.955,0.3953125000000002,1801
0.955,0.4671875000000001,327
0.955,0.5390625,144
0.955,0.6109374999999999,42
0.955,0.6828124999999998,7
0.955,0.7546874999999997,2
0.955,0.8265625000000001,0
0.955,0.8984375,0
0.955,0.9703124999999999,0
0.955,1.0421874999999998,0
0.955,1.1140624999999997,0
0.955,1.1859375,0
0.955,1.2578125,0
0.955,1.3296875,0
0.955,1.4015624999999998,0
0.955,1.4734374999999997,0
0.955,1.5453125,0
0.955,1.6171875,0
0.955,1.6890625,0
0.955,1.7609374999999998,0
0.955,1.8328125000000002,0
0.955,1.9046874999999996,0
0.955,1.9765625,0
0.955,2.0484374999999995,0
0.955,2.1203125,0
0.955,2.1921875,0
0.955,2.2640624999999996,0
0.965,-2.2640624999999996,0
0.965,-2.1921874999999997,0
0.965,-2.1203125,0
0.965,-2.0484375,0
0.965,-1.9765624999999998,0
0.965,-1.9046874999999999,0
0.965,-1.8328124999999997,0
0.965,-1.7609374999999998,0
0.965,-1.6890625,0
0.965,-1.6171875,0
0.965,-1.5453124999999999,0
0.965,-1.4734374999999997,0
0.965,-1.4015624999999998,0
0.965,-1.3296875,0
0.965,-1.2578125,0
0.965,-1.1859374999999999,0
0.965,-1.1140625,0
0.965,-1.0421874999999998,0
0.965,-0.9703124999999999,0
0.965,-0.8984375,0
0.965,-0.8265624999999999,0
0.965,-0.7546875,0
0.965,-0.6828125,17
0.965,-0.6109374999999999,110
0.965,-0.5390625,295
0.965,-0.46718749999999987,1970
0.965,-0.39531249999999996,8471
0.965,-0.32343750000000004,10775
0.965,-0.2515624999999999,11309
0.965,-0.1796875,11781
0.965,-0.10781250000000009,15539
0.965,-0.03593750000000018,18817
0.965,0.03593750000000018,18154
0.965,0.10781250000000009,14620
0.965,0.1796875,12541
0.965,0.2515624999999999,10655
0.965,0.3234374999999998,10836
0.965,0.3953125000000002,7544
0.965,0.4671875000000001,1765
0.965,0.5390625,515
0.965,0.6109374999999999,141
0.965,0.6828124999999998,30
0.965,0.7546874999999997,23
0.965,0.8265625000000001,0
0.965,0.8984375,0
0.965,0.9703124999999999,0
0.965,1.0421874999999998,0
0.965,1.1140624999999997,0
0.965,1.1859375,0
0.965,1.2578125,0
0.965,1.3296875,0
0.965,1.4015624999999998,0
0.965,1.4734374999999997,0
0.965,1.5453125,0
0.965,1.6171875,0
0.965,1.6890625,0
0.965,1.7609374999999998,0
0.965,1.8328125000000002,0
0.965,1.9046874999999996,0
0.965,1.9765625,0
0.965,2.0484374999999995,0
0.965,2.1203125,0
0.965,2.1921875,0
0.965,2.2640624999999996,0
0.975,-2.2640624999999996,0
0.975,-2.1921874999999997,0
0.975,-2.1203125,0
0.975,-2.0484375,0
0.975,-1.9765624999999998,0
0.975,-1.9046874999999999,0
0.975,-1.8328124999999997,0
0.975,-1.7609374999999998,0
0.975,-1.6890625,0
0.975,-1.6171875,0
0.975,-1.5453124999999999,0
0.975,-1.4734374999999997,0
0.975,-1.4015624999999998,0
0.975,-1.3296875,0
0.975,-1.2578125,0
0.975,-1.1859374999999999,0
0.975,-1.1140625,0
0.975,-1.0421874999999998,0
0.975,-0.9703124999999999,0
0.975,-0.8984375,0
0.975,-0.8265624999999999,3
0.975,-0.7546875,60
0.975,-0.6828125,137
0.975,-0.6109374999999999,462
0.975,-0.5390625,2376
0.975,-0.46718749999999987,8561
0.975,-0.39531249999999996,11298
0.975,-0.32343750000000004,11471
0.975,-0.2515624999999999,11601
0.975,-0.1796875,12324
0.975,-0.10781250000000009,15477
0.975,-0.03593750000000018,19219
0.975,0.03593750000000018,17929
0.975,0.10781250000000009,15028
0.975,0.1796875,12946
0.975,0.2515624999999999,11122
0.975,0.3234374999999998,11226
0.975,0.3953125000000002,9879
0.975,0.4671875000000001,8218
0.975,0.5390625,2448
0.975,0.6109374999999999,463
0.975,0.6828124999999998,148
0.975,0.7546874999999997,59
0.975,0.8265625000000001,3
0.975,0.8984375,1
0.975,0.9703124999999999,0
0.975,1.0421874999999998,0
0.975,1.1140624999999997,0
0.975,1.1859375,0
0.975,1.2578125,0
0.975,1.3296875,0
0.975,1.4015624999999998,0
0.975,1.4734374999999997,0
0.975,1.5453125,0
0.975,1.6171875,0
0.975,1.6890625,0
0.975,1.7609374999999998,0
0.975,1.8328125000000002,0
0.975,1.9046874999999996,0
0.975,1.9765625,0
0.975,2.0484374999999995,0
0.975,2.1203125,0
0.975,2.1921875,0
0.975,2.2640624999999996,0
0.985,-2.2640624999999996,0
0.985,-2.1921874999999997,0
0.985,-2.1203125,0
0.985,-2.0484375,0
0.985,-1.9765624999999998,0
0.985,-1.9046874999999999,0
0.985,-1.8328124999999997,0
0.985,-1.7609374999999998,0
0.985,-1.6890625,0
0.985,-1.6171875,0
0.985,-1.5453124999999999,0
0.985,-1.4734374999999997,0
0.985,-1.4015624999999998,0
0.985,-1.3296875,0
0.985,-1.2578125,0
0.985,-1.1859374999999999,0
0.985,-1.1140625,0
0.985,-1.0421874999999998,0
0.985,-0.9703124999999999,0
0.985,-0.8984375,11
0.985,-0.8265624999999999,67
0.985,-0.7546875,253
0.985,-0.6828125,681
0.985,-0.6109374999999999,3507
0.985,-0.5390625,9991
0.985,-0.46718749999999987,11044
0.985,-0.39531249999999996,11598
0.985,-0.32343750000000004,12011
0.985,-0.2515624999999999,12243
0.985,-0.1796875,12599
0.985,-0.10781250000000009,16131
0.985,-0.03593750000000018,19295
0.985,0.03593750000000018,18358
0.985,0.10781250000000009,15619
0.985,0.1796875,13656
0.985,0.2515624999999999,11475
0.985,0.3234374999999998,11636
0.985,0.3953125000000002,10362
0.985,0.4671875000000001,10292
0.985,0.5390625,8937
0.985,0.6109374999999999,3065
0.985,0.6828124999999998,584
0.985,0.7546874999999997,217
0.985,0.8265625000000001,63
0.985,0.8984375,42
0.985,0.9703124999999999,8
0.985,1.0421874999999998,0
0.985,1.1140624999999997,0
0.985,1.1859375,0
0.985,1.2578125,0
0.985,1.3296875,0
0.985,1.4015624999999998,0
0.985,1.4734374999999997,0
0.985,1.5453125,0
0.985,1.6171875,0
0.985,1.6890625,0
0.985,1.7609374999999998,0
0.985,1.8328125000000002,0
0.985,1.9046874999999996,0
0.985,1.9765625,0
0.985,2.0484374999999995,0
0.985,2.1203125,0
0.985,2.1921875,0
0.985,2.2640624999999996,0
0.995,-2.2640624999999996,0
0.995,-2.1921874999999997,0
0.995,-2.1203125,0
0.995,-2.0484375,0
0.995,-1.9765624999999998,0
0.995,-1.9046874999999999,0
0.995,-1.8328124999999997,0
0.995,-1.7609374999999998,0
0.995,-1.6890625,0
0.995,-1.6171875,0
0.995,-1.5453124999999999,0
0.995,-1.4734374999999997,0
0.995,-1.4015624999999998,0
0.995,-1.3296875,0
0.995,-1.2578125,0
0.995,-1.1859374999999999,0
0.995,-1.1140625,0
0.995,-1.0421874999999998,0
0.995,-0.9703124999999999,14
0.995,-0.8984375,155
0.995,-0.8265624999999999,298
0.995,-0.7546875,948
0.995,-0.6828125,4900
0.995,-0.6109374999999999,11547
0.995,-0.5390625,12093
0.995,-0.46718749999999987,12019
0.995,-0.39531249999999996,12591
0.995,-0.32343750000000004,12283
0.995,-0.2515624999999999,12986
0.995,-0.1796875,13716
0.995,-0.10781250000000009,16649
0.995,-0.03593750000000018,19931
0.995,0.03593750000000018,19054
0.995,0.10781250000000009,16426
0.995,0.1796875,14501
0.995,0.2515624999999999,11998
0.995,0.3234374999999998,12238
0.995,0.3953125000000002,11019
0.995,0.4671875000000001,11112
0.995,0.5390625,11188
0.995,0.6109374999999999,10202
0.995,0.6828124999999998,4455
0.995,0.7546874999999997,900
0.995,0.8265625000000001,268
0.995,0.8984375,177
0.995,0.9703124999999999,27
0.995,1.0421874999999998,3
0.995,1.1140624999999997,0
0.995,1.1859375,0
0.995,1.2578125,0
0.995,1.3296875,0
0.995,1.4015624999999998,0
0.995,1.4734374999999997,0
0.995,1.5453125,0
0.995,1.6171875,0
0.995,1.6890625,0
0.995,1.7609374999999998,0
0.995,1.8328125000000002,0
0.995,1.9046874999999996,0
0.995,1.9765625,0
0.995,2.0484374999999995,0
0.995,2.1203125,0
0.995,2.1921875,0
0.995,2.2640624999999996,0
