x,y,count
0.005,-2.2640624999999996,0
0.005,-2.1921874999999997,0
0.005,-2.1203125,0
0.005,-2.0484375,0
0.005,-1.9765624999999998,0
0.005,-1.9046874999999999,0
0.005,-1.8328124999999997,0
0.005,-1.7609374999999998,0
0.005,-1.6890625,0
0.005,-1.6171875,0
0.005,-1.5453124999999999,0
0.005,-1.4734374999999997,0
0.005,-1.4015624999999998,0
0.005,-1.3296875,0
0.005,-1.2578125,0
0.005,-1.1859374999999999,0
0.005,-1.1140625,2
0.005,-1.0421874999999998,67
0.005,-0.9703124999999999,296
0.005,-0.8984375,458
0.005,-0.8265624999999999,518
0.005,-0.7546875,786
0.005,-0.6828125,874
0.005,-0.6109374999999999,1093
0.005,-0.5390625,1134
0.005,-0.46718749999999987,1262
0.005,-0.39531249999999996,1524
0.005,-0.32343750000000004,2151
0.005,-0.2515624999999999,2583
0.005,-0.1796875,3804
0.005,-0.10781250000000009,5831
0.005,-0.03593750000000018,7020
0.005,0.03593750000000018,6874
0.005,0.10781250000000009,5800
0.005,0.1796875,3639
0.005,0.2515624999999999,2228
0.005,0.3234374999999998,1361
0.005,0.3953125000000002,1270
0.005,0.4671875000000001,956
0.005,0.5390625,944
0.005,0.6109374999999999,837
0.005,0.6828124999999998,830
0.005,0.7546874999999997,733
0.005,0.8265625000000001,621
0.005,0.8984375,439
0.005,0.9703124999999999,243
0.005,1.0421874999999998,94
0.005,1.1140624999999997,5
0.005,1.1859375,0
0.005,1.2578125,0
0.005,1.3296875,0
0.005,1.4015624999999998,0
0.005,1.4734374999999997,0
0.005,1.5453125,0
0.005,1.6171875,0
0.005,1.6890625,0
0.005,1.7609374999999998,0
0.005,1.8328125000000002,0
0.005,1.9046874999999996,0
0.005,1.9765625,0
0.005,2.0484374999999995,0
0.005,2.1203125,0
0.005,2.1921875,0
0.005,2.2640624999999996,0
0.015,-2.2640624999999996,0
0.015,-2.1921874999999997,0
0.015,-2.1203125,0
0.015,-2.0484375,0
0.015,-1.9765624999999998,0
0.015,-1.9046874999999999,0
0.015,-1.8328124999999997,0
0.015,-1.7609374999999998,0
0.015,-1.6890625,0
0.015,-1.6171875,0
0.015,-1.5453124999999999,0
0.015,-1.4734374999999997,0
0.015,-1.4015624999999998,0
0.015,-1.3296875,0
0.015,-1.2578125,0
0.015,-1.1859374999999999,6
0.015,-1.1140625,112
0.015,-1.0421874999999998,319
0.015,-0.9703124999999999,535
0.015,-0.8984375,809
0.015,-0.8265624999999999,656
0.015,-0.7546875,910
0.015,-0.6828125,1049
0.015,-0.6109374999999999,1196
0.015,-0.5390625,1115
0.015,-0.46718749999999987,1356
0.015,-0.39531249999999996,1623
0.015,-0.32343750000000004,2192
0.015,-0.2515624999999999,2595
0.015,-0.1796875,3862
0.015,-0.10781250000000009,5937
0.015,-0.03593750000000018,6853
0.015,0.03593750000000018,6790
0.015,0.10781250000000009,5837
0.015,0.1796875,3611
0.015,0.2515624999999999,2177
0.015,0.3234374999999998,1458
0.015,0.3953125000000002,1350
0.015,0.4671875000000001,996
0.015,0.5390625,892
0.015,0.6109374999999999,815
0.015,0.6828124999999998,986
0.015,0.7546874999999997,942
0.015,0.8265625000000001,940
0.015,0.8984375,629
0.015,0.9703124999999999,481
0.015,1.0421874999999998,383
0.015,1.1140624999999997,139
0.015,1.1859375,16
0.015,1.2578125,0
0.015,1.3296875,0
0.015,1.4015624999999998,0
0.015,1.4734374999999997,0
0.015,1.5453125,0
0.015,1.6171875,0
0.015,1.6890625,0
0.015,1.7609374999999998,0
0.015,1.8328125000000002,0
0.015,1.9046874999999996,0
0.015,1.9765625,0
0.015,2.0484374999999995,0
0.015,2.1203125,0
0.015,2.1921875,0
0.015,2.2640624999999996,0
0.025,-2.2640624999999996,0
0.025,-2.1921874999999997,0
0.025,-2.1203125,0
0.025,-2.0484375,0
0.025,-1.9765624999999998,0
0.025,-1.9046874999999999,0
0.025,-1.8328124999999997,0
0.025,-1.7609374999999998,0
0.025,-1.6890625,0
0.025,-1.6171875,0
0.025,-1.5453124999999999,0
0.025,-1.4734374999999997,0
0.025,-1.4015624999999998,0
0.025,-1.3296875,25
0.025,-1.2578125,55
0.025,-1.1859374999999999,213
0.025,-1.1140625,307
0.025,-1.0421874999999998,500
0.025,-0.9703124999999999,941
0.025,-0.8984375,1017
0.025,-0.8265624999999999,904
0.025,-0.7546875,1103
0.025,-0.6828125,1216
0.025,-0.6109374999999999,1315
0.025,-0.5390625,1269
0.025,-0.46718749999999987,1516
0.025,-0.39531249999999996,1724
0.025,-0.32343750000000004,2204
0.025,-0.2515624999999999,2588
0.025,-0.1796875,3873
0.025,-0.10781250000000009,6006
0.025,-0.03593750000000018,6620
0.025,0.03593750000000018,6549
0.025,0.10781250000000009,5609
0.025,0.1796875,3473
0.025,0.2515624999999999,2266
0.025,0.3234374999999998,1531
0.025,0.3953125000000002,1377
0.025,0.4671875000000001,1026
0.025,0.5390625,802
0.025,0.6109374999999999,870
0.025,0.6828124999999998,1178
0.025,0.7546874999999997,1157
0.025,0.8265625000000001,1193
0.025,0.8984375,877
0.025,0.9703124999999999,828
0.025,1.0421874999999998,786
0.025,1.1140624999999997,558
0.025,1.1859375,168
0.025,1.2578125,22
0.025,1.3296875,1
0.025,1.4015624999999998,0
0.025,1.4734374999999997,0
0.025,1.5453125,0
0.025,1.6171875,0
0.025,1.6890625,0
0.025,1.7609374999999998,0
0.025,1.8328125000000002,0
0.025,1.9046874999999996,0
0.025,1.9765625,0
0.025,2.0484374999999995,0
0.025,2.1203125,0
0.025,2.1921875,0
0.025,2.2640624999999996,0
0.035,-2.2640624999999996,0
0.035,-2.1921874999999997,0
0.035,-2.1203125,0
0.035,-2.0484375,0
0.035,-1.9765624999999998,0
0.035,-1.9046874999999999,0
0.035,-1.8328124999999997,0
0.035,-1.7609374999999998,0
0.035,-1.6890625,0
0.035,-1.6171875,0
0.035,-1.5453124999999999,0
0.035,-1.4734374999999997,0
0.035,-1.4015624999999998,2
0.035,-1.3296875,115
0.035,-1.2578125,207
0.035,-1.1859374999999999,433
0.035,-1.1140625,541
0.035,-1.0421874999999998,708
0.035,-0.9703124999999999,1084
0.035,-0.8984375,996
0.035,-0.8265624999999999,1038
0.035,-0.7546875,1128
0.035,-0.6828125,1344
0.035,-0.6109374999999999,1328
0.035,-0.5390625,1502
0.035,-0.46718749999999987,1713
0.035,-0.39531249999999996,1654
0.035,-0.32343750000000004,1995
0.035,-0.2515624999999999,2723
0.035,-0.1796875,3797
0.035,-0.10781250000000009,5878
0.035,-0.03593750000000018,6438
0.035,0.03593750000000018,6666
0.035,0.10781250000000009,5484
0.035,0.1796875,3524
0.035,0.2515624999999999,2330
0.035,0.3234374999999998,1687
0.035,0.3953125000000002,1388
0.035,0.4671875000000001,1149
0.035,0.5390625,973
0.035,0.6109374999999999,965
0.035,0.6828124999999998,1274
0.035,0.7546874999999997,1132
0.035,0.8265625000000001,1239
0.035,0.8984375,1003
0.035,0.9703124999999999,1111
0.035,1.0421874999999998,1224
0.035,1.1140624999999997,905
0.035,1.1859375,401
0.035,1.2578125,200
0.035,1.3296875,106
0.035,1.4015624999999998,5
0.035,1.4734374999999997,0
0.035,1.5453125,0
0.035,1.6171875,0
0.035,1.6890625,0
0.035,1.7609374999999998,0
0.035,1.8328125000000002,0
0.035,1.9046874999999996,0
0.035,1.9765625,0
0.035,2.0484374999999995,0
0.035,2.1203125,0
0.035,2.1921875,0
0.035,2.2640624999999996,0
0.045,-2.2640624999999996,0
0.045,-2.1921874999999997,0
0.045,-2.1203125,0
0.045,-2.0484375,0
0.045,-1.9765624999999998,0
0.045,-1.9046874999999999,0
0.045,-1.8328124999999997,0
0.045,-1.7609374999999998,0
0.045,-1.6890625,0
0.045,-1.6171875,0
0.045,-1.5453124999999999,1
0.045,-1.4734374999999997,23
0.045,-1.4015624999999998,202
0.045,-1.3296875,451
0.045,-1.2578125,501
0.045,-1.1859374999999999,763
0.045,-1.1140625,873
0.045,-1.0421874999999998,993
0.045,-0.9703124999999999,1182
0.045,-0.8984375,1193
0.045,-0.8265624999999999,1310
0.045,-0.7546875,1224
0.045,-0.6828125,1240
0.045,-0.6109374999999999,1403
0.045,-0.5390625,1598
0.045,-0.46718749999999987,1617
0.045,-0.39531249999999996,1708
0.045,-0.32343750000000004,2004
0.045,-0.2515624999999999,2925
0.045,-0.1796875,3931
0.045,-0.10781250000000009,5626
0.045,-0.03593750000000018,6238
0.045,0.03593750000000018,6521
0.045,0.10781250000000009,5090
0.045,0.1796875,3718
0.045,0.2515624999999999,2238
0.045,0.3234374999999998,1829
0.045,0.3953125000000002,1535
0.045,0.4671875000000001,1163
0.045,0.5390625,1079
0.045,0.6109374999999999,1035
0.045,0.6828124999999998,1452
0.045,0.7546874999999997,1322
0.045,0.8265625000000001,1392
0.045,0.8984375,1127
0.045,0.9703124999999999,1265
0.045,1.0421874999999998,1468
0.045,1.1140624999999997,1319
0.045,1.1859375,636
0.045,1.2578125,494
0.045,1.3296875,357
0.045,1.4015624999999998,133
0.045,1.4734374999999997,8
0.045,1.5453125,0
0.045,1.6171875,0
0.045,1.6890625,0
0.045,1.7609374999999998,0
0.045,1.8328125000000002,0
0.045,1.9046874999999996,0
0.045,1.9765625,0
0.045,2.0484374999999995,0
0.045,2.1203125,0
0.045,2.1921875,0
0.045,2.2640624999999996,0
0.055,-2.2640624999999996,0
0.055,-2.1921874999999997,0
0.055,-2.1203125,0
0.055,-2.0484375,0
0.055,-1.9765624999999998,0
0.055,-1.9046874999999999,0
0.055,-1.8328124999999997,0
0.055,-1.7609374999999998,0
0.055,-1.6890625,0
0.055,-1.6171875,1
0.055,-1.5453124999999999,57
0.055,-1.4734374999999997,216
0.055,-1.4015624999999998,629
0.055,-1.3296875,888
0.055,-1.2578125,840
0.055,-1.1859374999999999,1040
0.055,-1.1140625,1213
0.055,-1.0421874999999998,1091
0.055,-0.9703124999999999,1321
0.055,-0.8984375,1383
0.055,-0.8265624999999999,1454
0.055,-0.7546875,1289
0.055,-0.6828125,1272
0.055,-0.6109374999999999,1486
0.055,-0.5390625,1816
0.055,-0.46718749999999987,1745
0.055,-0.39531249999999996,1889
0.055,-0.32343750000000004,2218
0.055,-0.2515624999999999,3106
0.055,-0.1796875,3836
0.055,-0.10781250000000009,5544
0.055,-0.03593750000000018,6166
0.055,0.03593750000000018,6398
0.055,0.10781250000000009,4960
0.055,0.1796875,3505
0.055,0.2515624999999999,2437
0.055,0.3234374999999998,1945
0.055,0.3953125000000002,1682
0.055,0.4671875000000001,1405
0.055,0.5390625,1132
0.055,0.6109374999999999,1210
0.055,0.6828124999999998,1605
0.055,0.7546874999999997,1490
0.055,0.8265625000000001,1517
0.055,0.8984375,1255
0.055,0.9703124999999999,1322
0.055,1.0421874999999998,1582
0.055,1.1140624999999997,1581
0.055,1.1859375,988
0.055,1.2578125,889
0.055,1.3296875,809
0.055,1.4015624999999998,436
0.055,1.4734374999999997,238
0.055,1.5453125,35
0.055,1.6171875,0
0.055,1.6890625,0
0.055,1.7609374999999998,0
0.055,1.8328125000000002,0
0.055,1.9046874999999996,0
0.055,1.9765625,0
0.055,2.0484374999999995,0
0.055,2.1203125,0
0.055,2.1921875,0
0.055,2.2640624999999996,0
0.065,-2.2640624999999996,0
0.065,-2.1921874999999997,0
0.065,-2.1203125,0
0.065,-2.0484375,0
0.065,-1.9765624999999998,0
0.065,-1.9046874999999999,0
0.065,-1.8328124999999997,0
0.065,-1.7609374999999998,0
0.065,-1.6890625,4
0.065,-1.6171875,60
0.065,-1.5453124999999999,292
0.065,-1.4734374999999997,629
0.065,-1.4015624999999998,924
0.065,-1.3296875,1415
0.065,-1.2578125,1114
0.065,-1.1859374999999999,1263
0.065,-1.1140625,1238
0.065,-1.0421874999999998,1205
0.065,-0.9703124999999999,1365
0.065,-0.8984375,1591
0.065,-0.8265624999999999,1449
0.065,-0.7546875,1262
0.065,-0.6828125,1437
0.065,-0.6109374999999999,1602
0.065,-0.5390625,2004
0.065,-0.46718749999999987,2032
0.065,-0.39531249999999996,1955
0.065,-0.32343750000000004,2297
0.065,-0.2515624999999999,3189
0.065,-0.1796875,3799
0.065,-0.10781250000000009,5368
0.065,-0.03593750000000018,6123
0.065,0.03593750000000018,6150
0.065,0.10781250000000009,5079
0.065,0.1796875,3334
0.065,0.2515624999999999,2618
0.065,0.3234374999999998,2048
0.065,0.3953125000000002,1871
0.065,0.4671875000000001,1503
0.065,0.5390625,1397
0.065,0.6109374999999999,1293
0.065,0.6828124999999998,1616
0.065,0.7546874999999997,1748
0.065,0.8265625000000001,1620
0.065,0.8984375,1219
0.065,0.9703124999999999,1660
0.065,1.0421874999999998,1723
0.065,1.1140624999999997,1826
0.065,1.1859375,1266
0.065,1.2578125,1309
0.065,1.3296875,1403
0.065,1.4015624999999998,931
0.065,1.4734374999999997,711
0.065,1.5453125,482
0.065,1.6171875,72
0.065,1.6890625,0
0.065,1.7609374999999998,0
0.065,1.8328125000000002,0
0.065,1.9046874999999996,0
0.065,1.9765625,0
0.065,2.0484374999999995,0
0.065,2.1203125,0
0.065,2.1921875,0
0.065,2.2640624999999996,0
0.075,-2.2640624999999996,0
0.075,-2.1921874999999997,0
0.075,-2.1203125,0
0.075,-2.0484375,0
0.075,-1.9765624999999998,0
0.075,-1.9046874999999999,0
0.075,-1.8328124999999997,0
0.075,-1.7609374999999998,0
0.075,-1.6890625,102
0.075,-1.6171875,380
0.075,-1.5453124999999999,590
0.075,-1.4734374999999997,1205
0.075,-1.4015624999999998,1435
0.075,-1.3296875,1663
0.075,-1.2578125,1484
0.075,-1.1859374999999999,1325
0.075,-1.1140625,1392
0.075,-1.0421874999999998,1465
0.075,-0.9703124999999999,1543
0.075,-0.8984375,1750
0.075,-0.8265624999999999,1454
0.075,-0.7546875,1494
0.075,-0.6828125,1628
0.075,-0.6109374999999999,1678
0.075,-0.5390625,2355
0.075,-0.46718749999999987,2222
0.075,-0.39531249999999996,2145
0.075,-0.32343750000000004,2462
0.075,-0.2515624999999999,3191
0.075,-0.1796875,4031
0.075,-0.10781250000000009,5198
0.075,-0.03593750000000018,6146
0.075,0.03593750000000018,5665
0.075,0.10781250000000009,4763
0.075,0.1796875,3332
0.075,0.2515624999999999,2636
0.075,0.3234374999999998,2226
0.075,0.3953125000000002,2165
0.075,0.4671875000000001,1773
0.075,0.5390625,1400
0.075,0.6109374999999999,1596
0.075,0.6828124999999998,1863
0.075,0.7546874999999997,1767
0.075,0.8265625000000001,1579
0.075,0.8984375,1339
0.075,0.9703124999999999,1661
0.075,1.0421874999999998,1831
0.075,1.1140624999999997,1934
0.075,1.1859375,1621
0.075,1.2578125,1551
0.075,1.3296875,1992
0.075,1.4015624999999998,1410
0.075,1.4734374999999997,1339
0.075,1.5453125,1024
0.075,1.6171875,467
0.075,1.6890625,88
0.075,1.7609374999999998,0
0.075,1.8328125000000002,0
0.075,1.9046874999999996,0
0.075,1.9765625,0
0.075,2.0484374999999995,0
0.075,2.1203125,0
0.075,2.1921875,0
0.075,2.2640624999999996,0
0.085,-2.2640624999999996,0
0.085,-2.1921874999999997,0
0.085,-2.1203125,0
0.085,-2.0484375,0
0.085,-1.9765624999999998,0
0.085,-1.9046874999999999,0
0.085,-1.8328124999999997,5
0.085,-1.7609374999999998,113
0.085,-1.6890625,569
0.085,-1.6171875,908
0.085,-1.5453124999999999,1022
0.085,-1.4734374999999997,1728
0.085,-1.4015624999999998,1649
0.085,-1.3296875,1932
0.085,-1.2578125,1797
0.085,-1.1859374999999999,1390
0.085,-1.1140625,1462
0.085,-1.0421874999999998,1652
0.085,-0.9703124999999999,1585
0.085,-0.8984375,1848
0.085,-0.8265624999999999,1590
0.085,-0.7546875,1576
0.085,-0.6828125,1796
0.085,-0.6109374999999999,2067
0.085,-0.5390625,2175
0.085,-0.46718749999999987,2346
0.085,-0.39531249999999996,2283
0.085,-0.32343750000000004,2491
0.085,-0.2515624999999999,3009
0.085,-0.1796875,4022
0.085,-0.10781250000000009,5090
0.085,-0.03593750000000018,5922
0.085,0.03593750000000018,5775
0.085,0.10781250000000009,4490
0.085,0.1796875,3458
0.085,0.2515624999999999,2860
0.085,0.3234374999999998,2443
0.085,0.3953125000000002,2480
0.085,0.4671875000000001,1995
0.085,0.5390625,1560
0.085,0.6109374999999999,1743
0.085,0.6828124999999998,1906
0.085,0.7546874999999997,2008
0.085,0.8265625000000001,1690
0.085,0.8984375,1499
0.085,0.9703124999999999,1683
0.085,1.0421874999999998,1899
0.085,1.1140624999999997,1898
0.085,1.1859375,1814
0.085,1.2578125,1756
0.085,1.3296875,2201
0.085,1.4015624999999998,1861
0.085,1.4734374999999997,1911
0.085,1.5453125,1630
0.085,1.6171875,1067
0.085,1.6890625,576
0.085,1.7609374999999998,147
0.085,1.8328125000000002,0
0.085,1.9046874999999996,0
0.085,1.9765625,0
0.085,2.0484374999999995,0
0.085,2.1203125,0
0.085,2.1921875,0
0.085,2.2640624999999996,0
0.095,-2.2640624999999996,0
0.095,-2.1921874999999997,0
0.095,-2.1203125,0
0.095,-2.0484375,0
0.095,-1.9765624999999998,0
0.095,-1.9046874999999999,0
0.095,-1.8328124999999997,134
0.095,-1.7609374999999998,453
0.095,-1.6890625,1257
0.095,-1.6171875,1539
0.095,-1.5453124999999999,1587
0.095,-1.4734374999999997,2004
0.095,-1.4015624999999998,2173
0.095,-1.3296875,2058
0.095,-1.2578125,1978
0.095,-1.1859374999999999,1668
0.095,-1.1140625,1608
0.095,-1.0421874999999998,1739
0.095,-0.9703124999999999,1875
0.095,-0.8984375,1927
0.095,-0.8265624999999999,1657
0.095,-0.7546875,1757
0.095,-0.6828125,1852
0.095,-0.6109374999999999,2166
0.095,-0.5390625,2301
0.095,-0.46718749999999987,2539
0.095,-0.39531249999999996,2454
0.095,-0.32343750000000004,2858
0.095,-0.2515624999999999,3008
0.095,-0.1796875,4178
0.095,-0.10781250000000009,5165
0.095,-0.03593750000000018,5834
0.095,0.03593750000000018,5740
0.095,0.10781250000000009,4552
0.095,0.1796875,3462
0.095,0.2515624999999999,2938
0.095,0.3234374999999998,2572
0.095,0.3953125000000002,2515
0.095,0.4671875000000001,2144
0.095,0.5390625,1760
0.095,0.6109374999999999,1744
0.095,0.6828124999999998,1875
0.095,0.7546874999999997,2053
0.095,0.8265625000000001,1793
0.095,0.8984375,1775
0.095,0.9703124999999999,1651
0.095,1.0421874999999998,2164
0.095,1.1140624999999997,2087
0.095,1.1859375,2092
0.095,1.2578125,2090
0.095,1.3296875,2327
0.095,1.4015624999999998,2140
0.095,1.4734374999999997,2202
0.095,1.5453125,2212
0.095,1.6171875,1737
0.095,1.6890625,1232
0.095,1.7609374999999998,791
0.095,1.8328125000000002,240
0.095,1.9046874999999996,4
0.095,1.9765625,0
0.095,2.0484374999999995,0
0.095,2.1203125,0
0.095,2.1921875,0
0.095,2.2640624999999996,0
0.105,-2.2640624999999996,0
0.105,-2.1921874999999997,0
0.105,-2.1203125,0
0.105,-2.0484375,0
0.105,-1.9765624999999998,0
0.105,-1.9046874999999999,121
0.105,-1.8328124999999997,607
0.105,-1.7609374999999998,1091
0.105,-1.6890625,1834
0.105,-1.6171875,2272
0.105,-1.5453124999999999,1870
0.105,-1.4734374999999997,2239
0.105,-1.4015624999999998,2421
0.105,-1.3296875,2180
0.105,-1.2578125,2217
0.105,-1.1859374999999999,1840
0.105,-1.1140625,1777
0.105,-1.0421874999999998,1782
0.105,-0.9703124999999999,2081
0.105,-0.8984375,2284
0.105,-0.8265624999999999,1965
0.105,-0.7546875,2152
0.105,-0.6828125,2078
0.105,-0.6109374999999999,2403
0.105,-0.5390625,2672
0.105,-0.46718749999999987,2824
0.105,-0.39531249999999996,2526
0.105,-0.32343750000000004,2959
0.105,-0.2515624999999999,3125
0.105,-0.1796875,4449
0.105,-0.10781250000000009,5342
0.105,-0.03593750000000018,5955
0.105,0.03593750000000018,5664
0.105,0.10781250000000009,4616
0.105,0.1796875,3765
0.105,0.2515624999999999,3323
0.105,0.3234374999999998,2850
0.105,0.3953125000000002,2823
0.105,0.4671875000000001,2270
0.105,0.5390625,1842
0.105,0.6109374999999999,2122
0.105,0.6828124999999998,1904
0.105,0.7546874999999997,2309
0.105,0.8265625000000001,1876
0.105,0.8984375,2054
0.105,0.9703124999999999,1919
0.105,1.0421874999999998,2345
0.105,1.1140624999999997,2414
0.105,1.1859375,2426
0.105,1.2578125,2427
0.105,1.3296875,2551
0.105,1.4015624999999998,2447
0.105,1.4734374999999997,2451
0.105,1.5453125,2535
0.105,1.6171875,2564
0.105,1.6890625,2185
0.105,1.7609374999999998,1646
0.105,1.8328125000000002,1014
0.105,1.9046874999999996,180
0.105,1.9765625,0
0.105,2.0484374999999995,0
0.105,2.1203125,0
0.105,2.1921875,0
0.105,2.2640624999999996,0
0.115,-2.2640624999999996,0
0.115,-2.1921874999999997,0
0.115,-2.1203125,0
0.115,-2.0484375,0
0.115,-1.9765624999999998,58
0.115,-1.9046874999999999,603
0.115,-1.8328124999999997,1245
0.115,-1.7609374999999998,1643
0.115,-1.6890625,2328
0.115,-1.6171875,2566
0.115,-1.5453124999999999,2151
0.115,-1.4734374999999997,2361
0.115,-1.4015624999999998,2696
0.115,-1.3296875,2425
0.115,-1.2578125,2470
0.115,-1.1859374999999999,2036
0.115,-1.1140625,2207
0.115,-1.0421874999999998,1838
0.115,-0.9703124999999999,2190
0.115,-0.8984375,2226
0.115,-0.8265624999999999,2224
0.115,-0.7546875,2496
0.115,-0.6828125,2415
0.115,-0.6109374999999999,2650
0.115,-0.5390625,3076
0.115,-0.46718749999999987,2700
0.115,-0.39531249999999996,2615
0.115,-0.32343750000000004,2911
0.115,-0.2515624999999999,3213
0.115,-0.1796875,4712
0.115,-0.10781250000000009,5534
0.115,-0.03593750000000018,5890
0.115,0.03593750000000018,5720
0.115,0.10781250000000009,4712
0.115,0.1796875,3812
0.115,0.2515624999999999,3596
0.115,0.3234374999999998,3244
0.115,0.3953125000000002,2905
0.115,0.4671875000000001,2727
0.115,0.5390625,2001
0.115,0.6109374999999999,2123
0.115,0.6828124999999998,2036
0.115,0.7546874999999997,2263
0.115,0.8265625000000001,2047
0.115,0.8984375,2160
0.115,0.9703124999999999,2255
0.115,1.0421874999999998,2512
0.115,1.1140624999999997,2511
0.115,1.1859375,2638
0.115,1.2578125,2566
0.115,1.3296875,2692
0.115,1.4015624999999998,2823
0.115,1.4734374999999997,2688
0.115,1.5453125,2907
0.115,1.6171875,2827
0.115,1.6890625,2967
0.115,1.7609374999999998,2609
0.115,1.8328125000000002,1828
0.115,1.9046874999999996,1014
0.115,1.9765625,159
0.115,2.0484374999999995,0
0.115,2.1203125,0
0.115,2.1921875,0
0.115,2.2640624999999996,0
0.125,-2.2640624999999996,0
0.125,-2.1921874999999997,0
0.125,-2.1203125,0
0.125,-2.0484375,20
0.125,-1.9765624999999998,480
0.125,-1.9046874999999999,1417
0.125,-1.8328124999999997,2118
0.125,-1.7609374999999998,2285
0.125,-1.6890625,2618
0.125,-1.6171875,2629
0.125,-1.5453124999999999,2530
0.125,-1.4734374999999997,2573
0.125,-1.4015624999999998,2779
0.125,-1.3296875,2763
0.125,-1.2578125,2650
0.125,-1.1859374999999999,2282
0.125,-1.1140625,2493
0.125,-1.0421874999999998,2199
0.125,-0.9703124999999999,2400
0.125,-0.8984375,2524
0.125,-0.8265624999999999,2411
0.125,-0.7546875,2567
0.125,-0.6828125,2528
0.125,-0.6109374999999999,2841
0.125,-0.5390625,3108
0.125,-0.46718749999999987,2967
0.125,-0.39531249999999996,2765
0.125,-0.32343750000000004,3125
0.125,-0.2515624999999999,3697
0.125,-0.1796875,5046
0.125,-0.10781250000000009,5586
0.125,-0.03593750000000018,6096
0.125,0.03593750000000018,6010
0.125,0.10781250000000009,4882
0.125,0.1796875,3905
0.125,0.2515624999999999,3651
0.125,0.3234374999999998,3588
0.125,0.3953125000000002,3139
0.125,0.4671875000000001,2736
0.125,0.5390625,2268
0.125,0.6109374999999999,2296
0.125,0.6828124999999998,2145
0.125,0.7546874999999997,2505
0.125,0.8265625000000001,2476
0.125,0.8984375,2465
0.125,0.9703124999999999,2629
0.125,1.0421874999999998,2654
0.125,1.1140624999999997,2744
0.125,1.1859375,2662
0.125,1.2578125,2780
0.125,1.3296875,2850
0.125,1.4015624999999998,3294
0.125,1.4734374999999997,3209
0.125,1.5453125,3046
0.125,1.6171875,3119
0.125,1.6890625,3317
0.125,1.7609374999999998,3337
0.125,1.8328125000000002,2875
0.125,1.9046874999999996,2039
0.125,1.9765625,927
0.125,2.0484374999999995,43
0.125,2.1203125,0
0.125,2.1921875,0
0.125,2.2640624999999996,0
0.135,-2.2640624999999996,0
0.135,-2.1921874999999997,0
0.135,-2.1203125,5
0.135,-2.0484375,378
0.135,-1.9765624999999998,1377
0.135,-1.9046874999999999,2430
0.135,-1.8328124999999997,2904
0.135,-1.7609374999999998,2619
0.135,-1.6890625,3045
0.135,-1.6171875,2948
0.135,-1.5453124999999999,2800
0.135,-1.4734374999999997,2722
0.135,-1.4015624999999998,3087
0.135,-1.3296875,2885
0.135,-1.2578125,2659
0.135,-1.1859374999999999,2686
0.135,-1.1140625,2702
0.135,-1.0421874999999998,2405
0.135,-0.9703124999999999,2495
0.135,-0.8984375,2758
0.135,-0.8265624999999999,2687
0.135,-0.7546875,2633
0.135,-0.6828125,2734
0.135,-0.6109374999999999,3018
0.135,-0.5390625,3266
0.135,-0.46718749999999987,3172
0.135,-0.39531249999999996,2980
0.135,-0.32343750000000004,3425
0.135,-0.2515624999999999,3924
0.135,-0.1796875,5089
0.135,-0.10781250000000009,5673
0.135,-0.03593750000000018,6458
0.135,0.03593750000000018,6087
0.135,0.10781250000000009,5030
0.135,0.1796875,4024
0.135,0.2515624999999999,3813
0.135,0.3234374999999998,4088
0.135,0.3953125000000002,3339
0.135,0.4671875000000001,2939
0.135,0.5390625,2355
0.135,0.6109374999999999,2402
0.135,0.6828124999999998,2309
0.135,0.7546874999999997,2792
0.135,0.8265625000000001,2662
0.135,0.8984375,2675
0.135,0.9703124999999999,2884
0.135,1.0421874999999998,3021
0.135,1.1140624999999997,3005
0.135,1.1859375,2993
0.135,1.2578125,3110
0.135,1.3296875,3366
0.135,1.4015624999999998,3554
0.135,1.4734374999999997,3616
0.135,1.5453125,3202
0.135,1.6171875,3555
0.135,1.6890625,3427
0.135,1.7609374999999998,3665
0.135,1.8328125000000002,3770
0.135,1.9046874999999996,2867
0.135,1.9765625,1915
0.135,2.0484374999999995,532
0.135,2.1203125,0
0.135,2.1921875,0
0.135,2.2640624999999996,0
0.145,-2.2640624999999996,0
0.145,-2.1921874999999997,0
0.145,-2.1203125,155
0.145,-2.0484375,1408
0.145,-1.9765624999999998,2395
0.145,-1.9046874999999999,3213
0.145,-1.8328124999999997,3244
0.145,-1.7609374999999998,2807
0.145,-1.6890625,3567
0.145,-1.6171875,3283
0.145,-1.5453124999999999,3200
0.145,-1.4734374999999997,3207
0.145,-1.4015624999999998,3169
0.145,-1.3296875,3024
0.145,-1.2578125,2859
0.145,-1.1859374999999999,3080
0.145,-1.1140625,2990
0.145,-1.0421874999999998,2921
0.145,-0.9703124999999999,2540
0.145,-0.8984375,2875
0.145,-0.8265624999999999,2907
0.145,-0.7546875,2953
0.145,-0.6828125,2863
0.145,-0.6109374999999999,3104
0.145,-0.5390625,3438
0.145,-0.46718749999999987,3302
0.145,-0.39531249999999996,3239
0.145,-0.32343750000000004,3745
0.145,-0.2515624999999999,4012
0.145,-0.1796875,5327
0.145,-0.10781250000000009,5875
0.145,-0.03593750000000018,6630
0.145,0.03593750000000018,6045
0.145,0.10781250000000009,5034
0.145,0.1796875,4225
0.145,0.2515624999999999,3945
0.145,0.3234374999999998,4258
0.145,0.3953125000000002,3316
0.145,0.4671875000000001,3046
0.145,0.5390625,2650
0.145,0.6109374999999999,2700
0.145,0.6828124999999998,2636
0.145,0.7546874999999997,3016
0.145,0.8265625000000001,2927
0.145,0.8984375,2983
0.145,0.9703124999999999,3413
0.145,1.0421874999999998,3480
0.145,1.1140624999999997,3242
0.145,1.1859375,3388
0.145,1.2578125,3512
0.145,1.3296875,3695
0.145,1.4015624999999998,3712
0.145,1.4734374999999997,3716
0.145,1.5453125,3838
0.145,1.6171875,4050
0.145,1.6890625,3981
0.145,1.7609374999999998,4143
0.145,1.8328125000000002,3902
0.145,1.9046874999999996,4056
0.145,1.9765625,2950
0.145,2.0484374999999995,1509
0.145,2.1203125,119
0.145,2.1921875,0
0.145,2.2640624999999996,0
0.155,-2.2640624999999996,0
0.155,-2.1921874999999997,0
0.155,-2.1203125,846
0.155,-2.0484375,2532
0.155,-1.9765624999999998,3738
0.155,-1.9046874999999999,3908
0.155,-1.8328124999999997,3613
0.155,-1.7609374999999998,3241
0.155,-1.6890625,3849
0.155,-1.6171875,3767
0.155,-1.5453124999999999,3598
0.155,-1.4734374999999997,3590
0.155,-1.4015624999999998,3538
0.155,-1.3296875,3362
0.155,-1.2578125,3149
0.155,-1.1859374999999999,3319
0.155,-1.1140625,3282
0.155,-1.0421874999999998,3131
0.155,-0.9703124999999999,2950
0.155,-0.8984375,3254
0.155,-0.8265624999999999,3319
0.155,-0.7546875,3228
0.155,-0.6828125,3122
0.155,-0.6109374999999999,3230
0.155,-0.5390625,3832
0.155,-0.46718749999999987,3474
0.155,-0.39531249999999996,3681
0.155,-0.32343750000000004,3952
0.155,-0.2515624999999999,4390
0.155,-0.1796875,5501
0.155,-0.10781250000000009,6154
0.155,-0.03593750000000018,6771
0.155,0.03593750000000018,6288
0.155,0.10781250000000009,5236
0.155,0.1796875,4516
0.155,0.2515624999999999,4126
0.155,0.3234374999999998,4054
0.155,0.3953125000000002,3540
0.155,0.4671875000000001,3364
0.155,0.5390625,3077
0.155,0.6109374999999999,2853
0.155,0.6828124999999998,3054
0.155,0.7546874999999997,3523
0.155,0.8265625000000001,3350
0.155,0.8984375,3316
0.155,0.9703124999999999,3735
0.155,1.0421874999999998,3687
0.155,1.1140624999999997,3547
0.155,1.1859375,3829
0.155,1.2578125,3813
0.155,1.3296875,3880
0.155,1.4015624999999998,3855
0.155,1.4734374999999997,4291
0.155,1.5453125,4321
0.155,1.6171875,4400
0.155,1.6890625,4552
0.155,1.7609374999999998,4613
0.155,1.8328125000000002,4404
0.155,1.9046874999999996,4563
0.155,1.9765625,4176
0.155,2.0484374999999995,2828
0.155,2.1203125,832
0.155,2.1921875,0
0.155,2.2640624999999996,0
0.165,-2.2640624999999996,0
0.165,-2.1921874999999997,30
0.165,-2.1203125,2082
0.165,-2.0484375,4102
0.165,-1.9765624999999998,4700
0.165,-1.9046874999999999,4526
0.165,-1.8328124999999997,4340
0.165,-1.7609374999999998,3914
0.165,-1.6890625,4119
0.165,-1.6171875,4246
0.165,-1.5453124999999999,3968
0.165,-1.4734374999999997,4116
0.165,-1.4015624999999998,4187
0.165,-1.3296875,3973
0.165,-1.2578125,3763
0.165,-1.1859374999999999,3938
0.165,-1.1140625,3758
0.165,-1.0421874999999998,3336
0.165,-0.9703124999999999,3402
0.165,-0.8984375,3727
0.165,-0.8265624999999999,3849
0.165,-0.7546875,3549
0.165,-0.6828125,3301
0.165,-0.6109374999999999,3333
0.165,-0.5390625,3767
0.165,-0.46718749999999987,3697
0.165,-0.39531249999999996,3869
0.165,-0.32343750000000004,4233
0.165,-0.2515624999999999,4679
0.165,-0.1796875,5833
0.165,-0.10781250000000009,6537
0.165,-0.03593750000000018,6843
0.165,0.03593750000000018,6291
0.165,0.10781250000000009,5450
0.165,0.1796875,4753
0.165,0.2515624999999999,4114
0.165,0.3234374999999998,4283
0.165,0.3953125000000002,3705
0.165,0.4671875000000001,3463
0.165,0.5390625,3452
0.165,0.6109374999999999,3320
0.165,0.6828124999999998,3465
0.165,0.7546874999999997,3887
0.165,0.8265625000000001,3739
0.165,0.8984375,3467
0.165,0.9703124999999999,3740
0.165,1.0421874999999998,3873
0.165,1.1140624999999997,3918
0.165,1.1859375,4067
0.165,1.2578125,4260
0.165,1.3296875,4221
0.165,1.4015624999999998,4169
0.165,1.4734374999999997,4597
0.165,1.5453125,4586
0.165,1.6171875,4925
0.165,1.6890625,4684
0.165,1.7609374999999998,5060
0.165,1.8328125000000002,5090
0.165,1.9046874999999996,5215
0.165,1.9765625,5060
0.165,2.0484374999999995,4368
0.165,2.1203125,2246
0.165,2.1921875,46
0.165,2.2640624999999996,0
0.175,-2.2640624999999996,0
0.175,-2.1921874999999997,215
0.175,-2.1203125,3799
0.175,-2.0484375,5507
0.175,-1.9765624999999998,5615
0.175,-1.9046874999999999,5172
0.175,-1.8328124999999997,5006
0.175,-1.7609374999999998,4133
0.175,-1.6890625,4748
0.175,-1.6171875,4659
0.175,-1.5453124999999999,4254
0.175,-1.4734374999999997,4571
0.175,-1.4015624999999998,4944
0.175,-1.3296875,4667
0.175,-1.2578125,4186
0.175,-1.1859374999999999,4331
0.175,-1.1140625,3936
0.175,-1.0421874999999998,3786
0.175,-0.9703124999999999,3794
0.175,-0.8984375,4357
0.175,-0.8265624999999999,4302
0.175,-0.7546875,3841
0.175,-0.6828125,3483
0.175,-0.6109374999999999,3491
0.175,-0.5390625,3961
0.175,-0.46718749999999987,4006
0.175,-0.39531249999999996,4290
0.175,-0.32343750000000004,4050
0.175,-0.2515624999999999,4903
0.175,-0.1796875,5975
0.175,-0.10781250000000009,6909
0.175,-0.03593750000000018,7456
0.175,0.03593750000000018,6677
0.175,0.10781250000000009,5647
0.175,0.1796875,4974
0.175,0.2515624999999999,4618
0.175,0.3234374999999998,4634
0.175,0.3953125000000002,3900
0.175,0.4671875000000001,3842
0.175,0.5390625,3822
0.175,0.6109374999999999,3638
0.175,0.6828124999999998,3554
0.175,0.7546874999999997,4497
0.175,0.8265625000000001,4012
0.175,0.8984375,3934
0.175,0.9703124999999999,4356
0.175,1.0421874999999998,4247
0.175,1.1140624999999997,4263
0.175,1.1859375,4279
0.175,1.2578125,4493
0.175,1.3296875,4859
0.175,1.4015624999999998,4509
0.175,1.4734374999999997,5046
0.175,1.5453125,4939
0.175,1.6171875,5292
0.175,1.6890625,5259
0.175,1.7609374999999998,5307
0.175,1.8328125000000002,5703
0.175,1.9046874999999996,5632
0.175,1.9765625,5556
0.175,2.0484374999999995,5783
0.175,2.1203125,4284
0.175,2.1921875,358
0.175,2.2640624999999996,0
0.185,-2.2640624999999996,0
0.185,-2.1921874999999997,355
0.185,-2.1203125,6223
0.185,-2.0484375,6471
0.185,-1.9765624999999998,6117
0.185,-1.9046874999999999,5646
0.185,-1.8328124999999997,5489
0.185,-1.7609374999999998,4932
0.185,-1.6890625,4999
0.185,-1.6171875,4911
0.185,-1.5453124999999999,4646
0.185,-1.4734374999999997,5289
0.185,-1.4015624999999998,5302
0.185,-1.3296875,5035
0.185,-1.2578125,4598
0.185,-1.1859374999999999,4684
0.185,-1.1140625,4246
0.185,-1.0421874999999998,4216
0.185,-0.9703124999999999,4487
0.185,-0.8984375,4594
0.185,-0.8265624999999999,4759
0.185,-0.7546875,4279
0.185,-0.6828125,3730
0.185,-0.6109374999999999,3677
0.185,-0.5390625,4011
0.185,-0.46718749999999987,4000
0.185,-0.39531249999999996,4704
0.185,-0.32343750000000004,4375
0.185,-0.2515624999999999,5004
0.185,-0.1796875,6159
0.185,-0.10781250000000009,7043
0.185,-0.03593750000000018,7582
0.185,0.03593750000000018,6897
0.185,0.10781250000000009,6218
0.185,0.1796875,5276
0.185,0.2515624999999999,4744
0.185,0.3234374999999998,4856
0.185,0.3953125000000002,4373
0.185,0.4671875000000001,4452
0.185,0.5390625,4091
0.185,0.6109374999999999,3979
0.185,0.6828124999999998,3886
0.185,0.7546874999999997,4909
0.185,0.8265625000000001,4538
0.185,0.8984375,4416
0.185,0.9703124999999999,4557
0.185,1.0421874999999998,4509
0.185,1.1140624999999997,4531
0.185,1.1859375,4769
0.185,1.2578125,5034
0.185,1.3296875,5262
0.185,1.4015624999999998,4949
0.185,1.4734374999999997,5423
0.185,1.5453125,5353
0.185,1.6171875,5606
0.185,1.6890625,5683
0.185,1.7609374999999998,5714
0.185,1.8328125000000002,6419
0.185,1.9046874999999996,6438
0.185,1.9765625,6338
0.185,2.0484374999999995,6706
0.185,2.1203125,6218
0.185,2.1921875,443
0.185,2.2640624999999996,0
0.195,-2.2640624999999996,0
0.195,-2.1921874999999997,447
0.195,-2.1203125,7134
0.195,-2.0484375,7119
0.195,-1.9765624999999998,6419
0.195,-1.9046874999999999,6436
0.195,-1.8328124999999997,5980
0.195,-1.7609374999999998,5452
0.195,-1.6890625,5610
0.195,-1.6171875,5374
0.195,-1.5453124999999999,5230
0.195,-1.4734374999999997,5607
0.195,-1.4015624999999998,5427
0.195,-1.3296875,5672
0.195,-1.2578125,4889
0.195,-1.1859374999999999,4847
0.195,-1.1140625,4804
0.195,-1.0421874999999998,4735
0.195,-0.9703124999999999,4909
0.195,-0.8984375,4973
0.195,-0.8265624999999999,5007
0.195,-0.7546875,4798
0.195,-0.6828125,4352
0.195,-0.6109374999999999,4220
0.195,-0.5390625,4464
0.195,-0.46718749999999987,4370
0.195,-0.39531249999999996,4984
0.195,-0.32343750000000004,4760
0.195,-0.2515624999999999,5045
0.195,-0.1796875,5992
0.195,-0.10781250000000009,7169
0.195,-0.03593750000000018,7927
0.195,0.03593750000000018,7135
0.195,0.10781250000000009,6664
0.195,0.1796875,5264
0.195,0.2515624999999999,5394
0.195,0.3234374999999998,5358
0.195,0.3953125000000002,4952
0.195,0.4671875000000001,4895
0.195,0.5390625,4378
0.195,0.6109374999999999,4387
0.195,0.6828124999999998,4303
0.195,0.7546874999999997,5205
0.195,0.8265625000000001,5191
0.195,0.8984375,5140
0.195,0.9703124999999999,4756
0.195,1.0421874999999998,5086
0.195,1.1140624999999997,5018
0.195,1.1859375,5303
0.195,1.2578125,5442
0.195,1.3296875,5464
0.195,1.4015624999999998,5866
0.195,1.4734374999999997,6477
0.195,1.5453125,6218
0.195,1.6171875,6095
0.195,1.6890625,6244
0.195,1.7609374999999998,6141
0.195,1.8328125000000002,7048
0.195,1.9046874999999996,7047
0.195,1.9765625,7101
0.195,2.0484374999999995,7723
0.195,2.1203125,6958
0.195,2.1921875,500
0.195,2.2640624999999996,0
0.205,-2.2640624999999996,0
0.205,-2.1921874999999997,432
0.205,-2.1203125,6259
0.205,-2.0484375,7747
0.205,-1.9765624999999998,7401
0.205,-1.9046874999999999,7091
0.205,-1.8328124999999997,6557
0.205,-1.7609374999999998,6050
0.205,-1.6890625,6099
0.205,-1.6171875,6069
0.205,-1.5453124999999999,5759
0.205,-1.4734374999999997,6094
0.205,-1.4015624999999998,5784
0.205,-1.3296875,6006
0.205,-1.2578125,5294
0.205,-1.1859374999999999,5198
0.205,-1.1140625,5197
0.205,-1.0421874999999998,5105
0.205,-0.9703124999999999,5204
0.205,-0.8984375,5742
0.205,-0.8265624999999999,5543
0.205,-0.7546875,5224
0.205,-0.6828125,4934
0.205,-0.6109374999999999,4657
0.205,-0.5390625,4915
0.205,-0.46718749999999987,4748
0.205,-0.39531249999999996,5129
0.205,-0.32343750000000004,5036
0.205,-0.2515624999999999,5217
0.205,-0.1796875,6294
0.205,-0.10781250000000009,7173
0.205,-0.03593750000000018,8341
0.205,0.03593750000000018,7374
0.205,0.10781250000000009,6901
0.205,0.1796875,5870
0.205,0.2515624999999999,5950
0.205,0.3234374999999998,5576
0.205,0.3953125000000002,5284
0.205,0.4671875000000001,5047
0.205,0.5390625,4837
0.205,0.6109374999999999,4941
0.205,0.6828124999999998,4828
0.205,0.7546874999999997,5272
0.205,0.8265625000000001,5672
0.205,0.8984375,5686
0.205,0.9703124999999999,5558
0.205,1.0421874999999998,5662
0.205,1.1140624999999997,5525
0.205,1.1859375,5817
0.205,1.2578125,5941
0.205,1.3296875,5948
0.205,1.4015624999999998,6237
0.205,1.4734374999999997,7025
0.205,1.5453125,6719
0.205,1.6171875,6735
0.205,1.6890625,6593
0.205,1.7609374999999998,6684
0.205,1.8328125000000002,7966
0.205,1.9046874999999996,7973
0.205,1.9765625,7672
0.205,2.0484374999999995,8234
0.205,2.1203125,6364
0.205,2.1921875,464
0.205,2.2640624999999996,0
0.215,-2.2640624999999996,0
0.215,-2.1921874999999997,152
0.215,-2.1203125,4351
0.215,-2.0484375,8241
0.215,-1.9765624999999998,7961
0.215,-1.9046874999999999,7577
0.215,-1.8328124999999997,7258
0.215,-1.7609374999999998,6788
0.215,-1.6890625,6496
0.215,-1.6171875,7041
0.215,-1.5453124999999999,6514
0.215,-1.4734374999999997,6767
0.215,-1.4015624999999998,6238
0.215,-1.3296875,6388
0.215,-1.2578125,5987
0.215,-1.1859374999999999,5747
0.215,-1.1140625,5787
0.215,-1.0421874999999998,5974
0.215,-0.9703124999999999,5824
0.215,-0.8984375,6317
0.215,-0.8265624999999999,6059
0.215,-0.7546875,5640
0.215,-0.6828125,5592
0.215,-0.6109374999999999,4835
0.215,-0.5390625,5268
0.215,-0.46718749999999987,5196
0.215,-0.39531249999999996,5707
0.215,-0.32343750000000004,5573
0.215,-0.2515624999999999,5784
0.215,-0.1796875,6671
0.215,-0.10781250000000009,7871
0.215,-0.03593750000000018,8778
0.215,0.03593750000000018,7774
0.215,0.10781250000000009,6985
0.215,0.1796875,6386
0.215,0.2515624999999999,6637
0.215,0.3234374999999998,5785
0.215,0.3953125000000002,5445
0.215,0.4671875000000001,5325
0.215,0.5390625,5068
0.215,0.6109374999999999,5354
0.215,0.6828124999999998,5087
0.215,0.7546874999999997,5804
0.215,0.8265625000000001,6336
0.215,0.8984375,6414
0.215,0.9703124999999999,6125
0.215,1.0421874999999998,6241
0.215,1.1140624999999997,6114
0.215,1.1859375,6345
0.215,1.2578125,6317
0.215,1.3296875,6471
0.215,1.4015624999999998,6883
0.215,1.4734374999999997,7922
0.215,1.5453125,7209
0.215,1.6171875,7371
0.215,1.6890625,7296
0.215,1.7609374999999998,7219
0.215,1.8328125000000002,8775
0.215,1.9046874999999996,9003
0.215,1.9765625,8304
0.215,2.0484374999999995,8643
0.215,2.1203125,4560
0.215,2.1921875,173
0.215,2.2640624999999996,0
0.225,-2.2640624999999996,0
0.225,-2.1921874999999997,5
0.225,-2.1203125,2623
0.225,-2.0484375,7512
0.225,-1.9765624999999998,8801
0.225,-1.9046874999999999,7981
0.225,-1.8328124999999997,7963
0.225,-1.7609374999999998,7663
0.225,-1.6890625,7351
0.225,-1.6171875,8173
0.225,-1.5453124999999999,7171
0.225,-1.4734374999999997,7294
0.225,-1.4015624999999998,6950
0.225,-1.3296875,6956
0.225,-1.2578125,6707
0.225,-1.1859374999999999,6236
0.225,-1.1140625,6357
0.225,-1.0421874999999998,6592
0.225,-0.9703124999999999,6713
0.225,-0.8984375,6944
0.225,-0.8265624999999999,6547
0.225,-0.7546875,6238
0.225,-0.6828125,6104
0.225,-0.6109374999999999,5095
0.225,-0.5390625,5584
0.225,-0.46718749999999987,5892
0.225,-0.39531249999999996,6401
0.225,-0.32343750000000004,6190
0.225,-0.2515624999999999,5993
0.225,-0.1796875,7052
0.225,-0.10781250000000009,8395
0.225,-0.03593750000000018,8939
0.225,0.03593750000000018,8574
0.225,0.10781250000000009,7331
0.225,0.1796875,7046
0.225,0.2515624999999999,7159
0.225,0.3234374999999998,6148
0.225,0.3953125000000002,6147
0.225,0.4671875000000001,5721
0.225,0.5390625,5521
0.225,0.6109374999999999,5595
0.225,0.6828124999999998,5485
0.225,0.7546874999999997,6468
0.225,0.8265625000000001,6919
0.225,0.8984375,7111
0.225,0.9703124999999999,6921
0.225,1.0421874999999998,6635
0.225,1.1140624999999997,6824
0.225,1.1859375,7246
0.225,1.2578125,6821
0.225,1.3296875,6949
0.225,1.4015624999999998,7525
0.225,1.4734374999999997,8447
0.225,1.5453125,8097
0.225,1.6171875,8339
0.225,1.6890625,7912
0.225,1.7609374999999998,7971
0.225,1.8328125000000002,9659
0.225,1.9046874999999996,10010
0.225,1.9765625,9300
0.225,2.0484374999999995,8441
0.225,2.1203125,2717
0.225,2.1921875,4
0.225,2.2640624999999996,0
0.235,-2.2640624999999996,0
0.235,-2.1921874999999997,0
0.235,-2.1203125,1055
0.235,-2.0484375,5785
0.235,-1.9765624999999998,9222
0.235,-1.9046874999999999,8362
0.235,-1.8328124999999997,8636
0.235,-1.7609374999999998,8282
0.235,-1.6890625,8381
0.235,-1.6171875,9373
0.235,-1.5453124999999999,8234
0.235,-1.4734374999999997,8087
0.235,-1.4015624999999998,7683
0.235,-1.3296875,7238
0.235,-1.2578125,7131
0.235,-1.1859374999999999,6798
0.235,-1.1140625,7018
0.235,-1.0421874999999998,7113
0.235,-0.9703124999999999,7509
0.235,-0.8984375,7671
0.235,-0.8265624999999999,7186
0.235,-0.7546875,6797
0.235,-0.6828125,6580
0.235,-0.6109374999999999,6013
0.235,-0.5390625,6362
0.235,-0.46718749999999987,6517
0.235,-0.39531249999999996,7006
0.235,-0.32343750000000004,6661
0.235,-0.2515624999999999,6549
0.235,-0.1796875,7255
0.235,-0.10781250000000009,8992
0.235,-0.03593750000000018,9523
0.235,0.03593750000000018,8881
0.235,0.10781250000000009,7732
0.235,0.1796875,7484
0.235,0.2515624999999999,7332
0.235,0.3234374999999998,6506
0.235,0.3953125000000002,6789
0.235,0.4671875000000001,6320
0.235,0.5390625,6037
0.235,0.6109374999999999,6375
0.235,0.6828124999999998,6273
0.235,0.7546874999999997,7165
0.235,0.8265625000000001,7402
0.235,0.8984375,7774
0.235,0.9703124999999999,7337
0.235,1.0421874999999998,7551
0.235,1.1140624999999997,7773
0.235,1.1859375,8405
0.235,1.2578125,7594
0.235,1.3296875,7610
0.235,1.4015624999999998,8216
0.235,1.4734374999999997,9301
0.235,1.5453125,9097
0.235,1.6171875,9345
0.235,1.6890625,8750
0.235,1.7609374999999998,9111
0.235,1.8328125000000002,10372
0.235,1.9046874999999996,11005
0.235,1.9765625,10029
0.235,2.0484374999999995,6019
0.235,2.1203125,939
0.235,2.1921875,0
0.235,2.2640624999999996,0
0.245,-2.2640624999999996,0
0.245,-2.1921874999999997,0
0.245,-2.1203125,144
0.245,-2.0484375,3515
0.245,-1.9765624999999998,8248
0.245,-1.9046874999999999,8693
0.245,-1.8328124999999997,9584
0.245,-1.7609374999999998,9522
0.245,-1.6890625,9355
0.245,-1.6171875,10313
0.245,-1.5453124999999999,9276
0.245,-1.4734374999999997,9242
0.245,-1.4015624999999998,8614
0.245,-1.3296875,7674
0.245,-1.2578125,7981
0.245,-1.1859374999999999,7597
0.245,-1.1140625,8088
0.245,-1.0421874999999998,7858
0.245,-0.9703124999999999,8401
0.245,-0.8984375,8226
0.245,-0.8265624999999999,7833
0.245,-0.7546875,7672
0.245,-0.6828125,7164
0.245,-0.6109374999999999,6939
0.245,-0.5390625,6994
0.245,-0.46718749999999987,7327
0.245,-0.39531249999999996,7507
0.245,-0.32343750000000004,7236
0.245,-0.2515624999999999,7241
0.245,-0.1796875,8170
0.245,-0.10781250000000009,9196
0.245,-0.03593750000000018,10016
0.245,0.03593750000000018,9660
0.245,0.10781250000000009,8389
0.245,0.1796875,7817
0.245,0.2515624999999999,7625
0.245,0.3234374999999998,6944
0.245,0.3953125000000002,7297
0.245,0.4671875000000001,6958
0.245,0.5390625,6779
0.245,0.6109374999999999,7012
0.245,0.6828124999999998,6947
0.245,0.7546874999999997,7759
0.245,0.8265625000000001,7763
0.245,0.8984375,8733
0.245,0.9703124999999999,8362
0.245,1.0421874999999998,8558
0.245,1.1140624999999997,8538
0.245,1.1859375,8879
0.245,1.2578125,8391
0.245,1.3296875,8172
0.245,1.4015624999999998,8991
0.245,1.4734374999999997,10146
0.245,1.5453125,9720
0.245,1.6171875,10207
0.245,1.6890625,10016
0.245,1.7609374999999998,9628
0.245,1.8328125000000002,11276
0.245,1.9046874999999996,11832
0.245,1.9765625,8918
0.245,2.0484374999999995,3604
0.245,2.1203125,112
0.245,2.1921875,0
0.245,2.2640624999999996,0
0.255,-2.2640624999999996,0
0.255,-2.1921874999999997,0
0.255,-2.1203125,0
0.255,-2.0484375,1398
0.255,-1.9765624999999998,6005
0.255,-1.9046874999999999,8818
0.255,-1.8328124999999997,10506
0.255,-1.7609374999999998,10727
0.255,-1.6890625,10332
0.255,-1.6171875,10798
0.255,-1.5453124999999999,10388
0.255,-1.4734374999999997,9791
0.255,-1.4015624999999998,9516
0.255,-1.3296875,8802
0.255,-1.2578125,8419
0.255,-1.1859374999999999,8371
0.255,-1.1140625,8769
0.255,-1.0421874999999998,8794
0.255,-0.9703124999999999,9228
0.255,-0.8984375,8680
0.255,-0.8265624999999999,8879
0.255,-0.7546875,8426
0.255,-0.6828125,7832
0.255,-0.6109374999999999,7911
0.255,-0.5390625,7669
0.255,-0.46718749999999987,8314
0.255,-0.39531249999999996,8042
0.255,-0.32343750000000004,8091
0.255,-0.2515624999999999,8011
0.255,-0.1796875,8727
0.255,-0.10781250000000009,9756
0.255,-0.03593750000000018,10248
0.255,0.03593750000000018,10896
0.255,0.10781250000000009,8996
0.255,0.1796875,8636
0.255,0.2515624999999999,8078
0.255,0.3234374999999998,7523
0.255,0.3953125000000002,7584
0.255,0.4671875000000001,7938
0.255,0.5390625,7590
0.255,0.6109374999999999,7872
0.255,0.6828124999999998,7973
0.255,0.7546874999999997,8321
0.255,0.8265625000000001,8639
0.255,0.8984375,9435
0.255,0.9703124999999999,9107
0.255,1.0421874999999998,9443
0.255,1.1140624999999997,9707
0.255,1.1859375,9322
0.255,1.2578125,9054
0.255,1.3296875,9319
0.255,1.4015624999999998,10083
0.255,1.4734374999999997,10858
0.255,1.5453125,10948
0.255,1.6171875,10979
0.255,1.6890625,11108
0.255,1.7609374999999998,11271
0.255,1.8328125000000002,12325
0.255,1.9046874999999996,11939
0.255,1.9765625,6710
0.255,2.0484374999999995,1442
0.255,2.1203125,0
0.255,2.1921875,0
0.255,2.2640624999999996,0
0.265,-2.2640624999999996,0
0.265,-2.1921874999999997,0
0.265,-2.1203125,0
0.265,-2.0484375,159
0.265,-1.9765624999999998,3384
0.265,-1.9046874999999999,7175
0.265,-1.8328124999999997,11320
0.265,-1.7609374999999998,11327
0.265,-1.6890625,11387
0.265,-1.6171875,11203
0.265,-1.5453124999999999,11237
0.265,-1.4734374999999997,10449
0.265,-1.4015624999999998,10420
0.265,-1.3296875,10120
0.265,-1.2578125,9287
0.265,-1.1859374999999999,9049
0.265,-1.1140625,9603
0.265,-1.0421874999999998,9523
0.265,-0.9703124999999999,10148
0.265,-0.8984375,9472
0.265,-0.8265624999999999,9630
0.265,-0.7546875,9312
0.265,-0.6828125,8537
0.265,-0.6109374999999999,8952
0.265,-0.5390625,8145
0.265,-0.46718749999999987,8895
0.265,-0.39531249999999996,8515
0.265,-0.32343750000000004,8832
0.265,-0.2515624999999999,8825
0.265,-0.1796875,9366
0.265,-0.10781250000000009,10120
0.265,-0.03593750000000018,10813
0.265,0.03593750000000018,11184
0.265,0.10781250000000009,9821
0.265,0.1796875,9351
0.265,0.2515624999999999,8977
0.265,0.3234374999999998,8546
0.265,0.3953125000000002,8658
0.265,0.4671875000000001,8280
0.265,0.5390625,8274
0.265,0.6109374999999999,8560
0.265,0.6828124999999998,8891
0.265,0.7546874999999997,9103
0.265,0.8265625000000001,9442
0.265,0.8984375,10313
0.265,0.9703124999999999,10308
0.265,1.0421874999999998,10435
0.265,1.1140624999999997,11074
0.265,1.1859375,9891
0.265,1.2578125,10110
0.265,1.3296875,10955
0.265,1.4015624999999998,11361
0.265,1.4734374999999997,12157
0.265,1.5453125,12367
0.265,1.6171875,11522
0.265,1.6890625,11866
0.265,1.7609374999999998,12182
0.265,1.8328125000000002,13315
0.265,1.9046874999999996,9733
0.265,1.9765625,3828
0.265,2.0484374999999995,173
0.265,2.1203125,0
0.265,2.1921875,0
0.265,2.2640624999999996,0
0.275,-2.2640624999999996,0
0.275,-2.1921874999999997,0
0.275,-2.1203125,0
0.275,-2.0484375,0
0.275,-1.9765624999999998,980
0.275,-1.9046874999999999,5253
0.275,-1.8328124999999997,10254
0.275,-1.7609374999999998,12449
0.275,-1.6890625,12349
0.275,-1.6171875,12211
0.275,-1.5453124999999999,11669
0.275,-1.4734374999999997,11184
0.275,-1.4015624999999998,11367
0.275,-1.3296875,11160
0.275,-1.2578125,10379
0.275,-1.1859374999999999,9896
0.275,-1.1140625,10526
0.275,-1.0421874999999998,10770
0.275,-0.9703124999999999,11066
0.275,-0.8984375,10080
0.275,-0.8265624999999999,10237
0.275,-0.7546875,9931
0.275,-0.6828125,10273
0.275,-0.6109374999999999,10130
0.275,-0.5390625,9052
0.275,-0.46718749999999987,9466
0.275,-0.39531249999999996,9189
0.275,-0.32343750000000004,9883
0.275,-0.2515624999999999,9513
0.275,-0.1796875,10135
0.275,-0.10781250000000009,10650
0.275,-0.03593750000000018,11674
0.275,0.03593750000000018,11981
0.275,0.10781250000000009,10614
0.275,0.1796875,10043
0.275,0.2515624999999999,9684
0.275,0.3234374999999998,9633
0.275,0.3953125000000002,9850
0.275,0.4671875000000001,8655
0.275,0.5390625,8998
0.275,0.6109374999999999,9599
0.275,0.6828124999999998,9992
0.275,0.7546874999999997,9992
0.275,0.8265625000000001,10445
0.275,0.8984375,11034
0.275,0.9703124999999999,11382
0.275,1.0421874999999998,11534
0.275,1.1140624999999997,12495
0.275,1.1859375,11304
0.275,1.2578125,11291
0.275,1.3296875,12588
0.275,1.4015624999999998,12669
0.275,1.4734374999999997,13117
0.275,1.5453125,13583
0.275,1.6171875,12304
0.275,1.6890625,13134
0.275,1.7609374999999998,13275
0.275,1.8328125000000002,11936
0.275,1.9046874999999996,6692
0.275,1.9765625,1210
0.275,2.0484374999999995,0
0.275,2.1203125,0
0.275,2.1921875,0
0.275,2.2640624999999996,0
0.285,-2.2640624999999996,0
0.285,-2.1921874999999997,0
0.285,-2.1203125,0
0.285,-2.0484375,0
0.285,-1.9765624999999998,45
0.285,-1.9046874999999999,2654
0.285,-1.8328124999999997,7740
0.285,-1.7609374999999998,12423
0.285,-1.6890625,13520
0.285,-1.6171875,13682
0.285,-1.5453124999999999,13126
0.285,-1.4734374999999997,12285
0.285,-1.4015624999999998,12340
0.285,-1.3296875,12284
0.285,-1.2578125,11353
0.285,-1.1859374999999999,11251
0.285,-1.1140625,11875
0.285,-1.0421874999999998,11832
0.285,-0.9703124999999999,11585
0.285,-0.8984375,11018
0.285,-0.8265624999999999,11384
0.285,-0.7546875,11205
0.285,-0.6828125,11461
0.285,-0.6109374999999999,10872
0.285,-0.5390625,9681
0.285,-0.46718749999999987,10474
0.285,-0.39531249999999996,9948
0.285,-0.32343750000000004,10653
0.285,-0.2515624999999999,10579
0.285,-0.1796875,11159
0.285,-0.10781250000000009,11230
0.285,-0.03593750000000018,12164
0.285,0.03593750000000018,12362
0.285,0.10781250000000009,11303
0.285,0.1796875,10405
0.285,0.2515624999999999,10076
0.285,0.3234374999999998,10563
0.285,0.3953125000000002,10416
0.285,0.4671875000000001,9927
0.285,0.5390625,9603
0.285,0.6109374999999999,10484
0.285,0.6828124999999998,10437
0.285,0.7546874999999997,10992
0.285,0.8265625000000001,11472
0.285,0.8984375,12061
0.285,0.9703124999999999,12605
0.285,1.0421874999999998,12808
0.285,1.1140624999999997,13977
0.285,1.1859375,13056
0.285,1.2578125,12476
0.285,1.3296875,13869
0.285,1.4015624999999998,13941
0.285,1.4734374999999997,14534
0.285,1.5453125,14634
0.285,1.6171875,13284
0.285,1.6890625,14308
0.285,1.7609374999999998,13363
0.285,1.8328125000000002,8825
0.285,1.9046874999999996,3310
0.285,1.9765625,58
0.285,2.0484374999999995,0
0.285,2.1203125,0
0.285,2.1921875,0
0.285,2.2640624999999996,0
0.295,-2.2640624999999996,0
0.295,-2.1921874999999997,0
0.295,-2.1203125,0
0.295,-2.0484375,0
0.295,-1.9765624999999998,0
0.295,-1.9046874999999999,464
0.295,-1.8328124999999997,4866
0.295,-1.7609374999999998,10266
0.295,-1.6890625,14951
0.295,-1.6171875,15508
0.295,-1.5453124999999999,14790
0.295,-1.4734374999999997,13589
0.295,-1.4015624999999998,13327
0.295,-1.3296875,13733
0.295,-1.2578125,12821
0.295,-1.1859374999999999,12565
0.295,-1.1140625,13118
0.295,-1.0421874999999998,13173
0.295,-0.9703124999999999,12615
0.295,-0.8984375,12101
0.295,-0.8265624999999999,12336
0.295,-0.7546875,12295
0.295,-0.6828125,12697
0.295,-0.6109374999999999,12117
0.295,-0.5390625,10938
0.295,-0.46718749999999987,11524
0.295,-0.39531249999999996,11227
0.295,-0.32343750000000004,11561
0.295,-0.2515624999999999,11780
0.295,-0.1796875,12228
0.295,-0.10781250000000009,12230
0.295,-0.03593750000000018,12887
0.295,0.03593750000000018,12973
0.295,0.10781250000000009,12165
0.295,0.1796875,11591
0.295,0.2515624999999999,11205
0.295,0.3234374999999998,10888
0.295,0.3953125000000002,10824
0.295,0.4671875000000001,10587
0.295,0.5390625,10939
0.295,0.6109374999999999,11530
0.295,0.6828124999999998,11174
0.295,0.7546874999999997,12120
0.295,0.8265625000000001,12304
0.295,0.8984375,13154
0.295,0.9703124999999999,13247
0.295,1.0421874999999998,14421
0.295,1.1140624999999997,15603
0.295,1.1859375,14871
0.295,1.2578125,13850
0.295,1.3296875,15554
0.295,1.4015624999999998,15555
0.295,1.4734374999999997,16484
0.295,1.5453125,15758
0.295,1.6171875,14871
0.295,1.6890625,15397
0.295,1.7609374999999998,11553
0.295,1.8328125000000002,5503
0.295,1.9046874999999996,742
0.295,1.9765625,0
0.295,2.0484374999999995,0
0.295,2.1203125,0
0.295,2.1921875,0
0.295,2.2640624999999996,0
0.305,-2.2640624999999996,0
0.305,-2.1921874999999997,0
0.305,-2.1203125,0
0.305,-2.0484375,0
0.305,-1.9765624999999998,0
0.305,-1.9046874999999999,5
0.305,-1.8328124999999997,1712
0.305,-1.7609374999999998,7084
0.305,-1.6890625,13970
0.305,-1.6171875,17455
0.305,-1.5453124999999999,16705
0.305,-1.4734374999999997,14683
0.305,-1.4015624999999998,14718
0.305,-1.3296875,15568
0.305,-1.2578125,14426
0.305,-1.1859374999999999,14142
0.305,-1.1140625,14806
0.305,-1.0421874999999998,14150
0.305,-0.9703124999999999,13413
0.305,-0.8984375,12868
0.305,-0.8265624999999999,13061
0.305,-0.7546875,13217
0.305,-0.6828125,13772
0.305,-0.6109374999999999,13472
0.305,-0.5390625,12753
0.305,-0.46718749999999987,12777
0.305,-0.39531249999999996,12268
0.305,-0.32343750000000004,12925
0.305,-0.2515624999999999,13062
0.305,-0.1796875,12892
0.305,-0.10781250000000009,13361
0.305,-0.03593750000000018,13358
0.305,0.03593750000000018,14108
0.305,0.10781250000000009,13192
0.305,0.1796875,12563
0.305,0.2515624999999999,11612
0.305,0.3234374999999998,12043
0.305,0.3953125000000002,11863
0.305,0.4671875000000001,12007
0.305,0.5390625,11974
0.305,0.6109374999999999,12860
0.305,0.6828124999999998,12302
0.305,0.7546874999999997,13467
0.305,0.8265625000000001,13306
0.305,0.8984375,14750
0.305,0.9703124999999999,14251
0.305,1.0421874999999998,15849
0.305,1.1140624999999997,16641
0.305,1.1859375,16375
0.305,1.2578125,15571
0.305,1.3296875,16630
0.305,1.4015624999999998,17017
0.305,1.4734374999999997,18224
0.305,1.5453125,17520
0.305,1.6171875,16386
0.305,1.6890625,14206
0.305,1.7609374999999998,8144
0.305,1.8328125000000002,2020
0.305,1.9046874999999996,11
0.305,1.9765625,0
0.305,2.0484374999999995,0
0.305,2.1203125,0
0.305,2.1921875,0
0.305,2.2640624999999996,0
0.315,-2.2640624999999996,0
0.315,-2.1921874999999997,0
0.315,-2.1203125,0
0.315,-2.0484375,0
0.315,-1.9765624999999998,0
0.315,-1.9046874999999999,0
0.315,-1.8328124999999997,132
0.315,-1.7609374999999998,3630
0.315,-1.6890625,10598
0.315,-1.6171875,17498
0.315,-1.5453124999999999,18041
0.315,-1.4734374999999997,16260
0.315,-1.4015624999999998,16070
0.315,-1.3296875,17188
0.315,-1.2578125,16346
0.315,-1.1859374999999999,15923
0.315,-1.1140625,16352
0.315,-1.0421874999999998,15278
0.315,-0.9703124999999999,14536
0.315,-0.8984375,14208
0.315,-0.8265624999999999,14613
0.315,-0.7546875,14594
0.315,-0.6828125,15298
0.315,-0.6109374999999999,14928
0.315,-0.5390625,14503
0.315,-0.46718749999999987,14299
0.315,-0.39531249999999996,13579
0.315,-0.32343750000000004,14367
0.315,-0.2515624999999999,14262
0.315,-0.1796875,13652
0.315,-0.10781250000000009,14679
0.315,-0.03593750000000018,14936
0.315,0.03593750000000018,15115
0.315,0.10781250000000009,13501
0.315,0.1796875,13595
0.315,0.2515624999999999,12526
0.315,0.3234374999999998,13347
0.315,0.3953125000000002,12699
0.315,0.4671875000000001,13495
0.315,0.5390625,13471
0.315,0.6109374999999999,14247
0.315,0.6828124999999998,13803
0.315,0.7546874999999997,14886
0.315,0.8265625000000001,14756
0.315,0.8984375,15874
0.315,0.9703124999999999,15758
0.315,1.0421874999999998,17082
0.315,1.1140624999999997,17760
0.315,1.1859375,17665
0.315,1.2578125,17018
0.315,1.3296875,18171
0.315,1.4015624999999998,18933
0.315,1.4734374999999997,20239
0.315,1.5453125,18998
0.315,1.6171875,16698
0.315,1.6890625,11015
0.315,1.7609374999999998,4455
0.315,1.8328125000000002,136
0.315,1.9046874999999996,0
0.315,1.9765625,0
0.315,2.0484374999999995,0
0.315,2.1203125,0
0.315,2.1921875,0
0.315,2.2640624999999996,0
0.325,-2.2640624999999996,0
0.325,-2.1921874999999997,0
0.325,-2.1203125,0
0.325,-2.0484375,0
0.325,-1.9765624999999998,0
0.325,-1.9046874999999999,0
0.325,-1.8328124999999997,1
0.325,-1.7609374999999998,819
0.325,-1.6890625,6863
0.325,-1.6171875,15157
0.325,-1.5453124999999999,20131
0.325,-1.4734374999999997,18052
0.325,-1.4015624999999998,17240
0.325,-1.3296875,19015
0.325,-1.2578125,18075
0.325,-1.1859374999999999,17583
0.325,-1.1140625,17615
0.325,-1.0421874999999998,16762
0.325,-0.9703124999999999,16225
0.325,-0.8984375,15567
0.325,-0.8265624999999999,15756
0.325,-0.7546875,16004
0.325,-0.6828125,17047
0.325,-0.6109374999999999,16142
0.325,-0.5390625,15465
0.325,-0.46718749999999987,15033
0.325,-0.39531249999999996,15108
0.325,-0.32343750000000004,15708
0.325,-0.2515624999999999,15618
0.325,-0.1796875,15220
0.325,-0.10781250000000009,16395
0.325,-0.03593750000000018,15473
0.325,0.03593750000000018,16312
0.325,0.10781250000000009,15095
0.325,0.1796875,15029
0.325,0.2515624999999999,14204
0.325,0.3234374999999998,14533
0.325,0.3953125000000002,14231
0.325,0.4671875000000001,14834
0.325,0.5390625,15104
0.325,0.6109374999999999,15561
0.325,0.6828124999999998,15549
0.325,0.7546874999999997,16546
0.325,0.8265625000000001,16704
0.325,0.8984375,17364
0.325,0.9703124999999999,17919
0.325,1.0421874999999998,18599
0.325,1.1140624999999997,19616
0.325,1.1859375,19308
0.325,1.2578125,18935
0.325,1.3296875,20035
0.325,1.4015624999999998,21212
0.325,1.4734374999999997,22429
0.325,1.5453125,21063
0.325,1.6171875,14029
0.325,1.6890625,6910
0.325,1.7609374999999998,1017
0.325,1.8328125000000002,1
0.325,1.9046874999999996,0
0.325,1.9765625,0
0.325,2.0484374999999995,0
0.325,2.1203125,0
0.325,2.1921875,0
0.325,2.2640624999999996,0
0.335,-2.2640624999999996,0
0.335,-2.1921874999999997,0
0.335,-2.1203125,0
0.335,-2.0484375,0
0.335,-1.9765624999999998,0
0.335,-1.9046874999999999,0
0.335,-1.8328124999999997,0
0.335,-1.7609374999999998,8
0.335,-1.6890625,2607
0.335,-1.6171875,10658
0.335,-1.5453124999999999,19841
0.335,-1.4734374999999997,20008
0.335,-1.4015624999999998,19868
0.335,-1.3296875,21004
0.335,-1.2578125,20238
0.335,-1.1859374999999999,19487
0.335,-1.1140625,19538
0.335,-1.0421874999999998,18090
0.335,-0.9703124999999999,17875
0.335,-0.8984375,17198
0.335,-0.8265624999999999,17823
0.335,-0.7546875,17327
0.335,-0.6828125,18725
0.335,-0.6109374999999999,17145
0.335,-0.5390625,16668
0.335,-0.46718749999999987,16713
0.335,-0.39531249999999996,16282
0.335,-0.32343750000000004,16727
0.335,-0.2515624999999999,17373
0.335,-0.1796875,16654
0.335,-0.10781250000000009,17707
0.335,-0.03593750000000018,17239
0.335,0.03593750000000018,17647
0.335,0.10781250000000009,16560
0.335,0.1796875,16071
0.335,0.2515624999999999,15725
0.335,0.3234374999999998,15472
0.335,0.3953125000000002,15526
0.335,0.4671875000000001,16085
0.335,0.5390625,16571
0.335,0.6109374999999999,16770
0.335,0.6828124999999998,16990
0.335,0.7546874999999997,18116
0.335,0.8265625000000001,18568
0.335,0.8984375,19071
0.335,0.9703124999999999,20419
0.335,1.0421874999999998,20942
0.335,1.1140624999999997,21333
0.335,1.1859375,21437
0.335,1.2578125,20583
0.335,1.3296875,21997
0.335,1.4015624999999998,23585
0.335,1.4734374999999997,24921
0.335,1.5453125,20700
0.335,1.6171875,10408
0.335,1.6890625,2586
0.335,1.7609374999999998,8
0.335,1.8328125000000002,0
0.335,1.9046874999999996,0
0.335,1.9765625,0
0.335,2.0484374999999995,0
0.335,2.1203125,0
0.335,2.1921875,0
0.335,2.2640624999999996,0
0.345,-2.2640624999999996,0
0.345,-2.1921874999999997,0
0.345,-2.1203125,0
0.345,-2.0484375,0
0.345,-1.9765624999999998,0
0.345,-1.9046874999999999,0
0.345,-1.8328124999999997,0
0.345,-1.7609374999999998,0
0.345,-1.6890625,297
0.345,-1.6171875,6052
0.345,-1.5453124999999999,15398
0.345,-1.4734374999999997,21731
0.345,-1.4015624999999998,21915
0.345,-1.3296875,22707
0.345,-1.2578125,22935
0.345,-1.1859374999999999,20827
0.345,-1.1140625,21224
0.345,-1.0421874999999998,20307
0.345,-0.9703124999999999,19808
0.345,-0.8984375,19594
0.345,-0.8265624999999999,19001
0.345,-0.7546875,19113
0.345,-0.6828125,20304
0.345,-0.6109374999999999,18876
0.345,-0.5390625,18241
0.345,-0.46718749999999987,17984
0.345,-0.39531249999999996,17946
0.345,-0.32343750000000004,18206
0.345,-0.2515624999999999,18974
0.345,-0.1796875,19037
0.345,-0.10781250000000009,19291
0.345,-0.03593750000000018,18731
0.345,0.03593750000000018,19419
0.345,0.10781250000000009,18387
0.345,0.1796875,17463
0.345,0.2515624999999999,16991
0.345,0.3234374999999998,16610
0.345,0.3953125000000002,17136
0.345,0.4671875000000001,18105
0.345,0.5390625,18751
0.345,0.6109374999999999,18527
0.345,0.6828124999999998,18830
0.345,0.7546874999999997,20037
0.345,0.8265625000000001,20497
0.345,0.8984375,20858
0.345,0.9703124999999999,21797
0.345,1.0421874999999998,22541
0.345,1.1140624999999997,22848
0.345,1.1859375,23470
0.345,1.2578125,22895
0.345,1.3296875,23824
0.345,1.4015624999999998,25291
0.345,1.4734374999999997,25919
0.345,1.5453125,16332
0.345,1.6171875,5748
0.345,1.6890625,231
0.345,1.7609374999999998,0
0.345,1.8328125000000002,0
0.345,1.9046874999999996,0
0.345,1.9765625,0
0.345,2.0484374999999995,0
0.345,2.1203125,0
0.345,2.1921875,0
0.345,2.2640624999999996,0
0.355,-2.2640624999999996,0
0.355,-2.1921874999999997,0
0.355,-2.1203125,0
0.355,-2.0484375,0
0.355,-1.9765624999999998,0
0.355,-1.9046874999999999,0
0.355,-1.8328124999999997,0
0.355,-1.7609374999999998,0
0.355,-1.6890625,0
0.355,-1.6171875,1451
0.355,-1.5453124999999999,9794
0.355,-1.4734374999999997,19451
0.355,-1.4015624999999998,23511
0.355,-1.3296875,24429
0.355,-1.2578125,25186
0.355,-1.1859374999999999,23170
0.355,-1.1140625,23044
0.355,-1.0421874999999998,23013
0.355,-0.9703124999999999,22373
0.355,-0.8984375,21246
0.355,-0.8265624999999999,20853
0.355,-0.7546875,20840
0.355,-0.6828125,22121
0.355,-0.6109374999999999,20811
0.355,-0.5390625,20344
0.355,-0.46718749999999987,20017
0.355,-0.39531249999999996,19819
0.355,-0.32343750000000004,20203
0.355,-0.2515624999999999,20454
0.355,-0.1796875,20915
0.355,-0.10781250000000009,21345
0.355,-0.03593750000000018,20548
0.355,0.03593750000000018,21121
0.355,0.10781250000000009,20137
0.355,0.1796875,19238
0.355,0.2515624999999999,18619
0.355,0.3234374999999998,18727
0.355,0.3953125000000002,18992
0.355,0.4671875000000001,19688
0.355,0.5390625,20786
0.355,0.6109374999999999,20757
0.355,0.6828124999999998,20843
0.355,0.7546874999999997,21745
0.355,0.8265625000000001,22303
0.355,0.8984375,23003
0.355,0.9703124999999999,24467
0.355,1.0421874999999998,24378
0.355,1.1140624999999997,24552
0.355,1.1859375,25461
0.355,1.2578125,25048
0.355,1.3296875,26311
0.355,1.4015624999999998,27906
0.355,1.4734374999999997,22980
0.355,1.5453125,11327
0.355,1.6171875,1499
0.355,1.6890625,0
0.355,1.7609374999999998,0
0.355,1.8328125000000002,0
0.355,1.9046874999999996,0
0.355,1.9765625,0
0.355,2.0484374999999995,0
0.355,2.1203125,0
0.355,2.1921875,0
0.355,2.2640624999999996,0
0.365,-2.2640624999999996,0
0.365,-2.1921874999999997,0
0.365,-2.1203125,0
0.365,-2.0484375,0
0.365,-1.9765624999999998,0
0.365,-1.9046874999999999,0
0.365,-1.8328124999999997,0
0.365,-1.7609374999999998,0
0.365,-1.6890625,0
0.365,-1.6171875,27
0.365,-1.5453124999999999,4032
0.365,-1.4734374999999997,14001
0.365,-1.4015624999999998,24256
0.365,-1.3296875,26634
0.365,-1.2578125,27988
0.365,-1.1859374999999999,26439
0.365,-1.1140625,25751
0.365,-1.0421874999999998,24653
0.365,-0.9703124999999999,25105
0.365,-0.8984375,23473
0.365,-0.8265624999999999,23509
0.365,-0.7546875,23512
0.365,-0.6828125,24076
0.365,-0.6109374999999999,22166
0.365,-0.5390625,22155
0.365,-0.46718749999999987,21963
0.365,-0.39531249999999996,21917
0.365,-0.32343750000000004,22249
0.365,-0.2515624999999999,22782
0.365,-0.1796875,22867
0.365,-0.10781250000000009,23404
0.365,-0.03593750000000018,22890
0.365,0.03593750000000018,22717
0.365,0.10781250000000009,21768
0.365,0.1796875,20436
0.365,0.2515624999999999,20345
0.365,0.3234374999999998,20953
0.365,0.3953125000000002,20790
0.365,0.4671875000000001,21896
0.365,0.5390625,22489
0.365,0.6109374999999999,22814
0.365,0.6828124999999998,22604
0.365,0.7546874999999997,24311
0.365,0.8265625000000001,24706
0.365,0.8984375,25016
0.365,0.9703124999999999,26547
0.365,1.0421874999999998,26380
0.365,1.1140624999999997,26903
0.365,1.1859375,28715
0.365,1.2578125,27695
0.365,1.3296875,29138
0.365,1.4015624999999998,28933
0.365,1.4734374999999997,17531
0.365,1.5453125,5035
0.365,1.6171875,30
0.365,1.6890625,0
0.365,1.7609374999999998,0
0.365,1.8328125000000002,0
0.365,1.9046874999999996,0
0.365,1.9765625,0
0.365,2.0484374999999995,0
0.365,2.1203125,0
0.365,2.1921875,0
0.365,2.2640624999999996,0
0.375,-2.2640624999999996,0
0.375,-2.1921874999999997,0
0.375,-2.1203125,0
0.375,-2.0484375,0
0.375,-1.9765624999999998,0
0.375,-1.9046874999999999,0
0.375,-1.8328124999999997,0
0.375,-1.7609374999999998,0
0.375,-1.6890625,0
0.375,-1.6171875,0
0.375,-1.5453124999999999,541
0.375,-1.4734374999999997,8837
0.375,-1.4015624999999998,20861
0.375,-1.3296875,29454
0.375,-1.2578125,30965
0.375,-1.1859374999999999,29527
0.375,-1.1140625,28281
0.375,-1.0421874999999998,27278
0.375,-0.9703124999999999,27610
0.375,-0.8984375,25773
0.375,-0.8265624999999999,26780
0.375,-0.7546875,26404
0.375,-0.6828125,26104
0.375,-0.6109374999999999,24633
0.375,-0.5390625,23921
0.375,-0.46718749999999987,23955
0.375,-0.39531249999999996,24209
0.375,-0.32343750000000004,24094
0.375,-0.2515624999999999,24554
0.375,-0.1796875,24836
0.375,-0.10781250000000009,25090
0.375,-0.03593750000000018,24836
0.375,0.03593750000000018,24245
0.375,0.10781250000000009,23769
0.375,0.1796875,22308
0.375,0.2515624999999999,22953
0.375,0.3234374999999998,23561
0.375,0.3953125000000002,22877
0.375,0.4671875000000001,24190
0.375,0.5390625,24446
0.375,0.6109374999999999,24727
0.375,0.6828124999999998,24946
0.375,0.7546874999999997,26303
0.375,0.8265625000000001,27265
0.375,0.8984375,27476
0.375,0.9703124999999999,28845
0.375,1.0421874999999998,29493
0.375,1.1140624999999997,30587
0.375,1.1859375,31288
0.375,1.2578125,30745
0.375,1.3296875,32328
0.375,1.4015624999999998,24698
0.375,1.4734374999999997,11376
0.375,1.5453125,762
0.375,1.6171875,0
0.375,1.6890625,0
0.375,1.7609374999999998,0
0.375,1.8328125000000002,0
0.375,1.9046874999999996,0
0.375,1.9765625,0
0.375,2.0484374999999995,0
0.375,2.1203125,0
0.375,2.1921875,0
0.375,2.2640624999999996,0
0.385,-2.2640624999999996,0
0.385,-2.1921874999999997,0
0.385,-2.1203125,0
0.385,-2.0484375,0
0.385,-1.9765624999999998,0
0.385,-1.9046874999999999,0
0.385,-1.8328124999999997,0
0.385,-1.7609374999999998,0
0.385,-1.6890625,0
0.385,-1.6171875,0
0.385,-1.5453124999999999,1
0.385,-1.4734374999999997,3121
0.385,-1.4015624999999998,14939
0.385,-1.3296875,29467
0.385,-1.2578125,33423
0.385,-1.1859374999999999,32182
0.385,-1.1140625,30748
0.385,-1.0421874999999998,30557
0.385,-0.9703124999999999,30012
0.385,-0.8984375,28835
0.385,-0.8265624999999999,29759
0.385,-0.7546875,29307
0.385,-0.6828125,28901
0.385,-0.6109374999999999,27191
0.385,-0.5390625,26123
0.385,-0.46718749999999987,26354
0.385,-0.39531249999999996,25994
0.385,-0.32343750000000004,26106
0.385,-0.2515624999999999,26776
0.385,-0.1796875,26849
0.385,-0.10781250000000009,27155
0.385,-0.03593750000000018,26755
0.385,0.03593750000000018,26069
0.385,0.10781250000000009,26067
0.385,0.1796875,25224
0.385,0.2515624999999999,25795
0.385,0.3234374999999998,25678
0.385,0.3953125000000002,24952
0.385,0.4671875000000001,26665
0.385,0.5390625,27065
0.385,0.6109374999999999,27074
0.385,0.6828124999999998,27616
0.385,0.7546874999999997,29216
0.385,0.8265625000000001,29955
0.385,0.8984375,29716
0.385,0.9703124999999999,31482
0.385,1.0421874999999998,31859
0.385,1.1140624999999997,33445
0.385,1.1859375,34144
0.385,1.2578125,34338
0.385,1.3296875,32625
0.385,1.4015624999999998,18010
0.385,1.4734374999999997,4153
0.385,1.5453125,0
0.385,1.6171875,0
0.385,1.6890625,0
0.385,1.7609374999999998,0
0.385,1.8328125000000002,0
0.385,1.9046874999999996,0
0.385,1.9765625,0
0.385,2.0484374999999995,0
0.385,2.1203125,0
0.385,2.1921875,0
0.385,2.2640624999999996,0
0.395,-2.2640624999999996,0
0.395,-2.1921874999999997,0
0.395,-2.1203125,0
0.395,-2.0484375,0
0.395,-1.9765624999999998,0
0.395,-1.9046874999999999,0
0.395,-1.8328124999999997,0
0.395,-1.7609374999999998,0
0.395,-1.6890625,0
0.395,-1.6171875,0
0.395,-1.5453124999999999,0
0.395,-1.4734374999999997,247
0.395,-1.4015624999999998,8522
0.395,-1.3296875,25255
0.395,-1.2578125,36851
0.395,-1.1859374999999999,35429
0.395,-1.1140625,33556
0.395,-1.0421874999999998,33801
0.395,-0.9703124999999999,33366
0.395,-0.8984375,31560
0.395,-0.8265624999999999,32808
0.395,-0.7546875,32964
0.395,-0.6828125,31158
0.395,-0.6109374999999999,30129
0.395,-0.5390625,28949
0.395,-0.46718749999999987,29928
0.395,-0.39531249999999996,28981
0.395,-0.32343750000000004,28455
0.395,-0.2515624999999999,29078
0.395,-0.1796875,29738
0.395,-0.10781250000000009,29607
0.395,-0.03593750000000018,29031
0.395,0.03593750000000018,28483
0.395,0.10781250000000009,27937
0.395,0.1796875,27571
0.395,0.2515624999999999,28596
0.395,0.3234374999999998,27946
0.395,0.3953125000000002,27312
0.395,0.4671875000000001,29071
0.395,0.5390625,30132
0.395,0.6109374999999999,30160
0.395,0.6828124999999998,31418
0.395,0.7546874999999997,32291
0.395,0.8265625000000001,33056
0.395,0.8984375,32987
0.395,0.9703124999999999,34612
0.395,1.0421874999999998,34846
0.395,1.1140624999999997,36499
0.395,1.1859375,37801
0.395,1.2578125,37509
0.395,1.3296875,28091
0.395,1.4015624999999998,10186
0.395,1.4734374999999997,327
0.395,1.5453125,0
0.395,1.6171875,0
0.395,1.6890625,0
0.395,1.7609374999999998,0
0.395,1.8328125000000002,0
0.395,1.9046874999999996,0
0.395,1.9765625,0
0.395,2.0484374999999995,0
0.395,2.1203125,0
0.395,2.1921875,0
0.395,2.2640624999999996,0
0.405,-2.2640624999999996,0
0.405,-2.1921874999999997,0
0.405,-2.1203125,0
0.405,-2.0484375,0
0.405,-1.9765624999999998,0
0.405,-1.9046874999999999,0
0.405,-1.8328124999999997,0
0.405,-1.7609374999999998,0
0.405,-1.6890625,0
0.405,-1.6171875,0
0.405,-1.5453124999999999,0
0.405,-1.4734374999999997,0
0.405,-1.4015624999999998,2611
0.405,-1.3296875,17642
0.405,-1.2578125,37568
0.405,-1.1859374999999999,38146
0.405,-1.1140625,36973
0.405,-1.0421874999999998,37244
0.405,-0.9703124999999999,36480
0.405,-0.8984375,34648
0.405,-0.8265624999999999,35904
0.405,-0.7546875,36823
0.405,-0.6828125,34167
0.405,-0.6109374999999999,33136
0.405,-0.5390625,31553
0.405,-0.46718749999999987,32429
0.405,-0.39531249999999996,31972
0.405,-0.32343750000000004,30377
0.405,-0.2515624999999999,31965
0.405,-0.1796875,32674
0.405,-0.10781250000000009,32130
0.405,-0.03593750000000018,30901
0.405,0.03593750000000018,30722
0.405,0.10781250000000009,30660
0.405,0.1796875,29960
0.405,0.2515624999999999,31331
0.405,0.3234374999999998,31065
0.405,0.3953125000000002,30424
0.405,0.4671875000000001,31956
0.405,0.5390625,32812
0.405,0.6109374999999999,33326
0.405,0.6828124999999998,34879
0.405,0.7546874999999997,35196
0.405,0.8265625000000001,36665
0.405,0.8984375,37161
0.405,0.9703124999999999,38377
0.405,1.0421874999999998,39260
0.405,1.1140624999999997,40913
0.405,1.1859375,41851
0.405,1.2578125,37907
0.405,1.3296875,19982
0.405,1.4015624999999998,2888
0.405,1.4734374999999997,0
0.405,1.5453125,0
0.405,1.6171875,0
0.405,1.6890625,0
0.405,1.7609374999999998,0
0.405,1.8328125000000002,0
0.405,1.9046874999999996,0
0.405,1.9765625,0
0.405,2.0484374999999995,0
0.405,2.1203125,0
0.405,2.1921875,0
0.405,2.2640624999999996,0
0.415,-2.2640624999999996,0
0.415,-2.1921874999999997,0
0.415,-2.1203125,0
0.415,-2.0484375,0
0.415,-1.9765624999999998,0
0.415,-1.9046874999999999,0
0.415,-1.8328124999999997,0
0.415,-1.7609374999999998,0
0.415,-1.6890625,0
0.415,-1.6171875,0
0.415,-1.5453124999999999,0
0.415,-1.4734374999999997,0
0.415,-1.4015624999999998,125
0.415,-1.3296875,9844
0.415,-1.2578125,31981
0.415,-1.1859374999999999,41709
0.415,-1.1140625,41237
0.415,-1.0421874999999998,41110
0.415,-0.9703124999999999,39433
0.415,-0.8984375,38611
0.415,-0.8265624999999999,39631
0.415,-0.7546875,39712
0.415,-0.6828125,37149
0.415,-0.6109374999999999,37231
0.415,-0.5390625,34694
0.415,-0.46718749999999987,35000
0.415,-0.39531249999999996,34353
0.415,-0.32343750000000004,33563
0.415,-0.2515624999999999,34577
0.415,-0.1796875,35084
0.415,-0.10781250000000009,34980
0.415,-0.03593750000000018,33493
0.415,0.03593750000000018,33046
0.415,0.10781250000000009,33460
0.415,0.1796875,33317
0.415,0.2515624999999999,34787
0.415,0.3234374999999998,34034
0.415,0.3953125000000002,33651
0.415,0.4671875000000001,34872
0.415,0.5390625,36320
0.415,0.6109374999999999,36239
0.415,0.6828124999999998,38130
0.415,0.7546874999999997,38992
0.415,0.8265625000000001,40659
0.415,0.8984375,40214
0.415,0.9703124999999999,42922
0.415,1.0421874999999998,42983
0.415,1.1140624999999997,45279
0.415,1.1859375,46686
0.415,1.2578125,32366
0.415,1.3296875,10927
0.415,1.4015624999999998,142
0.415,1.4734374999999997,0
0.415,1.5453125,0
0.415,1.6171875,0
0.415,1.6890625,0
0.415,1.7609374999999998,0
0.415,1.8328125000000002,0
0.415,1.9046874999999996,0
0.415,1.9765625,0
0.415,2.0484374999999995,0
0.415,2.1203125,0
0.415,2.1921875,0
0.415,2.2640624999999996,0
0.425,-2.2640624999999996,0
0.425,-2.1921874999999997,0
0.425,-2.1203125,0
0.425,-2.0484375,0
0.425,-1.9765624999999998,0
0.425,-1.9046874999999999,0
0.425,-1.8328124999999997,0
0.425,-1.7609374999999998,0
0.425,-1.6890625,0
0.425,-1.6171875,0
0.425,-1.5453124999999999,0
0.425,-1.4734374999999997,0
0.425,-1.4015624999999998,0
0.425,-1.3296875,2861
0.425,-1.2578125,23350
0.425,-1.1859374999999999,43098
0.425,-1.1140625,44857
0.425,-1.0421874999999998,44957
0.425,-0.9703124999999999,43184
0.425,-0.8984375,43564
0.425,-0.8265624999999999,44453
0.425,-0.7546875,42917
0.425,-0.6828125,41303
0.425,-0.6109374999999999,40940
0.425,-0.5390625,37885
0.425,-0.46718749999999987,38829
0.425,-0.39531249999999996,37981
0.425,-0.32343750000000004,36639
0.425,-0.2515624999999999,37667
0.425,-0.1796875,38579
0.425,-0.10781250000000009,38756
0.425,-0.03593750000000018,37783
0.425,0.03593750000000018,36811
0.425,0.10781250000000009,36353
0.425,0.1796875,37002
0.425,0.2515624999999999,37207
0.425,0.3234374999999998,36497
0.425,0.3953125000000002,37003
0.425,0.4671875000000001,39028
0.425,0.5390625,40113
0.425,0.6109374999999999,39085
0.425,0.6828124999999998,41519
0.425,0.7546874999999997,43357
0.425,0.8265625000000001,44790
0.425,0.8984375,44997
0.425,0.9703124999999999,47076
0.425,1.0421874999999998,46823
0.425,1.1140624999999997,49191
0.425,1.1859375,48671
0.425,1.2578125,23637
0.425,1.3296875,3200
0.425,1.4015624999999998,0
0.425,1.4734374999999997,0
0.425,1.5453125,0
0.425,1.6171875,0
0.425,1.6890625,0
0.425,1.7609374999999998,0
0.425,1.8328125000000002,0
0.425,1.9046874999999996,0
0.425,1.9765625,0
0.425,2.0484374999999995,0
0.425,2.1203125,0
0.425,2.1921875,0
0.425,2.2640624999999996,0
0.435,-2.2640624999999996,0
0.435,-2.1921874999999997,0
0.435,-2.1203125,0
0.435,-2.0484375,0
0.435,-1.9765624999999998,0
0.435,-1.9046874999999999,0
0.435,-1.8328124999999997,0
0.435,-1.7609374999999998,0
0.435,-1.6890625,0
0.435,-1.6171875,0
0.435,-1.5453124999999999,0
0.435,-1.4734374999999997,0
0.435,-1.4015624999999998,0
0.435,-1.3296875,160
0.435,-1.2578125,13110
0.435,-1.1859374999999999,38310
0.435,-1.1140625,49159
0.435,-1.0421874999999998,49104
0.435,-0.9703124999999999,47456
0.435,-0.8984375,46744
0.435,-0.8265624999999999,48929
0.435,-0.7546875,47388
0.435,-0.6828125,46200
0.435,-0.6109374999999999,44535
0.435,-0.5390625,42485
0.435,-0.46718749999999987,43084
0.435,-0.39531249999999996,41968
0.435,-0.32343750000000004,40717
0.435,-0.2515624999999999,41053
0.435,-0.1796875,42912
0.435,-0.10781250000000009,43469
0.435,-0.03593750000000018,41659
0.435,0.03593750000000018,40808
0.435,0.10781250000000009,39660
0.435,0.1796875,40366
0.435,0.2515624999999999,40397
0.435,0.3234374999999998,39771
0.435,0.3953125000000002,40669
0.435,0.4671875000000001,42880
0.435,0.5390625,44178
0.435,0.6109374999999999,43763
0.435,0.6828124999999998,46187
0.435,0.7546874999999997,47690
0.435,0.8265625000000001,48923
0.435,0.8984375,49440
0.435,0.9703124999999999,51091
0.435,1.0421874999999998,51863
0.435,1.1140624999999997,54641
0.435,1.1859375,42914
0.435,1.2578125,13244
0.435,1.3296875,166
0.435,1.4015624999999998,0
0.435,1.4734374999999997,0
0.435,1.5453125,0
0.435,1.6171875,0
0.435,1.6890625,0
0.435,1.7609374999999998,0
0.435,1.8328125000000002,0
0.435,1.9046874999999996,0
0.435,1.9765625,0
0.435,2.0484374999999995,0
0.435,2.1203125,0
0.435,2.1921875,0
0.435,2.2640624999999996,0
0.445,-2.2640624999999996,0
0.445,-2.1921874999999997,0
0.445,-2.1203125,0
0.445,-2.0484375,0
0.445,-1.9765624999999998,0
0.445,-1.9046874999999999,0
0.445,-1.8328124999999997,0
0.445,-1.7609374999999998,0
0.445,-1.6890625,0
0.445,-1.6171875,0
0.445,-1.5453124999999999,0
0.445,-1.4734374999999997,0
0.445,-1.4015624999999998,0
0.445,-1.3296875,0
0.445,-1.2578125,4006
0.445,-1.1859374999999999,28848
0.445,-1.1140625,52358
0.445,-1.0421874999999998,52866
0.445,-0.9703124999999999,51464
0.445,-0.8984375,50830
0.445,-0.8265624999999999,53441
0.445,-0.7546875,53010
0.445,-0.6828125,50099
0.445,-0.6109374999999999,49342
0.445,-0.5390625,47787
0.445,-0.46718749999999987,47465
0.445,-0.39531249999999996,46182
0.445,-0.32343750000000004,44908
0.445,-0.2515624999999999,45921
0.445,-0.1796875,46754
0.445,-0.10781250000000009,47454
0.445,-0.03593750000000018,46040
0.445,0.03593750000000018,44531
0.445,0.10781250000000009,43475
0.445,0.1796875,44360
0.445,0.2515624999999999,45259
0.445,0.3234374999999998,44266
0.445,0.3953125000000002,44410
0.445,0.4671875000000001,46366
0.445,0.5390625,48842
0.445,0.6109374999999999,47985
0.445,0.6828124999999998,51169
0.445,0.7546874999999997,52696
0.445,0.8265625000000001,53607
0.445,0.8984375,54843
0.445,0.9703124999999999,56985
0.445,1.0421874999999998,57189
0.445,1.1140624999999997,57735
0.445,1.1859375,31006
0.445,1.2578125,4312
0.445,1.3296875,0
0.445,1.4015624999999998,0
0.445,1.4734374999999997,0
0.445,1.5453125,0
0.445,1.6171875,0
0.445,1.6890625,0
0.445,1.7609374999999998,0
0.445,1.8328125000000002,0
0.445,1.9046874999999996,0
0.445,1.9765625,0
0.445,2.0484374999999995,0
0.445,2.1203125,0
0.445,2.1921875,0
0.445,2.2640624999999996,0
0.455,-2.2640624999999996,0
0.455,-2.1921874999999997,0
0.455,-2.1203125,0
0.455,-2.0484375,0
0.455,-1.9765624999999998,0
0.455,-1.9046874999999999,0
0.455,-1.8328124999999997,0
0.455,-1.7609374999999998,0
0.455,-1.6890625,0
0.455,-1.6171875,0
0.455,-1.5453124999999999,0
0.455,-1.4734374999999997,0
0.455,-1.4015624999999998,0
0.455,-1.3296875,0
0.455,-1.2578125,294
0.455,-1.1859374999999999,17229
0.455,-1.1140625,48954
0.455,-1.0421874999999998,58415
0.455,-0.9703124999999999,56612
0.455,-0.8984375,55979
0.455,-0.8265624999999999,58246
0.455,-0.7546875,58843
0.455,-0.6828125,56135
0.455,-0.6109374999999999,54227
0.455,-0.5390625,52594
0.455,-0.46718749999999987,52119
0.455,-0.39531249999999996,51682
0.455,-0.32343750000000004,48985
0.455,-0.2515624999999999,50406
0.455,-0.1796875,51258
0.455,-0.10781250000000009,51248
0.455,-0.03593750000000018,50761
0.455,0.03593750000000018,49003
0.455,0.10781250000000009,48173
0.455,0.1796875,48924
0.455,0.2515624999999999,49167
0.455,0.3234374999999998,49606
0.455,0.3953125000000002,50399
0.455,0.4671875000000001,51625
0.455,0.5390625,54189
0.455,0.6109374999999999,53423
0.455,0.6828124999999998,56835
0.455,0.7546874999999997,57409
0.455,0.8265625000000001,58932
0.455,0.8984375,61115
0.455,0.9703124999999999,62776
0.455,1.0421874999999998,62669
0.455,1.1140624999999997,53175
0.455,1.1859375,18850
0.455,1.2578125,313
0.455,1.3296875,0
0.455,1.4015624999999998,0
0.455,1.4734374999999997,0
0.455,1.5453125,0
0.455,1.6171875,0
0.455,1.6890625,0
0.455,1.7609374999999998,0
0.455,1.8328125000000002,0
0.455,1.9046874999999996,0
0.455,1.9765625,0
0.455,2.0484374999999995,0
0.455,2.1203125,0
0.455,2.1921875,0
0.455,2.2640624999999996,0
0.465,-2.2640624999999996,0
0.465,-2.1921874999999997,0
0.465,-2.1203125,0
0.465,-2.0484375,0
0.465,-1.9765624999999998,0
0.465,-1.9046874999999999,0
0.465,-1.8328124999999997,0
0.465,-1.7609374999999998,0
0.465,-1.6890625,0
0.465,-1.6171875,0
0.465,-1.5453124999999999,0
0.465,-1.4734374999999997,0
0.465,-1.4015624999999998,0
0.465,-1.3296875,0
0.465,-1.2578125,0
0.465,-1.1859374999999999,6507
0.465,-1.1140625,38567
0.465,-1.0421874999999998,62133
0.465,-0.9703124999999999,62232
0.465,-0.8984375,62190
0.465,-0.8265624999999999,64315
0.465,-0.7546875,64841
0.465,-0.6828125,62401
0.465,-0.6109374999999999,59959
0.465,-0.5390625,58104
0.465,-0.46718749999999987,56739
0.465,-0.39531249999999996,56125
0.465,-0.32343750000000004,54313
0.465,-0.2515624999999999,55361
0.465,-0.1796875,56351
0.465,-0.10781250000000009,56801
0.465,-0.03593750000000018,55326
0.465,0.03593750000000018,54111
0.465,0.10781250000000009,53461
0.465,0.1796875,53696
0.465,0.2515624999999999,54801
0.465,0.3234374999999998,54061
0.465,0.3953125000000002,55416
0.465,0.4671875000000001,57206
0.465,0.5390625,59595
0.465,0.6109374999999999,59315
0.465,0.6828124999999998,62372
0.465,0.7546874999999997,63192
0.465,0.8265625000000001,64643
0.465,0.8984375,66652
0.465,0.9703124999999999,68692
0.465,1.0421874999999998,67730
0.465,1.1140624999999997,40984
0.465,1.1859375,7034
0.465,1.2578125,0
0.465,1.3296875,0
0.465,1.4015624999999998,0
0.465,1.4734374999999997,0
0.465,1.5453125,0
0.465,1.6171875,0
0.465,1.6890625,0
0.465,1.7609374999999998,0
0.465,1.8328125000000002,0
0.465,1.9046874999999996,0
0.465,1.9765625,0
0.465,2.0484374999999995,0
0.465,2.1203125,0
0.465,2.1921875,0
0.465,2.2640624999999996,0
0.475,-2.2640624999999996,0
0.475,-2.1921874999999997,0
0.475,-2.1203125,0
0.475,-2.0484375,0
0.475,-1.9765624999999998,0
0.475,-1.9046874999999999,0
0.475,-1.8328124999999997,0
0.475,-1.7609374999999998,0
0.475,-1.6890625,0
0.475,-1.6171875,0
0.475,-1.5453124999999999,0
0.475,-1.4734374999999997,0
0.475,-1.4015624999999998,0
0.475,-1.3296875,0
0.475,-1.2578125,0
0.475,-1.1859374999999999,810
0.475,-1.1140625,24396
0.475,-1.0421874999999998,60030
0.475,-0.9703124999999999,68728
0.475,-0.8984375,69355
0.475,-0.8265624999999999,70400
0.475,-0.7546875,70641
0.475,-0.6828125,68598
0.475,-0.6109374999999999,66667
0.475,-0.5390625,64283
0.475,-0.46718749999999987,62828
0.475,-0.39531249999999996,62652
0.475,-0.32343750000000004,60623
0.475,-0.2515624999999999,61640
0.475,-0.1796875,61131
0.475,-0.10781250000000009,61634
0.475,-0.03593750000000018,61002
0.475,0.03593750000000018,58865
0.475,0.10781250000000009,58696
0.475,0.1796875,58725
0.475,0.2515624999999999,59272
0.475,0.3234374999999998,59875
0.475,0.3953125000000002,60869
0.475,0.4671875000000001,63923
0.475,0.5390625,65542
0.475,0.6109374999999999,66093
0.475,0.6828124999999998,68655
0.475,0.7546874999999997,69415
0.475,0.8265625000000001,71097
0.475,0.8984375,73575
0.475,0.9703124999999999,75144
0.475,1.0421874999999998,66446
0.475,1.1140624999999997,26383
0.475,1.1859375,831
0.475,1.2578125,0
0.475,1.3296875,0
0.475,1.4015624999999998,0
0.475,1.4734374999999997,0
0.475,1.5453125,0
0.475,1.6171875,0
0.475,1.6890625,0
0.475,1.7609374999999998,0
0.475,1.8328125000000002,0
0.475,1.9046874999999996,0
0.475,1.9765625,0
0.475,2.0484374999999995,0
0.475,2.1203125,0
0.475,2.1921875,0
0.475,2.2640624999999996,0
0.485,-2.2640624999999996,0
0.485,-2.1921874999999997,0
0.485,-2.1203125,0
0.485,-2.0484375,0
0.485,-1.9765624999999998,0
0.485,-1.9046874999999999,0
0.485,-1.8328124999999997,0
0.485,-1.7609374999999998,0
0.485,-1.6890625,0
0.485,-1.6171875,0
0.485,-1.5453124999999999,0
0.485,-1.4734374999999997,0
0.485,-1.4015624999999998,0
0.485,-1.3296875,0
0.485,-1.2578125,0
0.485,-1.1859374999999999,1
0.485,-1.1140625,10722
0.485,-1.0421874999999998,49060
0.485,-0.9703124999999999,75082
0.485,-0.8984375,78054
0.485,-0.8265624999999999,78462
0.485,-0.7546875,77626
0.485,-0.6828125,75432
0.485,-0.6109374999999999,73649
0.485,-0.5390625,70974
0.485,-0.46718749999999987,70014
0.485,-0.39531249999999996,70408
0.485,-0.32343750000000004,67423
0.485,-0.2515624999999999,67200
0.485,-0.1796875,66796
0.485,-0.10781250000000009,66964
0.485,-0.03593750000000018,66591
0.485,0.03593750000000018,65348
0.485,0.10781250000000009,64521
0.485,0.1796875,64424
0.485,0.2515624999999999,65132
0.485,0.3234374999999998,65976
0.485,0.3953125000000002,66657
0.485,0.4671875000000001,70486
0.485,0.5390625,71911
0.485,0.6109374999999999,73410
0.485,0.6828124999999998,74739
0.485,0.7546874999999997,75731
0.485,0.8265625000000001,78783
0.485,0.8984375,80877
0.485,0.9703124999999999,82300
0.485,1.0421874999999998,54885
0.485,1.1140624999999997,11358
0.485,1.1859375,0
0.485,1.2578125,0
0.485,1.3296875,0
0.485,1.4015624999999998,0
0.485,1.4734374999999997,0
0.485,1.5453125,0
0.485,1.6171875,0
0.485,1.6890625,0
0.485,1.7609374999999998,0
0.485,1.8328125000000002,0
0.485,1.9046874999999996,0
0.485,1.9765625,0
0.485,2.0484374999999995,0
0.485,2.1203125,0
0.485,2.1921875,0
0.485,2.2640624999999996,0
0.495,-2.2640624999999996,0
0.495,-2.1921874999999997,0
0.495,-2.1203125,0
0.495,-2.0484375,0
0.495,-1.9765624999999998,0
0.495,-1.9046874999999999,0
0.495,-1.8328124999999997,0
0.495,-1.7609374999999998,0
0.495,-1.6890625,0
0.495,-1.6171875,0
0.495,-1.5453124999999999,0
0.495,-1.4734374999999997,0
0.495,-1.4015624999999998,0
0.495,-1.3296875,0
0.495,-1.2578125,0
0.495,-1.1859374999999999,0
0.495,-1.1140625,2130
0.495,-1.0421874999999998,33418
0.495,-0.9703124999999999,74883
0.495,-0.8984375,86464
0.495,-0.8265624999999999,87981
0.495,-0.7546875,85456
0.495,-0.6828125,83578
0.495,-0.6109374999999999,80793
0.495,-0.5390625,79204
0.495,-0.46718749999999987,75850
0.495,-0.39531249999999996,77234
0.495,-0.32343750000000004,75653
0.495,-0.2515624999999999,74773
0.495,-0.1796875,73946
0.495,-0.10781250000000009,72385
0.495,-0.03593750000000018,73006
0.495,0.03593750000000018,72368
0.495,0.10781250000000009,70697
0.495,0.1796875,69791
0.495,0.2515624999999999,72988
0.495,0.3234374999999998,73697
0.495,0.3953125000000002,73680
0.495,0.4671875000000001,76825
0.495,0.5390625,78197
0.495,0.6109374999999999,80816
0.495,0.6828124999999998,83030
0.495,0.7546874999999997,82213
0.495,0.8265625000000001,85830
0.495,0.8984375,89652
0.495,0.9703124999999999,83646
0.495,1.0421874999999998,37428
0.495,1.1140624999999997,2169
0.495,1.1859375,0
0.495,1.2578125,0
0.495,1.3296875,0
0.495,1.4015624999999998,0
0.495,1.4734374999999997,0
0.495,1.5453125,0
0.495,1.6171875,0
0.495,1.6890625,0
0.495,1.7609374999999998,0
0.495,1.8328125000000002,0
0.495,1.9046874999999996,0
0.495,1.9765625,0
0.495,2.0484374999999995,0
0.495,2.1203125,0
0.495,2.1921875,0
0.495,2.2640624999999996,0
0.505,-2.2640624999999996,0
0.505,-2.1921874999999997,0
0.505,-2.1203125,0
0.505,-2.0484375,0
0.505,-1.9765624999999998,0
0.505,-1.9046874999999999,0
0.505,-1.8328124999999997,0
0.505,-1.7609374999999998,0
0.505,-1.6890625,0
0.505,-1.6171875,0
0.505,-1.5453124999999999,0
0.505,-1.4734374999999997,0
0.505,-1.4015624999999998,0
0.505,-1.3296875,0
0.505,-1.2578125,0
0.505,-1.1859374999999999,0
0.505,-1.1140625,17
0.505,-1.0421874999999998,16096
0.505,-0.9703124999999999,63927
0.505,-0.8984375,95572
0.505,-0.8265624999999999,95236
0.505,-0.7546875,93939
0.505,-0.6828125,89175
0.505,-0.6109374999999999,90003
0.505,-0.5390625,87241
0.505,-0.46718749999999987,83942
0.505,-0.39531249999999996,85085
0.505,-0.32343750000000004,83268
0.505,-0.2515624999999999,82620
0.505,-0.1796875,81710
0.505,-0.10781250000000009,78572
0.505,-0.03593750000000018,81507
0.505,0.03593750000000018,79558
0.505,0.10781250000000009,76755
0.505,0.1796875,77404
0.505,0.2515624999999999,81199
0.505,0.3234374999999998,80469
0.505,0.3953125000000002,81425
0.505,0.4671875000000001,84120
0.505,0.5390625,85627
0.505,0.6109374999999999,88604
0.505,0.6828124999999998,91656
0.505,0.7546874999999997,92437
0.505,0.8265625000000001,95388
0.505,0.8984375,98574
0.505,0.9703124999999999,70765
0.505,1.0421874999999998,18601
0.505,1.1140624999999997,24
0.505,1.1859375,0
0.505,1.2578125,0
0.505,1.3296875,0
0.505,1.4015624999999998,0
0.505,1.4734374999999997,0
0.505,1.5453125,0
0.505,1.6171875,0
0.505,1.6890625,0
0.505,1.7609374999999998,0
0.505,1.8328125000000002,0
0.505,1.9046874999999996,0
0.505,1.9765625,0
0.505,2.0484374999999995,0
0.505,2.1203125,0
0.505,2.1921875,0
0.505,2.2640624999999996,0
0.515,-2.2640624999999996,0
0.515,-2.1921874999999997,0
0.515,-2.1203125,0
0.515,-2.0484375,0
0.515,-1.9765624999999998,0
0.515,-1.9046874999999999,0
0.515,-1.8328124999999997,0
0.515,-1.7609374999999998,0
0.515,-1.6890625,0
0.515,-1.6171875,0
0.515,-1.5453124999999999,0
0.515,-1.4734374999999997,0
0.515,-1.4015624999999998,0
0.515,-1.3296875,0
0.515,-1.2578125,0
0.515,-1.1859374999999999,0
0.515,-1.1140625,0
0.515,-1.0421874999999998,4133
0.515,-0.9703124999999999,45463
0.515,-0.8984375,96253
0.515,-0.8265624999999999,104311
0.515,-0.7546875,102766
0.515,-0.6828125,99531
0.515,-0.6109374999999999,98977
0.515,-0.5390625,96990
0.515,-0.46718749999999987,93678
0.515,-0.39531249999999996,94904
0.515,-0.32343750000000004,92785
0.515,-0.2515624999999999,91107
0.515,-0.1796875,89452
0.515,-0.10781250000000009,87129
0.515,-0.03593750000000018,89073
0.515,0.03593750000000018,87125
0.515,0.10781250000000009,84949
0.515,0.1796875,86147
0.515,0.2515624999999999,89634
0.515,0.3234374999999998,89604
0.515,0.3953125000000002,91060
0.515,0.4671875000000001,92662
0.515,0.5390625,94661
0.515,0.6109374999999999,97453
0.515,0.6828124999999998,100197
0.515,0.7546874999999997,101372
0.515,0.8265625000000001,106800
0.515,0.8984375,100328
0.515,0.9703124999999999,49986
0.515,1.0421874999999998,4968
0.515,1.1140624999999997,0
0.515,1.1859375,0
0.515,1.2578125,0
0.515,1.3296875,0
0.515,1.4015624999999998,0
0.515,1.4734374999999997,0
0.515,1.5453125,0
0.515,1.6171875,0
0.515,1.6890625,0
0.515,1.7609374999999998,0
0.515,1.8328125000000002,0
0.515,1.9046874999999996,0
0.515,1.9765625,0
0.515,2.0484374999999995,0
0.515,2.1203125,0
0.515,2.1921875,0
0.515,2.2640624999999996,0
0.525,-2.2640624999999996,0
0.525,-2.1921874999999997,0
0.525,-2.1203125,0
0.525,-2.0484375,0
0.525,-1.9765624999999998,0
0.525,-1.9046874999999999,0
0.525,-1.8328124999999997,0
0.525,-1.7609374999999998,0
0.525,-1.6890625,0
0.525,-1.6171875,0
0.525,-1.5453124999999999,0
0.525,-1.4734374999999997,0
0.525,-1.4015624999999998,0
0.525,-1.3296875,0
0.525,-1.2578125,0
0.525,-1.1859374999999999,0
0.525,-1.1140625,0
0.525,-1.0421874999999998,130
0.525,-0.9703124999999999,24243
0.525,-0.8984375,82774
0.525,-0.8265624999999999,114792
0.525,-0.7546875,113013
0.525,-0.6828125,109123
0.525,-0.6109374999999999,107346
0.525,-0.5390625,106594
0.525,-0.46718749999999987,104432
0.525,-0.39531249999999996,104829
0.525,-0.32343750000000004,103147
0.525,-0.2515624999999999,100813
0.525,-0.1796875,99073
0.525,-0.10781250000000009,96082
0.525,-0.03593750000000018,97154
0.525,0.03593750000000018,96550
0.525,0.10781250000000009,93776
0.525,0.1796875,95263
0.525,0.2515624999999999,98906
0.525,0.3234374999999998,101028
0.525,0.3953125000000002,99922
0.525,0.4671875000000001,102109
0.525,0.5390625,104357
0.525,0.6109374999999999,106262
0.525,0.6828124999999998,111005
0.525,0.7546874999999997,114151
0.525,0.8265625000000001,117051
0.525,0.8984375,85438
0.525,0.9703124999999999,26588
0.525,1.0421874999999998,180
0.525,1.1140624999999997,0
0.525,1.1859375,0
0.525,1.2578125,0
0.525,1.3296875,0
0.525,1.4015624999999998,0
0.525,1.4734374999999997,0
0.525,1.5453125,0
0.525,1.6171875,0
0.525,1.6890625,0
0.525,1.7609374999999998,0
0.525,1.8328125000000002,0
0.525,1.9046874999999996,0
0.525,1.9765625,0
0.525,2.0484374999999995,0
0.525,2.1203125,0
0.525,2.1921875,0
0.525,2.2640624999999996,0
0.535,-2.2640624999999996,0
0.535,-2.1921874999999997,0
0.535,-2.1203125,0
0.535,-2.0484375,0
0.535,-1.9765624999999998,0
0.535,-1.9046874999999999,0
0.535,-1.8328124999999997,0
0.535,-1.7609374999999998,0
0.535,-1.6890625,0
0.535,-1.6171875,0
0.535,-1.5453124999999999,0
0.535,-1.4734374999999997,0
0.535,-1.4015624999999998,0
0.535,-1.3296875,0
0.535,-1.2578125,0
0.535,-1.1859374999999999,0
0.535,-1.1140625,0
0.535,-1.0421874999999998,0
0.535,-0.9703124999999999,7018
0.535,-0.8984375,59231
0.535,-0.8265624999999999,116805
0.535,-0.7546875,124987
0.535,-0.6828125,119939
0.535,-0.6109374999999999,117269
0.535,-0.5390625,116715
0.535,-0.46718749999999987,114297
0.535,-0.39531249999999996,114568
0.535,-0.32343750000000004,114114
0.535,-0.2515624999999999,110824
0.535,-0.1796875,108762
0.535,-0.10781250000000009,106609
0.535,-0.03593750000000018,108176
0.535,0.03593750000000018,105404
0.535,0.10781250000000009,102265
0.535,0.1796875,104020
0.535,0.2515624999999999,109262
0.535,0.3234374999999998,110992
0.535,0.3953125000000002,109644
0.535,0.4671875000000001,112131
0.535,0.5390625,115268
0.535,0.6109374999999999,116851
0.535,0.6828124999999998,123571
0.535,0.7546874999999997,127101
0.535,0.8265625000000001,119394
0.535,0.8984375,60004
0.535,0.9703124999999999,7613
0.535,1.0421874999999998,0
0.535,1.1140624999999997,0
0.535,1.1859375,0
0.535,1.2578125,0
0.535,1.3296875,0
0.535,1.4015624999999998,0
0.535,1.4734374999999997,0
0.535,1.5453125,0
0.535,1.6171875,0
0.535,1.6890625,0
0.535,1.7609374999999998,0
0.535,1.8328125000000002,0
0.535,1.9046874999999996,0
0.535,1.9765625,0
0.535,2.0484374999999995,0
0.535,2.1203125,0
0.535,2.1921875,0
0.535,2.2640624999999996,0
0.545,-2.2640624999999996,0
0.545,-2.1921874999999997,0
0.545,-2.1203125,0
0.545,-2.0484375,0
0.545,-1.9765624999999998,0
0.545,-1.9046874999999999,0
0.545,-1.8328124999999997,0
0.545,-1.7609374999999998,0
0.545,-1.6890625,0
0.545,-1.6171875,0
0.545,-1.5453124999999999,0
0.545,-1.4734374999999997,0
0.545,-1.4015624999999998,0
0.545,-1.3296875,0
0.545,-1.2578125,0
0.545,-1.1859374999999999,0
0.545,-1.1140625,0
0.545,-1.0421874999999998,0
0.545,-0.9703124999999999,379
0.545,-0.8984375,32478
0.545,-0.8265624999999999,97723
0.545,-0.7546875,138470
0.545,-0.6828125,132191
0.545,-0.6109374999999999,129488
0.545,-0.5390625,128674
0.545,-0.46718749999999987,125477
0.545,-0.39531249999999996,124858
0.545,-0.32343750000000004,123661
0.545,-0.2515624999999999,120353
0.545,-0.1796875,118976
0.545,-0.10781250000000009,118463
0.545,-0.03593750000000018,119333
0.545,0.03593750000000018,114295
0.545,0.10781250000000009,113067
0.545,0.1796875,116427
0.545,0.2515624999999999,119099
0.545,0.3234374999999998,120827
0.545,0.3953125000000002,122910
0.545,0.4671875000000001,124963
0.545,0.5390625,128927
0.545,0.6109374999999999,127984
0.545,0.6828124999999998,136959
0.545,0.7546874999999997,139676
0.545,0.8265625000000001,101402
0.545,0.8984375,33227
0.545,0.9703124999999999,423
0.545,1.0421874999999998,0
0.545,1.1140624999999997,0
0.545,1.1859375,0
0.545,1.2578125,0
0.545,1.3296875,0
0.545,1.4015624999999998,0
0.545,1.4734374999999997,0
0.545,1.5453125,0
0.545,1.6171875,0
0.545,1.6890625,0
0.545,1.7609374999999998,0
0.545,1.8328125000000002,0
0.545,1.9046874999999996,0
0.545,1.9765625,0
0.545,2.0484374999999995,0
0.545,2.1203125,0
0.545,2.1921875,0
0.545,2.2640624999999996,0
0.555,-2.2640624999999996,0
0.555,-2.1921874999999997,0
0.555,-2.1203125,0
0.555,-2.0484375,0
0.555,-1.9765624999999998,0
0.555,-1.9046874999999999,0
0.555,-1.8328124999999997,0
0.555,-1.7609374999999998,0
0.555,-1.6890625,0
0.555,-1.6171875,0
0.555,-1.5453124999999999,0
0.555,-1.4734374999999997,0
0.555,-1.4015624999999998,0
0.555,-1.3296875,0
0.555,-1.2578125,0
0.555,-1.1859374999999999,0
0.555,-1.1140625,0
0.555,-1.0421874999999998,0
0.555,-0.9703124999999999,0
0.555,-0.8984375,9187
0.555,-0.8265624999999999,69412
0.555,-0.7546875,136575
0.555,-0.6828125,145270
0.555,-0.6109374999999999,142584
0.555,-0.5390625,142259
0.555,-0.46718749999999987,139962
0.555,-0.39531249999999996,138082
0.555,-0.32343750000000004,135288
0.555,-0.2515624999999999,131002
0.555,-0.1796875,131593
0.555,-0.10781250000000009,130805
0.555,-0.03593750000000018,130848
0.555,0.03593750000000018,125572
0.555,0.10781250000000009,124580
0.555,0.1796875,128988
0.555,0.2515624999999999,131815
0.555,0.3234374999999998,132232
0.555,0.3953125000000002,135422
0.555,0.4671875000000001,139213
0.555,0.5390625,141916
0.555,0.6109374999999999,142075
0.555,0.6828124999999998,150498
0.555,0.7546874999999997,136432
0.555,0.8265625000000001,73659
0.555,0.8984375,9645
0.555,0.9703124999999999,0
0.555,1.0421874999999998,0
0.555,1.1140624999999997,0
0.555,1.1859375,0
0.555,1.2578125,0
0.555,1.3296875,0
0.555,1.4015624999999998,0
0.555,1.4734374999999997,0
0.555,1.5453125,0
0.555,1.6171875,0
0.555,1.6890625,0
0.555,1.7609374999999998,0
0.555,1.8328125000000002,0
0.555,1.9046874999999996,0
0.555,1.9765625,0
0.555,2.0484374999999995,0
0.555,2.1203125,0
0.555,2.1921875,0
0.555,2.2640624999999996,0
0.565,-2.2640624999999996,0
0.565,-2.1921874999999997,0
0.565,-2.1203125,0
0.565,-2.0484375,0
0.565,-1.9765624999999998,0
0.565,-1.9046874999999999,0
0.565,-1.8328124999999997,0
0.565,-1.7609374999999998,0
0.565,-1.6890625,0
0.565,-1.6171875,0
0.565,-1.5453124999999999,0
0.565,-1.4734374999999997,0
0.565,-1.4015624999999998,0
0.565,-1.3296875,0
0.565,-1.2578125,0
0.565,-1.1859374999999999,0
0.565,-1.1140625,0
0.565,-1.0421874999999998,0
0.565,-0.9703124999999999,0
0.565,-0.8984375,481
0.565,-0.8265624999999999,37005
0.565,-0.7546875,109776
0.565,-0.6828125,156749
0.565,-0.6109374999999999,156628
0.565,-0.5390625,155765
0.565,-0.46718749999999987,154088
0.565,-0.39531249999999996,152132
0.565,-0.32343750000000004,149331
0.565,-0.2515624999999999,144793
0.565,-0.1796875,144394
0.565,-0.10781250000000009,144841
0.565,-0.03593750000000018,142825
0.565,0.03593750000000018,137810
0.565,0.10781250000000009,137769
0.565,0.1796875,141334
0.565,0.2515624999999999,144789
0.565,0.3234374999999998,146079
0.565,0.3953125000000002,148750
0.565,0.4671875000000001,153760
0.565,0.5390625,155356
0.565,0.6109374999999999,157403
0.565,0.6828124999999998,163099
0.565,0.7546874999999997,109568
0.565,0.8265625000000001,39224
0.565,0.8984375,507
0.565,0.9703124999999999,0
0.565,1.0421874999999998,0
0.565,1.1140624999999997,0
0.565,1.1859375,0
0.565,1.2578125,0
0.565,1.3296875,0
0.565,1.4015624999999998,0
0.565,1.4734374999999997,0
0.565,1.5453125,0
0.565,1.6171875,0
0.565,1.6890625,0
0.565,1.7609374999999998,0
0.565,1.8328125000000002,0
0.565,1.9046874999999996,0
0.565,1.9765625,0
0.565,2.0484374999999995,0
0.565,2.1203125,0
0.565,2.1921875,0
0.565,2.2640624999999996,0
0.575,-2.2640624999999996,0
0.575,-2.1921874999999997,0
0.575,-2.1203125,0
0.575,-2.0484375,0
0.575,-1.9765624999999998,0
0.575,-1.9046874999999999,0
0.575,-1.8328124999999997,0
0.575,-1.7609374999999998,0
0.575,-1.6890625,0
0.575,-1.6171875,0
0.575,-1.5453124999999999,0
0.575,-1.4734374999999997,0
0.575,-1.4015624999999998,0
0.575,-1.3296875,0
0.575,-1.2578125,0
0.575,-1.1859374999999999,0
0.575,-1.1140625,0
0.575,-1.0421874999999998,0
0.575,-0.9703124999999999,0
0.575,-0.8984375,0
0.575,-0.8265624999999999,9402
0.575,-0.7546875,75221
0.575,-0.6828125,144985
0.575,-0.6109374999999999,172981
0.575,-0.5390625,170686
0.575,-0.46718749999999987,169173
0.575,-0.39531249999999996,166048
0.575,-0.32343750000000004,163709
0.575,-0.2515624999999999,158508
0.575,-0.1796875,159330
0.575,-0.10781250000000009,158764
0.575,-0.03593750000000018,156893
0.575,0.03593750000000018,153072
0.575,0.10781250000000009,152975
0.575,0.1796875,157169
0.575,0.2515624999999999,159984
0.575,0.3234374999999998,162398
0.575,0.3953125000000002,163488
0.575,0.4671875000000001,169008
0.575,0.5390625,171333
0.575,0.6109374999999999,175149
0.575,0.6828124999999998,151919
0.575,0.7546874999999997,74139
0.575,0.8265625000000001,10267
0.575,0.8984375,0
0.575,0.9703124999999999,0
0.575,1.0421874999999998,0
0.575,1.1140624999999997,0
0.575,1.1859375,0
0.575,1.2578125,0
0.575,1.3296875,0
0.575,1.4015624999999998,0
0.575,1.4734374999999997,0
0.575,1.5453125,0
0.575,1.6171875,0
0.575,1.6890625,0
0.575,1.7609374999999998,0
0.575,1.8328125000000002,0
0.575,1.9046874999999996,0
0.575,1.9765625,0
0.575,2.0484374999999995,0
0.575,2.1203125,0
0.575,2.1921875,0
0.575,2.2640624999999996,0
0.585,-2.2640624999999996,0
0.585,-2.1921874999999997,0
0.585,-2.1203125,0
0.585,-2.0484375,0
0.585,-1.9765624999999998,0
0.585,-1.9046874999999999,0
0.585,-1.8328124999999997,0
0.585,-1.7609374999999998,0
0.585,-1.6890625,0
0.585,-1.6171875,0
0.585,-1.5453124999999999,0
0.585,-1.4734374999999997,0
0.585,-1.4015624999999998,0
0.585,-1.3296875,0
0.585,-1.2578125,0
0.585,-1.1859374999999999,0
0.585,-1.1140625,0
0.585,-1.0421874999999998,0
0.585,-0.9703124999999999,0
0.585,-0.8984375,0
0.585,-0.8265624999999999,284
0.585,-0.7546875,34754
0.585,-0.6828125,111329
0.585,-0.6109374999999999,183647
0.585,-0.5390625,187328
0.585,-0.46718749999999987,187361
0.585,-0.39531249999999996,184706
0.585,-0.32343750000000004,181811
0.585,-0.2515624999999999,176306
0.585,-0.1796875,175290
0.585,-0.10781250000000009,174824
0.585,-0.03593750000000018,172802
0.585,0.03593750000000018,169310
0.585,0.10781250000000009,167133
0.585,0.1796875,174813
0.585,0.2515624999999999,176467
0.585,0.3234374999999998,178273
0.585,0.3953125000000002,179372
0.585,0.4671875000000001,185251
0.585,0.5390625,190312
0.585,0.6109374999999999,183724
0.585,0.6828124999999998,116196
0.585,0.7546874999999997,34544
0.585,0.8265625000000001,289
0.585,0.8984375,0
0.585,0.9703124999999999,0
0.585,1.0421874999999998,0
0.585,1.1140624999999997,0
0.585,1.1859375,0
0.585,1.2578125,0
0.585,1.3296875,0
0.585,1.4015624999999998,0
0.585,1.4734374999999997,0
0.585,1.5453125,0
0.585,1.6171875,0
0.585,1.6890625,0
0.585,1.7609374999999998,0
0.585,1.8328125000000002,0
0.585,1.9046874999999996,0
0.585,1.9765625,0
0.585,2.0484374999999995,0
0.585,2.1203125,0
0.585,2.1921875,0
0.585,2.2640624999999996,0
0.595,-2.2640624999999996,0
0.595,-2.1921874999999997,0
0.595,-2.1203125,0
0.595,-2.0484375,0
0.595,-1.9765624999999998,0
0.595,-1.9046874999999999,0
0.595,-1.8328124999999997,0
0.595,-1.7609374999999998,0
0.595,-1.6890625,0
0.595,-1.6171875,0
0.595,-1.5453124999999999,0
0.595,-1.4734374999999997,0
0.595,-1.4015624999999998,0
0.595,-1.3296875,0
0.595,-1.2578125,0
0.595,-1.1859374999999999,0
0.595,-1.1140625,0
0.595,-1.0421874999999998,0
0.595,-0.9703124999999999,0
0.595,-0.8984375,0
0.595,-0.8265624999999999,0
0.595,-0.7546875,6422
0.595,-0.6828125,71076
0.595,-0.6109374999999999,157566
0.595,-0.5390625,205065
0.595,-0.46718749999999987,204284
0.595,-0.39531249999999996,204396
0.595,-0.32343750000000004,199842
0.595,-0.2515624999999999,193646
0.595,-0.1796875,193539
0.595,-0.10781250000000009,192114
0.595,-0.03593750000000018,188671
0.595,0.03593750000000018,184826
0.595,0.10781250000000009,185425
0.595,0.1796875,192745
0.595,0.2515624999999999,194622
0.595,0.3234374999999998,198193
0.595,0.3953125000000002,198938
0.595,0.4671875000000001,204455
0.595,0.5390625,207803
0.595,0.6109374999999999,157200
0.595,0.6828124999999998,74434
0.595,0.7546874999999997,6343
0.595,0.8265625000000001,0
0.595,0.8984375,0
0.595,0.9703124999999999,0
0.595,1.0421874999999998,0
0.595,1.1140624999999997,0
0.595,1.1859375,0
0.595,1.2578125,0
0.595,1.3296875,0
0.595,1.4015624999999998,0
0.595,1.4734374999999997,0
0.595,1.5453125,0
0.595,1.6171875,0
0.595,1.6890625,0
0.595,1.7609374999999998,0
0.595,1.8328125000000002,0
0.595,1.9046874999999996,0
0.595,1.9765625,0
0.595,2.0484374999999995,0
0.595,2.1203125,0
0.595,2.1921875,0
0.595,2.2640624999999996,0
0.605,-2.2640624999999996,0
0.605,-2.1921874999999997,0
0.605,-2.1203125,0
0.605,-2.0484375,0
0.605,-1.9765624999999998,0
0.605,-1.9046874999999999,0
0.605,-1.8328124999999997,0
0.605,-1.7609374999999998,0
0.605,-1.6890625,0
0.605,-1.6171875,0
0.605,-1.5453124999999999,0
0.605,-1.4734374999999997,0
0.605,-1.4015624999999998,0
0.605,-1.3296875,0
0.605,-1.2578125,0
0.605,-1.1859374999999999,0
0.605,-1.1140625,0
0.605,-1.0421874999999998,0
0.605,-0.9703124999999999,0
0.605,-0.8984375,0
0.605,-0.8265624999999999,0
0.605,-0.7546875,36
0.605,-0.6828125,26926
0.605,-0.6109374999999999,113120
0.605,-0.5390625,196461
0.605,-0.46718749999999987,223860
0.605,-0.39531249999999996,223794
0.605,-0.32343750000000004,217743
0.605,-0.2515624999999999,213896
0.605,-0.1796875,212995
0.605,-0.10781250000000009,212478
0.605,-0.03593750000000018,206978
0.605,0.03593750000000018,203029
0.605,0.10781250000000009,203445
0.605,0.1796875,210361
0.605,0.2515624999999999,214634
0.605,0.3234374999999998,218629
0.605,0.3953125000000002,219645
0.605,0.4671875000000001,225450
0.605,0.5390625,201279
0.605,0.6109374999999999,114842
0.605,0.6828124999999998,28432
0.605,0.7546874999999997,39
0.605,0.8265625000000001,0
0.605,0.8984375,0
0.605,0.9703124999999999,0
0.605,1.0421874999999998,0
0.605,1.1140624999999997,0
0.605,1.1859375,0
0.605,1.2578125,0
0.605,1.3296875,0
0.605,1.4015624999999998,0
0.605,1.4734374999999997,0
0.605,1.5453125,0
0.605,1.6171875,0
0.605,1.6890625,0
0.605,1.7609374999999998,0
0.605,1.8328125000000002,0
0.605,1.9046874999999996,0
0.605,1.9765625,0
0.605,2.0484374999999995,0
0.605,2.1203125,0
0.605,2.1921875,0
0.605,2.2640624999999996,0
0.615,-2.2640624999999996,0
0.615,-2.1921874999999997,0
0.615,-2.1203125,0
0.615,-2.0484375,0
0.615,-1.9765624999999998,0
0.615,-1.9046874999999999,0
0.615,-1.8328124999999997,0
0.615,-1.7609374999999998,0
0.615,-1.6890625,0
0.615,-1.6171875,0
0.615,-1.5453124999999999,0
0.615,-1.4734374999999997,0
0.615,-1.4015624999999998,0
0.615,-1.3296875,0
0.615,-1.2578125,0
0.615,-1.1859374999999999,0
0.615,-1.1140625,0
0.615,-1.0421874999999998,0
0.615,-0.9703124999999999,0
0.615,-0.8984375,0
0.615,-0.8265624999999999,0
0.615,-0.7546875,0
0.615,-0.6828125,2651
0.615,-0.6109374999999999,62332
0.615,-0.5390625,156031
0.615,-0.46718749999999987,237604
0.615,-0.39531249999999996,246426
0.615,-0.32343750000000004,239301
0.615,-0.2515624999999999,235279
0.615,-0.1796875,235042
0.615,-0.10781250000000009,232741
0.615,-0.03593750000000018,228345
0.615,0.03593750000000018,225844
0.615,0.10781250000000009,224599
0.615,0.1796875,232634
0.615,0.2515624999999999,235949
0.615,0.3234374999999998,241781
0.615,0.3953125000000002,243540
0.615,0.4671875000000001,238914
0.615,0.5390625,158697
0.615,0.6109374999999999,63448
0.615,0.6828124999999998,2673
0.615,0.7546874999999997,0
0.615,0.8265625000000001,0
0.615,0.8984375,0
0.615,0.9703124999999999,0
0.615,1.0421874999999998,0
0.615,1.1140624999999997,0
0.615,1.1859375,0
0.615,1.2578125,0
0.615,1.3296875,0
0.615,1.4015624999999998,0
0.615,1.4734374999999997,0
0.615,1.5453125,0
0.615,1.6171875,0
0.615,1.6890625,0
0.615,1.7609374999999998,0
0.615,1.8328125000000002,0
0.615,1.9046874999999996,0
0.615,1.9765625,0
0.615,2.0484374999999995,0
0.615,2.1203125,0
0.615,2.1921875,0
0.615,2.2640624999999996,0
0.625,-2.2640624999999996,0
0.625,-2.1921874999999997,0
0.625,-2.1203125,0
0.625,-2.0484375,0
0.625,-1.9765624999999998,0
0.625,-1.9046874999999999,0
0.625,-1.8328124999999997,0
0.625,-1.7609374999999998,0
0.625,-1.6890625,0
0.625,-1.6171875,0
0.625,-1.5453124999999999,0
0.625,-1.4734374999999997,0
0.625,-1.4015624999999998,0
0.625,-1.3296875,0
0.625,-1.2578125,0
0.625,-1.1859374999999999,0
0.625,-1.1140625,0
0.625,-1.0421874999999998,0
0.625,-0.9703124999999999,0
0.625,-0.8984375,0
0.625,-0.8265624999999999,0
0.625,-0.7546875,0
0.625,-0.6828125,0
0.625,-0.6109374999999999,15970
0.625,-0.5390625,104149
0.625,-0.46718749999999987,209545
0.625,-0.39531249999999996,270581
0.625,-0.32343750000000004,264635
0.625,-0.2515624999999999,260191
0.625,-0.1796875,259050
0.625,-0.10781250000000009,254595
0.625,-0.03593750000000018,250734
0.625,0.03593750000000018,248623
0.625,0.10781250000000009,250882
0.625,0.1796875,255333
0.625,0.2515624999999999,260454
0.625,0.3234374999999998,264825
0.625,0.3953125000000002,267204
0.625,0.4671875000000001,209445
0.625,0.5390625,106078
0.625,0.6109374999999999,15749
0.625,0.6828124999999998,0
0.625,0.7546874999999997,0
0.625,0.8265625000000001,0
0.625,0.8984375,0
0.625,0.9703124999999999,0
0.625,1.0421874999999998,0
0.625,1.1140624999999997,0
0.625,1.1859375,0
0.625,1.2578125,0
0.625,1.3296875,0
0.625,1.4015624999999998,0
0.625,1.4734374999999997,0
0.625,1.5453125,0
0.625,1.6171875,0
0.625,1.6890625,0
0.625,1.7609374999999998,0
0.625,1.8328125000000002,0
0.625,1.9046874999999996,0
0.625,1.9765625,0
0.625,2.0484374999999995,0
0.625,2.1203125,0
0.625,2.1921875,0
0.625,2.2640624999999996,0
0.635,-2.2640624999999996,0
0.635,-2.1921874999999997,0
0.635,-2.1203125,0
0.635,-2.0484375,0
0.635,-1.9765624999999998,0
0.635,-1.9046874999999999,0
0.635,-1.8328124999999997,0
0.635,-1.7609374999999998,0
0.635,-1.6890625,0
0.635,-1.6171875,0
0.635,-1.5453124999999999,0
0.635,-1.4734374999999997,0
0.635,-1.4015624999999998,0
0.635,-1.3296875,0
0.635,-1.2578125,0
0.635,-1.1859374999999999,0
0.635,-1.1140625,0
0.635,-1.0421874999999998,0
0.635,-0.9703124999999999,0
0.635,-0.8984375,0
0.635,-0.8265624999999999,0
0.635,-0.7546875,0
0.635,-0.6828125,0
0.635,-0.6109374999999999,409
0.635,-0.5390625,44705
0.635,-0.46718749999999987,154159
0.635,-0.39531249999999996,263977
0.635,-0.32343750000000004,291465
0.635,-0.2515624999999999,288346
0.635,-0.1796875,283479
0.635,-0.10781250000000009,279888
0.635,-0.03593750000000018,277392
0.635,0.03593750000000018,275172
0.635,0.10781250000000009,279885
0.635,0.1796875,281489
0.635,0.2515624999999999,286532
0.635,0.3234374999999998,293277
0.635,0.3953125000000002,262742
0.635,0.4671875000000001,154536
0.635,0.5390625,45279
0.635,0.6109374999999999,415
0.635,0.6828124999999998,0
0.635,0.7546874999999997,0
0.635,0.8265625000000001,0
0.635,0.8984375,0
0.635,0.9703124999999999,0
0.635,1.0421874999999998,0
0.635,1.1140624999999997,0
0.635,1.1859375,0
0.635,1.2578125,0
0.635,1.3296875,0
0.635,1.4015624999999998,0
0.635,1.4734374999999997,0
0.635,1.5453125,0
0.635,1.6171875,0
0.635,1.6890625,0
0.635,1.7609374999999998,0
0.635,1.8328125000000002,0
0.635,1.9046874999999996,0
0.635,1.9765625,0
0.635,2.0484374999999995,0
0.635,2.1203125,0
0.635,2.1921875,0
0.635,2.2640624999999996,0
0.645,-2.2640624999999996,0
0.645,-2.1921874999999997,0
0.645,-2.1203125,0
0.645,-2.0484375,0
0.645,-1.9765624999999998,0
0.645,-1.9046874999999999,0
0.645,-1.8328124999999997,0
0.645,-1.7609374999999998,0
0.645,-1.6890625,0
0.645,-1.6171875,0
0.645,-1.5453124999999999,0
0.645,-1.4734374999999997,0
0.645,-1.4015624999999998,0
0.645,-1.3296875,0
0.645,-1.2578125,0
0.645,-1.1859374999999999,0
0.645,-1.1140625,0
0.645,-1.0421874999999998,0
0.645,-0.9703124999999999,0
0.645,-0.8984375,0
0.645,-0.8265624999999999,0
0.645,-0.7546875,0
0.645,-0.6828125,0
0.645,-0.6109374999999999,0
0.645,-0.5390625,5675
0.645,-0.46718749999999987,88995
0.645,-0.39531249999999996,211846
0.645,-0.32343750000000004,312182
0.645,-0.2515624999999999,318477
0.645,-0.1796875,313023
0.645,-0.10781250000000009,308223
0.645,-0.03593750000000018,305064
0.645,0.03593750000000018,303880
0.645,0.10781250000000009,308208
0.645,0.1796875,312380
0.645,0.2515624999999999,316872
0.645,0.3234374999999998,312985
0.645,0.3953125000000002,209846
0.645,0.4671875000000001,90081
0.645,0.5390625,5935
0.645,0.6109374999999999,0
0.645,0.6828124999999998,0
0.645,0.7546874999999997,0
0.645,0.8265625000000001,0
0.645,0.8984375,0
0.645,0.9703124999999999,0
0.645,1.0421874999999998,0
0.645,1.1140624999999997,0
0.645,1.1859375,0
0.645,1.2578125,0
0.645,1.3296875,0
0.645,1.4015624999999998,0
0.645,1.4734374999999997,0
0.645,1.5453125,0
0.645,1.6171875,0
0.645,1.6890625,0
0.645,1.7609374999999998,0
0.645,1.8328125000000002,0
0.645,1.9046874999999996,0
0.645,1.9765625,0
0.645,2.0484374999999995,0
0.645,2.1203125,0
0.645,2.1921875,0
0.645,2.2640624999999996,0
0.655,-2.2640624999999996,0
0.655,-2.1921874999999997,0
0.655,-2.1203125,0
0.655,-2.0484375,0
0.655,-1.9765624999999998,0
0.655,-1.9046874999999999,0
0.655,-1.8328124999999997,0
0.655,-1.7609374999999998,0
0.655,-1.6890625,0
0.655,-1.6171875,0
0.655,-1.5453124999999999,0
0.655,-1.4734374999999997,0
0.655,-1.4015624999999998,0
0.655,-1.3296875,0
0.655,-1.2578125,0
0.655,-1.1859374999999999,0
0.655,-1.1140625,0
0.655,-1.0421874999999998,0
0.655,-0.9703124999999999,0
0.655,-0.8984375,0
0.655,-0.8265624999999999,0
0.655,-0.7546875,0
0.655,-0.6828125,0
0.655,-0.6109374999999999,0
0.655,-0.5390625,1
0.655,-0.46718749999999987,24587
0.655,-0.39531249999999996,144447
0.655,-0.32343750000000004,278980
0.655,-0.2515624999999999,351172
0.655,-0.1796875,345099
0.655,-0.10781250000000009,341097
0.655,-0.03593750000000018,336329
0.655,0.03593750000000018,334444
0.655,0.10781250000000009,341260
0.655,0.1796875,345331
0.655,0.2515624999999999,351850
0.655,0.3234374999999998,280270
0.655,0.3953125000000002,144474
0.655,0.4671875000000001,25165
0.655,0.5390625,1
0.655,0.6109374999999999,0
0.655,0.6828124999999998,0
0.655,0.7546874999999997,0
0.655,0.8265625000000001,0
0.655,0.8984375,0
0.655,0.9703124999999999,0
0.655,1.0421874999999998,0
0.655,1.1140624999999997,0
0.655,1.1859375,0
0.655,1.2578125,0
0.655,1.3296875,0
0.655,1.4015624999999998,0
0.655,1.4734374999999997,0
0.655,1.5453125,0
0.655,1.6171875,0
0.655,1.6890625,0
0.655,1.7609374999999998,0
0.655,1.8328125000000002,0
0.655,1.9046874999999996,0
0.655,1.9765625,0
0.655,2.0484374999999995,0
0.655,2.1203125,0
0.655,2.1921875,0
0.655,2.2640624999999996,0
0.665,-2.2640624999999996,0
0.665,-2.1921874999999997,0
0.665,-2.1203125,0
0.665,-2.0484375,0
0.665,-1.9765624999999998,0
0.665,-1.9046874999999999,0
0.665,-1.8328124999999997,0
0.665,-1.7609374999999998,0
0.665,-1.6890625,0
0.665,-1.6171875,0
0.665,-1.5453124999999999,0
0.665,-1.4734374999999997,0
0.665,-1.4015624999999998,0
0.665,-1.3296875,0
0.665,-1.2578125,0
0.665,-1.1859374999999999,0
0.665,-1.1140625,0
0.665,-1.0421874999999998,0
0.665,-0.9703124999999999,0
0.665,-0.8984375,0
0.665,-0.8265624999999999,0
0.665,-0.7546875,0
0.665,-0.6828125,0
0.665,-0.6109374999999999,0
0.665,-0.5390625,0
0.665,-0.46718749999999987,848
0.665,-0.39531249999999996,64759
0.665,-0.32343750000000004,208523
0.665,-0.2515624999999999,357300
0.665,-0.1796875,381659
0.665,-0.10781250000000009,376506
0.665,-0.03593750000000018,371431
0.665,0.03593750000000018,370970
0.665,0.10781250000000009,378505
0.665,0.1796875,382706
0.665,0.2515624999999999,352324
0.665,0.3234374999999998,206732
0.665,0.3953125000000002,65405
0.665,0.4671875000000001,911
0.665,0.5390625,0
0.665,0.6109374999999999,0
0.665,0.6828124999999998,0
0.665,0.7546874999999997,0
0.665,0.8265625000000001,0
0.665,0.8984375,0
0.665,0.9703124999999999,0
0.665,1.0421874999999998,0
0.665,1.1140624999999997,0
0.665,1.1859375,0
0.665,1.2578125,0
0.665,1.3296875,0
0.665,1.4015624999999998,0
0.665,1.4734374999999997,0
0.665,1.5453125,0
0.665,1.6171875,0
0.665,1.6890625,0
0.665,1.7609374999999998,0
0.665,1.8328125000000002,0
0.665,1.9046874999999996,0
0.665,1.9765625,0
0.665,2.0484374999999995,0
0.665,2.1203125,0
0.665,2.1921875,0
0.665,2.2640624999999996,0
0.675,-2.2640624999999996,0
0.675,-2.1921874999999997,0
0.675,-2.1203125,0
0.675,-2.0484375,0
0.675,-1.9765624999999998,0
0.675,-1.9046874999999999,0
0.675,-1.8328124999999997,0
0.675,-1.7609374999999998,0
0.675,-1.6890625,0
0.675,-1.6171875,0
0.675,-1.5453124999999999,0
0.675,-1.4734374999999997,0
0.675,-1.4015624999999998,0
0.675,-1.3296875,0
0.675,-1.2578125,0
0.675,-1.1859374999999999,0
0.675,-1.1140625,0
0.675,-1.0421874999999998,0
0.675,-0.9703124999999999,0
0.675,-0.8984375,0
0.675,-0.8265624999999999,0
0.675,-0.7546875,0
0.675,-0.6828125,0
0.675,-0.6109374999999999,0
0.675,-0.5390625,0
0.675,-0.46718749999999987,0
0.675,-0.39531249999999996,9296
0.675,-0.32343750000000004,125283
0.675,-0.2515624999999999,295590
0.675,-0.1796875,416741
0.675,-0.10781250000000009,416256
0.675,-0.03593750000000018,409366
0.675,0.03593750000000018,409238
0.675,0.10781250000000009,414465
0.675,0.1796875,416800
0.675,0.2515624999999999,291750
0.675,0.3234374999999998,125043
0.675,0.3953125000000002,9278
0.675,0.4671875000000001,1
0.675,0.5390625,0
0.675,0.6109374999999999,0
0.675,0.6828124999999998,0
0.675,0.7546874999999997,0
0.675,0.8265625000000001,0
0.675,0.8984375,0
0.675,0.9703124999999999,0
0.675,1.0421874999999998,0
0.675,1.1140624999999997,0
0.675,1.1859375,0
0.675,1.2578125,0
0.675,1.3296875,0
0.675,1.4015624999999998,0
0.675,1.4734374999999997,0
0.675,1.5453125,0
0.675,1.6171875,0
0.675,1.6890625,0
0.675,1.7609374999999998,0
0.675,1.8328125000000002,0
0.675,1.9046874999999996,0
0.675,1.9765625,0
0.675,2.0484374999999995,0
0.675,2.1203125,0
0.675,2.1921875,0
0.675,2.2640624999999996,0
0.685,-2.2640624999999996,0
0.685,-2.1921874999999997,0
0.685,-2.1203125,0
0.685,-2.0484375,0
0.685,-1.9765624999999998,0
0.685,-1.9046874999999999,0
0.685,-1.8328124999999997,0
0.685,-1.7609374999999998,0
0.685,-1.6890625,0
0.685,-1.6171875,0
0.685,-1.5453124999999999,0
0.685,-1.4734374999999997,0
0.685,-1.4015624999999998,0
0.685,-1.3296875,0
0.685,-1.2578125,0
0.685,-1.1859374999999999,0
0.685,-1.1140625,0
0.685,-1.0421874999999998,0
0.685,-0.9703124999999999,0
0.685,-0.8984375,0
0.685,-0.8265624999999999,0
0.685,-0.7546875,0
0.685,-0.6828125,0
0.685,-0.6109374999999999,0
0.685,-0.5390625,0
0.685,-0.46718749999999987,0
0.685,-0.39531249999999996,7
0.685,-0.32343750000000004,39651
0.685,-0.2515624999999999,209467
0.685,-0.1796875,399852
0.685,-0.10781250000000009,458032
0.685,-0.03593750000000018,452731
0.685,0.03593750000000018,452560
0.685,0.10781250000000009,457010
0.685,0.1796875,400182
0.685,0.2515624999999999,207107
0.685,0.3234374999999998,39701
0.685,0.3953125000000002,4
0.685,0.4671875000000001,0
0.685,0.5390625,0
0.685,0.6109374999999999,0
0.685,0.6828124999999998,0
0.685,0.7546874999999997,0
0.685,0.8265625000000001,0
0.685,0.8984375,0
0.685,0.9703124999999999,0
0.685,1.0421874999999998,0
0.685,1.1140624999999997,0
0.685,1.1859375,0
0.685,1.2578125,0
0.685,1.3296875,0
0.685,1.4015624999999998,0
0.685,1.4734374999999997,0
0.685,1.5453125,0
0.685,1.6171875,0
0.685,1.6890625,0
0.685,1.7609374999999998,0
0.685,1.8328125000000002,0
0.685,1.9046874999999996,0
0.685,1.9765625,0
0.685,2.0484374999999995,0
0.685,2.1203125,0
0.685,2.1921875,0
0.685,2.2640624999999996,0
0.695,-2.2640624999999996,0
0.695,-2.1921874999999997,0
0.695,-2.1203125,0
0.695,-2.0484375,0
0.695,-1.9765624999999998,0
0.695,-1.9046874999999999,0
0.695,-1.8328124999999997,0
0.695,-1.7609374999999998,0
0.695,-1.6890625,0
0.695,-1.6171875,0
0.695,-1.5453124999999999,0
0.695,-1.4734374999999997,0
0.695,-1.4015624999999998,0
0.695,-1.3296875,0
0.695,-1.2578125,0
0.695,-1.1859374999999999,0
0.695,-1.1140625,0
0.695,-1.0421874999999998,0
0.695,-0.9703124999999999,0
0.695,-0.8984375,0
0.695,-0.8265624999999999,0
0.695,-0.7546875,0
0.695,-0.6828125,0
0.695,-0.6109374999999999,0
0.695,-0.5390625,0
0.695,-0.46718749999999987,0
0.695,-0.39531249999999996,0
0.695,-0.32343750000000004,2237
0.695,-0.2515624999999999,105846
0.695,-0.1796875,319614
0.695,-0.10781250000000009,494511
0.695,-0.03593750000000018,497707
0.695,0.03593750000000018,498859
0.695,0.10781250000000009,492359
0.695,0.1796875,319888
0.695,0.2515624999999999,106261
0.695,0.3234374999999998,2279
0.695,0.3953125000000002,0
0.695,0.4671875000000001,0
0.695,0.5390625,0
0.695,0.6109374999999999,0
0.695,0.6828124999999998,0
0.695,0.7546874999999997,0
0.695,0.8265625000000001,0
0.695,0.8984375,0
0.695,0.9703124999999999,0
0.695,1.0421874999999998,0
0.695,1.1140624999999997,0
0.695,1.1859375,0
0.695,1.2578125,0
0.695,1.3296875,0
0.695,1.4015624999999998,0
0.695,1.4734374999999997,0
0.695,1.5453125,0
0.695,1.6171875,0
0.695,1.6890625,0
0.695,1.7609374999999998,0
0.695,1.8328125000000002,0
0.695,1.9046874999999996,0
0.695,1.9765625,0
0.695,2.0484374999999995,0
0.695,2.1203125,0
0.695,2.1921875,0
0.695,2.2640624999999996,0
0.705,-2.2640624999999996,0
0.705,-2.1921874999999997,0
0.705,-2.1203125,0
0.705,-2.0484375,0
0.705,-1.9765624999999998,0
0.705,-1.9046874999999999,0
0.705,-1.8328124999999997,0
0.705,-1.7609374999999998,0
0.705,-1.6890625,0
0.705,-1.6171875,0
0.705,-1.5453124999999999,0
0.705,-1.4734374999999997,0
0.705,-1.4015624999999998,0
0.705,-1.3296875,0
0.705,-1.2578125,0
0.705,-1.1859374999999999,0
0.705,-1.1140625,0
0.705,-1.0421874999999998,0
0.705,-0.9703124999999999,0
0.705,-0.8984375,0
0.705,-0.8265624999999999,0
0.705,-0.7546875,0
0.705,-0.6828125,0
0.705,-0.6109374999999999,0
0.705,-0.5390625,0
0.705,-0.46718749999999987,0
0.705,-0.39531249999999996,0
0.705,-0.32343750000000004,3
0.705,-0.2515624999999999,23325
0.705,-0.1796875,217074
0.705,-0.10781250000000009,474233
0.705,-0.03593750000000018,546412
0.705,0.03593750000000018,548543
0.705,0.10781250000000009,471834
0.705,0.1796875,215092
0.705,0.2515624999999999,23147
0.705,0.3234374999999998,0
0.705,0.3953125000000002,0
0.705,0.4671875000000001,0
0.705,0.5390625,0
0.705,0.6109374999999999,0
0.705,0.6828124999999998,0
0.705,0.7546874999999997,0
0.705,0.8265625000000001,0
0.705,0.8984375,0
0.705,0.9703124999999999,0
0.705,1.0421874999999998,0
0.705,1.1140624999999997,0
0.705,1.1859375,0
0.705,1.2578125,0
0.705,1.3296875,0
0.705,1.4015624999999998,0
0.705,1.4734374999999997,0
0.705,1.5453125,0
0.705,1.6171875,0
0.705,1.6890625,0
0.705,1.7609374999999998,0
0.705,1.8328125000000002,0
0.705,1.9046874999999996,0
0.705,1.9765625,0
0.705,2.0484374999999995,0
0.705,2.1203125,0
0.705,2.1921875,0
0.705,2.2640624999999996,0
0.715,-2.2640624999999996,0
0.715,-2.1921874999999997,0
0.715,-2.1203125,0
0.715,-2.0484375,0
0.715,-1.9765624999999998,0
0.715,-1.9046874999999999,0
0.715,-1.8328124999999997,0
0.715,-1.7609374999999998,0
0.715,-1.6890625,0
0.715,-1.6171875,0
0.715,-1.5453124999999999,0
0.715,-1.4734374999999997,0
0.715,-1.4015624999999998,0
0.715,-1.3296875,0
0.715,-1.2578125,0
0.715,-1.1859374999999999,0
0.715,-1.1140625,0
0.715,-1.0421874999999998,0
0.715,-0.9703124999999999,0
0.715,-0.8984375,0
0.715,-0.8265624999999999,0
0.715,-0.7546875,0
0.715,-0.6828125,0
0.715,-0.6109374999999999,0
0.715,-0.5390625,0
0.715,-0.46718749999999987,0
0.715,-0.39531249999999996,0
0.715,-0.32343750000000004,0
0.715,-0.2515624999999999,415
0.715,-0.1796875,98998
0.715,-0.10781250000000009,387347
0.715,-0.03593750000000018,598207
0.715,0.03593750000000018,601370
0.715,0.10781250000000009,384672
0.715,0.1796875,98935
0.715,0.2515624999999999,397
0.715,0.3234374999999998,0
0.715,0.3953125000000002,0
0.715,0.4671875000000001,0
0.715,0.5390625,0
0.715,0.6109374999999999,0
0.715,0.6828124999999998,0
0.715,0.7546874999999997,0
0.715,0.8265625000000001,0
0.715,0.8984375,0
0.715,0.9703124999999999,0
0.715,1.0421874999999998,0
0.715,1.1140624999999997,0
0.715,1.1859375,0
0.715,1.2578125,0
0.715,1.3296875,0
0.715,1.4015624999999998,0
0.715,1.4734374999999997,0
0.715,1.5453125,0
0.715,1.6171875,0
0.715,1.6890625,0
0.715,1.7609374999999998,0
0.715,1.8328125000000002,0
0.715,1.9046874999999996,0
0.715,1.9765625,0
0.715,2.0484374999999995,0
0.715,2.1203125,0
0.715,2.1921875,0
0.715,2.2640624999999996,0
0.725,-2.2640624999999996,0
0.725,-2.1921874999999997,0
0.725,-2.1203125,0
0.725,-2.0484375,0
0.725,-1.9765624999999998,0
0.725,-1.9046874999999999,0
0.725,-1.8328124999999997,0
0.725,-1.7609374999999998,0
0.725,-1.6890625,0
0.725,-1.6171875,0
0.725,-1.5453124999999999,0
0.725,-1.4734374999999997,0
0.725,-1.4015624999999998,0
0.725,-1.3296875,0
0.725,-1.2578125,0
0.725,-1.1859374999999999,0
0.725,-1.1140625,0
0.725,-1.0421874999999998,0
0.725,-0.9703124999999999,0
0.725,-0.8984375,0
0.725,-0.8265624999999999,0
0.725,-0.7546875,0
0.725,-0.6828125,0
0.725,-0.6109374999999999,0
0.725,-0.5390625,0
0.725,-0.46718749999999987,0
0.725,-0.39531249999999996,0
0.725,-0.32343750000000004,0
0.725,-0.2515624999999999,0
0.725,-0.1796875,18753
0.725,-0.10781250000000009,265348
0.725,-0.03593750000000018,607656
0.725,0.03593750000000018,615349
0.725,0.10781250000000009,262558
0.725,0.1796875,18852
0.725,0.2515624999999999,0
0.725,0.3234374999999998,0
0.725,0.3953125000000002,0
0.725,0.4671875000000001,0
0.725,0.5390625,0
0.725,0.6109374999999999,0
0.725,0.6828124999999998,0
0.725,0.7546874999999997,0
0.725,0.8265625000000001,0
0.725,0.8984375,0
0.725,0.9703124999999999,0
0.725,1.0421874999999998,0
0.725,1.1140624999999997,0
0.725,1.1859375,0
0.725,1.2578125,0
0.725,1.3296875,0
0.725,1.4015624999999998,0
0.725,1.4734374999999997,0
0.725,1.5453125,0
0.725,1.6171875,0
0.725,1.6890625,0
0.725,1.7609374999999998,0
0.725,1.8328125000000002,0
0.725,1.9046874999999996,0
0.725,1.9765625,0
0.725,2.0484374999999995,0
0.725,2.1203125,0
0.725,2.1921875,0
0.725,2.2640624999999996,0
0.735,-2.2640624999999996,0
0.735,-2.1921874999999997,0
0.735,-2.1203125,0
0.735,-2.0484375,0
0.735,-1.9765624999999998,0
0.735,-1.9046874999999999,0
0.735,-1.8328124999999997,0
0.735,-1.7609374999999998,0
0.735,-1.6890625,0
0.735,-1.6171875,0
0.735,-1.5453124999999999,0
0.735,-1.4734374999999997,0
0.735,-1.4015624999999998,0
0.735,-1.3296875,0
0.735,-1.2578125,0
0.735,-1.1859374999999999,0
0.735,-1.1140625,0
0.735,-1.0421874999999998,0
0.735,-0.9703124999999999,0
0.735,-0.8984375,0
0.735,-0.8265624999999999,0
0.735,-0.7546875,0
0.735,-0.6828125,0
0.735,-0.6109374999999999,0
0.735,-0.5390625,0
0.735,-0.46718749999999987,0
0.735,-0.39531249999999996,0
0.735,-0.32343750000000004,0
0.735,-0.2515624999999999,0
0.735,-0.1796875,246
0.735,-0.10781250000000009,132434
0.735,-0.03593750000000018,561937
0.735,0.03593750000000018,566092
0.735,0.10781250000000009,130313
0.735,0.1796875,191
0.735,0.2515624999999999,0
0.735,0.3234374999999998,0
0.735,0.3953125000000002,0
0.735,0.4671875000000001,0
0.735,0.5390625,0
0.735,0.6109374999999999,0
0.735,0.6828124999999998,0
0.735,0.7546874999999997,0
0.735,0.8265625000000001,0
0.735,0.8984375,0
0.735,0.9703124999999999,0
0.735,1.0421874999999998,0
0.735,1.1140624999999997,0
0.735,1.1859375,0
0.735,1.2578125,0
0.735,1.3296875,0
0.735,1.4015624999999998,0
0.735,1.4734374999999997,0
0.735,1.5453125,0
0.735,1.6171875,0
0.735,1.6890625,0
0.735,1.7609374999999998,0
0.735,1.8328125000000002,0
0.735,1.9046874999999996,0
0.735,1.9765625,0
0.735,2.0484374999999995,0
0.735,2.1203125,0
0.735,2.1921875,0
0.735,2.2640624999999996,0
0.745,-2.2640624999999996,0
0.745,-2.1921874999999997,0
0.745,-2.1203125,0
0.745,-2.0484375,0
0.745,-1.9765624999999998,0
0.745,-1.9046874999999999,0
0.745,-1.8328124999999997,0
0.745,-1.7609374999999998,0
0.745,-1.6890625,0
0.745,-1.6171875,0
0.745,-1.5453124999999999,0
0.745,-1.4734374999999997,0
0.745,-1.4015624999999998,0
0.745,-1.3296875,0
0.745,-1.2578125,0
0.745,-1.1859374999999999,0
0.745,-1.1140625,0
0.745,-1.0421874999999998,0
0.745,-0.9703124999999999,0
0.745,-0.8984375,0
0.745,-0.8265624999999999,0
0.745,-0.7546875,0
0.745,-0.6828125,0
0.745,-0.6109374999999999,0
0.745,-0.5390625,0
0.745,-0.46718749999999987,0
0.745,-0.39531249999999996,0
0.745,-0.32343750000000004,0
0.745,-0.2515624999999999,0
0.745,-0.1796875,2
0.745,-0.10781250000000009,38230
0.745,-0.03593750000000018,460296
0.745,0.03593750000000018,461023
0.745,0.10781250000000009,36820
0.745,0.1796875,0
0.745,0.2515624999999999,0
0.745,0.3234374999999998,0
0.745,0.3953125000000002,0
0.745,0.4671875000000001,0
0.745,0.5390625,0
0.745,0.6109374999999999,0
0.745,0.6828124999999998,0
0.745,0.7546874999999997,0
0.745,0.8265625000000001,0
0.745,0.8984375,0
0.745,0.9703124999999999,0
0.745,1.0421874999999998,0
0.745,1.1140624999999997,0
0.745,1.1859375,0
0.745,1.2578125,0
0.745,1.3296875,0
0.745,1.4015624999999998,0
0.745,1.4734374999999997,0
0.745,1.5453125,0
0.745,1.6171875,0
0.745,1.6890625,0
0.745,1.7609374999999998,0
0.745,1.8328125000000002,0
0.745,1.9046874999999996,0
0.745,1.9765625,0
0.745,2.0484374999999995,0
0.745,2.1203125,0
0.745,2.1921875,0
0.745,2.2640624999999996,0
0.755,-2.2640624999999996,0
0.755,-2.1921874999999997,0
0.755,-2.1203125,0
0.755,-2.0484375,0
0.755,-1.9765624999999998,0
0.755,-1.9046874999999999,0
0.755,-1.8328124999999997,0
0.755,-1.7609374999999998,0
0.755,-1.6890625,0
0.755,-1.6171875,0
0.755,-1.5453124999999999,0
0.755,-1.4734374999999997,0
0.755,-1.4015624999999998,0
0.755,-1.3296875,0
0.755,-1.2578125,0
0.755,-1.1859374999999999,0
0.755,-1.1140625,0
0.755,-1.0421874999999998,0
0.755,-0.9703124999999999,0
0.755,-0.8984375,0
0.755,-0.8265624999999999,0
0.755,-0.7546875,0
0.755,-0.6828125,0
0.755,-0.6109374999999999,0
0.755,-0.5390625,0
0.755,-0.46718749999999987,0
0.755,-0.39531249999999996,0
0.755,-0.32343750000000004,0
0.755,-0.2515624999999999,0
0.755,-0.1796875,0
0.755,-0.10781250000000009,2792
0.755,-0.03593750000000018,311542
0.755,0.03593750000000018,312047
0.755,0.10781250000000009,2569
0.755,0.1796875,0
0.755,0.2515624999999999,0
0.755,0.3234374999999998,0
0.755,0.3953125000000002,0
0.755,0.4671875000000001,0
0.755,0.5390625,0
0.755,0.6109374999999999,0
0.755,0.6828124999999998,0
0.755,0.7546874999999997,0
0.755,0.8265625000000001,0
0.755,0.8984375,0
0.755,0.9703124999999999,0
0.755,1.0421874999999998,0
0.755,1.1140624999999997,0
0.755,1.1859375,0
0.755,1.2578125,0
0.755,1.3296875,0
0.755,1.4015624999999998,0
0.755,1.4734374999999997,0
0.755,1.5453125,0
0.755,1.6171875,0
0.755,1.6890625,0
0.755,1.7609374999999998,0
0.755,1.8328125000000002,0
0.755,1.9046874999999996,0
0.755,1.9765625,0
0.755,2.0484374999999995,0
0.755,2.1203125,0
0.755,2.1921875,0
0.755,2.2640624999999996,0
0.765,-2.2640624999999996,0
0.765,-2.1921874999999997,0
0.765,-2.1203125,0
0.765,-2.0484375,0
0.765,-1.9765624999999998,0
0.765,-1.9046874999999999,0
0.765,-1.8328124999999997,0
0.765,-1.7609374999999998,0
0.765,-1.6890625,0
0.765,-1.6171875,0
0.765,-1.5453124999999999,0
0.765,-1.4734374999999997,0
0.765,-1.4015624999999998,0
0.765,-1.3296875,0
0.765,-1.2578125,0
0.765,-1.1859374999999999,0
0.765,-1.1140625,0
0.765,-1.0421874999999998,0
0.765,-0.9703124999999999,0
0.765,-0.8984375,0
0.765,-0.8265624999999999,0
0.765,-0.7546875,0
0.765,-0.6828125,0
0.765,-0.6109374999999999,0
0.765,-0.5390625,0
0.765,-0.46718749999999987,0
0.765,-0.39531249999999996,0
0.765,-0.32343750000000004,0
0.765,-0.2515624999999999,0
0.765,-0.1796875,0
0.765,-0.10781250000000009,19
0.765,-0.03593750000000018,152449
0.765,0.03593750000000018,151752
0.765,0.10781250000000009,33
0.765,0.1796875,0
0.765,0.2515624999999999,0
0.765,0.3234374999999998,0
0.765,0.3953125000000002,0
0.765,0.4671875000000001,0
0.765,0.5390625,0
0.765,0.6109374999999999,0
0.765,0.6828124999999998,0
0.765,0.7546874999999997,0
0.765,0.8265625000000001,0
0.765,0.8984375,0
0.765,0.9703124999999999,0
0.765,1.0421874999999998,0
0.765,1.1140624999999997,0
0.765,1.1859375,0
0.765,1.2578125,0
0.765,1.3296875,0
0.765,1.4015624999999998,0
0.765,1.4734374999999997,0
0.765,1.5453125,0
0.765,1.6171875,0
0.765,1.6890625,0
0.765,1.7609374999999998,0
0.765,1.8328125000000002,0
0.765,1.9046874999999996,0
0.765,1.9765625,0
0.765,2.0484374999999995,0
0.765,2.1203125,0
0.765,2.1921875,0
0.765,2.2640624999999996,0
0.775,-2.2640624999999996,0
0.775,-2.1921874999999997,0
0.775,-2.1203125,0
0.775,-2.0484375,0
0.775,-1.9765624999999998,0
0.775,-1.9046874999999999,0
0.775,-1.8328124999999997,0
0.775,-1.7609374999999998,0
0.775,-1.6890625,0
0.775,-1.6171875,0
0.775,-1.5453124999999999,0
0.775,-1.4734374999999997,0
0.775,-1.4015624999999998,0
0.775,-1.3296875,0
0.775,-1.2578125,0
0.775,-1.1859374999999999,0
0.775,-1.1140625,0
0.775,-1.0421874999999998,0
0.775,-0.9703124999999999,0
0.775,-0.8984375,0
0.775,-0.8265624999999999,0
0.775,-0.7546875,0
0.775,-0.6828125,0
0.775,-0.6109374999999999,0
0.775,-0.5390625,0
0.775,-0.46718749999999987,0
0.775,-0.39531249999999996,0
0.775,-0.32343750000000004,0
0.775,-0.2515624999999999,0
0.775,-0.1796875,0
0.775,-0.10781250000000009,0
0.775,-0.03593750000000018,41253
0.775,0.03593750000000018,40515
0.775,0.10781250000000009,0
0.775,0.1796875,0
0.775,0.2515624999999999,0
0.775,0.3234374999999998,0
0.775,0.3953125000000002,0
0.775,0.4671875000000001,0
0.775,0.5390625,0
0.775,0.6109374999999999,0
0.775,0.6828124999999998,0
0.775,0.7546874999999997,0
0.775,0.8265625000000001,0
0.775,0.8984375,0
0.775,0.9703124999999999,0
0.775,1.0421874999999998,0
0.775,1.1140624999999997,0
0.775,1.1859375,0
0.775,1.2578125,0
0.775,1.3296875,0
0.775,1.4015624999999998,0
0.775,1.4734374999999997,0
0.775,1.5453125,0
0.775,1.6171875,0
0.775,1.6890625,0
0.775,1.7609374999999998,0
0.775,1.8328125000000002,0
0.775,1.9046874999999996,0
0.775,1.9765625,0
0.775,2.0484374999999995,0
0.775,2.1203125,0
0.775,2.1921875,0
0.775,2.2640624999999996,0
0.785,-2.2640624999999996,0
0.785,-2.1921874999999997,0
0.785,-2.1203125,0
0.785,-2.0484375,0
0.785,-1.9765624999999998,0
0.785,-1.9046874999999999,0
0.785,-1.8328124999999997,0
0.785,-1.7609374999999998,0
0.785,-1.6890625,0
0.785,-1.6171875,0
0.785,-1.5453124999999999,0
0.785,-1.4734374999999997,0
0.785,-1.4015624999999998,0
0.785,-1.3296875,0
0.785,-1.2578125,0
0.785,-1.1859374999999999,0
0.785,-1.1140625,0
0.785,-1.0421874999999998,0
0.785,-0.9703124999999999,0
0.785,-0.8984375,0
0.785,-0.8265624999999999,0
0.785,-0.7546875,0
0.785,-0.6828125,0
0.785,-0.6109374999999999,0
0.785,-0.5390625,0
0.785,-0.46718749999999987,0
0.785,-0.39531249999999996,0
0.785,-0.32343750000000004,0
0.785,-0.2515624999999999,0
0.785,-0.1796875,0
0.785,-0.10781250000000009,0
0.785,-0.03593750000000018,10571
0.785,0.03593750000000018,10423
0.785,0.10781250000000009,0
0.785,0.1796875,0
0.785,0.2515624999999999,0
0.785,0.3234374999999998,0
0.785,0.3953125000000002,0
0.785,0.4671875000000001,0
0.785,0.5390625,0
0.785,0.6109374999999999,0
0.785,0.6828124999999998,0
0.785,0.7546874999999997,0
0.785,0.8265625000000001,0
0.785,0.8984375,0
0.785,0.9703124999999999,0
0.785,1.0421874999999998,0
0.785,1.1140624999999997,0
0.785,1.1859375,0
0.785,1.2578125,0
0.785,1.3296875,0
0.785,1.4015624999999998,0
0.785,1.4734374999999997,0
0.785,1.5453125,0
0.785,1.6171875,0
0.785,1.6890625,0
0.785,1.7609374999999998,0
0.785,1.8328125000000002,0
0.785,1.9046874999999996,0
0.785,1.9765625,0
0.785,2.0484374999999995,0
0.785,2.1203125,0
0.785,2.1921875,0
0.785,2.2640624999999996,0
0.795,-2.2640624999999996,0
0.795,-2.1921874999999997,0
0.795,-2.1203125,0
0.795,-2.0484375,0
0.795,-1.9765624999999998,0
0.795,-1.9046874999999999,0
0.795,-1.8328124999999997,0
0.795,-1.7609374999999998,0
0.795,-1.6890625,0
0.795,-1.6171875,0
0.795,-1.5453124999999999,0
0.795,-1.4734374999999997,0
0.795,-1.4015624999999998,0
0.795,-1.3296875,0
0.795,-1.2578125,0
0.795,-1.1859374999999999,0
0.795,-1.1140625,0
0.795,-1.0421874999999998,0
0.795,-0.9703124999999999,0
0.795,-0.8984375,0
0.795,-0.8265624999999999,0
0.795,-0.7546875,0
0.795,-0.6828125,0
0.795,-0.6109374999999999,0
0.795,-0.5390625,0
0.795,-0.46718749999999987,0
0.795,-0.39531249999999996,0
0.795,-0.32343750000000004,0
0.795,-0.2515624999999999,0
0.795,-0.1796875,0
0.795,-0.10781250000000009,0
0.795,-0.03593750000000018,6024
0.795,0.03593750000000018,6052
0.795,0.10781250000000009,0
0.795,0.1796875,0
0.795,0.2515624999999999,0
0.795,0.3234374999999998,0
0.795,0.3953125000000002,0
0.795,0.4671875000000001,0
0.795,0.5390625,0
0.795,0.6109374999999999,0
0.795,0.6828124999999998,0
0.795,0.7546874999999997,0
0.795,0.8265625000000001,0
0.795,0.8984375,0
0.795,0.9703124999999999,0
0.795,1.0421874999999998,0
0.795,1.1140624999999997,0
0.795,1.1859375,0
0.795,1.2578125,0
0.795,1.3296875,0
0.795,1.4015624999999998,0
0.795,1.4734374999999997,0
0.795,1.5453125,0
0.795,1.6171875,0
0.795,1.6890625,0
0.795,1.7609374999999998,0
0.795,1.8328125000000002,0
0.795,1.9046874999999996,0
0.795,1.9765625,0
0.795,2.0484374999999995,0
0.795,2.1203125,0
0.795,2.1921875,0
0.795,2.2640624999999996,0
0.805,-2.2640624999999996,0
0.805,-2.1921874999999997,0
0.805,-2.1203125,0
0.805,-2.0484375,0
0.805,-1.9765624999999998,0
0.805,-1.9046874999999999,0
0.805,-1.8328124999999997,0
0.805,-1.7609374999999998,0
0.805,-1.6890625,0
0.805,-1.6171875,0
0.805,-1.5453124999999999,0
0.805,-1.4734374999999997,0
0.805,-1.4015624999999998,0
0.805,-1.3296875,0
0.805,-1.2578125,0
0.805,-1.1859374999999999,0
0.805,-1.1140625,0
0.805,-1.0421874999999998,0
0.805,-0.9703124999999999,0
0.805,-0.8984375,0
0.805,-0.8265624999999999,0
0.805,-0.7546875,0
0.805,-0.6828125,0
0.805,-0.6109374999999999,0
0.805,-0.5390625,0
0.805,-0.46718749999999987,0
0.805,-0.39531249999999996,0
0.805,-0.32343750000000004,0
0.805,-0.2515624999999999,0
0.805,-0.1796875,0
0.805,-0.10781250000000009,0
0.805,-0.03593750000000018,4893
0.805,0.03593750000000018,4840
0.805,0.10781250000000009,0
0.805,0.1796875,0
0.805,0.2515624999999999,0
0.805,0.3234374999999998,0
0.805,0.3953125000000002,0
0.805,0.4671875000000001,0
0.805,0.5390625,0
0.805,0.6109374999999999,0
0.805,0.6828124999999998,0
0.805,0.7546874999999997,0
0.805,0.8265625000000001,0
0.805,0.8984375,0
0.805,0.9703124999999999,0
0.805,1.0421874999999998,0
0.805,1.1140624999999997,0
0.805,1.1859375,0
0.805,1.2578125,0
0.805,1.3296875,0
0.805,1.4015624999999998,0
0.805,1.4734374999999997,0
0.805,1.5453125,0
0.805,1.6171875,0
0.805,1.6890625,0
0.805,1.7609374999999998,0
0.805,1.8328125000000002,0
0.805,1.9046874999999996,0
0.805,1.9765625,0
0.805,2.0484374999999995,0
0.805,2.1203125,0
0.805,2.1921875,0
0.805,2.2640624999999996,0
0.815,-2.2640624999999996,0
0.815,-2.1921874999999997,0
0.815,-2.1203125,0
0.815,-2.0484375,0
0.815,-1.9765624999999998,0
0.815,-1.9046874999999999,0
0.815,-1.8328124999999997,0
0.815,-1.7609374999999998,0
0.815,-1.6890625,0
0.815,-1.6171875,0
0.815,-1.5453124999999999,0
0.815,-1.4734374999999997,0
0.815,-1.4015624999999998,0
0.815,-1.3296875,0
0.815,-1.2578125,0
0.815,-1.1859374999999999,0
0.815,-1.1140625,0
0.815,-1.0421874999999998,0
0.815,-0.9703124999999999,0
0.815,-0.8984375,0
0.815,-0.8265624999999999,0
0.815,-0.7546875,0
0.815,-0.6828125,0
0.815,-0.6109374999999999,0
0.815,-0.5390625,0
0.815,-0.46718749999999987,0
0.815,-0.39531249999999996,0
0.815,-0.32343750000000004,0
0.815,-0.2515624999999999,0
0.815,-0.1796875,0
0.815,-0.10781250000000009,0
0.815,-0.03593750000000018,3886
0.815,0.03593750000000018,3781
0.815,0.10781250000000009,0
0.815,0.1796875,0
0.815,0.2515624999999999,0
0.815,0.3234374999999998,0
0.815,0.3953125000000002,0
0.815,0.4671875000000001,0
0.815,0.5390625,0
0.815,0.6109374999999999,0
0.815,0.6828124999999998,0
0.815,0.7546874999999997,0
0.815,0.8265625000000001,0
0.815,0.8984375,0
0.815,0.9703124999999999,0
0.815,1.0421874999999998,0
0.815,1.1140624999999997,0
0.815,1.1859375,0
0.815,1.2578125,0
0.815,1.3296875,0
0.815,1.4015624999999998,0
0.815,1.4734374999999997,0
0.815,1.5453125,0
0.815,1.6171875,0
0.815,1.6890625,0
0.815,1.7609374999999998,0
0.815,1.8328125000000002,0
0.815,1.9046874999999996,0
0.815,1.9765625,0
0.815,2.0484374999999995,0
0.815,2.1203125,0
0.815,2.1921875,0
0.815,2.2640624999999996,0
0.825,-2.2640624999999996,0
0.825,-2.1921874999999997,0
0.825,-2.1203125,0
0.825,-2.0484375,0
0.825,-1.9765624999999998,0
0.825,-1.9046874999999999,0
0.825,-1.8328124999999997,0
0.825,-1.7609374999999998,0
0.825,-1.6890625,0
0.825,-1.6171875,0
0.825,-1.5453124999999999,0
0.825,-1.4734374999999997,0
0.825,-1.4015624999999998,0
0.825,-1.3296875,0
0.825,-1.2578125,0
0.825,-1.1859374999999999,0
0.825,-1.1140625,0
0.825,-1.0421874999999998,0
0.825,-0.9703124999999999,0
0.825,-0.8984375,0
0.825,-0.8265624999999999,0
0.825,-0.7546875,0
0.825,-0.6828125,0
0.825,-0.6109374999999999,0
0.825,-0.5390625,0
0.825,-0.46718749999999987,0
0.825,-0.39531249999999996,0
0.825,-0.32343750000000004,0
0.825,-0.2515624999999999,0
0.825,-0.1796875,0
0.825,-0.10781250000000009,0
0.825,-0.03593750000000018,2607
0.825,0.03593750000000018,2549
0.825,0.10781250000000009,0
0.825,0.1796875,0
0.825,0.2515624999999999,0
0.825,0.3234374999999998,0
0.825,0.3953125000000002,0
0.825,0.4671875000000001,0
0.825,0.5390625,0
0.825,0.6109374999999999,0
0.825,0.6828124999999998,0
0.825,0.7546874999999997,0
0.825,0.8265625000000001,0
0.825,0.8984375,0
0.825,0.9703124999999999,0
0.825,1.0421874999999998,0
0.825,1.1140624999999997,0
0.825,1.1859375,0
0.825,1.2578125,0
0.825,1.3296875,0
0.825,1.4015624999999998,0
0.825,1.4734374999999997,0
0.825,1.5453125,0
0.825,1.6171875,0
0.825,1.6890625,0
0.825,1.7609374999999998,0
0.825,1.8328125000000002,0
0.825,1.9046874999999996,0
0.825,1.9765625,0
0.825,2.0484374999999995,0
0.825,2.1203125,0
0.825,2.1921875,0
0.825,2.2640624999999996,0
0.835,-2.2640624999999996,0
0.835,-2.1921874999999997,0
0.835,-2.1203125,0
0.835,-2.0484375,0
0.835,-1.9765624999999998,0
0.835,-1.9046874999999999,0
0.835,-1.8328124999999997,0
0.835,-1.7609374999999998,0
0.835,-1.6890625,0
0.835,-1.6171875,0
0.835,-1.5453124999999999,0
0.835,-1.4734374999999997,0
0.835,-1.4015624999999998,0
0.835,-1.3296875,0
0.835,-1.2578125,0
0.835,-1.1859374999999999,0
0.835,-1.1140625,0
0.835,-1.0421874999999998,0
0.835,-0.9703124999999999,0
0.835,-0.8984375,0
0.835,-0.8265624999999999,0
0.835,-0.7546875,0
0.835,-0.6828125,0
0.835,-0.6109374999999999,0
0.835,-0.5390625,0
0.835,-0.46718749999999987,0
0.835,-0.39531249999999996,0
0.835,-0.32343750000000004,0
0.835,-0.2515624999999999,0
0.835,-0.1796875,0
0.835,-0.10781250000000009,0
0.835,-0.03593750000000018,1666
0.835,0.03593750000000018,1672
0.835,0.10781250000000009,0
0.835,0.1796875,0
0.835,0.2515624999999999,0
0.835,0.3234374999999998,0
0.835,0.3953125000000002,0
0.835,0.4671875000000001,0
0.835,0.5390625,0
0.835,0.6109374999999999,0
0.835,0.6828124999999998,0
0.835,0.7546874999999997,0
0.835,0.8265625000000001,0
0.835,0.8984375,0
0.835,0.9703124999999999,0
0.835,1.0421874999999998,0
0.835,1.1140624999999997,0
0.835,1.1859375,0
0.835,1.2578125,0
0.835,1.3296875,0
0.835,1.4015624999999998,0
0.835,1.4734374999999997,0
0.835,1.5453125,0
0.835,1.6171875,0
0.835,1.6890625,0
0.835,1.7609374999999998,0
0.835,1.8328125000000002,0
0.835,1.9046874999999996,0
0.835,1.9765625,0
0.835,2.0484374999999995,0
0.835,2.1203125,0
0.835,2.1921875,0
0.835,2.2640624999999996,0
0.845,-2.2640624999999996,0
0.845,-2.1921874999999997,0
0.845,-2.1203125,0
0.845,-2.0484375,0
0.845,-1.9765624999999998,0
0.845,-1.9046874999999999,0
0.845,-1.8328124999999997,0
0.845,-1.7609374999999998,0
0.845,-1.6890625,0
0.845,-1.6171875,0
0.845,-1.5453124999999999,0
0.845,-1.4734374999999997,0
0.845,-1.4015624999999998,0
0.845,-1.3296875,0
0.845,-1.2578125,0
0.845,-1.1859374999999999,0
0.845,-1.1140625,0
0.845,-1.0421874999999998,0
0.845,-0.9703124999999999,0
0.845,-0.8984375,0
0.845,-0.8265624999999999,0
0.845,-0.7546875,0
0.845,-0.6828125,0
0.845,-0.6109374999999999,0
0.845,-0.5390625,0
0.845,-0.46718749999999987,0
0.845,-0.39531249999999996,0
0.845,-0.32343750000000004,0
0.845,-0.2515624999999999,0
0.845,-0.1796875,0
0.845,-0.10781250000000009,0
0.845,-0.03593750000000018,1912
0.845,0.03593750000000018,1812
0.845,0.10781250000000009,0
0.845,0.1796875,0
0.845,0.2515624999999999,0
0.845,0.3234374999999998,0
0.845,0.3953125000000002,0
0.845,0.4671875000000001,0
0.845,0.5390625,0
0.845,0.6109374999999999,0
0.845,0.6828124999999998,0
0.845,0.7546874999999997,0
0.845,0.8265625000000001,0
0.845,0.8984375,0
0.845,0.9703124999999999,0
0.845,1.0421874999999998,0
0.845,1.1140624999999997,0
0.845,1.1859375,0
0.845,1.2578125,0
0.845,1.3296875,0
0.845,1.4015624999999998,0
0.845,1.4734374999999997,0
0.845,1.5453125,0
0.845,1.6171875,0
0.845,1.6890625,0
0.845,1.7609374999999998,0
0.845,1.8328125000000002,0
0.845,1.9046874999999996,0
0.845,1.9765625,0
0.845,2.0484374999999995,0
0.845,2.1203125,0
0.845,2.1921875,0
0.845,2.2640624999999996,0
0.855,-2.2640624999999996,0
0.855,-2.1921874999999997,0
0.855,-2.1203125,0
0.855,-2.0484375,0
0.855,-1.9765624999999998,0
0.855,-1.9046874999999999,0
0.855,-1.8328124999999997,0
0.855,-1.7609374999999998,0
0.855,-1.6890625,0
0.855,-1.6171875,0
0.855,-1.5453124999999999,0
0.855,-1.4734374999999997,0
0.855,-1.4015624999999998,0
0.855,-1.3296875,0
0.855,-1.2578125,0
0.855,-1.1859374999999999,0
0.855,-1.1140625,0
0.855,-1.0421874999999998,0
0.855,-0.9703124999999999,0
0.855,-0.8984375,0
0.855,-0.8265624999999999,0
0.855,-0.7546875,0
0.855,-0.6828125,0
0.855,-0.6109374999999999,0
0.855,-0.5390625,0
0.855,-0.46718749999999987,0
0.855,-0.39531249999999996,0
0.855,-0.32343750000000004,0
0.855,-0.2515624999999999,0
0.855,-0.1796875,0
0.855,-0.10781250000000009,7
0.855,-0.03593750000000018,3676
0.855,0.03593750000000018,3778
0.855,0.10781250000000009,14
0.855,0.1796875,0
0.855,0.2515624999999999,0
0.855,0.3234374999999998,0
0.855,0.3953125000000002,0
0.855,0.4671875000000001,0
0.855,0.5390625,0
0.855,0.6109374999999999,0
0.855,0.6828124999999998,0
0.855,0.7546874999999997,0
0.855,0.8265625000000001,0
0.855,0.8984375,0
0.855,0.9703124999999999,0
0.855,1.0421874999999998,0
0.855,1.1140624999999997,0
0.855,1.1859375,0
0.855,1.2578125,0
0.855,1.3296875,0
0.855,1.4015624999999998,0
0.855,1.4734374999999997,0
0.855,1.5453125,0
0.855,1.6171875,0
0.855,1.6890625,0
0.855,1.7609374999999998,0
0.855,1.8328125000000002,0
0.855,1.9046874999999996,0
0.855,1.9765625,0
0.855,2.0484374999999995,0
0.855,2.1203125,0
0.855,2.1921875,0
0.855,2.2640624999999996,0
0.865,-2.2640624999999996,0
0.865,-2.1921874999999997,0
0.865,-2.1203125,0
0.865,-2.0484375,0
0.865,-1.9765624999999998,0
0.865,-1.9046874999999999,0
0.865,-1.8328124999999997,0
0.865,-1.7609374999999998,0
0.865,-1.6890625,0
0.865,-1.6171875,0
0.865,-1.5453124999999999,0
0.865,-1.4734374999999997,0
0.865,-1.4015624999999998,0
0.865,-1.3296875,0
0.865,-1.2578125,0
0.865,-1.1859374999999999,0
0.865,-1.1140625,0
0.865,-1.0421874999999998,0
0.865,-0.9703124999999999,0
0.865,-0.8984375,0
0.865,-0.8265624999999999,0
0.865,-0.7546875,0
0.865,-0.6828125,0
0.865,-0.6109374999999999,0
0.865,-0.5390625,0
0.865,-0.46718749999999987,0
0.865,-0.39531249999999996,0
0.865,-0.32343750000000004,0
0.865,-0.2515624999999999,0
0.865,-0.1796875,0
0.865,-0.10781250000000009,105
0.865,-0.03593750000000018,6258
0.865,0.03593750000000018,6386
0.865,0.10781250000000009,141
0.865,0.1796875,0
0.865,0.2515624999999999,0
0.865,0.3234374999999998,0
0.865,0.3953125000000002,0
0.865,0.4671875000000001,0
0.865,0.5390625,0
0.865,0.6109374999999999,0
0.865,0.6828124999999998,0
0.865,0.7546874999999997,0
0.865,0.8265625000000001,0
0.865,0.8984375,0
0.865,0.9703124999999999,0
0.865,1.0421874999999998,0
0.865,1.1140624999999997,0
0.865,1.1859375,0
0.865,1.2578125,0
0.865,1.3296875,0
0.865,1.4015624999999998,0
0.865,1.4734374999999997,0
0.865,1.5453125,0
0.865,1.6171875,0
0.865,1.6890625,0
0.865,1.7609374999999998,0
0.865,1.8328125000000002,0
0.865,1.9046874999999996,0
0.865,1.9765625,0
0.865,2.0484374999999995,0
0.865,2.1203125,0
0.865,2.1921875,0
0.865,2.2640624999999996,0
0.875,-2.2640624999999996,0
0.875,-2.1921874999999997,0
0.875,-2.1203125,0
0.875,-2.0484375,0
0.875,-1.9765624999999998,0
0.875,-1.9046874999999999,0
0.875,-1.8328124999999997,0
0.875,-1.7609374999999998,0
0.875,-1.6890625,0
0.875,-1.6171875,0
0.875,-1.5453124999999999,0
0.875,-1.4734374999999997,0
0.875,-1.4015624999999998,0
0.875,-1.3296875,0
0.875,-1.2578125,0
0.875,-1.1859374999999999,0
0.875,-1.1140625,0
0.875,-1.0421874999999998,0
0.875,-0.9703124999999999,0
0.875,-0.8984375,0
0.875,-0.8265624999999999,0
0.875,-0.7546875,0
0.875,-0.6828125,0
0.875,-0.6109374999999999,0
0.875,-0.5390625,0
0.875,-0.46718749999999987,0
0.875,-0.39531249999999996,0
0.875,-0.32343750000000004,0
0.875,-0.2515624999999999,0
0.875,-0.1796875,0
0.875,-0.10781250000000009,650
0.875,-0.03593750000000018,8522
0.875,0.03593750000000018,8853
0.875,0.10781250000000009,730
0.875,0.1796875,0
0.875,0.2515624999999999,0
0.875,0.3234374999999998,0
0.875,0.3953125000000002,0
0.875,0.4671875000000001,0
0.875,0.5390625,0
0.875,0.6109374999999999,0
0.875,0.6828124999999998,0
0.875,0.7546874999999997,0
0.875,0.8265625000000001,0
0.875,0.8984375,0
0.875,0.9703124999999999,0
0.875,1.0421874999999998,0
0.875,1.1140624999999997,0
0.875,1.1859375,0
0.875,1.2578125,0
0.875,1.3296875,0
0.875,1.4015624999999998,0
0.875,1.4734374999999997,0
0.875,1.5453125,0
0.875,1.6171875,0
0.875,1.6890625,0
0.875,1.7609374999999998,0
0.875,1.8328125000000002,0
0.875,1.9046874999999996,0
0.875,1.9765625,0
0.875,2.0484374999999995,0
0.875,2.1203125,0
0.875,2.1921875,0
0.875,2.2640624999999996,0
0.885,-2.2640624999999996,0
0.885,-2.1921874999999997,0
0.885,-2.1203125,0
0.885,-2.0484375,0
0.885,-1.9765624999999998,0
0.885,-1.9046874999999999,0
0.885,-1.8328124999999997,0
0.885,-1.7609374999999998,0
0.885,-1.6890625,0
0.885,-1.6171875,0
0.885,-1.5453124999999999,0
0.885,-1.4734374999999997,0
0.885,-1.4015624999999998,0
0.885,-1.3296875,0
0.885,-1.2578125,0
0.885,-1.1859374999999999,0
0.885,-1.1140625,0
0.885,-1.0421874999999998,0
0.885,-0.9703124999999999,0
0.885,-0.8984375,0
0.885,-0.8265624999999999,0
0.885,-0.7546875,0
0.885,-0.6828125,0
0.885,-0.6109374999999999,0
0.885,-0.5390625,0
0.885,-0.46718749999999987,0
0.885,-0.39531249999999996,0
0.885,-0.32343750000000004,0
0.885,-0.2515624999999999,0
0.885,-0.1796875,57
0.885,-0.10781250000000009,1676
0.885,-0.03593750000000018,10085
0.885,0.03593750000000018,10676
0.885,0.10781250000000009,1750
0.885,0.1796875,34
0.885,0.2515624999999999,0
0.885,0.3234374999999998,0
0.885,0.3953125000000002,0
0.885,0.4671875000000001,0
0.885,0.5390625,0
0.885,0.6109374999999999,0
0.885,0.6828124999999998,0
0.885,0.7546874999999997,0
0.885,0.8265625000000001,0
0.885,0.8984375,0
0.885,0.9703124999999999,0
0.885,1.0421874999999998,0
0.885,1.1140624999999997,0
0.885,1.1859375,0
0.885,1.2578125,0
0.885,1.3296875,0
0.885,1.4015624999999998,0
0.885,1.4734374999999997,0
0.885,1.5453125,0
0.885,1.6171875,0
0.885,1.6890625,0
0.885,1.7609374999999998,0
0.885,1.8328125000000002,0
0.885,1.9046874999999996,0
0.885,1.9765625,0
0.885,2.0484374999999995,0
0.885,2.1203125,0
0.885,2.1921875,0
0.885,2.2640624999999996,0
0.895,-2.2640624999999996,0
0.895,-2.1921874999999997,0
0.895,-2.1203125,0
0.895,-2.0484375,0
0.895,-1.9765624999999998,0
0.895,-1.9046874999999999,0
0.895,-1.8328124999999997,0
0.895,-1.7609374999999998,0
0.895,-1.6890625,0
0.895,-1.6171875,0
0.895,-1.5453124999999999,0
0.895,-1.4734374999999997,0
0.895,-1.4015624999999998,0
0.895,-1.3296875,0
0.895,-1.2578125,0
0.895,-1.1859374999999999,0
0.895,-1.1140625,0
0.895,-1.0421874999999998,0
0.895,-0.9703124999999999,0
0.895,-0.8984375,0
0.895,-0.8265624999999999,0
0.895,-0.7546875,0
0.895,-0.6828125,0
0.895,-0.6109374999999999,0
0.895,-0.5390625,0
0.895,-0.46718749999999987,0
0.895,-0.39531249999999996,0
0.895,-0.32343750000000004,0
0.895,-0.2515624999999999,1
0.895,-0.1796875,462
0.895,-0.10781250000000009,3065
0.895,-0.03593750000000018,11146
0.895,0.03593750000000018,11425
0.895,0.10781250000000009,3086
0.895,0.1796875,322
0.895,0.2515624999999999,3
0.895,0.3234374999999998,0
0.895,0.3953125000000002,0
0.895,0.4671875000000001,0
0.895,0.5390625,0
0.895,0.6109374999999999,0
0.895,0.6828124999999998,0
0.895,0.7546874999999997,0
0.895,0.8265625000000001,0
0.895,0.8984375,0
0.895,0.9703124999999999,0
0.895,1.0421874999999998,0
0.895,1.1140624999999997,0
0.895,1.1859375,0
0.895,1.2578125,0
0.895,1.3296875,0
0.895,1.4015624999999998,0
0.895,1.4734374999999997,0
0.895,1.5453125,0
0.895,1.6171875,0
0.895,1.6890625,0
0.895,1.7609374999999998,0
0.895,1.8328125000000002,0
0.895,1.9046874999999996,0
0.895,1.9765625,0
0.895,2.0484374999999995,0
0.895,2.1203125,0
0.895,2.1921875,0
0.895,2.2640624999999996,0
0.905,-2.2640624999999996,0
0.905,-2.1921874999999997,0
0.905,-2.1203125,0
0.905,-2.0484375,0
0.905,-1.9765624999999998,0
0.905,-1.9046874999999999,0
0.905,-1.8328124999999997,0
0.905,-1.7609374999999998,0
0.905,-1.6890625,0
0.905,-1.6171875,0
0.905,-1.5453124999999999,0
0.905,-1.4734374999999997,0
0.905,-1.4015624999999998,0
0.905,-1.3296875,0
0.905,-1.2578125,0
0.905,-1.1859374999999999,0
0.905,-1.1140625,0
0.905,-1.0421874999999998,0
0.905,-0.9703124999999999,0
0.905,-0.8984375,0
0.905,-0.8265624999999999,0
0.905,-0.7546875,0
0.905,-0.6828125,0
0.905,-0.6109374999999999,0
0.905,-0.5390625,0
0.905,-0.46718749999999987,0
0.905,-0.39531249999999996,0
0.905,-0.32343750000000004,2
0.905,-0.2515624999999999,140
0.905,-0.1796875,1195
0.905,-0.10781250000000009,4590
0.905,-0.03593750000000018,11067
0.905,0.03593750000000018,10841
0.905,0.10781250000000009,4603
0.905,0.1796875,944
0.905,0.2515624999999999,108
0.905,0.3234374999999998,4
0.905,0.3953125000000002,0
0.905,0.4671875000000001,0
0.905,0.5390625,0
0.905,0.6109374999999999,0
0.905,0.6828124999999998,0
0.905,0.7546874999999997,0
0.905,0.8265625000000001,0
0.905,0.8984375,0
0.905,0.9703124999999999,0
0.905,1.0421874999999998,0
0.905,1.1140624999999997,0
0.905,1.1859375,0
0.905,1.2578125,0
0.905,1.3296875,0
0.905,1.4015624999999998,0
0.905,1.4734374999999997,0
0.905,1.5453125,0
0.905,1.6171875,0
0.905,1.6890625,0
0.905,1.7609374999999998,0
0.905,1.8328125000000002,0
0.905,1.9046874999999996,0
0.905,1.9765625,0
0.905,2.0484374999999995,0
0.905,2.1203125,0
0.905,2.1921875,0
0.905,2.2640624999999996,0
0.915,-2.2640624999999996,0
0.915,-2.1921874999999997,0
0.915,-2.1203125,0
0.915,-2.0484375,0
0.915,-1.9765624999999998,0
0.915,-1.9046874999999999,0
0.915,-1.8328124999999997,0
0.915,-1.7609374999999998,0
0.915,-1.6890625,0
0.915,-1.6171875,0
0.915,-1.5453124999999999,0
0.915,-1.4734374999999997,0
0.915,-1.4015624999999998,0
0.915,-1.3296875,0
0.915,-1.2578125,0
0.915,-1.1859374999999999,0
0.915,-1.1140625,0
0.915,-1.0421874999999998,0
0.915,-0.9703124999999999,0
0.915,-0.8984375,0
0.915,-0.8265624999999999,0
0.915,-0.7546875,0
0.915,-0.6828125,0
0.915,-0.6109374999999999,0
0.915,-0.5390625,0
0.915,-0.46718749999999987,0
0.915,-0.39531249999999996,1
0.915,-0.32343750000000004,69
0.915,-0.2515624999999999,601
0.915,-0.1796875,1905
0.915,-0.10781250000000009,5361
0.915,-0.03593750000000018,10086
0.915,0.03593750000000018,10564
0.915,0.10781250000000009,5523
0.915,0.1796875,1627
0.915,0.2515624999999999,429
0.915,0.3234374999999998,62
0.915,0.3953125000000002,2
0.915,0.4671875000000001,0
0.915,0.5390625,0
0.915,0.6109374999999999,0
0.915,0.6828124999999998,0
0.915,0.7546874999999997,0
0.915,0.8265625000000001,0
0.915,0.8984375,0
0.915,0.9703124999999999,0
0.915,1.0421874999999998,0
0.915,1.1140624999999997,0
0.915,1.1859375,0
0.915,1.2578125,0
0.915,1.3296875,0
0.915,1.4015624999999998,0
0.915,1.4734374999999997,0
0.915,1.5453125,0
0.915,1.6171875,0
0.915,1.6890625,0
0.915,1.7609374999999998,0
0.915,1.8328125000000002,0
0.915,1.9046874999999996,0
0.915,1.9765625,0
0.915,2.0484374999999995,0
0.915,2.1203125,0
0.915,2.1921875,0
0.915,2.2640624999999996,0
0.925,-2.2640624999999996,0
0.925,-2.1921874999999997,0
0.925,-2.1203125,0
0.925,-2.0484375,0
0.925,-1.9765624999999998,0
0.925,-1.9046874999999999,0
0.925,-1.8328124999999997,0
0.925,-1.7609374999999998,0
0.925,-1.6890625,0
0.925,-1.6171875,0
0.925,-1.5453124999999999,0
0.925,-1.4734374999999997,0
0.925,-1.4015624999999998,0
0.925,-1.3296875,0
0.925,-1.2578125,0
0.925,-1.1859374999999999,0
0.925,-1.1140625,0
0.925,-1.0421874999999998,0
0.925,-0.9703124999999999,0
0.925,-0.8984375,0
0.925,-0.8265624999999999,0
0.925,-0.7546875,0
0.925,-0.6828125,0
0.925,-0.6109374999999999,0
0.925,-0.5390625,0
0.925,-0.46718749999999987,0
0.925,-0.39531249999999996,19
0.925,-0.32343750000000004,294
0.925,-0.2515624999999999,1075
0.925,-0.1796875,2842
0.925,-0.10781250000000009,5598
0.925,-0.03593750000000018,9380
0.925,0.03593750000000018,9765
0.925,0.10781250000000009,5558
0.925,0.1796875,2220
0.925,0.2515624999999999,790
0.925,0.3234374999999998,364
0.925,0.3953125000000002,49
0.925,0.4671875000000001,0
0.925,0.5390625,0
0.925,0.6109374999999999,0
0.925,0.6828124999999998,0
0.925,0.7546874999999997,0
0.925,0.8265625000000001,0
0.925,0.8984375,0
0.925,0.9703124999999999,0
0.925,1.0421874999999998,0
0.925,1.1140624999999997,0
0.925,1.1859375,0
0.925,1.2578125,0
0.925,1.3296875,0
0.925,1.4015624999999998,0
0.925,1.4734374999999997,0
0.925,1.5453125,0
0.925,1.6171875,0
0.925,1.6890625,0
0.925,1.7609374999999998,0
0.925,1.8328125000000002,0
0.925,1.9046874999999996,0
0.925,1.9765625,0
0.925,2.0484374999999995,0
0.925,2.1203125,0
0.925,2.1921875,0
0.925,2.2640624999999996,0
0.935,-2.2640624999999996,0
0.935,-2.1921874999999997,0
0.935,-2.1203125,0
0.935,-2.0484375,0
0.935,-1.9765624999999998,0
0.935,-1.9046874999999999,0
0.935,-1.8328124999999997,0
0.935,-1.7609374999999998,0
0.935,-1.6890625,0
0.935,-1.6171875,0
0.935,-1.5453124999999999,0
0.935,-1.4734374999999997,0
0.935,-1.4015624999999998,0
0.935,-1.3296875,0
0.935,-1.2578125,0
0.935,-1.1859374999999999,0
0.935,-1.1140625,0
0.935,-1.0421874999999998,0
0.935,-0.9703124999999999,0
0.935,-0.8984375,0
0.935,-0.8265624999999999,0
0.935,-0.7546875,0
0.935,-0.6828125,0
0.935,-0.6109374999999999,0
0.935,-0.5390625,0
0.935,-0.46718749999999987,21
0.935,-0.39531249999999996,185
0.935,-0.32343750000000004,750
0.935,-0.2515624999999999,1576
0.935,-0.1796875,3317
0.935,-0.10781250000000009,5423
0.935,-0.03593750000000018,9013
0.935,0.03593750000000018,9631
0.935,0.10781250000000009,5500
0.935,0.1796875,2376
0.935,0.2515624999999999,1351
0.935,0.3234374999999998,735
0.935,0.3953125000000002,244
0.935,0.4671875000000001,35
0.935,0.5390625,0
0.935,0.6109374999999999,0
0.935,0.6828124999999998,0
0.935,0.7546874999999997,0
0.935,0.8265625000000001,0
0.935,0.8984375,0
0.935,0.9703124999999999,0
0.935,1.0421874999999998,0
0.935,1.1140624999999997,0
0.935,1.1859375,0
0.935,1.2578125,0
0.935,1.3296875,0
0.935,1.4015624999999998,0
0.935,1.4734374999999997,0
0.935,1.5453125,0
0.935,1.6171875,0
0.935,1.6890625,0
0.935,1.7609374999999998,0
0.935,1.8328125000000002,0
0.935,1.9046874999999996,0
0.935,1.9765625,0
0.935,2.0484374999999995,0
0.935,2.1203125,0
0.935,2.1921875,0
0.935,2.2640624999999996,0
0.945,-2.2640624999999996,0
0.945,-2.1921874999999997,0
0.945,-2.1203125,0
0.945,-2.0484375,0
0.945,-1.9765624999999998,0
0.945,-1.9046874999999999,0
0.945,-1.8328124999999997,0
0.945,-1.7609374999999998,0
0.945,-1.6890625,0
0.945,-1.6171875,0
0.945,-1.5453124999999999,0
0.945,-1.4734374999999997,0
0.945,-1.4015624999999998,0
0.945,-1.3296875,0
0.945,-1.2578125,0
0.945,-1.1859374999999999,0
0.945,-1.1140625,0
0.945,-1.0421874999999998,0
0.945,-0.9703124999999999,0
0.945,-0.8984375,0
0.945,-0.8265624999999999,0
0.945,-0.7546875,0
0.945,-0.6828125,0
0.945,-0.6109374999999999,0
0.945,-0.5390625,51
0.945,-0.46718749999999987,167
0.945,-0.39531249999999996,488
0.945,-0.32343750000000004,1237
0.945,-0.2515624999999999,1931
0.945,-0.1796875,3287
0.945,-0.10781250000000009,5320
0.945,-0.03593750000000018,8515
0.945,0.03593750000000018,8863
0.945,0.10781250000000009,5503
0.945,0.1796875,2569
0.945,0.2515624999999999,1659
0.945,0.3234374999999998,1039
0.945,0.3953125000000002,451
0.945,0.4671875000000001,225
0.945,0.5390625,20
0.945,0.6109374999999999,2
0.945,0.6828124999999998,0
0.945,0.7546874999999997,0
0.945,0.8265625000000001,0
0.945,0.8984375,0
0.945,0.9703124999999999,0
0.945,1.0421874999999998,0
0.945,1.1140624999999997,0
0.945,1.1859375,0
0.945,1.2578125,0
0.945,1.3296875,0
0.945,1.4015624999999998,0
0.945,1.4734374999999997,0
0.945,1.5453125,0
0.945,1.6171875,0
0.945,1.6890625,0
0.945,1.7609374999999998,0
0.945,1.8328125000000002,0
0.945,1.9046874999999996,0
0.945,1.9765625,0
0.945,2.0484374999999995,0
0.945,2.1203125,0
0.945,2.1921875,0
0.945,2.2640624999999996,0
0.955,-2.2640624999999996,0
0.955,-2.1921874999999997,0
0.955,-2.1203125,0
0.955,-2.0484375,0
0.955,-1.9765624999999998,0
0.955,-1.9046874999999999,0
0.955,-1.8328124999999997,0
0.955,-1.7609374999999998,0
0.955,-1.6890625,0
0.955,-1.6171875,0
0.955,-1.5453124999999999,0
0.955,-1.4734374999999997,0
0.955,-1.4015624999999998,0
0.955,-1.3296875,0
0.955,-1.2578125,0
0.955,-1.1859374999999999,0
0.955,-1.1140625,0
0.955,-1.0421874999999998,0
0.955,-0.9703124999999999,0
0.955,-0.8984375,0
0.955,-0.8265624999999999,0
0.955,-0.7546875,0
0.955,-0.6828125,0
0.955,-0.6109374999999999,28
0.955,-0.5390625,248
0.955,-0.46718749999999987,345
0.955,-0.39531249999999996,819
0.955,-0.32343750000000004,1592
0.955,-0.2515624999999999,2169
0.955,-0.1796875,3562
0.955,-0.10781250000000009,5667
0.955,-0.03593750000000018,8195
0.955,0.03593750000000018,8472
0.955,0.10781250000000009,5561
0.955,0.1796875,2841
0.955,0.2515624999999999,1722
0.955,0.3234374999999998,1281
0.955,0.3953125000000002,619
0.955,0.4671875000000001,397
0.955,0.5390625,150
0.955,0.6109374999999999,23
0.955,0.6828124999999998,1
0.955,0.7546874999999997,0
0.955,0.8265625000000001,0
0.955,0.8984375,0
0.955,0.9703124999999999,0
0.955,1.0421874999999998,0
0.955,1.1140624999999997,0
0.955,1.1859375,0
0.955,1.2578125,0
0.955,1.3296875,0
0.955,1.4015624999999998,0
0.955,1.4734374999999997,0
0.955,1.5453125,0
0.955,1.6171875,0
0.955,1.6890625,0
0.955,1.7609374999999998,0
0.955,1.8328125000000002,0
0.955,1.9046874999999996,0
0.955,1.9765625,0
0.955,2.0484374999999995,0
0.955,2.1203125,0
0.955,2.1921875,0
0.955,2.2640624999999996,0
0.965,-2.2640624999999996,0
0.965,-2.1921874999999997,0
0.965,-2.1203125,0
0.965,-2.0484375,0
0.965,-1.9765624999999998,0
0.965,-1.9046874999999999,0
0.965,-1.8328124999999997,0
0.965,-1.7609374999999998,0
0.965,-1.6890625,0
0.965,-1.6171875,0
0.965,-1.5453124999999999,0
0.965,-1.4734374999999997,0
0.965,-1.4015624999999998,0
0.965,-1.3296875,0
0.965,-1.2578125,0
0.965,-1.1859374999999999,0
0.965,-1.1140625,0
0.965,-1.0421874999999998,0
0.965,-0.9703124999999999,0
0.965,-0.8984375,0
0.965,-0.8265624999999999,0
0.965,-0.7546875,5
0.965,-0.6828125,36
0.965,-0.6109374999999999,224
0.965,-0.5390625,471
0.965,-0.46718749999999987,658
0.965,-0.39531249999999996,1116
0.965,-0.32343750000000004,1690
0.965,-0.2515624999999999,2231
0.965,-0.1796875,3770
0.965,-0.10781250000000009,5722
0.965,-0.03593750000000018,7607
0.965,0.03593750000000018,8085
0.965,0.10781250000000009,5647
0.965,0.1796875,3050
0.965,0.2515624999999999,1845
0.965,0.3234374999999998,1350
0.965,0.3953125000000002,1019
0.965,0.4671875000000001,602
0.965,0.5390625,318
0.965,0.6109374999999999,138
0.965,0.6828124999999998,36
0.965,0.7546874999999997,4
0.965,0.8265625000000001,0
0.965,0.8984375,0
0.965,0.9703124999999999,0
0.965,1.0421874999999998,0
0.965,1.1140624999999997,0
0.965,1.1859375,0
0.965,1.2578125,0
0.965,1.3296875,0
0.965,1.4015624999999998,0
0.965,1.4734374999999997,0
0.965,1.5453125,0
0.965,1.6171875,0
0.965,1.6890625,0
0.965,1.7609374999999998,0
0.965,1.8328125000000002,0
0.965,1.9046874999999996,0
0.965,1.9765625,0
0.965,2.0484374999999995,0
0.965,2.1203125,0
0.965,2.1921875,0
0.965,2.2640624999999996,0
0.975,-2.2640624999999996,0
0.975,-2.1921874999999997,0
0.975,-2.1203125,0
0.975,-2.0484375,0
0.975,-1.9765624999999998,0
0.975,-1.9046874999999999,0
0.975,-1.8328124999999997,0
0.975,-1.7609374999999998,0
0.975,-1.6890625,0
0.975,-1.6171875,0
0.975,-1.5453124999999999,0
0.975,-1.4734374999999997,0
0.975,-1.4015624999999998,0
0.975,-1.3296875,0
0.975,-1.2578125,0
0.975,-1.1859374999999999,0
0.975,-1.1140625,0
0.975,-1.0421874999999998,0
0.975,-0.9703124999999999,0
0.975,-0.8984375,0
0.975,-0.8265624999999999,4
0.975,-0.7546875,60
0.975,-0.6828125,215
0.975,-0.6109374999999999,505
0.975,-0.5390625,767
0.975,-0.46718749999999987,1008
0.975,-0.39531249999999996,1250
0.975,-0.32343750000000004,1766
0.975,-0.2515624999999999,2487
0.975,-0.1796875,3978
0.975,-0.10781250000000009,5880
0.975,-0.03593750000000018,7353
0.975,0.03593750000000018,7766
0.975,0.10781250000000009,5689
0.975,0.1796875,3224
0.975,0.2515624999999999,2021
0.975,0.3234374999999998,1316
0.975,0.3953125000000002,1150
0.975,0.4671875000000001,758
0.975,0.5390625,556
0.975,0.6109374999999999,318
0.975,0.6828124999999998,113
0.975,0.7546874999999997,77
0.975,0.8265625000000001,7
0.975,0.8984375,1
0.975,0.9703124999999999,0
0.975,1.0421874999999998,0
0.975,1.1140624999999997,0
0.975,1.1859375,0
0.975,1.2578125,0
0.975,1.3296875,0
0.975,1.4015624999999998,0
0.975,1.4734374999999997,0
0.975,1.5453125,0
0.975,1.6171875,0
0.975,1.6890625,0
0.975,1.7609374999999998,0
0.975,1.8328125000000002,0
0.975,1.9046874999999996,0
0.975,1.9765625,0
0.975,2.0484374999999995,0
0.975,2.1203125,0
0.975,2.1921875,0
0.975,2.2640624999999996,0
0.985,-2.2640624999999996,0
0.985,-2.1921874999999997,0
0.985,-2.1203125,0
0.985,-2.0484375,0
0.985,-1.9765624999999998,0
0.985,-1.9046874999999999,0
0.985,-1.8328124999999997,0
0.985,-1.7609374999999998,0
0.985,-1.6890625,0
0.985,-1.6171875,0
0.985,-1.5453124999999999,0
0.985,-1.4734374999999997,0
0.985,-1.4015624999999998,0
0.985,-1.3296875,0
0.985,-1.2578125,0
0.985,-1.1859374999999999,0
0.985,-1.1140625,0
0.985,-1.0421874999999998,0
0.985,-0.9703124999999999,0
0.985,-0.8984375,21
0.985,-0.8265624999999999,112
0.985,-0.7546875,299
0.985,-0.6828125,371
0.985,-0.6109374999999999,835
0.985,-0.5390625,1050
0.985,-0.46718749999999987,1144
0.985,-0.39531249999999996,1440
0.985,-0.32343750000000004,1786
0.985,-0.2515624999999999,2695
0.985,-0.1796875,3837
0.985,-0.10781250000000009,5554
0.985,-0.03593750000000018,6763
0.985,0.03593750000000018,7315
0.985,0.10781250000000009,5721
0.985,0.1796875,3498
0.985,0.2515624999999999,2044
0.985,0.3234374999999998,1320
0.985,0.3953125000000002,1266
0.985,0.4671875000000001,894
0.985,0.5390625,719
0.985,0.6109374999999999,535
0.985,0.6828124999999998,318
0.985,0.7546874999999997,249
0.985,0.8265625000000001,187
0.985,0.8984375,21
0.985,0.9703124999999999,0
0.985,1.0421874999999998,0
0.985,1.1140624999999997,0
0.985,1.1859375,0
0.985,1.2578125,0
0.985,1.3296875,0
0.985,1.4015624999999998,0
0.985,1.4734374999999997,0
0.985,1.5453125,0
0.985,1.6171875,0
0.985,1.6890625,0
0.985,1.7609374999999998,0
0.985,1.8328125000000002,0
0.985,1.9046874999999996,0
0.985,1.9765625,0
0.985,2.0484374999999995,0
0.985,2.1203125,0
0.985,2.1921875,0
0.985,2.2640624999999996,0
0.995,-2.2640624999999996,0
0.995,-2.1921874999999997,0
0.995,-2.1203125,0
0.995,-2.0484375,0
0.995,-1.9765624999999998,0
0.995,-1.9046874999999999,0
0.995,-1.8328124999999997,0
0.995,-1.7609374999999998,0
0.995,-1.6890625,0
0.995,-1.6171875,0
0.995,-1.5453124999999999,0
0.995,-1.4734374999999997,0
0.995,-1.4015624999999998,0
0.995,-1.3296875,0
0.995,-1.2578125,0
0.995,-1.1859374999999999,0
0.995,-1.1140625,0
0.995,-1.0421874999999998,1
0.995,-0.9703124999999999,49
0.995,-0.8984375,219
0.995,-0.8265624999999999,307
0.995,-0.7546875,620
0.995,-0.6828125,683
0.995,-0.6109374999999999,1114
0.995,-0.5390625,1188
0.995,-0.46718749999999987,1101
0.995,-0.39531249999999996,1461
0.995,-0.32343750000000004,1862
0.995,-0.2515624999999999,2537
0.995,-0.1796875,3689
0.995,-0.10781250000000009,5480
0.995,-0.03593750000000018,7151
0.995,0.03593750000000018,6934
0.995,0.10781250000000009,5534
0.995,0.1796875,3687
0.995,0.2515624999999999,1978
0.995,0.3234374999999998,1393
0.995,0.3953125000000002,1157
0.995,0.4671875000000001,914
0.995,0.5390625,798
0.995,0.6109374999999999,750
0.995,0.6828124999999998,648
0.995,0.7546874999999997,480
0.995,0.8265625000000001,424
0.995,0.8984375,207
0.995,0.9703124999999999,42
0.995,1.0421874999999998,2
0.995,1.1140624999999997,0
0.995,1.1859375,0
0.995,1.2578125,0
0.995,1.3296875,0
0.995,1.4015624999999998,0
0.995,1.4734374999999997,0
0.995,1.5453125,0
0.995,1.6171875,0
0.995,1.6890625,0
0.995,1.7609374999999998,0
0.995,1.8328125000000002,0
0.995,1.9046874999999996,0
0.995,1.9765625,0
0.995,2.0484374999999995,0
0.995,2.1203125,0
0.995,2.1921875,0
0.995,2.2640624999999996,0
