x,y,count
0.005,-2.2640624999999996,0
0.005,-2.1921874999999997,0
0.005,-2.1203125,0
0.005,-2.0484375,0
0.005,-1.9765624999999998,0
0.005,-1.9046874999999999,0
0.005,-1.8328124999999997,0
0.005,-1.7609374999999998,0
0.005,-1.6890625,0
0.005,-1.6171875,0
0.005,-1.5453124999999999,0
0.005,-1.4734374999999997,0
0.005,-1.4015624999999998,0
0.005,-1.3296875,0
0.005,-1.2578125,0
0.005,-1.1859374999999999,3
0.005,-1.1140625,34
0.005,-1.0421874999999998,24
0.005,-0.9703124999999999,60
0.005,-0.8984375,203
0.005,-0.8265624999999999,245
0.005,-0.7546875,407
0.005,-0.6828125,487
0.005,-0.6109374999999999,608
0.005,-0.5390625,690
0.005,-0.46718749999999987,879
0.005,-0.39531249999999996,1088
0.005,-0.32343750000000004,1511
0.005,-0.2515624999999999,1948
0.005,-0.1796875,3028
0.005,-0.10781250000000009,4358
0.005,-0.03593750000000018,6260
0.005,0.03593750000000018,6378
0.005,0.10781250000000009,4584
0.005,0.1796875,3293
0.005,0.2515624999999999,1854
0.005,0.3234374999999998,1248
0.005,0.3953125000000002,1020
0.005,0.4671875000000001,884
0.005,0.5390625,795
0.005,0.6109374999999999,625
0.005,0.6828124999999998,548
0.005,0.7546874999999997,287
0.005,0.8265625000000001,213
0.005,0.8984375,123
0.005,0.9703124999999999,131
0.005,1.0421874999999998,36
0.005,1.1140624999999997,12
0.005,1.1859375,0
0.005,1.2578125,0
0.005,1.3296875,0
0.005,1.4015624999999998,0
0.005,1.4734374999999997,0
0.005,1.5453125,0
0.005,1.6171875,0
0.005,1.6890625,0
0.005,1.7609374999999998,0
0.005,1.8328125000000002,0
0.005,1.9046874999999996,0
0.005,1.9765625,0
0.005,2.0484374999999995,0
0.005,2.1203125,0
0.005,2.1921875,0
0.005,2.2640624999999996,0
0.015,-2.2640624999999996,0
0.015,-2.1921874999999997,0
0.015,-2.1203125,0
0.015,-2.0484375,0
0.015,-1.9765624999999998,0
0.015,-1.9046874999999999,0
0.015,-1.8328124999999997,0
0.015,-1.7609374999999998,0
0.015,-1.6890625,0
0.015,-1.6171875,0
0.015,-1.5453124999999999,0
0.015,-1.4734374999999997,0
0.015,-1.4015624999999998,0
0.015,-1.3296875,0
0.015,-1.2578125,9
0.015,-1.1859374999999999,9
0.015,-1.1140625,51
0.015,-1.0421874999999998,111
0.015,-0.9703124999999999,170
0.015,-0.8984375,419
0.015,-0.8265624999999999,494
0.015,-0.7546875,494
0.015,-0.6828125,672
0.015,-0.6109374999999999,656
0.015,-0.5390625,757
0.015,-0.46718749999999987,882
0.015,-0.39531249999999996,1086
0.015,-0.32343750000000004,1558
0.015,-0.2515624999999999,2086
0.015,-0.1796875,2962
0.015,-0.10781250000000009,4495
0.015,-0.03593750000000018,5854
0.015,0.03593750000000018,6092
0.015,0.10781250000000009,4645
0.015,0.1796875,3100
0.015,0.2515624999999999,1954
0.015,0.3234374999999998,1266
0.015,0.3953125000000002,1041
0.015,0.4671875000000001,956
0.015,0.5390625,809
0.015,0.6109374999999999,643
0.015,0.6828124999999998,664
0.015,0.7546874999999997,413
0.015,0.8265625000000001,458
0.015,0.8984375,304
0.015,0.9703124999999999,330
0.015,1.0421874999999998,179
0.015,1.1140624999999997,75
0.015,1.1859375,8
0.015,1.2578125,0
0.015,1.3296875,0
0.015,1.4015624999999998,0
0.015,1.4734374999999997,0
0.015,1.5453125,0
0.015,1.6171875,0
0.015,1.6890625,0
0.015,1.7609374999999998,0
0.015,1.8328125000000002,0
0.015,1.9046874999999996,0
0.015,1.9765625,0
0.015,2.0484374999999995,0
0.015,2.1203125,0
0.015,2.1921875,0
0.015,2.2640624999999996,0
0.025,-2.2640624999999996,0
0.025,-2.1921874999999997,0
0.025,-2.1203125,0
0.025,-2.0484375,0
0.025,-1.9765624999999998,0
0.025,-1.9046874999999999,0
0.025,-1.8328124999999997,0
0.025,-1.7609374999999998,0
0.025,-1.6890625,0
0.025,-1.6171875,0
0.025,-1.5453124999999999,0
0.025,-1.4734374999999997,0
0.025,-1.4015624999999998,1
0.025,-1.3296875,2
0.025,-1.2578125,23
0.025,-1.1859374999999999,63
0.025,-1.1140625,198
0.025,-1.0421874999999998,245
0.025,-0.9703124999999999,383
0.025,-0.8984375,617
0.025,-0.8265624999999999,722
0.025,-0.7546875,528
0.025,-0.6828125,778
0.025,-0.6109374999999999,710
0.025,-0.5390625,786
0.025,-0.46718749999999987,913
0.025,-0.39531249999999996,1049
0.025,-0.32343750000000004,1657
0.025,-0.2515624999999999,2293
0.025,-0.1796875,3124
0.025,-0.10781250000000009,4421
0.025,-0.03593750000000018,5763
0.025,0.03593750000000018,5973
0.025,0.10781250000000009,4849
0.025,0.1796875,3112
0.025,0.2515624999999999,1901
0.025,0.3234374999999998,1314
0.025,0.3953125000000002,1205
0.025,0.4671875000000001,1054
0.025,0.5390625,868
0.025,0.6109374999999999,775
0.025,0.6828124999999998,701
0.025,0.7546874999999997,410
0.025,0.8265625000000001,592
0.025,0.8984375,642
0.025,0.9703124999999999,472
0.025,1.0421874999999998,331
0.025,1.1140624999999997,218
0.025,1.1859375,61
0.025,1.2578125,12
0.025,1.3296875,0
0.025,1.4015624999999998,0
0.025,1.4734374999999997,0
0.025,1.5453125,0
0.025,1.6171875,0
0.025,1.6890625,0
0.025,1.7609374999999998,0
0.025,1.8328125000000002,0
0.025,1.9046874999999996,0
0.025,1.9765625,0
0.025,2.0484374999999995,0
0.025,2.1203125,0
0.025,2.1921875,0
0.025,2.2640624999999996,0
0.035,-2.2640624999999996,0
0.035,-2.1921874999999997,0
0.035,-2.1203125,0
0.035,-2.0484375,0
0.035,-1.9765624999999998,0
0.035,-1.9046874999999999,0
0.035,-1.8328124999999997,0
0.035,-1.7609374999999998,0
0.035,-1.6890625,0
0.035,-1.6171875,0
0.035,-1.5453124999999999,0
0.035,-1.4734374999999997,0
0.035,-1.4015624999999998,14
0.035,-1.3296875,45
0.035,-1.2578125,98
0.035,-1.1859374999999999,188
0.035,-1.1140625,324
0.035,-1.0421874999999998,500
0.035,-0.9703124999999999,814
0.035,-0.8984375,792
0.035,-0.8265624999999999,768
0.035,-0.7546875,599
0.035,-0.6828125,897
0.035,-0.6109374999999999,737
0.035,-0.5390625,759
0.035,-0.46718749999999987,998
0.035,-0.39531249999999996,1085
0.035,-0.32343750000000004,1737
0.035,-0.2515624999999999,2548
0.035,-0.1796875,3298
0.035,-0.10781250000000009,4366
0.035,-0.03593750000000018,5437
0.035,0.03593750000000018,5747
0.035,0.10781250000000009,4904
0.035,0.1796875,3163
0.035,0.2515624999999999,2191
0.035,0.3234374999999998,1458
0.035,0.3953125000000002,1328
0.035,0.4671875000000001,1108
0.035,0.5390625,927
0.035,0.6109374999999999,835
0.035,0.6828124999999998,618
0.035,0.7546874999999997,497
0.035,0.8265625000000001,583
0.035,0.8984375,729
0.035,0.9703124999999999,652
0.035,1.0421874999999998,633
0.035,1.1140624999999997,447
0.035,1.1859375,183
0.035,1.2578125,81
0.035,1.3296875,7
0.035,1.4015624999999998,1
0.035,1.4734374999999997,0
0.035,1.5453125,0
0.035,1.6171875,0
0.035,1.6890625,0
0.035,1.7609374999999998,0
0.035,1.8328125000000002,0
0.035,1.9046874999999996,0
0.035,1.9765625,0
0.035,2.0484374999999995,0
0.035,2.1203125,0
0.035,2.1921875,0
0.035,2.2640624999999996,0
0.045,-2.2640624999999996,0
0.045,-2.1921874999999997,0
0.045,-2.1203125,0
0.045,-2.0484375,0
0.045,-1.9765624999999998,0
0.045,-1.9046874999999999,0
0.045,-1.8328124999999997,0
0.045,-1.7609374999999998,0
0.045,-1.6890625,0
0.045,-1.6171875,0
0.045,-1.5453124999999999,0
0.045,-1.4734374999999997,4
0.045,-1.4015624999999998,59
0.045,-1.3296875,129
0.045,-1.2578125,264
0.045,-1.1859374999999999,416
0.045,-1.1140625,694
0.045,-1.0421874999999998,736
0.045,-0.9703124999999999,932
0.045,-0.8984375,864
0.045,-0.8265624999999999,826
0.045,-0.7546875,655
0.045,-0.6828125,995
0.045,-0.6109374999999999,825
0.045,-0.5390625,860
0.045,-0.46718749999999987,1046
0.045,-0.39531249999999996,1200
0.045,-0.32343750000000004,1788
0.045,-0.2515624999999999,2533
0.045,-0.1796875,3518
0.045,-0.10781250000000009,4314
0.045,-0.03593750000000018,5333
0.045,0.03593750000000018,5392
0.045,0.10781250000000009,4926
0.045,0.1796875,3189
0.045,0.2515624999999999,2198
0.045,0.3234374999999998,1577
0.045,0.3953125000000002,1256
0.045,0.4671875000000001,1325
0.045,0.5390625,958
0.045,0.6109374999999999,902
0.045,0.6828124999999998,576
0.045,0.7546874999999997,476
0.045,0.8265625000000001,678
0.045,0.8984375,792
0.045,0.9703124999999999,776
0.045,1.0421874999999998,967
0.045,1.1140624999999997,848
0.045,1.1859375,455
0.045,1.2578125,205
0.045,1.3296875,78
0.045,1.4015624999999998,34
0.045,1.4734374999999997,2
0.045,1.5453125,1
0.045,1.6171875,0
0.045,1.6890625,0
0.045,1.7609374999999998,0
0.045,1.8328125000000002,0
0.045,1.9046874999999996,0
0.045,1.9765625,0
0.045,2.0484374999999995,0
0.045,2.1203125,0
0.045,2.1921875,0
0.045,2.2640624999999996,0
0.055,-2.2640624999999996,0
0.055,-2.1921874999999997,0
0.055,-2.1203125,0
0.055,-2.0484375,0
0.055,-1.9765624999999998,0
0.055,-1.9046874999999999,0
0.055,-1.8328124999999997,0
0.055,-1.7609374999999998,0
0.055,-1.6890625,0
0.055,-1.6171875,1
0.055,-1.5453124999999999,10
0.055,-1.4734374999999997,66
0.055,-1.4015624999999998,284
0.055,-1.3296875,281
0.055,-1.2578125,544
0.055,-1.1859374999999999,805
0.055,-1.1140625,837
0.055,-1.0421874999999998,855
0.055,-0.9703124999999999,936
0.055,-0.8984375,1041
0.055,-0.8265624999999999,923
0.055,-0.7546875,755
0.055,-0.6828125,972
0.055,-0.6109374999999999,815
0.055,-0.5390625,1024
0.055,-0.46718749999999987,1088
0.055,-0.39531249999999996,1264
0.055,-0.32343750000000004,1827
0.055,-0.2515624999999999,2578
0.055,-0.1796875,3459
0.055,-0.10781250000000009,4501
0.055,-0.03593750000000018,5417
0.055,0.03593750000000018,5472
0.055,0.10781250000000009,4770
0.055,0.1796875,3231
0.055,0.2515624999999999,2267
0.055,0.3234374999999998,1610
0.055,0.3953125000000002,1304
0.055,0.4671875000000001,1289
0.055,0.5390625,1037
0.055,0.6109374999999999,929
0.055,0.6828124999999998,638
0.055,0.7546874999999997,522
0.055,0.8265625000000001,738
0.055,0.8984375,810
0.055,0.9703124999999999,805
0.055,1.0421874999999998,1068
0.055,1.1140624999999997,984
0.055,1.1859375,920
0.055,1.2578125,577
0.055,1.3296875,295
0.055,1.4015624999999998,154
0.055,1.4734374999999997,43
0.055,1.5453125,8
0.055,1.6171875,0
0.055,1.6890625,0
0.055,1.7609374999999998,0
0.055,1.8328125000000002,0
0.055,1.9046874999999996,0
0.055,1.9765625,0
0.055,2.0484374999999995,0
0.055,2.1203125,0
0.055,2.1921875,0
0.055,2.2640624999999996,0
0.065,-2.2640624999999996,0
0.065,-2.1921874999999997,0
0.065,-2.1203125,0
0.065,-2.0484375,0
0.065,-1.9765624999999998,0
0.065,-1.9046874999999999,0
0.065,-1.8328124999999997,0
0.065,-1.7609374999999998,0
0.065,-1.6890625,0
0.065,-1.6171875,30
0.065,-1.5453124999999999,118
0.065,-1.4734374999999997,291
0.065,-1.4015624999999998,545
0.065,-1.3296875,643
0.065,-1.2578125,938
0.065,-1.1859374999999999,962
0.065,-1.1140625,923
0.065,-1.0421874999999998,994
0.065,-0.9703124999999999,1031
0.065,-0.8984375,1169
0.065,-0.8265624999999999,1021
0.065,-0.7546875,800
0.065,-0.6828125,887
0.065,-0.6109374999999999,912
0.065,-0.5390625,1178
0.065,-0.46718749999999987,1219
0.065,-0.39531249999999996,1380
0.065,-0.32343750000000004,1899
0.065,-0.2515624999999999,2541
0.065,-0.1796875,3590
0.065,-0.10781250000000009,4761
0.065,-0.03593750000000018,5388
0.065,0.03593750000000018,5828
0.065,0.10781250000000009,4621
0.065,0.1796875,3352
0.065,0.2515624999999999,2396
0.065,0.3234374999999998,1661
0.065,0.3953125000000002,1397
0.065,0.4671875000000001,1342
0.065,0.5390625,952
0.065,0.6109374999999999,1137
0.065,0.6828124999999998,716
0.065,0.7546874999999997,612
0.065,0.8265625000000001,756
0.065,0.8984375,828
0.065,0.9703124999999999,868
0.065,1.0421874999999998,1223
0.065,1.1140624999999997,1000
0.065,1.1859375,1252
0.065,1.2578125,963
0.065,1.3296875,663
0.065,1.4015624999999998,382
0.065,1.4734374999999997,262
0.065,1.5453125,140
0.065,1.6171875,28
0.065,1.6890625,1
0.065,1.7609374999999998,0
0.065,1.8328125000000002,0
0.065,1.9046874999999996,0
0.065,1.9765625,0
0.065,2.0484374999999995,0
0.065,2.1203125,0
0.065,2.1921875,0
0.065,2.2640624999999996,0
0.075,-2.2640624999999996,0
0.075,-2.1921874999999997,0
0.075,-2.1203125,0
0.075,-2.0484375,0
0.075,-1.9765624999999998,0
0.075,-1.9046874999999999,0
0.075,-1.8328124999999997,0
0.075,-1.7609374999999998,1
0.075,-1.6890625,18
0.075,-1.6171875,226
0.075,-1.5453124999999999,338
0.075,-1.4734374999999997,615
0.075,-1.4015624999999998,1191
0.075,-1.3296875,1149
0.075,-1.2578125,1104
0.075,-1.1859374999999999,1108
0.075,-1.1140625,1039
0.075,-1.0421874999999998,1151
0.075,-0.9703124999999999,1126
0.075,-0.8984375,1131
0.075,-0.8265624999999999,1204
0.075,-0.7546875,945
0.075,-0.6828125,993
0.075,-0.6109374999999999,1055
0.075,-0.5390625,1124
0.075,-0.46718749999999987,1305
0.075,-0.39531249999999996,1457
0.075,-0.32343750000000004,1972
0.075,-0.2515624999999999,2527
0.075,-0.1796875,3429
0.075,-0.10781250000000009,4937
0.075,-0.03593750000000018,5192
0.075,0.03593750000000018,5688
0.075,0.10781250000000009,4568
0.075,0.1796875,3410
0.075,0.2515624999999999,2495
0.075,0.3234374999999998,1703
0.075,0.3953125000000002,1387
0.075,0.4671875000000001,1411
0.075,0.5390625,966
0.075,0.6109374999999999,1232
0.075,0.6828124999999998,821
0.075,0.7546874999999997,756
0.075,0.8265625000000001,750
0.075,0.8984375,847
0.075,0.9703124999999999,943
0.075,1.0421874999999998,1355
0.075,1.1140624999999997,1027
0.075,1.1859375,1225
0.075,1.2578125,1093
0.075,1.3296875,1072
0.075,1.4015624999999998,872
0.075,1.4734374999999997,478
0.075,1.5453125,408
0.075,1.6171875,235
0.075,1.6890625,79
0.075,1.7609374999999998,0
0.075,1.8328125000000002,0
0.075,1.9046874999999996,0
0.075,1.9765625,0
0.075,2.0484374999999995,0
0.075,2.1203125,0
0.075,2.1921875,0
0.075,2.2640624999999996,0
0.085,-2.2640624999999996,0
0.085,-2.1921874999999997,0
0.085,-2.1203125,0
0.085,-2.0484375,0
0.085,-1.9765624999999998,0
0.085,-1.9046874999999999,0
0.085,-1.8328124999999997,0
0.085,-1.7609374999999998,93
0.085,-1.6890625,201
0.085,-1.6171875,511
0.085,-1.5453124999999999,804
0.085,-1.4734374999999997,1157
0.085,-1.4015624999999998,1524
0.085,-1.3296875,1368
0.085,-1.2578125,1330
0.085,-1.1859374999999999,1137
0.085,-1.1140625,1194
0.085,-1.0421874999999998,1238
0.085,-0.9703124999999999,1176
0.085,-0.8984375,1292
0.085,-0.8265624999999999,1237
0.085,-0.7546875,1033
0.085,-0.6828125,989
0.085,-0.6109374999999999,1169
0.085,-0.5390625,1168
0.085,-0.46718749999999987,1420
0.085,-0.39531249999999996,1584
0.085,-0.32343750000000004,2024
0.085,-0.2515624999999999,2698
0.085,-0.1796875,3631
0.085,-0.10781250000000009,4857
0.085,-0.03593750000000018,4929
0.085,0.03593750000000018,5576
0.085,0.10781250000000009,4610
0.085,0.1796875,3558
0.085,0.2515624999999999,2455
0.085,0.3234374999999998,1815
0.085,0.3953125000000002,1390
0.085,0.4671875000000001,1465
0.085,0.5390625,1063
0.085,0.6109374999999999,1257
0.085,0.6828124999999998,1036
0.085,0.7546874999999997,797
0.085,0.8265625000000001,800
0.085,0.8984375,908
0.085,0.9703124999999999,1081
0.085,1.0421874999999998,1378
0.085,1.1140624999999997,1131
0.085,1.1859375,1312
0.085,1.2578125,1292
0.085,1.3296875,1186
0.085,1.4015624999999998,1329
0.085,1.4734374999999997,1077
0.085,1.5453125,832
0.085,1.6171875,549
0.085,1.6890625,313
0.085,1.7609374999999998,86
0.085,1.8328125000000002,0
0.085,1.9046874999999996,0
0.085,1.9765625,0
0.085,2.0484374999999995,0
0.085,2.1203125,0
0.085,2.1921875,0
0.085,2.2640624999999996,0
0.095,-2.2640624999999996,0
0.095,-2.1921874999999997,0
0.095,-2.1203125,0
0.095,-2.0484375,0
0.095,-1.9765624999999998,0
0.095,-1.9046874999999999,1
0.095,-1.8328124999999997,53
0.095,-1.7609374999999998,322
0.095,-1.6890625,582
0.095,-1.6171875,1041
0.095,-1.5453124999999999,1746
0.095,-1.4734374999999997,1511
0.095,-1.4015624999999998,1702
0.095,-1.3296875,1576
0.095,-1.2578125,1485
0.095,-1.1859374999999999,1300
0.095,-1.1140625,1231
0.095,-1.0421874999999998,1345
0.095,-0.9703124999999999,1420
0.095,-0.8984375,1382
0.095,-0.8265624999999999,1333
0.095,-0.7546875,1087
0.095,-0.6828125,1029
0.095,-0.6109374999999999,1288
0.095,-0.5390625,1285
0.095,-0.46718749999999987,1564
0.095,-0.39531249999999996,1611
0.095,-0.32343750000000004,2055
0.095,-0.2515624999999999,2748
0.095,-0.1796875,3759
0.095,-0.10781250000000009,4713
0.095,-0.03593750000000018,4914
0.095,0.03593750000000018,5783
0.095,0.10781250000000009,4647
0.095,0.1796875,3727
0.095,0.2515624999999999,2651
0.095,0.3234374999999998,1825
0.095,0.3953125000000002,1540
0.095,0.4671875000000001,1659
0.095,0.5390625,1178
0.095,0.6109374999999999,1327
0.095,0.6828124999999998,1317
0.095,0.7546874999999997,1093
0.095,0.8265625000000001,906
0.095,0.8984375,1057
0.095,0.9703124999999999,1166
0.095,1.0421874999999998,1460
0.095,1.1140624999999997,1262
0.095,1.1859375,1507
0.095,1.2578125,1377
0.095,1.3296875,1243
0.095,1.4015624999999998,1401
0.095,1.4734374999999997,1441
0.095,1.5453125,1525
0.095,1.6171875,1092
0.095,1.6890625,628
0.095,1.7609374999999998,352
0.095,1.8328125000000002,41
0.095,1.9046874999999996,1
0.095,1.9765625,0
0.095,2.0484374999999995,0
0.095,2.1203125,0
0.095,2.1921875,0
0.095,2.2640624999999996,0
0.105,-2.2640624999999996,0
0.105,-2.1921874999999997,0
0.105,-2.1203125,0
0.105,-2.0484375,0
0.105,-1.9765624999999998,0
0.105,-1.9046874999999999,87
0.105,-1.8328124999999997,312
0.105,-1.7609374999999998,819
0.105,-1.6890625,1156
0.105,-1.6171875,2011
0.105,-1.5453124999999999,2145
0.105,-1.4734374999999997,1657
0.105,-1.4015624999999998,2029
0.105,-1.3296875,1847
0.105,-1.2578125,1704
0.105,-1.1859374999999999,1425
0.105,-1.1140625,1207
0.105,-1.0421874999999998,1594
0.105,-0.9703124999999999,1638
0.105,-0.8984375,1691
0.105,-0.8265624999999999,1445
0.105,-0.7546875,1244
0.105,-0.6828125,1314
0.105,-0.6109374999999999,1371
0.105,-0.5390625,1356
0.105,-0.46718749999999987,1654
0.105,-0.39531249999999996,1717
0.105,-0.32343750000000004,2093
0.105,-0.2515624999999999,2778
0.105,-0.1796875,3710
0.105,-0.10781250000000009,4667
0.105,-0.03593750000000018,4894
0.105,0.03593750000000018,5870
0.105,0.10781250000000009,4619
0.105,0.1796875,3793
0.105,0.2515624999999999,2609
0.105,0.3234374999999998,2038
0.105,0.3953125000000002,1721
0.105,0.4671875000000001,1755
0.105,0.5390625,1367
0.105,0.6109374999999999,1373
0.105,0.6828124999999998,1334
0.105,0.7546874999999997,1297
0.105,0.8265625000000001,985
0.105,0.8984375,1081
0.105,0.9703124999999999,1393
0.105,1.0421874999999998,1620
0.105,1.1140624999999997,1454
0.105,1.1859375,1459
0.105,1.2578125,1549
0.105,1.3296875,1479
0.105,1.4015624999999998,1561
0.105,1.4734374999999997,1631
0.105,1.5453125,1725
0.105,1.6171875,1817
0.105,1.6890625,1381
0.105,1.7609374999999998,734
0.105,1.8328125000000002,222
0.105,1.9046874999999996,44
0.105,1.9765625,0
0.105,2.0484374999999995,0
0.105,2.1203125,0
0.105,2.1921875,0
0.105,2.2640624999999996,0
0.115,-2.2640624999999996,0
0.115,-2.1921874999999997,0
0.115,-2.1203125,0
0.115,-2.0484375,0
0.115,-1.9765624999999998,39
0.115,-1.9046874999999999,357
0.115,-1.8328124999999997,724
0.115,-1.7609374999999998,1500
0.115,-1.6890625,1945
0.115,-1.6171875,2203
0.115,-1.5453124999999999,2212
0.115,-1.4734374999999997,1912
0.115,-1.4015624999999998,2374
0.115,-1.3296875,2166
0.115,-1.2578125,1897
0.115,-1.1859374999999999,1558
0.115,-1.1140625,1410
0.115,-1.0421874999999998,1671
0.115,-0.9703124999999999,1879
0.115,-0.8984375,1896
0.115,-0.8265624999999999,1513
0.115,-0.7546875,1337
0.115,-0.6828125,1572
0.115,-0.6109374999999999,1546
0.115,-0.5390625,1390
0.115,-0.46718749999999987,1722
0.115,-0.39531249999999996,1786
0.115,-0.32343750000000004,2182
0.115,-0.2515624999999999,2707
0.115,-0.1796875,3789
0.115,-0.10781250000000009,4751
0.115,-0.03593750000000018,4596
0.115,0.03593750000000018,5619
0.115,0.10781250000000009,4488
0.115,0.1796875,3656
0.115,0.2515624999999999,2752
0.115,0.3234374999999998,2323
0.115,0.3953125000000002,1868
0.115,0.4671875000000001,1618
0.115,0.5390625,1515
0.115,0.6109374999999999,1517
0.115,0.6828124999999998,1456
0.115,0.7546874999999997,1423
0.115,0.8265625000000001,1158
0.115,0.8984375,1332
0.115,0.9703124999999999,1630
0.115,1.0421874999999998,1770
0.115,1.1140624999999997,1716
0.115,1.1859375,1691
0.115,1.2578125,1701
0.115,1.3296875,1717
0.115,1.4015624999999998,1777
0.115,1.4734374999999997,1848
0.115,1.5453125,1818
0.115,1.6171875,2016
0.115,1.6890625,2489
0.115,1.7609374999999998,1466
0.115,1.8328125000000002,603
0.115,1.9046874999999996,339
0.115,1.9765625,50
0.115,2.0484374999999995,0
0.115,2.1203125,0
0.115,2.1921875,0
0.115,2.2640624999999996,0
0.125,-2.2640624999999996,0
0.125,-2.1921874999999997,0
0.125,-2.1203125,0
0.125,-2.0484375,5
0.125,-1.9765624999999998,241
0.125,-1.9046874999999999,934
0.125,-1.8328124999999997,1742
0.125,-1.7609374999999998,2442
0.125,-1.6890625,2205
0.125,-1.6171875,2428
0.125,-1.5453124999999999,2396
0.125,-1.4734374999999997,2156
0.125,-1.4015624999999998,2428
0.125,-1.3296875,2176
0.125,-1.2578125,2140
0.125,-1.1859374999999999,1674
0.125,-1.1140625,1502
0.125,-1.0421874999999998,1854
0.125,-0.9703124999999999,1820
0.125,-0.8984375,1995
0.125,-0.8265624999999999,1588
0.125,-0.7546875,1664
0.125,-0.6828125,1631
0.125,-0.6109374999999999,1688
0.125,-0.5390625,1550
0.125,-0.46718749999999987,1800
0.125,-0.39531249999999996,1787
0.125,-0.32343750000000004,2277
0.125,-0.2515624999999999,2809
0.125,-0.1796875,3793
0.125,-0.10781250000000009,5004
0.125,-0.03593750000000018,4614
0.125,0.03593750000000018,5133
0.125,0.10781250000000009,4357
0.125,0.1796875,3690
0.125,0.2515624999999999,2717
0.125,0.3234374999999998,2403
0.125,0.3953125000000002,1768
0.125,0.4671875000000001,1607
0.125,0.5390625,1608
0.125,0.6109374999999999,1704
0.125,0.6828124999999998,1623
0.125,0.7546874999999997,1583
0.125,0.8265625000000001,1399
0.125,0.8984375,1427
0.125,0.9703124999999999,1710
0.125,1.0421874999999998,1710
0.125,1.1140624999999997,2010
0.125,1.1859375,1843
0.125,1.2578125,1928
0.125,1.3296875,2011
0.125,1.4015624999999998,1896
0.125,1.4734374999999997,2088
0.125,1.5453125,1996
0.125,1.6171875,2185
0.125,1.6890625,2747
0.125,1.7609374999999998,2242
0.125,1.8328125000000002,1333
0.125,1.9046874999999996,858
0.125,1.9765625,284
0.125,2.0484374999999995,23
0.125,2.1203125,0
0.125,2.1921875,0
0.125,2.2640624999999996,0
0.135,-2.2640624999999996,0
0.135,-2.1921874999999997,0
0.135,-2.1203125,1
0.135,-2.0484375,192
0.135,-1.9765624999999998,757
0.135,-1.9046874999999999,2092
0.135,-1.8328124999999997,3042
0.135,-1.7609374999999998,2771
0.135,-1.6890625,2587
0.135,-1.6171875,2702
0.135,-1.5453124999999999,2654
0.135,-1.4734374999999997,2626
0.135,-1.4015624999999998,2749
0.135,-1.3296875,2542
0.135,-1.2578125,2497
0.135,-1.1859374999999999,1969
0.135,-1.1140625,1718
0.135,-1.0421874999999998,1966
0.135,-0.9703124999999999,2027
0.135,-0.8984375,2104
0.135,-0.8265624999999999,1821
0.135,-0.7546875,2090
0.135,-0.6828125,1755
0.135,-0.6109374999999999,1714
0.135,-0.5390625,1714
0.135,-0.46718749999999987,1964
0.135,-0.39531249999999996,1972
0.135,-0.32343750000000004,2372
0.135,-0.2515624999999999,3079
0.135,-0.1796875,3798
0.135,-0.10781250000000009,5097
0.135,-0.03593750000000018,4839
0.135,0.03593750000000018,4789
0.135,0.10781250000000009,4388
0.135,0.1796875,3739
0.135,0.2515624999999999,2891
0.135,0.3234374999999998,2468
0.135,0.3953125000000002,1972
0.135,0.4671875000000001,1675
0.135,0.5390625,1676
0.135,0.6109374999999999,1645
0.135,0.6828124999999998,1639
0.135,0.7546874999999997,1830
0.135,0.8265625000000001,1535
0.135,0.8984375,1514
0.135,0.9703124999999999,1712
0.135,1.0421874999999998,1981
0.135,1.1140624999999997,2168
0.135,1.1859375,2058
0.135,1.2578125,2211
0.135,1.3296875,2366
0.135,1.4015624999999998,2168
0.135,1.4734374999999997,2201
0.135,1.5453125,2250
0.135,1.6171875,2589
0.135,1.6890625,3035
0.135,1.7609374999999998,2726
0.135,1.8328125000000002,2552
0.135,1.9046874999999996,1701
0.135,1.9765625,701
0.135,2.0484374999999995,193
0.135,2.1203125,2
0.135,2.1921875,0
0.135,2.2640624999999996,0
0.145,-2.2640624999999996,0
0.145,-2.1921874999999997,0
0.145,-2.1203125,76
0.145,-2.0484375,680
0.145,-1.9765624999999998,1906
0.145,-1.9046874999999999,3704
0.145,-1.8328124999999997,3790
0.145,-1.7609374999999998,3091
0.145,-1.6890625,2912
0.145,-1.6171875,2819
0.145,-1.5453124999999999,2942
0.145,-1.4734374999999997,3054
0.145,-1.4015624999999998,2971
0.145,-1.3296875,3016
0.145,-1.2578125,2743
0.145,-1.1859374999999999,2294
0.145,-1.1140625,1948
0.145,-1.0421874999999998,2158
0.145,-0.9703124999999999,2343
0.145,-0.8984375,2296
0.145,-0.8265624999999999,2091
0.145,-0.7546875,2415
0.145,-0.6828125,1840
0.145,-0.6109374999999999,1971
0.145,-0.5390625,1947
0.145,-0.46718749999999987,2047
0.145,-0.39531249999999996,2136
0.145,-0.32343750000000004,2420
0.145,-0.2515624999999999,3137
0.145,-0.1796875,3969
0.145,-0.10781250000000009,5137
0.145,-0.03593750000000018,4833
0.145,0.03593750000000018,4482
0.145,0.10781250000000009,4506
0.145,0.1796875,3983
0.145,0.2515624999999999,3178
0.145,0.3234374999999998,2707
0.145,0.3953125000000002,2315
0.145,0.4671875000000001,1931
0.145,0.5390625,1746
0.145,0.6109374999999999,1798
0.145,0.6828124999999998,1641
0.145,0.7546874999999997,1970
0.145,0.8265625000000001,1715
0.145,0.8984375,1595
0.145,0.9703124999999999,1848
0.145,1.0421874999999998,2087
0.145,1.1140624999999997,2498
0.145,1.1859375,2189
0.145,1.2578125,2390
0.145,1.3296875,2593
0.145,1.4015624999999998,2613
0.145,1.4734374999999997,2470
0.145,1.5453125,2503
0.145,1.6171875,2950
0.145,1.6890625,3087
0.145,1.7609374999999998,2873
0.145,1.8328125000000002,2950
0.145,1.9046874999999996,2992
0.145,1.9765625,1694
0.145,2.0484374999999995,589
0.145,2.1203125,50
0.145,2.1921875,0
0.145,2.2640624999999996,0
0.155,-2.2640624999999996,0
0.155,-2.1921874999999997,0
0.155,-2.1203125,333
0.155,-2.0484375,1797
0.155,-1.9765624999999998,3864
0.155,-1.9046874999999999,4147
0.155,-1.8328124999999997,4215
0.155,-1.7609374999999998,3779
0.155,-1.6890625,3178
0.155,-1.6171875,3222
0.155,-1.5453124999999999,3279
0.155,-1.4734374999999997,3304
0.155,-1.4015624999999998,2946
0.155,-1.3296875,3136
0.155,-1.2578125,2928
0.155,-1.1859374999999999,2611
0.155,-1.1140625,2237
0.155,-1.0421874999999998,2443
0.155,-0.9703124999999999,2508
0.155,-0.8984375,2349
0.155,-0.8265624999999999,2172
0.155,-0.7546875,2585
0.155,-0.6828125,2000
0.155,-0.6109374999999999,2062
0.155,-0.5390625,2005
0.155,-0.46718749999999987,2211
0.155,-0.39531249999999996,2388
0.155,-0.32343750000000004,2777
0.155,-0.2515624999999999,3078
0.155,-0.1796875,4250
0.155,-0.10781250000000009,5214
0.155,-0.03593750000000018,4768
0.155,0.03593750000000018,4599
0.155,0.10781250000000009,4754
0.155,0.1796875,4068
0.155,0.2515624999999999,3466
0.155,0.3234374999999998,2870
0.155,0.3953125000000002,2346
0.155,0.4671875000000001,2137
0.155,0.5390625,2059
0.155,0.6109374999999999,1970
0.155,0.6828124999999998,1714
0.155,0.7546874999999997,2075
0.155,0.8265625000000001,1903
0.155,0.8984375,1762
0.155,0.9703124999999999,2154
0.155,1.0421874999999998,2541
0.155,1.1140624999999997,2406
0.155,1.1859375,2330
0.155,1.2578125,2565
0.155,1.3296875,2721
0.155,1.4015624999999998,2784
0.155,1.4734374999999997,2812
0.155,1.5453125,2891
0.155,1.6171875,3318
0.155,1.6890625,3206
0.155,1.7609374999999998,3041
0.155,1.8328125000000002,3196
0.155,1.9046874999999996,3534
0.155,1.9765625,3412
0.155,2.0484374999999995,1305
0.155,2.1203125,307
0.155,2.1921875,0
0.155,2.2640624999999996,0
0.165,-2.2640624999999996,0
0.165,-2.1921874999999997,9
0.165,-2.1203125,895
0.165,-2.0484375,3721
0.165,-1.9765624999999998,4889
0.165,-1.9046874999999999,4493
0.165,-1.8328124999999997,4671
0.165,-1.7609374999999998,4155
0.165,-1.6890625,3649
0.165,-1.6171875,3867
0.165,-1.5453124999999999,3466
0.165,-1.4734374999999997,3651
0.165,-1.4015624999999998,3271
0.165,-1.3296875,3412
0.165,-1.2578125,3222
0.165,-1.1859374999999999,2824
0.165,-1.1140625,2615
0.165,-1.0421874999999998,2877
0.165,-0.9703124999999999,2604
0.165,-0.8984375,2309
0.165,-0.8265624999999999,2554
0.165,-0.7546875,2880
0.165,-0.6828125,2267
0.165,-0.6109374999999999,2317
0.165,-0.5390625,2274
0.165,-0.46718749999999987,2394
0.165,-0.39531249999999996,2499
0.165,-0.32343750000000004,2914
0.165,-0.2515624999999999,3123
0.165,-0.1796875,4376
0.165,-0.10781250000000009,5359
0.165,-0.03593750000000018,4800
0.165,0.03593750000000018,4471
0.165,0.10781250000000009,4730
0.165,0.1796875,4147
0.165,0.2515624999999999,3671
0.165,0.3234374999999998,2848
0.165,0.3953125000000002,2646
0.165,0.4671875000000001,2372
0.165,0.5390625,2397
0.165,0.6109374999999999,2168
0.165,0.6828124999999998,1992
0.165,0.7546874999999997,2340
0.165,0.8265625000000001,2007
0.165,0.8984375,1977
0.165,0.9703124999999999,2277
0.165,1.0421874999999998,2516
0.165,1.1140624999999997,2535
0.165,1.1859375,2632
0.165,1.2578125,2911
0.165,1.3296875,2978
0.165,1.4015624999999998,3218
0.165,1.4734374999999997,2975
0.165,1.5453125,3146
0.165,1.6171875,3770
0.165,1.6890625,3534
0.165,1.7609374999999998,3481
0.165,1.8328125000000002,3627
0.165,1.9046874999999996,3887
0.165,1.9765625,4281
0.165,2.0484374999999995,2959
0.165,2.1203125,981
0.165,2.1921875,26
0.165,2.2640624999999996,0
0.175,-2.2640624999999996,0
0.175,-2.1921874999999997,101
0.175,-2.1203125,2276
0.175,-2.0484375,5169
0.175,-1.9765624999999998,5304
0.175,-1.9046874999999999,4684
0.175,-1.8328124999999997,4932
0.175,-1.7609374999999998,4465
0.175,-1.6890625,4091
0.175,-1.6171875,4294
0.175,-1.5453124999999999,3779
0.175,-1.4734374999999997,3991
0.175,-1.4015624999999998,3773
0.175,-1.3296875,3754
0.175,-1.2578125,3456
0.175,-1.1859374999999999,3211
0.175,-1.1140625,2931
0.175,-1.0421874999999998,3338
0.175,-0.9703124999999999,2659
0.175,-0.8984375,2537
0.175,-0.8265624999999999,2827
0.175,-0.7546875,3113
0.175,-0.6828125,2578
0.175,-0.6109374999999999,2533
0.175,-0.5390625,2657
0.175,-0.46718749999999987,2664
0.175,-0.39531249999999996,2651
0.175,-0.32343750000000004,3029
0.175,-0.2515624999999999,3360
0.175,-0.1796875,4445
0.175,-0.10781250000000009,5271
0.175,-0.03593750000000018,4878
0.175,0.03593750000000018,4470
0.175,0.10781250000000009,4782
0.175,0.1796875,4229
0.175,0.2515624999999999,3556
0.175,0.3234374999999998,3138
0.175,0.3953125000000002,2705
0.175,0.4671875000000001,2519
0.175,0.5390625,2496
0.175,0.6109374999999999,2310
0.175,0.6828124999999998,2291
0.175,0.7546874999999997,2589
0.175,0.8265625000000001,2330
0.175,0.8984375,2329
0.175,0.9703124999999999,2409
0.175,1.0421874999999998,2800
0.175,1.1140624999999997,2732
0.175,1.1859375,2948
0.175,1.2578125,3278
0.175,1.3296875,3465
0.175,1.4015624999999998,3435
0.175,1.4734374999999997,3113
0.175,1.5453125,3315
0.175,1.6171875,4095
0.175,1.6890625,3915
0.175,1.7609374999999998,3829
0.175,1.8328125000000002,3938
0.175,1.9046874999999996,4287
0.175,1.9765625,4837
0.175,2.0484374999999995,4670
0.175,2.1203125,2235
0.175,2.1921875,116
0.175,2.2640624999999996,0
0.185,-2.2640624999999996,0
0.185,-2.1921874999999997,148
0.185,-2.1203125,3821
0.185,-2.0484375,5730
0.185,-1.9765624999999998,5766
0.185,-1.9046874999999999,5198
0.185,-1.8328124999999997,5527
0.185,-1.7609374999999998,4926
0.185,-1.6890625,4514
0.185,-1.6171875,4699
0.185,-1.5453124999999999,4173
0.185,-1.4734374999999997,4655
0.185,-1.4015624999999998,4203
0.185,-1.3296875,3912
0.185,-1.2578125,3888
0.185,-1.1859374999999999,3569
0.185,-1.1140625,3399
0.185,-1.0421874999999998,3602
0.185,-0.9703124999999999,2953
0.185,-0.8984375,2652
0.185,-0.8265624999999999,3006
0.185,-0.7546875,3354
0.185,-0.6828125,2846
0.185,-0.6109374999999999,2947
0.185,-0.5390625,2828
0.185,-0.46718749999999987,2762
0.185,-0.39531249999999996,2785
0.185,-0.32343750000000004,3018
0.185,-0.2515624999999999,3517
0.185,-0.1796875,4663
0.185,-0.10781250000000009,5278
0.185,-0.03593750000000018,4703
0.185,0.03593750000000018,4543
0.185,0.10781250000000009,4769
0.185,0.1796875,4093
0.185,0.2515624999999999,3840
0.185,0.3234374999999998,3417
0.185,0.3953125000000002,2960
0.185,0.4671875000000001,2562
0.185,0.5390625,2944
0.185,0.6109374999999999,2784
0.185,0.6828124999999998,2386
0.185,0.7546874999999997,2664
0.185,0.8265625000000001,2537
0.185,0.8984375,2513
0.185,0.9703124999999999,2613
0.185,1.0421874999999998,3102
0.185,1.1140624999999997,2890
0.185,1.1859375,3156
0.185,1.2578125,3444
0.185,1.3296875,3771
0.185,1.4015624999999998,3879
0.185,1.4734374999999997,3439
0.185,1.5453125,4027
0.185,1.6171875,4287
0.185,1.6890625,4623
0.185,1.7609374999999998,4309
0.185,1.8328125000000002,4744
0.185,1.9046874999999996,4648
0.185,1.9765625,4899
0.185,2.0484374999999995,5362
0.185,2.1203125,4025
0.185,2.1921875,216
0.185,2.2640624999999996,0
0.195,-2.2640624999999996,0
0.195,-2.1921874999999997,161
0.195,-2.1203125,4212
0.195,-2.0484375,6031
0.195,-1.9765624999999998,6489
0.195,-1.9046874999999999,5975
0.195,-1.8328124999999997,6080
0.195,-1.7609374999999998,5517
0.195,-1.6890625,5116
0.195,-1.6171875,5228
0.195,-1.5453124999999999,4984
0.195,-1.4734374999999997,5036
0.195,-1.4015624999999998,4396
0.195,-1.3296875,4223
0.195,-1.2578125,4054
0.195,-1.1859374999999999,3911
0.195,-1.1140625,3831
0.195,-1.0421874999999998,3907
0.195,-0.9703124999999999,3139
0.195,-0.8984375,2982
0.195,-0.8265624999999999,3055
0.195,-0.7546875,3625
0.195,-0.6828125,2972
0.195,-0.6109374999999999,3307
0.195,-0.5390625,3305
0.195,-0.46718749999999987,3101
0.195,-0.39531249999999996,3125
0.195,-0.32343750000000004,3174
0.195,-0.2515624999999999,3585
0.195,-0.1796875,4858
0.195,-0.10781250000000009,5435
0.195,-0.03593750000000018,4632
0.195,0.03593750000000018,4643
0.195,0.10781250000000009,4844
0.195,0.1796875,4587
0.195,0.2515624999999999,3766
0.195,0.3234374999999998,3682
0.195,0.3953125000000002,3361
0.195,0.4671875000000001,2995
0.195,0.5390625,3266
0.195,0.6109374999999999,3072
0.195,0.6828124999999998,2474
0.195,0.7546874999999997,2905
0.195,0.8265625000000001,2763
0.195,0.8984375,2823
0.195,0.9703124999999999,2962
0.195,1.0421874999999998,3505
0.195,1.1140624999999997,3166
0.195,1.1859375,3451
0.195,1.2578125,3941
0.195,1.3296875,3970
0.195,1.4015624999999998,4092
0.195,1.4734374999999997,3812
0.195,1.5453125,4556
0.195,1.6171875,4867
0.195,1.6890625,5203
0.195,1.7609374999999998,4981
0.195,1.8328125000000002,4988
0.195,1.9046874999999996,5132
0.195,1.9765625,5443
0.195,2.0484374999999995,6023
0.195,2.1203125,4571
0.195,2.1921875,239
0.195,2.2640624999999996,0
0.205,-2.2640624999999996,0
0.205,-2.1921874999999997,135
0.205,-2.1203125,3433
0.205,-2.0484375,6734
0.205,-1.9765624999999998,6977
0.205,-1.9046874999999999,6559
0.205,-1.8328124999999997,6373
0.205,-1.7609374999999998,5987
0.205,-1.6890625,5563
0.205,-1.6171875,5654
0.205,-1.5453124999999999,5811
0.205,-1.4734374999999997,5348
0.205,-1.4015624999999998,5126
0.205,-1.3296875,4513
0.205,-1.2578125,4326
0.205,-1.1859374999999999,4289
0.205,-1.1140625,4243
0.205,-1.0421874999999998,4073
0.205,-0.9703124999999999,3519
0.205,-0.8984375,3374
0.205,-0.8265624999999999,3050
0.205,-0.7546875,3840
0.205,-0.6828125,3204
0.205,-0.6109374999999999,3416
0.205,-0.5390625,3753
0.205,-0.46718749999999987,3190
0.205,-0.39531249999999996,3331
0.205,-0.32343750000000004,3605
0.205,-0.2515624999999999,3791
0.205,-0.1796875,5071
0.205,-0.10781250000000009,5373
0.205,-0.03593750000000018,4752
0.205,0.03593750000000018,4967
0.205,0.10781250000000009,5136
0.205,0.1796875,4752
0.205,0.2515624999999999,4022
0.205,0.3234374999999998,3925
0.205,0.3953125000000002,3690
0.205,0.4671875000000001,3456
0.205,0.5390625,3663
0.205,0.6109374999999999,3144
0.205,0.6828124999999998,2770
0.205,0.7546874999999997,3219
0.205,0.8265625000000001,2966
0.205,0.8984375,3201
0.205,0.9703124999999999,3455
0.205,1.0421874999999998,3476
0.205,1.1140624999999997,3416
0.205,1.1859375,3697
0.205,1.2578125,4254
0.205,1.3296875,4296
0.205,1.4015624999999998,4488
0.205,1.4734374999999997,4231
0.205,1.5453125,4782
0.205,1.6171875,5442
0.205,1.6890625,5670
0.205,1.7609374999999998,5436
0.205,1.8328125000000002,5545
0.205,1.9046874999999996,5764
0.205,1.9765625,6203
0.205,2.0484374999999995,6590
0.205,2.1203125,3827
0.205,2.1921875,263
0.205,2.2640624999999996,0
0.215,-2.2640624999999996,0
0.215,-2.1921874999999997,49
0.215,-2.1203125,1868
0.215,-2.0484375,6923
0.215,-1.9765624999999998,7599
0.215,-1.9046874999999999,7187
0.215,-1.8328124999999997,6738
0.215,-1.7609374999999998,6894
0.215,-1.6890625,5960
0.215,-1.6171875,6027
0.215,-1.5453124999999999,6311
0.215,-1.4734374999999997,5776
0.215,-1.4015624999999998,5571
0.215,-1.3296875,5077
0.215,-1.2578125,4780
0.215,-1.1859374999999999,4681
0.215,-1.1140625,4565
0.215,-1.0421874999999998,4393
0.215,-0.9703124999999999,3837
0.215,-0.8984375,3682
0.215,-0.8265624999999999,3288
0.215,-0.7546875,4007
0.215,-0.6828125,3571
0.215,-0.6109374999999999,3903
0.215,-0.5390625,3838
0.215,-0.46718749999999987,3487
0.215,-0.39531249999999996,3560
0.215,-0.32343750000000004,3877
0.215,-0.2515624999999999,4284
0.215,-0.1796875,5142
0.215,-0.10781250000000009,5484
0.215,-0.03593750000000018,5012
0.215,0.03593750000000018,5217
0.215,0.10781250000000009,5262
0.215,0.1796875,4830
0.215,0.2515624999999999,4185
0.215,0.3234374999999998,4076
0.215,0.3953125000000002,3784
0.215,0.4671875000000001,3761
0.215,0.5390625,3939
0.215,0.6109374999999999,3320
0.215,0.6828124999999998,3054
0.215,0.7546874999999997,3842
0.215,0.8265625000000001,3269
0.215,0.8984375,3511
0.215,0.9703124999999999,3721
0.215,1.0421874999999998,3641
0.215,1.1140624999999997,4107
0.215,1.1859375,4089
0.215,1.2578125,4508
0.215,1.3296875,4770
0.215,1.4015624999999998,5079
0.215,1.4734374999999997,4992
0.215,1.5453125,5364
0.215,1.6171875,6099
0.215,1.6890625,6099
0.215,1.7609374999999998,5896
0.215,1.8328125000000002,6093
0.215,1.9046874999999996,6280
0.215,1.9765625,6484
0.215,2.0484374999999995,6420
0.215,2.1203125,2540
0.215,2.1921875,84
0.215,2.2640624999999996,0
0.225,-2.2640624999999996,0
0.225,-2.1921874999999997,0
0.225,-2.1203125,1032
0.225,-2.0484375,5418
0.225,-1.9765624999999998,8354
0.225,-1.9046874999999999,7508
0.225,-1.8328124999999997,7255
0.225,-1.7609374999999998,7657
0.225,-1.6890625,7010
0.225,-1.6171875,6764
0.225,-1.5453124999999999,6963
0.225,-1.4734374999999997,6318
0.225,-1.4015624999999998,6238
0.225,-1.3296875,5710
0.225,-1.2578125,5202
0.225,-1.1859374999999999,5031
0.225,-1.1140625,4847
0.225,-1.0421874999999998,4900
0.225,-0.9703124999999999,4279
0.225,-0.8984375,4129
0.225,-0.8265624999999999,3708
0.225,-0.7546875,4199
0.225,-0.6828125,4015
0.225,-0.6109374999999999,4350
0.225,-0.5390625,4279
0.225,-0.46718749999999987,3756
0.225,-0.39531249999999996,3803
0.225,-0.32343750000000004,4022
0.225,-0.2515624999999999,4361
0.225,-0.1796875,5718
0.225,-0.10781250000000009,5783
0.225,-0.03593750000000018,5430
0.225,0.03593750000000018,5380
0.225,0.10781250000000009,5509
0.225,0.1796875,5052
0.225,0.2515624999999999,4471
0.225,0.3234374999999998,4469
0.225,0.3953125000000002,3929
0.225,0.4671875000000001,4070
0.225,0.5390625,4259
0.225,0.6109374999999999,3687
0.225,0.6828124999999998,3332
0.225,0.7546874999999997,4089
0.225,0.8265625000000001,3572
0.225,0.8984375,4052
0.225,0.9703124999999999,3930
0.225,1.0421874999999998,4137
0.225,1.1140624999999997,4703
0.225,1.1859375,4705
0.225,1.2578125,4971
0.225,1.3296875,5449
0.225,1.4015624999999998,5401
0.225,1.4734374999999997,5263
0.225,1.5453125,5867
0.225,1.6171875,6599
0.225,1.6890625,6734
0.225,1.7609374999999998,6214
0.225,1.8328125000000002,6669
0.225,1.9046874999999996,6820
0.225,1.9765625,6980
0.225,2.0484374999999995,4872
0.225,2.1203125,1298
0.225,2.1921875,5
0.225,2.2640624999999996,0
0.235,-2.2640624999999996,0
0.235,-2.1921874999999997,0
0.235,-2.1203125,377
0.235,-2.0484375,2976
0.235,-1.9765624999999998,8448
0.235,-1.9046874999999999,8337
0.235,-1.8328124999999997,8132
0.235,-1.7609374999999998,8260
0.235,-1.6890625,7489
0.235,-1.6171875,7600
0.235,-1.5453124999999999,7674
0.235,-1.4734374999999997,6983
0.235,-1.4015624999999998,6828
0.235,-1.3296875,6345
0.235,-1.2578125,5864
0.235,-1.1859374999999999,5395
0.235,-1.1140625,5356
0.235,-1.0421874999999998,5482
0.235,-0.9703124999999999,4704
0.235,-0.8984375,4336
0.235,-0.8265624999999999,4218
0.235,-0.7546875,4459
0.235,-0.6828125,4496
0.235,-0.6109374999999999,4719
0.235,-0.5390625,4688
0.235,-0.46718749999999987,4153
0.235,-0.39531249999999996,4004
0.235,-0.32343750000000004,4510
0.235,-0.2515624999999999,4718
0.235,-0.1796875,5862
0.235,-0.10781250000000009,5914
0.235,-0.03593750000000018,5841
0.235,0.03593750000000018,5759
0.235,0.10781250000000009,5613
0.235,0.1796875,5077
0.235,0.2515624999999999,5137
0.235,0.3234374999999998,4741
0.235,0.3953125000000002,4505
0.235,0.4671875000000001,4642
0.235,0.5390625,4460
0.235,0.6109374999999999,4423
0.235,0.6828124999999998,3912
0.235,0.7546874999999997,4515
0.235,0.8265625000000001,3845
0.235,0.8984375,4477
0.235,0.9703124999999999,4447
0.235,1.0421874999999998,4599
0.235,1.1140624999999997,5354
0.235,1.1859375,5212
0.235,1.2578125,5421
0.235,1.3296875,5948
0.235,1.4015624999999998,6012
0.235,1.4734374999999997,5799
0.235,1.5453125,6645
0.235,1.6171875,7266
0.235,1.6890625,7072
0.235,1.7609374999999998,6680
0.235,1.8328125000000002,7012
0.235,1.9046874999999996,7189
0.235,1.9765625,7163
0.235,2.0484374999999995,2919
0.235,2.1203125,430
0.235,2.1921875,0
0.235,2.2640624999999996,0
0.245,-2.2640624999999996,0
0.245,-2.1921874999999997,0
0.245,-2.1203125,54
0.245,-2.0484375,1581
0.245,-1.9765624999999998,6157
0.245,-1.9046874999999999,9319
0.245,-1.8328124999999997,8962
0.245,-1.7609374999999998,9087
0.245,-1.6890625,7866
0.245,-1.6171875,8160
0.245,-1.5453124999999999,8623
0.245,-1.4734374999999997,7901
0.245,-1.4015624999999998,7218
0.245,-1.3296875,7263
0.245,-1.2578125,6467
0.245,-1.1859374999999999,6162
0.245,-1.1140625,5998
0.245,-1.0421874999999998,5736
0.245,-0.9703124999999999,5259
0.245,-0.8984375,4859
0.245,-0.8265624999999999,4845
0.245,-0.7546875,4925
0.245,-0.6828125,5169
0.245,-0.6109374999999999,4902
0.245,-0.5390625,5044
0.245,-0.46718749999999987,4631
0.245,-0.39531249999999996,4226
0.245,-0.32343750000000004,4657
0.245,-0.2515624999999999,5297
0.245,-0.1796875,6016
0.245,-0.10781250000000009,6119
0.245,-0.03593750000000018,6220
0.245,0.03593750000000018,6297
0.245,0.10781250000000009,5602
0.245,0.1796875,5357
0.245,0.2515624999999999,5346
0.245,0.3234374999999998,5091
0.245,0.3953125000000002,4855
0.245,0.4671875000000001,4912
0.245,0.5390625,4893
0.245,0.6109374999999999,4801
0.245,0.6828124999999998,4484
0.245,0.7546874999999997,4988
0.245,0.8265625000000001,4316
0.245,0.8984375,4959
0.245,0.9703124999999999,5182
0.245,1.0421874999999998,5189
0.245,1.1140624999999997,5737
0.245,1.1859375,5646
0.245,1.2578125,5773
0.245,1.3296875,6654
0.245,1.4015624999999998,6554
0.245,1.4734374999999997,6534
0.245,1.5453125,7225
0.245,1.6171875,8020
0.245,1.6890625,7601
0.245,1.7609374999999998,7279
0.245,1.8328125000000002,7643
0.245,1.9046874999999996,7804
0.245,1.9765625,4991
0.245,2.0484374999999995,1646
0.245,2.1203125,54
0.245,2.1921875,0
0.245,2.2640624999999996,0
0.255,-2.2640624999999996,0
0.255,-2.1921874999999997,0
0.255,-2.1203125,0
0.255,-2.0484375,482
0.255,-1.9765624999999998,3215
0.255,-1.9046874999999999,8734
0.255,-1.8328124999999997,10129
0.255,-1.7609374999999998,9826
0.255,-1.6890625,8982
0.255,-1.6171875,8975
0.255,-1.5453124999999999,9910
0.255,-1.4734374999999997,8924
0.255,-1.4015624999999998,7830
0.255,-1.3296875,7627
0.255,-1.2578125,6928
0.255,-1.1859374999999999,6798
0.255,-1.1140625,6430
0.255,-1.0421874999999998,6559
0.255,-0.9703124999999999,5914
0.255,-0.8984375,5518
0.255,-0.8265624999999999,5627
0.255,-0.7546875,5180
0.255,-0.6828125,5617
0.255,-0.6109374999999999,5422
0.255,-0.5390625,5627
0.255,-0.46718749999999987,5062
0.255,-0.39531249999999996,4870
0.255,-0.32343750000000004,5063
0.255,-0.2515624999999999,5331
0.255,-0.1796875,6635
0.255,-0.10781250000000009,6198
0.255,-0.03593750000000018,6386
0.255,0.03593750000000018,6571
0.255,0.10781250000000009,5879
0.255,0.1796875,5677
0.255,0.2515624999999999,5840
0.255,0.3234374999999998,5456
0.255,0.3953125000000002,5520
0.255,0.4671875000000001,5270
0.255,0.5390625,5041
0.255,0.6109374999999999,5095
0.255,0.6828124999999998,4975
0.255,0.7546874999999997,5250
0.255,0.8265625000000001,4918
0.255,0.8984375,5452
0.255,0.9703124999999999,5827
0.255,1.0421874999999998,5995
0.255,1.1140624999999997,6167
0.255,1.1859375,6223
0.255,1.2578125,6382
0.255,1.3296875,7349
0.255,1.4015624999999998,7516
0.255,1.4734374999999997,7151
0.255,1.5453125,7867
0.255,1.6171875,8399
0.255,1.6890625,8355
0.255,1.7609374999999998,8042
0.255,1.8328125000000002,8104
0.255,1.9046874999999996,7056
0.255,1.9765625,2740
0.255,2.0484374999999995,533
0.255,2.1203125,0
0.255,2.1921875,0
0.255,2.2640624999999996,0
0.265,-2.2640624999999996,0
0.265,-2.1921874999999997,0
0.265,-2.1203125,0
0.265,-2.0484375,60
0.265,-1.9765624999999998,1618
0.265,-1.9046874999999999,5457
0.265,-1.8328124999999997,10738
0.265,-1.7609374999999998,10367
0.265,-1.6890625,10114
0.265,-1.6171875,10349
0.265,-1.5453124999999999,10797
0.265,-1.4734374999999997,9770
0.265,-1.4015624999999998,8738
0.265,-1.3296875,8411
0.265,-1.2578125,7607
0.265,-1.1859374999999999,7439
0.265,-1.1140625,7213
0.265,-1.0421874999999998,7229
0.265,-0.9703124999999999,6707
0.265,-0.8984375,6287
0.265,-0.8265624999999999,6218
0.265,-0.7546875,5514
0.265,-0.6828125,6115
0.265,-0.6109374999999999,6286
0.265,-0.5390625,5854
0.265,-0.46718749999999987,5538
0.265,-0.39531249999999996,5469
0.265,-0.32343750000000004,5376
0.265,-0.2515624999999999,5664
0.265,-0.1796875,7048
0.265,-0.10781250000000009,6714
0.265,-0.03593750000000018,6633
0.265,0.03593750000000018,6622
0.265,0.10781250000000009,6491
0.265,0.1796875,6158
0.265,0.2515624999999999,5745
0.265,0.3234374999999998,6001
0.265,0.3953125000000002,6102
0.265,0.4671875000000001,5467
0.265,0.5390625,5581
0.265,0.6109374999999999,5561
0.265,0.6828124999999998,5391
0.265,0.7546874999999997,5492
0.265,0.8265625000000001,5609
0.265,0.8984375,5847
0.265,0.9703124999999999,6232
0.265,1.0421874999999998,6790
0.265,1.1140624999999997,6714
0.265,1.1859375,7117
0.265,1.2578125,7350
0.265,1.3296875,7982
0.265,1.4015624999999998,8083
0.265,1.4734374999999997,7970
0.265,1.5453125,8346
0.265,1.6171875,9337
0.265,1.6890625,9094
0.265,1.7609374999999998,9058
0.265,1.8328125000000002,8614
0.265,1.9046874999999996,4356
0.265,1.9765625,1299
0.265,2.0484374999999995,43
0.265,2.1203125,0
0.265,2.1921875,0
0.265,2.2640624999999996,0
0.275,-2.2640624999999996,0
0.275,-2.1921874999999997,0
0.275,-2.1203125,0
0.275,-2.0484375,0
0.275,-1.9765624999999998,421
0.275,-1.9046874999999999,3073
0.275,-1.8328124999999997,8563
0.275,-1.7609374999999998,11601
0.275,-1.6890625,11200
0.275,-1.6171875,11222
0.275,-1.5453124999999999,11773
0.275,-1.4734374999999997,10689
0.275,-1.4015624999999998,9834
0.275,-1.3296875,9721
0.275,-1.2578125,8413
0.275,-1.1859374999999999,8244
0.275,-1.1140625,7957
0.275,-1.0421874999999998,8069
0.275,-0.9703124999999999,7168
0.275,-0.8984375,6836
0.275,-0.8265624999999999,7073
0.275,-0.7546875,5923
0.275,-0.6828125,6552
0.275,-0.6109374999999999,7101
0.275,-0.5390625,6149
0.275,-0.46718749999999987,5977
0.275,-0.39531249999999996,5799
0.275,-0.32343750000000004,5890
0.275,-0.2515624999999999,6288
0.275,-0.1796875,7528
0.275,-0.10781250000000009,6897
0.275,-0.03593750000000018,6802
0.275,0.03593750000000018,6945
0.275,0.10781250000000009,6901
0.275,0.1796875,6492
0.275,0.2515624999999999,6108
0.275,0.3234374999999998,6227
0.275,0.3953125000000002,6516
0.275,0.4671875000000001,5964
0.275,0.5390625,5918
0.275,0.6109374999999999,5890
0.275,0.6828124999999998,6079
0.275,0.7546874999999997,6022
0.275,0.8265625000000001,5873
0.275,0.8984375,6806
0.275,0.9703124999999999,6927
0.275,1.0421874999999998,7546
0.275,1.1140624999999997,7566
0.275,1.1859375,8007
0.275,1.2578125,8423
0.275,1.3296875,8512
0.275,1.4015624999999998,8733
0.275,1.4734374999999997,8580
0.275,1.5453125,9237
0.275,1.6171875,9740
0.275,1.6890625,9474
0.275,1.7609374999999998,9580
0.275,1.8328125000000002,7098
0.275,1.9046874999999996,2404
0.275,1.9765625,326
0.275,2.0484374999999995,0
0.275,2.1203125,0
0.275,2.1921875,0
0.275,2.2640624999999996,0
0.285,-2.2640624999999996,0
0.285,-2.1921874999999997,0
0.285,-2.1203125,0
0.285,-2.0484375,0
0.285,-1.9765624999999998,12
0.285,-1.9046874999999999,1343
0.285,-1.8328124999999997,4944
0.285,-1.7609374999999998,11094
0.285,-1.6890625,12350
0.285,-1.6171875,12086
0.285,-1.5453124999999999,12914
0.285,-1.4734374999999997,11731
0.285,-1.4015624999999998,11033
0.285,-1.3296875,10628
0.285,-1.2578125,9227
0.285,-1.1859374999999999,8885
0.285,-1.1140625,8494
0.285,-1.0421874999999998,8904
0.285,-0.9703124999999999,7991
0.285,-0.8984375,7622
0.285,-0.8265624999999999,7729
0.285,-0.7546875,6878
0.285,-0.6828125,7352
0.285,-0.6109374999999999,7807
0.285,-0.5390625,6769
0.285,-0.46718749999999987,6299
0.285,-0.39531249999999996,6689
0.285,-0.32343750000000004,6556
0.285,-0.2515624999999999,6665
0.285,-0.1796875,7662
0.285,-0.10781250000000009,7390
0.285,-0.03593750000000018,7485
0.285,0.03593750000000018,7371
0.285,0.10781250000000009,7353
0.285,0.1796875,6783
0.285,0.2515624999999999,6554
0.285,0.3234374999999998,6935
0.285,0.3953125000000002,6730
0.285,0.4671875000000001,6519
0.285,0.5390625,6818
0.285,0.6109374999999999,6818
0.285,0.6828124999999998,6757
0.285,0.7546874999999997,6613
0.285,0.8265625000000001,6418
0.285,0.8984375,7418
0.285,0.9703124999999999,7554
0.285,1.0421874999999998,8549
0.285,1.1140624999999997,8108
0.285,1.1859375,8486
0.285,1.2578125,9304
0.285,1.3296875,9494
0.285,1.4015624999999998,9590
0.285,1.4734374999999997,9298
0.285,1.5453125,10487
0.285,1.6171875,10801
0.285,1.6890625,10059
0.285,1.7609374999999998,8833
0.285,1.8328125000000002,4274
0.285,1.9046874999999996,1163
0.285,1.9765625,14
0.285,2.0484374999999995,0
0.285,2.1203125,0
0.285,2.1921875,0
0.285,2.2640624999999996,0
0.295,-2.2640624999999996,0
0.295,-2.1921874999999997,0
0.295,-2.1203125,0
0.295,-2.0484375,0
0.295,-1.9765624999999998,0
0.295,-1.9046874999999999,248
0.295,-1.8328124999999997,2639
0.295,-1.7609374999999998,7305
0.295,-1.6890625,13277
0.295,-1.6171875,13301
0.295,-1.5453124999999999,13920
0.295,-1.4734374999999997,13542
0.295,-1.4015624999999998,11966
0.295,-1.3296875,11689
0.295,-1.2578125,10157
0.295,-1.1859374999999999,9792
0.295,-1.1140625,9603
0.295,-1.0421874999999998,9789
0.295,-0.9703124999999999,8721
0.295,-0.8984375,8494
0.295,-0.8265624999999999,8518
0.295,-0.7546875,7665
0.295,-0.6828125,7767
0.295,-0.6109374999999999,7971
0.295,-0.5390625,7636
0.295,-0.46718749999999987,7100
0.295,-0.39531249999999996,7322
0.295,-0.32343750000000004,7193
0.295,-0.2515624999999999,7360
0.295,-0.1796875,8144
0.295,-0.10781250000000009,8035
0.295,-0.03593750000000018,7743
0.295,0.03593750000000018,7682
0.295,0.10781250000000009,7613
0.295,0.1796875,7237
0.295,0.2515624999999999,7253
0.295,0.3234374999999998,7676
0.295,0.3953125000000002,7120
0.295,0.4671875000000001,7028
0.295,0.5390625,7679
0.295,0.6109374999999999,7352
0.295,0.6828124999999998,7395
0.295,0.7546874999999997,7256
0.295,0.8265625000000001,6905
0.295,0.8984375,8040
0.295,0.9703124999999999,7988
0.295,1.0421874999999998,8899
0.295,1.1140624999999997,8721
0.295,1.1859375,9399
0.295,1.2578125,10373
0.295,1.3296875,10195
0.295,1.4015624999999998,10160
0.295,1.4734374999999997,10568
0.295,1.5453125,11589
0.295,1.6171875,11955
0.295,1.6890625,11049
0.295,1.7609374999999998,5888
0.295,1.8328125000000002,2286
0.295,1.9046874999999996,236
0.295,1.9765625,0
0.295,2.0484374999999995,0
0.295,2.1203125,0
0.295,2.1921875,0
0.295,2.2640624999999996,0
0.305,-2.2640624999999996,0
0.305,-2.1921874999999997,0
0.305,-2.1203125,0
0.305,-2.0484375,0
0.305,-1.9765624999999998,0
0.305,-1.9046874999999999,2
0.305,-1.8328124999999997,941
0.305,-1.7609374999999998,4275
0.305,-1.6890625,10622
0.305,-1.6171875,14791
0.305,-1.5453124999999999,14976
0.305,-1.4734374999999997,14801
0.305,-1.4015624999999998,13236
0.305,-1.3296875,12670
0.305,-1.2578125,11535
0.305,-1.1859374999999999,10626
0.305,-1.1140625,10671
0.305,-1.0421874999999998,11043
0.305,-0.9703124999999999,9490
0.305,-0.8984375,9257
0.305,-0.8265624999999999,9159
0.305,-0.7546875,8441
0.305,-0.6828125,8616
0.305,-0.6109374999999999,8400
0.305,-0.5390625,8388
0.305,-0.46718749999999987,7777
0.305,-0.39531249999999996,7796
0.305,-0.32343750000000004,7768
0.305,-0.2515624999999999,7775
0.305,-0.1796875,8788
0.305,-0.10781250000000009,8395
0.305,-0.03593750000000018,8217
0.305,0.03593750000000018,7798
0.305,0.10781250000000009,8049
0.305,0.1796875,7982
0.305,0.2515624999999999,7937
0.305,0.3234374999999998,8204
0.305,0.3953125000000002,7779
0.305,0.4671875000000001,7641
0.305,0.5390625,8066
0.305,0.6109374999999999,8087
0.305,0.6828124999999998,8027
0.305,0.7546874999999997,7885
0.305,0.8265625000000001,7929
0.305,0.8984375,8930
0.305,0.9703124999999999,8628
0.305,1.0421874999999998,9289
0.305,1.1140624999999997,9618
0.305,1.1859375,10153
0.305,1.2578125,11211
0.305,1.3296875,11589
0.305,1.4015624999999998,11101
0.305,1.4734374999999997,11485
0.305,1.5453125,13030
0.305,1.6171875,13091
0.305,1.6890625,8918
0.305,1.7609374999999998,3144
0.305,1.8328125000000002,822
0.305,1.9046874999999996,3
0.305,1.9765625,0
0.305,2.0484374999999995,0
0.305,2.1203125,0
0.305,2.1921875,0
0.305,2.2640624999999996,0
0.315,-2.2640624999999996,0
0.315,-2.1921874999999997,0
0.315,-2.1203125,0
0.315,-2.0484375,0
0.315,-1.9765624999999998,0
0.315,-1.9046874999999999,0
0.315,-1.8328124999999997,78
0.315,-1.7609374999999998,2238
0.315,-1.6890625,6289
0.315,-1.6171875,14318
0.315,-1.5453124999999999,16343
0.315,-1.4734374999999997,15704
0.315,-1.4015624999999998,14854
0.315,-1.3296875,13913
0.315,-1.2578125,12275
0.315,-1.1859374999999999,12000
0.315,-1.1140625,11760
0.315,-1.0421874999999998,12749
0.315,-0.9703124999999999,10772
0.315,-0.8984375,10414
0.315,-0.8265624999999999,9683
0.315,-0.7546875,8936
0.315,-0.6828125,9530
0.315,-0.6109374999999999,8963
0.315,-0.5390625,9073
0.315,-0.46718749999999987,8454
0.315,-0.39531249999999996,8192
0.315,-0.32343750000000004,8221
0.315,-0.2515624999999999,8571
0.315,-0.1796875,9861
0.315,-0.10781250000000009,8982
0.315,-0.03593750000000018,8666
0.315,0.03593750000000018,8427
0.315,0.10781250000000009,8996
0.315,0.1796875,8956
0.315,0.2515624999999999,8785
0.315,0.3234374999999998,8827
0.315,0.3953125000000002,8882
0.315,0.4671875000000001,8411
0.315,0.5390625,8921
0.315,0.6109374999999999,8605
0.315,0.6828124999999998,8870
0.315,0.7546874999999997,8867
0.315,0.8265625000000001,8658
0.315,0.8984375,9919
0.315,0.9703124999999999,9899
0.315,1.0421874999999998,10197
0.315,1.1140624999999997,10631
0.315,1.1859375,11460
0.315,1.2578125,12398
0.315,1.3296875,12690
0.315,1.4015624999999998,12745
0.315,1.4734374999999997,13272
0.315,1.5453125,13825
0.315,1.6171875,12779
0.315,1.6890625,5247
0.315,1.7609374999999998,1380
0.315,1.8328125000000002,69
0.315,1.9046874999999996,0
0.315,1.9765625,0
0.315,2.0484374999999995,0
0.315,2.1203125,0
0.315,2.1921875,0
0.315,2.2640624999999996,0
0.325,-2.2640624999999996,0
0.325,-2.1921874999999997,0
0.325,-2.1203125,0
0.325,-2.0484375,0
0.325,-1.9765624999999998,0
0.325,-1.9046874999999999,0
0.325,-1.8328124999999997,0
0.325,-1.7609374999999998,432
0.325,-1.6890625,3610
0.325,-1.6171875,9725
0.325,-1.5453124999999999,18201
0.325,-1.4734374999999997,17390
0.325,-1.4015624999999998,16626
0.325,-1.3296875,15064
0.325,-1.2578125,13914
0.325,-1.1859374999999999,13349
0.325,-1.1140625,13343
0.325,-1.0421874999999998,13813
0.325,-0.9703124999999999,12050
0.325,-0.8984375,11534
0.325,-0.8265624999999999,10213
0.325,-0.7546875,9920
0.325,-0.6828125,10759
0.325,-0.6109374999999999,9740
0.325,-0.5390625,10035
0.325,-0.46718749999999987,9199
0.325,-0.39531249999999996,8806
0.325,-0.32343750000000004,8683
0.325,-0.2515624999999999,9559
0.325,-0.1796875,10386
0.325,-0.10781250000000009,9599
0.325,-0.03593750000000018,9591
0.325,0.03593750000000018,8928
0.325,0.10781250000000009,10162
0.325,0.1796875,9282
0.325,0.2515624999999999,9763
0.325,0.3234374999999998,9776
0.325,0.3953125000000002,9486
0.325,0.4671875000000001,9086
0.325,0.5390625,9382
0.325,0.6109374999999999,9402
0.325,0.6828124999999998,9813
0.325,0.7546874999999997,9994
0.325,0.8265625000000001,9293
0.325,0.8984375,10936
0.325,0.9703124999999999,10703
0.325,1.0421874999999998,10713
0.325,1.1140624999999997,11709
0.325,1.1859375,12547
0.325,1.2578125,13558
0.325,1.3296875,14259
0.325,1.4015624999999998,14177
0.325,1.4734374999999997,14048
0.325,1.5453125,15066
0.325,1.6171875,8900
0.325,1.6890625,2629
0.325,1.7609374999999998,250
0.325,1.8328125000000002,0
0.325,1.9046874999999996,0
0.325,1.9765625,0
0.325,2.0484374999999995,0
0.325,2.1203125,0
0.325,2.1921875,0
0.325,2.2640624999999996,0
0.335,-2.2640624999999996,0
0.335,-2.1921874999999997,0
0.335,-2.1203125,0
0.335,-2.0484375,0
0.335,-1.9765624999999998,0
0.335,-1.9046874999999999,0
0.335,-1.8328124999999997,0
0.335,-1.7609374999999998,10
0.335,-1.6890625,1276
0.335,-1.6171875,5560
0.335,-1.5453124999999999,15560
0.335,-1.4734374999999997,18973
0.335,-1.4015624999999998,18415
0.335,-1.3296875,16474
0.335,-1.2578125,15490
0.335,-1.1859374999999999,14316
0.335,-1.1140625,14546
0.335,-1.0421874999999998,14844
0.335,-0.9703124999999999,13450
0.335,-0.8984375,12670
0.335,-0.8265624999999999,11472
0.335,-0.7546875,10857
0.335,-0.6828125,11873
0.335,-0.6109374999999999,10716
0.335,-0.5390625,10525
0.335,-0.46718749999999987,9995
0.335,-0.39531249999999996,9609
0.335,-0.32343750000000004,9630
0.335,-0.2515624999999999,10152
0.335,-0.1796875,10848
0.335,-0.10781250000000009,10486
0.335,-0.03593750000000018,10515
0.335,0.03593750000000018,9596
0.335,0.10781250000000009,10699
0.335,0.1796875,9971
0.335,0.2515624999999999,10463
0.335,0.3234374999999998,10595
0.335,0.3953125000000002,10341
0.335,0.4671875000000001,10032
0.335,0.5390625,9932
0.335,0.6109374999999999,10263
0.335,0.6828124999999998,10568
0.335,0.7546874999999997,10783
0.335,0.8265625000000001,10318
0.335,0.8984375,11919
0.335,0.9703124999999999,12152
0.335,1.0421874999999998,11834
0.335,1.1140624999999997,13073
0.335,1.1859375,13899
0.335,1.2578125,14488
0.335,1.3296875,15518
0.335,1.4015624999999998,15691
0.335,1.4734374999999997,15561
0.335,1.5453125,12385
0.335,1.6171875,4800
0.335,1.6890625,1000
0.335,1.7609374999999998,5
0.335,1.8328125000000002,0
0.335,1.9046874999999996,0
0.335,1.9765625,0
0.335,2.0484374999999995,0
0.335,2.1203125,0
0.335,2.1921875,0
0.335,2.2640624999999996,0
0.345,-2.2640624999999996,0
0.345,-2.1921874999999997,0
0.345,-2.1203125,0
0.345,-2.0484375,0
0.345,-1.9765624999999998,0
0.345,-1.9046874999999999,0
0.345,-1.8328124999999997,0
0.345,-1.7609374999999998,0
0.345,-1.6890625,121
0.345,-1.6171875,2547
0.345,-1.5453124999999999,9412
0.345,-1.4734374999999997,20374
0.345,-1.4015624999999998,20534
0.345,-1.3296875,18131
0.345,-1.2578125,17383
0.345,-1.1859374999999999,15710
0.345,-1.1140625,15240
0.345,-1.0421874999999998,15559
0.345,-0.9703124999999999,14724
0.345,-0.8984375,13793
0.345,-0.8265624999999999,12371
0.345,-0.7546875,11959
0.345,-0.6828125,12453
0.345,-0.6109374999999999,11710
0.345,-0.5390625,11711
0.345,-0.46718749999999987,10739
0.345,-0.39531249999999996,10642
0.345,-0.32343750000000004,10259
0.345,-0.2515624999999999,10938
0.345,-0.1796875,11427
0.345,-0.10781250000000009,11376
0.345,-0.03593750000000018,11160
0.345,0.03593750000000018,10937
0.345,0.10781250000000009,11609
0.345,0.1796875,10760
0.345,0.2515624999999999,11465
0.345,0.3234374999999998,11931
0.345,0.3953125000000002,11135
0.345,0.4671875000000001,10991
0.345,0.5390625,11073
0.345,0.6109374999999999,11548
0.345,0.6828124999999998,11574
0.345,0.7546874999999997,11714
0.345,0.8265625000000001,11743
0.345,0.8984375,13373
0.345,0.9703124999999999,13538
0.345,1.0421874999999998,13461
0.345,1.1140624999999997,14568
0.345,1.1859375,15059
0.345,1.2578125,15865
0.345,1.3296875,17318
0.345,1.4015624999999998,17250
0.345,1.4734374999999997,16236
0.345,1.5453125,7659
0.345,1.6171875,2383
0.345,1.6890625,88
0.345,1.7609374999999998,0
0.345,1.8328125000000002,0
0.345,1.9046874999999996,0
0.345,1.9765625,0
0.345,2.0484374999999995,0
0.345,2.1203125,0
0.345,2.1921875,0
0.345,2.2640624999999996,0
0.355,-2.2640624999999996,0
0.355,-2.1921874999999997,0
0.355,-2.1203125,0
0.355,-2.0484375,0
0.355,-1.9765624999999998,0
0.355,-1.9046874999999999,0
0.355,-1.8328124999999997,0
0.355,-1.7609374999999998,0
0.355,-1.6890625,0
0.355,-1.6171875,548
0.355,-1.5453124999999999,5555
0.355,-1.4734374999999997,15387
0.355,-1.4015624999999998,22419
0.355,-1.3296875,19440
0.355,-1.2578125,18418
0.355,-1.1859374999999999,17175
0.355,-1.1140625,16902
0.355,-1.0421874999999998,16721
0.355,-0.9703124999999999,15777
0.355,-0.8984375,14822
0.355,-0.8265624999999999,13802
0.355,-0.7546875,13279
0.355,-0.6828125,13582
0.355,-0.6109374999999999,13052
0.355,-0.5390625,12694
0.355,-0.46718749999999987,11880
0.355,-0.39531249999999996,11913
0.355,-0.32343750000000004,11263
0.355,-0.2515624999999999,11892
0.355,-0.1796875,11962
0.355,-0.10781250000000009,12320
0.355,-0.03593750000000018,11853
0.355,0.03593750000000018,11994
0.355,0.10781250000000009,12282
0.355,0.1796875,11762
0.355,0.2515624999999999,12630
0.355,0.3234374999999998,13032
0.355,0.3953125000000002,12364
0.355,0.4671875000000001,12423
0.355,0.5390625,12354
0.355,0.6109374999999999,13096
0.355,0.6828124999999998,13133
0.355,0.7546874999999997,13081
0.355,0.8265625000000001,13337
0.355,0.8984375,14666
0.355,0.9703124999999999,14718
0.355,1.0421874999999998,14861
0.355,1.1140624999999997,15875
0.355,1.1859375,16749
0.355,1.2578125,17546
0.355,1.3296875,19355
0.355,1.4015624999999998,19518
0.355,1.4734374999999997,12201
0.355,1.5453125,4386
0.355,1.6171875,523
0.355,1.6890625,0
0.355,1.7609374999999998,0
0.355,1.8328125000000002,0
0.355,1.9046874999999996,0
0.355,1.9765625,0
0.355,2.0484374999999995,0
0.355,2.1203125,0
0.355,2.1921875,0
0.355,2.2640624999999996,0
0.365,-2.2640624999999996,0
0.365,-2.1921874999999997,0
0.365,-2.1203125,0
0.365,-2.0484375,0
0.365,-1.9765624999999998,0
0.365,-1.9046874999999999,0
0.365,-1.8328124999999997,0
0.365,-1.7609374999999998,0
0.365,-1.6890625,0
0.365,-1.6171875,16
0.365,-1.5453124999999999,2298
0.365,-1.4734374999999997,9008
0.365,-1.4015624999999998,21271
0.365,-1.3296875,21349
0.365,-1.2578125,20182
0.365,-1.1859374999999999,18463
0.365,-1.1140625,18348
0.365,-1.0421874999999998,18144
0.365,-0.9703124999999999,16808
0.365,-0.8984375,16667
0.365,-0.8265624999999999,15296
0.365,-0.7546875,14848
0.365,-0.6828125,14724
0.365,-0.6109374999999999,14527
0.365,-0.5390625,13733
0.365,-0.46718749999999987,13024
0.365,-0.39531249999999996,13138
0.365,-0.32343750000000004,12447
0.365,-0.2515624999999999,12700
0.365,-0.1796875,13027
0.365,-0.10781250000000009,13373
0.365,-0.03593750000000018,12894
0.365,0.03593750000000018,13132
0.365,0.10781250000000009,13430
0.365,0.1796875,13314
0.365,0.2515624999999999,13710
0.365,0.3234374999999998,14287
0.365,0.3953125000000002,13298
0.365,0.4671875000000001,14078
0.365,0.5390625,13699
0.365,0.6109374999999999,14228
0.365,0.6828124999999998,14689
0.365,0.7546874999999997,14670
0.365,0.8265625000000001,14815
0.365,0.8984375,15754
0.365,0.9703124999999999,16170
0.365,1.0421874999999998,16520
0.365,1.1140624999999997,17640
0.365,1.1859375,19108
0.365,1.2578125,19828
0.365,1.3296875,21569
0.365,1.4015624999999998,18978
0.365,1.4734374999999997,7037
0.365,1.5453125,1778
0.365,1.6171875,17
0.365,1.6890625,0
0.365,1.7609374999999998,0
0.365,1.8328125000000002,0
0.365,1.9046874999999996,0
0.365,1.9765625,0
0.365,2.0484374999999995,0
0.365,2.1203125,0
0.365,2.1921875,0
0.365,2.2640624999999996,0
0.375,-2.2640624999999996,0
0.375,-2.1921874999999997,0
0.375,-2.1203125,0
0.375,-2.0484375,0
0.375,-1.9765624999999998,0
0.375,-1.9046874999999999,0
0.375,-1.8328124999999997,0
0.375,-1.7609374999999998,0
0.375,-1.6890625,0
0.375,-1.6171875,0
0.375,-1.5453124999999999,317
0.375,-1.4734374999999997,4472
0.375,-1.4015624999999998,14610
0.375,-1.3296875,23520
0.375,-1.2578125,21918
0.375,-1.1859374999999999,20379
0.375,-1.1140625,20181
0.375,-1.0421874999999998,20165
0.375,-0.9703124999999999,18618
0.375,-0.8984375,18693
0.375,-0.8265624999999999,17059
0.375,-0.7546875,16870
0.375,-0.6828125,16366
0.375,-0.6109374999999999,15770
0.375,-0.5390625,15430
0.375,-0.46718749999999987,14268
0.375,-0.39531249999999996,14780
0.375,-0.32343750000000004,13748
0.375,-0.2515624999999999,13389
0.375,-0.1796875,14111
0.375,-0.10781250000000009,14577
0.375,-0.03593750000000018,14076
0.375,0.03593750000000018,14103
0.375,0.10781250000000009,14404
0.375,0.1796875,14396
0.375,0.2515624999999999,15084
0.375,0.3234374999999998,15696
0.375,0.3953125000000002,14442
0.375,0.4671875000000001,15540
0.375,0.5390625,15182
0.375,0.6109374999999999,15252
0.375,0.6828124999999998,16351
0.375,0.7546874999999997,15840
0.375,0.8265625000000001,16580
0.375,0.8984375,17184
0.375,0.9703124999999999,17829
0.375,1.0421874999999998,17873
0.375,1.1140624999999997,19633
0.375,1.1859375,20408
0.375,1.2578125,21920
0.375,1.3296875,22764
0.375,1.4015624999999998,13260
0.375,1.4734374999999997,3991
0.375,1.5453125,226
0.375,1.6171875,0
0.375,1.6890625,0
0.375,1.7609374999999998,0
0.375,1.8328125000000002,0
0.375,1.9046874999999996,0
0.375,1.9765625,0
0.375,2.0484374999999995,0
0.375,2.1203125,0
0.375,2.1921875,0
0.375,2.2640624999999996,0
0.385,-2.2640624999999996,0
0.385,-2.1921874999999997,0
0.385,-2.1203125,0
0.385,-2.0484375,0
0.385,-1.9765624999999998,0
0.385,-1.9046874999999999,0
0.385,-1.8328124999999997,0
0.385,-1.7609374999999998,0
0.385,-1.6890625,0
0.385,-1.6171875,0
0.385,-1.5453124999999999,1
0.385,-1.4734374999999997,1340
0.385,-1.4015624999999998,7859
0.385,-1.3296875,21814
0.385,-1.2578125,23532
0.385,-1.1859374999999999,22407
0.385,-1.1140625,22329
0.385,-1.0421874999999998,22088
0.385,-0.9703124999999999,20467
0.385,-0.8984375,20014
0.385,-0.8265624999999999,19659
0.385,-0.7546875,18693
0.385,-0.6828125,17764
0.385,-0.6109374999999999,17044
0.385,-0.5390625,17266
0.385,-0.46718749999999987,16286
0.385,-0.39531249999999996,15885
0.385,-0.32343750000000004,15308
0.385,-0.2515624999999999,14703
0.385,-0.1796875,14887
0.385,-0.10781250000000009,15671
0.385,-0.03593750000000018,15419
0.385,0.03593750000000018,15334
0.385,0.10781250000000009,15454
0.385,0.1796875,15823
0.385,0.2515624999999999,16588
0.385,0.3234374999999998,16967
0.385,0.3953125000000002,16181
0.385,0.4671875000000001,17216
0.385,0.5390625,16275
0.385,0.6109374999999999,16232
0.385,0.6828124999999998,17616
0.385,0.7546874999999997,17754
0.385,0.8265625000000001,17836
0.385,0.8984375,18528
0.385,0.9703124999999999,20265
0.385,1.0421874999999998,19929
0.385,1.1140624999999997,21979
0.385,1.1859375,21944
0.385,1.2578125,23706
0.385,1.3296875,21606
0.385,1.4015624999999998,8052
0.385,1.4734374999999997,1425
0.385,1.5453125,0
0.385,1.6171875,0
0.385,1.6890625,0
0.385,1.7609374999999998,0
0.385,1.8328125000000002,0
0.385,1.9046874999999996,0
0.385,1.9765625,0
0.385,2.0484374999999995,0
0.385,2.1203125,0
0.385,2.1921875,0
0.385,2.2640624999999996,0
0.395,-2.2640624999999996,0
0.395,-2.1921874999999997,0
0.395,-2.1203125,0
0.395,-2.0484375,0
0.395,-1.9765624999999998,0
0.395,-1.9046874999999999,0
0.395,-1.8328124999999997,0
0.395,-1.7609374999999998,0
0.395,-1.6890625,0
0.395,-1.6171875,0
0.395,-1.5453124999999999,0
0.395,-1.4734374999999997,104
0.395,-1.4015624999999998,3748
0.395,-1.3296875,14622
0.395,-1.2578125,26131
0.395,-1.1859374999999999,25239
0.395,-1.1140625,24740
0.395,-1.0421874999999998,24380
0.395,-0.9703124999999999,23479
0.395,-0.8984375,22065
0.395,-0.8265624999999999,21670
0.395,-0.7546875,20384
0.395,-0.6828125,19380
0.395,-0.6109374999999999,18853
0.395,-0.5390625,18650
0.395,-0.46718749999999987,18061
0.395,-0.39531249999999996,17736
0.395,-0.32343750000000004,17115
0.395,-0.2515624999999999,16217
0.395,-0.1796875,15827
0.395,-0.10781250000000009,17320
0.395,-0.03593750000000018,16900
0.395,0.03593750000000018,16840
0.395,0.10781250000000009,16830
0.395,0.1796875,17822
0.395,0.2515624999999999,18458
0.395,0.3234374999999998,17882
0.395,0.3953125000000002,17838
0.395,0.4671875000000001,18766
0.395,0.5390625,17916
0.395,0.6109374999999999,18151
0.395,0.6828124999999998,19059
0.395,0.7546874999999997,19966
0.395,0.8265625000000001,19759
0.395,0.8984375,20738
0.395,0.9703124999999999,22372
0.395,1.0421874999999998,22336
0.395,1.1140624999999997,24674
0.395,1.1859375,24601
0.395,1.2578125,25787
0.395,1.3296875,14787
0.395,1.4015624999999998,4012
0.395,1.4734374999999997,116
0.395,1.5453125,0
0.395,1.6171875,0
0.395,1.6890625,0
0.395,1.7609374999999998,0
0.395,1.8328125000000002,0
0.395,1.9046874999999996,0
0.395,1.9765625,0
0.395,2.0484374999999995,0
0.395,2.1203125,0
0.395,2.1921875,0
0.395,2.2640624999999996,0
0.405,-2.2640624999999996,0
0.405,-2.1921874999999997,0
0.405,-2.1203125,0
0.405,-2.0484375,0
0.405,-1.9765624999999998,0
0.405,-1.9046874999999999,0
0.405,-1.8328124999999997,0
0.405,-1.7609374999999998,0
0.405,-1.6890625,0
0.405,-1.6171875,0
0.405,-1.5453124999999999,0
0.405,-1.4734374999999997,0
0.405,-1.4015624999999998,1059
0.405,-1.3296875,7827
0.405,-1.2578125,24078
0.405,-1.1859374999999999,27382
0.405,-1.1140625,27667
0.405,-1.0421874999999998,26828
0.405,-0.9703124999999999,25668
0.405,-0.8984375,24847
0.405,-0.8265624999999999,24301
0.405,-0.7546875,22834
0.405,-0.6828125,21628
0.405,-0.6109374999999999,20464
0.405,-0.5390625,20255
0.405,-0.46718749999999987,20377
0.405,-0.39531249999999996,19697
0.405,-0.32343750000000004,18712
0.405,-0.2515624999999999,17933
0.405,-0.1796875,17650
0.405,-0.10781250000000009,19259
0.405,-0.03593750000000018,18757
0.405,0.03593750000000018,18500
0.405,0.10781250000000009,18631
0.405,0.1796875,19104
0.405,0.2515624999999999,19994
0.405,0.3234374999999998,19350
0.405,0.3953125000000002,20121
0.405,0.4671875000000001,20791
0.405,0.5390625,20231
0.405,0.6109374999999999,20250
0.405,0.6828124999999998,21145
0.405,0.7546874999999997,21657
0.405,0.8265625000000001,21625
0.405,0.8984375,22990
0.405,0.9703124999999999,23619
0.405,1.0421874999999998,24274
0.405,1.1140624999999997,27520
0.405,1.1859375,27255
0.405,1.2578125,24282
0.405,1.3296875,8754
0.405,1.4015624999999998,1180
0.405,1.4734374999999997,0
0.405,1.5453125,0
0.405,1.6171875,0
0.405,1.6890625,0
0.405,1.7609374999999998,0
0.405,1.8328125000000002,0
0.405,1.9046874999999996,0
0.405,1.9765625,0
0.405,2.0484374999999995,0
0.405,2.1203125,0
0.405,2.1921875,0
0.405,2.2640624999999996,0
0.415,-2.2640624999999996,0
0.415,-2.1921874999999997,0
0.415,-2.1203125,0
0.415,-2.0484375,0
0.415,-1.9765624999999998,0
0.415,-1.9046874999999999,0
0.415,-1.8328124999999997,0
0.415,-1.7609374999999998,0
0.415,-1.6890625,0
0.415,-1.6171875,0
0.415,-1.5453124999999999,0
0.415,-1.4734374999999997,0
0.415,-1.4015624999999998,59
0.415,-1.3296875,3659
0.415,-1.2578125,17038
0.415,-1.1859374999999999,30064
0.415,-1.1140625,30473
0.415,-1.0421874999999998,29259
0.415,-0.9703124999999999,28149
0.415,-0.8984375,26956
0.415,-0.8265624999999999,26259
0.415,-0.7546875,25428
0.415,-0.6828125,24391
0.415,-0.6109374999999999,22271
0.415,-0.5390625,22443
0.415,-0.46718749999999987,22422
0.415,-0.39531249999999996,22063
0.415,-0.32343750000000004,20166
0.415,-0.2515624999999999,19593
0.415,-0.1796875,19469
0.415,-0.10781250000000009,21035
0.415,-0.03593750000000018,20886
0.415,0.03593750000000018,20846
0.415,0.10781250000000009,20335
0.415,0.1796875,20379
0.415,0.2515624999999999,22341
0.415,0.3234374999999998,21822
0.415,0.3953125000000002,22380
0.415,0.4671875000000001,22431
0.415,0.5390625,22704
0.415,0.6109374999999999,22239
0.415,0.6828124999999998,23584
0.415,0.7546874999999997,23154
0.415,0.8265625000000001,23502
0.415,0.8984375,24466
0.415,0.9703124999999999,25965
0.415,1.0421874999999998,27300
0.415,1.1140624999999997,29372
0.415,1.1859375,30230
0.415,1.2578125,17574
0.415,1.3296875,4157
0.415,1.4015624999999998,52
0.415,1.4734374999999997,0
0.415,1.5453125,0
0.415,1.6171875,0
0.415,1.6890625,0
0.415,1.7609374999999998,0
0.415,1.8328125000000002,0
0.415,1.9046874999999996,0
0.415,1.9765625,0
0.415,2.0484374999999995,0
0.415,2.1203125,0
0.415,2.1921875,0
0.415,2.2640624999999996,0
0.425,-2.2640624999999996,0
0.425,-2.1921874999999997,0
0.425,-2.1203125,0
0.425,-2.0484375,0
0.425,-1.9765624999999998,0
0.425,-1.9046874999999999,0
0.425,-1.8328124999999997,0
0.425,-1.7609374999999998,0
0.425,-1.6890625,0
0.425,-1.6171875,0
0.425,-1.5453124999999999,0
0.425,-1.4734374999999997,0
0.425,-1.4015624999999998,0
0.425,-1.3296875,1009
0.425,-1.2578125,9673
0.425,-1.1859374999999999,29090
0.425,-1.1140625,32949
0.425,-1.0421874999999998,32546
0.425,-0.9703124999999999,30476
0.425,-0.8984375,29665
0.425,-0.8265624999999999,28418
0.425,-0.7546875,27207
0.425,-0.6828125,26498
0.425,-0.6109374999999999,24153
0.425,-0.5390625,24448
0.425,-0.46718749999999987,24109
0.425,-0.39531249999999996,24318
0.425,-0.32343750000000004,22650
0.425,-0.2515624999999999,22378
0.425,-0.1796875,21880
0.425,-0.10781250000000009,22797
0.425,-0.03593750000000018,22445
0.425,0.03593750000000018,22106
0.425,0.10781250000000009,22323
0.425,0.1796875,22949
0.425,0.2515624999999999,24452
0.425,0.3234374999999998,23952
0.425,0.3953125000000002,24675
0.425,0.4671875000000001,24933
0.425,0.5390625,25580
0.425,0.6109374999999999,24811
0.425,0.6828124999999998,25810
0.425,0.7546874999999997,26643
0.425,0.8265625000000001,26363
0.425,0.8984375,26528
0.425,0.9703124999999999,27525
0.425,1.0421874999999998,30673
0.425,1.1140624999999997,32431
0.425,1.1859375,30100
0.425,1.2578125,10039
0.425,1.3296875,1242
0.425,1.4015624999999998,0
0.425,1.4734374999999997,0
0.425,1.5453125,0
0.425,1.6171875,0
0.425,1.6890625,0
0.425,1.7609374999999998,0
0.425,1.8328125000000002,0
0.425,1.9046874999999996,0
0.425,1.9765625,0
0.425,2.0484374999999995,0
0.425,2.1203125,0
0.425,2.1921875,0
0.425,2.2640624999999996,0
0.435,-2.2640624999999996,0
0.435,-2.1921874999999997,0
0.435,-2.1203125,0
0.435,-2.0484375,0
0.435,-1.9765624999999998,0
0.435,-1.9046874999999999,0
0.435,-1.8328124999999997,0
0.435,-1.7609374999999998,0
0.435,-1.6890625,0
0.435,-1.6171875,0
0.435,-1.5453124999999999,0
0.435,-1.4734374999999997,0
0.435,-1.4015624999999998,0
0.435,-1.3296875,50
0.435,-1.2578125,4953
0.435,-1.1859374999999999,22490
0.435,-1.1140625,36120
0.435,-1.0421874999999998,36309
0.435,-0.9703124999999999,33934
0.435,-0.8984375,32949
0.435,-0.8265624999999999,30869
0.435,-0.7546875,29944
0.435,-0.6828125,29697
0.435,-0.6109374999999999,26784
0.435,-0.5390625,26813
0.435,-0.46718749999999987,26229
0.435,-0.39531249999999996,25536
0.435,-0.32343750000000004,24815
0.435,-0.2515624999999999,24935
0.435,-0.1796875,24084
0.435,-0.10781250000000009,24651
0.435,-0.03593750000000018,24842
0.435,0.03593750000000018,24205
0.435,0.10781250000000009,24526
0.435,0.1796875,25293
0.435,0.2515624999999999,26472
0.435,0.3234374999999998,26407
0.435,0.3953125000000002,26931
0.435,0.4671875000000001,27866
0.435,0.5390625,28465
0.435,0.6109374999999999,27405
0.435,0.6828124999999998,28585
0.435,0.7546874999999997,29310
0.435,0.8265625000000001,29670
0.435,0.8984375,29014
0.435,0.9703124999999999,30699
0.435,1.0421874999999998,34048
0.435,1.1140624999999997,35741
0.435,1.1859375,22882
0.435,1.2578125,4753
0.435,1.3296875,57
0.435,1.4015624999999998,0
0.435,1.4734374999999997,0
0.435,1.5453125,0
0.435,1.6171875,0
0.435,1.6890625,0
0.435,1.7609374999999998,0
0.435,1.8328125000000002,0
0.435,1.9046874999999996,0
0.435,1.9765625,0
0.435,2.0484374999999995,0
0.435,2.1203125,0
0.435,2.1921875,0
0.435,2.2640624999999996,0
0.445,-2.2640624999999996,0
0.445,-2.1921874999999997,0
0.445,-2.1203125,0
0.445,-2.0484375,0
0.445,-1.9765624999999998,0
0.445,-1.9046874999999999,0
0.445,-1.8328124999999997,0
0.445,-1.7609374999999998,0
0.445,-1.6890625,0
0.445,-1.6171875,0
0.445,-1.5453124999999999,0
0.445,-1.4734374999999997,0
0.445,-1.4015624999999998,0
0.445,-1.3296875,0
0.445,-1.2578125,1476
0.445,-1.1859374999999999,13453
0.445,-1.1140625,37863
0.445,-1.0421874999999998,40267
0.445,-0.9703124999999999,37871
0.445,-0.8984375,35625
0.445,-0.8265624999999999,34035
0.445,-0.7546875,33513
0.445,-0.6828125,32623
0.445,-0.6109374999999999,29990
0.445,-0.5390625,29133
0.445,-0.46718749999999987,28488
0.445,-0.39531249999999996,28082
0.445,-0.32343750000000004,27600
0.445,-0.2515624999999999,27341
0.445,-0.1796875,26459
0.445,-0.10781250000000009,26293
0.445,-0.03593750000000018,27353
0.445,0.03593750000000018,26093
0.445,0.10781250000000009,27020
0.445,0.1796875,28159
0.445,0.2515624999999999,29084
0.445,0.3234374999999998,28764
0.445,0.3953125000000002,29569
0.445,0.4671875000000001,30603
0.445,0.5390625,31522
0.445,0.6109374999999999,31441
0.445,0.6828124999999998,31702
0.445,0.7546874999999997,32025
0.445,0.8265625000000001,32936
0.445,0.8984375,31873
0.445,0.9703124999999999,33678
0.445,1.0421874999999998,37388
0.445,1.1140624999999997,36464
0.445,1.1859375,13586
0.445,1.2578125,1469
0.445,1.3296875,0
0.445,1.4015624999999998,0
0.445,1.4734374999999997,0
0.445,1.5453125,0
0.445,1.6171875,0
0.445,1.6890625,0
0.445,1.7609374999999998,0
0.445,1.8328125000000002,0
0.445,1.9046874999999996,0
0.445,1.9765625,0
0.445,2.0484374999999995,0
0.445,2.1203125,0
0.445,2.1921875,0
0.445,2.2640624999999996,0
0.455,-2.2640624999999996,0
0.455,-2.1921874999999997,0
0.455,-2.1203125,0
0.455,-2.0484375,0
0.455,-1.9765624999999998,0
0.455,-1.9046874999999999,0
0.455,-1.8328124999999997,0
0.455,-1.7609374999999998,0
0.455,-1.6890625,0
0.455,-1.6171875,0
0.455,-1.5453124999999999,0
0.455,-1.4734374999999997,0
0.455,-1.4015624999999998,0
0.455,-1.3296875,0
0.455,-1.2578125,108
0.455,-1.1859374999999999,7254
0.455,-1.1140625,31401
0.455,-1.0421874999999998,44172
0.455,-0.9703124999999999,40919
0.455,-0.8984375,39219
0.455,-0.8265624999999999,37356
0.455,-0.7546875,37350
0.455,-0.6828125,35495
0.455,-0.6109374999999999,33285
0.455,-0.5390625,31968
0.455,-0.46718749999999987,31296
0.455,-0.39531249999999996,30800
0.455,-0.32343750000000004,30513
0.455,-0.2515624999999999,29468
0.455,-0.1796875,29278
0.455,-0.10781250000000009,28509
0.455,-0.03593750000000018,29827
0.455,0.03593750000000018,29102
0.455,0.10781250000000009,30029
0.455,0.1796875,30842
0.455,0.2515624999999999,32078
0.455,0.3234374999999998,32105
0.455,0.3953125000000002,32978
0.455,0.4671875000000001,33242
0.455,0.5390625,34944
0.455,0.6109374999999999,34609
0.455,0.6828124999999998,35761
0.455,0.7546874999999997,35671
0.455,0.8265625000000001,35983
0.455,0.8984375,35822
0.455,0.9703124999999999,37719
0.455,1.0421874999999998,40508
0.455,1.1140624999999997,29933
0.455,1.1859375,7211
0.455,1.2578125,119
0.455,1.3296875,0
0.455,1.4015624999999998,0
0.455,1.4734374999999997,0
0.455,1.5453125,0
0.455,1.6171875,0
0.455,1.6890625,0
0.455,1.7609374999999998,0
0.455,1.8328125000000002,0
0.455,1.9046874999999996,0
0.455,1.9765625,0
0.455,2.0484374999999995,0
0.455,2.1203125,0
0.455,2.1921875,0
0.455,2.2640624999999996,0
0.465,-2.2640624999999996,0
0.465,-2.1921874999999997,0
0.465,-2.1203125,0
0.465,-2.0484375,0
0.465,-1.9765624999999998,0
0.465,-1.9046874999999999,0
0.465,-1.8328124999999997,0
0.465,-1.7609374999999998,0
0.465,-1.6890625,0
0.465,-1.6171875,0
0.465,-1.5453124999999999,0
0.465,-1.4734374999999997,0
0.465,-1.4015624999999998,0
0.465,-1.3296875,0
0.465,-1.2578125,0
0.465,-1.1859374999999999,2539
0.465,-1.1140625,19450
0.465,-1.0421874999999998,46786
0.465,-0.9703124999999999,45257
0.465,-0.8984375,43872
0.465,-0.8265624999999999,41188
0.465,-0.7546875,41090
0.465,-0.6828125,39302
0.465,-0.6109374999999999,36852
0.465,-0.5390625,35130
0.465,-0.46718749999999987,34637
0.465,-0.39531249999999996,33943
0.465,-0.32343750000000004,33769
0.465,-0.2515624999999999,31997
0.465,-0.1796875,31628
0.465,-0.10781250000000009,31187
0.465,-0.03593750000000018,32720
0.465,0.03593750000000018,32313
0.465,0.10781250000000009,32419
0.465,0.1796875,33921
0.465,0.2515624999999999,35114
0.465,0.3234374999999998,35166
0.465,0.3953125000000002,36743
0.465,0.4671875000000001,36583
0.465,0.5390625,37940
0.465,0.6109374999999999,38118
0.465,0.6828124999999998,39868
0.465,0.7546874999999997,39815
0.465,0.8265625000000001,38918
0.465,0.8984375,38969
0.465,0.9703124999999999,41769
0.465,1.0421874999999998,43257
0.465,1.1140624999999997,18968
0.465,1.1859375,2523
0.465,1.2578125,0
0.465,1.3296875,0
0.465,1.4015624999999998,0
0.465,1.4734374999999997,0
0.465,1.5453125,0
0.465,1.6171875,0
0.465,1.6890625,0
0.465,1.7609374999999998,0
0.465,1.8328125000000002,0
0.465,1.9046874999999996,0
0.465,1.9765625,0
0.465,2.0484374999999995,0
0.465,2.1203125,0
0.465,2.1921875,0
0.465,2.2640624999999996,0
0.475,-2.2640624999999996,0
0.475,-2.1921874999999997,0
0.475,-2.1203125,0
0.475,-2.0484375,0
0.475,-1.9765624999999998,0
0.475,-1.9046874999999999,0
0.475,-1.8328124999999997,0
0.475,-1.7609374999999998,0
0.475,-1.6890625,0
0.475,-1.6171875,0
0.475,-1.5453124999999999,0
0.475,-1.4734374999999997,0
0.475,-1.4015624999999998,0
0.475,-1.3296875,0
0.475,-1.2578125,0
0.475,-1.1859374999999999,317
0.475,-1.1140625,10155
0.475,-1.0421874999999998,41148
0.475,-0.9703124999999999,49691
0.475,-0.8984375,48652
0.475,-0.8265624999999999,45981
0.475,-0.7546875,45160
0.475,-0.6828125,43432
0.475,-0.6109374999999999,40261
0.475,-0.5390625,38883
0.475,-0.46718749999999987,38187
0.475,-0.39531249999999996,37956
0.475,-0.32343750000000004,37018
0.475,-0.2515624999999999,34981
0.475,-0.1796875,35065
0.475,-0.10781250000000009,34302
0.475,-0.03593750000000018,35501
0.475,0.03593750000000018,35122
0.475,0.10781250000000009,35918
0.475,0.1796875,37148
0.475,0.2515624999999999,38352
0.475,0.3234374999999998,39282
0.475,0.3953125000000002,40966
0.475,0.4671875000000001,40813
0.475,0.5390625,42287
0.475,0.6109374999999999,42830
0.475,0.6828124999999998,44825
0.475,0.7546874999999997,44733
0.475,0.8265625000000001,43549
0.475,0.8984375,43677
0.475,0.9703124999999999,45746
0.475,1.0421874999999998,38224
0.475,1.1140624999999997,10533
0.475,1.1859375,306
0.475,1.2578125,0
0.475,1.3296875,0
0.475,1.4015624999999998,0
0.475,1.4734374999999997,0
0.475,1.5453125,0
0.475,1.6171875,0
0.475,1.6890625,0
0.475,1.7609374999999998,0
0.475,1.8328125000000002,0
0.475,1.9046874999999996,0
0.475,1.9765625,0
0.475,2.0484374999999995,0
0.475,2.1203125,0
0.475,2.1921875,0
0.475,2.2640624999999996,0
0.485,-2.2640624999999996,0
0.485,-2.1921874999999997,0
0.485,-2.1203125,0
0.485,-2.0484375,0
0.485,-1.9765624999999998,0
0.485,-1.9046874999999999,0
0.485,-1.8328124999999997,0
0.485,-1.7609374999999998,0
0.485,-1.6890625,0
0.485,-1.6171875,0
0.485,-1.5453124999999999,0
0.485,-1.4734374999999997,0
0.485,-1.4015624999999998,0
0.485,-1.3296875,0
0.485,-1.2578125,0
0.485,-1.1859374999999999,0
0.485,-1.1140625,4060
0.485,-1.0421874999999998,27052
0.485,-0.9703124999999999,54597
0.485,-0.8984375,53755
0.485,-0.8265624999999999,50791
0.485,-0.7546875,49571
0.485,-0.6828125,47027
0.485,-0.6109374999999999,44502
0.485,-0.5390625,43627
0.485,-0.46718749999999987,42296
0.485,-0.39531249999999996,42768
0.485,-0.32343750000000004,40762
0.485,-0.2515624999999999,38709
0.485,-0.1796875,38462
0.485,-0.10781250000000009,38344
0.485,-0.03593750000000018,38809
0.485,0.03593750000000018,38184
0.485,0.10781250000000009,38924
0.485,0.1796875,40387
0.485,0.2515624999999999,41588
0.485,0.3234374999999998,43275
0.485,0.3953125000000002,44731
0.485,0.4671875000000001,44931
0.485,0.5390625,46287
0.485,0.6109374999999999,46873
0.485,0.6828124999999998,49761
0.485,0.7546874999999997,49693
0.485,0.8265625000000001,48514
0.485,0.8984375,48589
0.485,0.9703124999999999,50039
0.485,1.0421874999999998,25341
0.485,1.1140624999999997,4304
0.485,1.1859375,0
0.485,1.2578125,0
0.485,1.3296875,0
0.485,1.4015624999999998,0
0.485,1.4734374999999997,0
0.485,1.5453125,0
0.485,1.6171875,0
0.485,1.6890625,0
0.485,1.7609374999999998,0
0.485,1.8328125000000002,0
0.485,1.9046874999999996,0
0.485,1.9765625,0
0.485,2.0484374999999995,0
0.485,2.1203125,0
0.485,2.1921875,0
0.485,2.2640624999999996,0
0.495,-2.2640624999999996,0
0.495,-2.1921874999999997,0
0.495,-2.1203125,0
0.495,-2.0484375,0
0.495,-1.9765624999999998,0
0.495,-1.9046874999999999,0
0.495,-1.8328124999999997,0
0.495,-1.7609374999999998,0
0.495,-1.6890625,0
0.495,-1.6171875,0
0.495,-1.5453124999999999,0
0.495,-1.4734374999999997,0
0.495,-1.4015624999999998,0
0.495,-1.3296875,0
0.495,-1.2578125,0
0.495,-1.1859374999999999,0
0.495,-1.1140625,789
0.495,-1.0421874999999998,15068
0.495,-0.9703124999999999,51254
0.495,-0.8984375,58811
0.495,-0.8265624999999999,55520
0.495,-0.7546875,53262
0.495,-0.6828125,50690
0.495,-0.6109374999999999,50105
0.495,-0.5390625,48834
0.495,-0.46718749999999987,47232
0.495,-0.39531249999999996,46961
0.495,-0.32343750000000004,45051
0.495,-0.2515624999999999,41911
0.495,-0.1796875,41800
0.495,-0.10781250000000009,42198
0.495,-0.03593750000000018,42166
0.495,0.03593750000000018,40946
0.495,0.10781250000000009,42598
0.495,0.1796875,43903
0.495,0.2515624999999999,45916
0.495,0.3234374999999998,47476
0.495,0.3953125000000002,49056
0.495,0.4671875000000001,49443
0.495,0.5390625,51224
0.495,0.6109374999999999,52706
0.495,0.6828124999999998,54479
0.495,0.7546874999999997,55038
0.495,0.8265625000000001,53158
0.495,0.8984375,53438
0.495,0.9703124999999999,45438
0.495,1.0421874999999998,14202
0.495,1.1140624999999997,800
0.495,1.1859375,0
0.495,1.2578125,0
0.495,1.3296875,0
0.495,1.4015624999999998,0
0.495,1.4734374999999997,0
0.495,1.5453125,0
0.495,1.6171875,0
0.495,1.6890625,0
0.495,1.7609374999999998,0
0.495,1.8328125000000002,0
0.495,1.9046874999999996,0
0.495,1.9765625,0
0.495,2.0484374999999995,0
0.495,2.1203125,0
0.495,2.1921875,0
0.495,2.2640624999999996,0
0.505,-2.2640624999999996,0
0.505,-2.1921874999999997,0
0.505,-2.1203125,0
0.505,-2.0484375,0
0.505,-1.9765624999999998,0
0.505,-1.9046874999999999,0
0.505,-1.8328124999999997,0
0.505,-1.7609374999999998,0
0.505,-1.6890625,0
0.505,-1.6171875,0
0.505,-1.5453124999999999,0
0.505,-1.4734374999999997,0
0.505,-1.4015624999999998,0
0.505,-1.3296875,0
0.505,-1.2578125,0
0.505,-1.1859374999999999,0
0.505,-1.1140625,14
0.505,-1.0421874999999998,6962
0.505,-0.9703124999999999,36075
0.505,-0.8984375,63503
0.505,-0.8265624999999999,62230
0.505,-0.7546875,58658
0.505,-0.6828125,56040
0.505,-0.6109374999999999,55827
0.505,-0.5390625,53979
0.505,-0.46718749999999987,51188
0.505,-0.39531249999999996,51687
0.505,-0.32343750000000004,50038
0.505,-0.2515624999999999,46321
0.505,-0.1796875,45542
0.505,-0.10781250000000009,46412
0.505,-0.03593750000000018,46494
0.505,0.03593750000000018,45565
0.505,0.10781250000000009,46868
0.505,0.1796875,48496
0.505,0.2515624999999999,50282
0.505,0.3234374999999998,50741
0.505,0.3953125000000002,53992
0.505,0.4671875000000001,55343
0.505,0.5390625,56299
0.505,0.6109374999999999,58303
0.505,0.6828124999999998,59143
0.505,0.7546874999999997,61076
0.505,0.8265625000000001,59328
0.505,0.8984375,59022
0.505,0.9703124999999999,31610
0.505,1.0421874999999998,6521
0.505,1.1140624999999997,9
0.505,1.1859375,0
0.505,1.2578125,0
0.505,1.3296875,0
0.505,1.4015624999999998,0
0.505,1.4734374999999997,0
0.505,1.5453125,0
0.505,1.6171875,0
0.505,1.6890625,0
0.505,1.7609374999999998,0
0.505,1.8328125000000002,0
0.505,1.9046874999999996,0
0.505,1.9765625,0
0.505,2.0484374999999995,0
0.505,2.1203125,0
0.505,2.1921875,0
0.505,2.2640624999999996,0
0.515,-2.2640624999999996,0
0.515,-2.1921874999999997,0
0.515,-2.1203125,0
0.515,-2.0484375,0
0.515,-1.9765624999999998,0
0.515,-1.9046874999999999,0
0.515,-1.8328124999999997,0
0.515,-1.7609374999999998,0
0.515,-1.6890625,0
0.515,-1.6171875,0
0.515,-1.5453124999999999,0
0.515,-1.4734374999999997,0
0.515,-1.4015624999999998,0
0.515,-1.3296875,0
0.515,-1.2578125,0
0.515,-1.1859374999999999,0
0.515,-1.1140625,0
0.515,-1.0421874999999998,1870
0.515,-0.9703124999999999,20334
0.515,-0.8984375,60108
0.515,-0.8265624999999999,68979
0.515,-0.7546875,65691
0.515,-0.6828125,61828
0.515,-0.6109374999999999,62385
0.515,-0.5390625,59832
0.515,-0.46718749999999987,57311
0.515,-0.39531249999999996,57563
0.515,-0.32343750000000004,56055
0.515,-0.2515624999999999,50787
0.515,-0.1796875,50243
0.515,-0.10781250000000009,51803
0.515,-0.03593750000000018,51250
0.515,0.03593750000000018,49831
0.515,0.10781250000000009,51593
0.515,0.1796875,53495
0.515,0.2515624999999999,55734
0.515,0.3234374999999998,56238
0.515,0.3953125000000002,59633
0.515,0.4671875000000001,60744
0.515,0.5390625,62638
0.515,0.6109374999999999,64562
0.515,0.6828124999999998,65539
0.515,0.7546874999999997,66658
0.515,0.8265625000000001,65648
0.515,0.8984375,55237
0.515,0.9703124999999999,17527
0.515,1.0421874999999998,1591
0.515,1.1140624999999997,0
0.515,1.1859375,0
0.515,1.2578125,0
0.515,1.3296875,0
0.515,1.4015624999999998,0
0.515,1.4734374999999997,0
0.515,1.5453125,0
0.515,1.6171875,0
0.515,1.6890625,0
0.515,1.7609374999999998,0
0.515,1.8328125000000002,0
0.515,1.9046874999999996,0
0.515,1.9765625,0
0.515,2.0484374999999995,0
0.515,2.1203125,0
0.515,2.1921875,0
0.515,2.2640624999999996,0
0.525,-2.2640624999999996,0
0.525,-2.1921874999999997,0
0.525,-2.1203125,0
0.525,-2.0484375,0
0.525,-1.9765624999999998,0
0.525,-1.9046874999999999,0
0.525,-1.8328124999999997,0
0.525,-1.7609374999999998,0
0.525,-1.6890625,0
0.525,-1.6171875,0
0.525,-1.5453124999999999,0
0.525,-1.4734374999999997,0
0.525,-1.4015624999999998,0
0.525,-1.3296875,0
0.525,-1.2578125,0
0.525,-1.1859374999999999,0
0.525,-1.1140625,0
0.525,-1.0421874999999998,70
0.525,-0.9703124999999999,9897
0.525,-0.8984375,42266
0.525,-0.8265624999999999,75005
0.525,-0.7546875,72860
0.525,-0.6828125,69308
0.525,-0.6109374999999999,68075
0.525,-0.5390625,67819
0.525,-0.46718749999999987,64062
0.525,-0.39531249999999996,63649
0.525,-0.32343750000000004,62130
0.525,-0.2515624999999999,56185
0.525,-0.1796875,55828
0.525,-0.10781250000000009,57874
0.525,-0.03593750000000018,55957
0.525,0.03593750000000018,55217
0.525,0.10781250000000009,56300
0.525,0.1796875,59049
0.525,0.2515624999999999,61513
0.525,0.3234374999999998,62152
0.525,0.3953125000000002,65516
0.525,0.4671875000000001,67582
0.525,0.5390625,69140
0.525,0.6109374999999999,70913
0.525,0.6828124999999998,71972
0.525,0.7546874999999997,73432
0.525,0.8265625000000001,71961
0.525,0.8984375,38434
0.525,0.9703124999999999,8648
0.525,1.0421874999999998,51
0.525,1.1140624999999997,0
0.525,1.1859375,0
0.525,1.2578125,0
0.525,1.3296875,0
0.525,1.4015624999999998,0
0.525,1.4734374999999997,0
0.525,1.5453125,0
0.525,1.6171875,0
0.525,1.6890625,0
0.525,1.7609374999999998,0
0.525,1.8328125000000002,0
0.525,1.9046874999999996,0
0.525,1.9765625,0
0.525,2.0484374999999995,0
0.525,2.1203125,0
0.525,2.1921875,0
0.525,2.2640624999999996,0
0.535,-2.2640624999999996,0
0.535,-2.1921874999999997,0
0.535,-2.1203125,0
0.535,-2.0484375,0
0.535,-1.9765624999999998,0
0.535,-1.9046874999999999,0
0.535,-1.8328124999999997,0
0.535,-1.7609374999999998,0
0.535,-1.6890625,0
0.535,-1.6171875,0
0.535,-1.5453124999999999,0
0.535,-1.4734374999999997,0
0.535,-1.4015624999999998,0
0.535,-1.3296875,0
0.535,-1.2578125,0
0.535,-1.1859374999999999,0
0.535,-1.1140625,0
0.535,-1.0421874999999998,0
0.535,-0.9703124999999999,2598
0.535,-0.8984375,23789
0.535,-0.8265624999999999,70504
0.535,-0.7546875,81242
0.535,-0.6828125,77401
0.535,-0.6109374999999999,74360
0.535,-0.5390625,75109
0.535,-0.46718749999999987,70724
0.535,-0.39531249999999996,68505
0.535,-0.32343750000000004,68850
0.535,-0.2515624999999999,62487
0.535,-0.1796875,62337
0.535,-0.10781250000000009,63949
0.535,-0.03593750000000018,61715
0.535,0.03593750000000018,61300
0.535,0.10781250000000009,62830
0.535,0.1796875,64753
0.535,0.2515624999999999,68067
0.535,0.3234374999999998,69680
0.535,0.3953125000000002,72781
0.535,0.4671875000000001,74009
0.535,0.5390625,76633
0.535,0.6109374999999999,79119
0.535,0.6828124999999998,80538
0.535,0.7546874999999997,81961
0.535,0.8265625000000001,68416
0.535,0.8984375,22198
0.535,0.9703124999999999,2317
0.535,1.0421874999999998,0
0.535,1.1140624999999997,0
0.535,1.1859375,0
0.535,1.2578125,0
0.535,1.3296875,0
0.535,1.4015624999999998,0
0.535,1.4734374999999997,0
0.535,1.5453125,0
0.535,1.6171875,0
0.535,1.6890625,0
0.535,1.7609374999999998,0
0.535,1.8328125000000002,0
0.535,1.9046874999999996,0
0.535,1.9765625,0
0.535,2.0484374999999995,0
0.535,2.1203125,0
0.535,2.1921875,0
0.535,2.2640624999999996,0
0.545,-2.2640624999999996,0
0.545,-2.1921874999999997,0
0.545,-2.1203125,0
0.545,-2.0484375,0
0.545,-1.9765624999999998,0
0.545,-1.9046874999999999,0
0.545,-1.8328124999999997,0
0.545,-1.7609374999999998,0
0.545,-1.6890625,0
0.545,-1.6171875,0
0.545,-1.5453124999999999,0
0.545,-1.4734374999999997,0
0.545,-1.4015624999999998,0
0.545,-1.3296875,0
0.545,-1.2578125,0
0.545,-1.1859374999999999,0
0.545,-1.1140625,0
0.545,-1.0421874999999998,0
0.545,-0.9703124999999999,141
0.545,-0.8984375,11688
0.545,-0.8265624999999999,48691
0.545,-0.7546875,87919
0.545,-0.6828125,84720
0.545,-0.6109374999999999,82374
0.545,-0.5390625,82847
0.545,-0.46718749999999987,77133
0.545,-0.39531249999999996,75599
0.545,-0.32343750000000004,75849
0.545,-0.2515624999999999,70246
0.545,-0.1796875,69329
0.545,-0.10781250000000009,70641
0.545,-0.03593750000000018,67380
0.545,0.03593750000000018,68401
0.545,0.10781250000000009,69641
0.545,0.1796875,71788
0.545,0.2515624999999999,75413
0.545,0.3234374999999998,76930
0.545,0.3953125000000002,79140
0.545,0.4671875000000001,81684
0.545,0.5390625,84420
0.545,0.6109374999999999,86052
0.545,0.6828124999999998,89541
0.545,0.7546874999999997,90141
0.545,0.8265625000000001,47600
0.545,0.8984375,10769
0.545,0.9703124999999999,123
0.545,1.0421874999999998,0
0.545,1.1140624999999997,0
0.545,1.1859375,0
0.545,1.2578125,0
0.545,1.3296875,0
0.545,1.4015624999999998,0
0.545,1.4734374999999997,0
0.545,1.5453125,0
0.545,1.6171875,0
0.545,1.6890625,0
0.545,1.7609374999999998,0
0.545,1.8328125000000002,0
0.545,1.9046874999999996,0
0.545,1.9765625,0
0.545,2.0484374999999995,0
0.545,2.1203125,0
0.545,2.1921875,0
0.545,2.2640624999999996,0
0.555,-2.2640624999999996,0
0.555,-2.1921874999999997,0
0.555,-2.1203125,0
0.555,-2.0484375,0
0.555,-1.9765624999999998,0
0.555,-1.9046874999999999,0
0.555,-1.8328124999999997,0
0.555,-1.7609374999999998,0
0.555,-1.6890625,0
0.555,-1.6171875,0
0.555,-1.5453124999999999,0
0.555,-1.4734374999999997,0
0.555,-1.4015624999999998,0
0.555,-1.3296875,0
0.555,-1.2578125,0
0.555,-1.1859374999999999,0
0.555,-1.1140625,0
0.555,-1.0421874999999998,0
0.555,-0.9703124999999999,0
0.555,-0.8984375,3129
0.555,-0.8265624999999999,27287
0.555,-0.7546875,77273
0.555,-0.6828125,93620
0.555,-0.6109374999999999,92021
0.555,-0.5390625,90497
0.555,-0.46718749999999987,85851
0.555,-0.39531249999999996,84288
0.555,-0.32343750000000004,82333
0.555,-0.2515624999999999,78715
0.555,-0.1796875,77092
0.555,-0.10781250000000009,78069
0.555,-0.03593750000000018,74913
0.555,0.03593750000000018,75333
0.555,0.10781250000000009,76701
0.555,0.1796875,79726
0.555,0.2515624999999999,82407
0.555,0.3234374999999998,85260
0.555,0.3953125000000002,87557
0.555,0.4671875000000001,90662
0.555,0.5390625,93406
0.555,0.6109374999999999,95532
0.555,0.6828124999999998,99895
0.555,0.7546874999999997,79440
0.555,0.8265625000000001,27046
0.555,0.8984375,2712
0.555,0.9703124999999999,0
0.555,1.0421874999999998,0
0.555,1.1140624999999997,0
0.555,1.1859375,0
0.555,1.2578125,0
0.555,1.3296875,0
0.555,1.4015624999999998,0
0.555,1.4734374999999997,0
0.555,1.5453125,0
0.555,1.6171875,0
0.555,1.6890625,0
0.555,1.7609374999999998,0
0.555,1.8328125000000002,0
0.555,1.9046874999999996,0
0.555,1.9765625,0
0.555,2.0484374999999995,0
0.555,2.1203125,0
0.555,2.1921875,0
0.555,2.2640624999999996,0
0.565,-2.2640624999999996,0
0.565,-2.1921874999999997,0
0.565,-2.1203125,0
0.565,-2.0484375,0
0.565,-1.9765624999999998,0
0.565,-1.9046874999999999,0
0.565,-1.8328124999999997,0
0.565,-1.7609374999999998,0
0.565,-1.6890625,0
0.565,-1.6171875,0
0.565,-1.5453124999999999,0
0.565,-1.4734374999999997,0
0.565,-1.4015624999999998,0
0.565,-1.3296875,0
0.565,-1.2578125,0
0.565,-1.1859374999999999,0
0.565,-1.1140625,0
0.565,-1.0421874999999998,0
0.565,-0.9703124999999999,0
0.565,-0.8984375,153
0.565,-0.8265624999999999,12906
0.565,-0.7546875,48448
0.565,-0.6828125,98720
0.565,-0.6109374999999999,101501
0.565,-0.5390625,99568
0.565,-0.46718749999999987,93897
0.565,-0.39531249999999996,92255
0.565,-0.32343750000000004,91105
0.565,-0.2515624999999999,87030
0.565,-0.1796875,85306
0.565,-0.10781250000000009,85573
0.565,-0.03593750000000018,82465
0.565,0.03593750000000018,82322
0.565,0.10781250000000009,84692
0.565,0.1796875,86338
0.565,0.2515624999999999,91049
0.565,0.3234374999999998,94139
0.565,0.3953125000000002,95431
0.565,0.4671875000000001,99899
0.565,0.5390625,102953
0.565,0.6109374999999999,106166
0.565,0.6828124999999998,106315
0.565,0.7546874999999997,49774
0.565,0.8265625000000001,12299
0.565,0.8984375,115
0.565,0.9703124999999999,0
0.565,1.0421874999999998,0
0.565,1.1140624999999997,0
0.565,1.1859375,0
0.565,1.2578125,0
0.565,1.3296875,0
0.565,1.4015624999999998,0
0.565,1.4734374999999997,0
0.565,1.5453125,0
0.565,1.6171875,0
0.565,1.6890625,0
0.565,1.7609374999999998,0
0.565,1.8328125000000002,0
0.565,1.9046874999999996,0
0.565,1.9765625,0
0.565,2.0484374999999995,0
0.565,2.1203125,0
0.565,2.1921875,0
0.565,2.2640624999999996,0
0.575,-2.2640624999999996,0
0.575,-2.1921874999999997,0
0.575,-2.1203125,0
0.575,-2.0484375,0
0.575,-1.9765624999999998,0
0.575,-1.9046874999999999,0
0.575,-1.8328124999999997,0
0.575,-1.7609374999999998,0
0.575,-1.6890625,0
0.575,-1.6171875,0
0.575,-1.5453124999999999,0
0.575,-1.4734374999999997,0
0.575,-1.4015624999999998,0
0.575,-1.3296875,0
0.575,-1.2578125,0
0.575,-1.1859374999999999,0
0.575,-1.1140625,0
0.575,-1.0421874999999998,0
0.575,-0.9703124999999999,0
0.575,-0.8984375,0
0.575,-0.8265624999999999,3089
0.575,-0.7546875,27184
0.575,-0.6828125,79899
0.575,-0.6109374999999999,111551
0.575,-0.5390625,110331
0.575,-0.46718749999999987,103300
0.575,-0.39531249999999996,101018
0.575,-0.32343750000000004,100686
0.575,-0.2515624999999999,96557
0.575,-0.1796875,94872
0.575,-0.10781250000000009,93493
0.575,-0.03593750000000018,90006
0.575,0.03593750000000018,90934
0.575,0.10781250000000009,92296
0.575,0.1796875,95408
0.575,0.2515624999999999,101197
0.575,0.3234374999999998,103722
0.575,0.3953125000000002,104941
0.575,0.4671875000000001,110883
0.575,0.5390625,112962
0.575,0.6109374999999999,117145
0.575,0.6828124999999998,85593
0.575,0.7546874999999997,27496
0.575,0.8265625000000001,2860
0.575,0.8984375,0
0.575,0.9703124999999999,0
0.575,1.0421874999999998,0
0.575,1.1140624999999997,0
0.575,1.1859375,0
0.575,1.2578125,0
0.575,1.3296875,0
0.575,1.4015624999999998,0
0.575,1.4734374999999997,0
0.575,1.5453125,0
0.575,1.6171875,0
0.575,1.6890625,0
0.575,1.7609374999999998,0
0.575,1.8328125000000002,0
0.575,1.9046874999999996,0
0.575,1.9765625,0
0.575,2.0484374999999995,0
0.575,2.1203125,0
0.575,2.1921875,0
0.575,2.2640624999999996,0
0.585,-2.2640624999999996,0
0.585,-2.1921874999999997,0
0.585,-2.1203125,0
0.585,-2.0484375,0
0.585,-1.9765624999999998,0
0.585,-1.9046874999999999,0
0.585,-1.8328124999999997,0
0.585,-1.7609374999999998,0
0.585,-1.6890625,0
0.585,-1.6171875,0
0.585,-1.5453124999999999,0
0.585,-1.4734374999999997,0
0.585,-1.4015624999999998,0
0.585,-1.3296875,0
0.585,-1.2578125,0
0.585,-1.1859374999999999,0
0.585,-1.1140625,0
0.585,-1.0421874999999998,0
0.585,-0.9703124999999999,0
0.585,-0.8984375,0
0.585,-0.8265624999999999,88
0.585,-0.7546875,11708
0.585,-0.6828125,47784
0.585,-0.6109374999999999,110820
0.585,-0.5390625,122698
0.585,-0.46718749999999987,113656
0.585,-0.39531249999999996,111203
0.585,-0.32343750000000004,110928
0.585,-0.2515624999999999,106776
0.585,-0.1796875,105669
0.585,-0.10781250000000009,102896
0.585,-0.03593750000000018,99164
0.585,0.03593750000000018,99508
0.585,0.10781250000000009,102513
0.585,0.1796875,106008
0.585,0.2515624999999999,110946
0.585,0.3234374999999998,113987
0.585,0.3953125000000002,116361
0.585,0.4671875000000001,122846
0.585,0.5390625,126280
0.585,0.6109374999999999,116691
0.585,0.6828124999999998,49424
0.585,0.7546874999999997,11679
0.585,0.8265625000000001,85
0.585,0.8984375,0
0.585,0.9703124999999999,0
0.585,1.0421874999999998,0
0.585,1.1140624999999997,0
0.585,1.1859375,0
0.585,1.2578125,0
0.585,1.3296875,0
0.585,1.4015624999999998,0
0.585,1.4734374999999997,0
0.585,1.5453125,0
0.585,1.6171875,0
0.585,1.6890625,0
0.585,1.7609374999999998,0
0.585,1.8328125000000002,0
0.585,1.9046874999999996,0
0.585,1.9765625,0
0.585,2.0484374999999995,0
0.585,2.1203125,0
0.585,2.1921875,0
0.585,2.2640624999999996,0
0.595,-2.2640624999999996,0
0.595,-2.1921874999999997,0
0.595,-2.1203125,0
0.595,-2.0484375,0
0.595,-1.9765624999999998,0
0.595,-1.9046874999999999,0
0.595,-1.8328124999999997,0
0.595,-1.7609374999999998,0
0.595,-1.6890625,0
0.595,-1.6171875,0
0.595,-1.5453124999999999,0
0.595,-1.4734374999999997,0
0.595,-1.4015624999999998,0
0.595,-1.3296875,0
0.595,-1.2578125,0
0.595,-1.1859374999999999,0
0.595,-1.1140625,0
0.595,-1.0421874999999998,0
0.595,-0.9703124999999999,0
0.595,-0.8984375,0
0.595,-0.8265624999999999,0
0.595,-0.7546875,2043
0.595,-0.6828125,25846
0.595,-0.6109374999999999,77230
0.595,-0.5390625,133270
0.595,-0.46718749999999987,126118
0.595,-0.39531249999999996,121956
0.595,-0.32343750000000004,121220
0.595,-0.2515624999999999,118292
0.595,-0.1796875,116508
0.595,-0.10781250000000009,113544
0.595,-0.03593750000000018,109388
0.595,0.03593750000000018,109753
0.595,0.10781250000000009,112623
0.595,0.1796875,117298
0.595,0.2515624999999999,122438
0.595,0.3234374999999998,124958
0.595,0.3953125000000002,128505
0.595,0.4671875000000001,136633
0.595,0.5390625,137396
0.595,0.6109374999999999,81131
0.595,0.6828124999999998,26344
0.595,0.7546874999999997,2138
0.595,0.8265625000000001,0
0.595,0.8984375,0
0.595,0.9703124999999999,0
0.595,1.0421874999999998,0
0.595,1.1140624999999997,0
0.595,1.1859375,0
0.595,1.2578125,0
0.595,1.3296875,0
0.595,1.4015624999999998,0
0.595,1.4734374999999997,0
0.595,1.5453125,0
0.595,1.6171875,0
0.595,1.6890625,0
0.595,1.7609374999999998,0
0.595,1.8328125000000002,0
0.595,1.9046874999999996,0
0.595,1.9765625,0
0.595,2.0484374999999995,0
0.595,2.1203125,0
0.595,2.1921875,0
0.595,2.2640624999999996,0
0.605,-2.2640624999999996,0
0.605,-2.1921874999999997,0
0.605,-2.1203125,0
0.605,-2.0484375,0
0.605,-1.9765624999999998,0
0.605,-1.9046874999999999,0
0.605,-1.8328124999999997,0
0.605,-1.7609374999999998,0
0.605,-1.6890625,0
0.605,-1.6171875,0
0.605,-1.5453124999999999,0
0.605,-1.4734374999999997,0
0.605,-1.4015624999999998,0
0.605,-1.3296875,0
0.605,-1.2578125,0
0.605,-1.1859374999999999,0
0.605,-1.1140625,0
0.605,-1.0421874999999998,0
0.605,-0.9703124999999999,0
0.605,-0.8984375,0
0.605,-0.8265624999999999,0
0.605,-0.7546875,9
0.605,-0.6828125,9031
0.605,-0.6109374999999999,44740
0.605,-0.5390625,113351
0.605,-0.46718749999999987,139352
0.605,-0.39531249999999996,133865
0.605,-0.32343750000000004,132996
0.605,-0.2515624999999999,130309
0.605,-0.1796875,128426
0.605,-0.10781250000000009,123920
0.605,-0.03593750000000018,120645
0.605,0.03593750000000018,120229
0.605,0.10781250000000009,124428
0.605,0.1796875,129835
0.605,0.2515624999999999,134535
0.605,0.3234374999999998,136915
0.605,0.3953125000000002,141688
0.605,0.4671875000000001,150599
0.605,0.5390625,118205
0.605,0.6109374999999999,45927
0.605,0.6828124999999998,8975
0.605,0.7546874999999997,13
0.605,0.8265625000000001,0
0.605,0.8984375,0
0.605,0.9703124999999999,0
0.605,1.0421874999999998,0
0.605,1.1140624999999997,0
0.605,1.1859375,0
0.605,1.2578125,0
0.605,1.3296875,0
0.605,1.4015624999999998,0
0.605,1.4734374999999997,0
0.605,1.5453125,0
0.605,1.6171875,0
0.605,1.6890625,0
0.605,1.7609374999999998,0
0.605,1.8328125000000002,0
0.605,1.9046874999999996,0
0.605,1.9765625,0
0.605,2.0484374999999995,0
0.605,2.1203125,0
0.605,2.1921875,0
0.605,2.2640624999999996,0
0.615,-2.2640624999999996,0
0.615,-2.1921874999999997,0
0.615,-2.1203125,0
0.615,-2.0484375,0
0.615,-1.9765624999999998,0
0.615,-1.9046874999999999,0
0.615,-1.8328124999999997,0
0.615,-1.7609374999999998,0
0.615,-1.6890625,0
0.615,-1.6171875,0
0.615,-1.5453124999999999,0
0.615,-1.4734374999999997,0
0.615,-1.4015624999999998,0
0.615,-1.3296875,0
0.615,-1.2578125,0
0.615,-1.1859374999999999,0
0.615,-1.1140625,0
0.615,-1.0421874999999998,0
0.615,-0.9703124999999999,0
0.615,-0.8984375,0
0.615,-0.8265624999999999,0
0.615,-0.7546875,0
0.615,-0.6828125,871
0.615,-0.6109374999999999,21895
0.615,-0.5390625,67413
0.615,-0.46718749999999987,139814
0.615,-0.39531249999999996,147491
0.615,-0.32343750000000004,147767
0.615,-0.2515624999999999,143053
0.615,-0.1796875,140556
0.615,-0.10781250000000009,135128
0.615,-0.03593750000000018,132961
0.615,0.03593750000000018,132991
0.615,0.10781250000000009,137678
0.615,0.1796875,143835
0.615,0.2515624999999999,147768
0.615,0.3234374999999998,150925
0.615,0.3953125000000002,156931
0.615,0.4671875000000001,153642
0.615,0.5390625,71245
0.615,0.6109374999999999,22248
0.615,0.6828124999999998,907
0.615,0.7546874999999997,0
0.615,0.8265625000000001,0
0.615,0.8984375,0
0.615,0.9703124999999999,0
0.615,1.0421874999999998,0
0.615,1.1140624999999997,0
0.615,1.1859375,0
0.615,1.2578125,0
0.615,1.3296875,0
0.615,1.4015624999999998,0
0.615,1.4734374999999997,0
0.615,1.5453125,0
0.615,1.6171875,0
0.615,1.6890625,0
0.615,1.7609374999999998,0
0.615,1.8328125000000002,0
0.615,1.9046874999999996,0
0.615,1.9765625,0
0.615,2.0484374999999995,0
0.615,2.1203125,0
0.615,2.1921875,0
0.615,2.2640624999999996,0
0.625,-2.2640624999999996,0
0.625,-2.1921874999999997,0
0.625,-2.1203125,0
0.625,-2.0484375,0
0.625,-1.9765624999999998,0
0.625,-1.9046874999999999,0
0.625,-1.8328124999999997,0
0.625,-1.7609374999999998,0
0.625,-1.6890625,0
0.625,-1.6171875,0
0.625,-1.5453124999999999,0
0.625,-1.4734374999999997,0
0.625,-1.4015624999999998,0
0.625,-1.3296875,0
0.625,-1.2578125,0
0.625,-1.1859374999999999,0
0.625,-1.1140625,0
0.625,-1.0421874999999998,0
0.625,-0.9703124999999999,0
0.625,-0.8984375,0
0.625,-0.8265624999999999,0
0.625,-0.7546875,0
0.625,-0.6828125,0
0.625,-0.6109374999999999,4949
0.625,-0.5390625,37172
0.625,-0.46718749999999987,98280
0.625,-0.39531249999999996,161346
0.625,-0.32343750000000004,162708
0.625,-0.2515624999999999,157000
0.625,-0.1796875,154299
0.625,-0.10781250000000009,149584
0.625,-0.03593750000000018,146661
0.625,0.03593750000000018,146812
0.625,0.10781250000000009,150780
0.625,0.1796875,159579
0.625,0.2515624999999999,162277
0.625,0.3234374999999998,168857
0.625,0.3953125000000002,171754
0.625,0.4671875000000001,108812
0.625,0.5390625,39269
0.625,0.6109374999999999,5224
0.625,0.6828124999999998,0
0.625,0.7546874999999997,0
0.625,0.8265625000000001,0
0.625,0.8984375,0
0.625,0.9703124999999999,0
0.625,1.0421874999999998,0
0.625,1.1140624999999997,0
0.625,1.1859375,0
0.625,1.2578125,0
0.625,1.3296875,0
0.625,1.4015624999999998,0
0.625,1.4734374999999997,0
0.625,1.5453125,0
0.625,1.6171875,0
0.625,1.6890625,0
0.625,1.7609374999999998,0
0.625,1.8328125000000002,0
0.625,1.9046874999999996,0
0.625,1.9765625,0
0.625,2.0484374999999995,0
0.625,2.1203125,0
0.625,2.1921875,0
0.625,2.2640624999999996,0
0.635,-2.2640624999999996,0
0.635,-2.1921874999999997,0
0.635,-2.1203125,0
0.635,-2.0484375,0
0.635,-1.9765624999999998,0
0.635,-1.9046874999999999,0
0.635,-1.8328124999999997,0
0.635,-1.7609374999999998,0
0.635,-1.6890625,0
0.635,-1.6171875,0
0.635,-1.5453124999999999,0
0.635,-1.4734374999999997,0
0.635,-1.4015624999999998,0
0.635,-1.3296875,0
0.635,-1.2578125,0
0.635,-1.1859374999999999,0
0.635,-1.1140625,0
0.635,-1.0421874999999998,0
0.635,-0.9703124999999999,0
0.635,-0.8984375,0
0.635,-0.8265624999999999,0
0.635,-0.7546875,0
0.635,-0.6828125,0
0.635,-0.6109374999999999,126
0.635,-0.5390625,13775
0.635,-0.46718749999999987,55877
0.635,-0.39531249999999996,142869
0.635,-0.32343750000000004,180616
0.635,-0.2515624999999999,173808
0.635,-0.1796875,170553
0.635,-0.10781250000000009,167022
0.635,-0.03593750000000018,160513
0.635,0.03593750000000018,160834
0.635,0.10781250000000009,167309
0.635,0.1796875,176297
0.635,0.2515624999999999,178110
0.635,0.3234374999999998,185481
0.635,0.3953125000000002,150546
0.635,0.4671875000000001,61628
0.635,0.5390625,15658
0.635,0.6109374999999999,133
0.635,0.6828124999999998,0
0.635,0.7546874999999997,0
0.635,0.8265625000000001,0
0.635,0.8984375,0
0.635,0.9703124999999999,0
0.635,1.0421874999999998,0
0.635,1.1140624999999997,0
0.635,1.1859375,0
0.635,1.2578125,0
0.635,1.3296875,0
0.635,1.4015624999999998,0
0.635,1.4734374999999997,0
0.635,1.5453125,0
0.635,1.6171875,0
0.635,1.6890625,0
0.635,1.7609374999999998,0
0.635,1.8328125000000002,0
0.635,1.9046874999999996,0
0.635,1.9765625,0
0.635,2.0484374999999995,0
0.635,2.1203125,0
0.635,2.1921875,0
0.635,2.2640624999999996,0
0.645,-2.2640624999999996,0
0.645,-2.1921874999999997,0
0.645,-2.1203125,0
0.645,-2.0484375,0
0.645,-1.9765624999999998,0
0.645,-1.9046874999999999,0
0.645,-1.8328124999999997,0
0.645,-1.7609374999999998,0
0.645,-1.6890625,0
0.645,-1.6171875,0
0.645,-1.5453124999999999,0
0.645,-1.4734374999999997,0
0.645,-1.4015624999999998,0
0.645,-1.3296875,0
0.645,-1.2578125,0
0.645,-1.1859374999999999,0
0.645,-1.1140625,0
0.645,-1.0421874999999998,0
0.645,-0.9703124999999999,0
0.645,-0.8984375,0
0.645,-0.8265624999999999,0
0.645,-0.7546875,0
0.645,-0.6828125,0
0.645,-0.6109374999999999,0
0.645,-0.5390625,1730
0.645,-0.46718749999999987,28008
0.645,-0.39531249999999996,85530
0.645,-0.32343750000000004,184780
0.645,-0.2515624999999999,193068
0.645,-0.1796875,186965
0.645,-0.10781250000000009,184645
0.645,-0.03593750000000018,177148
0.645,0.03593750000000018,177607
0.645,0.10781250000000009,184797
0.645,0.1796875,193400
0.645,0.2515624999999999,195671
0.645,0.3234374999999998,188734
0.645,0.3953125000000002,92299
0.645,0.4671875000000001,30886
0.645,0.5390625,1870
0.645,0.6109374999999999,0
0.645,0.6828124999999998,0
0.645,0.7546874999999997,0
0.645,0.8265625000000001,0
0.645,0.8984375,0
0.645,0.9703124999999999,0
0.645,1.0421874999999998,0
0.645,1.1140624999999997,0
0.645,1.1859375,0
0.645,1.2578125,0
0.645,1.3296875,0
0.645,1.4015624999999998,0
0.645,1.4734374999999997,0
0.645,1.5453125,0
0.645,1.6171875,0
0.645,1.6890625,0
0.645,1.7609374999999998,0
0.645,1.8328125000000002,0
0.645,1.9046874999999996,0
0.645,1.9765625,0
0.645,2.0484374999999995,0
0.645,2.1203125,0
0.645,2.1921875,0
0.645,2.2640624999999996,0
0.655,-2.2640624999999996,0
0.655,-2.1921874999999997,0
0.655,-2.1203125,0
0.655,-2.0484375,0
0.655,-1.9765624999999998,0
0.655,-1.9046874999999999,0
0.655,-1.8328124999999997,0
0.655,-1.7609374999999998,0
0.655,-1.6890625,0
0.655,-1.6171875,0
0.655,-1.5453124999999999,0
0.655,-1.4734374999999997,0
0.655,-1.4015624999999998,0
0.655,-1.3296875,0
0.655,-1.2578125,0
0.655,-1.1859374999999999,0
0.655,-1.1140625,0
0.655,-1.0421874999999998,0
0.655,-0.9703124999999999,0
0.655,-0.8984375,0
0.655,-0.8265624999999999,0
0.655,-0.7546875,0
0.655,-0.6828125,0
0.655,-0.6109374999999999,0
0.655,-0.5390625,1
0.655,-0.46718749999999987,7254
0.655,-0.39531249999999996,47406
0.655,-0.32343750000000004,136001
0.655,-0.2515624999999999,210826
0.655,-0.1796875,205326
0.655,-0.10781250000000009,201825
0.655,-0.03593750000000018,195823
0.655,0.03593750000000018,195209
0.655,0.10781250000000009,204249
0.655,0.1796875,212667
0.655,0.2515624999999999,215440
0.655,0.3234374999999998,139144
0.655,0.3953125000000002,51607
0.655,0.4671875000000001,7914
0.655,0.5390625,0
0.655,0.6109374999999999,0
0.655,0.6828124999999998,0
0.655,0.7546874999999997,0
0.655,0.8265625000000001,0
0.655,0.8984375,0
0.655,0.9703124999999999,0
0.655,1.0421874999999998,0
0.655,1.1140624999999997,0
0.655,1.1859375,0
0.655,1.2578125,0
0.655,1.3296875,0
0.655,1.4015624999999998,0
0.655,1.4734374999999997,0
0.655,1.5453125,0
0.655,1.6171875,0
0.655,1.6890625,0
0.655,1.7609374999999998,0
0.655,1.8328125000000002,0
0.655,1.9046874999999996,0
0.655,1.9765625,0
0.655,2.0484374999999995,0
0.655,2.1203125,0
0.655,2.1921875,0
0.655,2.2640624999999996,0
0.665,-2.2640624999999996,0
0.665,-2.1921874999999997,0
0.665,-2.1203125,0
0.665,-2.0484375,0
0.665,-1.9765624999999998,0
0.665,-1.9046874999999999,0
0.665,-1.8328124999999997,0
0.665,-1.7609374999999998,0
0.665,-1.6890625,0
0.665,-1.6171875,0
0.665,-1.5453124999999999,0
0.665,-1.4734374999999997,0
0.665,-1.4015624999999998,0
0.665,-1.3296875,0
0.665,-1.2578125,0
0.665,-1.1859374999999999,0
0.665,-1.1140625,0
0.665,-1.0421874999999998,0
0.665,-0.9703124999999999,0
0.665,-0.8984375,0
0.665,-0.8265624999999999,0
0.665,-0.7546875,0
0.665,-0.6828125,0
0.665,-0.6109374999999999,0
0.665,-0.5390625,0
0.665,-0.46718749999999987,225
0.665,-0.39531249999999996,19217
0.665,-0.32343750000000004,77442
0.665,-0.2515624999999999,197621
0.665,-0.1796875,227213
0.665,-0.10781250000000009,222740
0.665,-0.03593750000000018,214268
0.665,0.03593750000000018,213482
0.665,0.10781250000000009,225408
0.665,0.1796875,235401
0.665,0.2515624999999999,201495
0.665,0.3234374999999998,80334
0.665,0.3953125000000002,20628
0.665,0.4671875000000001,247
0.665,0.5390625,0
0.665,0.6109374999999999,0
0.665,0.6828124999999998,0
0.665,0.7546874999999997,0
0.665,0.8265625000000001,0
0.665,0.8984375,0
0.665,0.9703124999999999,0
0.665,1.0421874999999998,0
0.665,1.1140624999999997,0
0.665,1.1859375,0
0.665,1.2578125,0
0.665,1.3296875,0
0.665,1.4015624999999998,0
0.665,1.4734374999999997,0
0.665,1.5453125,0
0.665,1.6171875,0
0.665,1.6890625,0
0.665,1.7609374999999998,0
0.665,1.8328125000000002,0
0.665,1.9046874999999996,0
0.665,1.9765625,0
0.665,2.0484374999999995,0
0.665,2.1203125,0
0.665,2.1921875,0
0.665,2.2640624999999996,0
0.675,-2.2640624999999996,0
0.675,-2.1921874999999997,0
0.675,-2.1203125,0
0.675,-2.0484375,0
0.675,-1.9765624999999998,0
0.675,-1.9046874999999999,0
0.675,-1.8328124999999997,0
0.675,-1.7609374999999998,0
0.675,-1.6890625,0
0.675,-1.6171875,0
0.675,-1.5453124999999999,0
0.675,-1.4734374999999997,0
0.675,-1.4015624999999998,0
0.675,-1.3296875,0
0.675,-1.2578125,0
0.675,-1.1859374999999999,0
0.675,-1.1140625,0
0.675,-1.0421874999999998,0
0.675,-0.9703124999999999,0
0.675,-0.8984375,0
0.675,-0.8265624999999999,0
0.675,-0.7546875,0
0.675,-0.6828125,0
0.675,-0.6109374999999999,0
0.675,-0.5390625,0
0.675,-0.46718749999999987,0
0.675,-0.39531249999999996,2576
0.675,-0.32343750000000004,39935
0.675,-0.2515624999999999,127503
0.675,-0.1796875,244760
0.675,-0.10781250000000009,245370
0.675,-0.03593750000000018,235895
0.675,0.03593750000000018,235305
0.675,0.10781250000000009,247089
0.675,0.1796875,254859
0.675,0.2515624999999999,131972
0.675,0.3234374999999998,41451
0.675,0.3953125000000002,2797
0.675,0.4671875000000001,0
0.675,0.5390625,0
0.675,0.6109374999999999,0
0.675,0.6828124999999998,0
0.675,0.7546874999999997,0
0.675,0.8265625000000001,0
0.675,0.8984375,0
0.675,0.9703124999999999,0
0.675,1.0421874999999998,0
0.675,1.1140624999999997,0
0.675,1.1859375,0
0.675,1.2578125,0
0.675,1.3296875,0
0.675,1.4015624999999998,0
0.675,1.4734374999999997,0
0.675,1.5453125,0
0.675,1.6171875,0
0.675,1.6890625,0
0.675,1.7609374999999998,0
0.675,1.8328125000000002,0
0.675,1.9046874999999996,0
0.675,1.9765625,0
0.675,2.0484374999999995,0
0.675,2.1203125,0
0.675,2.1921875,0
0.675,2.2640624999999996,0
0.685,-2.2640624999999996,0
0.685,-2.1921874999999997,0
0.685,-2.1203125,0
0.685,-2.0484375,0
0.685,-1.9765624999999998,0
0.685,-1.9046874999999999,0
0.685,-1.8328124999999997,0
0.685,-1.7609374999999998,0
0.685,-1.6890625,0
0.685,-1.6171875,0
0.685,-1.5453124999999999,0
0.685,-1.4734374999999997,0
0.685,-1.4015624999999998,0
0.685,-1.3296875,0
0.685,-1.2578125,0
0.685,-1.1859374999999999,0
0.685,-1.1140625,0
0.685,-1.0421874999999998,0
0.685,-0.9703124999999999,0
0.685,-0.8984375,0
0.685,-0.8265624999999999,0
0.685,-0.7546875,0
0.685,-0.6828125,0
0.685,-0.6109374999999999,0
0.685,-0.5390625,0
0.685,-0.46718749999999987,0
0.685,-0.39531249999999996,2
0.685,-0.32343750000000004,11656
0.685,-0.2515624999999999,72542
0.685,-0.1796875,209420
0.685,-0.10781250000000009,270940
0.685,-0.03593750000000018,259231
0.685,0.03593750000000018,260812
0.685,0.10781250000000009,270895
0.685,0.1796875,218724
0.685,0.2515624999999999,74573
0.685,0.3234374999999998,12449
0.685,0.3953125000000002,2
0.685,0.4671875000000001,0
0.685,0.5390625,0
0.685,0.6109374999999999,0
0.685,0.6828124999999998,0
0.685,0.7546874999999997,0
0.685,0.8265625000000001,0
0.685,0.8984375,0
0.685,0.9703124999999999,0
0.685,1.0421874999999998,0
0.685,1.1140624999999997,0
0.685,1.1859375,0
0.685,1.2578125,0
0.685,1.3296875,0
0.685,1.4015624999999998,0
0.685,1.4734374999999997,0
0.685,1.5453125,0
0.685,1.6171875,0
0.685,1.6890625,0
0.685,1.7609374999999998,0
0.685,1.8328125000000002,0
0.685,1.9046874999999996,0
0.685,1.9765625,0
0.685,2.0484374999999995,0
0.685,2.1203125,0
0.685,2.1921875,0
0.685,2.2640624999999996,0
0.695,-2.2640624999999996,0
0.695,-2.1921874999999997,0
0.695,-2.1203125,0
0.695,-2.0484375,0
0.695,-1.9765624999999998,0
0.695,-1.9046874999999999,0
0.695,-1.8328124999999997,0
0.695,-1.7609374999999998,0
0.695,-1.6890625,0
0.695,-1.6171875,0
0.695,-1.5453124999999999,0
0.695,-1.4734374999999997,0
0.695,-1.4015624999999998,0
0.695,-1.3296875,0
0.695,-1.2578125,0
0.695,-1.1859374999999999,0
0.695,-1.1140625,0
0.695,-1.0421874999999998,0
0.695,-0.9703124999999999,0
0.695,-0.8984375,0
0.695,-0.8265624999999999,0
0.695,-0.7546875,0
0.695,-0.6828125,0
0.695,-0.6109374999999999,0
0.695,-0.5390625,0
0.695,-0.46718749999999987,0
0.695,-0.39531249999999996,0
0.695,-0.32343750000000004,629
0.695,-0.2515624999999999,33503
0.695,-0.1796875,133312
0.695,-0.10781250000000009,287996
0.695,-0.03593750000000018,287100
0.695,0.03593750000000018,288737
0.695,0.10781250000000009,288921
0.695,0.1796875,138872
0.695,0.2515624999999999,33720
0.695,0.3234374999999998,653
0.695,0.3953125000000002,0
0.695,0.4671875000000001,0
0.695,0.5390625,0
0.695,0.6109374999999999,0
0.695,0.6828124999999998,0
0.695,0.7546874999999997,0
0.695,0.8265625000000001,0
0.695,0.8984375,0
0.695,0.9703124999999999,0
0.695,1.0421874999999998,0
0.695,1.1140624999999997,0
0.695,1.1859375,0
0.695,1.2578125,0
0.695,1.3296875,0
0.695,1.4015624999999998,0
0.695,1.4734374999999997,0
0.695,1.5453125,0
0.695,1.6171875,0
0.695,1.6890625,0
0.695,1.7609374999999998,0
0.695,1.8328125000000002,0
0.695,1.9046874999999996,0
0.695,1.9765625,0
0.695,2.0484374999999995,0
0.695,2.1203125,0
0.695,2.1921875,0
0.695,2.2640624999999996,0
0.705,-2.2640624999999996,0
0.705,-2.1921874999999997,0
0.705,-2.1203125,0
0.705,-2.0484375,0
0.705,-1.9765624999999998,0
0.705,-1.9046874999999999,0
0.705,-1.8328124999999997,0
0.705,-1.7609374999999998,0
0.705,-1.6890625,0
0.705,-1.6171875,0
0.705,-1.5453124999999999,0
0.705,-1.4734374999999997,0
0.705,-1.4015624999999998,0
0.705,-1.3296875,0
0.705,-1.2578125,0
0.705,-1.1859374999999999,0
0.705,-1.1140625,0
0.705,-1.0421874999999998,0
0.705,-0.9703124999999999,0
0.705,-0.8984375,0
0.705,-0.8265624999999999,0
0.705,-0.7546875,0
0.705,-0.6828125,0
0.705,-0.6109374999999999,0
0.705,-0.5390625,0
0.705,-0.46718749999999987,0
0.705,-0.39531249999999996,0
0.705,-0.32343750000000004,0
0.705,-0.2515624999999999,6969
0.705,-0.1796875,74630
0.705,-0.10781250000000009,247935
0.705,-0.03593750000000018,314810
0.705,0.03593750000000018,318303
0.705,0.10781250000000009,250539
0.705,0.1796875,77091
0.705,0.2515624999999999,7012
0.705,0.3234374999999998,0
0.705,0.3953125000000002,0
0.705,0.4671875000000001,0
0.705,0.5390625,0
0.705,0.6109374999999999,0
0.705,0.6828124999999998,0
0.705,0.7546874999999997,0
0.705,0.8265625000000001,0
0.705,0.8984375,0
0.705,0.9703124999999999,0
0.705,1.0421874999999998,0
0.705,1.1140624999999997,0
0.705,1.1859375,0
0.705,1.2578125,0
0.705,1.3296875,0
0.705,1.4015624999999998,0
0.705,1.4734374999999997,0
0.705,1.5453125,0
0.705,1.6171875,0
0.705,1.6890625,0
0.705,1.7609374999999998,0
0.705,1.8328125000000002,0
0.705,1.9046874999999996,0
0.705,1.9765625,0
0.705,2.0484374999999995,0
0.705,2.1203125,0
0.705,2.1921875,0
0.705,2.2640624999999996,0
0.715,-2.2640624999999996,0
0.715,-2.1921874999999997,0
0.715,-2.1203125,0
0.715,-2.0484375,0
0.715,-1.9765624999999998,0
0.715,-1.9046874999999999,0
0.715,-1.8328124999999997,0
0.715,-1.7609374999999998,0
0.715,-1.6890625,0
0.715,-1.6171875,0
0.715,-1.5453124999999999,0
0.715,-1.4734374999999997,0
0.715,-1.4015624999999998,0
0.715,-1.3296875,0
0.715,-1.2578125,0
0.715,-1.1859374999999999,0
0.715,-1.1140625,0
0.715,-1.0421874999999998,0
0.715,-0.9703124999999999,0
0.715,-0.8984375,0
0.715,-0.8265624999999999,0
0.715,-0.7546875,0
0.715,-0.6828125,0
0.715,-0.6109374999999999,0
0.715,-0.5390625,0
0.715,-0.46718749999999987,0
0.715,-0.39531249999999996,0
0.715,-0.32343750000000004,0
0.715,-0.2515624999999999,120
0.715,-0.1796875,31104
0.715,-0.10781250000000009,166898
0.715,-0.03593750000000018,343792
0.715,0.03593750000000018,349043
0.715,0.10781250000000009,168670
0.715,0.1796875,31963
0.715,0.2515624999999999,120
0.715,0.3234374999999998,0
0.715,0.3953125000000002,0
0.715,0.4671875000000001,0
0.715,0.5390625,0
0.715,0.6109374999999999,0
0.715,0.6828124999999998,0
0.715,0.7546874999999997,0
0.715,0.8265625000000001,0
0.715,0.8984375,0
0.715,0.9703124999999999,0
0.715,1.0421874999999998,0
0.715,1.1140624999999997,0
0.715,1.1859375,0
0.715,1.2578125,0
0.715,1.3296875,0
0.715,1.4015624999999998,0
0.715,1.4734374999999997,0
0.715,1.5453125,0
0.715,1.6171875,0
0.715,1.6890625,0
0.715,1.7609374999999998,0
0.715,1.8328125000000002,0
0.715,1.9046874999999996,0
0.715,1.9765625,0
0.715,2.0484374999999995,0
0.715,2.1203125,0
0.715,2.1921875,0
0.715,2.2640624999999996,0
0.725,-2.2640624999999996,0
0.725,-2.1921874999999997,0
0.725,-2.1203125,0
0.725,-2.0484375,0
0.725,-1.9765624999999998,0
0.725,-1.9046874999999999,0
0.725,-1.8328124999999997,0
0.725,-1.7609374999999998,0
0.725,-1.6890625,0
0.725,-1.6171875,0
0.725,-1.5453124999999999,0
0.725,-1.4734374999999997,0
0.725,-1.4015624999999998,0
0.725,-1.3296875,0
0.725,-1.2578125,0
0.725,-1.1859374999999999,0
0.725,-1.1140625,0
0.725,-1.0421874999999998,0
0.725,-0.9703124999999999,0
0.725,-0.8984375,0
0.725,-0.8265624999999999,0
0.725,-0.7546875,0
0.725,-0.6828125,0
0.725,-0.6109374999999999,0
0.725,-0.5390625,0
0.725,-0.46718749999999987,0
0.725,-0.39531249999999996,0
0.725,-0.32343750000000004,0
0.725,-0.2515624999999999,0
0.725,-0.1796875,5560
0.725,-0.10781250000000009,96554
0.725,-0.03593750000000018,336025
0.725,0.03593750000000018,341538
0.725,0.10781250000000009,97148
0.725,0.1796875,5927
0.725,0.2515624999999999,0
0.725,0.3234374999999998,0
0.725,0.3953125000000002,0
0.725,0.4671875000000001,0
0.725,0.5390625,0
0.725,0.6109374999999999,0
0.725,0.6828124999999998,0
0.725,0.7546874999999997,0
0.725,0.8265625000000001,0
0.725,0.8984375,0
0.725,0.9703124999999999,0
0.725,1.0421874999999998,0
0.725,1.1140624999999997,0
0.725,1.1859375,0
0.725,1.2578125,0
0.725,1.3296875,0
0.725,1.4015624999999998,0
0.725,1.4734374999999997,0
0.725,1.5453125,0
0.725,1.6171875,0
0.725,1.6890625,0
0.725,1.7609374999999998,0
0.725,1.8328125000000002,0
0.725,1.9046874999999996,0
0.725,1.9765625,0
0.725,2.0484374999999995,0
0.725,2.1203125,0
0.725,2.1921875,0
0.725,2.2640624999999996,0
0.735,-2.2640624999999996,0
0.735,-2.1921874999999997,0
0.735,-2.1203125,0
0.735,-2.0484375,0
0.735,-1.9765624999999998,0
0.735,-1.9046874999999999,0
0.735,-1.8328124999999997,0
0.735,-1.7609374999999998,0
0.735,-1.6890625,0
0.735,-1.6171875,0
0.735,-1.5453124999999999,0
0.735,-1.4734374999999997,0
0.735,-1.4015624999999998,0
0.735,-1.3296875,0
0.735,-1.2578125,0
0.735,-1.1859374999999999,0
0.735,-1.1140625,0
0.735,-1.0421874999999998,0
0.735,-0.9703124999999999,0
0.735,-0.8984375,0
0.735,-0.8265624999999999,0
0.735,-0.7546875,0
0.735,-0.6828125,0
0.735,-0.6109374999999999,0
0.735,-0.5390625,0
0.735,-0.46718749999999987,0
0.735,-0.39531249999999996,0
0.735,-0.32343750000000004,0
0.735,-0.2515624999999999,0
0.735,-0.1796875,51
0.735,-0.10781250000000009,44053
0.735,-0.03593750000000018,287234
0.735,0.03593750000000018,290862
0.735,0.10781250000000009,44862
0.735,0.1796875,64
0.735,0.2515624999999999,0
0.735,0.3234374999999998,0
0.735,0.3953125000000002,0
0.735,0.4671875000000001,0
0.735,0.5390625,0
0.735,0.6109374999999999,0
0.735,0.6828124999999998,0
0.735,0.7546874999999997,0
0.735,0.8265625000000001,0
0.735,0.8984375,0
0.735,0.9703124999999999,0
0.735,1.0421874999999998,0
0.735,1.1140624999999997,0
0.735,1.1859375,0
0.735,1.2578125,0
0.735,1.3296875,0
0.735,1.4015624999999998,0
0.735,1.4734374999999997,0
0.735,1.5453125,0
0.735,1.6171875,0
0.735,1.6890625,0
0.735,1.7609374999999998,0
0.735,1.8328125000000002,0
0.735,1.9046874999999996,0
0.735,1.9765625,0
0.735,2.0484374999999995,0
0.735,2.1203125,0
0.735,2.1921875,0
0.735,2.2640624999999996,0
0.745,-2.2640624999999996,0
0.745,-2.1921874999999997,0
0.745,-2.1203125,0
0.745,-2.0484375,0
0.745,-1.9765624999999998,0
0.745,-1.9046874999999999,0
0.745,-1.8328124999999997,0
0.745,-1.7609374999999998,0
0.745,-1.6890625,0
0.745,-1.6171875,0
0.745,-1.5453124999999999,0
0.745,-1.4734374999999997,0
0.745,-1.4015624999999998,0
0.745,-1.3296875,0
0.745,-1.2578125,0
0.745,-1.1859374999999999,0
0.745,-1.1140625,0
0.745,-1.0421874999999998,0
0.745,-0.9703124999999999,0
0.745,-0.8984375,0
0.745,-0.8265624999999999,0
0.745,-0.7546875,0
0.745,-0.6828125,0
0.745,-0.6109374999999999,0
0.745,-0.5390625,0
0.745,-0.46718749999999987,0
0.745,-0.39531249999999996,0
0.745,-0.32343750000000004,0
0.745,-0.2515624999999999,0
0.745,-0.1796875,0
0.745,-0.10781250000000009,11843
0.745,-0.03593750000000018,219518
0.745,0.03593750000000018,221337
0.745,0.10781250000000009,12351
0.745,0.1796875,0
0.745,0.2515624999999999,0
0.745,0.3234374999999998,0
0.745,0.3953125000000002,0
0.745,0.4671875000000001,0
0.745,0.5390625,0
0.745,0.6109374999999999,0
0.745,0.6828124999999998,0
0.745,0.7546874999999997,0
0.745,0.8265625000000001,0
0.745,0.8984375,0
0.745,0.9703124999999999,0
0.745,1.0421874999999998,0
0.745,1.1140624999999997,0
0.745,1.1859375,0
0.745,1.2578125,0
0.745,1.3296875,0
0.745,1.4015624999999998,0
0.745,1.4734374999999997,0
0.745,1.5453125,0
0.745,1.6171875,0
0.745,1.6890625,0
0.745,1.7609374999999998,0
0.745,1.8328125000000002,0
0.745,1.9046874999999996,0
0.745,1.9765625,0
0.745,2.0484374999999995,0
0.745,2.1203125,0
0.745,2.1921875,0
0.745,2.2640624999999996,0
0.755,-2.2640624999999996,0
0.755,-2.1921874999999997,0
0.755,-2.1203125,0
0.755,-2.0484375,0
0.755,-1.9765624999999998,0
0.755,-1.9046874999999999,0
0.755,-1.8328124999999997,0
0.755,-1.7609374999999998,0
0.755,-1.6890625,0
0.755,-1.6171875,0
0.755,-1.5453124999999999,0
0.755,-1.4734374999999997,0
0.755,-1.4015624999999998,0
0.755,-1.3296875,0
0.755,-1.2578125,0
0.755,-1.1859374999999999,0
0.755,-1.1140625,0
0.755,-1.0421874999999998,0
0.755,-0.9703124999999999,0
0.755,-0.8984375,0
0.755,-0.8265624999999999,0
0.755,-0.7546875,0
0.755,-0.6828125,0
0.755,-0.6109374999999999,0
0.755,-0.5390625,0
0.755,-0.46718749999999987,0
0.755,-0.39531249999999996,0
0.755,-0.32343750000000004,0
0.755,-0.2515624999999999,0
0.755,-0.1796875,0
0.755,-0.10781250000000009,950
0.755,-0.03593750000000018,142844
0.755,0.03593750000000018,143063
0.755,0.10781250000000009,925
0.755,0.1796875,0
0.755,0.2515624999999999,0
0.755,0.3234374999999998,0
0.755,0.3953125000000002,0
0.755,0.4671875000000001,0
0.755,0.5390625,0
0.755,0.6109374999999999,0
0.755,0.6828124999999998,0
0.755,0.7546874999999997,0
0.755,0.8265625000000001,0
0.755,0.8984375,0
0.755,0.9703124999999999,0
0.755,1.0421874999999998,0
0.755,1.1140624999999997,0
0.755,1.1859375,0
0.755,1.2578125,0
0.755,1.3296875,0
0.755,1.4015624999999998,0
0.755,1.4734374999999997,0
0.755,1.5453125,0
0.755,1.6171875,0
0.755,1.6890625,0
0.755,1.7609374999999998,0
0.755,1.8328125000000002,0
0.755,1.9046874999999996,0
0.755,1.9765625,0
0.755,2.0484374999999995,0
0.755,2.1203125,0
0.755,2.1921875,0
0.755,2.2640624999999996,0
0.765,-2.2640624999999996,0
0.765,-2.1921874999999997,0
0.765,-2.1203125,0
0.765,-2.0484375,0
0.765,-1.9765624999999998,0
0.765,-1.9046874999999999,0
0.765,-1.8328124999999997,0
0.765,-1.7609374999999998,0
0.765,-1.6890625,0
0.765,-1.6171875,0
0.765,-1.5453124999999999,0
0.765,-1.4734374999999997,0
0.765,-1.4015624999999998,0
0.765,-1.3296875,0
0.765,-1.2578125,0
0.765,-1.1859374999999999,0
0.765,-1.1140625,0
0.765,-1.0421874999999998,0
0.765,-0.9703124999999999,0
0.765,-0.8984375,0
0.765,-0.8265624999999999,0
0.765,-0.7546875,0
0.765,-0.6828125,0
0.765,-0.6109374999999999,0
0.765,-0.5390625,0
0.765,-0.46718749999999987,0
0.765,-0.39531249999999996,0
0.765,-0.32343750000000004,0
0.765,-0.2515624999999999,0
0.765,-0.1796875,0
0.765,-0.10781250000000009,16
0.765,-0.03593750000000018,71673
0.765,0.03593750000000018,70958
0.765,0.10781250000000009,15
0.765,0.1796875,0
0.765,0.2515624999999999,0
0.765,0.3234374999999998,0
0.765,0.3953125000000002,0
0.765,0.4671875000000001,0
0.765,0.5390625,0
0.765,0.6109374999999999,0
0.765,0.6828124999999998,0
0.765,0.7546874999999997,0
0.765,0.8265625000000001,0
0.765,0.8984375,0
0.765,0.9703124999999999,0
0.765,1.0421874999999998,0
0.765,1.1140624999999997,0
0.765,1.1859375,0
0.765,1.2578125,0
0.765,1.3296875,0
0.765,1.4015624999999998,0
0.765,1.4734374999999997,0
0.765,1.5453125,0
0.765,1.6171875,0
0.765,1.6890625,0
0.765,1.7609374999999998,0
0.765,1.8328125000000002,0
0.765,1.9046874999999996,0
0.765,1.9765625,0
0.765,2.0484374999999995,0
0.765,2.1203125,0
0.765,2.1921875,0
0.765,2.2640624999999996,0
0.775,-2.2640624999999996,0
0.775,-2.1921874999999997,0
0.775,-2.1203125,0
0.775,-2.0484375,0
0.775,-1.9765624999999998,0
0.775,-1.9046874999999999,0
0.775,-1.8328124999999997,0
0.775,-1.7609374999999998,0
0.775,-1.6890625,0
0.775,-1.6171875,0
0.775,-1.5453124999999999,0
0.775,-1.4734374999999997,0
0.775,-1.4015624999999998,0
0.775,-1.3296875,0
0.775,-1.2578125,0
0.775,-1.1859374999999999,0
0.775,-1.1140625,0
0.775,-1.0421874999999998,0
0.775,-0.9703124999999999,0
0.775,-0.8984375,0
0.775,-0.8265624999999999,0
0.775,-0.7546875,0
0.775,-0.6828125,0
0.775,-0.6109374999999999,0
0.775,-0.5390625,0
0.775,-0.46718749999999987,0
0.775,-0.39531249999999996,0
0.775,-0.32343750000000004,0
0.775,-0.2515624999999999,0
0.775,-0.1796875,0
0.775,-0.10781250000000009,0
0.775,-0.03593750000000018,24977
0.775,0.03593750000000018,24782
0.775,0.10781250000000009,0
0.775,0.1796875,0
0.775,0.2515624999999999,0
0.775,0.3234374999999998,0
0.775,0.3953125000000002,0
0.775,0.4671875000000001,0
0.775,0.5390625,0
0.775,0.6109374999999999,0
0.775,0.6828124999999998,0
0.775,0.7546874999999997,0
0.775,0.8265625000000001,0
0.775,0.8984375,0
0.775,0.9703124999999999,0
0.775,1.0421874999999998,0
0.775,1.1140624999999997,0
0.775,1.1859375,0
0.775,1.2578125,0
0.775,1.3296875,0
0.775,1.4015624999999998,0
0.775,1.4734374999999997,0
0.775,1.5453125,0
0.775,1.6171875,0
0.775,1.6890625,0
0.775,1.7609374999999998,0
0.775,1.8328125000000002,0
0.775,1.9046874999999996,0
0.775,1.9765625,0
0.775,2.0484374999999995,0
0.775,2.1203125,0
0.775,2.1921875,0
0.775,2.2640624999999996,0
0.785,-2.2640624999999996,0
0.785,-2.1921874999999997,0
0.785,-2.1203125,0
0.785,-2.0484375,0
0.785,-1.9765624999999998,0
0.785,-1.9046874999999999,0
0.785,-1.8328124999999997,0
0.785,-1.7609374999999998,0
0.785,-1.6890625,0
0.785,-1.6171875,0
0.785,-1.5453124999999999,0
0.785,-1.4734374999999997,0
0.785,-1.4015624999999998,0
0.785,-1.3296875,0
0.785,-1.2578125,0
0.785,-1.1859374999999999,0
0.785,-1.1140625,0
0.785,-1.0421874999999998,0
0.785,-0.9703124999999999,0
0.785,-0.8984375,0
0.785,-0.8265624999999999,0
0.785,-0.7546875,0
0.785,-0.6828125,0
0.785,-0.6109374999999999,0
0.785,-0.5390625,0
0.785,-0.46718749999999987,0
0.785,-0.39531249999999996,0
0.785,-0.32343750000000004,0
0.785,-0.2515624999999999,0
0.785,-0.1796875,0
0.785,-0.10781250000000009,0
0.785,-0.03593750000000018,9427
0.785,0.03593750000000018,9880
0.785,0.10781250000000009,0
0.785,0.1796875,0
0.785,0.2515624999999999,0
0.785,0.3234374999999998,0
0.785,0.3953125000000002,0
0.785,0.4671875000000001,0
0.785,0.5390625,0
0.785,0.6109374999999999,0
0.785,0.6828124999999998,0
0.785,0.7546874999999997,0
0.785,0.8265625000000001,0
0.785,0.8984375,0
0.785,0.9703124999999999,0
0.785,1.0421874999999998,0
0.785,1.1140624999999997,0
0.785,1.1859375,0
0.785,1.2578125,0
0.785,1.3296875,0
0.785,1.4015624999999998,0
0.785,1.4734374999999997,0
0.785,1.5453125,0
0.785,1.6171875,0
0.785,1.6890625,0
0.785,1.7609374999999998,0
0.785,1.8328125000000002,0
0.785,1.9046874999999996,0
0.785,1.9765625,0
0.785,2.0484374999999995,0
0.785,2.1203125,0
0.785,2.1921875,0
0.785,2.2640624999999996,0
0.795,-2.2640624999999996,0
0.795,-2.1921874999999997,0
0.795,-2.1203125,0
0.795,-2.0484375,0
0.795,-1.9765624999999998,0
0.795,-1.9046874999999999,0
0.795,-1.8328124999999997,0
0.795,-1.7609374999999998,0
0.795,-1.6890625,0
0.795,-1.6171875,0
0.795,-1.5453124999999999,0
0.795,-1.4734374999999997,0
0.795,-1.4015624999999998,0
0.795,-1.3296875,0
0.795,-1.2578125,0
0.795,-1.1859374999999999,0
0.795,-1.1140625,0
0.795,-1.0421874999999998,0
0.795,-0.9703124999999999,0
0.795,-0.8984375,0
0.795,-0.8265624999999999,0
0.795,-0.7546875,0
0.795,-0.6828125,0
0.795,-0.6109374999999999,0
0.795,-0.5390625,0
0.795,-0.46718749999999987,0
0.795,-0.39531249999999996,0
0.795,-0.32343750000000004,0
0.795,-0.2515624999999999,0
0.795,-0.1796875,0
0.795,-0.10781250000000009,0
0.795,-0.03593750000000018,6298
0.795,0.03593750000000018,6493
0.795,0.10781250000000009,0
0.795,0.1796875,0
0.795,0.2515624999999999,0
0.795,0.3234374999999998,0
0.795,0.3953125000000002,0
0.795,0.4671875000000001,0
0.795,0.5390625,0
0.795,0.6109374999999999,0
0.795,0.6828124999999998,0
0.795,0.7546874999999997,0
0.795,0.8265625000000001,0
0.795,0.8984375,0
0.795,0.9703124999999999,0
0.795,1.0421874999999998,0
0.795,1.1140624999999997,0
0.795,1.1859375,0
0.795,1.2578125,0
0.795,1.3296875,0
0.795,1.4015624999999998,0
0.795,1.4734374999999997,0
0.795,1.5453125,0
0.795,1.6171875,0
0.795,1.6890625,0
0.795,1.7609374999999998,0
0.795,1.8328125000000002,0
0.795,1.9046874999999996,0
0.795,1.9765625,0
0.795,2.0484374999999995,0
0.795,2.1203125,0
0.795,2.1921875,0
0.795,2.2640624999999996,0
0.805,-2.2640624999999996,0
0.805,-2.1921874999999997,0
0.805,-2.1203125,0
0.805,-2.0484375,0
0.805,-1.9765624999999998,0
0.805,-1.9046874999999999,0
0.805,-1.8328124999999997,0
0.805,-1.7609374999999998,0
0.805,-1.6890625,0
0.805,-1.6171875,0
0.805,-1.5453124999999999,0
0.805,-1.4734374999999997,0
0.805,-1.4015624999999998,0
0.805,-1.3296875,0
0.805,-1.2578125,0
0.805,-1.1859374999999999,0
0.805,-1.1140625,0
0.805,-1.0421874999999998,0
0.805,-0.9703124999999999,0
0.805,-0.8984375,0
0.805,-0.8265624999999999,0
0.805,-0.7546875,0
0.805,-0.6828125,0
0.805,-0.6109374999999999,0
0.805,-0.5390625,0
0.805,-0.46718749999999987,0
0.805,-0.39531249999999996,0
0.805,-0.32343750000000004,0
0.805,-0.2515624999999999,0
0.805,-0.1796875,0
0.805,-0.10781250000000009,0
0.805,-0.03593750000000018,5308
0.805,0.03593750000000018,5400
0.805,0.10781250000000009,0
0.805,0.1796875,0
0.805,0.2515624999999999,0
0.805,0.3234374999999998,0
0.805,0.3953125000000002,0
0.805,0.4671875000000001,0
0.805,0.5390625,0
0.805,0.6109374999999999,0
0.805,0.6828124999999998,0
0.805,0.7546874999999997,0
0.805,0.8265625000000001,0
0.805,0.8984375,0
0.805,0.9703124999999999,0
0.805,1.0421874999999998,0
0.805,1.1140624999999997,0
0.805,1.1859375,0
0.805,1.2578125,0
0.805,1.3296875,0
0.805,1.4015624999999998,0
0.805,1.4734374999999997,0
0.805,1.5453125,0
0.805,1.6171875,0
0.805,1.6890625,0
0.805,1.7609374999999998,0
0.805,1.8328125000000002,0
0.805,1.9046874999999996,0
0.805,1.9765625,0
0.805,2.0484374999999995,0
0.805,2.1203125,0
0.805,2.1921875,0
0.805,2.2640624999999996,0
0.815,-2.2640624999999996,0
0.815,-2.1921874999999997,0
0.815,-2.1203125,0
0.815,-2.0484375,0
0.815,-1.9765624999999998,0
0.815,-1.9046874999999999,0
0.815,-1.8328124999999997,0
0.815,-1.7609374999999998,0
0.815,-1.6890625,0
0.815,-1.6171875,0
0.815,-1.5453124999999999,0
0.815,-1.4734374999999997,0
0.815,-1.4015624999999998,0
0.815,-1.3296875,0
0.815,-1.2578125,0
0.815,-1.1859374999999999,0
0.815,-1.1140625,0
0.815,-1.0421874999999998,0
0.815,-0.9703124999999999,0
0.815,-0.8984375,0
0.815,-0.8265624999999999,0
0.815,-0.7546875,0
0.815,-0.6828125,0
0.815,-0.6109374999999999,0
0.815,-0.5390625,0
0.815,-0.46718749999999987,0
0.815,-0.39531249999999996,0
0.815,-0.32343750000000004,0
0.815,-0.2515624999999999,0
0.815,-0.1796875,0
0.815,-0.10781250000000009,0
0.815,-0.03593750000000018,4301
0.815,0.03593750000000018,4267
0.815,0.10781250000000009,0
0.815,0.1796875,0
0.815,0.2515624999999999,0
0.815,0.3234374999999998,0
0.815,0.3953125000000002,0
0.815,0.4671875000000001,0
0.815,0.5390625,0
0.815,0.6109374999999999,0
0.815,0.6828124999999998,0
0.815,0.7546874999999997,0
0.815,0.8265625000000001,0
0.815,0.8984375,0
0.815,0.9703124999999999,0
0.815,1.0421874999999998,0
0.815,1.1140624999999997,0
0.815,1.1859375,0
0.815,1.2578125,0
0.815,1.3296875,0
0.815,1.4015624999999998,0
0.815,1.4734374999999997,0
0.815,1.5453125,0
0.815,1.6171875,0
0.815,1.6890625,0
0.815,1.7609374999999998,0
0.815,1.8328125000000002,0
0.815,1.9046874999999996,0
0.815,1.9765625,0
0.815,2.0484374999999995,0
0.815,2.1203125,0
0.815,2.1921875,0
0.815,2.2640624999999996,0
0.825,-2.2640624999999996,0
0.825,-2.1921874999999997,0
0.825,-2.1203125,0
0.825,-2.0484375,0
0.825,-1.9765624999999998,0
0.825,-1.9046874999999999,0
0.825,-1.8328124999999997,0
0.825,-1.7609374999999998,0
0.825,-1.6890625,0
0.825,-1.6171875,0
0.825,-1.5453124999999999,0
0.825,-1.4734374999999997,0
0.825,-1.4015624999999998,0
0.825,-1.3296875,0
0.825,-1.2578125,0
0.825,-1.1859374999999999,0
0.825,-1.1140625,0
0.825,-1.0421874999999998,0
0.825,-0.9703124999999999,0
0.825,-0.8984375,0
0.825,-0.8265624999999999,0
0.825,-0.7546875,0
0.825,-0.6828125,0
0.825,-0.6109374999999999,0
0.825,-0.5390625,0
0.825,-0.46718749999999987,0
0.825,-0.39531249999999996,0
0.825,-0.32343750000000004,0
0.825,-0.2515624999999999,0
0.825,-0.1796875,0
0.825,-0.10781250000000009,0
0.825,-0.03593750000000018,2902
0.825,0.03593750000000018,2822
0.825,0.10781250000000009,0
0.825,0.1796875,0
0.825,0.2515624999999999,0
0.825,0.3234374999999998,0
0.825,0.3953125000000002,0
0.825,0.4671875000000001,0
0.825,0.5390625,0
0.825,0.6109374999999999,0
0.825,0.6828124999999998,0
0.825,0.7546874999999997,0
0.825,0.8265625000000001,0
0.825,0.8984375,0
0.825,0.9703124999999999,0
0.825,1.0421874999999998,0
0.825,1.1140624999999997,0
0.825,1.1859375,0
0.825,1.2578125,0
0.825,1.3296875,0
0.825,1.4015624999999998,0
0.825,1.4734374999999997,0
0.825,1.5453125,0
0.825,1.6171875,0
0.825,1.6890625,0
0.825,1.7609374999999998,0
0.825,1.8328125000000002,0
0.825,1.9046874999999996,0
0.825,1.9765625,0
0.825,2.0484374999999995,0
0.825,2.1203125,0
0.825,2.1921875,0
0.825,2.2640624999999996,0
0.835,-2.2640624999999996,0
0.835,-2.1921874999999997,0
0.835,-2.1203125,0
0.835,-2.0484375,0
0.835,-1.9765624999999998,0
0.835,-1.9046874999999999,0
0.835,-1.8328124999999997,0
0.835,-1.7609374999999998,0
0.835,-1.6890625,0
0.835,-1.6171875,0
0.835,-1.5453124999999999,0
0.835,-1.4734374999999997,0
0.835,-1.4015624999999998,0
0.835,-1.3296875,0
0.835,-1.2578125,0
0.835,-1.1859374999999999,0
0.835,-1.1140625,0
0.835,-1.0421874999999998,0
0.835,-0.9703124999999999,0
0.835,-0.8984375,0
0.835,-0.8265624999999999,0
0.835,-0.7546875,0
0.835,-0.6828125,0
0.835,-0.6109374999999999,0
0.835,-0.5390625,0
0.835,-0.46718749999999987,0
0.835,-0.39531249999999996,0
0.835,-0.32343750000000004,0
0.835,-0.2515624999999999,0
0.835,-0.1796875,0
0.835,-0.10781250000000009,0
0.835,-0.03593750000000018,1879
0.835,0.03593750000000018,2031
0.835,0.10781250000000009,0
0.835,0.1796875,0
0.835,0.2515624999999999,0
0.835,0.3234374999999998,0
0.835,0.3953125000000002,0
0.835,0.4671875000000001,0
0.835,0.5390625,0
0.835,0.6109374999999999,0
0.835,0.6828124999999998,0
0.835,0.7546874999999997,0
0.835,0.8265625000000001,0
0.835,0.8984375,0
0.835,0.9703124999999999,0
0.835,1.0421874999999998,0
0.835,1.1140624999999997,0
0.835,1.1859375,0
0.835,1.2578125,0
0.835,1.3296875,0
0.835,1.4015624999999998,0
0.835,1.4734374999999997,0
0.835,1.5453125,0
0.835,1.6171875,0
0.835,1.6890625,0
0.835,1.7609374999999998,0
0.835,1.8328125000000002,0
0.835,1.9046874999999996,0
0.835,1.9765625,0
0.835,2.0484374999999995,0
0.835,2.1203125,0
0.835,2.1921875,0
0.835,2.2640624999999996,0
0.845,-2.2640624999999996,0
0.845,-2.1921874999999997,0
0.845,-2.1203125,0
0.845,-2.0484375,0
0.845,-1.9765624999999998,0
0.845,-1.9046874999999999,0
0.845,-1.8328124999999997,0
0.845,-1.7609374999999998,0
0.845,-1.6890625,0
0.845,-1.6171875,0
0.845,-1.5453124999999999,0
0.845,-1.4734374999999997,0
0.845,-1.4015624999999998,0
0.845,-1.3296875,0
0.845,-1.2578125,0
0.845,-1.1859374999999999,0
0.845,-1.1140625,0
0.845,-1.0421874999999998,0
0.845,-0.9703124999999999,0
0.845,-0.8984375,0
0.845,-0.8265624999999999,0
0.845,-0.7546875,0
0.845,-0.6828125,0
0.845,-0.6109374999999999,0
0.845,-0.5390625,0
0.845,-0.46718749999999987,0
0.845,-0.39531249999999996,0
0.845,-0.32343750000000004,0
0.845,-0.2515624999999999,0
0.845,-0.1796875,0
0.845,-0.10781250000000009,0
0.845,-0.03593750000000018,1973
0.845,0.03593750000000018,2196
0.845,0.10781250000000009,0
0.845,0.1796875,0
0.845,0.2515624999999999,0
0.845,0.3234374999999998,0
0.845,0.3953125000000002,0
0.845,0.4671875000000001,0
0.845,0.5390625,0
0.845,0.6109374999999999,0
0.845,0.6828124999999998,0
0.845,0.7546874999999997,0
0.845,0.8265625000000001,0
0.845,0.8984375,0
0.845,0.9703124999999999,0
0.845,1.0421874999999998,0
0.845,1.1140624999999997,0
0.845,1.1859375,0
0.845,1.2578125,0
0.845,1.3296875,0
0.845,1.4015624999999998,0
0.845,1.4734374999999997,0
0.845,1.5453125,0
0.845,1.6171875,0
0.845,1.6890625,0
0.845,1.7609374999999998,0
0.845,1.8328125000000002,0
0.845,1.9046874999999996,0
0.845,1.9765625,0
0.845,2.0484374999999995,0
0.845,2.1203125,0
0.845,2.1921875,0
0.845,2.2640624999999996,0
0.855,-2.2640624999999996,0
0.855,-2.1921874999999997,0
0.855,-2.1203125,0
0.855,-2.0484375,0
0.855,-1.9765624999999998,0
0.855,-1.9046874999999999,0
0.855,-1.8328124999999997,0
0.855,-1.7609374999999998,0
0.855,-1.6890625,0
0.855,-1.6171875,0
0.855,-1.5453124999999999,0
0.855,-1.4734374999999997,0
0.855,-1.4015624999999998,0
0.855,-1.3296875,0
0.855,-1.2578125,0
0.855,-1.1859374999999999,0
0.855,-1.1140625,0
0.855,-1.0421874999999998,0
0.855,-0.9703124999999999,0
0.855,-0.8984375,0
0.855,-0.8265624999999999,0
0.855,-0.7546875,0
0.855,-0.6828125,0
0.855,-0.6109374999999999,0
0.855,-0.5390625,0
0.855,-0.46718749999999987,0
0.855,-0.39531249999999996,0
0.855,-0.32343750000000004,0
0.855,-0.2515624999999999,0
0.855,-0.1796875,0
0.855,-0.10781250000000009,6
0.855,-0.03593750000000018,3319
0.855,0.03593750000000018,3570
0.855,0.10781250000000009,9
0.855,0.1796875,0
0.855,0.2515624999999999,0
0.855,0.3234374999999998,0
0.855,0.3953125000000002,0
0.855,0.4671875000000001,0
0.855,0.5390625,0
0.855,0.6109374999999999,0
0.855,0.6828124999999998,0
0.855,0.7546874999999997,0
0.855,0.8265625000000001,0
0.855,0.8984375,0
0.855,0.9703124999999999,0
0.855,1.0421874999999998,0
0.855,1.1140624999999997,0
0.855,1.1859375,0
0.855,1.2578125,0
0.855,1.3296875,0
0.855,1.4015624999999998,0
0.855,1.4734374999999997,0
0.855,1.5453125,0
0.855,1.6171875,0
0.855,1.6890625,0
0.855,1.7609374999999998,0
0.855,1.8328125000000002,0
0.855,1.9046874999999996,0
0.855,1.9765625,0
0.855,2.0484374999999995,0
0.855,2.1203125,0
0.855,2.1921875,0
0.855,2.2640624999999996,0
0.865,-2.2640624999999996,0
0.865,-2.1921874999999997,0
0.865,-2.1203125,0
0.865,-2.0484375,0
0.865,-1.9765624999999998,0
0.865,-1.9046874999999999,0
0.865,-1.8328124999999997,0
0.865,-1.7609374999999998,0
0.865,-1.6890625,0
0.865,-1.6171875,0
0.865,-1.5453124999999999,0
0.865,-1.4734374999999997,0
0.865,-1.4015624999999998,0
0.865,-1.3296875,0
0.865,-1.2578125,0
0.865,-1.1859374999999999,0
0.865,-1.1140625,0
0.865,-1.0421874999999998,0
0.865,-0.9703124999999999,0
0.865,-0.8984375,0
0.865,-0.8265624999999999,0
0.865,-0.7546875,0
0.865,-0.6828125,0
0.865,-0.6109374999999999,0
0.865,-0.5390625,0
0.865,-0.46718749999999987,0
0.865,-0.39531249999999996,0
0.865,-0.32343750000000004,0
0.865,-0.2515624999999999,0
0.865,-0.1796875,0
0.865,-0.10781250000000009,73
0.865,-0.03593750000000018,5374
0.865,0.03593750000000018,5373
0.865,0.10781250000000009,80
0.865,0.1796875,0
0.865,0.2515624999999999,0
0.865,0.3234374999999998,0
0.865,0.3953125000000002,0
0.865,0.4671875000000001,0
0.865,0.5390625,0
0.865,0.6109374999999999,0
0.865,0.6828124999999998,0
0.865,0.7546874999999997,0
0.865,0.8265625000000001,0
0.865,0.8984375,0
0.865,0.9703124999999999,0
0.865,1.0421874999999998,0
0.865,1.1140624999999997,0
0.865,1.1859375,0
0.865,1.2578125,0
0.865,1.3296875,0
0.865,1.4015624999999998,0
0.865,1.4734374999999997,0
0.865,1.5453125,0
0.865,1.6171875,0
0.865,1.6890625,0
0.865,1.7609374999999998,0
0.865,1.8328125000000002,0
0.865,1.9046874999999996,0
0.865,1.9765625,0
0.865,2.0484374999999995,0
0.865,2.1203125,0
0.865,2.1921875,0
0.865,2.2640624999999996,0
0.875,-2.2640624999999996,0
0.875,-2.1921874999999997,0
0.875,-2.1203125,0
0.875,-2.0484375,0
0.875,-1.9765624999999998,0
0.875,-1.9046874999999999,0
0.875,-1.8328124999999997,0
0.875,-1.7609374999999998,0
0.875,-1.6890625,0
0.875,-1.6171875,0
0.875,-1.5453124999999999,0
0.875,-1.4734374999999997,0
0.875,-1.4015624999999998,0
0.875,-1.3296875,0
0.875,-1.2578125,0
0.875,-1.1859374999999999,0
0.875,-1.1140625,0
0.875,-1.0421874999999998,0
0.875,-0.9703124999999999,0
0.875,-0.8984375,0
0.875,-0.8265624999999999,0
0.875,-0.7546875,0
0.875,-0.6828125,0
0.875,-0.6109374999999999,0
0.875,-0.5390625,0
0.875,-0.46718749999999987,0
0.875,-0.39531249999999996,0
0.875,-0.32343750000000004,0
0.875,-0.2515624999999999,0
0.875,-0.1796875,0
0.875,-0.10781250000000009,398
0.875,-0.03593750000000018,7536
0.875,0.03593750000000018,7602
0.875,0.10781250000000009,355
0.875,0.1796875,0
0.875,0.2515624999999999,0
0.875,0.3234374999999998,0
0.875,0.3953125000000002,0
0.875,0.4671875000000001,0
0.875,0.5390625,0
0.875,0.6109374999999999,0
0.875,0.6828124999999998,0
0.875,0.7546874999999997,0
0.875,0.8265625000000001,0
0.875,0.8984375,0
0.875,0.9703124999999999,0
0.875,1.0421874999999998,0
0.875,1.1140624999999997,0
0.875,1.1859375,0
0.875,1.2578125,0
0.875,1.3296875,0
0.875,1.4015624999999998,0
0.875,1.4734374999999997,0
0.875,1.5453125,0
0.875,1.6171875,0
0.875,1.6890625,0
0.875,1.7609374999999998,0
0.875,1.8328125000000002,0
0.875,1.9046874999999996,0
0.875,1.9765625,0
0.875,2.0484374999999995,0
0.875,2.1203125,0
0.875,2.1921875,0
0.875,2.2640624999999996,0
0.885,-2.2640624999999996,0
0.885,-2.1921874999999997,0
0.885,-2.1203125,0
0.885,-2.0484375,0
0.885,-1.9765624999999998,0
0.885,-1.9046874999999999,0
0.885,-1.8328124999999997,0
0.885,-1.7609374999999998,0
0.885,-1.6890625,0
0.885,-1.6171875,0
0.885,-1.5453124999999999,0
0.885,-1.4734374999999997,0
0.885,-1.4015624999999998,0
0.885,-1.3296875,0
0.885,-1.2578125,0
0.885,-1.1859374999999999,0
0.885,-1.1140625,0
0.885,-1.0421874999999998,0
0.885,-0.9703124999999999,0
0.885,-0.8984375,0
0.885,-0.8265624999999999,0
0.885,-0.7546875,0
0.885,-0.6828125,0
0.885,-0.6109374999999999,0
0.885,-0.5390625,0
0.885,-0.46718749999999987,0
0.885,-0.39531249999999996,0
0.885,-0.32343750000000004,0
0.885,-0.2515624999999999,0
0.885,-0.1796875,22
0.885,-0.10781250000000009,1009
0.885,-0.03593750000000018,9293
0.885,0.03593750000000018,9232
0.885,0.10781250000000009,991
0.885,0.1796875,21
0.885,0.2515624999999999,0
0.885,0.3234374999999998,0
0.885,0.3953125000000002,0
0.885,0.4671875000000001,0
0.885,0.5390625,0
0.885,0.6109374999999999,0
0.885,0.6828124999999998,0
0.885,0.7546874999999997,0
0.885,0.8265625000000001,0
0.885,0.8984375,0
0.885,0.9703124999999999,0
0.885,1.0421874999999998,0
0.885,1.1140624999999997,0
0.885,1.1859375,0
0.885,1.2578125,0
0.885,1.3296875,0
0.885,1.4015624999999998,0
0.885,1.4734374999999997,0
0.885,1.5453125,0
0.885,1.6171875,0
0.885,1.6890625,0
0.885,1.7609374999999998,0
0.885,1.8328125000000002,0
0.885,1.9046874999999996,0
0.885,1.9765625,0
0.885,2.0484374999999995,0
0.885,2.1203125,0
0.885,2.1921875,0
0.885,2.2640624999999996,0
0.895,-2.2640624999999996,0
0.895,-2.1921874999999997,0
0.895,-2.1203125,0
0.895,-2.0484375,0
0.895,-1.9765624999999998,0
0.895,-1.9046874999999999,0
0.895,-1.8328124999999997,0
0.895,-1.7609374999999998,0
0.895,-1.6890625,0
0.895,-1.6171875,0
0.895,-1.5453124999999999,0
0.895,-1.4734374999999997,0
0.895,-1.4015624999999998,0
0.895,-1.3296875,0
0.895,-1.2578125,0
0.895,-1.1859374999999999,0
0.895,-1.1140625,0
0.895,-1.0421874999999998,0
0.895,-0.9703124999999999,0
0.895,-0.8984375,0
0.895,-0.8265624999999999,0
0.895,-0.7546875,0
0.895,-0.6828125,0
0.895,-0.6109374999999999,0
0.895,-0.5390625,0
0.895,-0.46718749999999987,0
0.895,-0.39531249999999996,0
0.895,-0.32343750000000004,0
0.895,-0.2515624999999999,2
0.895,-0.1796875,239
0.895,-0.10781250000000009,1783
0.895,-0.03593750000000018,10376
0.895,0.03593750000000018,10231
0.895,0.10781250000000009,1840
0.895,0.1796875,174
0.895,0.2515624999999999,3
0.895,0.3234374999999998,0
0.895,0.3953125000000002,0
0.895,0.4671875000000001,0
0.895,0.5390625,0
0.895,0.6109374999999999,0
0.895,0.6828124999999998,0
0.895,0.7546874999999997,0
0.895,0.8265625000000001,0
0.895,0.8984375,0
0.895,0.9703124999999999,0
0.895,1.0421874999999998,0
0.895,1.1140624999999997,0
0.895,1.1859375,0
0.895,1.2578125,0
0.895,1.3296875,0
0.895,1.4015624999999998,0
0.895,1.4734374999999997,0
0.895,1.5453125,0
0.895,1.6171875,0
0.895,1.6890625,0
0.895,1.7609374999999998,0
0.895,1.8328125000000002,0
0.895,1.9046874999999996,0
0.895,1.9765625,0
0.895,2.0484374999999995,0
0.895,2.1203125,0
0.895,2.1921875,0
0.895,2.2640624999999996,0
0.905,-2.2640624999999996,0
0.905,-2.1921874999999997,0
0.905,-2.1203125,0
0.905,-2.0484375,0
0.905,-1.9765624999999998,0
0.905,-1.9046874999999999,0
0.905,-1.8328124999999997,0
0.905,-1.7609374999999998,0
0.905,-1.6890625,0
0.905,-1.6171875,0
0.905,-1.5453124999999999,0
0.905,-1.4734374999999997,0
0.905,-1.4015624999999998,0
0.905,-1.3296875,0
0.905,-1.2578125,0
0.905,-1.1859374999999999,0
0.905,-1.1140625,0
0.905,-1.0421874999999998,0
0.905,-0.9703124999999999,0
0.905,-0.8984375,0
0.905,-0.8265624999999999,0
0.905,-0.7546875,0
0.905,-0.6828125,0
0.905,-0.6109374999999999,0
0.905,-0.5390625,0
0.905,-0.46718749999999987,0
0.905,-0.39531249999999996,0
0.905,-0.32343750000000004,0
0.905,-0.2515624999999999,44
0.905,-0.1796875,676
0.905,-0.10781250000000009,3112
0.905,-0.03593750000000018,10645
0.905,0.03593750000000018,10123
0.905,0.10781250000000009,3526
0.905,0.1796875,466
0.905,0.2515624999999999,47
0.905,0.3234374999999998,0
0.905,0.3953125000000002,0
0.905,0.4671875000000001,0
0.905,0.5390625,0
0.905,0.6109374999999999,0
0.905,0.6828124999999998,0
0.905,0.7546874999999997,0
0.905,0.8265625000000001,0
0.905,0.8984375,0
0.905,0.9703124999999999,0
0.905,1.0421874999999998,0
0.905,1.1140624999999997,0
0.905,1.1859375,0
0.905,1.2578125,0
0.905,1.3296875,0
0.905,1.4015624999999998,0
0.905,1.4734374999999997,0
0.905,1.5453125,0
0.905,1.6171875,0
0.905,1.6890625,0
0.905,1.7609374999999998,0
0.905,1.8328125000000002,0
0.905,1.9046874999999996,0
0.905,1.9765625,0
0.905,2.0484374999999995,0
0.905,2.1203125,0
0.905,2.1921875,0
0.905,2.2640624999999996,0
0.915,-2.2640624999999996,0
0.915,-2.1921874999999997,0
0.915,-2.1203125,0
0.915,-2.0484375,0
0.915,-1.9765624999999998,0
0.915,-1.9046874999999999,0
0.915,-1.8328124999999997,0
0.915,-1.7609374999999998,0
0.915,-1.6890625,0
0.915,-1.6171875,0
0.915,-1.5453124999999999,0
0.915,-1.4734374999999997,0
0.915,-1.4015624999999998,0
0.915,-1.3296875,0
0.915,-1.2578125,0
0.915,-1.1859374999999999,0
0.915,-1.1140625,0
0.915,-1.0421874999999998,0
0.915,-0.9703124999999999,0
0.915,-0.8984375,0
0.915,-0.8265624999999999,0
0.915,-0.7546875,0
0.915,-0.6828125,0
0.915,-0.6109374999999999,0
0.915,-0.5390625,0
0.915,-0.46718749999999987,0
0.915,-0.39531249999999996,0
0.915,-0.32343750000000004,22
0.915,-0.2515624999999999,255
0.915,-0.1796875,1166
0.915,-0.10781250000000009,4468
0.915,-0.03593750000000018,9727
0.915,0.03593750000000018,9691
0.915,0.10781250000000009,4800
0.915,0.1796875,875
0.915,0.2515624999999999,154
0.915,0.3234374999999998,4
0.915,0.3953125000000002,1
0.915,0.4671875000000001,0
0.915,0.5390625,0
0.915,0.6109374999999999,0
0.915,0.6828124999999998,0
0.915,0.7546874999999997,0
0.915,0.8265625000000001,0
0.915,0.8984375,0
0.915,0.9703124999999999,0
0.915,1.0421874999999998,0
0.915,1.1140624999999997,0
0.915,1.1859375,0
0.915,1.2578125,0
0.915,1.3296875,0
0.915,1.4015624999999998,0
0.915,1.4734374999999997,0
0.915,1.5453125,0
0.915,1.6171875,0
0.915,1.6890625,0
0.915,1.7609374999999998,0
0.915,1.8328125000000002,0
0.915,1.9046874999999996,0
0.915,1.9765625,0
0.915,2.0484374999999995,0
0.915,2.1203125,0
0.915,2.1921875,0
0.915,2.2640624999999996,0
0.925,-2.2640624999999996,0
0.925,-2.1921874999999997,0
0.925,-2.1203125,0
0.925,-2.0484375,0
0.925,-1.9765624999999998,0
0.925,-1.9046874999999999,0
0.925,-1.8328124999999997,0
0.925,-1.7609374999999998,0
0.925,-1.6890625,0
0.925,-1.6171875,0
0.925,-1.5453124999999999,0
0.925,-1.4734374999999997,0
0.925,-1.4015624999999998,0
0.925,-1.3296875,0
0.925,-1.2578125,0
0.925,-1.1859374999999999,0
0.925,-1.1140625,0
0.925,-1.0421874999999998,0
0.925,-0.9703124999999999,0
0.925,-0.8984375,0
0.925,-0.8265624999999999,0
0.925,-0.7546875,0
0.925,-0.6828125,0
0.925,-0.6109374999999999,0
0.925,-0.5390625,0
0.925,-0.46718749999999987,1
0.925,-0.39531249999999996,7
0.925,-0.32343750000000004,170
0.925,-0.2515624999999999,518
0.925,-0.1796875,2143
0.925,-0.10781250000000009,4871
0.925,-0.03593750000000018,8821
0.925,0.03593750000000018,9404
0.925,0.10781250000000009,4982
0.925,0.1796875,1670
0.925,0.2515624999999999,420
0.925,0.3234374999999998,37
0.925,0.3953125000000002,4
0.925,0.4671875000000001,3
0.925,0.5390625,0
0.925,0.6109374999999999,0
0.925,0.6828124999999998,0
0.925,0.7546874999999997,0
0.925,0.8265625000000001,0
0.925,0.8984375,0
0.925,0.9703124999999999,0
0.925,1.0421874999999998,0
0.925,1.1140624999999997,0
0.925,1.1859375,0
0.925,1.2578125,0
0.925,1.3296875,0
0.925,1.4015624999999998,0
0.925,1.4734374999999997,0
0.925,1.5453125,0
0.925,1.6171875,0
0.925,1.6890625,0
0.925,1.7609374999999998,0
0.925,1.8328125000000002,0
0.925,1.9046874999999996,0
0.925,1.9765625,0
0.925,2.0484374999999995,0
0.925,2.1203125,0
0.925,2.1921875,0
0.925,2.2640624999999996,0
0.935,-2.2640624999999996,0
0.935,-2.1921874999999997,0
0.935,-2.1203125,0
0.935,-2.0484375,0
0.935,-1.9765624999999998,0
0.935,-1.9046874999999999,0
0.935,-1.8328124999999997,0
0.935,-1.7609374999999998,0
0.935,-1.6890625,0
0.935,-1.6171875,0
0.935,-1.5453124999999999,0
0.935,-1.4734374999999997,0
0.935,-1.4015624999999998,0
0.935,-1.3296875,0
0.935,-1.2578125,0
0.935,-1.1859374999999999,0
0.935,-1.1140625,0
0.935,-1.0421874999999998,0
0.935,-0.9703124999999999,0
0.935,-0.8984375,0
0.935,-0.8265624999999999,0
0.935,-0.7546875,0
0.935,-0.6828125,0
0.935,-0.6109374999999999,0
0.935,-0.5390625,0
0.935,-0.46718749999999987,10
0.935,-0.39531249999999996,166
0.935,-0.32343750000000004,303
0.935,-0.2515624999999999,945
0.935,-0.1796875,2551
0.935,-0.10781250000000009,4907
0.935,-0.03593750000000018,8538
0.935,0.03593750000000018,8716
0.935,0.10781250000000009,4886
0.935,0.1796875,2279
0.935,0.2515624999999999,877
0.935,0.3234374999999998,112
0.935,0.3953125000000002,44
0.935,0.4671875000000001,5
0.935,0.5390625,0
0.935,0.6109374999999999,0
0.935,0.6828124999999998,0
0.935,0.7546874999999997,0
0.935,0.8265625000000001,0
0.935,0.8984375,0
0.935,0.9703124999999999,0
0.935,1.0421874999999998,0
0.935,1.1140624999999997,0
0.935,1.1859375,0
0.935,1.2578125,0
0.935,1.3296875,0
0.935,1.4015624999999998,0
0.935,1.4734374999999997,0
0.935,1.5453125,0
0.935,1.6171875,0
0.935,1.6890625,0
0.935,1.7609374999999998,0
0.935,1.8328125000000002,0
0.935,1.9046874999999996,0
0.935,1.9765625,0
0.935,2.0484374999999995,0
0.935,2.1203125,0
0.935,2.1921875,0
0.935,2.2640624999999996,0
0.945,-2.2640624999999996,0
0.945,-2.1921874999999997,0
0.945,-2.1203125,0
0.945,-2.0484375,0
0.945,-1.9765624999999998,0
0.945,-1.9046874999999999,0
0.945,-1.8328124999999997,0
0.945,-1.7609374999999998,0
0.945,-1.6890625,0
0.945,-1.6171875,0
0.945,-1.5453124999999999,0
0.945,-1.4734374999999997,0
0.945,-1.4015624999999998,0
0.945,-1.3296875,0
0.945,-1.2578125,0
0.945,-1.1859374999999999,0
0.945,-1.1140625,0
0.945,-1.0421874999999998,0
0.945,-0.9703124999999999,0
0.945,-0.8984375,0
0.945,-0.8265624999999999,0
0.945,-0.7546875,0
0.945,-0.6828125,0
0.945,-0.6109374999999999,0
0.945,-0.5390625,0
0.945,-0.46718749999999987,41
0.945,-0.39531249999999996,292
0.945,-0.32343750000000004,621
0.945,-0.2515624999999999,1349
0.945,-0.1796875,2840
0.945,-0.10781250000000009,5009
0.945,-0.03593750000000018,8312
0.945,0.03593750000000018,8336
0.945,0.10781250000000009,4993
0.945,0.1796875,2565
0.945,0.2515624999999999,1401
0.945,0.3234374999999998,330
0.945,0.3953125000000002,136
0.945,0.4671875000000001,22
0.945,0.5390625,3
0.945,0.6109374999999999,0
0.945,0.6828124999999998,0
0.945,0.7546874999999997,0
0.945,0.8265625000000001,0
0.945,0.8984375,0
0.945,0.9703124999999999,0
0.945,1.0421874999999998,0
0.945,1.1140624999999997,0
0.945,1.1859375,0
0.945,1.2578125,0
0.945,1.3296875,0
0.945,1.4015624999999998,0
0.945,1.4734374999999997,0
0.945,1.5453125,0
0.945,1.6171875,0
0.945,1.6890625,0
0.945,1.7609374999999998,0
0.945,1.8328125000000002,0
0.945,1.9046874999999996,0
0.945,1.9765625,0
0.945,2.0484374999999995,0
0.945,2.1203125,0
0.945,2.1921875,0
0.945,2.2640624999999996,0
0.955,-2.2640624999999996,0
0.955,-2.1921874999999997,0
0.955,-2.1203125,0
0.955,-2.0484375,0
0.955,-1.9765624999999998,0
0.955,-1.9046874999999999,0
0.955,-1.8328124999999997,0
0.955,-1.7609374999999998,0
0.955,-1.6890625,0
0.955,-1.6171875,0
0.955,-1.5453124999999999,0
0.955,-1.4734374999999997,0
0.955,-1.4015624999999998,0
0.955,-1.3296875,0
0.955,-1.2578125,0
0.955,-1.1859374999999999,0
0.955,-1.1140625,0
0.955,-1.0421874999999998,0
0.955,-0.9703124999999999,0
0.955,-0.8984375,0
0.955,-0.8265624999999999,0
0.955,-0.7546875,0
0.955,-0.6828125,1
0.955,-0.6109374999999999,14
0.955,-0.5390625,71
0.955,-0.46718749999999987,209
0.955,-0.39531249999999996,437
0.955,-0.32343750000000004,987
0.955,-0.2515624999999999,1537
0.955,-0.1796875,2791
0.955,-0.10781250000000009,4958
0.955,-0.03593750000000018,7677
0.955,0.03593750000000018,7757
0.955,0.10781250000000009,5146
0.955,0.1796875,2786
0.955,0.2515624999999999,1498
0.955,0.3234374999999998,714
0.955,0.3953125000000002,419
0.955,0.4671875000000001,134
0.955,0.5390625,52
0.955,0.6109374999999999,10
0.955,0.6828124999999998,10
0.955,0.7546874999999997,1
0.955,0.8265625000000001,0
0.955,0.8984375,0
0.955,0.9703124999999999,0
0.955,1.0421874999999998,0
0.955,1.1140624999999997,0
0.955,1.1859375,0
0.955,1.2578125,0
0.955,1.3296875,0
0.955,1.4015624999999998,0
0.955,1.4734374999999997,0
0.955,1.5453125,0
0.955,1.6171875,0
0.955,1.6890625,0
0.955,1.7609374999999998,0
0.955,1.8328125000000002,0
0.955,1.9046874999999996,0
0.955,1.9765625,0
0.955,2.0484374999999995,0
0.955,2.1203125,0
0.955,2.1921875,0
0.955,2.2640624999999996,0
0.965,-2.2640624999999996,0
0.965,-2.1921874999999997,0
0.965,-2.1203125,0
0.965,-2.0484375,0
0.965,-1.9765624999999998,0
0.965,-1.9046874999999999,0
0.965,-1.8328124999999997,0
0.965,-1.7609374999999998,0
0.965,-1.6890625,0
0.965,-1.6171875,0
0.965,-1.5453124999999999,0
0.965,-1.4734374999999997,0
0.965,-1.4015624999999998,0
0.965,-1.3296875,0
0.965,-1.2578125,0
0.965,-1.1859374999999999,0
0.965,-1.1140625,0
0.965,-1.0421874999999998,0
0.965,-0.9703124999999999,0
0.965,-0.8984375,0
0.965,-0.8265624999999999,0
0.965,-0.7546875,1
0.965,-0.6828125,23
0.965,-0.6109374999999999,91
0.965,-0.5390625,141
0.965,-0.46718749999999987,363
0.965,-0.39531249999999996,901
0.965,-0.32343750000000004,1175
0.965,-0.2515624999999999,1667
0.965,-0.1796875,2833
0.965,-0.10781250000000009,4822
0.965,-0.03593750000000018,7521
0.965,0.03593750000000018,7259
0.965,0.10781250000000009,5449
0.965,0.1796875,2978
0.965,0.2515624999999999,1451
0.965,0.3234374999999998,916
0.965,0.3953125000000002,789
0.965,0.4671875000000001,348
0.965,0.5390625,161
0.965,0.6109374999999999,75
0.965,0.6828124999999998,11
0.965,0.7546874999999997,1
0.965,0.8265625000000001,0
0.965,0.8984375,0
0.965,0.9703124999999999,0
0.965,1.0421874999999998,0
0.965,1.1140624999999997,0
0.965,1.1859375,0
0.965,1.2578125,0
0.965,1.3296875,0
0.965,1.4015624999999998,0
0.965,1.4734374999999997,0
0.965,1.5453125,0
0.965,1.6171875,0
0.965,1.6890625,0
0.965,1.7609374999999998,0
0.965,1.8328125000000002,0
0.965,1.9046874999999996,0
0.965,1.9765625,0
0.965,2.0484374999999995,0
0.965,2.1203125,0
0.965,2.1921875,0
0.965,2.2640624999999996,0
0.975,-2.2640624999999996,0
0.975,-2.1921874999999997,0
0.975,-2.1203125,0
0.975,-2.0484375,0
0.975,-1.9765624999999998,0
0.975,-1.9046874999999999,0
0.975,-1.8328124999999997,0
0.975,-1.7609374999999998,0
0.975,-1.6890625,0
0.975,-1.6171875,0
0.975,-1.5453124999999999,0
0.975,-1.4734374999999997,0
0.975,-1.4015624999999998,0
0.975,-1.3296875,0
0.975,-1.2578125,0
0.975,-1.1859374999999999,0
0.975,-1.1140625,0
0.975,-1.0421874999999998,0
0.975,-0.9703124999999999,0
0.975,-0.8984375,2
0.975,-0.8265624999999999,3
0.975,-0.7546875,39
0.975,-0.6828125,91
0.975,-0.6109374999999999,239
0.975,-0.5390625,263
0.975,-0.46718749999999987,511
0.975,-0.39531249999999996,1019
0.975,-0.32343750000000004,1220
0.975,-0.2515624999999999,1606
0.975,-0.1796875,2891
0.975,-0.10781250000000009,4695
0.975,-0.03593750000000018,6976
0.975,0.03593750000000018,6903
0.975,0.10781250000000009,5468
0.975,0.1796875,3243
0.975,0.2515624999999999,1559
0.975,0.3234374999999998,976
0.975,0.3953125000000002,809
0.975,0.4671875000000001,658
0.975,0.5390625,425
0.975,0.6109374999999999,203
0.975,0.6828124999999998,63
0.975,0.7546874999999997,6
0.975,0.8265625000000001,1
0.975,0.8984375,0
0.975,0.9703124999999999,0
0.975,1.0421874999999998,0
0.975,1.1140624999999997,0
0.975,1.1859375,0
0.975,1.2578125,0
0.975,1.3296875,0
0.975,1.4015624999999998,0
0.975,1.4734374999999997,0
0.975,1.5453125,0
0.975,1.6171875,0
0.975,1.6890625,0
0.975,1.7609374999999998,0
0.975,1.8328125000000002,0
0.975,1.9046874999999996,0
0.975,1.9765625,0
0.975,2.0484374999999995,0
0.975,2.1203125,0
0.975,2.1921875,0
0.975,2.2640624999999996,0
0.985,-2.2640624999999996,0
0.985,-2.1921874999999997,0
0.985,-2.1203125,0
0.985,-2.0484375,0
0.985,-1.9765624999999998,0
0.985,-1.9046874999999999,0
0.985,-1.8328124999999997,0
0.985,-1.7609374999999998,0
0.985,-1.6890625,0
0.985,-1.6171875,0
0.985,-1.5453124999999999,0
0.985,-1.4734374999999997,0
0.985,-1.4015624999999998,0
0.985,-1.3296875,0
0.985,-1.2578125,0
0.985,-1.1859374999999999,0
0.985,-1.1140625,0
0.985,-1.0421874999999998,0
0.985,-0.9703124999999999,1
0.985,-0.8984375,29
0.985,-0.8265624999999999,59
0.985,-0.7546875,151
0.985,-0.6828125,165
0.985,-0.6109374999999999,431
0.985,-0.5390625,610
0.985,-0.46718749999999987,650
0.985,-0.39531249999999996,1017
0.985,-0.32343750000000004,1358
0.985,-0.2515624999999999,1596
0.985,-0.1796875,2930
0.985,-0.10781250000000009,4802
0.985,-0.03593750000000018,6569
0.985,0.03593750000000018,6554
0.985,0.10781250000000009,4958
0.985,0.1796875,3340
0.985,0.2515624999999999,1725
0.985,0.3234374999999998,1122
0.985,0.3953125000000002,875
0.985,0.4671875000000001,876
0.985,0.5390625,659
0.985,0.6109374999999999,411
0.985,0.6828124999999998,161
0.985,0.7546874999999997,61
0.985,0.8265625000000001,23
0.985,0.8984375,1
0.985,0.9703124999999999,0
0.985,1.0421874999999998,0
0.985,1.1140624999999997,0
0.985,1.1859375,0
0.985,1.2578125,0
0.985,1.3296875,0
0.985,1.4015624999999998,0
0.985,1.4734374999999997,0
0.985,1.5453125,0
0.985,1.6171875,0
0.985,1.6890625,0
0.985,1.7609374999999998,0
0.985,1.8328125000000002,0
0.985,1.9046874999999996,0
0.985,1.9765625,0
0.985,2.0484374999999995,0
0.985,2.1203125,0
0.985,2.1921875,0
0.985,2.2640624999999996,0
0.995,-2.2640624999999996,0
0.995,-2.1921874999999997,0
0.995,-2.1203125,0
0.995,-2.0484375,0
0.995,-1.9765624999999998,0
0.995,-1.9046874999999999,0
0.995,-1.8328124999999997,0
0.995,-1.7609374999999998,0
0.995,-1.6890625,0
0.995,-1.6171875,0
0.995,-1.5453124999999999,0
0.995,-1.4734374999999997,0
0.995,-1.4015624999999998,0
0.995,-1.3296875,0
0.995,-1.2578125,0
0.995,-1.1859374999999999,0
0.995,-1.1140625,0
0.995,-1.0421874999999998,1
0.995,-0.9703124999999999,9
0.995,-0.8984375,89
0.995,-0.8265624999999999,126
0.995,-0.7546875,241
0.995,-0.6828125,356
0.995,-0.6109374999999999,629
0.995,-0.5390625,685
0.995,-0.46718749999999987,781
0.995,-0.39531249999999996,1016
0.995,-0.32343750000000004,1466
0.995,-0.2515624999999999,1720
0.995,-0.1796875,3121
0.995,-0.10781250000000009,4695
0.995,-0.03593750000000018,6483
0.995,0.03593750000000018,6425
0.995,0.10781250000000009,4756
0.995,0.1796875,3374
0.995,0.2515624999999999,1833
0.995,0.3234374999999998,1155
0.995,0.3953125000000002,897
0.995,0.4671875000000001,813
0.995,0.5390625,705
0.995,0.6109374999999999,544
0.995,0.6828124999999998,338
0.995,0.7546874999999997,144
0.995,0.8265625000000001,82
0.995,0.8984375,38
0.995,0.9703124999999999,20
0.995,1.0421874999999998,0
0.995,1.1140624999999997,0
0.995,1.1859375,0
0.995,1.2578125,0
0.995,1.3296875,0
0.995,1.4015624999999998,0
0.995,1.4734374999999997,0
0.995,1.5453125,0
0.995,1.6171875,0
0.995,1.6890625,0
0.995,1.7609374999999998,0
0.995,1.8328125000000002,0
0.995,1.9046874999999996,0
0.995,1.9765625,0
0.995,2.0484374999999995,0
0.995,2.1203125,0
0.995,2.1921875,0
0.995,2.2640624999999996,0
