x,phi,count
0.005,0.08726646259971647,1767
0.005,0.2617993877991494,1813
0.005,0.4363323129985824,1857
0.005,0.6108652381980153,1819
0.005,0.7853981633974483,1686
0.005,0.9599310885968811,1692
0.005,1.1344640137963142,1620
0.005,1.308996938995747,1552
0.005,1.4835298641951802,1512
0.005,1.658062789394613,1478
0.005,1.8325957145940461,1485
0.005,2.007128639793479,1555
0.005,2.181661564992912,1664
0.005,2.356194490192345,1714
0.005,2.530727415391778,1810
0.005,2.705260340591211,1889
0.005,2.879793265790644,1878
0.005,3.0543261909900767,1879
0.005,3.2288591161895095,1662
0.005,3.4033920413889422,1488
0.005,3.577924966588375,1275
0.005,3.752457891787808,1062
0.005,3.9269908169872414,857
0.005,4.101523742186675,707
0.005,4.276056667386107,619
0.005,4.4505895925855405,551
0.005,4.625122517784973,516
0.005,4.799655442984406,530
0.005,4.974188368183839,578
0.005,5.148721293383272,638
0.005,5.323254218582705,704
0.005,5.497787143782138,915
0.005,5.672320068981571,1067
0.005,5.8468529941810035,1244
0.005,6.021385919380437,1512
0.005,6.19591884457987,1690
0.015,0.08726646259971647,1803
0.015,0.2617993877991494,1992
0.015,0.4363323129985824,1978
0.015,0.6108652381980153,1840
0.015,0.7853981633974483,1795
0.015,0.9599310885968811,1713
0.015,1.1344640137963142,1691
0.015,1.308996938995747,1657
0.015,1.4835298641951802,1582
0.015,1.658062789394613,1596
0.015,1.8325957145940461,1677
0.015,2.007128639793479,1700
0.015,2.181661564992912,1856
0.015,2.356194490192345,1903
0.015,2.530727415391778,1924
0.015,2.705260340591211,1822
0.015,2.879793265790644,1896
0.015,3.0543261909900767,1776
0.015,3.2288591161895095,1755
0.015,3.4033920413889422,1547
0.015,3.577924966588375,1433
0.015,3.752457891787808,1052
0.015,3.9269908169872414,891
0.015,4.101523742186675,725
0.015,4.276056667386107,645
0.015,4.4505895925855405,646
0.015,4.625122517784973,652
0.015,4.799655442984406,659
0.015,4.974188368183839,636
0.015,5.148721293383272,684
0.015,5.323254218582705,798
0.015,5.497787143782138,950
0.015,5.672320068981571,1128
0.015,5.8468529941810035,1378
0.015,6.021385919380437,1507
0.015,6.19591884457987,1703
0.025,0.08726646259971647,1999
0.025,0.2617993877991494,2036
0.025,0.4363323129985824,2019
0.025,0.6108652381980153,1987
0.025,0.7853981633974483,1897
0.025,0.9599310885968811,1701
0.025,1.1344640137963142,1726
0.025,1.308996938995747,1635
0.025,1.4835298641951802,1745
0.025,1.658062789394613,1648
0.025,1.8325957145940461,1673
0.025,2.007128639793479,1830
0.025,2.181661564992912,1894
0.025,2.356194490192345,1978
0.025,2.530727415391778,2044
0.025,2.705260340591211,2089
0.025,2.879793265790644,2050
0.025,3.0543261909900767,1834
0.025,3.2288591161895095,1766
0.025,3.4033920413889422,1623
0.025,3.577924966588375,1401
0.025,3.752457891787808,1159
0.025,3.9269908169872414,945
0.025,4.101523742186675,795
0.025,4.276056667386107,665
0.025,4.4505895925855405,664
0.025,4.625122517784973,666
0.025,4.799655442984406,637
0.025,4.974188368183839,651
0.025,5.148721293383272,658
0.025,5.323254218582705,818
0.025,5.497787143782138,951
0.025,5.672320068981571,1059
0.025,5.8468529941810035,1386
0.025,6.021385919380437,1609
0.025,6.19591884457987,1882
0.035,0.08726646259971647,2103
0.035,0.2617993877991494,2272
0.035,0.4363323129985824,2156
0.035,0.6108652381980153,2076
0.035,0.7853981633974483,1988
0.035,0.9599310885968811,1941
0.035,1.1344640137963142,1812
0.035,1.308996938995747,1819
0.035,1.4835298641951802,1785
0.035,1.658062789394613,1869
0.035,1.8325957145940461,1891
0.035,2.007128639793479,1895
0.035,2.181661564992912,1944
0.035,2.356194490192345,1945
0.035,2.530727415391778,2106
0.035,2.705260340591211,2098
0.035,2.879793265790644,2119
0.035,3.0543261909900767,2006
0.035,3.2288591161895095,1762
0.035,3.4033920413889422,1639
0.035,3.577924966588375,1477
0.035,3.752457891787808,1264
0.035,3.9269908169872414,1064
0.035,4.101523742186675,915
0.035,4.276056667386107,788
0.035,4.4505895925855405,762
0.035,4.625122517784973,706
0.035,4.799655442984406,641
0.035,4.974188368183839,643
0.035,5.148721293383272,815
0.035,5.323254218582705,917
0.035,5.497787143782138,1035
0.035,5.672320068981571,1233
0.035,5.8468529941810035,1427
0.035,6.021385919380437,1699
0.035,6.19591884457987,1997
0.045,0.08726646259971647,2185
0.045,0.2617993877991494,2210
0.045,0.4363323129985824,2285
0.045,0.6108652381980153,2237
0.045,0.7853981633974483,2173
0.045,0.9599310885968811,2048
0.045,1.1344640137963142,2023
0.045,1.308996938995747,1962
0.045,1.4835298641951802,1900
0.045,1.658062789394613,1950
0.045,1.8325957145940461,1984
0.045,2.007128639793479,2006
0.045,2.181661564992912,2088
0.045,2.356194490192345,2169
0.045,2.530727415391778,2239
0.045,2.705260340591211,2333
0.045,2.879793265790644,2192
0.045,3.0543261909900767,2168
0.045,3.2288591161895095,2067
0.045,3.4033920413889422,1785
0.045,3.577924966588375,1494
0.045,3.752457891787808,1283
0.045,3.9269908169872414,1129
0.045,4.101523742186675,974
0.045,4.276056667386107,872
0.045,4.4505895925855405,893
0.045,4.625122517784973,746
0.045,4.799655442984406,749
0.045,4.974188368183839,733
0.045,5.148721293383272,802
0.045,5.323254218582705,919
0.045,5.497787143782138,1096
0.045,5.672320068981571,1366
0.045,5.8468529941810035,1540
0.045,6.021385919380437,1781
0.045,6.19591884457987,2017
0.055,0.08726646259971647,2304
0.055,0.2617993877991494,2482
0.055,0.4363323129985824,2496
0.055,0.6108652381980153,2427
0.055,0.7853981633974483,2401
0.055,0.9599310885968811,2198
0.055,1.1344640137963142,2100
0.055,1.308996938995747,1975
0.055,1.4835298641951802,2062
0.055,1.658062789394613,2052
0.055,1.8325957145940461,2031
0.055,2.007128639793479,2158
0.055,2.181661564992912,2211
0.055,2.356194490192345,2308
0.055,2.530727415391778,2246
0.055,2.705260340591211,2478
0.055,2.879793265790644,2401
0.055,3.0543261909900767,2335
0.055,3.2288591161895095,2178
0.055,3.4033920413889422,1941
0.055,3.577924966588375,1706
0.055,3.752457891787808,1393
0.055,3.9269908169872414,1207
0.055,4.101523742186675,1046
0.055,4.276056667386107,893
0.055,4.4505895925855405,792
0.055,4.625122517784973,775
0.055,4.799655442984406,777
0.055,4.974188368183839,823
0.055,5.148721293383272,930
0.055,5.323254218582705,1062
0.055,5.497787143782138,1174
0.055,5.672320068981571,1360
0.055,5.8468529941810035,1710
0.055,6.021385919380437,2006
0.055,6.19591884457987,2124
0.065,0.08726646259971647,2638
0.065,0.2617993877991494,2638
0.065,0.4363323129985824,2748
0.065,0.6108652381980153,2649
0.065,0.7853981633974483,2603
0.065,0.9599310885968811,2471
0.065,1.1344640137963142,2344
0.065,1.308996938995747,2300
0.065,1.4835298641951802,2209
0.065,1.658062789394613,2328
0.065,1.8325957145940461,2390
0.065,2.007128639793479,2329
0.065,2.181661564992912,2372
0.065,2.356194490192345,2511
0.065,2.530727415391778,2665
0.065,2.705260340591211,2727
0.065,2.879793265790644,2646
0.065,3.0543261909900767,2543
0.065,3.2288591161895095,2340
0.065,3.4033920413889422,2014
0.065,3.577924966588375,1741
0.065,3.752457891787808,1495
0.065,3.9269908169872414,1240
0.065,4.101523742186675,1053
0.065,4.276056667386107,1003
0.065,4.4505895925855405,914
0.065,4.625122517784973,836
0.065,4.799655442984406,782
0.065,4.974188368183839,792
0.065,5.148721293383272,951
0.065,5.323254218582705,1130
0.065,5.497787143782138,1309
0.065,5.672320068981571,1493
0.065,5.8468529941810035,1686
0.065,6.021385919380437,2131
0.065,6.19591884457987,2347
0.075,0.08726646259971647,2751
0.075,0.2617993877991494,2814
0.075,0.4363323129985824,2897
0.075,0.6108652381980153,2909
0.075,0.7853981633974483,2828
0.075,0.9599310885968811,2681
0.075,1.1344640137963142,2626
0.075,1.308996938995747,2542
0.075,1.4835298641951802,2462
0.075,1.658062789394613,2477
0.075,1.8325957145940461,2507
0.075,2.007128639793479,2598
0.075,2.181661564992912,2719
0.075,2.356194490192345,2672
0.075,2.530727415391778,2868
0.075,2.705260340591211,3070
0.075,2.879793265790644,3002
0.075,3.0543261909900767,2763
0.075,3.2288591161895095,2577
0.075,3.4033920413889422,2192
0.075,3.577924966588375,1828
0.075,3.752457891787808,1615
0.075,3.9269908169872414,1345
0.075,4.101523742186675,1142
0.075,4.276056667386107,969
0.075,4.4505895925855405,873
0.075,4.625122517784973,915
0.075,4.799655442984406,868
0.075,4.974188368183839,950
0.075,5.148721293383272,1081
0.075,5.323254218582705,1162
0.075,5.497787143782138,1398
0.075,5.672320068981571,1572
0.075,5.8468529941810035,1821
0.075,6.021385919380437,2207
0.075,6.19591884457987,2456
0.085,0.08726646259971647,3053
0.085,0.2617993877991494,3051
0.085,0.4363323129985824,3174
0.085,0.6108652381980153,3070
0.085,0.7853981633974483,2940
0.085,0.9599310885968811,2864
0.085,1.1344640137963142,2794
0.085,1.308996938995747,2718
0.085,1.4835298641951802,2658
0.085,1.658062789394613,2648
0.085,1.8325957145940461,2645
0.085,2.007128639793479,2676
0.085,2.181661564992912,2831
0.085,2.356194490192345,3037
0.085,2.530727415391778,3258
0.085,2.705260340591211,3430
0.085,2.879793265790644,3300
0.085,3.0543261909900767,3035
0.085,3.2288591161895095,2837
0.085,3.4033920413889422,2502
0.085,3.577924966588375,2098
0.085,3.752457891787808,1730
0.085,3.9269908169872414,1513
0.085,4.101523742186675,1302
0.085,4.276056667386107,1089
0.085,4.4505895925855405,981
0.085,4.625122517784973,1010
0.085,4.799655442984406,966
0.085,4.974188368183839,1007
0.085,5.148721293383272,1094
0.085,5.323254218582705,1213
0.085,5.497787143782138,1467
0.085,5.672320068981571,1766
0.085,5.8468529941810035,2069
0.085,6.021385919380437,2408
0.085,6.19591884457987,2689
0.095,0.08726646259971647,3253
0.095,0.2617993877991494,3367
0.095,0.4363323129985824,3385
0.095,0.6108652381980153,3296
0.095,0.7853981633974483,3192
0.095,0.9599310885968811,3053
0.095,1.1344640137963142,2963
0.095,1.308996938995747,2772
0.095,1.4835298641951802,2720
0.095,1.658062789394613,2726
0.095,1.8325957145940461,2709
0.095,2.007128639793479,2843
0.095,2.181661564992912,2998
0.095,2.356194490192345,3337
0.095,2.530727415391778,3631
0.095,2.705260340591211,3592
0.095,2.879793265790644,3615
0.095,3.0543261909900767,3439
0.095,3.2288591161895095,3216
0.095,3.4033920413889422,2748
0.095,3.577924966588375,2385
0.095,3.752457891787808,2055
0.095,3.9269908169872414,1717
0.095,4.101523742186675,1410
0.095,4.276056667386107,1179
0.095,4.4505895925855405,1199
0.095,4.625122517784973,1122
0.095,4.799655442984406,1155
0.095,4.974188368183839,1167
0.095,5.148721293383272,1175
0.095,5.323254218582705,1383
0.095,5.497787143782138,1587
0.095,5.672320068981571,1909
0.095,5.8468529941810035,2181
0.095,6.021385919380437,2546
0.095,6.19591884457987,3149
0.105,0.08726646259971647,3578
0.105,0.2617993877991494,3720
0.105,0.4363323129985824,3810
0.105,0.6108652381980153,3672
0.105,0.7853981633974483,3563
0.105,0.9599310885968811,3345
0.105,1.1344640137963142,3254
0.105,1.308996938995747,3145
0.105,1.4835298641951802,2953
0.105,1.658062789394613,2843
0.105,1.8325957145940461,3036
0.105,2.007128639793479,3141
0.105,2.181661564992912,3343
0.105,2.356194490192345,3695
0.105,2.530727415391778,3818
0.105,2.705260340591211,4045
0.105,2.879793265790644,3869
0.105,3.0543261909900767,3752
0.105,3.2288591161895095,3486
0.105,3.4033920413889422,3064
0.105,3.577924966588375,2687
0.105,3.752457891787808,2193
0.105,3.9269908169872414,1900
0.105,4.101523742186675,1566
0.105,4.276056667386107,1365
0.105,4.4505895925855405,1336
0.105,4.625122517784973,1300
0.105,4.799655442984406,1258
0.105,4.974188368183839,1220
0.105,5.148721293383272,1352
0.105,5.323254218582705,1517
0.105,5.497787143782138,1834
0.105,5.672320068981571,2102
0.105,5.8468529941810035,2517
0.105,6.021385919380437,2960
0.105,6.19591884457987,3272
0.115,0.08726646259971647,4020
0.115,0.2617993877991494,4140
0.115,0.4363323129985824,4231
0.115,0.6108652381980153,4151
0.115,0.7853981633974483,3853
0.115,0.9599310885968811,3653
0.115,1.1344640137963142,3511
0.115,1.308996938995747,3478
0.115,1.4835298641951802,3331
0.115,1.658062789394613,3319
0.115,1.8325957145940461,3374
0.115,2.007128639793479,3605
0.115,2.181661564992912,3737
0.115,2.356194490192345,3959
0.115,2.530727415391778,4411
0.115,2.705260340591211,4458
0.115,2.879793265790644,4503
0.115,3.0543261909900767,4285
0.115,3.2288591161895095,3887
0.115,3.4033920413889422,3410
0.115,3.577924966588375,2905
0.115,3.752457891787808,2530
0.115,3.9269908169872414,2040
0.115,4.101523742186675,1781
0.115,4.276056667386107,1500
0.115,4.4505895925855405,1385
0.115,4.625122517784973,1273
0.115,4.799655442984406,1345
0.115,4.974188368183839,1337
0.115,5.148721293383272,1477
0.115,5.323254218582705,1665
0.115,5.497787143782138,1950
0.115,5.672320068981571,2385
0.115,5.8468529941810035,2727
0.115,6.021385919380437,3239
0.115,6.19591884457987,3785
0.125,0.08726646259971647,4367
0.125,0.2617993877991494,4689
0.125,0.4363323129985824,4677
0.125,0.6108652381980153,4554
0.125,0.7853981633974483,4242
0.125,0.9599310885968811,3946
0.125,1.1344640137963142,3865
0.125,1.308996938995747,3758
0.125,1.4835298641951802,3593
0.125,1.658062789394613,3710
0.125,1.8325957145940461,3864
0.125,2.007128639793479,4008
0.125,2.181661564992912,4273
0.125,2.356194490192345,4521
0.125,2.530727415391778,4695
0.125,2.705260340591211,4968
0.125,2.879793265790644,4797
0.125,3.0543261909900767,4752
0.125,3.2288591161895095,4359
0.125,3.4033920413889422,3692
0.125,3.577924966588375,3258
0.125,3.752457891787808,2661
0.125,3.9269908169872414,2235
0.125,4.101523742186675,1960
0.125,4.276056667386107,1596
0.125,4.4505895925855405,1447
0.125,4.625122517784973,1321
0.125,4.799655442984406,1263
0.125,4.974188368183839,1397
0.125,5.148721293383272,1531
0.125,5.323254218582705,1761
0.125,5.497787143782138,2097
0.125,5.672320068981571,2474
0.125,5.8468529941810035,3031
0.125,6.021385919380437,3453
0.125,6.19591884457987,4047
0.135,0.08726646259971647,4916
0.135,0.2617993877991494,5175
0.135,0.4363323129985824,5241
0.135,0.6108652381980153,4942
0.135,0.7853981633974483,4898
0.135,0.9599310885968811,4541
0.135,1.1344640137963142,4250
0.135,1.308996938995747,4303
0.135,1.4835298641951802,4241
0.135,1.658062789394613,4149
0.135,1.8325957145940461,4256
0.135,2.007128639793479,4490
0.135,2.181661564992912,4787
0.135,2.356194490192345,5031
0.135,2.530727415391778,5269
0.135,2.705260340591211,5556
0.135,2.879793265790644,5420
0.135,3.0543261909900767,5359
0.135,3.2288591161895095,4721
0.135,3.4033920413889422,4201
0.135,3.577924966588375,3470
0.135,3.752457891787808,2946
0.135,3.9269908169872414,2514
0.135,4.101523742186675,2064
0.135,4.276056667386107,1750
0.135,4.4505895925855405,1635
0.135,4.625122517784973,1468
0.135,4.799655442984406,1504
0.135,4.974188368183839,1473
0.135,5.148721293383272,1601
0.135,5.323254218582705,1906
0.135,5.497787143782138,2325
0.135,5.672320068981571,2844
0.135,5.8468529941810035,3406
0.135,6.021385919380437,4034
0.135,6.19591884457987,4500
0.145,0.08726646259971647,5452
0.145,0.2617993877991494,5745
0.145,0.4363323129985824,5686
0.145,0.6108652381980153,5521
0.145,0.7853981633974483,5293
0.145,0.9599310885968811,5059
0.145,1.1344640137963142,4902
0.145,1.308996938995747,4808
0.145,1.4835298641951802,4749
0.145,1.658062789394613,4764
0.145,1.8325957145940461,4804
0.145,2.007128639793479,4893
0.145,2.181661564992912,5331
0.145,2.356194490192345,5549
0.145,2.530727415391778,5956
0.145,2.705260340591211,6120
0.145,2.879793265790644,5927
0.145,3.0543261909900767,5632
0.145,3.2288591161895095,5137
0.145,3.4033920413889422,4557
0.145,3.577924966588375,3852
0.145,3.752457891787808,3406
0.145,3.9269908169872414,2819
0.145,4.101523742186675,2357
0.145,4.276056667386107,1983
0.145,4.4505895925855405,1792
0.145,4.625122517784973,1652
0.145,4.799655442984406,1610
0.145,4.974188368183839,1593
0.145,5.148721293383272,1851
0.145,5.323254218582705,2127
0.145,5.497787143782138,2526
0.145,5.672320068981571,3143
0.145,5.8468529941810035,3797
0.145,6.021385919380437,4374
0.145,6.19591884457987,5028
0.155,0.08726646259971647,6119
0.155,0.2617993877991494,6473
0.155,0.4363323129985824,6407
0.155,0.6108652381980153,6209
0.155,0.7853981633974483,5848
0.155,0.9599310885968811,5603
0.155,1.1344640137963142,5404
0.155,1.308996938995747,5162
0.155,1.4835298641951802,5116
0.155,1.658062789394613,4950
0.155,1.8325957145940461,5113
0.155,2.007128639793479,5565
0.155,2.181661564992912,5721
0.155,2.356194490192345,6121
0.155,2.530727415391778,6507
0.155,2.705260340591211,6485
0.155,2.879793265790644,6521
0.155,3.0543261909900767,6474
0.155,3.2288591161895095,5712
0.155,3.4033920413889422,5189
0.155,3.577924966588375,4340
0.155,3.752457891787808,3742
0.155,3.9269908169872414,3120
0.155,4.101523742186675,2481
0.155,4.276056667386107,2259
0.155,4.4505895925855405,2052
0.155,4.625122517784973,1894
0.155,4.799655442984406,1861
0.155,4.974188368183839,1829
0.155,5.148721293383272,2024
0.155,5.323254218582705,2350
0.155,5.497787143782138,2774
0.155,5.672320068981571,3378
0.155,5.8468529941810035,4289
0.155,6.021385919380437,4804
0.155,6.19591884457987,5636
0.165,0.08726646259971647,6923
0.165,0.2617993877991494,7017
0.165,0.4363323129985824,7058
0.165,0.6108652381980153,6783
0.165,0.7853981633974483,6494
0.165,0.9599310885968811,6208
0.165,1.1344640137963142,5882
0.165,1.308996938995747,5694
0.165,1.4835298641951802,5432
0.165,1.658062789394613,5443
0.165,1.8325957145940461,5604
0.165,2.007128639793479,5866
0.165,2.181661564992912,6361
0.165,2.356194490192345,6582
0.165,2.530727415391778,7106
0.165,2.705260340591211,7433
0.165,2.879793265790644,7358
0.165,3.0543261909900767,6915
0.165,3.2288591161895095,6536
0.165,3.4033920413889422,5691
0.165,3.577924966588375,4849
0.165,3.752457891787808,4126
0.165,3.9269908169872414,3339
0.165,4.101523742186675,2806
0.165,4.276056667386107,2349
0.165,4.4505895925855405,2146
0.165,4.625122517784973,2037
0.165,4.799655442984406,2023
0.165,4.974188368183839,2095
0.165,5.148721293383272,2320
0.165,5.323254218582705,2633
0.165,5.497787143782138,3253
0.165,5.672320068981571,3861
0.165,5.8468529941810035,4730
0.165,6.021385919380437,5519
0.165,6.19591884457987,6413
0.175,0.08726646259971647,7450
0.175,0.2617993877991494,7873
0.175,0.4363323129985824,7917
0.175,0.6108652381980153,7460
0.175,0.7853981633974483,7233
0.175,0.9599310885968811,6894
0.175,1.1344640137963142,6378
0.175,1.308996938995747,6115
0.175,1.4835298641951802,6039
0.175,1.658062789394613,6053
0.175,1.8325957145940461,6134
0.175,2.007128639793479,6648
0.175,2.181661564992912,7001
0.175,2.356194490192345,7323
0.175,2.530727415391778,7653
0.175,2.705260340591211,7942
0.175,2.879793265790644,7868
0.175,3.0543261909900767,7819
0.175,3.2288591161895095,7321
0.175,3.4033920413889422,6413
0.175,3.577924966588375,5303
0.175,3.752457891787808,4538
0.175,3.9269908169872414,3637
0.175,4.101523742186675,2998
0.175,4.276056667386107,2655
0.175,4.4505895925855405,2442
0.175,4.625122517784973,2168
0.175,4.799655442984406,2151
0.175,4.974188368183839,2271
0.175,5.148721293383272,2559
0.175,5.323254218582705,2896
0.175,5.497787143782138,3501
0.175,5.672320068981571,4413
0.175,5.8468529941810035,5082
0.175,6.021385919380437,6022
0.175,6.19591884457987,6941
0.185,0.08726646259971647,8326
0.185,0.2617993877991494,8663
0.185,0.4363323129985824,8659
0.185,0.6108652381980153,8460
0.185,0.7853981633974483,7877
0.185,0.9599310885968811,7502
0.185,1.1344640137963142,7214
0.185,1.308996938995747,6580
0.185,1.4835298641951802,6531
0.185,1.658062789394613,6452
0.185,1.8325957145940461,6823
0.185,2.007128639793479,7079
0.185,2.181661564992912,7678
0.185,2.356194490192345,8066
0.185,2.530727415391778,8503
0.185,2.705260340591211,8772
0.185,2.879793265790644,8722
0.185,3.0543261909900767,8506
0.185,3.2288591161895095,7794
0.185,3.4033920413889422,6993
0.185,3.577924966588375,5858
0.185,3.752457891787808,4960
0.185,3.9269908169872414,4102
0.185,4.101523742186675,3467
0.185,4.276056667386107,2834
0.185,4.4505895925855405,2623
0.185,4.625122517784973,2386
0.185,4.799655442984406,2366
0.185,4.974188368183839,2571
0.185,5.148721293383272,2753
0.185,5.323254218582705,3355
0.185,5.497787143782138,3858
0.185,5.672320068981571,4584
0.185,5.8468529941810035,5466
0.185,6.021385919380437,6482
0.185,6.19591884457987,7525
0.195,0.08726646259971647,8985
0.195,0.2617993877991494,9685
0.195,0.4363323129985824,9650
0.195,0.6108652381980153,9168
0.195,0.7853981633974483,8604
0.195,0.9599310885968811,8015
0.195,1.1344640137963142,7605
0.195,1.308996938995747,7266
0.195,1.4835298641951802,6999
0.195,1.658062789394613,7114
0.195,1.8325957145940461,7246
0.195,2.007128639793479,7658
0.195,2.181661564992912,8115
0.195,2.356194490192345,8559
0.195,2.530727415391778,9356
0.195,2.705260340591211,9661
0.195,2.879793265790644,9586
0.195,3.0543261909900767,9099
0.195,3.2288591161895095,8458
0.195,3.4033920413889422,7362
0.195,3.577924966588375,6341
0.195,3.752457891787808,5182
0.195,3.9269908169872414,4299
0.195,4.101523742186675,3603
0.195,4.276056667386107,3052
0.195,4.4505895925855405,2772
0.195,4.625122517784973,2509
0.195,4.799655442984406,2638
0.195,4.974188368183839,2782
0.195,5.148721293383272,3155
0.195,5.323254218582705,3662
0.195,5.497787143782138,4228
0.195,5.672320068981571,5130
0.195,5.8468529941810035,6145
0.195,6.021385919380437,7371
0.195,6.19591884457987,8246
0.205,0.08726646259971647,9981
0.205,0.2617993877991494,10269
0.205,0.4363323129985824,10315
0.205,0.6108652381980153,9847
0.205,0.7853981633974483,9329
0.205,0.9599310885968811,8655
0.205,1.1344640137963142,8252
0.205,1.308996938995747,7843
0.205,1.4835298641951802,7520
0.205,1.658062789394613,7504
0.205,1.8325957145940461,7924
0.205,2.007128639793479,8364
0.205,2.181661564992912,8922
0.205,2.356194490192345,9414
0.205,2.530727415391778,9999
0.205,2.705260340591211,10170
0.205,2.879793265790644,10140
0.205,3.0543261909900767,9621
0.205,3.2288591161895095,8887
0.205,3.4033920413889422,7949
0.205,3.577924966588375,6710
0.205,3.752457891787808,5662
0.205,3.9269908169872414,4724
0.205,4.101523742186675,3865
0.205,4.276056667386107,3447
0.205,4.4505895925855405,3093
0.205,4.625122517784973,2880
0.205,4.799655442984406,2776
0.205,4.974188368183839,2995
0.205,5.148721293383272,3439
0.205,5.323254218582705,3958
0.205,5.497787143782138,4810
0.205,5.672320068981571,5672
0.205,5.8468529941810035,6735
0.205,6.021385919380437,7991
0.205,6.19591884457987,9181
0.215,0.08726646259971647,10728
0.215,0.2617993877991494,11186
0.215,0.4363323129985824,11123
0.215,0.6108652381980153,10571
0.215,0.7853981633974483,9973
0.215,0.9599310885968811,9369
0.215,1.1344640137963142,8747
0.215,1.308996938995747,8453
0.215,1.4835298641951802,8194
0.215,1.658062789394613,8147
0.215,1.8325957145940461,8591
0.215,2.007128639793479,8961
0.215,2.181661564992912,9526
0.215,2.356194490192345,10186
0.215,2.530727415391778,10792
0.215,2.705260340591211,11240
0.215,2.879793265790644,10882
0.215,3.0543261909900767,10479
0.215,3.2288591161895095,9743
0.215,3.4033920413889422,8567
0.215,3.577924966588375,7334
0.215,3.752457891787808,6090
0.215,3.9269908169872414,4955
0.215,4.101523742186675,4108
0.215,4.276056667386107,3534
0.215,4.4505895925855405,3189
0.215,4.625122517784973,2951
0.215,4.799655442984406,3119
0.215,4.974188368183839,3331
0.215,5.148721293383272,3632
0.215,5.323254218582705,4318
0.215,5.497787143782138,5164
0.215,5.672320068981571,6061
0.215,5.8468529941810035,7290
0.215,6.021385919380437,8608
0.215,6.19591884457987,9851
0.225,0.08726646259971647,11691
0.225,0.2617993877991494,12200
0.225,0.4363323129985824,12042
0.225,0.6108652381980153,11662
0.225,0.7853981633974483,10793
0.225,0.9599310885968811,10127
0.225,1.1344640137963142,9461
0.225,1.308996938995747,9092
0.225,1.4835298641951802,8809
0.225,1.658062789394613,8824
0.225,1.8325957145940461,9154
0.225,2.007128639793479,9734
0.225,2.181661564992912,10386
0.225,2.356194490192345,10811
0.225,2.530727415391778,11602
0.225,2.705260340591211,11977
0.225,2.879793265790644,11454
0.225,3.0543261909900767,11192
0.225,3.2288591161895095,10106
0.225,3.4033920413889422,9061
0.225,3.577924966588375,7572
0.225,3.752457891787808,6407
0.225,3.9269908169872414,5356
0.225,4.101523742186675,4335
0.225,4.276056667386107,3796
0.225,4.4505895925855405,3315
0.225,4.625122517784973,3258
0.225,4.799655442984406,3213
0.225,4.974188368183839,3559
0.225,5.148721293383272,4181
0.225,5.323254218582705,4457
0.225,5.497787143782138,5451
0.225,5.672320068981571,6557
0.225,5.8468529941810035,8086
0.225,6.021385919380437,9611
0.225,6.19591884457987,10832
0.235,0.08726646259971647,12198
0.235,0.2617993877991494,12926
0.235,0.4363323129985824,12860
0.235,0.6108652381980153,12391
0.235,0.7853981633974483,11633
0.235,0.9599310885968811,10980
0.235,1.1344640137963142,10244
0.235,1.308996938995747,9765
0.235,1.4835298641951802,9437
0.235,1.658062789394613,9745
0.235,1.8325957145940461,9979
0.235,2.007128639793479,10570
0.235,2.181661564992912,11002
0.235,2.356194490192345,11640
0.235,2.530727415391778,11972
0.235,2.705260340591211,12746
0.235,2.879793265790644,12410
0.235,3.0543261909900767,11837
0.235,3.2288591161895095,10691
0.235,3.4033920413889422,9375
0.235,3.577924966588375,8265
0.235,3.752457891787808,6935
0.235,3.9269908169872414,5767
0.235,4.101523742186675,4799
0.235,4.276056667386107,4184
0.235,4.4505895925855405,3772
0.235,4.625122517784973,3514
0.235,4.799655442984406,3625
0.235,4.974188368183839,3826
0.235,5.148721293383272,4292
0.235,5.323254218582705,4868
0.235,5.497787143782138,5867
0.235,5.672320068981571,7055
0.235,5.8468529941810035,8466
0.235,6.021385919380437,10278
0.235,6.19591884457987,11359
0.245,0.08726646259971647,12889
0.245,0.2617993877991494,13552
0.245,0.4363323129985824,13792
0.245,0.6108652381980153,13103
0.245,0.7853981633974483,12136
0.245,0.9599310885968811,11614
0.245,1.1344640137963142,10617
0.245,1.308996938995747,10179
0.245,1.4835298641951802,10244
0.245,1.658062789394613,10200
0.245,1.8325957145940461,10671
0.245,2.007128639793479,11043
0.245,2.181661564992912,11823
0.245,2.356194490192345,12292
0.245,2.530727415391778,12978
0.245,2.705260340591211,13544
0.245,2.879793265790644,13157
0.245,3.0543261909900767,12396
0.245,3.2288591161895095,11391
0.245,3.4033920413889422,10039
0.245,3.577924966588375,8683
0.245,3.752457891787808,7231
0.245,3.9269908169872414,5963
0.245,4.101523742186675,5100
0.245,4.276056667386107,4524
0.245,4.4505895925855405,4075
0.245,4.625122517784973,3790
0.245,4.799655442984406,3861
0.245,4.974188368183839,4089
0.245,5.148721293383272,4559
0.245,5.323254218582705,5402
0.245,5.497787143782138,6239
0.245,5.672320068981571,7582
0.245,5.8468529941810035,9104
0.245,6.021385919380437,10494
0.245,6.19591884457987,11993
0.255,0.08726646259971647,14019
0.255,0.2617993877991494,14472
0.255,0.4363323129985824,14457
0.255,0.6108652381980153,13746
0.255,0.7853981633974483,13159
0.255,0.9599310885968811,12338
0.255,1.1344640137963142,11347
0.255,1.308996938995747,11234
0.255,1.4835298641951802,10779
0.255,1.658062789394613,11115
0.255,1.8325957145940461,11373
0.255,2.007128639793479,12027
0.255,2.181661564992912,12561
0.255,2.356194490192345,13303
0.255,2.530727415391778,13963
0.255,2.705260340591211,14360
0.255,2.879793265790644,14094
0.255,3.0543261909900767,13105
0.255,3.2288591161895095,12121
0.255,3.4033920413889422,10612
0.255,3.577924966588375,9056
0.255,3.752457891787808,7692
0.255,3.9269908169872414,6386
0.255,4.101523742186675,5292
0.255,4.276056667386107,4756
0.255,4.4505895925855405,4215
0.255,4.625122517784973,4133
0.255,4.799655442984406,4005
0.255,4.974188368183839,4486
0.255,5.148721293383272,4887
0.255,5.323254218582705,5615
0.255,5.497787143782138,6781
0.255,5.672320068981571,8103
0.255,5.8468529941810035,9385
0.255,6.021385919380437,11158
0.255,6.19591884457987,12377
0.265,0.08726646259971647,14560
0.265,0.2617993877991494,15129
0.265,0.4363323129985824,14977
0.265,0.6108652381980153,14584
0.265,0.7853981633974483,13805
0.265,0.9599310885968811,12894
0.265,1.1344640137963142,12223
0.265,1.308996938995747,11791
0.265,1.4835298641951802,11635
0.265,1.658062789394613,12034
0.265,1.8325957145940461,12533
0.265,2.007128639793479,12793
0.265,2.181661564992912,13544
0.265,2.356194490192345,14167
0.265,2.530727415391778,14701
0.265,2.705260340591211,15230
0.265,2.879793265790644,14822
0.265,3.0543261909900767,14081
0.265,3.2288591161895095,13187
0.265,3.4033920413889422,11559
0.265,3.577924966588375,9891
0.265,3.752457891787808,8207
0.265,3.9269908169872414,6850
0.265,4.101523742186675,5678
0.265,4.276056667386107,4929
0.265,4.4505895925855405,4511
0.265,4.625122517784973,4216
0.265,4.799655442984406,4371
0.265,4.974188368183839,4762
0.265,5.148721293383272,5418
0.265,5.323254218582705,6000
0.265,5.497787143782138,7180
0.265,5.672320068981571,8372
0.265,5.8468529941810035,9900
0.265,6.021385919380437,11500
0.265,6.19591884457987,13403
0.275,0.08726646259971647,15491
0.275,0.2617993877991494,15959
0.275,0.4363323129985824,16127
0.275,0.6108652381980153,15382
0.275,0.7853981633974483,14626
0.275,0.9599310885968811,13825
0.275,1.1344640137963142,13197
0.275,1.308996938995747,12792
0.275,1.4835298641951802,12664
0.275,1.658062789394613,12945
0.275,1.8325957145940461,13129
0.275,2.007128639793479,13594
0.275,2.181661564992912,14109
0.275,2.356194490192345,14775
0.275,2.530727415391778,15721
0.275,2.705260340591211,16203
0.275,2.879793265790644,15811
0.275,3.0543261909900767,15213
0.275,3.2288591161895095,13791
0.275,3.4033920413889422,12004
0.275,3.577924966588375,10395
0.275,3.752457891787808,8676
0.275,3.9269908169872414,7149
0.275,4.101523742186675,5873
0.275,4.276056667386107,5223
0.275,4.4505895925855405,4823
0.275,4.625122517784973,4578
0.275,4.799655442984406,4588
0.275,4.974188368183839,4927
0.275,5.148721293383272,5725
0.275,5.323254218582705,6467
0.275,5.497787143782138,7390
0.275,5.672320068981571,8930
0.275,5.8468529941810035,10573
0.275,6.021385919380437,12208
0.275,6.19591884457987,14048
0.285,0.08726646259971647,16077
0.285,0.2617993877991494,16739
0.285,0.4363323129985824,17067
0.285,0.6108652381980153,16301
0.285,0.7853981633974483,15528
0.285,0.9599310885968811,14770
0.285,1.1344640137963142,14263
0.285,1.308996938995747,13397
0.285,1.4835298641951802,13575
0.285,1.658062789394613,13452
0.285,1.8325957145940461,13800
0.285,2.007128639793479,14184
0.285,2.181661564992912,14746
0.285,2.356194490192345,15422
0.285,2.530727415391778,16296
0.285,2.705260340591211,16936
0.285,2.879793265790644,17174
0.285,3.0543261909900767,16263
0.285,3.2288591161895095,14518
0.285,3.4033920413889422,12814
0.285,3.577924966588375,10752
0.285,3.752457891787808,9065
0.285,3.9269908169872414,7582
0.285,4.101523742186675,6471
0.285,4.276056667386107,5614
0.285,4.4505895925855405,5077
0.285,4.625122517784973,5014
0.285,4.799655442984406,4982
0.285,4.974188368183839,5236
0.285,5.148721293383272,5735
0.285,5.323254218582705,6757
0.285,5.497787143782138,7894
0.285,5.672320068981571,9325
0.285,5.8468529941810035,10848
0.285,6.021385919380437,12880
0.285,6.19591884457987,14983
0.295,0.08726646259971647,16867
0.295,0.2617993877991494,17466
0.295,0.4363323129985824,17763
0.295,0.6108652381980153,17265
0.295,0.7853981633974483,16332
0.295,0.9599310885968811,15702
0.295,1.1344640137963142,15200
0.295,1.308996938995747,14489
0.295,1.4835298641951802,14246
0.295,1.658062789394613,14347
0.295,1.8325957145940461,14698
0.295,2.007128639793479,15178
0.295,2.181661564992912,15749
0.295,2.356194490192345,16695
0.295,2.530727415391778,17465
0.295,2.705260340591211,18124
0.295,2.879793265790644,17985
0.295,3.0543261909900767,16930
0.295,3.2288591161895095,15314
0.295,3.4033920413889422,13231
0.295,3.577924966588375,11372
0.295,3.752457891787808,9434
0.295,3.9269908169872414,8304
0.295,4.101523742186675,6838
0.295,4.276056667386107,6062
0.295,4.4505895925855405,5470
0.295,4.625122517784973,5350
0.295,4.799655442984406,5430
0.295,4.974188368183839,5490
0.295,5.148721293383272,6262
0.295,5.323254218582705,7113
0.295,5.497787143782138,8318
0.295,5.672320068981571,9904
0.295,5.8468529941810035,11799
0.295,6.021385919380437,13389
0.295,6.19591884457987,15513
0.305,0.08726646259971647,17933
0.305,0.2617993877991494,18504
0.305,0.4363323129985824,18828
0.305,0.6108652381980153,18258
0.305,0.7853981633974483,17346
0.305,0.9599310885968811,16665
0.305,1.1344640137963142,15810
0.305,1.308996938995747,15495
0.305,1.4835298641951802,14747
0.305,1.658062789394613,14810
0.305,1.8325957145940461,15128
0.305,2.007128639793479,15791
0.305,2.181661564992912,16702
0.305,2.356194490192345,17791
0.305,2.530727415391778,18128
0.305,2.705260340591211,18998
0.305,2.879793265790644,18548
0.305,3.0543261909900767,18035
0.305,3.2288591161895095,16494
0.305,3.4033920413889422,14473
0.305,3.577924966588375,12171
0.305,3.752457891787808,10267
0.305,3.9269908169872414,8734
0.305,4.101523742186675,7359
0.305,4.276056667386107,6484
0.305,4.4505895925855405,6083
0.305,4.625122517784973,5712
0.305,4.799655442984406,5665
0.305,4.974188368183839,6001
0.305,5.148721293383272,6619
0.305,5.323254218582705,7594
0.305,5.497787143782138,8687
0.305,5.672320068981571,10486
0.305,5.8468529941810035,12354
0.305,6.021385919380437,14462
0.305,6.19591884457987,16269
0.315,0.08726646259971647,18829
0.315,0.2617993877991494,20075
0.315,0.4363323129985824,19996
0.315,0.6108652381980153,19936
0.315,0.7853981633974483,18675
0.315,0.9599310885968811,17856
0.315,1.1344640137963142,17163
0.315,1.308996938995747,16169
0.315,1.4835298641951802,16075
0.315,1.658062789394613,15873
0.315,1.8325957145940461,16125
0.315,2.007128639793479,16803
0.315,2.181661564992912,17622
0.315,2.356194490192345,18459
0.315,2.530727415391778,19461
0.315,2.705260340591211,20016
0.315,2.879793265790644,19854
0.315,3.0543261909900767,18860
0.315,3.2288591161895095,17467
0.315,3.4033920413889422,15373
0.315,3.577924966588375,12946
0.315,3.752457891787808,11125
0.315,3.9269908169872414,9397
0.315,4.101523742186675,8052
0.315,4.276056667386107,7046
0.315,4.4505895925855405,6350
0.315,4.625122517784973,6210
0.315,4.799655442984406,6004
0.315,4.974188368183839,6416
0.315,5.148721293383272,7059
0.315,5.323254218582705,8080
0.315,5.497787143782138,9220
0.315,5.672320068981571,10992
0.315,5.8468529941810035,12855
0.315,6.021385919380437,14959
0.315,6.19591884457987,17188
0.325,0.08726646259971647,19959
0.325,0.2617993877991494,21206
0.325,0.4363323129985824,21360
0.325,0.6108652381980153,20720
0.325,0.7853981633974483,19695
0.325,0.9599310885968811,18613
0.325,1.1344640137963142,17821
0.325,1.308996938995747,17434
0.325,1.4835298641951802,17040
0.325,1.658062789394613,16890
0.325,1.8325957145940461,17074
0.325,2.007128639793479,17866
0.325,2.181661564992912,18608
0.325,2.356194490192345,19718
0.325,2.530727415391778,20620
0.325,2.705260340591211,21009
0.325,2.879793265790644,20963
0.325,3.0543261909900767,19707
0.325,3.2288591161895095,18705
0.325,3.4033920413889422,16188
0.325,3.577924966588375,13996
0.325,3.752457891787808,11540
0.325,3.9269908169872414,9634
0.325,4.101523742186675,8366
0.325,4.276056667386107,7456
0.325,4.4505895925855405,6766
0.325,4.625122517784973,6365
0.325,4.799655442984406,6406
0.325,4.974188368183839,6891
0.325,5.148721293383272,7407
0.325,5.323254218582705,8310
0.325,5.497787143782138,9547
0.325,5.672320068981571,11308
0.325,5.8468529941810035,13584
0.325,6.021385919380437,16109
0.325,6.19591884457987,18367
0.335,0.08726646259971647,21347
0.335,0.2617993877991494,22299
0.335,0.4363323129985824,22531
0.335,0.6108652381980153,21873
0.335,0.7853981633974483,20557
0.335,0.9599310885968811,19819
0.335,1.1344640137963142,18826
0.335,1.308996938995747,18499
0.335,1.4835298641951802,17932
0.335,1.658062789394613,17722
0.335,1.8325957145940461,18385
0.335,2.007128639793479,18942
0.335,2.181661564992912,19682
0.335,2.356194490192345,20707
0.335,2.530727415391778,21588
0.335,2.705260340591211,22438
0.335,2.879793265790644,22145
0.335,3.0543261909900767,21086
0.335,3.2288591161895095,19523
0.335,3.4033920413889422,17103
0.335,3.577924966588375,14650
0.335,3.752457891787808,12649
0.335,3.9269908169872414,10450
0.335,4.101523742186675,8821
0.335,4.276056667386107,7686
0.335,4.4505895925855405,7018
0.335,4.625122517784973,6742
0.335,4.799655442984406,6690
0.335,4.974188368183839,7129
0.335,5.148721293383272,7583
0.335,5.323254218582705,8827
0.335,5.497787143782138,10469
0.335,5.672320068981571,12370
0.335,5.8468529941810035,14645
0.335,6.021385919380437,17111
0.335,6.19591884457987,19288
0.345,0.08726646259971647,22560
0.345,0.2617993877991494,23532
0.345,0.4363323129985824,23696
0.345,0.6108652381980153,23055
0.345,0.7853981633974483,22008
0.345,0.9599310885968811,21064
0.345,1.1344640137963142,20043
0.345,1.308996938995747,19460
0.345,1.4835298641951802,18876
0.345,1.658062789394613,18472
0.345,1.8325957145940461,18875
0.345,2.007128639793479,19786
0.345,2.181661564992912,20844
0.345,2.356194490192345,22117
0.345,2.530727415391778,22873
0.345,2.705260340591211,23258
0.345,2.879793265790644,23552
0.345,3.0543261909900767,22955
0.345,3.2288591161895095,20735
0.345,3.4033920413889422,18590
0.345,3.577924966588375,15728
0.345,3.752457891787808,12904
0.345,3.9269908169872414,10881
0.345,4.101523742186675,9426
0.345,4.276056667386107,8090
0.345,4.4505895925855405,7384
0.345,4.625122517784973,7054
0.345,4.799655442984406,7181
0.345,4.974188368183839,7369
0.345,5.148721293383272,8249
0.345,5.323254218582705,9413
0.345,5.497787143782138,10954
0.345,5.672320068981571,12906
0.345,5.8468529941810035,15460
0.345,6.021385919380437,18155
0.345,6.19591884457987,20742
0.355,0.08726646259971647,23646
0.355,0.2617993877991494,24487
0.355,0.4363323129985824,25292
0.355,0.6108652381980153,24376
0.355,0.7853981633974483,23184
0.355,0.9599310885968811,21830
0.355,1.1344640137963142,20998
0.355,1.308996938995747,20178
0.355,1.4835298641951802,19493
0.355,1.658062789394613,19694
0.355,1.8325957145940461,20232
0.355,2.007128639793479,21302
0.355,2.181661564992912,22150
0.355,2.356194490192345,23438
0.355,2.530727415391778,24587
0.355,2.705260340591211,25305
0.355,2.879793265790644,25060
0.355,3.0543261909900767,24163
0.355,3.2288591161895095,22020
0.355,3.4033920413889422,19116
0.355,3.577924966588375,16545
0.355,3.752457891787808,13559
0.355,3.9269908169872414,11463
0.355,4.101523742186675,9916
0.355,4.276056667386107,8744
0.355,4.4505895925855405,7809
0.355,4.625122517784973,7459
0.355,4.799655442984406,7450
0.355,4.974188368183839,7954
0.355,5.148721293383272,8641
0.355,5.323254218582705,10064
0.355,5.497787143782138,11639
0.355,5.672320068981571,13897
0.355,5.8468529941810035,16403
0.355,6.021385919380437,19194
0.355,6.19591884457987,21830
0.365,0.08726646259971647,25018
0.365,0.2617993877991494,26231
0.365,0.4363323129985824,26435
0.365,0.6108652381980153,25582
0.365,0.7853981633974483,24576
0.365,0.9599310885968811,23018
0.365,1.1344640137963142,21968
0.365,1.308996938995747,21161
0.365,1.4835298641951802,20730
0.365,1.658062789394613,21100
0.365,1.8325957145940461,21257
0.365,2.007128639793479,22476
0.365,2.181661564992912,23339
0.365,2.356194490192345,24967
0.365,2.530727415391778,25768
0.365,2.705260340591211,26562
0.365,2.879793265790644,26759
0.365,3.0543261909900767,25214
0.365,3.2288591161895095,23244
0.365,3.4033920413889422,20202
0.365,3.577924966588375,17009
0.365,3.752457891787808,14392
0.365,3.9269908169872414,12156
0.365,4.101523742186675,10152
0.365,4.276056667386107,9086
0.365,4.4505895925855405,8283
0.365,4.625122517784973,7888
0.365,4.799655442984406,7920
0.365,4.974188368183839,8415
0.365,5.148721293383272,9166
0.365,5.323254218582705,10436
0.365,5.497787143782138,12212
0.365,5.672320068981571,14773
0.365,5.8468529941810035,17599
0.365,6.021385919380437,20361
0.365,6.19591884457987,22830
0.375,0.08726646259971647,26566
0.375,0.2617993877991494,27810
0.375,0.4363323129985824,28241
0.375,0.6108652381980153,26916
0.375,0.7853981633974483,25889
0.375,0.9599310885968811,24160
0.375,1.1344640137963142,23273
0.375,1.308996938995747,22206
0.375,1.4835298641951802,22006
0.375,1.658062789394613,22071
0.375,1.8325957145940461,22874
0.375,2.007128639793479,23788
0.375,2.181661564992912,25015
0.375,2.356194490192345,26126
0.375,2.530727415391778,27200
0.375,2.705260340591211,28249
0.375,2.879793265790644,27923
0.375,3.0543261909900767,26531
0.375,3.2288591161895095,24325
0.375,3.4033920413889422,21193
0.375,3.577924966588375,18082
0.375,3.752457891787808,15310
0.375,3.9269908169872414,13004
0.375,4.101523742186675,11135
0.375,4.276056667386107,9502
0.375,4.4505895925855405,8814
0.375,4.625122517784973,8336
0.375,4.799655442984406,8283
0.375,4.974188368183839,8965
0.375,5.148721293383272,9773
0.375,5.323254218582705,11131
0.375,5.497787143782138,13215
0.375,5.672320068981571,15604
0.375,5.8468529941810035,18435
0.375,6.021385919380437,21694
0.375,6.19591884457987,24692
0.385,0.08726646259971647,28280
0.385,0.2617993877991494,29705
0.385,0.4363323129985824,29936
0.385,0.6108652381980153,29048
0.385,0.7853981633974483,27034
0.385,0.9599310885968811,25527
0.385,1.1344640137963142,24532
0.385,1.308996938995747,23806
0.385,1.4835298641951802,23370
0.385,1.658062789394613,23965
0.385,1.8325957145940461,24298
0.385,2.007128639793479,25160
0.385,2.181661564992912,26264
0.385,2.356194490192345,27917
0.385,2.530727415391778,29110
0.385,2.705260340591211,29993
0.385,2.879793265790644,29526
0.385,3.0543261909900767,27941
0.385,3.2288591161895095,25891
0.385,3.4033920413889422,22583
0.385,3.577924966588375,19257
0.385,3.752457891787808,16388
0.385,3.9269908169872414,13673
0.385,4.101523742186675,11646
0.385,4.276056667386107,10079
0.385,4.4505895925855405,9113
0.385,4.625122517784973,8649
0.385,4.799655442984406,8551
0.385,4.974188368183839,9206
0.385,5.148721293383272,10203
0.385,5.323254218582705,11868
0.385,5.497787143782138,13899
0.385,5.672320068981571,16571
0.385,5.8468529941810035,19701
0.385,6.021385919380437,23216
0.385,6.19591884457987,25777
0.395,0.08726646259971647,30051
0.395,0.2617993877991494,31297
0.395,0.4363323129985824,31258
0.395,0.6108652381980153,30425
0.395,0.7853981633974483,29062
0.395,0.9599310885968811,27662
0.395,1.1344640137963142,26587
0.395,1.308996938995747,25743
0.395,1.4835298641951802,24840
0.395,1.658062789394613,25378
0.395,1.8325957145940461,25684
0.395,2.007128639793479,26983
0.395,2.181661564992912,28182
0.395,2.356194490192345,29757
0.395,2.530727415391778,30880
0.395,2.705260340591211,32116
0.395,2.879793265790644,31578
0.395,3.0543261909900767,30193
0.395,3.2288591161895095,27624
0.395,3.4033920413889422,24655
0.395,3.577924966588375,20950
0.395,3.752457891787808,17266
0.395,3.9269908169872414,14485
0.395,4.101523742186675,12173
0.395,4.276056667386107,10628
0.395,4.4505895925855405,9669
0.395,4.625122517784973,9279
0.395,4.799655442984406,9180
0.395,4.974188368183839,9657
0.395,5.148721293383272,10805
0.395,5.323254218582705,12522
0.395,5.497787143782138,14703
0.395,5.672320068981571,17577
0.395,5.8468529941810035,21112
0.395,6.021385919380437,24352
0.395,6.19591884457987,27697
0.405,0.08726646259971647,31652
0.405,0.2617993877991494,33693
0.405,0.4363323129985824,33203
0.405,0.6108652381980153,32187
0.405,0.7853981633974483,31014
0.405,0.9599310885968811,29459
0.405,1.1344640137963142,28269
0.405,1.308996938995747,26825
0.405,1.4835298641951802,26428
0.405,1.658062789394613,26347
0.405,1.8325957145940461,27187
0.405,2.007128639793479,28100
0.405,2.181661564992912,29748
0.405,2.356194490192345,31391
0.405,2.530727415391778,33157
0.405,2.705260340591211,34100
0.405,2.879793265790644,33481
0.405,3.0543261909900767,31945
0.405,3.2288591161895095,29578
0.405,3.4033920413889422,25947
0.405,3.577924966588375,22342
0.405,3.752457891787808,18650
0.405,3.9269908169872414,15467
0.405,4.101523742186675,13325
0.405,4.276056667386107,11421
0.405,4.4505895925855405,10396
0.405,4.625122517784973,9752
0.405,4.799655442984406,9940
0.405,4.974188368183839,10396
0.405,5.148721293383272,11638
0.405,5.323254218582705,13381
0.405,5.497787143782138,15715
0.405,5.672320068981571,18963
0.405,5.8468529941810035,22631
0.405,6.021385919380437,26048
0.405,6.19591884457987,29474
0.415,0.08726646259971647,34315
0.415,0.2617993877991494,35910
0.415,0.4363323129985824,35310
0.415,0.6108652381980153,34515
0.415,0.7853981633974483,32675
0.415,0.9599310885968811,31313
0.415,1.1344640137963142,29855
0.415,1.308996938995747,28529
0.415,1.4835298641951802,27865
0.415,1.658062789394613,27619
0.415,1.8325957145940461,28805
0.415,2.007128639793479,29875
0.415,2.181661564992912,31427
0.415,2.356194490192345,33450
0.415,2.530727415391778,35200
0.415,2.705260340591211,35846
0.415,2.879793265790644,35546
0.415,3.0543261909900767,34202
0.415,3.2288591161895095,31597
0.415,3.4033920413889422,27852
0.415,3.577924966588375,23974
0.415,3.752457891787808,20147
0.415,3.9269908169872414,16681
0.415,4.101523742186675,13803
0.415,4.276056667386107,12089
0.415,4.4505895925855405,10807
0.415,4.625122517784973,10538
0.415,4.799655442984406,10257
0.415,4.974188368183839,10990
0.415,5.148721293383272,12104
0.415,5.323254218582705,14212
0.415,5.497787143782138,16685
0.415,5.672320068981571,20159
0.415,5.8468529941810035,24065
0.415,6.021385919380437,27805
0.415,6.19591884457987,31251
0.425,0.08726646259971647,36257
0.425,0.2617993877991494,37483
0.425,0.4363323129985824,37826
0.425,0.6108652381980153,36771
0.425,0.7853981633974483,34491
0.425,0.9599310885968811,33295
0.425,1.1344640137963142,31479
0.425,1.308996938995747,30777
0.425,1.4835298641951802,29401
0.425,1.658062789394613,29770
0.425,1.8325957145940461,30363
0.425,2.007128639793479,31960
0.425,2.181661564992912,33674
0.425,2.356194490192345,35604
0.425,2.530727415391778,37222
0.425,2.705260340591211,38422
0.425,2.879793265790644,37999
0.425,3.0543261909900767,36083
0.425,3.2288591161895095,33313
0.425,3.4033920413889422,29039
0.425,3.577924966588375,25270
0.425,3.752457891787808,20868
0.425,3.9269908169872414,17724
0.425,4.101523742186675,14692
0.425,4.276056667386107,12791
0.425,4.4505895925855405,11419
0.425,4.625122517784973,11190
0.425,4.799655442984406,11267
0.425,4.974188368183839,11782
0.425,5.148721293383272,13105
0.425,5.323254218582705,15191
0.425,5.497787143782138,17590
0.425,5.672320068981571,21240
0.425,5.8468529941810035,25318
0.425,6.021385919380437,29766
0.425,6.19591884457987,33419
0.435,0.08726646259971647,38583
0.435,0.2617993877991494,40183
0.435,0.4363323129985824,39899
0.435,0.6108652381980153,39028
0.435,0.7853981633974483,37511
0.435,0.9599310885968811,35158
0.435,1.1344640137963142,33542
0.435,1.308996938995747,32547
0.435,1.4835298641951802,31874
0.435,1.658062789394613,31583
0.435,1.8325957145940461,32429
0.435,2.007128639793479,33690
0.435,2.181661564992912,35497
0.435,2.356194490192345,37748
0.435,2.530727415391778,39497
0.435,2.705260340591211,40422
0.435,2.879793265790644,39966
0.435,3.0543261909900767,37795
0.435,3.2288591161895095,34372
0.435,3.4033920413889422,30715
0.435,3.577924966588375,26032
0.435,3.752457891787808,21991
0.435,3.9269908169872414,18873
0.435,4.101523742186675,15763
0.435,4.276056667386107,13756
0.435,4.4505895925855405,12367
0.435,4.625122517784973,11706
0.435,4.799655442984406,11750
0.435,4.974188368183839,12671
0.435,5.148721293383272,14140
0.435,5.323254218582705,16115
0.435,5.497787143782138,18605
0.435,5.672320068981571,22538
0.435,5.8468529941810035,26679
0.435,6.021385919380437,31159
0.435,6.19591884457987,35253
0.445,0.08726646259971647,41023
0.445,0.2617993877991494,42960
0.445,0.4363323129985824,43535
0.445,0.6108652381980153,42396
0.445,0.7853981633974483,40041
0.445,0.9599310885968811,37969
0.445,1.1344640137963142,36113
0.445,1.308996938995747,34307
0.445,1.4835298641951802,33396
0.445,1.658062789394613,33185
0.445,1.8325957145940461,34111
0.445,2.007128639793479,35481
0.445,2.181661564992912,37673
0.445,2.356194490192345,39338
0.445,2.530727415391778,41255
0.445,2.705260340591211,43202
0.445,2.879793265790644,42649
0.445,3.0543261909900767,40112
0.445,3.2288591161895095,37024
0.445,3.4033920413889422,32772
0.445,3.577924966588375,28040
0.445,3.752457891787808,23596
0.445,3.9269908169872414,19629
0.445,4.101523742186675,16701
0.445,4.276056667386107,14514
0.445,4.4505895925855405,13124
0.445,4.625122517784973,12792
0.445,4.799655442984406,12849
0.445,4.974188368183839,13563
0.445,5.148721293383272,14835
0.445,5.323254218582705,16949
0.445,5.497787143782138,19768
0.445,5.672320068981571,23746
0.445,5.8468529941810035,28088
0.445,6.021385919380437,33271
0.445,6.19591884457987,37544
0.455,0.08726646259971647,43398
0.455,0.2617993877991494,45337
0.455,0.4363323129985824,46103
0.455,0.6108652381980153,45370
0.455,0.7853981633974483,43179
0.455,0.9599310885968811,40607
0.455,1.1344640137963142,38325
0.455,1.308996938995747,36178
0.455,1.4835298641951802,35432
0.455,1.658062789394613,35629
0.455,1.8325957145940461,35947
0.455,2.007128639793479,37673
0.455,2.181661564992912,39522
0.455,2.356194490192345,41946
0.455,2.530727415391778,44316
0.455,2.705260340591211,45121
0.455,2.879793265790644,45013
0.455,3.0543261909900767,43171
0.455,3.2288591161895095,39868
0.455,3.4033920413889422,35359
0.455,3.577924966588375,29927
0.455,3.752457891787808,24947
0.455,3.9269908169872414,21086
0.455,4.101523742186675,17847
0.455,4.276056667386107,15587
0.455,4.4505895925855405,14096
0.455,4.625122517784973,13312
0.455,4.799655442984406,13762
0.455,4.974188368183839,14438
0.455,5.148721293383272,15947
0.455,5.323254218582705,18135
0.455,5.497787143782138,21407
0.455,5.672320068981571,25284
0.455,5.8468529941810035,30159
0.455,6.021385919380437,35425
0.455,6.19591884457987,40329
0.465,0.08726646259971647,46825
0.465,0.2617993877991494,48723
0.465,0.4363323129985824,49110
0.465,0.6108652381980153,47763
0.465,0.7853981633974483,45661
0.465,0.9599310885968811,43047
0.465,1.1344640137963142,40452
0.465,1.308996938995747,38599
0.465,1.4835298641951802,37947
0.465,1.658062789394613,38256
0.465,1.8325957145940461,38807
0.465,2.007128639793479,40406
0.465,2.181661564992912,42529
0.465,2.356194490192345,45058
0.465,2.530727415391778,46677
0.465,2.705260340591211,48150
0.465,2.879793265790644,47672
0.465,3.0543261909900767,45853
0.465,3.2288591161895095,42436
0.465,3.4033920413889422,37061
0.465,3.577924966588375,31886
0.465,3.752457891787808,26717
0.465,3.9269908169872414,22101
0.465,4.101523742186675,19015
0.465,4.276056667386107,16396
0.465,4.4505895925855405,14699
0.465,4.625122517784973,14250
0.465,4.799655442984406,14302
0.465,4.974188368183839,15303
0.465,5.148721293383272,16803
0.465,5.323254218582705,19318
0.465,5.497787143782138,22504
0.465,5.672320068981571,26973
0.465,5.8468529941810035,32160
0.465,6.021385919380437,38046
0.465,6.19591884457987,42588
0.475,0.08726646259971647,49599
0.475,0.2617993877991494,51802
0.475,0.4363323129985824,51743
0.475,0.6108652381980153,50560
0.475,0.7853981633974483,48218
0.475,0.9599310885968811,45586
0.475,1.1344640137963142,42964
0.475,1.308996938995747,41236
0.475,1.4835298641951802,39936
0.475,1.658062789394613,40157
0.475,1.8325957145940461,41098
0.475,2.007128639793479,42625
0.475,2.181661564992912,44886
0.475,2.356194490192345,47523
0.475,2.530727415391778,49855
0.475,2.705260340591211,51502
0.475,2.879793265790644,51073
0.475,3.0543261909900767,48957
0.475,3.2288591161895095,45150
0.475,3.4033920413889422,39683
0.475,3.577924966588375,34111
0.475,3.752457891787808,28677
0.475,3.9269908169872414,24175
0.475,4.101523742186675,20803
0.475,4.276056667386107,17687
0.475,4.4505895925855405,16068
0.475,4.625122517784973,15225
0.475,4.799655442984406,15392
0.475,4.974188368183839,16271
0.475,5.148721293383272,18098
0.475,5.323254218582705,20364
0.475,5.497787143782138,23993
0.475,5.672320068981571,28573
0.475,5.8468529941810035,33853
0.475,6.021385919380437,39617
0.475,6.19591884457987,45359
0.485,0.08726646259971647,51769
0.485,0.2617993877991494,54625
0.485,0.4363323129985824,55137
0.485,0.6108652381980153,53510
0.485,0.7853981633974483,50917
0.485,0.9599310885968811,47961
0.485,1.1344640137963142,46222
0.485,1.308996938995747,43886
0.485,1.4835298641951802,42623
0.485,1.658062789394613,42548
0.485,1.8325957145940461,43611
0.485,2.007128639793479,45739
0.485,2.181661564992912,47950
0.485,2.356194490192345,50689
0.485,2.530727415391778,53435
0.485,2.705260340591211,55128
0.485,2.879793265790644,53911
0.485,3.0543261909900767,52083
0.485,3.2288591161895095,47180
0.485,3.4033920413889422,41947
0.485,3.577924966588375,36187
0.485,3.752457891787808,30423
0.485,3.9269908169872414,25586
0.485,4.101523742186675,21699
0.485,4.276056667386107,19007
0.485,4.4505895925855405,16843
0.485,4.625122517784973,16082
0.485,4.799655442984406,16104
0.485,4.974188368183839,17078
0.485,5.148721293383272,18775
0.485,5.323254218582705,21523
0.485,5.497787143782138,25449
0.485,5.672320068981571,30328
0.485,5.8468529941810035,35661
0.485,6.021385919380437,42458
0.485,6.19591884457987,47870
0.495,0.08726646259971647,55383
0.495,0.2617993877991494,57872
0.495,0.4363323129985824,58346
0.495,0.6108652381980153,56564
0.495,0.7853981633974483,54517
0.495,0.9599310885968811,51607
0.495,1.1344640137963142,49126
0.495,1.308996938995747,46782
0.495,1.4835298641951802,45386
0.495,1.658062789394613,45904
0.495,1.8325957145940461,47002
0.495,2.007128639793479,48800
0.495,2.181661564992912,51142
0.495,2.356194490192345,53868
0.495,2.530727415391778,56548
0.495,2.705260340591211,58062
0.495,2.879793265790644,57574
0.495,3.0543261909900767,55063
0.495,3.2288591161895095,50353
0.495,3.4033920413889422,44521
0.495,3.577924966588375,38135
0.495,3.752457891787808,31860
0.495,3.9269908169872414,26687
0.495,4.101523742186675,22946
0.495,4.276056667386107,20168
0.495,4.4505895925855405,18345
0.495,4.625122517784973,16951
0.495,4.799655442984406,16941
0.495,4.974188368183839,17974
0.495,5.148721293383272,19893
0.495,5.323254218582705,22704
0.495,5.497787143782138,26848
0.495,5.672320068981571,31953
0.495,5.8468529941810035,37961
0.495,6.021385919380437,44571
0.495,6.19591884457987,50745
0.505,0.08726646259971647,58517
0.505,0.2617993877991494,61651
0.505,0.4363323129985824,61208
0.505,0.6108652381980153,59890
0.505,0.7853981633974483,57570
0.505,0.9599310885968811,54592
0.505,1.1344640137963142,52454
0.505,1.308996938995747,50541
0.505,1.4835298641951802,48437
0.505,1.658062789394613,49110
0.505,1.8325957145940461,49973
0.505,2.007128639793479,51969
0.505,2.181661564992912,55265
0.505,2.356194490192345,57505
0.505,2.530727415391778,60055
0.505,2.705260340591211,61342
0.505,2.879793265790644,60908
0.505,3.0543261909900767,58594
0.505,3.2288591161895095,53146
0.505,3.4033920413889422,46941
0.505,3.577924966588375,40517
0.505,3.752457891787808,34106
0.505,3.9269908169872414,28654
0.505,4.101523742186675,24208
0.505,4.276056667386107,21150
0.505,4.4505895925855405,19335
0.505,4.625122517784973,17860
0.505,4.799655442984406,17991
0.505,4.974188368183839,19114
0.505,5.148721293383272,20991
0.505,5.323254218582705,24126
0.505,5.497787143782138,28100
0.505,5.672320068981571,33811
0.505,5.8468529941810035,40355
0.505,6.021385919380437,47309
0.505,6.19591884457987,53443
0.515,0.08726646259971647,62008
0.515,0.2617993877991494,64461
0.515,0.4363323129985824,65128
0.515,0.6108652381980153,63487
0.515,0.7853981633974483,60672
0.515,0.9599310885968811,57872
0.515,1.1344640137963142,55267
0.515,1.308996938995747,53123
0.515,1.4835298641951802,51426
0.515,1.658062789394613,51426
0.515,1.8325957145940461,53372
0.515,2.007128639793479,55894
0.515,2.181661564992912,58571
0.515,2.356194490192345,60968
0.515,2.530727415391778,63243
0.515,2.705260340591211,64824
0.515,2.879793265790644,64673
0.515,3.0543261909900767,61476
0.515,3.2288591161895095,56507
0.515,3.4033920413889422,49412
0.515,3.577924966588375,42327
0.515,3.752457891787808,36159
0.515,3.9269908169872414,30102
0.515,4.101523742186675,25352
0.515,4.276056667386107,22290
0.515,4.4505895925855405,20645
0.515,4.625122517784973,19343
0.515,4.799655442984406,19370
0.515,4.974188368183839,20646
0.515,5.148721293383272,22507
0.515,5.323254218582705,25884
0.515,5.497787143782138,30176
0.515,5.672320068981571,35820
0.515,5.8468529941810035,42722
0.515,6.021385919380437,50597
0.515,6.19591884457987,56638
0.525,0.08726646259971647,64845
0.525,0.2617993877991494,67904
0.525,0.4363323129985824,69311
0.525,0.6108652381980153,67067
0.525,0.7853981633974483,64046
0.525,0.9599310885968811,61271
0.525,1.1344640137963142,58633
0.525,1.308996938995747,56436
0.525,1.4835298641951802,54704
0.525,1.658062789394613,55242
0.525,1.8325957145940461,56393
0.525,2.007128639793479,58516
0.525,2.181661564992912,61590
0.525,2.356194490192345,64357
0.525,2.530727415391778,67092
0.525,2.705260340591211,68600
0.525,2.879793265790644,67983
0.525,3.0543261909900767,64769
0.525,3.2288591161895095,59258
0.525,3.4033920413889422,51956
0.525,3.577924966588375,43900
0.525,3.752457891787808,37302
0.525,3.9269908169872414,31458
0.525,4.101523742186675,26964
0.525,4.276056667386107,23334
0.525,4.4505895925855405,21563
0.525,4.625122517784973,20046
0.525,4.799655442984406,20679
0.525,4.974188368183839,21910
0.525,5.148721293383272,23676
0.525,5.323254218582705,27488
0.525,5.497787143782138,32155
0.525,5.672320068981571,38654
0.525,5.8468529941810035,45516
0.525,6.021385919380437,53042
0.525,6.19591884457987,60343
0.535,0.08726646259971647,68172
0.535,0.2617993877991494,71377
0.535,0.4363323129985824,72453
0.535,0.6108652381980153,70247
0.535,0.7853981633974483,67613
0.535,0.9599310885968811,64798
0.535,1.1344640137963142,61993
0.535,1.308996938995747,59710
0.535,1.4835298641951802,58303
0.535,1.658062789394613,58288
0.535,1.8325957145940461,59564
0.535,2.007128639793479,61415
0.535,2.181661564992912,64591
0.535,2.356194490192345,67513
0.535,2.530727415391778,70919
0.535,2.705260340591211,72127
0.535,2.879793265790644,71298
0.535,3.0543261909900767,67917
0.535,3.2288591161895095,62109
0.535,3.4033920413889422,54530
0.535,3.577924966588375,46551
0.535,3.752457891787808,39427
0.535,3.9269908169872414,33136
0.535,4.101523742186675,28066
0.535,4.276056667386107,24887
0.535,4.4505895925855405,22483
0.535,4.625122517784973,21491
0.535,4.799655442984406,21808
0.535,4.974188368183839,22971
0.535,5.148721293383272,25337
0.535,5.323254218582705,28549
0.535,5.497787143782138,33967
0.535,5.672320068981571,40402
0.535,5.8468529941810035,47801
0.535,6.021385919380437,55637
0.535,6.19591884457987,62759
0.545,0.08726646259971647,71321
0.545,0.2617993877991494,74635
0.545,0.4363323129985824,74993
0.545,0.6108652381980153,73718
0.545,0.7853981633974483,70339
0.545,0.9599310885968811,66704
0.545,1.1344640137963142,64287
0.545,1.308996938995747,62393
0.545,1.4835298641951802,61277
0.545,1.658062789394613,61213
0.545,1.8325957145940461,63212
0.545,2.007128639793479,65077
0.545,2.181661564992912,67873
0.545,2.356194490192345,71371
0.545,2.530727415391778,73503
0.545,2.705260340591211,75150
0.545,2.879793265790644,74180
0.545,3.0543261909900767,70542
0.545,3.2288591161895095,64394
0.545,3.4033920413889422,57629
0.545,3.577924966588375,48473
0.545,3.752457891787808,40877
0.545,3.9269908169872414,34581
0.545,4.101523742186675,29881
0.545,4.276056667386107,26357
0.545,4.4505895925855405,23842
0.545,4.625122517784973,22746
0.545,4.799655442984406,22763
0.545,4.974188368183839,23975
0.545,5.148721293383272,26622
0.545,5.323254218582705,30381
0.545,5.497787143782138,34892
0.545,5.672320068981571,42034
0.545,5.8468529941810035,49411
0.545,6.021385919380437,57711
0.545,6.19591884457987,65905
0.555,0.08726646259971647,73912
0.555,0.2617993877991494,77185
0.555,0.4363323129985824,77726
0.555,0.6108652381980153,75635
0.555,0.7853981633974483,73731
0.555,0.9599310885968811,70488
0.555,1.1344640137963142,67847
0.555,1.308996938995747,65887
0.555,1.4835298641951802,64132
0.555,1.658062789394613,64233
0.555,1.8325957145940461,66190
0.555,2.007128639793479,67480
0.555,2.181661564992912,70592
0.555,2.356194490192345,73191
0.555,2.530727415391778,76237
0.555,2.705260340591211,77420
0.555,2.879793265790644,75992
0.555,3.0543261909900767,72873
0.555,3.2288591161895095,66956
0.555,3.4033920413889422,58788
0.555,3.577924966588375,50554
0.555,3.752457891787808,42516
0.555,3.9269908169872414,35624
0.555,4.101523742186675,31116
0.555,4.276056667386107,27684
0.555,4.4505895925855405,25173
0.555,4.625122517784973,23561
0.555,4.799655442984406,24028
0.555,4.974188368183839,25124
0.555,5.148721293383272,27789
0.555,5.323254218582705,31590
0.555,5.497787143782138,37340
0.555,5.672320068981571,43574
0.555,5.8468529941810035,51013
0.555,6.021385919380437,59658
0.555,6.19591884457987,67752
0.565,0.08726646259971647,75896
0.565,0.2617993877991494,79689
0.565,0.4363323129985824,80178
0.565,0.6108652381980153,78931
0.565,0.7853981633974483,76204
0.565,0.9599310885968811,73110
0.565,1.1344640137963142,71028
0.565,1.308996938995747,68956
0.565,1.4835298641951802,67801
0.565,1.658062789394613,67209
0.565,1.8325957145940461,68589
0.565,2.007128639793479,70472
0.565,2.181661564992912,73352
0.565,2.356194490192345,76417
0.565,2.530727415391778,78463
0.565,2.705260340591211,79779
0.565,2.879793265790644,78526
0.565,3.0543261909900767,74714
0.565,3.2288591161895095,68499
0.565,3.4033920413889422,60328
0.565,3.577924966588375,52458
0.565,3.752457891787808,44254
0.565,3.9269908169872414,37327
0.565,4.101523742186675,31978
0.565,4.276056667386107,28405
0.565,4.4505895925855405,26306
0.565,4.625122517784973,24856
0.565,4.799655442984406,24835
0.565,4.974188368183839,26284
0.565,5.148721293383272,29060
0.565,5.323254218582705,32772
0.565,5.497787143782138,38071
0.565,5.672320068981571,45346
0.565,5.8468529941810035,52796
0.565,6.021385919380437,62106
0.565,6.19591884457987,69888
0.575,0.08726646259971647,77154
0.575,0.2617993877991494,80962
0.575,0.4363323129985824,82589
0.575,0.6108652381980153,81686
0.575,0.7853981633974483,78861
0.575,0.9599310885968811,76102
0.575,1.1344640137963142,72952
0.575,1.308996938995747,71262
0.575,1.4835298641951802,69788
0.575,1.658062789394613,69942
0.575,1.8325957145940461,71274
0.575,2.007128639793479,72837
0.575,2.181661564992912,75432
0.575,2.356194490192345,78005
0.575,2.530727415391778,80872
0.575,2.705260340591211,81807
0.575,2.879793265790644,80712
0.575,3.0543261909900767,77046
0.575,3.2288591161895095,70707
0.575,3.4033920413889422,62402
0.575,3.577924966588375,53963
0.575,3.752457891787808,45740
0.575,3.9269908169872414,38846
0.575,4.101523742186675,33587
0.575,4.276056667386107,30022
0.575,4.4505895925855405,27432
0.575,4.625122517784973,26502
0.575,4.799655442984406,26300
0.575,4.974188368183839,27725
0.575,5.148721293383272,30489
0.575,5.323254218582705,34115
0.575,5.497787143782138,39582
0.575,5.672320068981571,46889
0.575,5.8468529941810035,54408
0.575,6.021385919380437,62652
0.575,6.19591884457987,70592
0.585,0.08726646259971647,78587
0.585,0.2617993877991494,82819
0.585,0.4363323129985824,84963
0.585,0.6108652381980153,83043
0.585,0.7853981633974483,80398
0.585,0.9599310885968811,78385
0.585,1.1344640137963142,76141
0.585,1.308996938995747,74340
0.585,1.4835298641951802,72442
0.585,1.658062789394613,72240
0.585,1.8325957145940461,73351
0.585,2.007128639793479,74880
0.585,2.181661564992912,77137
0.585,2.356194490192345,80358
0.585,2.530727415391778,82482
0.585,2.705260340591211,84022
0.585,2.879793265790644,82083
0.585,3.0543261909900767,78356
0.585,3.2288591161895095,71464
0.585,3.4033920413889422,63986
0.585,3.577924966588375,55344
0.585,3.752457891787808,46980
0.585,3.9269908169872414,40193
0.585,4.101523742186675,34727
0.585,4.276056667386107,31123
0.585,4.4505895925855405,28726
0.585,4.625122517784973,27134
0.585,4.799655442984406,27210
0.585,4.974188368183839,28649
0.585,5.148721293383272,31227
0.585,5.323254218582705,35175
0.585,5.497787143782138,40675
0.585,5.672320068981571,47685
0.585,5.8468529941810035,55808
0.585,6.021385919380437,63541
0.585,6.19591884457987,72335
0.595,0.08726646259971647,79520
0.595,0.2617993877991494,83863
0.595,0.4363323129985824,85414
0.595,0.6108652381980153,84472
0.595,0.7853981633974483,82601
0.595,0.9599310885968811,79852
0.595,1.1344640137963142,77762
0.595,1.308996938995747,76700
0.595,1.4835298641951802,75267
0.595,1.658062789394613,75017
0.595,1.8325957145940461,76365
0.595,2.007128639793479,77448
0.595,2.181661564992912,79412
0.595,2.356194490192345,82180
0.595,2.530727415391778,83488
0.595,2.705260340591211,84653
0.595,2.879793265790644,83224
0.595,3.0543261909900767,79109
0.595,3.2288591161895095,72992
0.595,3.4033920413889422,64120
0.595,3.577924966588375,55357
0.595,3.752457891787808,47683
0.595,3.9269908169872414,40477
0.595,4.101523742186675,35215
0.595,4.276056667386107,31428
0.595,4.4505895925855405,29720
0.595,4.625122517784973,28189
0.595,4.799655442984406,28195
0.595,4.974188368183839,29660
0.595,5.148721293383272,31938
0.595,5.323254218582705,36290
0.595,5.497787143782138,41479
0.595,5.672320068981571,48159
0.595,5.8468529941810035,56592
0.595,6.021385919380437,65204
0.595,6.19591884457987,72922
0.605,0.08726646259971647,79522
0.605,0.2617993877991494,83647
0.605,0.4363323129985824,84941
0.605,0.6108652381980153,84514
0.605,0.7853981633974483,83065
0.605,0.9599310885968811,80830
0.605,1.1344640137963142,79363
0.605,1.308996938995747,78819
0.605,1.4835298641951802,77305
0.605,1.658062789394613,77354
0.605,1.8325957145940461,78265
0.605,2.007128639793479,79573
0.605,2.181661564992912,80863
0.605,2.356194490192345,83196
0.605,2.530727415391778,84669
0.605,2.705260340591211,85833
0.605,2.879793265790644,83852
0.605,3.0543261909900767,79493
0.605,3.2288591161895095,72908
0.605,3.4033920413889422,64773
0.605,3.577924966588375,55740
0.605,3.752457891787808,47566
0.605,3.9269908169872414,41156
0.605,4.101523742186675,35945
0.605,4.276056667386107,31985
0.605,4.4505895925855405,29911
0.605,4.625122517784973,28692
0.605,4.799655442984406,28687
0.605,4.974188368183839,30071
0.605,5.148721293383272,32778
0.605,5.323254218582705,36001
0.605,5.497787143782138,41301
0.605,5.672320068981571,48354
0.605,5.8468529941810035,56651
0.605,6.021385919380437,64629
0.605,6.19591884457987,73080
0.615,0.08726646259971647,79229
0.615,0.2617993877991494,82603
0.615,0.4363323129985824,84883
0.615,0.6108652381980153,84746
0.615,0.7853981633974483,83411
0.615,0.9599310885968811,82098
0.615,1.1344640137963142,80637
0.615,1.308996938995747,80417
0.615,1.4835298641951802,78968
0.615,1.658062789394613,79652
0.615,1.8325957145940461,80320
0.615,2.007128639793479,81087
0.615,2.181661564992912,82080
0.615,2.356194490192345,83806
0.615,2.530727415391778,85117
0.615,2.705260340591211,85389
0.615,2.879793265790644,84192
0.615,3.0543261909900767,79166
0.615,3.2288591161895095,72324
0.615,3.4033920413889422,64830
0.615,3.577924966588375,56239
0.615,3.752457891787808,48323
0.615,3.9269908169872414,41682
0.615,4.101523742186675,36658
0.615,4.276056667386107,32788
0.615,4.4505895925855405,30537
0.615,4.625122517784973,29303
0.615,4.799655442984406,29299
0.615,4.974188368183839,30560
0.615,5.148721293383272,32649
0.615,5.323254218582705,36227
0.615,5.497787143782138,41486
0.615,5.672320068981571,48096
0.615,5.8468529941810035,55902
0.615,6.021385919380437,63792
0.615,6.19591884457987,71825
0.625,0.08726646259971647,78070
0.625,0.2617993877991494,82329
0.625,0.4363323129985824,83809
0.625,0.6108652381980153,84059
0.625,0.7853981633974483,82771
0.625,0.9599310885968811,81546
0.625,1.1344640137963142,81139
0.625,1.308996938995747,80987
0.625,1.4835298641951802,80199
0.625,1.658062789394613,80444
0.625,1.8325957145940461,81081
0.625,2.007128639793479,80689
0.625,2.181661564992912,82081
0.625,2.356194490192345,83154
0.625,2.530727415391778,84917
0.625,2.705260340591211,84536
0.625,2.879793265790644,82348
0.625,3.0543261909900767,78325
0.625,3.2288591161895095,71393
0.625,3.4033920413889422,63186
0.625,3.577924966588375,55123
0.625,3.752457891787808,47786
0.625,3.9269908169872414,41722
0.625,4.101523742186675,35864
0.625,4.276056667386107,33006
0.625,4.4505895925855405,30859
0.625,4.625122517784973,29272
0.625,4.799655442984406,29382
0.625,4.974188368183839,30873
0.625,5.148721293383272,32929
0.625,5.323254218582705,36271
0.625,5.497787143782138,41445
0.625,5.672320068981571,47732
0.625,5.8468529941810035,55245
0.625,6.021385919380437,63546
0.625,6.19591884457987,71604
0.635,0.08726646259971647,75326
0.635,0.2617993877991494,79819
0.635,0.4363323129985824,82230
0.635,0.6108652381980153,82125
0.635,0.7853981633974483,81496
0.635,0.9599310885968811,80738
0.635,1.1344640137963142,79828
0.635,1.308996938995747,80762
0.635,1.4835298641951802,79944
0.635,1.658062789394613,80032
0.635,1.8325957145940461,81165
0.635,2.007128639793479,81000
0.635,2.181661564992912,81709
0.635,2.356194490192345,82724
0.635,2.530727415391778,83208
0.635,2.705260340591211,82480
0.635,2.879793265790644,81342
0.635,3.0543261909900767,76216
0.635,3.2288591161895095,69261
0.635,3.4033920413889422,62062
0.635,3.577924966588375,53918
0.635,3.752457891787808,46508
0.635,3.9269908169872414,40568
0.635,4.101523742186675,35349
0.635,4.276056667386107,32433
0.635,4.4505895925855405,30863
0.635,4.625122517784973,29510
0.635,4.799655442984406,29743
0.635,4.974188368183839,31187
0.635,5.148721293383272,33149
0.635,5.323254218582705,36075
0.635,5.497787143782138,40605
0.635,5.672320068981571,46999
0.635,5.8468529941810035,54136
0.635,6.021385919380437,61759
0.635,6.19591884457987,69189
0.645,0.08726646259971647,72822
0.645,0.2617993877991494,77398
0.645,0.4363323129985824,79144
0.645,0.6108652381980153,79766
0.645,0.7853981633974483,79875
0.645,0.9599310885968811,79295
0.645,1.1344640137963142,78335
0.645,1.308996938995747,78777
0.645,1.4835298641951802,78351
0.645,1.658062789394613,78979
0.645,1.8325957145940461,79909
0.645,2.007128639793479,79904
0.645,2.181661564992912,80450
0.645,2.356194490192345,80547
0.645,2.530727415391778,80443
0.645,2.705260340591211,80090
0.645,2.879793265790644,77088
0.645,3.0543261909900767,72730
0.645,3.2288591161895095,67282
0.645,3.4033920413889422,59372
0.645,3.577924966588375,51992
0.645,3.752457891787808,45027
0.645,3.9269908169872414,39009
0.645,4.101523742186675,34354
0.645,4.276056667386107,31417
0.645,4.4505895925855405,30067
0.645,4.625122517784973,29191
0.645,4.799655442984406,29628
0.645,4.974188368183839,30559
0.645,5.148721293383272,32211
0.645,5.323254218582705,35613
0.645,5.497787143782138,39223
0.645,5.672320068981571,45663
0.645,5.8468529941810035,52451
0.645,6.021385919380437,59762
0.645,6.19591884457987,66671
0.655,0.08726646259971647,69407
0.655,0.2617993877991494,73621
0.655,0.4363323129985824,76469
0.655,0.6108652381980153,77194
0.655,0.7853981633974483,76948
0.655,0.9599310885968811,76585
0.655,1.1344640137963142,76660
0.655,1.308996938995747,77855
0.655,1.4835298641951802,77312
0.655,1.658062789394613,77855
0.655,1.8325957145940461,78392
0.655,2.007128639793479,77283
0.655,2.181661564992912,76726
0.655,2.356194490192345,76699
0.655,2.530727415391778,76931
0.655,2.705260340591211,75524
0.655,2.879793265790644,72983
0.655,3.0543261909900767,68464
0.655,3.2288591161895095,63510
0.655,3.4033920413889422,56437
0.655,3.577924966588375,49429
0.655,3.752457891787808,43124
0.655,3.9269908169872414,37552
0.655,4.101523742186675,33294
0.655,4.276056667386107,30597
0.655,4.4505895925855405,29406
0.655,4.625122517784973,28480
0.655,4.799655442984406,28864
0.655,4.974188368183839,29415
0.655,5.148721293383272,31170
0.655,5.323254218582705,34003
0.655,5.497787143782138,37378
0.655,5.672320068981571,42853
0.655,5.8468529941810035,49371
0.655,6.021385919380437,56335
0.655,6.19591884457987,63611
0.665,0.08726646259971647,64233
0.665,0.2617993877991494,68504
0.665,0.4363323129985824,71035
0.665,0.6108652381980153,73444
0.665,0.7853981633974483,73162
0.665,0.9599310885968811,73249
0.665,1.1344640137963142,74299
0.665,1.308996938995747,75758
0.665,1.4835298641951802,75585
0.665,1.658062789394613,75403
0.665,1.8325957145940461,75702
0.665,2.007128639793479,73877
0.665,2.181661564992912,72589
0.665,2.356194490192345,72751
0.665,2.530727415391778,72403
0.665,2.705260340591211,71587
0.665,2.879793265790644,68358
0.665,3.0543261909900767,63965
0.665,3.2288591161895095,59189
0.665,3.4033920413889422,53190
0.665,3.577924966588375,46608
0.665,3.752457891787808,40700
0.665,3.9269908169872414,35502
0.665,4.101523742186675,32242
0.665,4.276056667386107,30043
0.665,4.4505895925855405,28609
0.665,4.625122517784973,27680
0.665,4.799655442984406,27765
0.665,4.974188368183839,28328
0.665,5.148721293383272,29380
0.665,5.323254218582705,32286
0.665,5.497787143782138,35333
0.665,5.672320068981571,40623
0.665,5.8468529941810035,46457
0.665,6.021385919380437,52925
0.665,6.19591884457987,58830
0.675,0.08726646259971647,58627
0.675,0.2617993877991494,62993
0.675,0.4363323129985824,65979
0.675,0.6108652381980153,67542
0.675,0.7853981633974483,68431
0.675,0.9599310885968811,69447
0.675,1.1344640137963142,70495
0.675,1.308996938995747,72457
0.675,1.4835298641951802,72052
0.675,1.658062789394613,72230
0.675,1.8325957145940461,71889
0.675,2.007128639793479,70277
0.675,2.181661564992912,68394
0.675,2.356194490192345,67819
0.675,2.530727415391778,67616
0.675,2.705260340591211,66152
0.675,2.879793265790644,63360
0.675,3.0543261909900767,59655
0.675,3.2288591161895095,54709
0.675,3.4033920413889422,49106
0.675,3.577924966588375,43259
0.675,3.752457891787808,38038
0.675,3.9269908169872414,33417
0.675,4.101523742186675,30239
0.675,4.276056667386107,28674
0.675,4.4505895925855405,27442
0.675,4.625122517784973,26402
0.675,4.799655442984406,26590
0.675,4.974188368183839,27193
0.675,5.148721293383272,28210
0.675,5.323254218582705,30274
0.675,5.497787143782138,33369
0.675,5.672320068981571,37577
0.675,5.8468529941810035,43153
0.675,6.021385919380437,48498
0.675,6.19591884457987,54062
0.685,0.08726646259971647,52359
0.685,0.2617993877991494,56851
0.685,0.4363323129985824,59231
0.685,0.6108652381980153,61424
0.685,0.7853981633974483,62684
0.685,0.9599310885968811,64090
0.685,1.1344640137963142,65915
0.685,1.308996938995747,68061
0.685,1.4835298641951802,68281
0.685,1.658062789394613,67785
0.685,1.8325957145940461,67670
0.685,2.007128639793479,65911
0.685,2.181661564992912,63573
0.685,2.356194490192345,62750
0.685,2.530727415391778,61577
0.685,2.705260340591211,59744
0.685,2.879793265790644,56882
0.685,3.0543261909900767,53015
0.685,3.2288591161895095,48793
0.685,3.4033920413889422,43951
0.685,3.577924966588375,39098
0.685,3.752457891787808,34130
0.685,3.9269908169872414,30662
0.685,4.101523742186675,27924
0.685,4.276056667386107,26442
0.685,4.4505895925855405,25917
0.685,4.625122517784973,25392
0.685,4.799655442984406,25343
0.685,4.974188368183839,26028
0.685,5.148721293383272,26682
0.685,5.323254218582705,28075
0.685,5.497787143782138,30526
0.685,5.672320068981571,34454
0.685,5.8468529941810035,38501
0.685,6.021385919380437,43502
0.685,6.19591884457987,47996
0.695,0.08726646259971647,46085
0.695,0.2617993877991494,49302
0.695,0.4363323129985824,52079
0.695,0.6108652381980153,54369
0.695,0.7853981633974483,56103
0.695,0.9599310885968811,58181
0.695,1.1344640137963142,60284
0.695,1.308996938995747,62849
0.695,1.4835298641951802,63471
0.695,1.658062789394613,63000
0.695,1.8325957145940461,63099
0.695,2.007128639793479,60477
0.695,2.181661564992912,58316
0.695,2.356194490192345,56450
0.695,2.530727415391778,55079
0.695,2.705260340591211,52043
0.695,2.879793265790644,49917
0.695,3.0543261909900767,45939
0.695,3.2288591161895095,42163
0.695,3.4033920413889422,37915
0.695,3.577924966588375,34455
0.695,3.752457891787808,30729
0.695,3.9269908169872414,28019
0.695,4.101523742186675,25659
0.695,4.276056667386107,24733
0.695,4.4505895925855405,24178
0.695,4.625122517784973,23106
0.695,4.799655442984406,23584
0.695,4.974188368183839,24186
0.695,5.148721293383272,24583
0.695,5.323254218582705,25486
0.695,5.497787143782138,27738
0.695,5.672320068981571,30297
0.695,5.8468529941810035,33863
0.695,6.021385919380437,38107
0.695,6.19591884457987,42403
0.705,0.08726646259971647,38832
0.705,0.2617993877991494,41806
0.705,0.4363323129985824,44341
0.705,0.6108652381980153,46884
0.705,0.7853981633974483,48863
0.705,0.9599310885968811,51148
0.705,1.1344640137963142,53643
0.705,1.308996938995747,56573
0.705,1.4835298641951802,56812
0.705,1.658062789394613,57395
0.705,1.8325957145940461,56647
0.705,2.007128639793479,54106
0.705,2.181661564992912,52336
0.705,2.356194490192345,48846
0.705,2.530727415391778,46920
0.705,2.705260340591211,44471
0.705,2.879793265790644,42195
0.705,3.0543261909900767,38816
0.705,3.2288591161895095,35741
0.705,3.4033920413889422,32389
0.705,3.577924966588375,29167
0.705,3.752457891787808,26071
0.705,3.9269908169872414,24102
0.705,4.101523742186675,22452
0.705,4.276056667386107,21549
0.705,4.4505895925855405,21843
0.705,4.625122517784973,21112
0.705,4.799655442984406,21287
0.705,4.974188368183839,22122
0.705,5.148721293383272,22015
0.705,5.323254218582705,22881
0.705,5.497787143782138,24177
0.705,5.672320068981571,26383
0.705,5.8468529941810035,29273
0.705,6.021385919380437,32225
0.705,6.19591884457987,35648
0.715,0.08726646259971647,30828
0.715,0.2617993877991494,33287
0.715,0.4363323129985824,36528
0.715,0.6108652381980153,38610
0.715,0.7853981633974483,41154
0.715,0.9599310885968811,43846
0.715,1.1344640137963142,46914
0.715,1.308996938995747,49734
0.715,1.4835298641951802,50014
0.715,1.658062789394613,49987
0.715,1.8325957145940461,49615
0.715,2.007128639793479,46655
0.715,2.181661564992912,43376
0.715,2.356194490192345,40602
0.715,2.530727415391778,38614
0.715,2.705260340591211,36149
0.715,2.879793265790644,33675
0.715,3.0543261909900767,31013
0.715,3.2288591161895095,28618
0.715,3.4033920413889422,25484
0.715,3.577924966588375,23914
0.715,3.752457891787808,21906
0.715,3.9269908169872414,20420
0.715,4.101523742186675,19502
0.715,4.276056667386107,19457
0.715,4.4505895925855405,19351
0.715,4.625122517784973,18958
0.715,4.799655442984406,19187
0.715,4.974188368183839,19644
0.715,5.148721293383272,19427
0.715,5.323254218582705,19574
0.715,5.497787143782138,20502
0.715,5.672320068981571,22176
0.715,5.8468529941810035,23631
0.715,6.021385919380437,25946
0.715,6.19591884457987,28613
0.725,0.08726646259971647,23717
0.725,0.2617993877991494,25844
0.725,0.4363323129985824,28128
0.725,0.6108652381980153,30464
0.725,0.7853981633974483,33395
0.725,0.9599310885968811,36330
0.725,1.1344640137963142,39526
0.725,1.308996938995747,41867
0.725,1.4835298641951802,42016
0.725,1.658062789394613,41715
0.725,1.8325957145940461,41364
0.725,2.007128639793479,38962
0.725,2.181661564992912,35715
0.725,2.356194490192345,32760
0.725,2.530727415391778,30127
0.725,2.705260340591211,27825
0.725,2.879793265790644,25518
0.725,3.0543261909900767,23494
0.725,3.2288591161895095,21380
0.725,3.4033920413889422,19594
0.725,3.577924966588375,18195
0.725,3.752457891787808,17215
0.725,3.9269908169872414,16397
0.725,4.101523742186675,16004
0.725,4.276056667386107,15985
0.725,4.4505895925855405,16533
0.725,4.625122517784973,16013
0.725,4.799655442984406,16232
0.725,4.974188368183839,17018
0.725,5.148721293383272,16275
0.725,5.323254218582705,15903
0.725,5.497787143782138,16370
0.725,5.672320068981571,17373
0.725,5.8468529941810035,18291
0.725,6.021385919380437,19671
0.725,6.19591884457987,21423
0.735,0.08726646259971647,16452
0.735,0.2617993877991494,18205
0.735,0.4363323129985824,20002
0.735,0.6108652381980153,22512
0.735,0.7853981633974483,25038
0.735,0.9599310885968811,28171
0.735,1.1344640137963142,31211
0.735,1.308996938995747,33818
0.735,1.4835298641951802,33755
0.735,1.658062789394613,33596
0.735,1.8325957145940461,33482
0.735,2.007128639793479,30945
0.735,2.181661564992912,27860
0.735,2.356194490192345,24535
0.735,2.530727415391778,21948
0.735,2.705260340591211,19538
0.735,2.879793265790644,17871
0.735,3.0543261909900767,16429
0.735,3.2288591161895095,15028
0.735,3.4033920413889422,14031
0.735,3.577924966588375,13195
0.735,3.752457891787808,12664
0.735,3.9269908169872414,12551
0.735,4.101523742186675,12556
0.735,4.276056667386107,12834
0.735,4.4505895925855405,13213
0.735,4.625122517784973,13043
0.735,4.799655442984406,13170
0.735,4.974188368183839,13542
0.735,5.148721293383272,13004
0.735,5.323254218582705,12751
0.735,5.497787143782138,12618
0.735,5.672320068981571,12762
0.735,5.8468529941810035,13360
0.735,6.021385919380437,13920
0.735,6.19591884457987,15343
0.745,0.08726646259971647,10364
0.745,0.2617993877991494,11699
0.745,0.4363323129985824,13133
0.745,0.6108652381980153,14951
0.745,0.7853981633974483,17495
0.745,0.9599310885968811,20616
0.745,1.1344640137963142,23573
0.745,1.308996938995747,25255
0.745,1.4835298641951802,24733
0.745,1.658062789394613,24550
0.745,1.8325957145940461,24940
0.745,2.007128639793479,23219
0.745,2.181661564992912,20262
0.745,2.356194490192345,17280
0.745,2.530727415391778,14719
0.745,2.705260340591211,12946
0.745,2.879793265790644,11465
0.745,3.0543261909900767,10162
0.745,3.2288591161895095,9389
0.745,3.4033920413889422,8930
0.745,3.577924966588375,8715
0.745,3.752457891787808,8589
0.745,3.9269908169872414,8584
0.745,4.101523742186675,9246
0.745,4.276056667386107,9967
0.745,4.4505895925855405,10095
0.745,4.625122517784973,9824
0.745,4.799655442984406,9761
0.745,4.974188368183839,10294
0.745,5.148721293383272,10001
0.745,5.323254218582705,9208
0.745,5.497787143782138,8765
0.745,5.672320068981571,8332
0.745,5.8468529941810035,8731
0.745,6.021385919380437,9082
0.745,6.19591884457987,9422
0.755,0.08726646259971647,5869
0.755,0.2617993877991494,6498
0.755,0.4363323129985824,7555
0.755,0.6108652381980153,8935
0.755,0.7853981633974483,11015
0.755,0.9599310885968811,13480
0.755,1.1344640137963142,15814
0.755,1.308996938995747,16259
0.755,1.4835298641951802,15311
0.755,1.658062789394613,15335
0.755,1.8325957145940461,15826
0.755,2.007128639793479,15355
0.755,2.181661564992912,12932
0.755,2.356194490192345,10758
0.755,2.530727415391778,8855
0.755,2.705260340591211,7490
0.755,2.879793265790644,6492
0.755,3.0543261909900767,5702
0.755,3.2288591161895095,5231
0.755,3.4033920413889422,5021
0.755,3.577924966588375,4868
0.755,3.752457891787808,4933
0.755,3.9269908169872414,5407
0.755,4.101523742186675,5986
0.755,4.276056667386107,6501
0.755,4.4505895925855405,6456
0.755,4.625122517784973,5907
0.755,4.799655442984406,6084
0.755,4.974188368183839,6527
0.755,5.148721293383272,6735
0.755,5.323254218582705,6127
0.755,5.497787143782138,5376
0.755,5.672320068981571,5161
0.755,5.8468529941810035,5037
0.755,6.021385919380437,4935
0.755,6.19591884457987,5351
0.765,0.08726646259971647,2999
0.765,0.2617993877991494,3432
0.765,0.4363323129985824,4003
0.765,0.6108652381980153,4686
0.765,0.7853981633974483,6032
0.765,0.9599310885968811,7450
0.765,1.1344640137963142,8008
0.765,1.308996938995747,6772
0.765,1.4835298641951802,5595
0.765,1.658062789394613,5690
0.765,1.8325957145940461,6761
0.765,2.007128639793479,7682
0.765,2.181661564992912,7154
0.765,2.356194490192345,5878
0.765,2.530727415391778,4765
0.765,2.705260340591211,3977
0.765,2.879793265790644,3302
0.765,3.0543261909900767,2842
0.765,3.2288591161895095,2692
0.765,3.4033920413889422,2391
0.765,3.577924966588375,2562
0.765,3.752457891787808,2512
0.765,3.9269908169872414,2818
0.765,4.101523742186675,3144
0.765,4.276056667386107,3304
0.765,4.4505895925855405,2797
0.765,4.625122517784973,2209
0.765,4.799655442984406,2113
0.765,4.974188368183839,2734
0.765,5.148721293383272,3238
0.765,5.323254218582705,3199
0.765,5.497787143782138,2940
0.765,5.672320068981571,2746
0.765,5.8468529941810035,2737
0.765,6.021385919380437,2646
0.765,6.19591884457987,2716
0.775,0.08726646259971647,1919
0.775,0.2617993877991494,1991
0.775,0.4363323129985824,2115
0.775,0.6108652381980153,2259
0.775,0.7853981633974483,2531
0.775,0.9599310885968811,2569
0.775,1.1344640137963142,1885
0.775,1.308996938995747,705
0.775,1.4835298641951802,233
0.775,1.658062789394613,250
0.775,1.8325957145940461,658
0.775,2.007128639793479,1658
0.775,2.181661564992912,2425
0.775,2.356194490192345,2296
0.775,2.530727415391778,2151
0.775,2.705260340591211,2141
0.775,2.879793265790644,1852
0.775,3.0543261909900767,1803
0.775,3.2288591161895095,1591
0.775,3.4033920413889422,1443
0.775,3.577924966588375,1301
0.775,3.752457891787808,1244
0.775,3.9269908169872414,1196
0.775,4.101523742186675,1091
0.775,4.276056667386107,690
0.775,4.4505895925855405,282
0.775,4.625122517784973,76
0.775,4.799655442984406,108
0.775,4.974188368183839,261
0.775,5.148721293383272,743
0.775,5.323254218582705,1114
0.775,5.497787143782138,1172
0.775,5.672320068981571,1290
0.775,5.8468529941810035,1336
0.775,6.021385919380437,1536
0.775,6.19591884457987,1614
0.785,0.08726646259971647,1522
0.785,0.2617993877991494,1393
0.785,0.4363323129985824,1223
0.785,0.6108652381980153,815
0.785,0.7853981633974483,504
0.785,0.9599310885968811,199
0.785,1.1344640137963142,22
0.785,1.308996938995747,1
0.785,1.4835298641951802,0
0.785,1.658062789394613,0
0.785,1.8325957145940461,1
0.785,2.007128639793479,12
0.785,2.181661564992912,208
0.785,2.356194490192345,472
0.785,2.530727415391778,803
0.785,2.705260340591211,1069
0.785,2.879793265790644,1262
0.785,3.0543261909900767,1410
0.785,3.2288591161895095,1297
0.785,3.4033920413889422,1042
0.785,3.577924966588375,686
0.785,3.752457891787808,446
0.785,3.9269908169872414,245
0.785,4.101523742186675,71
0.785,4.276056667386107,9
0.785,4.4505895925855405,0
0.785,4.625122517784973,0
0.785,4.799655442984406,0
0.785,4.974188368183839,0
0.785,5.148721293383272,6
0.785,5.323254218582705,86
0.785,5.497787143782138,246
0.785,5.672320068981571,455
0.785,5.8468529941810035,710
0.785,6.021385919380437,1076
0.785,6.19591884457987,1359
0.795,0.08726646259971647,1355
0.795,0.2617993877991494,1238
0.795,0.4363323129985824,912
0.795,0.6108652381980153,380
0.795,0.7853981633974483,35
0.795,0.9599310885968811,0
0.795,1.1344640137963142,0
0.795,1.308996938995747,0
0.795,1.4835298641951802,1
0.795,1.658062789394613,0
0.795,1.8325957145940461,1
0.795,2.007128639793479,0
0.795,2.181661564992912,1
0.795,2.356194490192345,36
0.795,2.530727415391778,320
0.795,2.705260340591211,751
0.795,2.879793265790644,1117
0.795,3.0543261909900767,1219
0.795,3.2288591161895095,1093
0.795,3.4033920413889422,905
0.795,3.577924966588375,545
0.795,3.752457891787808,211
0.795,3.9269908169872414,16
0.795,4.101523742186675,1
0.795,4.276056667386107,0
0.795,4.4505895925855405,0
0.795,4.625122517784973,0
0.795,4.799655442984406,0
0.795,4.974188368183839,1
0.795,5.148721293383272,0
0.795,5.323254218582705,1
0.795,5.497787143782138,20
0.795,5.672320068981571,210
0.795,5.8468529941810035,565
0.795,6.021385919380437,962
0.795,6.19591884457987,1222
0.805,0.08726646259971647,1130
0.805,0.2617993877991494,947
0.805,0.4363323129985824,696
0.805,0.6108652381980153,282
0.805,0.7853981633974483,8
0.805,0.9599310885968811,0
0.805,1.1344640137963142,0
0.805,1.308996938995747,0
0.805,1.4835298641951802,0
0.805,1.658062789394613,0
0.805,1.8325957145940461,0
0.805,2.007128639793479,0
0.805,2.181661564992912,0
0.805,2.356194490192345,10
0.805,2.530727415391778,238
0.805,2.705260340591211,624
0.805,2.879793265790644,901
0.805,3.0543261909900767,1054
0.805,3.2288591161895095,977
0.805,3.4033920413889422,752
0.805,3.577924966588375,449
0.805,3.752457891787808,155
0.805,3.9269908169872414,1
0.805,4.101523742186675,0
0.805,4.276056667386107,1
0.805,4.4505895925855405,0
0.805,4.625122517784973,0
0.805,4.799655442984406,0
0.805,4.974188368183839,0
0.805,5.148721293383272,0
0.805,5.323254218582705,0
0.805,5.497787143782138,9
0.805,5.672320068981571,142
0.805,5.8468529941810035,480
0.805,6.021385919380437,796
0.805,6.19591884457987,1070
0.815,0.08726646259971647,876
0.815,0.2617993877991494,784
0.815,0.4363323129985824,496
0.815,0.6108652381980153,167
0.815,0.7853981633974483,5
0.815,0.9599310885968811,0
0.815,1.1344640137963142,0
0.815,1.308996938995747,0
0.815,1.4835298641951802,0
0.815,1.658062789394613,0
0.815,1.8325957145940461,0
0.815,2.007128639793479,0
0.815,2.181661564992912,0
0.815,2.356194490192345,5
0.815,2.530727415391778,173
0.815,2.705260340591211,517
0.815,2.879793265790644,716
0.815,3.0543261909900767,860
0.815,3.2288591161895095,789
0.815,3.4033920413889422,597
0.815,3.577924966588375,356
0.815,3.752457891787808,113
0.815,3.9269908169872414,3
0.815,4.101523742186675,0
0.815,4.276056667386107,0
0.815,4.4505895925855405,0
0.815,4.625122517784973,0
0.815,4.799655442984406,0
0.815,4.974188368183839,0
0.815,5.148721293383272,0
0.815,5.323254218582705,0
0.815,5.497787143782138,4
0.815,5.672320068981571,127
0.815,5.8468529941810035,363
0.815,6.021385919380437,606
0.815,6.19591884457987,815
0.825,0.08726646259971647,561
0.825,0.2617993877991494,499
0.825,0.4363323129985824,313
0.825,0.6108652381980153,114
0.825,0.7853981633974483,11
0.825,0.9599310885968811,0
0.825,1.1344640137963142,0
0.825,1.308996938995747,0
0.825,1.4835298641951802,0
0.825,1.658062789394613,0
0.825,1.8325957145940461,0
0.825,2.007128639793479,0
0.825,2.181661564992912,0
0.825,2.356194490192345,5
0.825,2.530727415391778,120
0.825,2.705260340591211,313
0.825,2.879793265790644,554
0.825,3.0543261909900767,591
0.825,3.2288591161895095,585
0.825,3.4033920413889422,440
0.825,3.577924966588375,252
0.825,3.752457891787808,67
0.825,3.9269908169872414,4
0.825,4.101523742186675,0
0.825,4.276056667386107,0
0.825,4.4505895925855405,0
0.825,4.625122517784973,0
0.825,4.799655442984406,0
0.825,4.974188368183839,0
0.825,5.148721293383272,0
0.825,5.323254218582705,0
0.825,5.497787143782138,3
0.825,5.672320068981571,71
0.825,5.8468529941810035,215
0.825,6.021385919380437,387
0.825,6.19591884457987,556
0.835,0.08726646259971647,402
0.835,0.2617993877991494,315
0.835,0.4363323129985824,177
0.835,0.6108652381980153,80
0.835,0.7853981633974483,44
0.835,0.9599310885968811,23
0.835,1.1344640137963142,2
0.835,1.308996938995747,0
0.835,1.4835298641951802,0
0.835,1.658062789394613,0
0.835,1.8325957145940461,0
0.835,2.007128639793479,8
0.835,2.181661564992912,9
0.835,2.356194490192345,20
0.835,2.530727415391778,101
0.835,2.705260340591211,183
0.835,2.879793265790644,321
0.835,3.0543261909900767,375
0.835,3.2288591161895095,350
0.835,3.4033920413889422,298
0.835,3.577924966588375,186
0.835,3.752457891787808,92
0.835,3.9269908169872414,35
0.835,4.101523742186675,14
0.835,4.276056667386107,3
0.835,4.4505895925855405,0
0.835,4.625122517784973,0
0.835,4.799655442984406,1
0.835,4.974188368183839,0
0.835,5.148721293383272,0
0.835,5.323254218582705,12
0.835,5.497787143782138,29
0.835,5.672320068981571,64
0.835,5.8468529941810035,145
0.835,6.021385919380437,243
0.835,6.19591884457987,362
0.845,0.08726646259971647,272
0.845,0.2617993877991494,196
0.845,0.4363323129985824,211
0.845,0.6108652381980153,147
0.845,0.7853981633974483,127
0.845,0.9599310885968811,97
0.845,1.1344640137963142,110
0.845,1.308996938995747,48
0.845,1.4835298641951802,19
0.845,1.658062789394613,15
0.845,1.8325957145940461,30
0.845,2.007128639793479,98
0.845,2.181661564992912,111
0.845,2.356194490192345,128
0.845,2.530727415391778,126
0.845,2.705260340591211,135
0.845,2.879793265790644,176
0.845,3.0543261909900767,221
0.845,3.2288591161895095,224
0.845,3.4033920413889422,179
0.845,3.577924966588375,132
0.845,3.752457891787808,97
0.845,3.9269908169872414,95
0.845,4.101523742186675,81
0.845,4.276056667386107,70
0.845,4.4505895925855405,30
0.845,4.625122517784973,11
0.845,4.799655442984406,11
0.845,4.974188368183839,23
0.845,5.148721293383272,52
0.845,5.323254218582705,73
0.845,5.497787143782138,84
0.845,5.672320068981571,79
0.845,5.8468529941810035,127
0.845,6.021385919380437,205
0.845,6.19591884457987,218
0.855,0.08726646259971647,184
0.855,0.2617993877991494,231
0.855,0.4363323129985824,219
0.855,0.6108652381980153,205
0.855,0.7853981633974483,245
0.855,0.9599310885968811,282
0.855,1.1344640137963142,280
0.855,1.308996938995747,229
0.855,1.4835298641951802,241
0.855,1.658062789394613,205
0.855,1.8325957145940461,252
0.855,2.007128639793479,266
0.855,2.181661564992912,278
0.855,2.356194490192345,203
0.855,2.530727415391778,171
0.855,2.705260340591211,182
0.855,2.879793265790644,199
0.855,3.0543261909900767,229
0.855,3.2288591161895095,154
0.855,3.4033920413889422,151
0.855,3.577924966588375,138
0.855,3.752457891787808,116
0.855,3.9269908169872414,162
0.855,4.101523742186675,164
0.855,4.276056667386107,178
0.855,4.4505895925855405,174
0.855,4.625122517784973,130
0.855,4.799655442984406,136
0.855,4.974188368183839,127
0.855,5.148721293383272,164
0.855,5.323254218582705,154
0.855,5.497787143782138,161
0.855,5.672320068981571,157
0.855,5.8468529941810035,175
0.855,6.021385919380437,172
0.855,6.19591884457987,181
0.865,0.08726646259971647,258
0.865,0.2617993877991494,279
0.865,0.4363323129985824,314
0.865,0.6108652381980153,326
0.865,0.7853981633974483,386
0.865,0.9599310885968811,468
0.865,1.1344640137963142,443
0.865,1.308996938995747,506
0.865,1.4835298641951802,562
0.865,1.658062789394613,573
0.865,1.8325957145940461,488
0.865,2.007128639793479,416
0.865,2.181661564992912,362
0.865,2.356194490192345,292
0.865,2.530727415391778,253
0.865,2.705260340591211,284
0.865,2.879793265790644,237
0.865,3.0543261909900767,244
0.865,3.2288591161895095,213
0.865,3.4033920413889422,234
0.865,3.577924966588375,191
0.865,3.752457891787808,268
0.865,3.9269908169872414,234
0.865,4.101523742186675,245
0.865,4.276056667386107,252
0.865,4.4505895925855405,281
0.865,4.625122517784973,274
0.865,4.799655442984406,265
0.865,4.974188368183839,276
0.865,5.148721293383272,223
0.865,5.323254218582705,248
0.865,5.497787143782138,269
0.865,5.672320068981571,216
0.865,5.8468529941810035,220
0.865,6.021385919380437,228
0.865,6.19591884457987,250
0.875,0.08726646259971647,426
0.875,0.2617993877991494,405
0.875,0.4363323129985824,463
0.875,0.6108652381980153,511
0.875,0.7853981633974483,525
0.875,0.9599310885968811,562
0.875,1.1344640137963142,634
0.875,1.308996938995747,681
0.875,1.4835298641951802,726
0.875,1.658062789394613,764
0.875,1.8325957145940461,713
0.875,2.007128639793479,624
0.875,2.181661564992912,559
0.875,2.356194490192345,448
0.875,2.530727415391778,421
0.875,2.705260340591211,433
0.875,2.879793265790644,445
0.875,3.0543261909900767,408
0.875,3.2288591161895095,385
0.875,3.4033920413889422,358
0.875,3.577924966588375,339
0.875,3.752457891787808,321
0.875,3.9269908169872414,359
0.875,4.101523742186675,388
0.875,4.276056667386107,315
0.875,4.4505895925855405,345
0.875,4.625122517784973,385
0.875,4.799655442984406,387
0.875,4.974188368183839,320
0.875,5.148721293383272,316
0.875,5.323254218582705,328
0.875,5.497787143782138,298
0.875,5.672320068981571,367
0.875,5.8468529941810035,375
0.875,6.021385919380437,366
0.875,6.19591884457987,404
0.885,0.08726646259971647,558
0.885,0.2617993877991494,559
0.885,0.4363323129985824,636
0.885,0.6108652381980153,721
0.885,0.7853981633974483,757
0.885,0.9599310885968811,745
0.885,1.1344640137963142,778
0.885,1.308996938995747,893
0.885,1.4835298641951802,856
0.885,1.658062789394613,845
0.885,1.8325957145940461,869
0.885,2.007128639793479,836
0.885,2.181661564992912,785
0.885,2.356194490192345,733
0.885,2.530727415391778,611
0.885,2.705260340591211,591
0.885,2.879793265790644,556
0.885,3.0543261909900767,585
0.885,3.2288591161895095,565
0.885,3.4033920413889422,527
0.885,3.577924966588375,483
0.885,3.752457891787808,434
0.885,3.9269908169872414,438
0.885,4.101523742186675,401
0.885,4.276056667386107,375
0.885,4.4505895925855405,333
0.885,4.625122517784973,335
0.885,4.799655442984406,375
0.885,4.974188368183839,415
0.885,5.148721293383272,374
0.885,5.323254218582705,378
0.885,5.497787143782138,386
0.885,5.672320068981571,451
0.885,5.8468529941810035,502
0.885,6.021385919380437,492
0.885,6.19591884457987,563
0.895,0.08726646259971647,694
0.895,0.2617993877991494,756
0.895,0.4363323129985824,843
0.895,0.6108652381980153,813
0.895,0.7853981633974483,912
0.895,0.9599310885968811,910
0.895,1.1344640137963142,1029
0.895,1.308996938995747,1011
0.895,1.4835298641951802,1015
0.895,1.658062789394613,909
0.895,1.8325957145940461,905
0.895,2.007128639793479,917
0.895,2.181661564992912,876
0.895,2.356194490192345,859
0.895,2.530727415391778,825
0.895,2.705260340591211,828
0.895,2.879793265790644,756
0.895,3.0543261909900767,744
0.895,3.2288591161895095,765
0.895,3.4033920413889422,713
0.895,3.577924966588375,613
0.895,3.752457891787808,541
0.895,3.9269908169872414,459
0.895,4.101523742186675,420
0.895,4.276056667386107,401
0.895,4.4505895925855405,374
0.895,4.625122517784973,404
0.895,4.799655442984406,399
0.895,4.974188368183839,353
0.895,5.148721293383272,402
0.895,5.323254218582705,365
0.895,5.497787143782138,428
0.895,5.672320068981571,509
0.895,5.8468529941810035,588
0.895,6.021385919380437,648
0.895,6.19591884457987,663
0.905,0.08726646259971647,863
0.905,0.2617993877991494,965
0.905,0.4363323129985824,956
0.905,0.6108652381980153,965
0.905,0.7853981633974483,995
0.905,0.9599310885968811,998
0.905,1.1344640137963142,995
0.905,1.308996938995747,1007
0.905,1.4835298641951802,1057
0.905,1.658062789394613,1010
0.905,1.8325957145940461,1019
0.905,2.007128639793479,1003
0.905,2.181661564992912,1023
0.905,2.356194490192345,1032
0.905,2.530727415391778,1060
0.905,2.705260340591211,1095
0.905,2.879793265790644,1030
0.905,3.0543261909900767,975
0.905,3.2288591161895095,943
0.905,3.4033920413889422,842
0.905,3.577924966588375,708
0.905,3.752457891787808,631
0.905,3.9269908169872414,612
0.905,4.101523742186675,537
0.905,4.276056667386107,429
0.905,4.4505895925855405,418
0.905,4.625122517784973,388
0.905,4.799655442984406,401
0.905,4.974188368183839,355
0.905,5.148721293383272,426
0.905,5.323254218582705,419
0.905,5.497787143782138,495
0.905,5.672320068981571,618
0.905,5.8468529941810035,663
0.905,6.021385919380437,804
0.905,6.19591884457987,866
0.915,0.08726646259971647,1016
0.915,0.2617993877991494,1161
0.915,0.4363323129985824,1208
0.915,0.6108652381980153,1138
0.915,0.7853981633974483,1134
0.915,0.9599310885968811,1078
0.915,1.1344640137963142,1025
0.915,1.308996938995747,1073
0.915,1.4835298641951802,1053
0.915,1.658062789394613,1032
0.915,1.8325957145940461,1053
0.915,2.007128639793479,1069
0.915,2.181661564992912,1163
0.915,2.356194490192345,1218
0.915,2.530727415391778,1236
0.915,2.705260340591211,1217
0.915,2.879793265790644,1194
0.915,3.0543261909900767,1135
0.915,3.2288591161895095,1111
0.915,3.4033920413889422,940
0.915,3.577924966588375,862
0.915,3.752457891787808,708
0.915,3.9269908169872414,711
0.915,4.101523742186675,608
0.915,4.276056667386107,516
0.915,4.4505895925855405,438
0.915,4.625122517784973,414
0.915,4.799655442984406,391
0.915,4.974188368183839,439
0.915,5.148721293383272,437
0.915,5.323254218582705,485
0.915,5.497787143782138,551
0.915,5.672320068981571,612
0.915,5.8468529941810035,692
0.915,6.021385919380437,813
0.915,6.19591884457987,957
0.925,0.08726646259971647,1182
0.925,0.2617993877991494,1243
0.925,0.4363323129985824,1260
0.925,0.6108652381980153,1293
0.925,0.7853981633974483,1284
0.925,0.9599310885968811,1273
0.925,1.1344640137963142,1238
0.925,1.308996938995747,1157
0.925,1.4835298641951802,1163
0.925,1.658062789394613,1123
0.925,1.8325957145940461,1131
0.925,2.007128639793479,1108
0.925,2.181661564992912,1177
0.925,2.356194490192345,1341
0.925,2.530727415391778,1331
0.925,2.705260340591211,1388
0.925,2.879793265790644,1241
0.925,3.0543261909900767,1272
0.925,3.2288591161895095,1192
0.925,3.4033920413889422,1069
0.925,3.577924966588375,945
0.925,3.752457891787808,793
0.925,3.9269908169872414,677
0.925,4.101523742186675,598
0.925,4.276056667386107,532
0.925,4.4505895925855405,457
0.925,4.625122517784973,454
0.925,4.799655442984406,442
0.925,4.974188368183839,450
0.925,5.148721293383272,466
0.925,5.323254218582705,477
0.925,5.497787143782138,647
0.925,5.672320068981571,683
0.925,5.8468529941810035,821
0.925,6.021385919380437,929
0.925,6.19591884457987,977
0.935,0.08726646259971647,1322
0.935,0.2617993877991494,1294
0.935,0.4363323129985824,1364
0.935,0.6108652381980153,1358
0.935,0.7853981633974483,1313
0.935,0.9599310885968811,1299
0.935,1.1344640137963142,1287
0.935,1.308996938995747,1282
0.935,1.4835298641951802,1249
0.935,1.658062789394613,1218
0.935,1.8325957145940461,1259
0.935,2.007128639793479,1208
0.935,2.181661564992912,1297
0.935,2.356194490192345,1350
0.935,2.530727415391778,1372
0.935,2.705260340591211,1495
0.935,2.879793265790644,1508
0.935,3.0543261909900767,1423
0.935,3.2288591161895095,1293
0.935,3.4033920413889422,1158
0.935,3.577924966588375,967
0.935,3.752457891787808,917
0.935,3.9269908169872414,705
0.935,4.101523742186675,660
0.935,4.276056667386107,555
0.935,4.4505895925855405,519
0.935,4.625122517784973,424
0.935,4.799655442984406,433
0.935,4.974188368183839,443
0.935,5.148721293383272,515
0.935,5.323254218582705,568
0.935,5.497787143782138,621
0.935,5.672320068981571,779
0.935,5.8468529941810035,1010
0.935,6.021385919380437,1074
0.935,6.19591884457987,1167
0.945,0.08726646259971647,1276
0.945,0.2617993877991494,1432
0.945,0.4363323129985824,1448
0.945,0.6108652381980153,1456
0.945,0.7853981633974483,1424
0.945,0.9599310885968811,1359
0.945,1.1344640137963142,1357
0.945,1.308996938995747,1273
0.945,1.4835298641951802,1291
0.945,1.658062789394613,1309
0.945,1.8325957145940461,1224
0.945,2.007128639793479,1313
0.945,2.181661564992912,1385
0.945,2.356194490192345,1414
0.945,2.530727415391778,1416
0.945,2.705260340591211,1471
0.945,2.879793265790644,1428
0.945,3.0543261909900767,1395
0.945,3.2288591161895095,1351
0.945,3.4033920413889422,1202
0.945,3.577924966588375,1121
0.945,3.752457891787808,893
0.945,3.9269908169872414,689
0.945,4.101523742186675,627
0.945,4.276056667386107,580
0.945,4.4505895925855405,524
0.945,4.625122517784973,428
0.945,4.799655442984406,400
0.945,4.974188368183839,451
0.945,5.148721293383272,510
0.945,5.323254218582705,606
0.945,5.497787143782138,633
0.945,5.672320068981571,805
0.945,5.8468529941810035,950
0.945,6.021385919380437,1128
0.945,6.19591884457987,1206
0.955,0.08726646259971647,1414
0.955,0.2617993877991494,1489
0.955,0.4363323129985824,1552
0.955,0.6108652381980153,1489
0.955,0.7853981633974483,1496
0.955,0.9599310885968811,1415
0.955,1.1344640137963142,1291
0.955,1.308996938995747,1292
0.955,1.4835298641951802,1281
0.955,1.658062789394613,1330
0.955,1.8325957145940461,1232
0.955,2.007128639793479,1384
0.955,2.181661564992912,1409
0.955,2.356194490192345,1517
0.955,2.530727415391778,1522
0.955,2.705260340591211,1508
0.955,2.879793265790644,1605
0.955,3.0543261909900767,1479
0.955,3.2288591161895095,1430
0.955,3.4033920413889422,1245
0.955,3.577924966588375,1030
0.955,3.752457891787808,944
0.955,3.9269908169872414,780
0.955,4.101523742186675,653
0.955,4.276056667386107,576
0.955,4.4505895925855405,538
0.955,4.625122517784973,468
0.955,4.799655442984406,447
0.955,4.974188368183839,433
0.955,5.148721293383272,464
0.955,5.323254218582705,497
0.955,5.497787143782138,684
0.955,5.672320068981571,814
0.955,5.8468529941810035,1018
0.955,6.021385919380437,1172
0.955,6.19591884457987,1316
0.965,0.08726646259971647,1581
0.965,0.2617993877991494,1559
0.965,0.4363323129985824,1687
0.965,0.6108652381980153,1575
0.965,0.7853981633974483,1557
0.965,0.9599310885968811,1453
0.965,1.1344640137963142,1414
0.965,1.308996938995747,1267
0.965,1.4835298641951802,1428
0.965,1.658062789394613,1439
0.965,1.8325957145940461,1452
0.965,2.007128639793479,1417
0.965,2.181661564992912,1474
0.965,2.356194490192345,1557
0.965,2.530727415391778,1623
0.965,2.705260340591211,1660
0.965,2.879793265790644,1629
0.965,3.0543261909900767,1607
0.965,3.2288591161895095,1408
0.965,3.4033920413889422,1280
0.965,3.577924966588375,1103
0.965,3.752457891787808,876
0.965,3.9269908169872414,784
0.965,4.101523742186675,676
0.965,4.276056667386107,595
0.965,4.4505895925855405,538
0.965,4.625122517784973,548
0.965,4.799655442984406,516
0.965,4.974188368183839,530
0.965,5.148721293383272,532
0.965,5.323254218582705,594
0.965,5.497787143782138,762
0.965,5.672320068981571,866
0.965,5.8468529941810035,1104
0.965,6.021385919380437,1248
0.965,6.19591884457987,1507
0.975,0.08726646259971647,1579
0.975,0.2617993877991494,1482
0.975,0.4363323129985824,1598
0.975,0.6108652381980153,1607
0.975,0.7853981633974483,1504
0.975,0.9599310885968811,1503
0.975,1.1344640137963142,1440
0.975,1.308996938995747,1427
0.975,1.4835298641951802,1390
0.975,1.658062789394613,1441
0.975,1.8325957145940461,1471
0.975,2.007128639793479,1507
0.975,2.181661564992912,1490
0.975,2.356194490192345,1564
0.975,2.530727415391778,1698
0.975,2.705260340591211,1717
0.975,2.879793265790644,1688
0.975,3.0543261909900767,1516
0.975,3.2288591161895095,1465
0.975,3.4033920413889422,1244
0.975,3.577924966588375,1114
0.975,3.752457891787808,1020
0.975,3.9269908169872414,787
0.975,4.101523742186675,674
0.975,4.276056667386107,598
0.975,4.4505895925855405,558
0.975,4.625122517784973,530
0.975,4.799655442984406,529
0.975,4.974188368183839,564
0.975,5.148721293383272,586
0.975,5.323254218582705,717
0.975,5.497787143782138,780
0.975,5.672320068981571,928
0.975,5.8468529941810035,1188
0.975,6.021385919380437,1289
0.975,6.19591884457987,1510
0.985,0.08726646259971647,1580
0.985,0.2617993877991494,1633
0.985,0.4363323129985824,1765
0.985,0.6108652381980153,1666
0.985,0.7853981633974483,1555
0.985,0.9599310885968811,1517
0.985,1.1344640137963142,1482
0.985,1.308996938995747,1465
0.985,1.4835298641951802,1479
0.985,1.658062789394613,1445
0.985,1.8325957145940461,1537
0.985,2.007128639793479,1574
0.985,2.181661564992912,1638
0.985,2.356194490192345,1599
0.985,2.530727415391778,1659
0.985,2.705260340591211,1601
0.985,2.879793265790644,1753
0.985,3.0543261909900767,1730
0.985,3.2288591161895095,1542
0.985,3.4033920413889422,1398
0.985,3.577924966588375,1147
0.985,3.752457891787808,962
0.985,3.9269908169872414,807
0.985,4.101523742186675,672
0.985,4.276056667386107,564
0.985,4.4505895925855405,511
0.985,4.625122517784973,504
0.985,4.799655442984406,547
0.985,4.974188368183839,553
0.985,5.148721293383272,593
0.985,5.323254218582705,665
0.985,5.497787143782138,794
0.985,5.672320068981571,988
0.985,5.8468529941810035,1133
0.985,6.021385919380437,1242
0.985,6.19591884457987,1436
0.995,0.08726646259971647,1631
0.995,0.2617993877991494,1710
0.995,0.4363323129985824,1743
0.995,0.6108652381980153,1705
0.995,0.7853981633974483,1655
0.995,0.9599310885968811,1600
0.995,1.1344640137963142,1450
0.995,1.308996938995747,1611
0.995,1.4835298641951802,1523
0.995,1.658062789394613,1438
0.995,1.8325957145940461,1487
0.995,2.007128639793479,1530
0.995,2.181661564992912,1564
0.995,2.356194490192345,1533
0.995,2.530727415391778,1663
0.995,2.705260340591211,1716
0.995,2.879793265790644,1675
0.995,3.0543261909900767,1672
0.995,3.2288591161895095,1713
0.995,3.4033920413889422,1471
0.995,3.577924966588375,1212
0.995,3.752457891787808,1058
0.995,3.9269908169872414,845
0.995,4.101523742186675,694
0.995,4.276056667386107,602
0.995,4.4505895925855405,564
0.995,4.625122517784973,495
0.995,4.799655442984406,540
0.995,4.974188368183839,587
0.995,5.148721293383272,601
0.995,5.323254218582705,738
0.995,5.497787143782138,825
0.995,5.672320068981571,1024
0.995,5.8468529941810035,1185
0.995,6.021385919380437,1383
0.995,6.19591884457987,1569
