x,phi,count
0.005,0.08726646259971647,693
0.005,0.2617993877991494,1012
0.005,0.4363323129985824,1301
0.005,0.6108652381980153,1611
0.005,0.7853981633974483,2067
0.005,0.9599310885968811,2498
0.005,1.1344640137963142,2840
0.005,1.308996938995747,3046
0.005,1.4835298641951802,3141
0.005,1.658062789394613,3189
0.005,1.8325957145940461,3098
0.005,2.007128639793479,2718
0.005,2.181661564992912,2411
0.005,2.356194490192345,2086
0.005,2.530727415391778,1701
0.005,2.705260340591211,1291
0.005,2.879793265790644,1005
0.005,3.0543261909900767,709
0.005,3.2288591161895095,495
0.005,3.4033920413889422,335
0.005,3.577924966588375,230
0.005,3.752457891787808,179
0.005,3.9269908169872414,130
0.005,4.101523742186675,74
0.005,4.276056667386107,102
0.005,4.4505895925855405,64
0.005,4.625122517784973,55
0.005,4.799655442984406,63
0.005,4.974188368183839,56
0.005,5.148721293383272,78
0.005,5.323254218582705,99
0.005,5.497787143782138,135
0.005,5.672320068981571,178
0.005,5.8468529941810035,232
0.005,6.021385919380437,383
0.005,6.19591884457987,496
0.015,0.08726646259971647,743
0.015,0.2617993877991494,984
0.015,0.4363323129985824,1379
0.015,0.6108652381980153,1722
0.015,0.7853981633974483,2130
0.015,0.9599310885968811,2507
0.015,1.1344640137963142,2960
0.015,1.308996938995747,3285
0.015,1.4835298641951802,3322
0.015,1.658062789394613,3439
0.015,1.8325957145940461,3263
0.015,2.007128639793479,2976
0.015,2.181661564992912,2617
0.015,2.356194490192345,2199
0.015,2.530727415391778,1663
0.015,2.705260340591211,1399
0.015,2.879793265790644,1024
0.015,3.0543261909900767,739
0.015,3.2288591161895095,526
0.015,3.4033920413889422,342
0.015,3.577924966588375,260
0.015,3.752457891787808,177
0.015,3.9269908169872414,139
0.015,4.101523742186675,103
0.015,4.276056667386107,88
0.015,4.4505895925855405,78
0.015,4.625122517784973,71
0.015,4.799655442984406,60
0.015,4.974188368183839,80
0.015,5.148721293383272,88
0.015,5.323254218582705,102
0.015,5.497787143782138,127
0.015,5.672320068981571,192
0.015,5.8468529941810035,276
0.015,6.021385919380437,361
0.015,6.19591884457987,535
0.025,0.08726646259971647,724
0.025,0.2617993877991494,1081
0.025,0.4363323129985824,1442
0.025,0.6108652381980153,1867
0.025,0.7853981633974483,2355
0.025,0.9599310885968811,2699
0.025,1.1344640137963142,3168
0.025,1.308996938995747,3419
0.025,1.4835298641951802,3537
0.025,1.658062789394613,3526
0.025,1.8325957145940461,3354
0.025,2.007128639793479,3186
0.025,2.181661564992912,2709
0.025,2.356194490192345,2362
0.025,2.530727415391778,1860
0.025,2.705260340591211,1470
0.025,2.879793265790644,1057
0.025,3.0543261909900767,786
0.025,3.2288591161895095,599
0.025,3.4033920413889422,359
0.025,3.577924966588375,252
0.025,3.752457891787808,179
0.025,3.9269908169872414,135
0.025,4.101523742186675,94
0.025,4.276056667386107,100
0.025,4.4505895925855405,75
0.025,4.625122517784973,75
0.025,4.799655442984406,70
0.025,4.974188368183839,76
0.025,5.148721293383272,77
0.025,5.323254218582705,112
0.025,5.497787143782138,152
0.025,5.672320068981571,187
0.025,5.8468529941810035,273
0.025,6.021385919380437,410
0.025,6.19591884457987,516
0.035,0.08726646259971647,841
0.035,0.2617993877991494,1144
0.035,0.4363323129985824,1553
0.035,0.6108652381980153,1972
0.035,0.7853981633974483,2467
0.035,0.9599310885968811,2928
0.035,1.1344640137963142,3244
0.035,1.308996938995747,3544
0.035,1.4835298641951802,3752
0.035,1.658062789394613,3922
0.035,1.8325957145940461,3602
0.035,2.007128639793479,3363
0.035,2.181661564992912,2928
0.035,2.356194490192345,2422
0.035,2.530727415391778,1853
0.035,2.705260340591211,1512
0.035,2.879793265790644,1179
0.035,3.0543261909900767,868
0.035,3.2288591161895095,596
0.035,3.4033920413889422,403
0.035,3.577924966588375,274
0.035,3.752457891787808,229
0.035,3.9269908169872414,168
0.035,4.101523742186675,97
0.035,4.276056667386107,83
0.035,4.4505895925855405,81
0.035,4.625122517784973,79
0.035,4.799655442984406,73
0.035,4.974188368183839,74
0.035,5.148721293383272,100
0.035,5.323254218582705,113
0.035,5.497787143782138,166
0.035,5.672320068981571,204
0.035,5.8468529941810035,280
0.035,6.021385919380437,406
0.035,6.19591884457987,570
0.045,0.08726646259971647,977
0.045,0.2617993877991494,1234
0.045,0.4363323129985824,1602
0.045,0.6108652381980153,2092
0.045,0.7853981633974483,2566
0.045,0.9599310885968811,3078
0.045,1.1344640137963142,3472
0.045,1.308996938995747,3890
0.045,1.4835298641951802,4105
0.045,1.658062789394613,4031
0.045,1.8325957145940461,3874
0.045,2.007128639793479,3517
0.045,2.181661564992912,3000
0.045,2.356194490192345,2500
0.045,2.530727415391778,2126
0.045,2.705260340591211,1678
0.045,2.879793265790644,1269
0.045,3.0543261909900767,873
0.045,3.2288591161895095,621
0.045,3.4033920413889422,439
0.045,3.577924966588375,310
0.045,3.752457891787808,226
0.045,3.9269908169872414,154
0.045,4.101523742186675,121
0.045,4.276056667386107,103
0.045,4.4505895925855405,85
0.045,4.625122517784973,83
0.045,4.799655442984406,75
0.045,4.974188368183839,87
0.045,5.148721293383272,95
0.045,5.323254218582705,141
0.045,5.497787143782138,159
0.045,5.672320068981571,199
0.045,5.8468529941810035,308
0.045,6.021385919380437,459
0.045,6.19591884457987,631
0.055,0.08726646259971647,970
0.055,0.2617993877991494,1347
0.055,0.4363323129985824,1850
0.055,0.6108652381980153,2378
0.055,0.7853981633974483,2813
0.055,0.9599310885968811,3410
0.055,1.1344640137963142,3799
0.055,1.308996938995747,4228
0.055,1.4835298641951802,4430
0.055,1.658062789394613,4345
0.055,1.8325957145940461,4223
0.055,2.007128639793479,3726
0.055,2.181661564992912,3317
0.055,2.356194490192345,2795
0.055,2.530727415391778,2210
0.055,2.705260340591211,1690
0.055,2.879793265790644,1242
0.055,3.0543261909900767,976
0.055,3.2288591161895095,695
0.055,3.4033920413889422,477
0.055,3.577924966588375,316
0.055,3.752457891787808,204
0.055,3.9269908169872414,178
0.055,4.101523742186675,127
0.055,4.276056667386107,75
0.055,4.4505895925855405,96
0.055,4.625122517784973,86
0.055,4.799655442984406,99
0.055,4.974188368183839,91
0.055,5.148721293383272,98
0.055,5.323254218582705,155
0.055,5.497787143782138,213
0.055,5.672320068981571,222
0.055,5.8468529941810035,301
0.055,6.021385919380437,456
0.055,6.19591884457987,674
0.065,0.08726646259971647,1125
0.065,0.2617993877991494,1535
0.065,0.4363323129985824,1985
0.065,0.6108652381980153,2551
0.065,0.7853981633974483,3092
0.065,0.9599310885968811,3595
0.065,1.1344640137963142,4266
0.065,1.308996938995747,4565
0.065,1.4835298641951802,4924
0.065,1.658062789394613,4833
0.065,1.8325957145940461,4543
0.065,2.007128639793479,4090
0.065,2.181661564992912,3586
0.065,2.356194490192345,2964
0.065,2.530727415391778,2406
0.065,2.705260340591211,1886
0.065,2.879793265790644,1358
0.065,3.0543261909900767,981
0.065,3.2288591161895095,715
0.065,3.4033920413889422,501
0.065,3.577924966588375,363
0.065,3.752457891787808,232
0.065,3.9269908169872414,166
0.065,4.101523742186675,146
0.065,4.276056667386107,118
0.065,4.4505895925855405,101
0.065,4.625122517784973,98
0.065,4.799655442984406,69
0.065,4.974188368183839,92
0.065,5.148721293383272,95
0.065,5.323254218582705,148
0.065,5.497787143782138,175
0.065,5.672320068981571,261
0.065,5.8468529941810035,340
0.065,6.021385919380437,479
0.065,6.19591884457987,764
0.075,0.08726646259971647,1153
0.075,0.2617993877991494,1542
0.075,0.4363323129985824,2048
0.075,0.6108652381980153,2684
0.075,0.7853981633974483,3283
0.075,0.9599310885968811,3900
0.075,1.1344640137963142,4540
0.075,1.308996938995747,5068
0.075,1.4835298641951802,5093
0.075,1.658062789394613,5342
0.075,1.8325957145940461,5033
0.075,2.007128639793479,4455
0.075,2.181661564992912,3888
0.075,2.356194490192345,3269
0.075,2.530727415391778,2644
0.075,2.705260340591211,2054
0.075,2.879793265790644,1540
0.075,3.0543261909900767,1124
0.075,3.2288591161895095,822
0.075,3.4033920413889422,539
0.075,3.577924966588375,375
0.075,3.752457891787808,263
0.075,3.9269908169872414,197
0.075,4.101523742186675,151
0.075,4.276056667386107,122
0.075,4.4505895925855405,120
0.075,4.625122517784973,94
0.075,4.799655442984406,84
0.075,4.974188368183839,115
0.075,5.148721293383272,100
0.075,5.323254218582705,150
0.075,5.497787143782138,180
0.075,5.672320068981571,290
0.075,5.8468529941810035,377
0.075,6.021385919380437,600
0.075,6.19591884457987,785
0.085,0.08726646259971647,1216
0.085,0.2617993877991494,1762
0.085,0.4363323129985824,2228
0.085,0.6108652381980153,2954
0.085,0.7853981633974483,3631
0.085,0.9599310885968811,4415
0.085,1.1344640137963142,4896
0.085,1.308996938995747,5151
0.085,1.4835298641951802,5582
0.085,1.658062789394613,5644
0.085,1.8325957145940461,5316
0.085,2.007128639793479,4965
0.085,2.181661564992912,4349
0.085,2.356194490192345,3594
0.085,2.530727415391778,3020
0.085,2.705260340591211,2302
0.085,2.879793265790644,1593
0.085,3.0543261909900767,1197
0.085,3.2288591161895095,874
0.085,3.4033920413889422,599
0.085,3.577924966588375,403
0.085,3.752457891787808,298
0.085,3.9269908169872414,228
0.085,4.101523742186675,167
0.085,4.276056667386107,126
0.085,4.4505895925855405,127
0.085,4.625122517784973,105
0.085,4.799655442984406,77
0.085,4.974188368183839,108
0.085,5.148721293383272,119
0.085,5.323254218582705,148
0.085,5.497787143782138,208
0.085,5.672320068981571,307
0.085,5.8468529941810035,445
0.085,6.021385919380437,601
0.085,6.19591884457987,845
0.095,0.08726646259971647,1302
0.095,0.2617993877991494,1862
0.095,0.4363323129985824,2431
0.095,0.6108652381980153,3199
0.095,0.7853981633974483,4001
0.095,0.9599310885968811,4768
0.095,1.1344640137963142,5388
0.095,1.308996938995747,5872
0.095,1.4835298641951802,5866
0.095,1.658062789394613,6020
0.095,1.8325957145940461,5836
0.095,2.007128639793479,5288
0.095,2.181661564992912,4762
0.095,2.356194490192345,3971
0.095,2.530727415391778,3151
0.095,2.705260340591211,2473
0.095,2.879793265790644,1822
0.095,3.0543261909900767,1366
0.095,3.2288591161895095,996
0.095,3.4033920413889422,675
0.095,3.577924966588375,457
0.095,3.752457891787808,307
0.095,3.9269908169872414,244
0.095,4.101523742186675,167
0.095,4.276056667386107,118
0.095,4.4505895925855405,120
0.095,4.625122517784973,116
0.095,4.799655442984406,98
0.095,4.974188368183839,151
0.095,5.148721293383272,141
0.095,5.323254218582705,179
0.095,5.497787143782138,222
0.095,5.672320068981571,309
0.095,5.8468529941810035,458
0.095,6.021385919380437,648
0.095,6.19591884457987,887
0.105,0.08726646259971647,1446
0.105,0.2617993877991494,2046
0.105,0.4363323129985824,2752
0.105,0.6108652381980153,3627
0.105,0.7853981633974483,4356
0.105,0.9599310885968811,5179
0.105,1.1344640137963142,5837
0.105,1.308996938995747,6467
0.105,1.4835298641951802,6885
0.105,1.658062789394613,6884
0.105,1.8325957145940461,6493
0.105,2.007128639793479,6043
0.105,2.181661564992912,5151
0.105,2.356194490192345,4273
0.105,2.530727415391778,3537
0.105,2.705260340591211,2807
0.105,2.879793265790644,2062
0.105,3.0543261909900767,1460
0.105,3.2288591161895095,1014
0.105,3.4033920413889422,754
0.105,3.577924966588375,510
0.105,3.752457891787808,360
0.105,3.9269908169872414,277
0.105,4.101523742186675,191
0.105,4.276056667386107,165
0.105,4.4505895925855405,126
0.105,4.625122517784973,141
0.105,4.799655442984406,115
0.105,4.974188368183839,150
0.105,5.148721293383272,139
0.105,5.323254218582705,203
0.105,5.497787143782138,262
0.105,5.672320068981571,361
0.105,5.8468529941810035,462
0.105,6.021385919380437,736
0.105,6.19591884457987,1059
0.115,0.08726646259971647,1606
0.115,0.2617993877991494,2156
0.115,0.4363323129985824,2978
0.115,0.6108652381980153,3795
0.115,0.7853981633974483,4978
0.115,0.9599310885968811,5651
0.115,1.1344640137963142,6340
0.115,1.308996938995747,6955
0.115,1.4835298641951802,7353
0.115,1.658062789394613,7532
0.115,1.8325957145940461,7139
0.115,2.007128639793479,6519
0.115,2.181661564992912,5858
0.115,2.356194490192345,4807
0.115,2.530727415391778,3956
0.115,2.705260340591211,3004
0.115,2.879793265790644,2397
0.115,3.0543261909900767,1583
0.115,3.2288591161895095,1200
0.115,3.4033920413889422,820
0.115,3.577924966588375,527
0.115,3.752457891787808,381
0.115,3.9269908169872414,288
0.115,4.101523742186675,186
0.115,4.276056667386107,169
0.115,4.4505895925855405,148
0.115,4.625122517784973,130
0.115,4.799655442984406,150
0.115,4.974188368183839,143
0.115,5.148721293383272,172
0.115,5.323254218582705,228
0.115,5.497787143782138,287
0.115,5.672320068981571,378
0.115,5.8468529941810035,548
0.115,6.021385919380437,773
0.115,6.19591884457987,1151
0.125,0.08726646259971647,1814
0.125,0.2617993877991494,2501
0.125,0.4363323129985824,3175
0.125,0.6108652381980153,4305
0.125,0.7853981633974483,5009
0.125,0.9599310885968811,6135
0.125,1.1344640137963142,7149
0.125,1.308996938995747,7747
0.125,1.4835298641951802,8153
0.125,1.658062789394613,7966
0.125,1.8325957145940461,7831
0.125,2.007128639793479,7224
0.125,2.181661564992912,6194
0.125,2.356194490192345,5361
0.125,2.530727415391778,4140
0.125,2.705260340591211,3316
0.125,2.879793265790644,2452
0.125,3.0543261909900767,1768
0.125,3.2288591161895095,1283
0.125,3.4033920413889422,876
0.125,3.577924966588375,645
0.125,3.752457891787808,434
0.125,3.9269908169872414,303
0.125,4.101523742186675,228
0.125,4.276056667386107,179
0.125,4.4505895925855405,163
0.125,4.625122517784973,153
0.125,4.799655442984406,169
0.125,4.974188368183839,172
0.125,5.148721293383272,202
0.125,5.323254218582705,229
0.125,5.497787143782138,332
0.125,5.672320068981571,433
0.125,5.8468529941810035,598
0.125,6.021385919380437,864
0.125,6.19591884457987,1155
0.135,0.08726646259971647,1983
0.135,0.2617993877991494,2666
0.135,0.4363323129985824,3600
0.135,0.6108652381980153,4583
0.135,0.7853981633974483,5824
0.135,0.9599310885968811,6715
0.135,1.1344640137963142,7851
0.135,1.308996938995747,8463
0.135,1.4835298641951802,8927
0.135,1.658062789394613,8858
0.135,1.8325957145940461,8404
0.135,2.007128639793479,7835
0.135,2.181661564992912,6758
0.135,2.356194490192345,5825
0.135,2.530727415391778,4616
0.135,2.705260340591211,3770
0.135,2.879793265790644,2656
0.135,3.0543261909900767,2014
0.135,3.2288591161895095,1413
0.135,3.4033920413889422,980
0.135,3.577924966588375,677
0.135,3.752457891787808,531
0.135,3.9269908169872414,365
0.135,4.101523742186675,279
0.135,4.276056667386107,233
0.135,4.4505895925855405,184
0.135,4.625122517784973,160
0.135,4.799655442984406,144
0.135,4.974188368183839,183
0.135,5.148721293383272,216
0.135,5.323254218582705,289
0.135,5.497787143782138,361
0.135,5.672320068981571,471
0.135,5.8468529941810035,678
0.135,6.021385919380437,947
0.135,6.19591884457987,1378
0.145,0.08726646259971647,2109
0.145,0.2617993877991494,2965
0.145,0.4363323129985824,3886
0.145,0.6108652381980153,5231
0.145,0.7853981633974483,6388
0.145,0.9599310885968811,7550
0.145,1.1344640137963142,8733
0.145,1.308996938995747,9239
0.145,1.4835298641951802,9659
0.145,1.658062789394613,9656
0.145,1.8325957145940461,9029
0.145,2.007128639793479,8498
0.145,2.181661564992912,7508
0.145,2.356194490192345,6333
0.145,2.530727415391778,5119
0.145,2.705260340591211,3845
0.145,2.879793265790644,2923
0.145,3.0543261909900767,2185
0.145,3.2288591161895095,1535
0.145,3.4033920413889422,1003
0.145,3.577924966588375,778
0.145,3.752457891787808,559
0.145,3.9269908169872414,412
0.145,4.101523742186675,285
0.145,4.276056667386107,242
0.145,4.4505895925855405,180
0.145,4.625122517784973,189
0.145,4.799655442984406,201
0.145,4.974188368183839,175
0.145,5.148721293383272,217
0.145,5.323254218582705,283
0.145,5.497787143782138,360
0.145,5.672320068981571,492
0.145,5.8468529941810035,743
0.145,6.021385919380437,1000
0.145,6.19591884457987,1513
0.155,0.08726646259971647,2366
0.155,0.2617993877991494,3305
0.155,0.4363323129985824,4316
0.155,0.6108652381980153,5618
0.155,0.7853981633974483,6995
0.155,0.9599310885968811,8267
0.155,1.1344640137963142,9299
0.155,1.308996938995747,10143
0.155,1.4835298641951802,10544
0.155,1.658062789394613,10607
0.155,1.8325957145940461,10187
0.155,2.007128639793479,9415
0.155,2.181661564992912,8375
0.155,2.356194490192345,6916
0.155,2.530727415391778,5711
0.155,2.705260340591211,4346
0.155,2.879793265790644,3318
0.155,3.0543261909900767,2342
0.155,3.2288591161895095,1660
0.155,3.4033920413889422,1222
0.155,3.577924966588375,808
0.155,3.752457891787808,609
0.155,3.9269908169872414,392
0.155,4.101523742186675,356
0.155,4.276056667386107,276
0.155,4.4505895925855405,218
0.155,4.625122517784973,222
0.155,4.799655442984406,197
0.155,4.974188368183839,249
0.155,5.148721293383272,255
0.155,5.323254218582705,319
0.155,5.497787143782138,395
0.155,5.672320068981571,591
0.155,5.8468529941810035,815
0.155,6.021385919380437,1147
0.155,6.19591884457987,1662
0.165,0.08726646259971647,2577
0.165,0.2617993877991494,3512
0.165,0.4363323129985824,4776
0.165,0.6108652381980153,6071
0.165,0.7853981633974483,7580
0.165,0.9599310885968811,9149
0.165,1.1344640137963142,10253
0.165,1.308996938995747,11253
0.165,1.4835298641951802,11734
0.165,1.658062789394613,11508
0.165,1.8325957145940461,11223
0.165,2.007128639793479,10186
0.165,2.181661564992912,9177
0.165,2.356194490192345,7514
0.165,2.530727415391778,6224
0.165,2.705260340591211,4801
0.165,2.879793265790644,3651
0.165,3.0543261909900767,2574
0.165,3.2288591161895095,1865
0.165,3.4033920413889422,1274
0.165,3.577924966588375,927
0.165,3.752457891787808,627
0.165,3.9269908169872414,462
0.165,4.101523742186675,359
0.165,4.276056667386107,266
0.165,4.4505895925855405,272
0.165,4.625122517784973,241
0.165,4.799655442984406,230
0.165,4.974188368183839,245
0.165,5.148721293383272,292
0.165,5.323254218582705,336
0.165,5.497787143782138,474
0.165,5.672320068981571,652
0.165,5.8468529941810035,949
0.165,6.021385919380437,1254
0.165,6.19591884457987,1852
0.175,0.08726646259971647,2861
0.175,0.2617993877991494,3869
0.175,0.4363323129985824,5296
0.175,0.6108652381980153,6730
0.175,0.7853981633974483,8324
0.175,0.9599310885968811,9687
0.175,1.1344640137963142,11244
0.175,1.308996938995747,12086
0.175,1.4835298641951802,12650
0.175,1.658062789394613,12884
0.175,1.8325957145940461,12102
0.175,2.007128639793479,11295
0.175,2.181661564992912,9938
0.175,2.356194490192345,8343
0.175,2.530727415391778,6783
0.175,2.705260340591211,5303
0.175,2.879793265790644,3910
0.175,3.0543261909900767,2835
0.175,3.2288591161895095,1906
0.175,3.4033920413889422,1344
0.175,3.577924966588375,959
0.175,3.752457891787808,666
0.175,3.9269908169872414,501
0.175,4.101523742186675,350
0.175,4.276056667386107,289
0.175,4.4505895925855405,245
0.175,4.625122517784973,272
0.175,4.799655442984406,235
0.175,4.974188368183839,279
0.175,5.148721293383272,265
0.175,5.323254218582705,360
0.175,5.497787143782138,511
0.175,5.672320068981571,747
0.175,5.8468529941810035,950
0.175,6.021385919380437,1339
0.175,6.19591884457987,1961
0.185,0.08726646259971647,3114
0.185,0.2617993877991494,4235
0.185,0.4363323129985824,5844
0.185,0.6108652381980153,7387
0.185,0.7853981633974483,9051
0.185,0.9599310885968811,11012
0.185,1.1344640137963142,12071
0.185,1.308996938995747,13090
0.185,1.4835298641951802,13782
0.185,1.658062789394613,13963
0.185,1.8325957145940461,13315
0.185,2.007128639793479,12222
0.185,2.181661564992912,10936
0.185,2.356194490192345,9160
0.185,2.530727415391778,7424
0.185,2.705260340591211,5639
0.185,2.879793265790644,4350
0.185,3.0543261909900767,3203
0.185,3.2288591161895095,2242
0.185,3.4033920413889422,1510
0.185,3.577924966588375,1018
0.185,3.752457891787808,733
0.185,3.9269908169872414,544
0.185,4.101523742186675,432
0.185,4.276056667386107,294
0.185,4.4505895925855405,256
0.185,4.625122517784973,266
0.185,4.799655442984406,302
0.185,4.974188368183839,274
0.185,5.148721293383272,319
0.185,5.323254218582705,424
0.185,5.497787143782138,577
0.185,5.672320068981571,811
0.185,5.8468529941810035,1042
0.185,6.021385919380437,1500
0.185,6.19591884457987,2218
0.195,0.08726646259971647,3445
0.195,0.2617993877991494,4798
0.195,0.4363323129985824,6491
0.195,0.6108652381980153,8010
0.195,0.7853981633974483,10116
0.195,0.9599310885968811,11962
0.195,1.1344640137963142,13040
0.195,1.308996938995747,14542
0.195,1.4835298641951802,15232
0.195,1.658062789394613,15087
0.195,1.8325957145940461,14483
0.195,2.007128639793479,13389
0.195,2.181661564992912,11531
0.195,2.356194490192345,9908
0.195,2.530727415391778,7921
0.195,2.705260340591211,6366
0.195,2.879793265790644,4719
0.195,3.0543261909900767,3304
0.195,3.2288591161895095,2409
0.195,3.4033920413889422,1708
0.195,3.577924966588375,1163
0.195,3.752457891787808,799
0.195,3.9269908169872414,577
0.195,4.101523742186675,443
0.195,4.276056667386107,375
0.195,4.4505895925855405,327
0.195,4.625122517784973,244
0.195,4.799655442984406,281
0.195,4.974188368183839,311
0.195,5.148721293383272,375
0.195,5.323254218582705,439
0.195,5.497787143782138,624
0.195,5.672320068981571,821
0.195,5.8468529941810035,1214
0.195,6.021385919380437,1743
0.195,6.19591884457987,2367
0.205,0.08726646259971647,3684
0.205,0.2617993877991494,5122
0.205,0.4363323129985824,6821
0.205,0.6108652381980153,8663
0.205,0.7853981633974483,10695
0.205,0.9599310885968811,12666
0.205,1.1344640137963142,14411
0.205,1.308996938995747,15687
0.205,1.4835298641951802,16791
0.205,1.658062789394613,16311
0.205,1.8325957145940461,15832
0.205,2.007128639793479,14597
0.205,2.181661564992912,12812
0.205,2.356194490192345,10701
0.205,2.530727415391778,8668
0.205,2.705260340591211,6718
0.205,2.879793265790644,5214
0.205,3.0543261909900767,3581
0.205,3.2288591161895095,2634
0.205,3.4033920413889422,1772
0.205,3.577924966588375,1247
0.205,3.752457891787808,898
0.205,3.9269908169872414,648
0.205,4.101523742186675,536
0.205,4.276056667386107,386
0.205,4.4505895925855405,358
0.205,4.625122517784973,310
0.205,4.799655442984406,288
0.205,4.974188368183839,370
0.205,5.148721293383272,365
0.205,5.323254218582705,525
0.205,5.497787143782138,664
0.205,5.672320068981571,953
0.205,5.8468529941810035,1303
0.205,6.021385919380437,1850
0.205,6.19591884457987,2673
0.215,0.08726646259971647,4063
0.215,0.2617993877991494,5410
0.215,0.4363323129985824,7324
0.215,0.6108652381980153,9353
0.215,0.7853981633974483,11740
0.215,0.9599310885968811,13818
0.215,1.1344640137963142,15770
0.215,1.308996938995747,17036
0.215,1.4835298641951802,17697
0.215,1.658062789394613,17678
0.215,1.8325957145940461,16836
0.215,2.007128639793479,15468
0.215,2.181661564992912,13683
0.215,2.356194490192345,11485
0.215,2.530727415391778,9356
0.215,2.705260340591211,7177
0.215,2.879793265790644,5542
0.215,3.0543261909900767,3897
0.215,3.2288591161895095,2711
0.215,3.4033920413889422,1974
0.215,3.577924966588375,1393
0.215,3.752457891787808,953
0.215,3.9269908169872414,744
0.215,4.101523742186675,508
0.215,4.276056667386107,396
0.215,4.4505895925855405,342
0.215,4.625122517784973,304
0.215,4.799655442984406,349
0.215,4.974188368183839,383
0.215,5.148721293383272,445
0.215,5.323254218582705,533
0.215,5.497787143782138,711
0.215,5.672320068981571,995
0.215,5.8468529941810035,1392
0.215,6.021385919380437,1972
0.215,6.19591884457987,2696
0.225,0.08726646259971647,4250
0.225,0.2617993877991494,5981
0.225,0.4363323129985824,7749
0.225,0.6108652381980153,10010
0.225,0.7853981633974483,12453
0.225,0.9599310885968811,14608
0.225,1.1344640137963142,16781
0.225,1.308996938995747,18274
0.225,1.4835298641951802,19187
0.225,1.658062789394613,19030
0.225,1.8325957145940461,18308
0.225,2.007128639793479,16582
0.225,2.181661564992912,14583
0.225,2.356194490192345,12498
0.225,2.530727415391778,10153
0.225,2.705260340591211,7848
0.225,2.879793265790644,5883
0.225,3.0543261909900767,4225
0.225,3.2288591161895095,3036
0.225,3.4033920413889422,2095
0.225,3.577924966588375,1422
0.225,3.752457891787808,1114
0.225,3.9269908169872414,760
0.225,4.101523742186675,581
0.225,4.276056667386107,468
0.225,4.4505895925855405,396
0.225,4.625122517784973,322
0.225,4.799655442984406,326
0.225,4.974188368183839,407
0.225,5.148721293383272,481
0.225,5.323254218582705,602
0.225,5.497787143782138,831
0.225,5.672320068981571,1063
0.225,5.8468529941810035,1425
0.225,6.021385919380437,2177
0.225,6.19591884457987,2980
0.235,0.08726646259971647,4494
0.235,0.2617993877991494,6221
0.235,0.4363323129985824,8356
0.235,0.6108652381980153,10703
0.235,0.7853981633974483,13285
0.235,0.9599310885968811,16008
0.235,1.1344640137963142,17893
0.235,1.308996938995747,19629
0.235,1.4835298641951802,20296
0.235,1.658062789394613,20311
0.235,1.8325957145940461,19556
0.235,2.007128639793479,17753
0.235,2.181661564992912,15512
0.235,2.356194490192345,13228
0.235,2.530727415391778,10724
0.235,2.705260340591211,8239
0.235,2.879793265790644,6168
0.235,3.0543261909900767,4463
0.235,3.2288591161895095,3155
0.235,3.4033920413889422,2150
0.235,3.577924966588375,1469
0.235,3.752457891787808,1067
0.235,3.9269908169872414,718
0.235,4.101523742186675,605
0.235,4.276056667386107,485
0.235,4.4505895925855405,364
0.235,4.625122517784973,399
0.235,4.799655442984406,373
0.235,4.974188368183839,418
0.235,5.148721293383272,458
0.235,5.323254218582705,662
0.235,5.497787143782138,851
0.235,5.672320068981571,1054
0.235,5.8468529941810035,1622
0.235,6.021385919380437,2140
0.235,6.19591884457987,3119
0.245,0.08726646259971647,4724
0.245,0.2617993877991494,6723
0.245,0.4363323129985824,8730
0.245,0.6108652381980153,11511
0.245,0.7853981633974483,14095
0.245,0.9599310885968811,16741
0.245,1.1344640137963142,19143
0.245,1.308996938995747,20841
0.245,1.4835298641951802,21957
0.245,1.658062789394613,21761
0.245,1.8325957145940461,20842
0.245,2.007128639793479,18997
0.245,2.181661564992912,16587
0.245,2.356194490192345,14155
0.245,2.530727415391778,11345
0.245,2.705260340591211,8762
0.245,2.879793265790644,6401
0.245,3.0543261909900767,4638
0.245,3.2288591161895095,3405
0.245,3.4033920413889422,2365
0.245,3.577924966588375,1716
0.245,3.752457891787808,1167
0.245,3.9269908169872414,846
0.245,4.101523742186675,666
0.245,4.276056667386107,479
0.245,4.4505895925855405,456
0.245,4.625122517784973,434
0.245,4.799655442984406,418
0.245,4.974188368183839,437
0.245,5.148721293383272,515
0.245,5.323254218582705,662
0.245,5.497787143782138,821
0.245,5.672320068981571,1099
0.245,5.8468529941810035,1614
0.245,6.021385919380437,2276
0.245,6.19591884457987,3320
0.255,0.08726646259971647,5139
0.255,0.2617993877991494,7006
0.255,0.4363323129985824,9312
0.255,0.6108652381980153,12063
0.255,0.7853981633974483,14984
0.255,0.9599310885968811,17890
0.255,1.1344640137963142,20282
0.255,1.308996938995747,22016
0.255,1.4835298641951802,23139
0.255,1.658062789394613,23096
0.255,1.8325957145940461,22153
0.255,2.007128639793479,20256
0.255,2.181661564992912,17759
0.255,2.356194490192345,15069
0.255,2.530727415391778,12302
0.255,2.705260340591211,9348
0.255,2.879793265790644,6859
0.255,3.0543261909900767,5080
0.255,3.2288591161895095,3504
0.255,3.4033920413889422,2534
0.255,3.577924966588375,1720
0.255,3.752457891787808,1295
0.255,3.9269908169872414,895
0.255,4.101523742186675,717
0.255,4.276056667386107,566
0.255,4.4505895925855405,450
0.255,4.625122517784973,440
0.255,4.799655442984406,398
0.255,4.974188368183839,397
0.255,5.148721293383272,544
0.255,5.323254218582705,630
0.255,5.497787143782138,866
0.255,5.672320068981571,1196
0.255,5.8468529941810035,1721
0.255,6.021385919380437,2418
0.255,6.19591884457987,3532
0.265,0.08726646259971647,5357
0.265,0.2617993877991494,7267
0.265,0.4363323129985824,9924
0.265,0.6108652381980153,12888
0.265,0.7853981633974483,15838
0.265,0.9599310885968811,18853
0.265,1.1344640137963142,21585
0.265,1.308996938995747,23488
0.265,1.4835298641951802,24615
0.265,1.658062789394613,24579
0.265,1.8325957145940461,23344
0.265,2.007128639793479,21344
0.265,2.181661564992912,18965
0.265,2.356194490192345,15928
0.265,2.530727415391778,12655
0.265,2.705260340591211,9824
0.265,2.879793265790644,7292
0.265,3.0543261909900767,5288
0.265,3.2288591161895095,3824
0.265,3.4033920413889422,2682
0.265,3.577924966588375,1855
0.265,3.752457891787808,1287
0.265,3.9269908169872414,969
0.265,4.101523742186675,737
0.265,4.276056667386107,555
0.265,4.4505895925855405,523
0.265,4.625122517784973,437
0.265,4.799655442984406,480
0.265,4.974188368183839,479
0.265,5.148721293383272,566
0.265,5.323254218582705,719
0.265,5.497787143782138,999
0.265,5.672320068981571,1280
0.265,5.8468529941810035,1839
0.265,6.021385919380437,2632
0.265,6.19591884457987,3668
0.275,0.08726646259971647,5785
0.275,0.2617993877991494,7980
0.275,0.4363323129985824,10636
0.275,0.6108652381980153,13533
0.275,0.7853981633974483,16841
0.275,0.9599310885968811,20184
0.275,1.1344640137963142,22802
0.275,1.308996938995747,24990
0.275,1.4835298641951802,25802
0.275,1.658062789394613,25912
0.275,1.8325957145940461,24861
0.275,2.007128639793479,23185
0.275,2.181661564992912,19727
0.275,2.356194490192345,16858
0.275,2.530727415391778,13534
0.275,2.705260340591211,10459
0.275,2.879793265790644,7707
0.275,3.0543261909900767,5565
0.275,3.2288591161895095,4027
0.275,3.4033920413889422,2714
0.275,3.577924966588375,1939
0.275,3.752457891787808,1363
0.275,3.9269908169872414,1003
0.275,4.101523742186675,740
0.275,4.276056667386107,650
0.275,4.4505895925855405,553
0.275,4.625122517784973,493
0.275,4.799655442984406,471
0.275,4.974188368183839,550
0.275,5.148721293383272,626
0.275,5.323254218582705,821
0.275,5.497787143782138,1025
0.275,5.672320068981571,1484
0.275,5.8468529941810035,2008
0.275,6.021385919380437,2818
0.275,6.19591884457987,4013
0.285,0.08726646259971647,6073
0.285,0.2617993877991494,8164
0.285,0.4363323129985824,11161
0.285,0.6108652381980153,14231
0.285,0.7853981633974483,17855
0.285,0.9599310885968811,21229
0.285,1.1344640137963142,24324
0.285,1.308996938995747,26469
0.285,1.4835298641951802,27606
0.285,1.658062789394613,27742
0.285,1.8325957145940461,26376
0.285,2.007128639793479,24103
0.285,2.181661564992912,21027
0.285,2.356194490192345,17813
0.285,2.530727415391778,14339
0.285,2.705260340591211,10811
0.285,2.879793265790644,8157
0.285,3.0543261909900767,5901
0.285,3.2288591161895095,4257
0.285,3.4033920413889422,2864
0.285,3.577924966588375,2016
0.285,3.752457891787808,1442
0.285,3.9269908169872414,1070
0.285,4.101523742186675,777
0.285,4.276056667386107,616
0.285,4.4505895925855405,570
0.285,4.625122517784973,484
0.285,4.799655442984406,550
0.285,4.974188368183839,578
0.285,5.148721293383272,664
0.285,5.323254218582705,777
0.285,5.497787143782138,1067
0.285,5.672320068981571,1496
0.285,5.8468529941810035,2011
0.285,6.021385919380437,3001
0.285,6.19591884457987,4318
0.295,0.08726646259971647,6176
0.295,0.2617993877991494,8649
0.295,0.4363323129985824,11726
0.295,0.6108652381980153,15030
0.295,0.7853981633974483,18583
0.295,0.9599310885968811,22363
0.295,1.1344640137963142,25527
0.295,1.308996938995747,28128
0.295,1.4835298641951802,29059
0.295,1.658062789394613,29040
0.295,1.8325957145940461,27536
0.295,2.007128639793479,25527
0.295,2.181661564992912,22035
0.295,2.356194490192345,18725
0.295,2.530727415391778,14831
0.295,2.705260340591211,11729
0.295,2.879793265790644,8749
0.295,3.0543261909900767,6268
0.295,3.2288591161895095,4378
0.295,3.4033920413889422,3184
0.295,3.577924966588375,2121
0.295,3.752457891787808,1440
0.295,3.9269908169872414,1029
0.295,4.101523742186675,817
0.295,4.276056667386107,687
0.295,4.4505895925855405,572
0.295,4.625122517784973,517
0.295,4.799655442984406,535
0.295,4.974188368183839,582
0.295,5.148721293383272,633
0.295,5.323254218582705,825
0.295,5.497787143782138,1078
0.295,5.672320068981571,1518
0.295,5.8468529941810035,2161
0.295,6.021385919380437,3066
0.295,6.19591884457987,4490
0.305,0.08726646259971647,6431
0.305,0.2617993877991494,8937
0.305,0.4363323129985824,11957
0.305,0.6108652381980153,15762
0.305,0.7853981633974483,19208
0.305,0.9599310885968811,23070
0.305,1.1344640137963142,26948
0.305,1.308996938995747,29060
0.305,1.4835298641951802,30392
0.305,1.658062789394613,30617
0.305,1.8325957145940461,29254
0.305,2.007128639793479,26811
0.305,2.181661564992912,23453
0.305,2.356194490192345,19451
0.305,2.530727415391778,15977
0.305,2.705260340591211,12364
0.305,2.879793265790644,9056
0.305,3.0543261909900767,6535
0.305,3.2288591161895095,4650
0.305,3.4033920413889422,3185
0.305,3.577924966588375,2162
0.305,3.752457891787808,1557
0.305,3.9269908169872414,1140
0.305,4.101523742186675,862
0.305,4.276056667386107,692
0.305,4.4505895925855405,605
0.305,4.625122517784973,556
0.305,4.799655442984406,593
0.305,4.974188368183839,644
0.305,5.148721293383272,698
0.305,5.323254218582705,859
0.305,5.497787143782138,1122
0.305,5.672320068981571,1596
0.305,5.8468529941810035,2212
0.305,6.021385919380437,3222
0.305,6.19591884457987,4656
0.315,0.08726646259971647,6724
0.315,0.2617993877991494,9389
0.315,0.4363323129985824,12689
0.315,0.6108652381980153,16526
0.315,0.7853981633974483,20253
0.315,0.9599310885968811,24217
0.315,1.1344640137963142,28268
0.315,1.308996938995747,30903
0.315,1.4835298641951802,32521
0.315,1.658062789394613,32294
0.315,1.8325957145940461,30735
0.315,2.007128639793479,28474
0.315,2.181661564992912,24318
0.315,2.356194490192345,20438
0.315,2.530727415391778,16479
0.315,2.705260340591211,12838
0.315,2.879793265790644,9502
0.315,3.0543261909900767,6837
0.315,3.2288591161895095,4761
0.315,3.4033920413889422,3344
0.315,3.577924966588375,2330
0.315,3.752457891787808,1668
0.315,3.9269908169872414,1179
0.315,4.101523742186675,901
0.315,4.276056667386107,758
0.315,4.4505895925855405,604
0.315,4.625122517784973,634
0.315,4.799655442984406,600
0.315,4.974188368183839,654
0.315,5.148721293383272,764
0.315,5.323254218582705,894
0.315,5.497787143782138,1199
0.315,5.672320068981571,1676
0.315,5.8468529941810035,2341
0.315,6.021385919380437,3464
0.315,6.19591884457987,4825
0.325,0.08726646259971647,7317
0.325,0.2617993877991494,10030
0.325,0.4363323129985824,13639
0.325,0.6108652381980153,17619
0.325,0.7853981633974483,21773
0.325,0.9599310885968811,25873
0.325,1.1344640137963142,29611
0.325,1.308996938995747,32212
0.325,1.4835298641951802,33933
0.325,1.658062789394613,33789
0.325,1.8325957145940461,32264
0.325,2.007128639793479,29477
0.325,2.181661564992912,25445
0.325,2.356194490192345,21568
0.325,2.530727415391778,17345
0.325,2.705260340591211,13410
0.325,2.879793265790644,10044
0.325,3.0543261909900767,7302
0.325,3.2288591161895095,5188
0.325,3.4033920413889422,3651
0.325,3.577924966588375,2508
0.325,3.752457891787808,1789
0.325,3.9269908169872414,1360
0.325,4.101523742186675,976
0.325,4.276056667386107,842
0.325,4.4505895925855405,789
0.325,4.625122517784973,672
0.325,4.799655442984406,648
0.325,4.974188368183839,733
0.325,5.148721293383272,804
0.325,5.323254218582705,1049
0.325,5.497787143782138,1333
0.325,5.672320068981571,1791
0.325,5.8468529941810035,2451
0.325,6.021385919380437,3645
0.325,6.19591884457987,5096
0.335,0.08726646259971647,7710
0.335,0.2617993877991494,10501
0.335,0.4363323129985824,14201
0.335,0.6108652381980153,18469
0.335,0.7853981633974483,22703
0.335,0.9599310885968811,27344
0.335,1.1344640137963142,31276
0.335,1.308996938995747,34453
0.335,1.4835298641951802,36008
0.335,1.658062789394613,35791
0.335,1.8325957145940461,33610
0.335,2.007128639793479,30953
0.335,2.181661564992912,27470
0.335,2.356194490192345,22782
0.335,2.530727415391778,18084
0.335,2.705260340591211,14195
0.335,2.879793265790644,10635
0.335,3.0543261909900767,7570
0.335,3.2288591161895095,5325
0.335,3.4033920413889422,3787
0.335,3.577924966588375,2628
0.335,3.752457891787808,1813
0.335,3.9269908169872414,1428
0.335,4.101523742186675,1058
0.335,4.276056667386107,843
0.335,4.4505895925855405,750
0.335,4.625122517784973,744
0.335,4.799655442984406,717
0.335,4.974188368183839,762
0.335,5.148721293383272,870
0.335,5.323254218582705,1042
0.335,5.497787143782138,1395
0.335,5.672320068981571,1837
0.335,5.8468529941810035,2719
0.335,6.021385919380437,3782
0.335,6.19591884457987,5522
0.345,0.08726646259971647,8054
0.345,0.2617993877991494,11353
0.345,0.4363323129985824,15082
0.345,0.6108652381980153,19345
0.345,0.7853981633974483,24132
0.345,0.9599310885968811,28564
0.345,1.1344640137963142,32643
0.345,1.308996938995747,35858
0.345,1.4835298641951802,37357
0.345,1.658062789394613,37631
0.345,1.8325957145940461,35780
0.345,2.007128639793479,32548
0.345,2.181661564992912,28496
0.345,2.356194490192345,24335
0.345,2.530727415391778,19215
0.345,2.705260340591211,14852
0.345,2.879793265790644,10883
0.345,3.0543261909900767,8020
0.345,3.2288591161895095,5629
0.345,3.4033920413889422,3994
0.345,3.577924966588375,2763
0.345,3.752457891787808,1932
0.345,3.9269908169872414,1410
0.345,4.101523742186675,1067
0.345,4.276056667386107,902
0.345,4.4505895925855405,745
0.345,4.625122517784973,690
0.345,4.799655442984406,675
0.345,4.974188368183839,796
0.345,5.148721293383272,901
0.345,5.323254218582705,1079
0.345,5.497787143782138,1508
0.345,5.672320068981571,1967
0.345,5.8468529941810035,2776
0.345,6.021385919380437,3901
0.345,6.19591884457987,5755
0.355,0.08726646259971647,8528
0.355,0.2617993877991494,11692
0.355,0.4363323129985824,15643
0.355,0.6108652381980153,20220
0.355,0.7853981633974483,25109
0.355,0.9599310885968811,29760
0.355,1.1344640137963142,34487
0.355,1.308996938995747,37566
0.355,1.4835298641951802,38776
0.355,1.658062789394613,39023
0.355,1.8325957145940461,37458
0.355,2.007128639793479,34275
0.355,2.181661564992912,29900
0.355,2.356194490192345,25481
0.355,2.530727415391778,20491
0.355,2.705260340591211,15699
0.355,2.879793265790644,11842
0.355,3.0543261909900767,8123
0.355,3.2288591161895095,5748
0.355,3.4033920413889422,4138
0.355,3.577924966588375,2858
0.355,3.752457891787808,1987
0.355,3.9269908169872414,1557
0.355,4.101523742186675,1137
0.355,4.276056667386107,929
0.355,4.4505895925855405,797
0.355,4.625122517784973,694
0.355,4.799655442984406,706
0.355,4.974188368183839,781
0.355,5.148721293383272,898
0.355,5.323254218582705,1192
0.355,5.497787143782138,1483
0.355,5.672320068981571,2062
0.355,5.8468529941810035,2916
0.355,6.021385919380437,4017
0.355,6.19591884457987,6051
0.365,0.08726646259971647,8778
0.365,0.2617993877991494,12232
0.365,0.4363323129985824,16425
0.365,0.6108652381980153,21454
0.365,0.7853981633974483,26135
0.365,0.9599310885968811,31274
0.365,1.1344640137963142,36106
0.365,1.308996938995747,39342
0.365,1.4835298641951802,40976
0.365,1.658062789394613,41128
0.365,1.8325957145940461,39570
0.365,2.007128639793479,36064
0.365,2.181661564992912,31741
0.365,2.356194490192345,26581
0.365,2.530727415391778,21396
0.365,2.705260340591211,16335
0.365,2.879793265790644,12151
0.365,3.0543261909900767,8761
0.365,3.2288591161895095,6247
0.365,3.4033920413889422,4382
0.365,3.577924966588375,2986
0.365,3.752457891787808,2158
0.365,3.9269908169872414,1619
0.365,4.101523742186675,1236
0.365,4.276056667386107,1029
0.365,4.4505895925855405,846
0.365,4.625122517784973,791
0.365,4.799655442984406,747
0.365,4.974188368183839,867
0.365,5.148721293383272,928
0.365,5.323254218582705,1200
0.365,5.497787143782138,1525
0.365,5.672320068981571,2111
0.365,5.8468529941810035,2944
0.365,6.021385919380437,4311
0.365,6.19591884457987,6191
0.375,0.08726646259971647,9429
0.375,0.2617993877991494,12804
0.375,0.4363323129985824,17117
0.375,0.6108652381980153,22047
0.375,0.7853981633974483,27663
0.375,0.9599310885968811,32700
0.375,1.1344640137963142,37644
0.375,1.308996938995747,40997
0.375,1.4835298641951802,43018
0.375,1.658062789394613,42536
0.375,1.8325957145940461,41293
0.375,2.007128639793479,37369
0.375,2.181661564992912,33140
0.375,2.356194490192345,27570
0.375,2.530727415391778,22460
0.375,2.705260340591211,17242
0.375,2.879793265790644,12867
0.375,3.0543261909900767,9303
0.375,3.2288591161895095,6611
0.375,3.4033920413889422,4532
0.375,3.577924966588375,3119
0.375,3.752457891787808,2139
0.375,3.9269908169872414,1648
0.375,4.101523742186675,1248
0.375,4.276056667386107,1057
0.375,4.4505895925855405,862
0.375,4.625122517784973,880
0.375,4.799655442984406,823
0.375,4.974188368183839,888
0.375,5.148721293383272,1023
0.375,5.323254218582705,1236
0.375,5.497787143782138,1670
0.375,5.672320068981571,2332
0.375,5.8468529941810035,3144
0.375,6.021385919380437,4329
0.375,6.19591884457987,6536
0.385,0.08726646259971647,9680
0.385,0.2617993877991494,13698
0.385,0.4363323129985824,17991
0.385,0.6108652381980153,23286
0.385,0.7853981633974483,29368
0.385,0.9599310885968811,34607
0.385,1.1344640137963142,39474
0.385,1.308996938995747,43697
0.385,1.4835298641951802,45325
0.385,1.658062789394613,45176
0.385,1.8325957145940461,43267
0.385,2.007128639793479,39305
0.385,2.181661564992912,34569
0.385,2.356194490192345,28859
0.385,2.530727415391778,23471
0.385,2.705260340591211,17998
0.385,2.879793265790644,13479
0.385,3.0543261909900767,9738
0.385,3.2288591161895095,6898
0.385,3.4033920413889422,4701
0.385,3.577924966588375,3254
0.385,3.752457891787808,2406
0.385,3.9269908169872414,1650
0.385,4.101523742186675,1297
0.385,4.276056667386107,1107
0.385,4.4505895925855405,919
0.385,4.625122517784973,815
0.385,4.799655442984406,800
0.385,4.974188368183839,913
0.385,5.148721293383272,1005
0.385,5.323254218582705,1329
0.385,5.497787143782138,1714
0.385,5.672320068981571,2426
0.385,5.8468529941810035,3344
0.385,6.021385919380437,4753
0.385,6.19591884457987,6894
0.395,0.08726646259971647,10507
0.395,0.2617993877991494,14366
0.395,0.4363323129985824,19392
0.395,0.6108652381980153,24667
0.395,0.7853981633974483,31011
0.395,0.9599310885968811,36809
0.395,1.1344640137963142,42097
0.395,1.308996938995747,45695
0.395,1.4835298641951802,47835
0.395,1.658062789394613,47016
0.395,1.8325957145940461,45591
0.395,2.007128639793479,41474
0.395,2.181661564992912,36407
0.395,2.356194490192345,30765
0.395,2.530727415391778,24462
0.395,2.705260340591211,19126
0.395,2.879793265790644,14255
0.395,3.0543261909900767,10258
0.395,3.2288591161895095,7359
0.395,3.4033920413889422,5123
0.395,3.577924966588375,3533
0.395,3.752457891787808,2427
0.395,3.9269908169872414,1913
0.395,4.101523742186675,1324
0.395,4.276056667386107,1132
0.395,4.4505895925855405,971
0.395,4.625122517784973,852
0.395,4.799655442984406,851
0.395,4.974188368183839,909
0.395,5.148721293383272,1105
0.395,5.323254218582705,1364
0.395,5.497787143782138,1864
0.395,5.672320068981571,2423
0.395,5.8468529941810035,3530
0.395,6.021385919380437,4948
0.395,6.19591884457987,7210
0.405,0.08726646259971647,11057
0.405,0.2617993877991494,15210
0.405,0.4363323129985824,20289
0.405,0.6108652381980153,25955
0.405,0.7853981633974483,32548
0.405,0.9599310885968811,38883
0.405,1.1344640137963142,44035
0.405,1.308996938995747,48517
0.405,1.4835298641951802,50523
0.405,1.658062789394613,50603
0.405,1.8325957145940461,48704
0.405,2.007128639793479,44061
0.405,2.181661564992912,38762
0.405,2.356194490192345,32544
0.405,2.530727415391778,26496
0.405,2.705260340591211,20290
0.405,2.879793265790644,14861
0.405,3.0543261909900767,10852
0.405,3.2288591161895095,7730
0.405,3.4033920413889422,5270
0.405,3.577924966588375,3602
0.405,3.752457891787808,2581
0.405,3.9269908169872414,1975
0.405,4.101523742186675,1490
0.405,4.276056667386107,1272
0.405,4.4505895925855405,1030
0.405,4.625122517784973,914
0.405,4.799655442984406,968
0.405,4.974188368183839,959
0.405,5.148721293383272,1203
0.405,5.323254218582705,1464
0.405,5.497787143782138,1930
0.405,5.672320068981571,2737
0.405,5.8468529941810035,3858
0.405,6.021385919380437,5515
0.405,6.19591884457987,7629
0.415,0.08726646259971647,11666
0.415,0.2617993877991494,16131
0.415,0.4363323129985824,21704
0.415,0.6108652381980153,27674
0.415,0.7853981633974483,34806
0.415,0.9599310885968811,41104
0.415,1.1344640137963142,47220
0.415,1.308996938995747,51438
0.415,1.4835298641951802,54118
0.415,1.658062789394613,53847
0.415,1.8325957145940461,51136
0.415,2.007128639793479,46724
0.415,2.181661564992912,41392
0.415,2.356194490192345,34668
0.415,2.530727415391778,27952
0.415,2.705260340591211,21725
0.415,2.879793265790644,16011
0.415,3.0543261909900767,11577
0.415,3.2288591161895095,7871
0.415,3.4033920413889422,5731
0.415,3.577924966588375,4059
0.415,3.752457891787808,2747
0.415,3.9269908169872414,2066
0.415,4.101523742186675,1539
0.415,4.276056667386107,1279
0.415,4.4505895925855405,1061
0.415,4.625122517784973,964
0.415,4.799655442984406,983
0.415,4.974188368183839,1034
0.415,5.148721293383272,1244
0.415,5.323254218582705,1522
0.415,5.497787143782138,2123
0.415,5.672320068981571,2886
0.415,5.8468529941810035,3958
0.415,6.021385919380437,5618
0.415,6.19591884457987,8145
0.425,0.08726646259971647,12346
0.425,0.2617993877991494,17319
0.425,0.4363323129985824,22885
0.425,0.6108652381980153,29458
0.425,0.7853981633974483,36983
0.425,0.9599310885968811,43790
0.425,1.1344640137963142,49976
0.425,1.308996938995747,54603
0.425,1.4835298641951802,56701
0.425,1.658062789394613,57282
0.425,1.8325957145940461,55070
0.425,2.007128639793479,50070
0.425,2.181661564992912,43524
0.425,2.356194490192345,36751
0.425,2.530727415391778,29894
0.425,2.705260340591211,23000
0.425,2.879793265790644,16854
0.425,3.0543261909900767,12341
0.425,3.2288591161895095,8749
0.425,3.4033920413889422,6055
0.425,3.577924966588375,4259
0.425,3.752457891787808,3063
0.425,3.9269908169872414,2174
0.425,4.101523742186675,1583
0.425,4.276056667386107,1363
0.425,4.4505895925855405,1190
0.425,4.625122517784973,1055
0.425,4.799655442984406,1045
0.425,4.974188368183839,1099
0.425,5.148721293383272,1339
0.425,5.323254218582705,1632
0.425,5.497787143782138,2219
0.425,5.672320068981571,3086
0.425,5.8468529941810035,4206
0.425,6.021385919380437,6166
0.425,6.19591884457987,8552
0.435,0.08726646259971647,13146
0.435,0.2617993877991494,18301
0.435,0.4363323129985824,24217
0.435,0.6108652381980153,31686
0.435,0.7853981633974483,38951
0.435,0.9599310885968811,46513
0.435,1.1344640137963142,53045
0.435,1.308996938995747,58233
0.435,1.4835298641951802,60632
0.435,1.658062789394613,59984
0.435,1.8325957145940461,58015
0.435,2.007128639793479,52954
0.435,2.181661564992912,46359
0.435,2.356194490192345,39186
0.435,2.530727415391778,31347
0.435,2.705260340591211,24403
0.435,2.879793265790644,17861
0.435,3.0543261909900767,13126
0.435,3.2288591161895095,9312
0.435,3.4033920413889422,6344
0.435,3.577924966588375,4540
0.435,3.752457891787808,3188
0.435,3.9269908169872414,2334
0.435,4.101523742186675,1865
0.435,4.276056667386107,1399
0.435,4.4505895925855405,1212
0.435,4.625122517784973,1139
0.435,4.799655442984406,1128
0.435,4.974188368183839,1209
0.435,5.148721293383272,1540
0.435,5.323254218582705,1829
0.435,5.497787143782138,2389
0.435,5.672320068981571,3250
0.435,5.8468529941810035,4590
0.435,6.021385919380437,6542
0.435,6.19591884457987,9384
0.445,0.08726646259971647,14379
0.445,0.2617993877991494,19708
0.445,0.4363323129985824,26029
0.445,0.6108652381980153,33626
0.445,0.7853981633974483,41342
0.445,0.9599310885968811,49334
0.445,1.1344640137963142,56450
0.445,1.308996938995747,60978
0.445,1.4835298641951802,64152
0.445,1.658062789394613,64033
0.445,1.8325957145940461,61633
0.445,2.007128639793479,56060
0.445,2.181661564992912,49523
0.445,2.356194490192345,41405
0.445,2.530727415391778,33156
0.445,2.705260340591211,25768
0.445,2.879793265790644,19419
0.445,3.0543261909900767,13636
0.445,3.2288591161895095,9750
0.445,3.4033920413889422,6995
0.445,3.577924966588375,4611
0.445,3.752457891787808,3338
0.445,3.9269908169872414,2464
0.445,4.101523742186675,1911
0.445,4.276056667386107,1544
0.445,4.4505895925855405,1280
0.445,4.625122517784973,1187
0.445,4.799655442984406,1142
0.445,4.974188368183839,1349
0.445,5.148721293383272,1674
0.445,5.323254218582705,1896
0.445,5.497787143782138,2528
0.445,5.672320068981571,3484
0.445,5.8468529941810035,4867
0.445,6.021385919380437,7102
0.445,6.19591884457987,10060
0.455,0.08726646259971647,15246
0.455,0.2617993877991494,20868
0.455,0.4363323129985824,27807
0.455,0.6108652381980153,35981
0.455,0.7853981633974483,44067
0.455,0.9599310885968811,52482
0.455,1.1344640137963142,59904
0.455,1.308996938995747,65319
0.455,1.4835298641951802,67932
0.455,1.658062789394613,68317
0.455,1.8325957145940461,65251
0.455,2.007128639793479,59836
0.455,2.181661564992912,52280
0.455,2.356194490192345,44072
0.455,2.530727415391778,35125
0.455,2.705260340591211,27408
0.455,2.879793265790644,20372
0.455,3.0543261909900767,14620
0.455,3.2288591161895095,10552
0.455,3.4033920413889422,7230
0.455,3.577924966588375,5106
0.455,3.752457891787808,3597
0.455,3.9269908169872414,2508
0.455,4.101523742186675,1954
0.455,4.276056667386107,1599
0.455,4.4505895925855405,1441
0.455,4.625122517784973,1289
0.455,4.799655442984406,1261
0.455,4.974188368183839,1499
0.455,5.148721293383272,1693
0.455,5.323254218582705,2046
0.455,5.497787143782138,2664
0.455,5.672320068981571,3610
0.455,5.8468529941810035,5302
0.455,6.021385919380437,7460
0.455,6.19591884457987,10666
0.465,0.08726646259971647,15909
0.465,0.2617993877991494,21838
0.465,0.4363323129985824,29419
0.465,0.6108652381980153,37767
0.465,0.7853981633974483,47412
0.465,0.9599310885968811,55912
0.465,1.1344640137963142,64123
0.465,1.308996938995747,69495
0.465,1.4835298641951802,72365
0.465,1.658062789394613,72391
0.465,1.8325957145940461,69414
0.465,2.007128639793479,63899
0.465,2.181661564992912,55338
0.465,2.356194490192345,46620
0.465,2.530727415391778,37335
0.465,2.705260340591211,29100
0.465,2.879793265790644,21679
0.465,3.0543261909900767,15697
0.465,3.2288591161895095,11095
0.465,3.4033920413889422,7757
0.465,3.577924966588375,5373
0.465,3.752457891787808,3802
0.465,3.9269908169872414,2809
0.465,4.101523742186675,2189
0.465,4.276056667386107,1723
0.465,4.4505895925855405,1564
0.465,4.625122517784973,1306
0.465,4.799655442984406,1336
0.465,4.974188368183839,1501
0.465,5.148721293383272,1649
0.465,5.323254218582705,2150
0.465,5.497787143782138,2881
0.465,5.672320068981571,3972
0.465,5.8468529941810035,5525
0.465,6.021385919380437,7874
0.465,6.19591884457987,11103
0.475,0.08726646259971647,16636
0.475,0.2617993877991494,23201
0.475,0.4363323129985824,31032
0.475,0.6108652381980153,39809
0.475,0.7853981633974483,50207
0.475,0.9599310885968811,58878
0.475,1.1344640137963142,67908
0.475,1.308996938995747,73490
0.475,1.4835298641951802,77185
0.475,1.658062789394613,77167
0.475,1.8325957145940461,73769
0.475,2.007128639793479,67745
0.475,2.181661564992912,59532
0.475,2.356194490192345,49655
0.475,2.530727415391778,40348
0.475,2.705260340591211,31047
0.475,2.879793265790644,23254
0.475,3.0543261909900767,16757
0.475,3.2288591161895095,11773
0.475,3.4033920413889422,8289
0.475,3.577924966588375,5599
0.475,3.752457891787808,3950
0.475,3.9269908169872414,2942
0.475,4.101523742186675,2262
0.475,4.276056667386107,1802
0.475,4.4505895925855405,1609
0.475,4.625122517784973,1560
0.475,4.799655442984406,1448
0.475,4.974188368183839,1566
0.475,5.148721293383272,1855
0.475,5.323254218582705,2227
0.475,5.497787143782138,2950
0.475,5.672320068981571,4068
0.475,5.8468529941810035,5814
0.475,6.021385919380437,8338
0.475,6.19591884457987,11825
0.485,0.08726646259971647,17847
0.485,0.2617993877991494,24500
0.485,0.4363323129985824,33020
0.485,0.6108652381980153,42900
0.485,0.7853981633974483,52843
0.485,0.9599310885968811,62867
0.485,1.1344640137963142,72266
0.485,1.308996938995747,78401
0.485,1.4835298641951802,82103
0.485,1.658062789394613,82208
0.485,1.8325957145940461,78536
0.485,2.007128639793479,71767
0.485,2.181661564992912,63528
0.485,2.356194490192345,52707
0.485,2.530727415391778,42578
0.485,2.705260340591211,33208
0.485,2.879793265790644,24449
0.485,3.0543261909900767,17988
0.485,3.2288591161895095,12615
0.485,3.4033920413889422,8647
0.485,3.577924966588375,5950
0.485,3.752457891787808,4382
0.485,3.9269908169872414,3086
0.485,4.101523742186675,2468
0.485,4.276056667386107,1938
0.485,4.4505895925855405,1593
0.485,4.625122517784973,1504
0.485,4.799655442984406,1570
0.485,4.974188368183839,1593
0.485,5.148721293383272,1945
0.485,5.323254218582705,2488
0.485,5.497787143782138,3151
0.485,5.672320068981571,4337
0.485,5.8468529941810035,6108
0.485,6.021385919380437,8873
0.485,6.19591884457987,12550
0.495,0.08726646259971647,18922
0.495,0.2617993877991494,26064
0.495,0.4363323129985824,35104
0.495,0.6108652381980153,45339
0.495,0.7853981633974483,56573
0.495,0.9599310885968811,67283
0.495,1.1344640137963142,76023
0.495,1.308996938995747,83611
0.495,1.4835298641951802,87635
0.495,1.658062789394613,86935
0.495,1.8325957145940461,83890
0.495,2.007128639793479,76208
0.495,2.181661564992912,67201
0.495,2.356194490192345,56284
0.495,2.530727415391778,45175
0.495,2.705260340591211,35072
0.495,2.879793265790644,26458
0.495,3.0543261909900767,18743
0.495,3.2288591161895095,13329
0.495,3.4033920413889422,9228
0.495,3.577924966588375,6475
0.495,3.752457891787808,4451
0.495,3.9269908169872414,3251
0.495,4.101523742186675,2460
0.495,4.276056667386107,2065
0.495,4.4505895925855405,1671
0.495,4.625122517784973,1572
0.495,4.799655442984406,1587
0.495,4.974188368183839,1730
0.495,5.148721293383272,2048
0.495,5.323254218582705,2475
0.495,5.497787143782138,3345
0.495,5.672320068981571,4577
0.495,5.8468529941810035,6483
0.495,6.021385919380437,9178
0.495,6.19591884457987,13500
0.505,0.08726646259971647,19989
0.505,0.2617993877991494,27693
0.505,0.4363323129985824,36985
0.505,0.6108652381980153,48083
0.505,0.7853981633974483,59557
0.505,0.9599310885968811,70711
0.505,1.1344640137963142,81746
0.505,1.308996938995747,88146
0.505,1.4835298641951802,93125
0.505,1.658062789394613,92653
0.505,1.8325957145940461,89556
0.505,2.007128639793479,81352
0.505,2.181661564992912,71598
0.505,2.356194490192345,60164
0.505,2.530727415391778,48423
0.505,2.705260340591211,37356
0.505,2.879793265790644,28015
0.505,3.0543261909900767,20332
0.505,3.2288591161895095,14068
0.505,3.4033920413889422,9844
0.505,3.577924966588375,6758
0.505,3.752457891787808,4929
0.505,3.9269908169872414,3558
0.505,4.101523742186675,2706
0.505,4.276056667386107,2151
0.505,4.4505895925855405,1859
0.505,4.625122517784973,1674
0.505,4.799655442984406,1686
0.505,4.974188368183839,1869
0.505,5.148721293383272,2196
0.505,5.323254218582705,2623
0.505,5.497787143782138,3544
0.505,5.672320068981571,4919
0.505,5.8468529941810035,6919
0.505,6.021385919380437,9816
0.505,6.19591884457987,14248
0.515,0.08726646259971647,21276
0.515,0.2617993877991494,29127
0.515,0.4363323129985824,39383
0.515,0.6108652381980153,50890
0.515,0.7853981633974483,62983
0.515,0.9599310885968811,75542
0.515,1.1344640137963142,86371
0.515,1.308996938995747,93966
0.515,1.4835298641951802,98234
0.515,1.658062789394613,98428
0.515,1.8325957145940461,94761
0.515,2.007128639793479,86458
0.515,2.181661564992912,75565
0.515,2.356194490192345,63342
0.515,2.530727415391778,50822
0.515,2.705260340591211,39658
0.515,2.879793265790644,29206
0.515,3.0543261909900767,21034
0.515,3.2288591161895095,14934
0.515,3.4033920413889422,10313
0.515,3.577924966588375,7043
0.515,3.752457891787808,5029
0.515,3.9269908169872414,3719
0.515,4.101523742186675,2778
0.515,4.276056667386107,2196
0.515,4.4505895925855405,1968
0.515,4.625122517784973,1847
0.515,4.799655442984406,1812
0.515,4.974188368183839,2025
0.515,5.148721293383272,2263
0.515,5.323254218582705,2791
0.515,5.497787143782138,3746
0.515,5.672320068981571,5389
0.515,5.8468529941810035,7186
0.515,6.021385919380437,10292
0.515,6.19591884457987,15029
0.525,0.08726646259971647,22272
0.525,0.2617993877991494,30840
0.525,0.4363323129985824,41053
0.525,0.6108652381980153,53681
0.525,0.7853981633974483,67117
0.525,0.9599310885968811,79806
0.525,1.1344640137963142,91657
0.525,1.308996938995747,99918
0.525,1.4835298641951802,104205
0.525,1.658062789394613,104554
0.525,1.8325957145940461,100176
0.525,2.007128639793479,92032
0.525,2.181661564992912,79326
0.525,2.356194490192345,67203
0.525,2.530727415391778,54326
0.525,2.705260340591211,41496
0.525,2.879793265790644,31008
0.525,3.0543261909900767,22040
0.525,3.2288591161895095,15837
0.525,3.4033920413889422,10762
0.525,3.577924966588375,7601
0.525,3.752457891787808,5354
0.525,3.9269908169872414,3901
0.525,4.101523742186675,2954
0.525,4.276056667386107,2441
0.525,4.4505895925855405,2079
0.525,4.625122517784973,2003
0.525,4.799655442984406,1966
0.525,4.974188368183839,2110
0.525,5.148721293383272,2486
0.525,5.323254218582705,3135
0.525,5.497787143782138,4027
0.525,5.672320068981571,5402
0.525,5.8468529941810035,7555
0.525,6.021385919380437,11062
0.525,6.19591884457987,15673
0.535,0.08726646259971647,23537
0.535,0.2617993877991494,32687
0.535,0.4363323129985824,44052
0.535,0.6108652381980153,56800
0.535,0.7853981633974483,70659
0.535,0.9599310885968811,84969
0.535,1.1344640137963142,96079
0.535,1.308996938995747,105454
0.535,1.4835298641951802,110612
0.535,1.658062789394613,110283
0.535,1.8325957145940461,105602
0.535,2.007128639793479,96042
0.535,2.181661564992912,84050
0.535,2.356194490192345,70270
0.535,2.530727415391778,57212
0.535,2.705260340591211,43721
0.535,2.879793265790644,32747
0.535,3.0543261909900767,23588
0.535,3.2288591161895095,16594
0.535,3.4033920413889422,11492
0.535,3.577924966588375,8069
0.535,3.752457891787808,5660
0.535,3.9269908169872414,4110
0.535,4.101523742186675,3175
0.535,4.276056667386107,2526
0.535,4.4505895925855405,2177
0.535,4.625122517784973,2077
0.535,4.799655442984406,2090
0.535,4.974188368183839,2324
0.535,5.148721293383272,2569
0.535,5.323254218582705,3321
0.535,5.497787143782138,4151
0.535,5.672320068981571,5659
0.535,5.8468529941810035,8089
0.535,6.021385919380437,11494
0.535,6.19591884457987,16612
0.545,0.08726646259971647,24694
0.545,0.2617993877991494,34254
0.545,0.4363323129985824,45952
0.545,0.6108652381980153,59710
0.545,0.7853981633974483,74499
0.545,0.9599310885968811,88704
0.545,1.1344640137963142,101710
0.545,1.308996938995747,111490
0.545,1.4835298641951802,116042
0.545,1.658062789394613,116112
0.545,1.8325957145940461,110730
0.545,2.007128639793479,100902
0.545,2.181661564992912,88909
0.545,2.356194490192345,74424
0.545,2.530727415391778,59265
0.545,2.705260340591211,45801
0.545,2.879793265790644,33920
0.545,3.0543261909900767,24648
0.545,3.2288591161895095,17553
0.545,3.4033920413889422,12395
0.545,3.577924966588375,8448
0.545,3.752457891787808,6079
0.545,3.9269908169872414,4397
0.545,4.101523742186675,3399
0.545,4.276056667386107,2779
0.545,4.4505895925855405,2321
0.545,4.625122517784973,2145
0.545,4.799655442984406,2155
0.545,4.974188368183839,2308
0.545,5.148721293383272,2743
0.545,5.323254218582705,3396
0.545,5.497787143782138,4408
0.545,5.672320068981571,6004
0.545,5.8468529941810035,8382
0.545,6.021385919380437,12259
0.545,6.19591884457987,17606
0.555,0.08726646259971647,26020
0.555,0.2617993877991494,35867
0.555,0.4363323129985824,48133
0.555,0.6108652381980153,62630
0.555,0.7853981633974483,77982
0.555,0.9599310885968811,92997
0.555,1.1344640137963142,106545
0.555,1.308996938995747,116148
0.555,1.4835298641951802,120640
0.555,1.658062789394613,120307
0.555,1.8325957145940461,115737
0.555,2.007128639793479,105730
0.555,2.181661564992912,91865
0.555,2.356194490192345,77370
0.555,2.530727415391778,62200
0.555,2.705260340591211,47784
0.555,2.879793265790644,35378
0.555,3.0543261909900767,25657
0.555,3.2288591161895095,18116
0.555,3.4033920413889422,12696
0.555,3.577924966588375,8717
0.555,3.752457891787808,6292
0.555,3.9269908169872414,4640
0.555,4.101523742186675,3421
0.555,4.276056667386107,2871
0.555,4.4505895925855405,2420
0.555,4.625122517784973,2305
0.555,4.799655442984406,2279
0.555,4.974188368183839,2562
0.555,5.148721293383272,2889
0.555,5.323254218582705,3435
0.555,5.497787143782138,4541
0.555,5.672320068981571,6315
0.555,5.8468529941810035,8809
0.555,6.021385919380437,12981
0.555,6.19591884457987,18235
0.565,0.08726646259971647,27059
0.565,0.2617993877991494,37335
0.565,0.4363323129985824,49934
0.565,0.6108652381980153,65357
0.565,0.7853981633974483,81005
0.565,0.9599310885968811,97225
0.565,1.1344640137963142,111466
0.565,1.308996938995747,120788
0.565,1.4835298641951802,126785
0.565,1.658062789394613,126270
0.565,1.8325957145940461,120725
0.565,2.007128639793479,110606
0.565,2.181661564992912,95587
0.565,2.356194490192345,80003
0.565,2.530727415391778,63905
0.565,2.705260340591211,50059
0.565,2.879793265790644,36822
0.565,3.0543261909900767,26753
0.565,3.2288591161895095,18959
0.565,3.4033920413889422,13326
0.565,3.577924966588375,9423
0.565,3.752457891787808,6716
0.565,3.9269908169872414,4747
0.565,4.101523742186675,3624
0.565,4.276056667386107,2980
0.565,4.4505895925855405,2506
0.565,4.625122517784973,2278
0.565,4.799655442984406,2325
0.565,4.974188368183839,2628
0.565,5.148721293383272,2977
0.565,5.323254218582705,3611
0.565,5.497787143782138,4789
0.565,5.672320068981571,6668
0.565,5.8468529941810035,9582
0.565,6.021385919380437,13090
0.565,6.19591884457987,19174
0.575,0.08726646259971647,28127
0.575,0.2617993877991494,38276
0.575,0.4363323129985824,52124
0.575,0.6108652381980153,67434
0.575,0.7853981633974483,83764
0.575,0.9599310885968811,99873
0.575,1.1344640137963142,115277
0.575,1.308996938995747,126238
0.575,1.4835298641951802,132179
0.575,1.658062789394613,132152
0.575,1.8325957145940461,126219
0.575,2.007128639793479,114964
0.575,2.181661564992912,100463
0.575,2.356194490192345,83866
0.575,2.530727415391778,66707
0.575,2.705260340591211,52097
0.575,2.879793265790644,38486
0.575,3.0543261909900767,28130
0.575,3.2288591161895095,19686
0.575,3.4033920413889422,13826
0.575,3.577924966588375,9690
0.575,3.752457891787808,6747
0.575,3.9269908169872414,5058
0.575,4.101523742186675,3902
0.575,4.276056667386107,3068
0.575,4.4505895925855405,2645
0.575,4.625122517784973,2377
0.575,4.799655442984406,2361
0.575,4.974188368183839,2741
0.575,5.148721293383272,3045
0.575,5.323254218582705,3807
0.575,5.497787143782138,5042
0.575,5.672320068981571,6917
0.575,5.8468529941810035,9623
0.575,6.021385919380437,13741
0.575,6.19591884457987,19915
0.585,0.08726646259971647,28701
0.585,0.2617993877991494,39545
0.585,0.4363323129985824,53223
0.585,0.6108652381980153,68510
0.585,0.7853981633974483,86943
0.585,0.9599310885968811,103081
0.585,1.1344640137963142,118922
0.585,1.308996938995747,131035
0.585,1.4835298641951802,137194
0.585,1.658062789394613,137608
0.585,1.8325957145940461,131423
0.585,2.007128639793479,119234
0.585,2.181661564992912,103497
0.585,2.356194490192345,86531
0.585,2.530727415391778,68861
0.585,2.705260340591211,53233
0.585,2.879793265790644,39139
0.585,3.0543261909900767,28788
0.585,3.2288591161895095,20346
0.585,3.4033920413889422,14195
0.585,3.577924966588375,9629
0.585,3.752457891787808,7143
0.585,3.9269908169872414,5315
0.585,4.101523742186675,4014
0.585,4.276056667386107,3152
0.585,4.4505895925855405,2817
0.585,4.625122517784973,2548
0.585,4.799655442984406,2520
0.585,4.974188368183839,2749
0.585,5.148721293383272,3267
0.585,5.323254218582705,3907
0.585,5.497787143782138,5071
0.585,5.672320068981571,7130
0.585,5.8468529941810035,10091
0.585,6.021385919380437,14357
0.585,6.19591884457987,20237
0.595,0.08726646259971647,29149
0.595,0.2617993877991494,40876
0.595,0.4363323129985824,55049
0.595,0.6108652381980153,70875
0.595,0.7853981633974483,89145
0.595,0.9599310885968811,106807
0.595,1.1344640137963142,122677
0.595,1.308996938995747,134929
0.595,1.4835298641951802,141852
0.595,1.658062789394613,142090
0.595,1.8325957145940461,135471
0.595,2.007128639793479,123381
0.595,2.181661564992912,106422
0.595,2.356194490192345,88916
0.595,2.530727415391778,70703
0.595,2.705260340591211,54706
0.595,2.879793265790644,40471
0.595,3.0543261909900767,28971
0.595,3.2288591161895095,20885
0.595,3.4033920413889422,14464
0.595,3.577924966588375,10153
0.595,3.752457891787808,7207
0.595,3.9269908169872414,5267
0.595,4.101523742186675,4133
0.595,4.276056667386107,3398
0.595,4.4505895925855405,2849
0.595,4.625122517784973,2674
0.595,4.799655442984406,2623
0.595,4.974188368183839,2868
0.595,5.148721293383272,3304
0.595,5.323254218582705,4127
0.595,5.497787143782138,5263
0.595,5.672320068981571,7252
0.595,5.8468529941810035,10009
0.595,6.021385919380437,14350
0.595,6.19591884457987,20605
0.605,0.08726646259971647,30112
0.605,0.2617993877991494,41707
0.605,0.4363323129985824,55805
0.605,0.6108652381980153,73041
0.605,0.7853981633974483,90693
0.605,0.9599310885968811,108682
0.605,1.1344640137963142,125562
0.605,1.308996938995747,139325
0.605,1.4835298641951802,144876
0.605,1.658062789394613,145386
0.605,1.8325957145940461,138830
0.605,2.007128639793479,126076
0.605,2.181661564992912,108817
0.605,2.356194490192345,90816
0.605,2.530727415391778,72282
0.605,2.705260340591211,55815
0.605,2.879793265790644,41679
0.605,3.0543261909900767,29785
0.605,3.2288591161895095,21152
0.605,3.4033920413889422,14800
0.605,3.577924966588375,10258
0.605,3.752457891787808,7295
0.605,3.9269908169872414,5518
0.605,4.101523742186675,4148
0.605,4.276056667386107,3359
0.605,4.4505895925855405,2927
0.605,4.625122517784973,2848
0.605,4.799655442984406,2726
0.605,4.974188368183839,2907
0.605,5.148721293383272,3284
0.605,5.323254218582705,4072
0.605,5.497787143782138,5395
0.605,5.672320068981571,7378
0.605,5.8468529941810035,10176
0.605,6.021385919380437,14530
0.605,6.19591884457987,20859
0.615,0.08726646259971647,30055
0.615,0.2617993877991494,42292
0.615,0.4363323129985824,56145
0.615,0.6108652381980153,73613
0.615,0.7853981633974483,92525
0.615,0.9599310885968811,111494
0.615,1.1344640137963142,128208
0.615,1.308996938995747,141172
0.615,1.4835298641951802,148367
0.615,1.658062789394613,148245
0.615,1.8325957145940461,142042
0.615,2.007128639793479,129037
0.615,2.181661564992912,111149
0.615,2.356194490192345,92581
0.615,2.530727415391778,73802
0.615,2.705260340591211,56320
0.615,2.879793265790644,41820
0.615,3.0543261909900767,30226
0.615,3.2288591161895095,21503
0.615,3.4033920413889422,15117
0.615,3.577924966588375,10425
0.615,3.752457891787808,7440
0.615,3.9269908169872414,5366
0.615,4.101523742186675,4250
0.615,4.276056667386107,3447
0.615,4.4505895925855405,3117
0.615,4.625122517784973,2765
0.615,4.799655442984406,2784
0.615,4.974188368183839,2999
0.615,5.148721293383272,3400
0.615,5.323254218582705,4194
0.615,5.497787143782138,5493
0.615,5.672320068981571,7548
0.615,5.8468529941810035,10532
0.615,6.021385919380437,14762
0.615,6.19591884457987,21242
0.625,0.08726646259971647,30344
0.625,0.2617993877991494,42147
0.625,0.4363323129985824,57134
0.625,0.6108652381980153,74331
0.625,0.7853981633974483,93335
0.625,0.9599310885968811,112417
0.625,1.1344640137963142,130961
0.625,1.308996938995747,143964
0.625,1.4835298641951802,150903
0.625,1.658062789394613,151190
0.625,1.8325957145940461,143458
0.625,2.007128639793479,130096
0.625,2.181661564992912,112881
0.625,2.356194490192345,93091
0.625,2.530727415391778,74475
0.625,2.705260340591211,57199
0.625,2.879793265790644,42186
0.625,3.0543261909900767,30698
0.625,3.2288591161895095,21323
0.625,3.4033920413889422,14818
0.625,3.577924966588375,10474
0.625,3.752457891787808,7484
0.625,3.9269908169872414,5426
0.625,4.101523742186675,4351
0.625,4.276056667386107,3454
0.625,4.4505895925855405,2976
0.625,4.625122517784973,2719
0.625,4.799655442984406,2740
0.625,4.974188368183839,2961
0.625,5.148721293383272,3444
0.625,5.323254218582705,4190
0.625,5.497787143782138,5514
0.625,5.672320068981571,7472
0.625,5.8468529941810035,10510
0.625,6.021385919380437,14719
0.625,6.19591884457987,21333
0.635,0.08726646259971647,30141
0.635,0.2617993877991494,41729
0.635,0.4363323129985824,56250
0.635,0.6108652381980153,74173
0.635,0.7853981633974483,93011
0.635,0.9599310885968811,112763
0.635,1.1344640137963142,130806
0.635,1.308996938995747,145730
0.635,1.4835298641951802,152141
0.635,1.658062789394613,152274
0.635,1.8325957145940461,146113
0.635,2.007128639793479,130419
0.635,2.181661564992912,112601
0.635,2.356194490192345,93167
0.635,2.530727415391778,74057
0.635,2.705260340591211,56768
0.635,2.879793265790644,41966
0.635,3.0543261909900767,30287
0.635,3.2288591161895095,21349
0.635,3.4033920413889422,14948
0.635,3.577924966588375,10462
0.635,3.752457891787808,7534
0.635,3.9269908169872414,5524
0.635,4.101523742186675,4365
0.635,4.276056667386107,3486
0.635,4.4505895925855405,3025
0.635,4.625122517784973,2780
0.635,4.799655442984406,2791
0.635,4.974188368183839,3125
0.635,5.148721293383272,3534
0.635,5.323254218582705,4289
0.635,5.497787143782138,5538
0.635,5.672320068981571,7569
0.635,5.8468529941810035,10500
0.635,6.021385919380437,15019
0.635,6.19591884457987,21364
0.645,0.08726646259971647,29578
0.645,0.2617993877991494,41176
0.645,0.4363323129985824,55746
0.645,0.6108652381980153,73147
0.645,0.7853981633974483,92276
0.645,0.9599310885968811,111801
0.645,1.1344640137963142,130451
0.645,1.308996938995747,144905
0.645,1.4835298641951802,152053
0.645,1.658062789394613,152684
0.645,1.8325957145940461,144932
0.645,2.007128639793479,130753
0.645,2.181661564992912,112472
0.645,2.356194490192345,92787
0.645,2.530727415391778,73776
0.645,2.705260340591211,56127
0.645,2.879793265790644,41934
0.645,3.0543261909900767,30253
0.645,3.2288591161895095,21013
0.645,3.4033920413889422,14780
0.645,3.577924966588375,10255
0.645,3.752457891787808,7529
0.645,3.9269908169872414,5459
0.645,4.101523742186675,4288
0.645,4.276056667386107,3523
0.645,4.4505895925855405,3075
0.645,4.625122517784973,2836
0.645,4.799655442984406,2878
0.645,4.974188368183839,3048
0.645,5.148721293383272,3509
0.645,5.323254218582705,4282
0.645,5.497787143782138,5421
0.645,5.672320068981571,7420
0.645,5.8468529941810035,10434
0.645,6.021385919380437,14849
0.645,6.19591884457987,21149
0.655,0.08726646259971647,28726
0.655,0.2617993877991494,40111
0.655,0.4363323129985824,54471
0.655,0.6108652381980153,71427
0.655,0.7853981633974483,90928
0.655,0.9599310885968811,110417
0.655,1.1344640137963142,128765
0.655,1.308996938995747,143657
0.655,1.4835298641951802,150843
0.655,1.658062789394613,150546
0.655,1.8325957145940461,143364
0.655,2.007128639793479,128377
0.655,2.181661564992912,110562
0.655,2.356194490192345,91035
0.655,2.530727415391778,72033
0.655,2.705260340591211,55270
0.655,2.879793265790644,40645
0.655,3.0543261909900767,29301
0.655,3.2288591161895095,20584
0.655,3.4033920413889422,14452
0.655,3.577924966588375,10000
0.655,3.752457891787808,7277
0.655,3.9269908169872414,5482
0.655,4.101523742186675,4306
0.655,4.276056667386107,3532
0.655,4.4505895925855405,3074
0.655,4.625122517784973,2758
0.655,4.799655442984406,2839
0.655,4.974188368183839,3019
0.655,5.148721293383272,3376
0.655,5.323254218582705,4129
0.655,5.497787143782138,5407
0.655,5.672320068981571,7241
0.655,5.8468529941810035,10009
0.655,6.021385919380437,14307
0.655,6.19591884457987,20512
0.665,0.08726646259971647,27730
0.665,0.2617993877991494,38671
0.665,0.4363323129985824,52813
0.665,0.6108652381980153,69788
0.665,0.7853981633974483,87976
0.665,0.9599310885968811,107816
0.665,1.1344640137963142,125754
0.665,1.308996938995747,139334
0.665,1.4835298641951802,148495
0.665,1.658062789394613,148466
0.665,1.8325957145940461,141389
0.665,2.007128639793479,126623
0.665,2.181661564992912,106888
0.665,2.356194490192345,88426
0.665,2.530727415391778,69577
0.665,2.705260340591211,53330
0.665,2.879793265790644,38811
0.665,3.0543261909900767,27938
0.665,3.2288591161895095,19849
0.665,3.4033920413889422,14057
0.665,3.577924966588375,9767
0.665,3.752457891787808,7019
0.665,3.9269908169872414,5403
0.665,4.101523742186675,4060
0.665,4.276056667386107,3321
0.665,4.4505895925855405,3075
0.665,4.625122517784973,2809
0.665,4.799655442984406,2785
0.665,4.974188368183839,3047
0.665,5.148721293383272,3382
0.665,5.323254218582705,4072
0.665,5.497787143782138,5219
0.665,5.672320068981571,7039
0.665,5.8468529941810035,9736
0.665,6.021385919380437,14206
0.665,6.19591884457987,19964
0.675,0.08726646259971647,26641
0.675,0.2617993877991494,36717
0.675,0.4363323129985824,50401
0.675,0.6108652381980153,66429
0.675,0.7853981633974483,84012
0.675,0.9599310885968811,102639
0.675,1.1344640137963142,120961
0.675,1.308996938995747,136019
0.675,1.4835298641951802,143914
0.675,1.658062789394613,143953
0.675,1.8325957145940461,135590
0.675,2.007128639793479,121456
0.675,2.181661564992912,103042
0.675,2.356194490192345,85003
0.675,2.530727415391778,66728
0.675,2.705260340591211,50996
0.675,2.879793265790644,37162
0.675,3.0543261909900767,26842
0.675,3.2288591161895095,18789
0.675,3.4033920413889422,13354
0.675,3.577924966588375,9163
0.675,3.752457891787808,6631
0.675,3.9269908169872414,4990
0.675,4.101523742186675,3972
0.675,4.276056667386107,3333
0.675,4.4505895925855405,2894
0.675,4.625122517784973,2691
0.675,4.799655442984406,2816
0.675,4.974188368183839,2874
0.675,5.148721293383272,3275
0.675,5.323254218582705,3828
0.675,5.497787143782138,5229
0.675,5.672320068981571,6820
0.675,5.8468529941810035,9223
0.675,6.021385919380437,13242
0.675,6.19591884457987,18729
0.685,0.08726646259971647,25182
0.685,0.2617993877991494,34455
0.685,0.4363323129985824,47004
0.685,0.6108652381980153,62581
0.685,0.7853981633974483,79740
0.685,0.9599310885968811,98021
0.685,1.1344640137963142,114491
0.685,1.308996938995747,128911
0.685,1.4835298641951802,136808
0.685,1.658062789394613,137259
0.685,1.8325957145940461,129381
0.685,2.007128639793479,115033
0.685,2.181661564992912,97320
0.685,2.356194490192345,78726
0.685,2.530727415391778,62277
0.685,2.705260340591211,46635
0.685,2.879793265790644,34563
0.685,3.0543261909900767,24596
0.685,3.2288591161895095,17311
0.685,3.4033920413889422,12287
0.685,3.577924966588375,8642
0.685,3.752457891787808,6318
0.685,3.9269908169872414,4818
0.685,4.101523742186675,3673
0.685,4.276056667386107,2950
0.685,4.4505895925855405,2723
0.685,4.625122517784973,2588
0.685,4.799655442984406,2559
0.685,4.974188368183839,2769
0.685,5.148721293383272,3033
0.685,5.323254218582705,3746
0.685,5.497787143782138,4767
0.685,5.672320068981571,6340
0.685,5.8468529941810035,8988
0.685,6.021385919380437,12292
0.685,6.19591884457987,17886
0.695,0.08726646259971647,22719
0.695,0.2617993877991494,32129
0.695,0.4363323129985824,43482
0.695,0.6108652381980153,57525
0.695,0.7853981633974483,73452
0.695,0.9599310885968811,90944
0.695,1.1344640137963142,106908
0.695,1.308996938995747,120578
0.695,1.4835298641951802,128140
0.695,1.658062789394613,128343
0.695,1.8325957145940461,120812
0.695,2.007128639793479,107264
0.695,2.181661564992912,90343
0.695,2.356194490192345,72945
0.695,2.530727415391778,57535
0.695,2.705260340591211,43370
0.695,2.879793265790644,31599
0.695,3.0543261909900767,22509
0.695,3.2288591161895095,15909
0.695,3.4033920413889422,11270
0.695,3.577924966588375,7994
0.695,3.752457891787808,5758
0.695,3.9269908169872414,4357
0.695,4.101523742186675,3374
0.695,4.276056667386107,2849
0.695,4.4505895925855405,2515
0.695,4.625122517784973,2322
0.695,4.799655442984406,2460
0.695,4.974188368183839,2522
0.695,5.148721293383272,2921
0.695,5.323254218582705,3459
0.695,5.497787143782138,4400
0.695,5.672320068981571,5715
0.695,5.8468529941810035,7956
0.695,6.021385919380437,11326
0.695,6.19591884457987,16181
0.705,0.08726646259971647,20432
0.705,0.2617993877991494,28292
0.705,0.4363323129985824,39188
0.705,0.6108652381980153,51552
0.705,0.7853981633974483,66356
0.705,0.9599310885968811,82311
0.705,1.1344640137963142,97920
0.705,1.308996938995747,111263
0.705,1.4835298641951802,117082
0.705,1.658062789394613,117523
0.705,1.8325957145940461,110382
0.705,2.007128639793479,98024
0.705,2.181661564992912,82487
0.705,2.356194490192345,66380
0.705,2.530727415391778,51425
0.705,2.705260340591211,39097
0.705,2.879793265790644,28605
0.705,3.0543261909900767,20539
0.705,3.2288591161895095,14482
0.705,3.4033920413889422,10256
0.705,3.577924966588375,7383
0.705,3.752457891787808,5394
0.705,3.9269908169872414,3947
0.705,4.101523742186675,3095
0.705,4.276056667386107,2562
0.705,4.4505895925855405,2311
0.705,4.625122517784973,2267
0.705,4.799655442984406,2076
0.705,4.974188368183839,2338
0.705,5.148721293383272,2687
0.705,5.323254218582705,3120
0.705,5.497787143782138,3934
0.705,5.672320068981571,5179
0.705,5.8468529941810035,7039
0.705,6.021385919380437,10053
0.705,6.19591884457987,14246
0.715,0.08726646259971647,17735
0.715,0.2617993877991494,24846
0.715,0.4363323129985824,33788
0.715,0.6108652381980153,45399
0.715,0.7853981633974483,58565
0.715,0.9599310885968811,73519
0.715,1.1344640137963142,87374
0.715,1.308996938995747,98352
0.715,1.4835298641951802,104915
0.715,1.658062789394613,105214
0.715,1.8325957145940461,99081
0.715,2.007128639793479,88454
0.715,2.181661564992912,73631
0.715,2.356194490192345,58563
0.715,2.530727415391778,45869
0.715,2.705260340591211,34130
0.715,2.879793265790644,24772
0.715,3.0543261909900767,17751
0.715,3.2288591161895095,12697
0.715,3.4033920413889422,8884
0.715,3.577924966588375,6458
0.715,3.752457891787808,4661
0.715,3.9269908169872414,3518
0.715,4.101523742186675,2898
0.715,4.276056667386107,2326
0.715,4.4505895925855405,2193
0.715,4.625122517784973,1993
0.715,4.799655442984406,2035
0.715,4.974188368183839,2133
0.715,5.148721293383272,2463
0.715,5.323254218582705,2704
0.715,5.497787143782138,3490
0.715,5.672320068981571,4569
0.715,5.8468529941810035,6334
0.715,6.021385919380437,8664
0.715,6.19591884457987,12584
0.725,0.08726646259971647,14900
0.725,0.2617993877991494,20750
0.725,0.4363323129985824,28458
0.725,0.6108652381980153,38512
0.725,0.7853981633974483,50129
0.725,0.9599310885968811,62753
0.725,1.1344640137963142,75235
0.725,1.308996938995747,85990
0.725,1.4835298641951802,91080
0.725,1.658062789394613,90777
0.725,1.8325957145940461,85849
0.725,2.007128639793479,75660
0.725,2.181661564992912,63118
0.725,2.356194490192345,50178
0.725,2.530727415391778,38732
0.725,2.705260340591211,29121
0.725,2.879793265790644,20888
0.725,3.0543261909900767,14990
0.725,3.2288591161895095,10548
0.725,3.4033920413889422,7381
0.725,3.577924966588375,5434
0.725,3.752457891787808,4043
0.725,3.9269908169872414,3033
0.725,4.101523742186675,2407
0.725,4.276056667386107,2059
0.725,4.4505895925855405,1779
0.725,4.625122517784973,1750
0.725,4.799655442984406,1757
0.725,4.974188368183839,1825
0.725,5.148721293383272,2058
0.725,5.323254218582705,2376
0.725,5.497787143782138,2972
0.725,5.672320068981571,4030
0.725,5.8468529941810035,5387
0.725,6.021385919380437,7554
0.725,6.19591884457987,10443
0.735,0.08726646259971647,11756
0.735,0.2617993877991494,16398
0.735,0.4363323129985824,22967
0.735,0.6108652381980153,30906
0.735,0.7853981633974483,40300
0.735,0.9599310885968811,51639
0.735,1.1344640137963142,62163
0.735,1.308996938995747,71436
0.735,1.4835298641951802,75079
0.735,1.658062789394613,75631
0.735,1.8325957145940461,71499
0.735,2.007128639793479,62780
0.735,2.181661564992912,51946
0.735,2.356194490192345,40876
0.735,2.530727415391778,31235
0.735,2.705260340591211,23225
0.735,2.879793265790644,16591
0.735,3.0543261909900767,11965
0.735,3.2288591161895095,8453
0.735,3.4033920413889422,5983
0.735,3.577924966588375,4392
0.735,3.752457891787808,3171
0.735,3.9269908169872414,2469
0.735,4.101523742186675,2062
0.735,4.276056667386107,1782
0.735,4.4505895925855405,1600
0.735,4.625122517784973,1447
0.735,4.799655442984406,1456
0.735,4.974188368183839,1577
0.735,5.148721293383272,1719
0.735,5.323254218582705,2059
0.735,5.497787143782138,2503
0.735,5.672320068981571,3379
0.735,5.8468529941810035,4403
0.735,6.021385919380437,5877
0.735,6.19591884457987,8352
0.745,0.08726646259971647,8714
0.745,0.2617993877991494,12250
0.745,0.4363323129985824,17247
0.745,0.6108652381980153,23445
0.745,0.7853981633974483,31109
0.745,0.9599310885968811,40277
0.745,1.1344640137963142,48735
0.745,1.308996938995747,55524
0.745,1.4835298641951802,58440
0.745,1.658062789394613,58411
0.745,1.8325957145940461,55686
0.745,2.007128639793479,49495
0.745,2.181661564992912,39975
0.745,2.356194490192345,31551
0.745,2.530727415391778,23747
0.745,2.705260340591211,17162
0.745,2.879793265790644,12580
0.745,3.0543261909900767,8939
0.745,3.2288591161895095,6343
0.745,3.4033920413889422,4550
0.745,3.577924966588375,3196
0.745,3.752457891787808,2489
0.745,3.9269908169872414,2017
0.745,4.101523742186675,1690
0.745,4.276056667386107,1470
0.745,4.4505895925855405,1323
0.745,4.625122517784973,1232
0.745,4.799655442984406,1179
0.745,4.974188368183839,1279
0.745,5.148721293383272,1330
0.745,5.323254218582705,1513
0.745,5.497787143782138,2014
0.745,5.672320068981571,2472
0.745,5.8468529941810035,3268
0.745,6.021385919380437,4386
0.745,6.19591884457987,6361
0.755,0.08726646259971647,6083
0.755,0.2617993877991494,8883
0.755,0.4363323129985824,11883
0.755,0.6108652381980153,16755
0.755,0.7853981633974483,22545
0.755,0.9599310885968811,28854
0.755,1.1344640137963142,35219
0.755,1.308996938995747,39695
0.755,1.4835298641951802,41526
0.755,1.658062789394613,41352
0.755,1.8325957145940461,39461
0.755,2.007128639793479,35396
0.755,2.181661564992912,28895
0.755,2.356194490192345,22408
0.755,2.530727415391778,16549
0.755,2.705260340591211,12073
0.755,2.879793265790644,8797
0.755,3.0543261909900767,6236
0.755,3.2288591161895095,4300
0.755,3.4033920413889422,3100
0.755,3.577924966588375,2328
0.755,3.752457891787808,1843
0.755,3.9269908169872414,1485
0.755,4.101523742186675,1273
0.755,4.276056667386107,1070
0.755,4.4505895925855405,964
0.755,4.625122517784973,935
0.755,4.799655442984406,892
0.755,4.974188368183839,936
0.755,5.148721293383272,1035
0.755,5.323254218582705,1199
0.755,5.497787143782138,1380
0.755,5.672320068981571,1696
0.755,5.8468529941810035,2208
0.755,6.021385919380437,3126
0.755,6.19591884457987,4282
0.765,0.08726646259971647,3770
0.765,0.2617993877991494,5531
0.765,0.4363323129985824,7756
0.765,0.6108652381980153,10753
0.765,0.7853981633974483,14487
0.765,0.9599310885968811,18570
0.765,1.1344640137963142,22107
0.765,1.308996938995747,24190
0.765,1.4835298641951802,24827
0.765,1.658062789394613,24439
0.765,1.8325957145940461,23814
0.765,2.007128639793479,22125
0.765,2.181661564992912,18631
0.765,2.356194490192345,14357
0.765,2.530727415391778,10624
0.765,2.705260340591211,7507
0.765,2.879793265790644,5501
0.765,3.0543261909900767,3837
0.765,3.2288591161895095,2765
0.765,3.4033920413889422,1958
0.765,3.577924966588375,1514
0.765,3.752457891787808,1167
0.765,3.9269908169872414,989
0.765,4.101523742186675,910
0.765,4.276056667386107,740
0.765,4.4505895925855405,700
0.765,4.625122517784973,615
0.765,4.799655442984406,600
0.765,4.974188368183839,635
0.765,5.148721293383272,762
0.765,5.323254218582705,797
0.765,5.497787143782138,889
0.765,5.672320068981571,1085
0.765,5.8468529941810035,1470
0.765,6.021385919380437,2049
0.765,6.19591884457987,2619
0.775,0.08726646259971647,2171
0.775,0.2617993877991494,3089
0.775,0.4363323129985824,4302
0.775,0.6108652381980153,5981
0.775,0.7853981633974483,7808
0.775,0.9599310885968811,9605
0.775,1.1344640137963142,10266
0.775,1.308996938995747,10413
0.775,1.4835298641951802,10092
0.775,1.658062789394613,10075
0.775,1.8325957145940461,10214
0.775,2.007128639793479,10481
0.775,2.181661564992912,9619
0.775,2.356194490192345,7706
0.775,2.530727415391778,5978
0.775,2.705260340591211,4391
0.775,2.879793265790644,3154
0.775,3.0543261909900767,2185
0.775,3.2288591161895095,1598
0.775,3.4033920413889422,1117
0.775,3.577924966588375,838
0.775,3.752457891787808,654
0.775,3.9269908169872414,554
0.775,4.101523742186675,451
0.775,4.276056667386107,359
0.775,4.4505895925855405,329
0.775,4.625122517784973,286
0.775,4.799655442984406,273
0.775,4.974188368183839,315
0.775,5.148721293383272,373
0.775,5.323254218582705,449
0.775,5.497787143782138,528
0.775,5.672320068981571,628
0.775,5.8468529941810035,794
0.775,6.021385919380437,1065
0.775,6.19591884457987,1567
0.785,0.08726646259971647,1103
0.785,0.2617993877991494,1579
0.785,0.4363323129985824,2045
0.785,0.6108652381980153,2786
0.785,0.7853981633974483,2967
0.785,0.9599310885968811,2940
0.785,1.1344640137963142,2294
0.785,1.308996938995747,1714
0.785,1.4835298641951802,1355
0.785,1.658062789394613,1373
0.785,1.8325957145940461,1675
0.785,2.007128639793479,2307
0.785,2.181661564992912,2977
0.785,2.356194490192345,3182
0.785,2.530727415391778,2763
0.785,2.705260340591211,2205
0.785,2.879793265790644,1643
0.785,3.0543261909900767,1173
0.785,3.2288591161895095,844
0.785,3.4033920413889422,571
0.785,3.577924966588375,405
0.785,3.752457891787808,294
0.785,3.9269908169872414,215
0.785,4.101523742186675,151
0.785,4.276056667386107,114
0.785,4.4505895925855405,54
0.785,4.625122517784973,32
0.785,4.799655442984406,48
0.785,4.974188368183839,52
0.785,5.148721293383272,92
0.785,5.323254218582705,151
0.785,5.497787143782138,227
0.785,5.672320068981571,329
0.785,5.8468529941810035,419
0.785,6.021385919380437,585
0.785,6.19591884457987,789
0.795,0.08726646259971647,668
0.795,0.2617993877991494,904
0.795,0.4363323129985824,1006
0.795,0.6108652381980153,948
0.795,0.7853981633974483,634
0.795,0.9599310885968811,237
0.795,1.1344640137963142,46
0.795,1.308996938995747,4
0.795,1.4835298641951802,0
0.795,1.658062789394613,0
0.795,1.8325957145940461,2
0.795,2.007128639793479,42
0.795,2.181661564992912,270
0.795,2.356194490192345,619
0.795,2.530727415391778,992
0.795,2.705260340591211,986
0.795,2.879793265790644,886
0.795,3.0543261909900767,730
0.795,3.2288591161895095,541
0.795,3.4033920413889422,318
0.795,3.577924966588375,244
0.795,3.752457891787808,122
0.795,3.9269908169872414,58
0.795,4.101523742186675,14
0.795,4.276056667386107,3
0.795,4.4505895925855405,1
0.795,4.625122517784973,0
0.795,4.799655442984406,0
0.795,4.974188368183839,1
0.795,5.148721293383272,3
0.795,5.323254218582705,18
0.795,5.497787143782138,50
0.795,5.672320068981571,117
0.795,5.8468529941810035,204
0.795,6.021385919380437,357
0.795,6.19591884457987,452
0.805,0.08726646259971647,508
0.805,0.2617993877991494,546
0.805,0.4363323129985824,428
0.805,0.6108652381980153,262
0.805,0.7853981633974483,61
0.805,0.9599310885968811,2
0.805,1.1344640137963142,0
0.805,1.308996938995747,0
0.805,1.4835298641951802,0
0.805,1.658062789394613,0
0.805,1.8325957145940461,1
0.805,2.007128639793479,0
0.805,2.181661564992912,0
0.805,2.356194490192345,52
0.805,2.530727415391778,241
0.805,2.705260340591211,487
0.805,2.879793265790644,580
0.805,3.0543261909900767,523
0.805,3.2288591161895095,387
0.805,3.4033920413889422,272
0.805,3.577924966588375,106
0.805,3.752457891787808,45
0.805,3.9269908169872414,6
0.805,4.101523742186675,0
0.805,4.276056667386107,0
0.805,4.4505895925855405,0
0.805,4.625122517784973,0
0.805,4.799655442984406,0
0.805,4.974188368183839,0
0.805,5.148721293383272,0
0.805,5.323254218582705,0
0.805,5.497787143782138,5
0.805,5.672320068981571,38
0.805,5.8468529941810035,129
0.805,6.021385919380437,218
0.805,6.19591884457987,373
0.815,0.08726646259971647,336
0.815,0.2617993877991494,329
0.815,0.4363323129985824,261
0.815,0.6108652381980153,144
0.815,0.7853981633974483,20
0.815,0.9599310885968811,0
0.815,1.1344640137963142,0
0.815,1.308996938995747,0
0.815,1.4835298641951802,0
0.815,1.658062789394613,0
0.815,1.8325957145940461,0
0.815,2.007128639793479,1
0.815,2.181661564992912,1
0.815,2.356194490192345,24
0.815,2.530727415391778,154
0.815,2.705260340591211,262
0.815,2.879793265790644,354
0.815,3.0543261909900767,325
0.815,3.2288591161895095,232
0.815,3.4033920413889422,181
0.815,3.577924966588375,79
0.815,3.752457891787808,35
0.815,3.9269908169872414,4
0.815,4.101523742186675,0
0.815,4.276056667386107,0
0.815,4.4505895925855405,0
0.815,4.625122517784973,0
0.815,4.799655442984406,0
0.815,4.974188368183839,0
0.815,5.148721293383272,0
0.815,5.323254218582705,0
0.815,5.497787143782138,6
0.815,5.672320068981571,27
0.815,5.8468529941810035,85
0.815,6.021385919380437,173
0.815,6.19591884457987,225
0.825,0.08726646259971647,180
0.825,0.2617993877991494,199
0.825,0.4363323129985824,186
0.825,0.6108652381980153,163
0.825,0.7853981633974483,102
0.825,0.9599310885968811,35
0.825,1.1344640137963142,11
0.825,1.308996938995747,2
0.825,1.4835298641951802,0
0.825,1.658062789394613,0
0.825,1.8325957145940461,0
0.825,2.007128639793479,10
0.825,2.181661564992912,35
0.825,2.356194490192345,100
0.825,2.530727415391778,122
0.825,2.705260340591211,181
0.825,2.879793265790644,205
0.825,3.0543261909900767,151
0.825,3.2288591161895095,117
0.825,3.4033920413889422,99
0.825,3.577924966588375,69
0.825,3.752457891787808,36
0.825,3.9269908169872414,15
0.825,4.101523742186675,4
0.825,4.276056667386107,0
0.825,4.4505895925855405,0
0.825,4.625122517784973,0
0.825,4.799655442984406,0
0.825,4.974188368183839,1
0.825,5.148721293383272,1
0.825,5.323254218582705,4
0.825,5.497787143782138,16
0.825,5.672320068981571,27
0.825,5.8468529941810035,65
0.825,6.021385919380437,91
0.825,6.19591884457987,125
0.835,0.08726646259971647,113
0.835,0.2617993877991494,144
0.835,0.4363323129985824,155
0.835,0.6108652381980153,230
0.835,0.7853981633974483,241
0.835,0.9599310885968811,186
0.835,1.1344640137963142,145
0.835,1.308996938995747,104
0.835,1.4835298641951802,73
0.835,1.658062789394613,82
0.835,1.8325957145940461,95
0.835,2.007128639793479,132
0.835,2.181661564992912,171
0.835,2.356194490192345,166
0.835,2.530727415391778,201
0.835,2.705260340591211,171
0.835,2.879793265790644,130
0.835,3.0543261909900767,106
0.835,3.2288591161895095,96
0.835,3.4033920413889422,72
0.835,3.577924966588375,61
0.835,3.752457891787808,49
0.835,3.9269908169872414,35
0.835,4.101523742186675,16
0.835,4.276056667386107,15
0.835,4.4505895925855405,7
0.835,4.625122517784973,7
0.835,4.799655442984406,7
0.835,4.974188368183839,8
0.835,5.148721293383272,16
0.835,5.323254218582705,30
0.835,5.497787143782138,31
0.835,5.672320068981571,52
0.835,5.8468529941810035,70
0.835,6.021385919380437,77
0.835,6.19591884457987,92
0.845,0.08726646259971647,159
0.845,0.2617993877991494,175
0.845,0.4363323129985824,226
0.845,0.6108652381980153,278
0.845,0.7853981633974483,366
0.845,0.9599310885968811,448
0.845,1.1344640137963142,487
0.845,1.308996938995747,492
0.845,1.4835298641951802,461
0.845,1.658062789394613,431
0.845,1.8325957145940461,423
0.845,2.007128639793479,439
0.845,2.181661564992912,400
0.845,2.356194490192345,315
0.845,2.530727415391778,254
0.845,2.705260340591211,216
0.845,2.879793265790644,187
0.845,3.0543261909900767,122
0.845,3.2288591161895095,112
0.845,3.4033920413889422,83
0.845,3.577924966588375,62
0.845,3.752457891787808,57
0.845,3.9269908169872414,47
0.845,4.101523742186675,42
0.845,4.276056667386107,31
0.845,4.4505895925855405,25
0.845,4.625122517784973,32
0.845,4.799655442984406,19
0.845,4.974188368183839,24
0.845,5.148721293383272,32
0.845,5.323254218582705,30
0.845,5.497787143782138,35
0.845,5.672320068981571,54
0.845,5.8468529941810035,64
0.845,6.021385919380437,82
0.845,6.19591884457987,98
0.855,0.08726646259971647,200
0.855,0.2617993877991494,257
0.855,0.4363323129985824,327
0.855,0.6108652381980153,444
0.855,0.7853981633974483,598
0.855,0.9599310885968811,713
0.855,1.1344640137963142,862
0.855,1.308996938995747,971
0.855,1.4835298641951802,986
0.855,1.658062789394613,941
0.855,1.8325957145940461,879
0.855,2.007128639793479,826
0.855,2.181661564992912,672
0.855,2.356194490192345,515
0.855,2.530727415391778,415
0.855,2.705260340591211,314
0.855,2.879793265790644,230
0.855,3.0543261909900767,190
0.855,3.2288591161895095,153
0.855,3.4033920413889422,108
0.855,3.577924966588375,75
0.855,3.752457891787808,86
0.855,3.9269908169872414,70
0.855,4.101523742186675,65
0.855,4.276056667386107,43
0.855,4.4505895925855405,57
0.855,4.625122517784973,44
0.855,4.799655442984406,39
0.855,4.974188368183839,37
0.855,5.148721293383272,61
0.855,5.323254218582705,44
0.855,5.497787143782138,73
0.855,5.672320068981571,54
0.855,5.8468529941810035,98
0.855,6.021385919380437,113
0.855,6.19591884457987,131
0.865,0.08726646259971647,233
0.865,0.2617993877991494,353
0.865,0.4363323129985824,456
0.865,0.6108652381980153,623
0.865,0.7853981633974483,813
0.865,0.9599310885968811,949
0.865,1.1344640137963142,1220
0.865,1.308996938995747,1317
0.865,1.4835298641951802,1385
0.865,1.658062789394613,1350
0.865,1.8325957145940461,1283
0.865,2.007128639793479,1213
0.865,2.181661564992912,929
0.865,2.356194490192345,787
0.865,2.530727415391778,615
0.865,2.705260340591211,447
0.865,2.879793265790644,346
0.865,3.0543261909900767,257
0.865,3.2288591161895095,169
0.865,3.4033920413889422,143
0.865,3.577924966588375,93
0.865,3.752457891787808,89
0.865,3.9269908169872414,74
0.865,4.101523742186675,67
0.865,4.276056667386107,51
0.865,4.4505895925855405,47
0.865,4.625122517784973,50
0.865,4.799655442984406,63
0.865,4.974188368183839,65
0.865,5.148721293383272,49
0.865,5.323254218582705,67
0.865,5.497787143782138,78
0.865,5.672320068981571,76
0.865,5.8468529941810035,104
0.865,6.021385919380437,139
0.865,6.19591884457987,187
0.875,0.08726646259971647,315
0.875,0.2617993877991494,428
0.875,0.4363323129985824,569
0.875,0.6108652381980153,765
0.875,0.7853981633974483,880
0.875,0.9599310885968811,1079
0.875,1.1344640137963142,1463
0.875,1.308996938995747,1583
0.875,1.4835298641951802,1695
0.875,1.658062789394613,1649
0.875,1.8325957145940461,1621
0.875,2.007128639793479,1446
0.875,2.181661564992912,1220
0.875,2.356194490192345,1031
0.875,2.530727415391778,814
0.875,2.705260340591211,560
0.875,2.879793265790644,442
0.875,3.0543261909900767,307
0.875,3.2288591161895095,219
0.875,3.4033920413889422,173
0.875,3.577924966588375,124
0.875,3.752457891787808,96
0.875,3.9269908169872414,87
0.875,4.101523742186675,68
0.875,4.276056667386107,55
0.875,4.4505895925855405,50
0.875,4.625122517784973,49
0.875,4.799655442984406,48
0.875,4.974188368183839,53
0.875,5.148721293383272,66
0.875,5.323254218582705,71
0.875,5.497787143782138,77
0.875,5.672320068981571,101
0.875,5.8468529941810035,120
0.875,6.021385919380437,163
0.875,6.19591884457987,226
0.885,0.08726646259971647,369
0.885,0.2617993877991494,485
0.885,0.4363323129985824,683
0.885,0.6108652381980153,928
0.885,0.7853981633974483,1117
0.885,0.9599310885968811,1396
0.885,1.1344640137963142,1565
0.885,1.308996938995747,1903
0.885,1.4835298641951802,1985
0.885,1.658062789394613,1949
0.885,1.8325957145940461,1895
0.885,2.007128639793479,1699
0.885,2.181661564992912,1422
0.885,2.356194490192345,1211
0.885,2.530727415391778,989
0.885,2.705260340591211,779
0.885,2.879793265790644,538
0.885,3.0543261909900767,357
0.885,3.2288591161895095,278
0.885,3.4033920413889422,174
0.885,3.577924966588375,145
0.885,3.752457891787808,103
0.885,3.9269908169872414,76
0.885,4.101523742186675,73
0.885,4.276056667386107,55
0.885,4.4505895925855405,57
0.885,4.625122517784973,51
0.885,4.799655442984406,48
0.885,4.974188368183839,47
0.885,5.148721293383272,59
0.885,5.323254218582705,68
0.885,5.497787143782138,97
0.885,5.672320068981571,114
0.885,5.8468529941810035,135
0.885,6.021385919380437,184
0.885,6.19591884457987,277
0.895,0.08726646259971647,452
0.895,0.2617993877991494,571
0.895,0.4363323129985824,714
0.895,0.6108652381980153,1054
0.895,0.7853981633974483,1299
0.895,0.9599310885968811,1526
0.895,1.1344640137963142,1838
0.895,1.308996938995747,1995
0.895,1.4835298641951802,2146
0.895,1.658062789394613,2206
0.895,1.8325957145940461,2121
0.895,2.007128639793479,1900
0.895,2.181661564992912,1617
0.895,2.356194490192345,1419
0.895,2.530727415391778,1098
0.895,2.705260340591211,862
0.895,2.879793265790644,644
0.895,3.0543261909900767,433
0.895,3.2288591161895095,346
0.895,3.4033920413889422,237
0.895,3.577924966588375,145
0.895,3.752457891787808,101
0.895,3.9269908169872414,82
0.895,4.101523742186675,49
0.895,4.276056667386107,52
0.895,4.4505895925855405,40
0.895,4.625122517784973,46
0.895,4.799655442984406,36
0.895,4.974188368183839,49
0.895,5.148721293383272,56
0.895,5.323254218582705,73
0.895,5.497787143782138,89
0.895,5.672320068981571,111
0.895,5.8468529941810035,169
0.895,6.021385919380437,228
0.895,6.19591884457987,294
0.905,0.08726646259971647,474
0.905,0.2617993877991494,631
0.905,0.4363323129985824,903
0.905,0.6108652381980153,1130
0.905,0.7853981633974483,1440
0.905,0.9599310885968811,1764
0.905,1.1344640137963142,2004
0.905,1.308996938995747,2270
0.905,1.4835298641951802,2320
0.905,1.658062789394613,2269
0.905,1.8325957145940461,2205
0.905,2.007128639793479,1943
0.905,2.181661564992912,1790
0.905,2.356194490192345,1428
0.905,2.530727415391778,1150
0.905,2.705260340591211,874
0.905,2.879793265790644,645
0.905,3.0543261909900767,523
0.905,3.2288591161895095,338
0.905,3.4033920413889422,225
0.905,3.577924966588375,169
0.905,3.752457891787808,111
0.905,3.9269908169872414,81
0.905,4.101523742186675,77
0.905,4.276056667386107,54
0.905,4.4505895925855405,52
0.905,4.625122517784973,33
0.905,4.799655442984406,48
0.905,4.974188368183839,42
0.905,5.148721293383272,49
0.905,5.323254218582705,65
0.905,5.497787143782138,85
0.905,5.672320068981571,135
0.905,5.8468529941810035,187
0.905,6.021385919380437,247
0.905,6.19591884457987,319
0.915,0.08726646259971647,494
0.915,0.2617993877991494,700
0.915,0.4363323129985824,968
0.915,0.6108652381980153,1200
0.915,0.7853981633974483,1501
0.915,0.9599310885968811,1812
0.915,1.1344640137963142,2064
0.915,1.308996938995747,2332
0.915,1.4835298641951802,2479
0.915,1.658062789394613,2369
0.915,1.8325957145940461,2358
0.915,2.007128639793479,2122
0.915,2.181661564992912,1874
0.915,2.356194490192345,1638
0.915,2.530727415391778,1236
0.915,2.705260340591211,977
0.915,2.879793265790644,629
0.915,3.0543261909900767,495
0.915,3.2288591161895095,357
0.915,3.4033920413889422,240
0.915,3.577924966588375,187
0.915,3.752457891787808,127
0.915,3.9269908169872414,94
0.915,4.101523742186675,51
0.915,4.276056667386107,60
0.915,4.4505895925855405,42
0.915,4.625122517784973,49
0.915,4.799655442984406,46
0.915,4.974188368183839,58
0.915,5.148721293383272,64
0.915,5.323254218582705,79
0.915,5.497787143782138,86
0.915,5.672320068981571,128
0.915,5.8468529941810035,186
0.915,6.021385919380437,270
0.915,6.19591884457987,383
0.925,0.08726646259971647,506
0.925,0.2617993877991494,774
0.925,0.4363323129985824,1001
0.925,0.6108652381980153,1284
0.925,0.7853981633974483,1618
0.925,0.9599310885968811,1952
0.925,1.1344640137963142,2216
0.925,1.308996938995747,2347
0.925,1.4835298641951802,2435
0.925,1.658062789394613,2475
0.925,1.8325957145940461,2379
0.925,2.007128639793479,2250
0.925,2.181661564992912,1959
0.925,2.356194490192345,1626
0.925,2.530727415391778,1260
0.925,2.705260340591211,1017
0.925,2.879793265790644,745
0.925,3.0543261909900767,557
0.925,3.2288591161895095,379
0.925,3.4033920413889422,224
0.925,3.577924966588375,178
0.925,3.752457891787808,126
0.925,3.9269908169872414,111
0.925,4.101523742186675,73
0.925,4.276056667386107,49
0.925,4.4505895925855405,57
0.925,4.625122517784973,54
0.925,4.799655442984406,51
0.925,4.974188368183839,61
0.925,5.148721293383272,54
0.925,5.323254218582705,86
0.925,5.497787143782138,103
0.925,5.672320068981571,129
0.925,5.8468529941810035,180
0.925,6.021385919380437,259
0.925,6.19591884457987,386
0.935,0.08726646259971647,536
0.935,0.2617993877991494,809
0.935,0.4363323129985824,993
0.935,0.6108652381980153,1239
0.935,0.7853981633974483,1610
0.935,0.9599310885968811,1981
0.935,1.1344640137963142,2187
0.935,1.308996938995747,2416
0.935,1.4835298641951802,2569
0.935,1.658062789394613,2598
0.935,1.8325957145940461,2418
0.935,2.007128639793479,2238
0.935,2.181661564992912,1997
0.935,2.356194490192345,1602
0.935,2.530727415391778,1260
0.935,2.705260340591211,985
0.935,2.879793265790644,728
0.935,3.0543261909900767,573
0.935,3.2288591161895095,407
0.935,3.4033920413889422,263
0.935,3.577924966588375,185
0.935,3.752457891787808,134
0.935,3.9269908169872414,115
0.935,4.101523742186675,77
0.935,4.276056667386107,78
0.935,4.4505895925855405,67
0.935,4.625122517784973,60
0.935,4.799655442984406,41
0.935,4.974188368183839,60
0.935,5.148721293383272,66
0.935,5.323254218582705,73
0.935,5.497787143782138,111
0.935,5.672320068981571,155
0.935,5.8468529941810035,179
0.935,6.021385919380437,248
0.935,6.19591884457987,417
0.945,0.08726646259971647,547
0.945,0.2617993877991494,741
0.945,0.4363323129985824,1025
0.945,0.6108652381980153,1367
0.945,0.7853981633974483,1698
0.945,0.9599310885968811,1908
0.945,1.1344640137963142,2293
0.945,1.308996938995747,2523
0.945,1.4835298641951802,2564
0.945,1.658062789394613,2685
0.945,1.8325957145940461,2547
0.945,2.007128639793479,2292
0.945,2.181661564992912,2008
0.945,2.356194490192345,1746
0.945,2.530727415391778,1362
0.945,2.705260340591211,1065
0.945,2.879793265790644,815
0.945,3.0543261909900767,597
0.945,3.2288591161895095,388
0.945,3.4033920413889422,291
0.945,3.577924966588375,191
0.945,3.752457891787808,170
0.945,3.9269908169872414,100
0.945,4.101523742186675,73
0.945,4.276056667386107,69
0.945,4.4505895925855405,59
0.945,4.625122517784973,44
0.945,4.799655442984406,59
0.945,4.974188368183839,54
0.945,5.148721293383272,79
0.945,5.323254218582705,87
0.945,5.497787143782138,109
0.945,5.672320068981571,144
0.945,5.8468529941810035,198
0.945,6.021385919380437,274
0.945,6.19591884457987,418
0.955,0.08726646259971647,612
0.955,0.2617993877991494,787
0.955,0.4363323129985824,1152
0.955,0.6108652381980153,1381
0.955,0.7853981633974483,1710
0.955,0.9599310885968811,2061
0.955,1.1344640137963142,2391
0.955,1.308996938995747,2578
0.955,1.4835298641951802,2799
0.955,1.658062789394613,2695
0.955,1.8325957145940461,2497
0.955,2.007128639793479,2456
0.955,2.181661564992912,2201
0.955,2.356194490192345,1780
0.955,2.530727415391778,1432
0.955,2.705260340591211,1129
0.955,2.879793265790644,778
0.955,3.0543261909900767,654
0.955,3.2288591161895095,413
0.955,3.4033920413889422,284
0.955,3.577924966588375,219
0.955,3.752457891787808,173
0.955,3.9269908169872414,113
0.955,4.101523742186675,70
0.955,4.276056667386107,82
0.955,4.4505895925855405,70
0.955,4.625122517784973,46
0.955,4.799655442984406,65
0.955,4.974188368183839,59
0.955,5.148721293383272,58
0.955,5.323254218582705,74
0.955,5.497787143782138,106
0.955,5.672320068981571,155
0.955,5.8468529941810035,211
0.955,6.021385919380437,277
0.955,6.19591884457987,395
0.965,0.08726646259971647,636
0.965,0.2617993877991494,907
0.965,0.4363323129985824,1144
0.965,0.6108652381980153,1429
0.965,0.7853981633974483,1847
0.965,0.9599310885968811,2216
0.965,1.1344640137963142,2509
0.965,1.308996938995747,2752
0.965,1.4835298641951802,2880
0.965,1.658062789394613,2844
0.965,1.8325957145940461,2695
0.965,2.007128639793479,2530
0.965,2.181661564992912,2181
0.965,2.356194490192345,1862
0.965,2.530727415391778,1416
0.965,2.705260340591211,1108
0.965,2.879793265790644,852
0.965,3.0543261909900767,574
0.965,3.2288591161895095,433
0.965,3.4033920413889422,300
0.965,3.577924966588375,244
0.965,3.752457891787808,167
0.965,3.9269908169872414,129
0.965,4.101523742186675,114
0.965,4.276056667386107,82
0.965,4.4505895925855405,69
0.965,4.625122517784973,59
0.965,4.799655442984406,56
0.965,4.974188368183839,43
0.965,5.148721293383272,68
0.965,5.323254218582705,75
0.965,5.497787143782138,119
0.965,5.672320068981571,152
0.965,5.8468529941810035,218
0.965,6.021385919380437,277
0.965,6.19591884457987,457
0.975,0.08726646259971647,633
0.975,0.2617993877991494,848
0.975,0.4363323129985824,1167
0.975,0.6108652381980153,1515
0.975,0.7853981633974483,1881
0.975,0.9599310885968811,2261
0.975,1.1344640137963142,2477
0.975,1.308996938995747,2818
0.975,1.4835298641951802,2916
0.975,1.658062789394613,2828
0.975,1.8325957145940461,2774
0.975,2.007128639793479,2464
0.975,2.181661564992912,2132
0.975,2.356194490192345,1840
0.975,2.530727415391778,1551
0.975,2.705260340591211,1239
0.975,2.879793265790644,877
0.975,3.0543261909900767,629
0.975,3.2288591161895095,410
0.975,3.4033920413889422,297
0.975,3.577924966588375,226
0.975,3.752457891787808,156
0.975,3.9269908169872414,118
0.975,4.101523742186675,97
0.975,4.276056667386107,72
0.975,4.4505895925855405,69
0.975,4.625122517784973,50
0.975,4.799655442984406,54
0.975,4.974188368183839,52
0.975,5.148721293383272,58
0.975,5.323254218582705,91
0.975,5.497787143782138,104
0.975,5.672320068981571,147
0.975,5.8468529941810035,233
0.975,6.021385919380437,323
0.975,6.19591884457987,443
0.985,0.08726646259971647,620
0.985,0.2617993877991494,919
0.985,0.4363323129985824,1207
0.985,0.6108652381980153,1558
0.985,0.7853981633974483,1937
0.985,0.9599310885968811,2330
0.985,1.1344640137963142,2585
0.985,1.308996938995747,2835
0.985,1.4835298641951802,2912
0.985,1.658062789394613,2947
0.985,1.8325957145940461,2805
0.985,2.007128639793479,2556
0.985,2.181661564992912,2316
0.985,2.356194490192345,1803
0.985,2.530727415391778,1486
0.985,2.705260340591211,1172
0.985,2.879793265790644,888
0.985,3.0543261909900767,664
0.985,3.2288591161895095,489
0.985,3.4033920413889422,311
0.985,3.577924966588375,259
0.985,3.752457891787808,146
0.985,3.9269908169872414,112
0.985,4.101523742186675,88
0.985,4.276056667386107,90
0.985,4.4505895925855405,71
0.985,4.625122517784973,54
0.985,4.799655442984406,54
0.985,4.974188368183839,53
0.985,5.148721293383272,75
0.985,5.323254218582705,94
0.985,5.497787143782138,132
0.985,5.672320068981571,174
0.985,5.8468529941810035,238
0.985,6.021385919380437,338
0.985,6.19591884457987,455
0.995,0.08726646259971647,662
0.995,0.2617993877991494,966
0.995,0.4363323129985824,1258
0.995,0.6108652381980153,1613
0.995,0.7853981633974483,1997
0.995,0.9599310885968811,2399
0.995,1.1344640137963142,2664
0.995,1.308996938995747,2919
0.995,1.4835298641951802,3061
0.995,1.658062789394613,2970
0.995,1.8325957145940461,2849
0.995,2.007128639793479,2666
0.995,2.181661564992912,2378
0.995,2.356194490192345,1916
0.995,2.530727415391778,1567
0.995,2.705260340591211,1199
0.995,2.879793265790644,955
0.995,3.0543261909900767,664
0.995,3.2288591161895095,523
0.995,3.4033920413889422,345
0.995,3.577924966588375,245
0.995,3.752457891787808,184
0.995,3.9269908169872414,132
0.995,4.101523742186675,83
0.995,4.276056667386107,82
0.995,4.4505895925855405,52
0.995,4.625122517784973,65
0.995,4.799655442984406,58
0.995,4.974188368183839,72
0.995,5.148721293383272,73
0.995,5.323254218582705,79
0.995,5.497787143782138,115
0.995,5.672320068981571,164
0.995,5.8468529941810035,226
0.995,6.021385919380437,322
0.995,6.19591884457987,468
