combo_id,trial_id,device_id,m,l,beta_pe,abs_delta_alpha_e_over_p,f,x0,y0,phi0,x_end,y_end,phi_end,T,steps,status,pass_direction
1,713,2,3,0.038400000000000004,1.0,0.3333333333333333,20.0,0.36341597959399224,-0.056625232447136575,2.8632987366853944,1.3641814055326613,-0.15027862521989588,-3.1554077234541476,0.0396604,99151,ok,right
1,244,2,3,0.038400000000000004,1.0,0.3333333333333333,20.0,-0.01660896707326174,-0.2695050503088986,1.055967196975164,0.9838762792440225,0.046510938908353526,21.389616994467133,0.040577999999999996,101445,ok,right
1,763,2,3,0.038400000000000004,1.0,0.3333333333333333,20.0,0.6186474785208702,0.022475286230696844,0.28062309460971374,1.6187799052114766,0.08500918496753294,12.816964283575064,0.0407524,101881,ok,right
1,144,2,3,0.038400000000000004,1.0,0.3333333333333333,20.0,0.693723413348198,-0.0693650998027195,3.882823349623513,1.6940316475757482,0.07499948957478629,-24.985107643524323,0.0472164,118041,ok,right
1,267,2,3,0.038400000000000004,1.0,0.3333333333333333,20.0,0.016780017130076885,-0.2949148002935062,2.9743077634912263,1.01722881275204,0.054523877047527355,10.795572893631068,0.044555199999999996,111388,ok,right
1,994,2,3,0.038400000000000004,1.0,0.3333333333333333,20.0,0.4113201329484582,0.015029025229499796,2.7007482137579375,1.41144078234186,0.0847887039900075,-2.704640096369304,0.048869199999999995,122173,ok,right
1,290,2,3,0.038400000000000004,1.0,0.3333333333333333,20.0,0.4561932489275933,-0.17844959346614095,5.377108570795181,1.4563304503760048,0.1681060521208307,-8.133425029156474,0.0534616,133654,ok,right
1,433,2,3,0.038400000000000004,1.0,0.3333333333333333,20.0,-0.0018885759636759758,0.19338269282844217,4.231778585535476,0.9982446344431442,0.1075647319109485,-10.770007526946536,0.0521004,130251,ok,right
1,867,2,3,0.038400000000000004,1.0,0.3333333333333333,20.0,0.6201086282730103,0.1821935890316831,4.380262149031895,1.620526517112698,0.1584863218063623,5.418497542918954,0.055004,137510,ok,right
1,211,2,3,0.038400000000000004,1.0,0.3333333333333333,20.0,0.6744665976613761,0.11120469028617826,0.03399958837932714,1.675485731700995,-0.06039358020107199,8.648106345529094,0.0562164,140541,ok,right
1,338,2,3,0.038400000000000004,1.0,0.3333333333333333,20.0,0.6957428269088268,-0.16923365769294071,5.558278412834872,1.6961941465126167,-0.137916448968826,32.75778082970839,0.056917999999999996,142295,ok,right
1,699,2,3,0.038400000000000004,1.0,0.3333333333333333,20.0,0.5101891361176968,0.5778950673122989,2.590993838161936,1.5106347953064343,-0.18107861354621385,19.233513118679657,0.057752399999999995,144381,ok,right
1,56,2,3,0.038400000000000004,1.0,0.3333333333333333,20.0,0.2406047271564603,0.1894675274361026,5.169039774614651,1.2412280135874016,-0.17735078512991387,1.7005960972878325,0.063918,159795,ok,right
1,456,2,3,0.038400000000000004,1.0,0.3333333333333333,20.0,0.6244710857048631,-0.2790063577572819,2.1148247470308497,1.625294256466042,-0.20149651659263007,-4.558805090944972,0.0634224,158556,ok,right
1,183,2,3,0.038400000000000004,1.0,0.3333333333333333,20.0,0.5133333483710886,-0.06824236071984406,4.8719170999312,1.513460038595612,0.09880110120875897,6.288327072911069,0.0672436,168109,ok,right
1,590,2,3,0.038400000000000004,1.0,0.3333333333333333,20.0,-0.05618141721934081,0.4257978224591096,2.3859330604888798,0.9445210693013883,0.019482338796618457,6.451869961076014,0.0672612,168153,ok,right
1,517,2,3,0.038400000000000004,1.0,0.3333333333333333,20.0,0.5570564737543464,-0.44863315656915814,5.96723956546841,1.5575649616221292,-0.28289626754293185,-9.422276551363396,0.069988,174970,ok,right
1,48,2,3,0.038400000000000004,1.0,0.3333333333333333,20.0,-0.043801878020167356,-0.2547237592646602,4.32372070759105,0.9564706668268573,0.028746215378509868,-4.484474521435046,0.07297,182425,ok,right
1,564,2,3,0.038400000000000004,1.0,0.3333333333333333,20.0,-0.016667306050658227,-0.3950402260699799,4.137216568842204,0.9836782031736565,0.09229385012053964,-3.544935312372286,0.0734968,183742,ok,right
1,595,2,3,0.038400000000000004,1.0,0.3333333333333333,20.0,0.061123430356383325,0.3220289357280301,4.060861379564945,1.061384489502409,0.18535146457192717,-4.249654921932164,0.0764928,191232,ok,right
1,813,2,3,0.038400000000000004,1.0,0.3333333333333333,20.0,0.4068381302058697,-0.11030315629674274,5.925169947499959,1.4069371956869723,-0.14158257455567785,2.2064112285863438,0.07630519999999999,190763,ok,right
1,20,2,3,0.038400000000000004,1.0,0.3333333333333333,20.0,0.3743132170289755,0.5478828552266799,3.486361977633154,1.3743452937258123,-0.028169021939926986,1.6028513890096205,0.0800972,200243,ok,right
1,467,2,3,0.038400000000000004,1.0,0.3333333333333333,20.0,-0.07837661691009999,-0.30623087254133025,4.890547127603774,0.9220941029420379,-0.03101467820296314,-2.951357464526166,0.083634,209085,ok,right
1,472,2,3,0.038400000000000004,1.0,0.3333333333333333,20.0,0.6887225665152074,-0.3022678952040679,0.2928308095100399,1.6891446412316298,0.15584787097929825,7.426796391325044,0.08102519999999999,202563,ok,right
1,538,2,3,0.038400000000000004,1.0,0.3333333333333333,20.0,0.5335237931460143,-0.6984101101167179,2.366483374445673,1.533879003593554,0.17897195573494812,-10.96280136910769,0.0834492,208623,ok,right
1,581,2,3,0.038400000000000004,1.0,0.3333333333333333,20.0,0.6285714013502002,0.24495690632825126,2.953261050742589,1.6293084126956208,0.005359213385702763,7.075965257470844,0.0827844,206961,ok,right
1,112,2,3,0.038400000000000004,1.0,0.3333333333333333,20.0,-0.05367623064666987,-0.2615198874282889,6.152185501894732,0.9470647772209447,-0.01684165344041249,-10.589435970109376,0.0854216,213554,ok,right
1,341,2,3,0.038400000000000004,1.0,0.3333333333333333,20.0,-0.07468526307493449,0.24555731405079026,2.1651991358863434,0.9259901966818217,-0.01889991228317801,6.337040193114964,0.0871108,217777,ok,right
1,388,2,3,0.038400000000000004,1.0,0.3333333333333333,20.0,0.42277920972555877,-0.018165965745455464,2.4022849238724815,1.423371321959938,-0.026414950704683842,-18.20004517527635,0.0879692,219923,ok,right
1,613,2,3,0.038400000000000004,1.0,0.3333333333333333,20.0,0.6141354728490115,0.28917571955597215,5.236141088327991,1.6141696588739016,0.18447794413388144,18.64565791970611,0.0873288,218322,ok,right
1,789,2,3,0.038400000000000004,1.0,0.3333333333333333,20.0,0.01846969183534384,-0.17980026780802472,4.226518486568384,1.0185516235040453,-0.09953973030541725,9.27200002578966,0.085364,213410,ok,right
1,807,2,3,0.038400000000000004,1.0,0.3333333333333333,20.0,0.3704975858330727,-0.4123360580388841,2.478168847256767,1.3705228566821968,0.07346933843900944,2.562918774745554,0.08554959999999999,213874,ok,right
1,954,2,3,0.038400000000000004,1.0,0.3333333333333333,20.0,0.5724712107330561,0.0483841941467258,2.8038853485993007,1.572969744180231,0.4386352334744184,8.37528982015733,0.0861764,215441,ok,right
1,438,2,3,0.038400000000000004,1.0,0.3333333333333333,20.0,-0.031116997823119164,-0.2759514743262165,1.6377779504026635,0.9694356276755185,-0.0839719663155356,-1.8343701848198497,0.09068,226700,ok,right
1,217,2,3,0.038400000000000004,1.0,0.3333333333333333,20.0,-0.0110763194039464,-0.09788005060638884,3.5750741199356773,0.989833109031832,-0.014028680920818572,-28.368661126569894,0.0943716,235929,ok,right
1,346,2,3,0.038400000000000004,1.0,0.3333333333333333,20.0,0.01741443872451782,0.03433223341798971,1.6223458367817596,1.0185808926764037,-0.006390917053156364,-6.599259107705378,0.093848,234620,ok,right
1,450,2,3,0.038400000000000004,1.0,0.3333333333333333,20.0,0.49336597435176377,-0.1129359635639894,3.162583538458689,1.4936937257536427,-0.26543451380560584,-5.742976325112047,0.095716,239290,ok,right
1,488,2,3,0.038400000000000004,1.0,0.3333333333333333,20.0,0.3998491916805506,-0.18038194036191085,1.3937127280150676,1.399900671167169,0.2722691824504508,-12.59507666921722,0.09412279999999999,235307,ok,right
1,872,2,3,0.038400000000000004,1.0,0.3333333333333333,20.0,0.6317970231175423,0.3156734656490749,3.8471624231970734,1.6321615684897641,-0.23682324675098906,0.8781144726708399,0.0931024,232756,ok,right
1,94,2,3,0.038400000000000004,1.0,0.3333333333333333,20.0,0.5926551440730691,-0.5313691029625018,5.704358796914936,1.5931617660924717,-0.11408319827385872,19.255074270188178,0.09868199999999999,246705,ok,right
1,133,2,3,0.038400000000000004,1.0,0.3333333333333333,20.0,-0.06811472736299039,-0.26658487910738726,5.20105376622876,0.9327210047113542,0.07050572221855957,14.111679834020157,0.0988372,247093,ok,right
1,254,2,3,0.038400000000000004,1.0,0.3333333333333333,20.0,-0.040759763121604925,-0.3469165603223862,0.065289732516569,0.9603301804145273,-0.06735835490183724,6.727588340691842,0.09799959999999999,244999,ok,right
1,25,2,3,0.038400000000000004,1.0,0.3333333333333333,20.0,0.31794454995542765,-0.627242040239089,1.2535265213368654,1.3191860516115586,-0.044110032352880954,-18.881613920411525,0.10282,257050,ok,right
1,192,2,3,0.038400000000000004,1.0,0.3333333333333333,20.0,0.17998481616377832,0.07851823231223756,1.6342587210240627,1.1813769575206197,0.0426498143077515,-15.434430982025084,0.1029456,257364,ok,right
1,222,2,3,0.038400000000000004,1.0,0.3333333333333333,20.0,0.5825588092207908,0.019655943862120103,0.3080241076061758,1.5835524166552852,0.06688754469841506,-39.92082249798824,0.10222679999999999,255567,ok,right
1,553,2,3,0.038400000000000004,1.0,0.3333333333333333,20.0,0.28518457245081663,-0.1189138173011211,5.442063526212654,1.2857216953721964,-0.11467513814913345,47.40457072224043,0.10193719999999999,254843,ok,right
1,828,2,3,0.038400000000000004,1.0,0.3333333333333333,20.0,0.20689296387135983,-0.09818353813513453,4.199711321759511,1.2072403189380696,-0.09523200620313008,7.650538426001702,0.10275759999999999,256894,ok,right
1,845,2,3,0.038400000000000004,1.0,0.3333333333333333,20.0,0.3795561231672764,0.20822593642614884,4.475153244758345,1.3808644949842848,-0.3161611399195731,-37.58573590843937,0.1028912,257228,ok,right
1,14,2,3,0.038400000000000004,1.0,0.3333333333333333,20.0,0.5582551097497345,-0.49193131365562165,4.632387277615507,1.558803553759936,0.13223096908694223,8.733207926429628,0.1065112,266278,ok,right
1,140,2,3,0.038400000000000004,1.0,0.3333333333333333,20.0,0.6895873291417957,-0.09659821207690836,4.753507398777575,1.6897330575096174,-0.06899842611596216,13.802732945400038,0.105374,263435,ok,right
1,223,2,3,0.038400000000000004,1.0,0.3333333333333333,20.0,0.011106407828629018,-0.9147671721655016,5.939687773894272,1.0116616150949576,0.12168822102868505,13.403159524277338,0.105386,263465,ok,right
1,248,2,3,0.038400000000000004,1.0,0.3333333333333333,20.0,0.6711772264912725,0.4172779600783081,0.7181666894738414,1.6712174364547479,-0.36071864093069833,13.850863823418694,0.1076476,269119,ok,right
1,297,2,3,0.038400000000000004,1.0,0.3333333333333333,20.0,0.25039768517017363,0.09966825158540106,1.4302607811310375,1.2506740659871374,-0.12669938239519588,17.126304822476822,0.10421319999999999,260533,ok,right
1,443,2,3,0.038400000000000004,1.0,0.3333333333333333,20.0,0.45397166367620234,0.006972723033254395,0.22692648170168153,1.4540613422973874,-0.03528632814980036,-3.4537432114772515,0.1071916,267979,ok,right
1,453,2,3,0.038400000000000004,1.0,0.3333333333333333,20.0,0.48787470087409024,0.18460803377200807,2.523524919467801,1.4883627959030734,0.16951049242811414,-5.2783969513622715,0.1069672,267418,ok,right
1,726,2,3,0.038400000000000004,1.0,0.3333333333333333,20.0,0.4621161906048656,-0.43049122269720747,5.53250716957629,1.462173286109733,0.21211987563045107,-24.172811254116404,0.106434,266085,ok,right
1,909,2,3,0.038400000000000004,1.0,0.3333333333333333,20.0,0.09423487056046725,0.17127370514386447,3.4313959497460353,1.0943420185640884,-0.0017802884342711833,3.2426795775757973,0.1077268,269317,ok,right
1,978,2,3,0.038400000000000004,1.0,0.3333333333333333,20.0,0.4138416845351458,0.29023912602665364,1.1435099264526636,1.4148220305992651,-0.2519440400574152,-15.551835565611354,0.10544919999999999,263623,ok,right
1,16,2,3,0.038400000000000004,1.0,0.3333333333333333,20.0,0.6377725813537837,-0.42878606776191514,3.8362865342869314,1.6379793186415006,0.31854439280190827,-10.90723909173157,0.1108912,277228,ok,right
1,236,2,3,0.038400000000000004,1.0,0.3333333333333333,20.0,0.6357133589684963,0.040896614982792505,4.67249689842221,1.636882881172013,-0.3348510793909119,31.403529187631936,0.1091128,272782,ok,right
1,270,2,3,0.038400000000000004,1.0,0.3333333333333333,20.0,0.21511687245219946,-0.14179870652142873,3.743745075175135,1.2151983175051468,-0.2580570093238116,2.268953912786689,0.1091404,272851,ok,right
1,373,2,3,0.038400000000000004,1.0,0.3333333333333333,20.0,0.39829641580581665,0.5145669047745325,5.523386393225059,1.3984184089894787,0.09473530980770874,12.375314631434149,0.1080932,270233,ok,right
1,920,2,3,0.038400000000000004,1.0,0.3333333333333333,20.0,0.5339125579223037,0.44217616177379965,4.1914459706630325,1.5340725283133554,0.034716446366231314,34.99422114626629,0.1096472,274118,ok,right
1,161,2,3,0.038400000000000004,1.0,0.3333333333333333,20.0,0.4797644823789597,0.2923696579480516,0.0303773154399769,1.4797960124046345,-0.050523269125396515,3.639496266500584,0.1121808,280452,ok,right
1,231,2,3,0.038400000000000004,1.0,0.3333333333333333,20.0,0.6225602608174086,-0.5493138358259555,1.4587351839356364,1.6229883045920086,0.4534913830263391,14.900347176718713,0.11594919999999999,289873,ok,right
1,255,2,3,0.038400000000000004,1.0,0.3333333333333333,20.0,0.5547705426812172,0.3545196099282872,4.291416020988328,1.5550931675413215,-0.09892379722880791,9.277033506139409,0.11298079999999999,282452,ok,right
1,610,2,3,0.038400000000000004,1.0,0.3333333333333333,20.0,0.6836689637973905,0.03443913888916553,1.9483306841134092,1.6841084553345798,-0.33406022956570863,1.3339737593029133,0.1150832,287708,ok,right
1,791,2,3,0.038400000000000004,1.0,0.3333333333333333,20.0,0.6183639094233513,-0.019105751477071508,2.729521149866218,1.6190575817118464,0.08795492417872539,-0.010249639801569843,0.1158652,289663,ok,right
1,966,2,3,0.038400000000000004,1.0,0.3333333333333333,20.0,0.44524610899388795,0.7800627144662677,0.5480019968599404,1.4455441197059848,0.06188445672218366,-17.97620692852433,0.11586039999999999,289651,ok,right
1,28,2,3,0.038400000000000004,1.0,0.3333333333333333,20.0,-0.096048135869205,0.09908369605368877,0.9735259554236848,0.9045492605799051,-0.00003907417067319308,15.800155003768129,0.1161836,290459,ok,right
1,461,2,3,0.038400000000000004,1.0,0.3333333333333333,20.0,-0.08574243076145649,0.2562971696506646,5.913490346026248,0.9143252915186141,-0.10123674168755514,40.44644627886411,0.1182024,295506,ok,right
1,725,2,3,0.038400000000000004,1.0,0.3333333333333333,20.0,0.2187247447669506,1.044990061449386,1.2283241732721943,1.219551796452049,-0.044383159830929234,1.0846678640507486,0.117452,293630,ok,right
1,778,2,3,0.038400000000000004,1.0,0.3333333333333333,20.0,0.07817772626876832,-0.3625139005979034,4.758775700326338,1.0796564823028432,-0.02957778188494453,-23.2777124309676,0.11806359999999999,295159,ok,right
1,846,2,3,0.038400000000000004,1.0,0.3333333333333333,20.0,0.2747889652848244,-0.2278920620808638,5.416202663129618,1.27479521075466,-0.04016372650382113,-4.108469055617483,0.11662679999999999,291567,ok,right
1,892,2,3,0.038400000000000004,1.0,0.3333333333333333,20.0,0.6816636603325605,0.19674401821976045,2.138922940120177,1.6826809943275458,-0.20720863631612074,-10.050479159068766,0.1162516,290629,ok,right
1,908,2,3,0.038400000000000004,1.0,0.3333333333333333,20.0,0.03386709317564964,-0.1894413672686712,0.07381624521147594,1.0339017895219023,-0.11139715759450913,11.792793455557128,0.119068,297670,ok,right
1,30,2,3,0.038400000000000004,1.0,0.3333333333333333,20.0,0.09507518671453,0.7939476376652661,1.720768936087478,1.0951834136748124,0.06777598946925686,-8.49862889532589,0.12040519999999999,301013,ok,right
1,311,2,3,0.038400000000000004,1.0,0.3333333333333333,20.0,0.6603987852111459,0.39547376102742127,5.1051689292689995,1.66094157119041,0.041522331503424596,0.3793793802379121,0.1211816,302954,ok,right
1,37,2,3,0.038400000000000004,1.0,0.3333333333333333,20.0,0.6129379324615002,-0.056840417464137497,0.8586384533723626,1.6134146809124696,0.0359584532580902,9.868389041875325,0.12455279999999999,311382,ok,right
1,75,2,3,0.038400000000000004,1.0,0.3333333333333333,20.0,0.5000537130981684,-0.38508024824868126,3.824669285307595,1.5007148619736044,-0.23042158852106703,-12.462279323132949,0.1240048,310012,ok,right
1,87,2,3,0.038400000000000004,1.0,0.3333333333333333,20.0,0.414149752445519,0.1249790267615768,1.6994924749803284,1.4143302105711058,-0.13758521209526184,-8.219435602900255,0.12401519999999999,310038,ok,right
1,247,2,3,0.038400000000000004,1.0,0.3333333333333333,20.0,-0.05321909673511982,-0.45972266144100754,0.46002769338279437,0.9469494082943041,0.07121516076785979,26.864563147616362,0.1246404,311601,ok,right
1,479,2,3,0.038400000000000004,1.0,0.3333333333333333,20.0,0.1722967643290758,-0.048032994935884664,5.746702043469688,1.172395761223196,-0.0539462888734586,-6.531391874928464,0.1241612,310403,ok,right
1,997,2,3,0.038400000000000004,1.0,0.3333333333333333,20.0,-0.044158292934298515,-0.19262744866032483,4.769530502044142,0.9558679368734074,0.10489320570176279,35.1267839079484,0.1242716,310679,ok,right
1,147,2,3,0.038400000000000004,1.0,0.3333333333333333,20.0,0.6079249937087298,0.14436100110009542,5.879896825669855,1.6083349595095289,-0.15498452511336988,6.1639852217490505,0.12979,324475,ok,right
1,163,2,3,0.038400000000000004,1.0,0.3333333333333333,20.0,-0.07525192741304637,0.3187010838048206,4.970938592710979,0.9250634350152059,0.0030966369659691647,-4.4701664502484295,0.12916,322900,ok,right
1,209,2,3,0.038400000000000004,1.0,0.3333333333333333,20.0,0.5844133490696549,-0.06460633084139676,1.7091005376404182,1.5847281257064298,0.10420155326729656,-34.18316355537199,0.1281348,320337,ok,right
1,219,2,3,0.038400000000000004,1.0,0.3333333333333333,20.0,0.489838694781065,0.19010144868999862,0.7605292626393388,1.4898455802772976,0.23316455472021833,-5.632117206290434,0.1300072,325018,ok,right
1,516,2,3,0.038400000000000004,1.0,0.3333333333333333,20.0,0.6316586511209608,-0.09050251447569266,3.919961410767114,1.6321745025589254,-0.2922270321668277,25.99334299836142,0.1309704,327426,ok,right
1,563,2,3,0.038400000000000004,1.0,0.3333333333333333,20.0,0.5926706653088332,0.6721764541463787,2.4344123106556688,1.5930330431358752,-0.14554561528584592,-18.372806326829487,0.1293464,323366,ok,right
1,664,2,3,0.038400000000000004,1.0,0.3333333333333333,20.0,-0.040386808477342134,0.3540050412822802,3.571425855330813,0.9603602558469841,0.019521962318709604,-22.385955379655762,0.128526,321315,ok,right
1,879,2,3,0.038400000000000004,1.0,0.3333333333333333,20.0,0.48326719980686905,0.32980920470580105,0.9094047155566678,1.4839115462022154,-0.02167101144204265,6.798915474288698,0.128612,321530,ok,right
1,15,2,3,0.038400000000000004,1.0,0.3333333333333333,20.0,0.3707320597022772,-0.487533374127147,2.7255917870153406,1.3710481998899475,-0.20111770735720455,-19.081186917494126,0.1351,337750,ok,right
1,103,2,3,0.038400000000000004,1.0,0.3333333333333333,20.0,0.6215837789699435,0.5048286764327283,0.817437361090063,1.6225054313219802,-0.1416511102150844,-7.076735779295602,0.13422879999999998,335572,ok,right
1,150,2,3,0.038400000000000004,1.0,0.3333333333333333,20.0,0.6497887257486582,-0.31555396605389685,3.123938215263002,1.649899314923298,0.28082968937571506,-10.548545952363787,0.13415839999999998,335396,ok,right
1,519,2,3,0.038400000000000004,1.0,0.3333333333333333,20.0,0.6012588024139405,-0.5943534920135735,4.9015725091866,1.6026194966939211,0.45482954800388187,27.35383397943499,0.1329028,332257,ok,right
1,651,2,3,0.038400000000000004,1.0,0.3333333333333333,20.0,0.11502212565392256,-0.23075752263013763,3.8016112971926947,1.1156555185179184,-0.09194123138879415,-5.667611151475057,0.1336656,334164,ok,right
1,131,2,3,0.038400000000000004,1.0,0.3333333333333333,20.0,0.089667097479105,-0.15969917835070904,4.681872689190101,1.0901841312703533,0.02514186662519456,39.48505292181505,0.13706,342650,ok,right
1,190,2,3,0.038400000000000004,1.0,0.3333333333333333,20.0,0.5374637806788087,-0.09939425985582986,4.399506372619624,1.5380012585391574,0.4801578041248619,-25.04973216191072,0.1373428,343357,ok,right
1,588,2,3,0.038400000000000004,1.0,0.3333333333333333,20.0,-0.047378282994031906,-0.5531819977458754,6.202643648661937,0.9527123162226798,-0.04815438372282606,1.682422590042661,0.1395388,348847,ok,right
1,682,2,3,0.038400000000000004,1.0,0.3333333333333333,20.0,0.6673401465639472,-0.09015622008675751,5.151845270417391,1.6673591656465925,0.358563182087257,19.998692253507244,0.1363632,340908,ok,right
1,683,2,3,0.038400000000000004,1.0,0.3333333333333333,20.0,0.5783012866973877,-0.4907276237650209,2.8922995690978994,1.579592479538105,0.11148794355866236,-30.067437326059462,0.1381076,345269,ok,right
1,720,2,3,0.038400000000000004,1.0,0.3333333333333333,20.0,0.6366184193640948,0.20302665306109363,0.9901361730659215,1.6377341940927177,0.10246527700813564,7.293429192404276,0.1386796,346699,ok,right
1,819,2,3,0.038400000000000004,1.0,0.3333333333333333,20.0,0.12919339817017317,-0.27350897673926083,2.1487958216738936,1.1298384898945082,0.01727657396173057,19.68167361017409,0.13803279999999998,345082,ok,right
1,264,2,3,0.038400000000000004,1.0,0.3333333333333333,20.0,-0.0857837961986661,-0.2260526456691492,4.059960042089193,0.9143026616590536,0.04032695176549846,14.528244428186632,0.1426744,356686,ok,right
1,273,2,3,0.038400000000000004,1.0,0.3333333333333333,20.0,0.11455565188080073,0.40032424399592464,3.3801321725296605,1.1147530050972572,0.11860972452581972,-13.149252881161917,0.1406208,351552,ok,right
1,677,2,3,0.038400000000000004,1.0,0.3333333333333333,20.0,0.06792272422462702,-0.13952892136578515,6.045731210549057,1.0687893274249831,0.12921095194635565,15.132717309825859,0.1431076,357769,ok,right
1,852,2,3,0.038400000000000004,1.0,0.3333333333333333,20.0,0.6885989317670465,-0.23813762396158147,0.9817612932928487,1.688630896002839,0.25075414229019033,-11.708449594638884,0.140926,352315,ok,right
1,924,2,3,0.038400000000000004,1.0,0.3333333333333333,20.0,0.4906277677044273,0.2581016521365141,4.393293934463781,1.4906649562031076,0.07960183909400109,-16.096650218909627,0.1439528,359882,ok,right
1,948,2,3,0.038400000000000004,1.0,0.3333333333333333,20.0,0.4022444970905781,-1.123014587130633,1.2521437770200143,1.4024799096904448,0.07102780713625659,31.645285222890656,0.1429156,357289,ok,right
1,169,2,3,0.038400000000000004,1.0,0.3333333333333333,20.0,0.6477320326492191,0.33945481705871217,4.888875616424339,1.6484810210301057,0.0054315522496800545,2.8765963632498166,0.14423,360575,ok,right
1,215,2,3,0.038400000000000004,1.0,0.3333333333333333,20.0,0.38109339848160745,-0.36153919138331936,3.9261517764149767,1.3811861788586588,-0.17673974495150277,7.848856474380946,0.14515999999999998,362900,ok,right
1,265,2,3,0.038400000000000004,1.0,0.3333333333333333,20.0,0.4509255141019821,0.20001802814072903,5.0656333033886325,1.4524145512386057,0.07241377951685453,-11.578200986613515,0.1463776,365944,ok,right
1,539,2,3,0.038400000000000004,1.0,0.3333333333333333,20.0,0.4822951443493366,0.5711997244103527,5.5974622493418,1.482642449997676,0.20686123585239913,9.1677535556543,0.1469984,367496,ok,right
1,546,2,3,0.038400000000000004,1.0,0.3333333333333333,20.0,0.04080983251333237,-0.23902088469666172,4.587154985828996,1.041930764736164,0.09543257714232725,40.17648225508875,0.14704119999999998,367603,ok,right
1,649,2,3,0.038400000000000004,1.0,0.3333333333333333,20.0,-0.0006821732968091965,0.25672400803871176,0.5704831724682847,1.0006278117758898,-0.08446481464925747,-6.017886584028278,0.1477696,369424,ok,right
1,814,2,3,0.038400000000000004,1.0,0.3333333333333333,20.0,0.6863131280988455,0.10961394196735531,4.780199954195364,1.6868396253474653,-0.17353021771877508,-44.495928520753374,0.1455932,363983,ok,right
1,823,2,3,0.038400000000000004,1.0,0.3333333333333333,20.0,0.5290812686085701,-0.23424027472188996,5.959342774638232,1.5292732273648086,-0.05733068675408005,15.192232949683438,0.14622559999999998,365564,ok,right
1,4,2,3,0.038400000000000004,1.0,0.3333333333333333,20.0,-0.0027562854811549187,-1.0447263119174717,2.7166222793193424,0.9973494527496373,0.2568803301521251,-9.166736881793701,0.1514056,378514,ok,right
1,100,2,3,0.038400000000000004,1.0,0.3333333333333333,20.0,0.5294196758419275,-0.4031259999899468,1.7047619512523091,1.530510610437624,0.04676356517415503,-4.053503408511204,0.1482012,370503,ok,right
1,188,2,3,0.038400000000000004,1.0,0.3333333333333333,20.0,0.42593930512666706,0.3589292218328574,4.969267691568383,1.4263946478238698,0.5184544817347345,33.07028154344472,0.1518744,379686,ok,right
1,466,2,3,0.038400000000000004,1.0,0.3333333333333333,20.0,0.363746820949018,0.2617022512254174,1.7427913040132121,1.3639823575217458,-0.10948006837662427,2.753131451186794,0.1491992,372998,ok,right
1,471,2,3,0.038400000000000004,1.0,0.3333333333333333,20.0,0.6365752218291164,0.5703127081943734,4.456566321966975,1.63688874605621,-0.15213741328123698,-30.400657560111604,0.14998999999999998,374975,ok,right
1,570,2,3,0.038400000000000004,1.0,0.3333333333333333,20.0,0.679868726618588,0.1872929493516783,1.2927481625727977,1.6804628231162073,0.0020243061923371397,33.254974631904794,0.1510572,377643,ok,right
1,579,2,3,0.038400000000000004,1.0,0.3333333333333333,20.0,0.22061885241419077,0.09527893327469002,2.5641612141897294,1.2213875733686363,-0.39717134306982893,13.003677870571185,0.1518912,379728,ok,right
1,732,2,3,0.038400000000000004,1.0,0.3333333333333333,20.0,0.6736020594835281,-0.2654505959035287,3.7500124854036425,1.6741747717776347,0.10226610934889437,25.79373705728609,0.151,377500,ok,right
1,733,2,3,0.038400000000000004,1.0,0.3333333333333333,20.0,0.631270213238895,0.5392026215160781,5.119150461598799,1.6313966805188134,-0.026243664498051798,-3.813025881118751,0.14858639999999998,371466,ok,right
1,955,2,3,0.038400000000000004,1.0,0.3333333333333333,20.0,-0.005850440822541714,0.46408645118468567,1.865259649014215,0.9941903384561169,-0.02059921166761904,-4.883821933963063,0.15071959999999998,376799,ok,right
1,957,2,3,0.038400000000000004,1.0,0.3333333333333333,20.0,0.6780450182035566,-0.10465120363942594,1.0083608027320419,1.6789788833835737,-0.21778586909130043,38.84816488786332,0.1515244,378811,ok,right
1,200,2,3,0.038400000000000004,1.0,0.3333333333333333,20.0,0.5094460099935532,-0.6464531876417495,4.9504588484931435,1.5094765403427612,0.050874848274780615,-16.64786227797214,0.1549392,387348,ok,right
1,203,2,3,0.038400000000000004,1.0,0.3333333333333333,20.0,0.6519722178578378,0.46876347710985283,0.17168213072414626,1.6523873232233162,-0.0014036802313088406,3.9638093772322933,0.15319,382975,ok,right
1,401,2,3,0.038400000000000004,1.0,0.3333333333333333,20.0,0.05921403728425503,-0.4122046085852098,3.883239663924675,1.0593405226234662,0.06203593113751404,-17.829674096512733,0.15435,385875,ok,right
1,673,2,3,0.038400000000000004,1.0,0.3333333333333333,20.0,0.29947976041585206,-0.8433017497922621,2.9504661662330025,1.3000548141661654,-0.33945484556722794,1.424969483091531,0.1544208,386052,ok,right
1,748,2,3,0.038400000000000004,1.0,0.3333333333333333,20.0,0.6873122822493315,0.12128312899028405,3.841880898331792,1.6875535476213297,-0.050822521885282294,1.6472361065372116,0.1539796,384949,ok,right
1,774,2,3,0.038400000000000004,1.0,0.3333333333333333,20.0,-0.010003759525716305,0.8114587615084964,0.9250488177106021,0.9906171078008976,0.08066906866268189,-24.869546202107337,0.1552868,388217,ok,right
1,916,2,3,0.038400000000000004,1.0,0.3333333333333333,20.0,0.2831803472712636,0.45847328267744,1.402747772978099,1.284194021563024,-0.04065490085594508,12.90475341220746,0.1528164,382041,ok,right
1,971,2,3,0.038400000000000004,1.0,0.3333333333333333,20.0,0.042769392021000385,0.2558002957579086,4.528094297051387,1.0430788304931908,0.09602506714272928,13.355455738762076,0.155682,389205,ok,right
1,24,2,3,0.038400000000000004,1.0,0.3333333333333333,20.0,0.023730729147791865,0.18752901543109424,2.522014864705102,1.0238277955191286,0.14000968658078541,39.50071151012826,0.15946639999999998,398666,ok,right
1,93,2,3,0.038400000000000004,1.0,0.3333333333333333,20.0,0.6998472411185503,-0.07448070671120188,2.6105475771793674,1.7011216606912445,-0.0377649073407589,26.60946725773893,0.1597612,399403,ok,right
1,207,2,3,0.038400000000000004,1.0,0.3333333333333333,20.0,0.07587786633521319,-0.6803413366681353,2.5782167657855855,1.0759769100406806,-0.007913382472175278,-19.28475604017366,0.15759679999999998,393992,ok,right
1,363,2,3,0.038400000000000004,1.0,0.3333333333333333,20.0,0.6588399095460773,-0.07966257049935838,4.49194127716728,1.6590362942091426,-0.054329027152088996,-4.4409268799839925,0.1566312,391578,ok,right
1,415,2,3,0.038400000000000004,1.0,0.3333333333333333,20.0,0.01926071457564831,-0.7850300939213266,2.0500362087853197,1.0199258998430394,0.07417613158555761,1.052385518234481,0.1598716,399679,ok,right
1,478,2,3,0.038400000000000004,1.0,0.3333333333333333,20.0,0.45780591592192654,0.7004241368949808,3.5429851084195456,1.4581434004109164,0.05697845019649606,6.34511411294627,0.15925119999999998,398128,ok,right
1,811,2,3,0.038400000000000004,1.0,0.3333333333333333,20.0,0.30925715528428555,1.133418312870201,6.149113101825509,1.3093884553202455,0.12747817066908962,31.8601002440371,0.15914799999999998,397870,ok,right
1,827,2,3,0.038400000000000004,1.0,0.3333333333333333,20.0,-0.05742830298841,0.3103824884469925,3.194681352352904,0.9429735995361063,0.026263812584649767,-18.235869398393486,0.157718,394295,ok,right
1,889,2,3,0.038400000000000004,1.0,0.3333333333333333,20.0,0.03562419395893812,0.4026553915388651,0.7604418357290856,1.0358418466535664,0.23498591770637325,-16.045251818792437,0.15677159999999998,391929,ok,right
1,992,2,3,0.038400000000000004,1.0,0.3333333333333333,20.0,0.3727266164496541,0.3287787427528982,2.7860653606109875,1.3732858811288908,-0.1452813759607144,13.363684663882298,0.1577192,394298,ok,right
1,119,2,3,0.038400000000000004,1.0,0.3333333333333333,20.0,0.20575006529688836,-0.07186100042707372,4.048218831283492,1.2068934672718363,0.2435293584156007,-3.0276489831726643,0.1621716,405429,ok,right
1,126,2,3,0.038400000000000004,1.0,0.3333333333333333,20.0,0.026641889661550525,0.7106640886609086,0.18519845217890238,1.027040072349794,0.13844106356711758,5.689181074564248,0.16118359999999998,402959,ok,right
1,186,2,3,0.038400000000000004,1.0,0.3333333333333333,20.0,0.21188049893826247,-0.02139492907553528,3.207566462692326,1.2121984269705053,-0.11505007532263158,-10.537146322113179,0.1603008,400752,ok,right
1,242,2,3,0.038400000000000004,1.0,0.3333333333333333,20.0,0.09673909507691861,-0.3159090512551719,5.553452744946434,1.0968130585914475,-0.08529936909989284,0.5407194244704387,0.16112559999999998,402814,ok,right
1,337,2,3,0.038400000000000004,1.0,0.3333333333333333,20.0,-0.09400590248405934,-0.18820750405802866,5.962900292971722,0.907127798338878,-0.02718169921629118,-22.104399212068046,0.1613772,403443,ok,right
1,451,2,3,0.038400000000000004,1.0,0.3333333333333333,20.0,0.10145060122013093,-0.005532570115880361,1.1873158760377254,1.1019564548948957,-0.09430621626334565,-18.43162046397828,0.1679476,419869,ok,right
1,585,2,3,0.038400000000000004,1.0,0.3333333333333333,20.0,0.29363008588552475,-0.6129041970311315,5.338779644595841,1.2938110782752856,-0.2563699318499074,-36.99483877952899,0.1669448,417362,ok,right
1,602,2,3,0.038400000000000004,1.0,0.3333333333333333,20.0,-0.09284436982125044,0.08222062060437339,2.409105933023463,0.907544835690272,0.0017350068038672587,22.114814748188586,0.16440079999999999,411002,ok,right
1,711,2,3,0.038400000000000004,1.0,0.3333333333333333,20.0,-0.06459691226482392,0.03714087795522321,3.398792337777586,0.935566807053209,-0.10975383662524443,18.951211430432718,0.1646368,411592,ok,right
1,793,2,3,0.038400000000000004,1.0,0.3333333333333333,20.0,0.006227275729179383,1.0574141249862874,6.008941947111424,1.007026100660264,0.03049287249140805,-18.412774119405697,0.16464879999999998,411622,ok,right
1,929,2,3,0.038400000000000004,1.0,0.3333333333333333,20.0,0.23874639850109816,-1.1215353338050182,2.4665181062309243,1.2392410088600445,0.02137190915388979,12.654948158339193,0.167346,418365,ok,right
1,298,2,3,0.038400000000000004,1.0,0.3333333333333333,20.0,0.5679867275059224,0.3079694300225398,1.1005202207874374,1.5680030320228648,-0.08552123822181376,22.453909848803384,0.1694268,423567,ok,right
1,324,2,3,0.038400000000000004,1.0,0.3333333333333333,20.0,0.027808437868952752,0.8658394414704065,3.580451762907521,1.0284405239349697,0.04634816646556088,-44.69159519735339,0.171176,427940,ok,right
1,513,2,3,0.038400000000000004,1.0,0.3333333333333333,20.0,0.2259626151993871,-0.49012049912500283,1.707598543556336,1.2268959119205398,-0.1315982275828134,14.192179086088046,0.17082719999999998,427068,ok,right
1,803,2,3,0.038400000000000004,1.0,0.3333333333333333,20.0,0.559732117690146,0.8272042073918162,5.2608318510145065,1.5599685155957248,0.024691666949762346,5.406180108232003,0.1709128,427282,ok,right
1,982,2,3,0.038400000000000004,1.0,0.3333333333333333,20.0,0.6263851663097739,-0.3797646919527695,3.673327523670037,1.6264179783768082,-0.09476632765671948,-30.794961352592498,0.169838,424595,ok,right
1,113,2,3,0.038400000000000004,1.0,0.3333333333333333,20.0,0.42005143854767085,-0.4796037601333208,1.6959126134990141,1.420361864759158,0.10545553928818344,-29.843110613339036,0.173694,434235,ok,right
1,148,2,3,0.038400000000000004,1.0,0.3333333333333333,20.0,0.6047729639336468,-0.14713094193935236,2.8679821679748208,1.605112434172916,-0.3642387700407479,49.54451788393147,0.1751052,437763,ok,right
1,349,2,3,0.038400000000000004,1.0,0.3333333333333333,20.0,0.5449591701850295,-0.3737262624010662,4.363623008036313,1.54536871781592,-0.0070427065766260994,0.08691696475272119,0.1736068,434017,ok,right
1,464,2,3,0.038400000000000004,1.0,0.3333333333333333,20.0,0.547372636757791,-0.7685846537605302,5.127519526272507,1.547491431284882,-0.009484408947952465,32.56946381624552,0.1746844,436711,ok,right
1,653,2,3,0.038400000000000004,1.0,0.3333333333333333,20.0,-0.06683720666915179,-0.14788810066720903,5.526232292613906,0.9343870936828729,0.07456776584621835,-5.034243397977218,0.1729152,432288,ok,right
1,750,2,3,0.038400000000000004,1.0,0.3333333333333333,20.0,0.09872975796461106,-0.6950542077791079,2.673197004425195,1.099243384423839,0.1606364457911948,-12.984920447811302,0.17267839999999998,431696,ok,right
1,784,2,3,0.038400000000000004,1.0,0.3333333333333333,20.0,0.28737191911786797,-0.3029389980381817,1.627854029100079,1.28742274288255,-0.4226404859425799,-24.61602824249624,0.17372079999999998,434302,ok,right
1,958,2,3,0.038400000000000004,1.0,0.3333333333333333,20.0,-0.09635596796870233,-0.09065360345872253,4.795066489057643,0.9049355273389142,0.002689148835294052,25.715624747350688,0.1727096,431774,ok,right
1,999,2,3,0.038400000000000004,1.0,0.3333333333333333,20.0,0.5441285206004978,-0.5082316319780709,5.9636312458417,1.5447765488854628,-0.12896492450414365,-41.10922544915681,0.17288119999999998,432203,ok,right
1,170,2,3,0.038400000000000004,1.0,0.3333333333333333,20.0,-0.071968774497509,0.04225120119204608,3.5092993042648764,0.9282951440239161,0.0346617267217406,7.50751128185463,0.1765988,441497,ok,right
1,184,2,3,0.038400000000000004,1.0,0.3333333333333333,20.0,0.4815416522324085,0.23397427279470118,3.888378631811886,1.4826040597204635,0.003987959816343891,-48.55275062086404,0.1784356,446089,ok,right
1,276,2,3,0.038400000000000004,1.0,0.3333333333333333,20.0,0.44243013206869364,-0.15093443711999546,1.53840419133815,1.4427462853564503,0.031629718004185216,-5.415374208742943,0.1797228,449307,ok,right
1,427,2,3,0.038400000000000004,1.0,0.3333333333333333,20.0,0.3500687893480063,-0.2868385105740714,3.3430021018446086,1.350112997523855,0.2396100128119338,-9.983015624314518,0.1786896,446724,ok,right
1,718,2,3,0.038400000000000004,1.0,0.3333333333333333,20.0,-0.01160427499562502,-0.1488813459834249,2.8448025982012703,0.9889048656609063,0.06460386561044337,33.799285998690934,0.17704879999999998,442622,ok,right
1,755,2,3,0.038400000000000004,1.0,0.3333333333333333,20.0,0.6480960277840495,0.0054667474373677125,6.1685127312007975,1.648619465226942,-0.04210823686087401,40.017391874982735,0.1796388,449097,ok,right
1,252,2,3,0.038400000000000004,1.0,0.3333333333333333,20.0,0.07500130459666253,-0.756163658890057,6.063307682656814,1.0754240595362066,0.15236378412844012,-11.238202220363416,0.1839528,459882,ok,right
1,340,2,3,0.038400000000000004,1.0,0.3333333333333333,20.0,0.5487158169969917,-0.8526992690965808,3.97853851002985,1.5495144739126374,-0.09820581384258868,-17.801882938243057,0.1819476,454869,ok,right
1,428,2,3,0.038400000000000004,1.0,0.3333333333333333,20.0,0.48354051858186725,0.27062248823648266,2.2418767669374535,1.4835740162478634,0.40685968068557504,9.73129634120085,0.1802424,450606,ok,right
1,746,2,3,0.038400000000000004,1.0,0.3333333333333333,20.0,0.37756096832454206,-0.08096944350665011,6.111249237283569,1.3783974349990695,0.16684134116796587,63.61313705851434,0.1822644,455661,ok,right
1,366,2,3,0.038400000000000004,1.0,0.3333333333333333,20.0,0.25260525047779087,-0.3053186639141,0.56287143268877,1.2534875930006475,-0.05483299067294739,3.1822011806701367,0.18577079999999999,464427,ok,right
1,776,2,3,0.038400000000000004,1.0,0.3333333333333333,20.0,0.53768211863935,-0.12105445271233431,3.585988975131779,1.5380374701531743,-0.12775600454222757,26.81969815510724,0.1858724,464681,ok,right
1,890,2,3,0.038400000000000004,1.0,0.3333333333333333,20.0,0.13254768606275322,0.4469651991855144,5.101492582488685,1.1332165494601074,-0.13265669644235556,-12.352488116738554,0.1855512,463878,ok,right
1,35,2,3,0.038400000000000004,1.0,0.3333333333333333,20.0,0.5951698765158654,-0.5099298755719246,1.9845858946770254,1.5956061241325983,0.2587831310815022,-4.797261862219595,0.1913308,478327,ok,right
1,101,2,3,0.038400000000000004,1.0,0.3333333333333333,20.0,0.6393856320530177,-0.05949157056170368,5.463222405279183,1.6401651247514981,-0.025479977141804517,27.551517890385558,0.1919728,479932,ok,right
1,179,2,3,0.038400000000000004,1.0,0.3333333333333333,20.0,0.006874191574752331,1.037215263430354,5.606197919823254,1.0070742955849374,-0.04362712200359514,43.54214238400098,0.18915759999999998,472894,ok,right
1,636,2,3,0.038400000000000004,1.0,0.3333333333333333,20.0,0.2504146434366703,-0.27425519642487683,4.19941830219407,1.2509986283788364,0.3727026675591265,26.816046258046786,0.1895916,473979,ok,right
1,684,2,3,0.038400000000000004,1.0,0.3333333333333333,20.0,0.5376220975071192,-0.4105508676169608,0.6000113766079391,1.537974345937623,-0.013066502966786818,19.280903561417553,0.1910376,477594,ok,right
1,824,2,3,0.038400000000000004,1.0,0.3333333333333333,20.0,0.05713175963610411,-0.4507536671425464,3.3781149781968485,1.0585265889763344,0.08311530843448092,-10.07597513063748,0.1913916,478479,ok,right
1,984,2,3,0.038400000000000004,1.0,0.3333333333333333,20.0,0.6668700683861971,0.3773529788120266,1.9696357906194688,1.6672272885709098,-0.22166293493773875,-22.896112793479485,0.1883552,470888,ok,right
1,19,2,3,0.038400000000000004,1.0,0.3333333333333333,20.0,0.671215109527111,0.1121935107099632,4.190156668775577,1.6712890088926171,0.3453992250388566,-8.013473969574285,0.1942784,485696,ok,right
1,136,2,3,0.038400000000000004,1.0,0.3333333333333333,20.0,0.04670931436121464,-0.11911645211489925,5.041105969132424,1.0476001204678154,0.02639634135672223,-42.093590046109775,0.195882,489705,ok,right
1,139,2,3,0.038400000000000004,1.0,0.3333333333333333,20.0,-0.08675514198839665,-0.13908307629856698,1.6115216708032278,0.9133135927893873,0.05504741362333917,-29.42381484327671,0.1929204,482301,ok,right
1,336,2,3,0.038400000000000004,1.0,0.3333333333333333,20.0,0.6835107108578087,0.20207002192862172,2.764512195863735,1.683939077573037,-0.2899023505225336,-20.50220488855634,0.1937148,484287,ok,right
1,698,2,3,0.038400000000000004,1.0,0.3333333333333333,20.0,0.37395652662962675,0.19004596183550151,4.558026711308016,1.374228622310137,0.03788080876656549,13.588817496688552,0.1928108,482027,ok,right
1,709,2,3,0.038400000000000004,1.0,0.3333333333333333,20.0,0.43256280124187474,-0.7989239074248887,2.783637049724949,1.4338002631159552,-0.16017406188646877,2.146718994262119,0.19431279999999998,485782,ok,right
1,745,2,3,0.038400000000000004,1.0,0.3333333333333333,20.0,0.2536593170836568,-0.09555974521666344,2.7510276811738583,1.2537165388272105,0.3923249674735259,-19.47204948162395,0.1923212,480803,ok,right
1,950,2,3,0.038400000000000004,1.0,0.3333333333333333,20.0,0.5863455794751644,-0.09668658091634037,1.3078540030374006,1.5870720807074998,0.27189366827687717,-8.717102734082744,0.19358599999999998,483965,ok,right
1,964,2,3,0.038400000000000004,1.0,0.3333333333333333,20.0,0.47157524414360524,0.42472153490947423,0.12026851412350258,1.4721593923279095,-0.32609942799533165,-18.83077028044365,0.194206,485515,ok,right
1,13,2,3,0.038400000000000004,1.0,0.3333333333333333,20.0,0.49727033358067274,-0.23712603088557765,4.744949803462238,1.4973137332377924,0.06358608042413252,22.2640072714324,0.1971744,492936,ok,right
1,77,2,3,0.038400000000000004,1.0,0.3333333333333333,20.0,-0.012377162650227548,0.6924141501449912,1.3062698149010346,0.9876979754802854,-0.028236028613392253,-3.2641477546698554,0.19923639999999998,498091,ok,right
1,145,2,3,0.038400000000000004,1.0,0.3333333333333333,20.0,0.25422249734401703,1.837377991186808,0.1772078502639734,1.2550145939407065,0.08879066944576858,-16.460673386620737,0.19907,497675,ok,right
1,199,2,3,0.038400000000000004,1.0,0.3333333333333333,20.0,0.602742087841034,0.16840967289938594,1.50491805355753,1.603043444770013,-0.03181837881456748,-31.878245832244414,0.1998796,499699,ok,right
1,306,2,3,0.038400000000000004,1.0,0.3333333333333333,20.0,0.010809912532567979,0.0536774236526849,2.04583935721532,1.0109716808368516,-0.0032020055354227872,15.124016422555865,0.19895079999999998,497377,ok,right
1,371,2,3,0.038400000000000004,1.0,0.3333333333333333,20.0,0.19003516025841238,1.0694232439650073,0.05825826065611378,1.1901172771379214,-0.19958083081981715,25.672222702558585,0.19690639999999998,492266,ok,right
1,574,2,3,0.038400000000000004,1.0,0.3333333333333333,20.0,-0.05358173027634621,-0.2720242780983796,5.961583024479345,0.9470322923343751,0.05055219035547511,19.356338706427668,0.1975604,493901,ok,right
1,974,2,3,0.038400000000000004,1.0,0.3333333333333333,20.0,0.5152586329728365,0.47214243112997195,2.8231356623149932,1.5155022897065116,0.5857531204333285,-17.01971104281952,0.19830199999999998,495755,ok,right
1,977,2,3,0.038400000000000004,1.0,0.3333333333333333,20.0,0.3100396506488323,-0.5552535287796021,4.730127951969773,1.3119348449390948,0.0536629095652914,8.453266181157705,0.19798359999999998,494959,ok,right
1,114,2,3,0.038400000000000004,1.0,0.3333333333333333,20.0,0.46844070442020896,0.8444830781414028,1.8923171161806143,1.4687898924071177,0.39437480395269126,20.885189148560595,0.2006932,501733,ok,right
1,180,2,3,0.038400000000000004,1.0,0.3333333333333333,20.0,0.1532180329784751,-1.9745002265775857,2.054086363319084,1.1537149985993829,-0.1827524266740086,-10.140108667670463,0.203432,508580,ok,right
1,274,2,3,0.038400000000000004,1.0,0.3333333333333333,20.0,0.4693679476156831,-0.09153220406633943,5.7958760465985835,1.4694457139879515,-0.16639204835609117,-11.8495143639852,0.200268,500670,ok,right
1,375,2,3,0.038400000000000004,1.0,0.3333333333333333,20.0,0.5401860786601901,0.24954153779156585,5.780597393084195,1.5408059392871964,-0.43080409337093023,-11.179857690299514,0.2013516,503379,ok,right
1,521,2,3,0.038400000000000004,1.0,0.3333333333333333,20.0,0.5758796356618404,-0.8273300801352433,1.0083118344751745,1.5765868458787538,0.11279546889438312,-3.8089653253421076,0.2032656,508164,ok,right
1,530,2,3,0.038400000000000004,1.0,0.3333333333333333,20.0,0.6195100178942085,-0.103755110897748,3.3410631414448395,1.6196363693970046,0.41915555339281535,1.112259855889426,0.2018516,504629,ok,right
1,561,2,3,0.038400000000000004,1.0,0.3333333333333333,20.0,0.012812572903931141,0.32583056184403464,2.2394293079166756,1.0128252189568947,0.3267443119958559,20.37589985177863,0.20024319999999998,500608,ok,right
1,907,2,3,0.038400000000000004,1.0,0.3333333333333333,20.0,0.008351523615419866,0.2880696254684187,0.05518930868480283,1.0084438703922876,-0.07712063546221848,-23.612872349059252,0.20106079999999998,502652,ok,right
1,991,2,3,0.038400000000000004,1.0,0.3333333333333333,20.0,0.36567662060260775,-0.3235768447856755,1.2697444604219825,1.3657370586661945,0.06496416801313984,-4.3020471451162985,0.20211559999999998,505289,ok,right
1,88,2,3,0.038400000000000004,1.0,0.3333333333333333,20.0,0.38992945048958066,0.6976977204656618,0.6112046865570845,1.391048489886704,0.1801072807179937,6.354174816312359,0.205528,513820,ok,right
1,294,2,3,0.038400000000000004,1.0,0.3333333333333333,20.0,0.31042699310928584,0.6814252275233245,4.69375609270727,1.3106291671714478,0.2621502556079274,-8.623824660052238,0.2066604,516651,ok,right
1,446,2,3,0.038400000000000004,1.0,0.3333333333333333,20.0,0.694070808030665,-0.2113926921113334,3.0431384014435765,1.6941351656706558,-0.22147804770833032,2.3575575471239265,0.2054104,513526,ok,right
1,568,2,3,0.038400000000000004,1.0,0.3333333333333333,20.0,0.19724798891693354,-1.5826293591676308,3.736311261344093,1.1975129267605054,-0.04733416398858286,31.819954537718555,0.2061768,515442,ok,right
1,601,2,3,0.038400000000000004,1.0,0.3333333333333333,20.0,0.5988100433722139,0.7167660976813569,3.9417554332727733,1.5996571376791668,-0.004235571117545626,-18.010862260424936,0.20430959999999998,510774,ok,right
1,642,2,3,0.038400000000000004,1.0,0.3333333333333333,20.0,0.22804440837353468,0.868242201533946,2.6851288656408223,1.228334484407137,-0.013887761231954995,-17.237987205290196,0.20579719999999999,514493,ok,right
1,679,2,3,0.038400000000000004,1.0,0.3333333333333333,20.0,0.033293697796761994,-0.08666818386679498,1.19677357851471,1.0333412151534476,-0.06942273372859374,-0.14347503522987143,0.20604399999999998,515110,ok,right
1,740,2,3,0.038400000000000004,1.0,0.3333333333333333,20.0,0.3560829009860754,0.1831456709045499,0.40623798475695183,1.356434191456716,0.18764483199000123,3.171335064777058,0.20498159999999999,512454,ok,right
1,781,2,3,0.038400000000000004,1.0,0.3333333333333333,20.0,0.5416210912168026,0.2643720967321662,4.288045506009993,1.5417103155410485,-0.09858623188589459,-37.227027067927644,0.2045352,511338,ok,right
1,995,2,3,0.038400000000000004,1.0,0.3333333333333333,20.0,-0.016805967316031456,0.40929635197159014,5.923408942307024,0.9835752196459385,-0.03633813539497181,-11.434626905881,0.2047116,511779,ok,right
1,152,2,3,0.038400000000000004,1.0,0.3333333333333333,20.0,0.5106595860794186,-0.1717050994773345,4.033761511180936,1.5118501134738132,-0.34062114424056417,33.746490985808535,0.2083252,520813,ok,right
1,410,2,3,0.038400000000000004,1.0,0.3333333333333333,20.0,0.5542580069974065,0.4238008881453479,1.20275376233337,1.55440669843836,0.29321245045571026,1.112796351693127,0.21129879999999998,528247,ok,right
1,426,2,3,0.038400000000000004,1.0,0.3333333333333333,20.0,0.28334827423095704,-0.7799719251158661,2.558219901567354,1.2837412809268425,-0.31417384264697723,7.514051978558891,0.2088228,522057,ok,right
1,480,2,3,0.038400000000000004,1.0,0.3333333333333333,20.0,0.35785512104630474,0.7516091898334962,0.9207400265750134,1.3579869688543456,0.08075104881207729,-16.98156831859308,0.2096324,524081,ok,right
1,675,2,3,0.038400000000000004,1.0,0.3333333333333333,20.0,0.00008303504437208177,-0.36682617666356016,0.9352861165466188,1.0012857924336414,-0.0035624268687418563,-54.285783351352734,0.2102896,525724,ok,right
1,714,2,3,0.038400000000000004,1.0,0.3333333333333333,20.0,0.16960888765752316,1.104434938953767,4.883968621994039,1.170006263536934,-0.013357160092546451,12.780526865853007,0.20820639999999999,520516,ok,right
1,768,2,3,0.038400000000000004,1.0,0.3333333333333333,20.0,0.650840262696147,0.49127780127034243,0.8411379213421009,1.6511495349042238,0.3867636058855459,-34.44164177243837,0.2098476,524619,ok,right
1,86,2,3,0.038400000000000004,1.0,0.3333333333333333,20.0,0.46570664905011655,-0.917182052904645,1.621114732701333,1.466009272407477,0.1757490752509751,-28.81354959584222,0.2156816,539204,ok,right
1,172,2,3,0.038400000000000004,1.0,0.3333333333333333,20.0,0.12901326399296523,0.8351780555665903,1.998885714093331,1.1299837032649644,-0.1633930358143477,-6.40499067999365,0.21352159999999998,533804,ok,right
1,322,2,3,0.038400000000000004,1.0,0.3333333333333333,20.0,0.13807100784033538,-0.8353228592404148,3.9254331383893897,1.1380996424150795,-0.11678214303256046,-11.126178383351382,0.2154576,538644,ok,right
1,384,2,3,0.038400000000000004,1.0,0.3333333333333333,20.0,0.580575972981751,0.8029300062912996,4.7813534885075555,1.5806905265560176,-0.22181478799740886,0.233289809921592,0.2145552,536388,ok,right
1,512,2,3,0.038400000000000004,1.0,0.3333333333333333,20.0,0.5221031334251166,0.5792493033265341,0.17197799420233342,1.522973919376759,-0.13863463246057947,-2.7345083913528208,0.2123948,530987,ok,right
1,117,2,3,0.038400000000000004,1.0,0.3333333333333333,20.0,0.1653022572398186,-0.6333323636065774,5.717542281099969,1.1653721854293297,0.013790202014228904,-9.105616672870932,0.2190376,547594,ok,right
1,662,2,3,0.038400000000000004,1.0,0.3333333333333333,20.0,0.6908326670527458,-0.18081491927682727,4.959735051112788,1.6914573666461026,0.017736677175449658,7.618181656453123,0.2198648,549662,ok,right
1,705,2,3,0.038400000000000004,1.0,0.3333333333333333,20.0,0.48212994374334817,-0.8717242304335112,3.9449997788813618,1.4829426303384052,0.3865889404539979,-19.525534203337784,0.2190228,547557,ok,right
1,829,2,3,0.038400000000000004,1.0,0.3333333333333333,20.0,0.5957647304981947,-0.4609031408915895,4.4489582058355435,1.5963433332900372,0.08607013732430754,2.052341130991991,0.21989519999999999,549738,ok,right
1,2,2,3,0.038400000000000004,1.0,0.3333333333333333,20.0,-0.07783431336283685,0.06347166679641081,3.5509535105526213,0.9223732705651504,-0.05585244684899547,20.76405095610133,0.2235508,558877,ok,right
1,41,2,3,0.038400000000000004,1.0,0.3333333333333333,20.0,-0.019391098618507387,-0.6396858221903732,3.178115456739715,0.9807460631395771,0.05321480214901801,-8.312078927787748,0.220192,550480,ok,right
1,72,2,3,0.038400000000000004,1.0,0.3333333333333333,20.0,0.2826111638918519,0.642181721777065,3.5715507548876664,1.2829266789287714,0.011318490994181307,1.1819713531252563,0.2204576,551144,ok,right
1,95,2,3,0.038400000000000004,1.0,0.3333333333333333,20.0,-0.03178005460649729,0.1968617568095228,5.363245458758062,0.969243821601572,-0.016998217601994256,-9.08918235152228,0.2222992,555748,ok,right
1,151,2,3,0.038400000000000004,1.0,0.3333333333333333,20.0,0.566429515182972,0.8278462470393062,5.982320335905889,1.5665373093989345,-0.11290955086077321,-11.578145846810246,0.2203896,550974,ok,right
1,154,2,3,0.038400000000000004,1.0,0.3333333333333333,20.0,0.46119047291576865,-0.4587479467630653,3.0705635481995923,1.4620858669876307,-0.11309783905996665,-48.78232622955605,0.2216812,554203,ok,right
1,529,2,3,0.038400000000000004,1.0,0.3333333333333333,20.0,0.006563572958111764,0.4201660140141685,4.389762731100701,1.0069724092956314,-0.062474000968582764,4.770462884647219,0.22067399999999998,551685,ok,right
1,680,2,3,0.038400000000000004,1.0,0.3333333333333333,20.0,-0.07905531600117684,0.16085151102597905,3.9418861508548284,0.9210136658591436,-0.05471924127920735,-41.153987349546746,0.22364879999999998,559122,ok,right
1,877,2,3,0.038400000000000004,1.0,0.3333333333333333,20.0,0.4097221523523331,-0.4104256662175779,2.6600020802207816,1.409918879211131,0.041121908301270924,6.9117258234970205,0.2233248,558312,ok,right
1,26,2,3,0.038400000000000004,1.0,0.3333333333333333,20.0,0.44158341456204653,0.17625166619618243,2.5416270560773087,1.441700131088292,-0.05633358034561923,34.494029409963005,0.2263724,565931,ok,right
1,339,2,3,0.038400000000000004,1.0,0.3333333333333333,20.0,0.2568877885118127,-1.1800998538140106,0.6372990108847186,1.2575317731286366,0.1386078039567729,14.040198188258758,0.22616719999999998,565418,ok,right
1,463,2,3,0.038400000000000004,1.0,0.3333333333333333,20.0,0.616745393536985,-0.1599256445205346,5.052051516349829,1.6175646329058229,-0.23524197084478682,15.06736399040905,0.2270992,567748,ok,right
1,639,2,3,0.038400000000000004,1.0,0.3333333333333333,20.0,-0.025865215435624124,-0.7252872031868984,2.8967950490612555,0.9744880127552261,0.0076160576519916255,33.45518972551124,0.2243028,560757,ok,right
1,671,2,3,0.038400000000000004,1.0,0.3333333333333333,20.0,-0.028293962962925436,-0.2609736113899578,4.969731879863689,0.9719102724730052,0.039953648220094666,6.692862579352667,0.22753199999999998,568830,ok,right
1,693,2,3,0.038400000000000004,1.0,0.3333333333333333,20.0,0.5581691075116396,0.6282141490700889,0.308290848774159,1.5584260962069696,-0.07853541538244521,-6.60944642438139,0.22644879999999998,566122,ok,right
1,102,2,3,0.038400000000000004,1.0,0.3333333333333333,20.0,0.6945621963590384,-0.2595301335697187,1.3950161792461861,1.6949420165275075,0.21657808863824796,7.976810544066948,0.2281504,570376,ok,right
1,279,2,3,0.038400000000000004,1.0,0.3333333333333333,20.0,0.5611883785575629,0.49124833898352604,5.157429831448203,1.5613086026234202,0.11736246395579533,24.773129658026306,0.2299704,574926,ok,right
1,302,2,3,0.038400000000000004,1.0,0.3333333333333333,20.0,0.3022622182965279,0.25247000593345864,0.9441169820333268,1.3028910478755582,0.07048795623648133,0.8638569129417034,0.23110399999999998,577760,ok,right
1,495,2,3,0.038400000000000004,1.0,0.3333333333333333,20.0,0.6623361300677062,0.023518239566167918,1.1657154297781507,1.6624083499698685,-0.12465238801414442,-4.5532825420965946,0.22861599999999999,571540,ok,right
1,598,2,3,0.038400000000000004,1.0,0.3333333333333333,20.0,-0.0723013162612915,0.3271653036422386,5.73946161570538,0.928229374584679,-0.04712239795890127,0.9168236806397296,0.2295932,573983,ok,right
1,623,2,3,0.038400000000000004,1.0,0.3333333333333333,20.0,-0.011394980736076832,0.7562260078317173,4.449952543939431,0.9886157515464878,0.008613180254674599,-0.5406707358204239,0.22854839999999998,571371,ok,right
1,783,2,3,0.038400000000000004,1.0,0.3333333333333333,20.0,0.5576705910265446,0.5322975198271777,0.9339964708734143,1.5578454532782777,-0.17305650564299266,37.50111499233163,0.22845079999999998,571127,ok,right
1,862,2,3,0.038400000000000004,1.0,0.3333333333333333,20.0,0.29941410254687073,-0.6505058056330101,5.523984350749533,1.299865280345586,0.2749397442190414,-16.604723309525664,0.2295132,573783,ok,right
1,918,2,3,0.038400000000000004,1.0,0.3333333333333333,20.0,0.4004736622795463,-1.1301755688922968,5.397755697710893,1.4005335019241398,-0.2198417874371059,-17.53832655692869,0.22835439999999999,570886,ok,right
1,935,2,3,0.038400000000000004,1.0,0.3333333333333333,20.0,0.22456878628581764,1.1977942929981882,2.2268453231717715,1.2255879726255352,0.08987759085586651,-24.72312793469907,0.22904239999999998,572606,ok,right
1,158,2,3,0.038400000000000004,1.0,0.3333333333333333,20.0,0.637386310659349,0.5353187945614922,5.309687442708859,1.6374266156220156,0.2955417291821274,38.39750129301827,0.2352544,588136,ok,right
1,239,2,3,0.038400000000000004,1.0,0.3333333333333333,20.0,0.5215298388153314,0.07599900407628736,5.072639234162342,1.5220809322741515,0.022581309698527858,-17.800203999179494,0.2352896,588224,ok,right
1,731,2,3,0.038400000000000004,1.0,0.3333333333333333,20.0,0.5507134579122067,0.02340976379756024,0.4902849676168589,1.5508725197991355,0.07997059551918402,-62.73936718776132,0.2340464,585116,ok,right
1,945,2,3,0.038400000000000004,1.0,0.3333333333333333,20.0,-0.08601993452757598,-0.34484924021920516,5.399187521466384,0.9144958534008081,-0.041510010862266265,52.876796426958336,0.23226919999999998,580673,ok,right
1,29,2,3,0.038400000000000004,1.0,0.3333333333333333,20.0,0.635497715882957,0.5062306067034454,0.9455535968455288,1.6358343226251606,-0.10297744907457405,14.653184466922285,0.23999759999999998,599994,ok,right
1,66,2,3,0.038400000000000004,1.0,0.3333333333333333,20.0,0.3172867523506284,-0.21342134425038126,0.6863195641475259,1.3177940455897776,0.012765673541797239,-81.84995212918066,0.23987799999999998,599695,ok,right
1,115,2,3,0.038400000000000004,1.0,0.3333333333333333,20.0,0.54554108902812,0.6007579232719905,1.6798544982140569,1.5455977502028249,-0.20471317615648554,-41.91755289467406,0.2362868,590717,ok,right
1,314,2,3,0.038400000000000004,1.0,0.3333333333333333,20.0,-0.06728345323354006,-0.49569389531237407,5.842028998082839,0.9339811423488908,0.011450811136731093,37.60329322445054,0.23693199999999998,592330,ok,right
1,343,2,3,0.038400000000000004,1.0,0.3333333333333333,20.0,-0.07237430941313505,0.20612603587004943,0.540700331344835,0.9285413564014554,-0.0005293784357739349,-22.37061943839009,0.2383044,595761,ok,right
1,350,2,3,0.038400000000000004,1.0,0.3333333333333333,20.0,0.3473223388195038,0.8073658172156895,0.9023292244912073,1.3483612256487165,0.31985653419872145,7.034395275082976,0.238088,595220,ok,right
1,356,2,3,0.038400000000000004,1.0,0.3333333333333333,20.0,0.6367175130173565,0.48516778807964706,4.3179420787736795,1.637085422064124,-0.45034735620860256,32.137413917043446,0.2392636,598159,ok,right
1,374,2,3,0.038400000000000004,1.0,0.3333333333333333,20.0,0.08558115586638451,-0.36582149168295797,1.9432434186769552,1.0865063812804447,0.21308617967644214,69.6878838361767,0.2393044,598261,ok,right
1,379,2,3,0.038400000000000004,1.0,0.3333333333333333,20.0,0.28322845678776504,-1.056929610123185,0.2110082842905795,1.2834627690952018,-0.0419971983752741,0.5256215496247824,0.2389656,597414,ok,right
1,509,2,3,0.038400000000000004,1.0,0.3333333333333333,20.0,0.4009205656126142,-0.5928712673979174,2.177226050204171,1.401087930869866,-0.057599802203399844,37.30457256668099,0.23717239999999998,592931,ok,right
1,515,2,3,0.038400000000000004,1.0,0.3333333333333333,20.0,0.5133304718881846,0.39243444740837635,3.8388910741364706,1.5134958243263748,-0.03418701670589021,8.76213520652506,0.24215399999999998,605385,ok,right
1,696,2,3,0.038400000000000004,1.0,0.3333333333333333,20.0,0.21607058253139258,-1.2871075211463394,3.1824133198772513,1.216107498342045,-0.07403963202409111,-29.553810856658107,0.2404236,601059,ok,right
1,625,2,3,0.038400000000000004,1.0,0.3333333333333333,20.0,0.18891158495098354,-0.593128954927482,1.9536455210862738,1.189395842054386,-0.12608739056829252,-15.536318893856492,0.246108,615270,ok,right
1,855,2,3,0.038400000000000004,1.0,0.3333333333333333,20.0,-0.007822240144014359,-0.05632080778098345,3.53276444296209,0.9927190830575391,-0.04991398448979349,-9.049615157258032,0.2454352,613588,ok,right
1,917,2,3,0.038400000000000004,1.0,0.3333333333333333,20.0,-0.08146859407424928,-0.11085163513782537,3.5837127930968036,0.9186184031101523,-0.020675133291764992,14.17313226896106,0.2461776,615444,ok,right
1,71,2,3,0.038400000000000004,1.0,0.3333333333333333,20.0,0.4829918028786779,0.1941890844278554,5.6932829709909,1.4837011180163826,-0.11738901123684077,-21.812787289857603,0.2504648,626162,ok,right
1,334,2,3,0.038400000000000004,1.0,0.3333333333333333,20.0,0.12826472669839858,-1.2539226357935371,3.142973477095206,1.1289530423303442,-0.09002119367747591,-0.5202258434493248,0.2513832,628458,ok,right
1,592,2,3,0.038400000000000004,1.0,0.3333333333333333,20.0,0.4012369938194752,-1.4361153505957105,5.387257559118424,1.4015810430816809,0.1715324559936164,19.185723963501747,0.2497992,624498,ok,right
1,637,2,3,0.038400000000000004,1.0,0.3333333333333333,20.0,0.2985908105969429,0.17354037983501244,5.018456392635222,1.299718466751647,0.1420032999150589,2.573011783558598,0.24809679999999998,620242,ok,right
1,97,2,3,0.038400000000000004,1.0,0.3333333333333333,20.0,0.39677411671727897,0.6563823140763957,5.964123191544642,1.3972888928121039,-0.07886145824832705,-52.46014230695083,0.2555848,638962,ok,right
1,241,2,3,0.038400000000000004,1.0,0.3333333333333333,20.0,0.045101046003401285,-0.4859576422011935,4.353831118016219,1.0456122100533138,0.054862277499674685,18.41955883323569,0.2529044,632261,ok,right
1,403,2,3,0.038400000000000004,1.0,0.3333333333333333,20.0,0.19070248007774354,0.5136373745220533,2.1454106072946986,1.1907493042198387,0.1120165714746865,58.45463783153955,0.254506,636265,ok,right
1,702,2,3,0.038400000000000004,1.0,0.3333333333333333,20.0,0.23495570402592422,0.19603744033199755,1.8079636256505753,1.2350381620451218,-0.23540211997615446,-36.722355460476194,0.25536,638400,ok,right
1,723,2,3,0.038400000000000004,1.0,0.3333333333333333,20.0,0.42622077744454145,-0.7047832683508807,1.5022742592271698,1.4263130323387971,0.08997439762376828,8.524115533403052,0.2522664,630666,ok,right
1,800,2,3,0.038400000000000004,1.0,0.3333333333333333,20.0,0.25311166439205407,-1.3360675833505724,5.712836527143572,1.2538157800801542,-0.16529019273355777,15.205188809503525,0.25311279999999997,632782,ok,right
1,116,2,3,0.038400000000000004,1.0,0.3333333333333333,20.0,0.43184711728245023,0.30690375386452307,0.153970346008648,1.4321928754100357,0.310237843483417,18.835023323856582,0.25919559999999997,647989,ok,right
1,233,2,3,0.038400000000000004,1.0,0.3333333333333333,20.0,0.3140024969354272,0.7037449866623495,5.686503731076918,1.3140315455943756,0.10801029864410416,26.39296762028256,0.2562292,640573,ok,right
1,283,2,3,0.038400000000000004,1.0,0.3333333333333333,20.0,0.2650642223656178,-0.15486409827215225,3.5493216517677246,1.26553843949824,-0.028495786822842376,32.10829008742099,0.2564024,641006,ok,right
1,473,2,3,0.038400000000000004,1.0,0.3333333333333333,20.0,0.15025490112602713,-0.7672047783317674,0.08260308271567038,1.1502957380643155,0.10968256372596093,3.6844234693540043,0.2562948,640737,ok,right
1,604,2,3,0.038400000000000004,1.0,0.3333333333333333,20.0,0.559655011445284,0.07469438349208544,2.786875809912311,1.5601161102426044,-0.06532292377694651,-18.538607914285915,0.25903719999999997,647593,ok,right
1,773,2,3,0.038400000000000004,1.0,0.3333333333333333,20.0,0.516544869914651,-0.6882207739984035,0.24915706383180156,1.517146669757897,-0.0192482360069385,-50.16408575624054,0.25854,646350,ok,right
1,857,2,3,0.038400000000000004,1.0,0.3333333333333333,20.0,0.2190002741292119,0.5663344679489132,4.508185914507344,1.219581896180534,-0.06325098635838333,20.562520369659786,0.2569416,642354,ok,right
1,891,2,3,0.038400000000000004,1.0,0.3333333333333333,20.0,0.4226064465939999,0.27724756335339024,2.0129065286993946,1.4229944520680171,0.7381885276982311,-8.734818868406832,0.25607399999999997,640185,ok,right
1,960,2,3,0.038400000000000004,1.0,0.3333333333333333,20.0,0.1339772602543235,-0.806954189252938,1.0181212151438248,1.1340251003638868,-0.04143872743543215,32.5847808316184,0.2560692,640173,ok,right
1,39,2,3,0.038400000000000004,1.0,0.3333333333333333,20.0,0.5097673039883376,0.3968285757745691,2.9375535267011643,1.5100633957123468,-0.14986412367635923,-0.32159737183548603,0.26260279999999997,656507,ok,right
1,62,2,3,0.038400000000000004,1.0,0.3333333333333333,20.0,0.58350899964571,0.09250852307834828,2.022772437985546,1.583533284886315,0.7209512256697176,-17.17205245744492,0.2605088,651272,ok,right
1,263,2,3,0.038400000000000004,1.0,0.3333333333333333,20.0,0.6359191004186869,0.4028462607584806,5.8899453641861035,1.6366624541366102,-0.07312592007925571,40.640345429731916,0.2623296,655824,ok,right
1,432,2,3,0.038400000000000004,1.0,0.3333333333333333,20.0,0.3989033786579967,-0.46547803854994185,5.424775392332485,1.3992041989470725,0.46258921448719564,-18.69234482970471,0.2639304,659826,ok,right
1,444,2,3,0.038400000000000004,1.0,0.3333333333333333,20.0,0.6425022481009365,-0.40542170640085806,0.6706768064153064,1.6425606283650103,-0.5379538742107033,13.952779162034057,0.2630212,657553,ok,right
1,523,2,3,0.038400000000000004,1.0,0.3333333333333333,20.0,0.56309475582093,0.3099593695678803,5.2660800549946964,1.5638146892815332,-0.21907272640837255,-39.279417212408056,0.26062599999999997,651565,ok,right
1,772,2,3,0.038400000000000004,1.0,0.3333333333333333,20.0,0.00541716329753399,1.0943335181671008,1.05307761485247,1.0054210576309042,-0.07964469189427562,6.499705826800326,0.26189039999999997,654726,ok,right
1,134,2,3,0.038400000000000004,1.0,0.3333333333333333,20.0,0.22078339308500292,-0.28825570745323875,2.040142571349894,1.2208151434951182,-0.34845957388498694,0.8904106836596801,0.2676224,669056,ok,right
1,386,2,3,0.038400000000000004,1.0,0.3333333333333333,20.0,-0.08911952618509532,-0.06359534926726787,4.386895160043428,0.9114221968536724,-0.017427673687719407,15.625667176823622,0.2644472,661118,ok,right
1,551,2,3,0.038400000000000004,1.0,0.3333333333333333,20.0,0.04017811641097069,-0.8638447187855998,0.15641888320005023,1.0411067984345888,-0.0402417350287346,-15.922539182006147,0.2642208,660552,ok,right
1,628,2,3,0.038400000000000004,1.0,0.3333333333333333,20.0,0.033782034367322925,-0.256624291547245,3.1291360641399857,1.034127559781168,0.03639091062487363,-18.887237642585976,0.2677172,669293,ok,right
1,722,2,3,0.038400000000000004,1.0,0.3333333333333333,20.0,0.5015756826847791,0.2881377115397423,5.707163863334355,1.5016781594601427,-0.10624489425529107,-4.293420648486774,0.2659784,664946,ok,right
1,754,2,3,0.038400000000000004,1.0,0.3333333333333333,20.0,0.21349203493446112,0.5764332436208037,5.017746676947,1.2136402743138421,0.21559196405035777,-0.17486711140352518,0.2650768,662692,ok,right
1,799,2,3,0.038400000000000004,1.0,0.3333333333333333,20.0,-0.026048704981803894,0.13828907484654768,5.837109586403882,0.9746193820183549,-0.05661919558619654,9.620486105968883,0.2648948,662237,ok,right
1,876,2,3,0.038400000000000004,1.0,0.3333333333333333,20.0,0.4007096054032445,1.2200431079408927,3.4216544367729185,1.40082672882139,0.010270230681016406,-10.09236343441976,0.26563719999999996,664093,ok,right
1,65,2,3,0.038400000000000004,1.0,0.3333333333333333,20.0,0.25598912164568904,0.5306162817002446,5.558841516336107,1.2570021365581348,0.16512653636459618,8.241194536130513,0.2713772,678443,ok,right
1,549,2,3,0.038400000000000004,1.0,0.3333333333333333,20.0,0.4118110911920667,0.2153125222810976,3.6771343715205305,1.413614472660641,-0.01701112814300984,-9.277921113387738,0.27071239999999996,676781,ok,right
1,641,2,3,0.038400000000000004,1.0,0.3333333333333333,20.0,0.6250498048961163,-0.2995569372079787,3.745091806837629,1.6251900228965024,0.3371345127301082,30.373538412713366,0.2685096,671274,ok,right
1,870,2,3,0.038400000000000004,1.0,0.3333333333333333,20.0,0.4985217867419124,0.14229331338625908,2.709183517899356,1.4994207884330486,0.11723128541567877,34.336889353088125,0.27169119999999997,679228,ok,right
1,398,2,3,0.038400000000000004,1.0,0.3333333333333333,20.0,-0.07130057569593191,-0.2835043771318741,4.408463963384948,0.9292638737469477,0.03908809335486339,39.83562532715061,0.27442279999999997,686057,ok,right
1,560,2,3,0.038400000000000004,1.0,0.3333333333333333,20.0,0.6720529235899448,-0.37223675487721586,5.863721574534291,1.6722846865064156,0.05179304768399296,38.65482888377459,0.2728636,682159,ok,right
1,795,2,3,0.038400000000000004,1.0,0.3333333333333333,20.0,0.021072688885033133,-0.11788315226786254,4.023794425017505,1.021350630024643,-0.09021678281024091,-58.81702100290926,0.27461599999999997,686540,ok,right
1,808,2,3,0.038400000000000004,1.0,0.3333333333333333,20.0,0.05601867232471705,-0.5025102679910797,1.5013452140829961,1.0562561333472404,-0.021073905635249225,6.423948927800485,0.2750452,687613,ok,right
1,859,2,3,0.038400000000000004,1.0,0.3333333333333333,20.0,-0.07389068100601436,-0.40785419534971634,6.133934738660044,0.9266328790556622,-0.04106129560373558,1.4114507511130179,0.2738652,684663,ok,right
1,123,2,3,0.038400000000000004,1.0,0.3333333333333333,20.0,0.18561700861901045,0.28902396141121894,2.6228046655648685,1.1860383703232877,0.16399084696840782,-21.333312670337307,0.2776056,694014,ok,right
1,301,2,3,0.038400000000000004,1.0,0.3333333333333333,20.0,0.38992191515862945,-0.5013240042706912,0.4102350792519815,1.6897415828448001,3.248317445684803,-22.960300130073115,0.2795872,698968,ok,right
1,383,2,3,0.038400000000000004,1.0,0.3333333333333333,20.0,0.007930749468505383,-0.47901401618302053,5.7575404319377865,1.0081115763441184,-0.12188572161103076,27.063698653815045,0.2793748,698437,ok,right
1,474,2,3,0.038400000000000004,1.0,0.3333333333333333,20.0,0.4061913697049022,0.05140322010031618,2.117823392622189,1.406817154910553,-0.05835428349095961,-11.266393296371,0.276202,690505,ok,right
1,589,2,3,0.038400000000000004,1.0,0.3333333333333333,20.0,0.41239277459681034,1.0828151002776636,3.293315537571198,1.4127859075406277,-0.12452302159571053,19.529159012946977,0.27808079999999996,695202,ok,right
1,633,2,3,0.038400000000000004,1.0,0.3333333333333333,20.0,-0.0001634487882256508,-0.9156705769710248,5.824697180005904,0.999977717452418,-0.08877529907515228,69.86534061105414,0.2787752,696938,ok,right
1,5,2,3,0.038400000000000004,1.0,0.3333333333333333,20.0,0.6810336649417877,-0.28502816679751736,1.908153494046461,1.6819694890705603,-0.26978390259669016,-5.125192675856907,0.2805216,701304,ok,right
1,321,2,3,0.038400000000000004,1.0,0.3333333333333333,20.0,0.1895017944276333,-1.980184327727823,0.5347257622057633,1.1896626042142882,0.13435051387324293,15.39370249753272,0.2830116,707529,ok,right
1,913,2,3,0.038400000000000004,1.0,0.3333333333333333,20.0,0.481974970549345,-0.3493178948071134,2.080059288852828,1.4823277876756462,0.16464101708089088,8.721903350903519,0.2800368,700092,ok,right
1,942,2,3,0.038400000000000004,1.0,0.3333333333333333,20.0,0.5291548322886229,0.6960995833714637,3.016697403567026,1.5292354727715962,0.3115750105020708,14.1645628218661,0.2813696,703424,ok,right
1,439,2,3,0.038400000000000004,1.0,0.3333333333333333,20.0,0.4470748545601964,0.3618580978724374,5.417353261365224,1.4475930617061605,0.043232460050452295,20.567595481910985,0.2859428,714857,ok,right
1,448,2,3,0.038400000000000004,1.0,0.3333333333333333,20.0,0.0886556824669242,-1.6137091571586653,2.9532193224672962,1.0899182848123692,-0.07366659953282362,-25.395030664349754,0.28690479999999996,717262,ok,right
1,697,2,3,0.038400000000000004,1.0,0.3333333333333333,20.0,-0.015196219459176064,-0.1506886150969443,6.035966555674845,0.9848793657939943,0.15952464334520186,9.228714587546406,0.28622559999999997,715564,ok,right
1,779,2,3,0.038400000000000004,1.0,0.3333333333333333,20.0,0.48720773793756966,0.5470990772394558,4.826155247892093,1.4883224395762387,-0.06611174193668426,-54.02503715701638,0.2858328,714582,ok,right
1,787,2,3,0.038400000000000004,1.0,0.3333333333333333,20.0,0.3724418031051755,0.3304840513964718,0.526890645075971,1.3726372926274664,-0.49920637583020133,6.546117945376262,0.28693799999999997,717345,ok,right
1,329,2,3,0.038400000000000004,1.0,0.3333333333333333,20.0,0.032313497923314574,0.8787800239259425,3.073945687524985,1.0328102685895055,0.13872480368375648,32.45716198614845,0.2909712,727428,ok,right
1,358,2,3,0.038400000000000004,1.0,0.3333333333333333,20.0,0.2944304391741753,-1.1423153901821672,0.37034684476405033,1.2944810899628947,-0.06458187536147032,-4.384231811697728,0.29178719999999997,729468,ok,right
1,510,2,3,0.038400000000000004,1.0,0.3333333333333333,20.0,0.015858527645468714,-0.05516422635299784,4.303579021797561,1.016584500888517,-0.04964513811795536,21.417624639969894,0.2919312,729828,ok,right
1,643,2,3,0.038400000000000004,1.0,0.3333333333333333,20.0,0.4013521883636713,0.18704481388964592,1.700306357750384,1.4015809478961516,0.004368033656036111,-43.18815471651454,0.2895008,723752,ok,right
1,825,2,3,0.038400000000000004,1.0,0.3333333333333333,20.0,0.45769780296832324,-0.7745435404793352,6.021356072438144,1.4579782930366403,-0.2583610163857469,13.183241508454474,0.2915856,728964,ok,right
1,173,2,3,0.038400000000000004,1.0,0.3333333333333333,20.0,0.07743747774511577,1.1538830016297796,5.027164469555864,1.0778507081759499,0.16529270539498378,12.404110180277726,0.2942244,735561,ok,right
1,524,2,3,0.038400000000000004,1.0,0.3333333333333333,20.0,0.022582191787660123,-0.8055310850082669,5.347834842718333,1.0226439855881664,0.1698553702622682,38.676111980996794,0.2947412,736853,ok,right
1,875,2,3,0.038400000000000004,1.0,0.3333333333333333,20.0,-0.018489193730056287,0.7815335780963576,6.013814899438019,0.9815598735037746,-0.11711121036942507,33.24683454421746,0.2931592,732898,ok,right
1,895,2,3,0.038400000000000004,1.0,0.3333333333333333,20.0,0.5256380444392562,0.7880102281875409,4.712537197392809,1.5256731800203795,-0.11274754493774292,12.86496902951443,0.2954056,738514,ok,right
1,130,2,3,0.038400000000000004,1.0,0.3333333333333333,20.0,0.4641009297221899,-0.2885621102476226,3.080970801543468,1.4643796857449525,-0.16393193441277235,-10.96587624060137,0.2960136,740034,ok,right
1,503,2,3,0.038400000000000004,1.0,0.3333333333333333,20.0,0.10657553058117629,0.8250217006951225,3.4075554408988626,1.107004830831972,0.2607477777406327,-17.968451269969844,0.2999648,749912,ok,right
1,659,2,3,0.038400000000000004,1.0,0.3333333333333333,20.0,-0.046711114980280403,0.3043912587342142,4.863206650157432,0.9539801938899816,-0.05612797187838609,-10.002657919515185,0.298358,745895,ok,right
1,685,2,3,0.038400000000000004,1.0,0.3333333333333333,20.0,0.45908756610006096,0.65531638093137,2.4833036999554214,1.460376872367331,-0.07680237554487791,-53.67406768018614,0.2961496,740374,ok,right
1,873,2,3,0.038400000000000004,1.0,0.3333333333333333,20.0,-0.04241414070129395,-0.2824557456880842,2.45272184808711,0.9576534209481138,-0.039013854590446165,-42.89326442980825,0.29867479999999996,746687,ok,right
1,421,2,3,0.038400000000000004,1.0,0.3333333333333333,20.0,0.37840685788542033,1.155978483230305,0.09146458609571255,1.3791653435449085,0.11205774888514111,12.564956717017743,0.3002932,750733,ok,right
1,747,2,3,0.038400000000000004,1.0,0.3333333333333333,20.0,0.3693263923749328,0.29920119271923623,2.746359610524264,1.3700766970421168,0.3194785633999275,14.750626292101176,0.300168,750420,ok,right
1,775,2,3,0.038400000000000004,1.0,0.3333333333333333,20.0,0.23775549195706847,0.19980172943960575,6.053398639231095,1.2398359880755154,-0.20725725715595122,46.241714952234716,0.3031108,757777,ok,right
1,54,2,3,0.038400000000000004,1.0,0.3333333333333333,20.0,0.11484317481517792,1.024954824434484,3.7113134233752314,1.116339947446673,-0.2664188446202509,-9.787060631780298,0.306102,765255,ok,right
1,395,2,3,0.038400000000000004,1.0,0.3333333333333333,20.0,0.30367540623992684,1.6121390464816345,2.4791010084164498,1.304491264205866,-0.14677462014801587,-5.339828093222622,0.3046412,761603,ok,right
1,402,2,3,0.038400000000000004,1.0,0.3333333333333333,20.0,-0.07279155254364014,0.3094352466930943,2.5561342953334827,0.9277440234045303,-0.026951382543506642,46.025219550515786,0.3059748,764937,ok,right
1,576,2,3,0.038400000000000004,1.0,0.3333333333333333,20.0,0.2846031902357936,-1.7545614633938642,3.0211147476128506,1.2851179219510822,-0.10783045498682826,72.34443842501774,0.3062416,765604,ok,right
1,663,2,3,0.038400000000000004,1.0,0.3333333333333333,20.0,0.6328680034726859,-0.031074091227879106,5.433675878090585,1.6330648021415468,0.022582261866450577,-23.321084443828752,0.3071372,767843,ok,right
1,987,2,3,0.038400000000000004,1.0,0.3333333333333333,20.0,0.5937494622543454,-0.7429229092778825,2.2414243756135392,1.5939231970464771,0.017228122928559218,40.25472499733806,0.3046952,761738,ok,right
1,202,2,3,0.038400000000000004,1.0,0.3333333333333333,20.0,0.48219768796116114,-0.3694887188366379,5.643283411005676,1.4830677166296793,0.22621357385618462,-9.9325792583286,0.3119476,779869,ok,right
1,527,2,3,0.038400000000000004,1.0,0.3333333333333333,20.0,0.021043466217815877,-1.265169563075601,5.498677085126053,1.0218382317905437,-0.028826853124491,45.25565440919987,0.3086048,771512,ok,right
1,652,2,3,0.038400000000000004,1.0,0.3333333333333333,20.0,0.10022168587893249,-0.1686516819076808,0.9659854729208932,1.1005300510440879,0.04810140826854661,7.854523518799299,0.3088496,772124,ok,right
1,469,2,3,0.038400000000000004,1.0,0.3333333333333333,20.0,0.5189521744847297,0.3929665773289166,2.8754925933627553,1.5194979543562692,0.2841770510944708,-11.664444116342583,0.3124936,781234,ok,right
1,597,2,3,0.038400000000000004,1.0,0.3333333333333333,20.0,0.2538856044411659,1.6973611425512825,3.9233672698462443,1.2552213466085602,-0.005292980710946967,52.89172954605615,0.31571479999999996,789287,ok,right
1,7,2,3,0.038400000000000004,1.0,0.3333333333333333,20.0,0.10756174549460412,0.7769089216883418,4.18476424447946,1.1086909707669517,0.05247671867099656,85.12508133438865,0.31635599999999997,790890,ok,right
1,234,2,3,0.038400000000000004,1.0,0.3333333333333333,20.0,0.6405798031017185,-0.4250112737050899,5.9777187826784415,1.6417470985772602,-0.012621073198753725,-119.41082602231845,0.3175072,793768,ok,right
1,648,2,3,0.038400000000000004,1.0,0.3333333333333333,20.0,0.5391977334395052,-0.5749053243480035,3.3361792186955674,1.5392784870234353,-0.08639015549125614,-17.76327160316561,0.31819959999999997,795499,ok,right
1,921,2,3,0.038400000000000004,1.0,0.3333333333333333,20.0,0.145329724624753,-1.5515016153685373,5.671180477579046,1.145728741690906,0.17971974574534294,26.07720635152576,0.31798,794950,ok,right
1,44,2,3,0.038400000000000004,1.0,0.3333333333333333,20.0,0.363587642647326,-0.9060172392055252,1.1621489920331318,1.3638443267531286,0.1072028605654688,38.610204188946206,0.3200324,800081,ok,right
1,600,2,3,0.038400000000000004,1.0,0.3333333333333333,20.0,0.6137551570311189,-0.31127426063031377,2.2630984724838146,1.613759323679967,0.23019546754686465,-35.50892966561787,0.320554,801385,ok,right
1,806,2,3,0.038400000000000004,1.0,0.3333333333333333,20.0,0.5532746518030763,0.5613089555870318,2.9181144014635714,1.5535183070770262,0.2875873945602455,16.991176148377303,0.32130919999999996,803273,ok,right
1,880,2,3,0.038400000000000004,1.0,0.3333333333333333,20.0,-0.05259200353175402,-0.04139704075068813,6.030184192027617,0.9477029026122726,-0.1599184047866496,-66.26391503213031,0.3222604,805651,ok,right
1,406,2,3,0.038400000000000004,1.0,0.3333333333333333,20.0,-0.09923145454376936,0.1298230975053955,3.0961465797326864,0.9029292720111807,-0.006615799036362272,-5.679038488804263,0.3277084,819271,ok,right
1,414,2,3,0.038400000000000004,1.0,0.3333333333333333,20.0,0.618882828578353,0.3858740592181035,1.5736113308168276,1.6189960799995258,-0.11914292414528825,-47.105674491161466,0.32622799999999996,815570,ok,right
1,493,2,3,0.038400000000000004,1.0,0.3333333333333333,20.0,-0.07916181646287442,0.38842455765307804,6.135273996274071,0.9209528036926613,0.0002277896255162183,-4.155001298651008,0.3261656,815414,ok,right
1,111,2,3,0.038400000000000004,1.0,0.3333333333333333,20.0,-0.08992305882275105,0.31902156038968377,2.7276390647955346,0.9105248780556948,0.01531225488225214,26.26969592635342,0.3318876,829719,ok,right
1,303,2,3,0.038400000000000004,1.0,0.3333333333333333,20.0,0.23582409713417293,-0.695780672968972,1.8532021523939404,1.2364686375980332,-0.1428709493973857,8.418992051909472,0.3296512,824128,ok,right
1,344,2,3,0.038400000000000004,1.0,0.3333333333333333,20.0,0.32065366860479116,0.3893757386473307,2.707976925011348,1.3208766286679383,-0.3276568051182606,-11.399569304621316,0.3302508,825627,ok,right
1,525,2,3,0.038400000000000004,1.0,0.3333333333333333,20.0,0.3273336436599493,-1.0456698764631434,1.349797080054914,1.3277561901413009,0.2465923203159044,38.989816344986245,0.3308328,827082,ok,right
1,197,2,3,0.038400000000000004,1.0,0.3333333333333333,20.0,0.01545429863035679,0.5057568234909003,5.116659349102536,1.0165266235432442,-0.13578072739001834,3.04286156956425,0.3349836,837459,ok,right
1,434,2,3,0.038400000000000004,1.0,0.3333333333333333,20.0,0.3560327265411616,-1.4067350837505144,0.4434550654206045,1.3563202710452127,-0.133146620689941,19.609818501612935,0.335038,837595,ok,right
1,455,2,3,0.038400000000000004,1.0,0.3333333333333333,20.0,0.16916835829615595,0.5050263330026756,0.5235793665765018,1.169492351500401,0.3131454568389143,1.1115830882401454,0.3323216,830804,ok,right
1,838,2,3,0.038400000000000004,1.0,0.3333333333333333,20.0,0.5982078367844225,0.5667448276819689,0.04448335526458448,1.5987101060199234,-0.034085052083496534,-27.590852122113358,0.33343999999999996,833600,ok,right
1,212,2,3,0.038400000000000004,1.0,0.3333333333333333,20.0,0.3653661224991083,0.9052453603292169,0.5310592169765801,1.365381056773647,0.15598528000594147,-43.9438063158614,0.3370892,842723,ok,right
1,417,2,3,0.038400000000000004,1.0,0.3333333333333333,20.0,0.6646762492135168,-0.09868577003263121,4.547663367450289,1.6650789296977204,0.06485242847270963,33.60751859314115,0.339758,849395,ok,right
1,657,2,3,0.038400000000000004,1.0,0.3333333333333333,20.0,-0.09640754815191031,0.13805008303677807,2.840794248014539,0.9040122749812187,-0.045716504640576,-33.943438690958054,0.33993639999999997,849841,ok,right
1,792,2,3,0.038400000000000004,1.0,0.3333333333333333,20.0,0.2793267033994198,0.5283351219316275,2.516398676848335,1.2803791023575581,-0.26796729432851607,-18.671673204088684,0.3382112,845528,ok,right
1,989,2,3,0.038400000000000004,1.0,0.3333333333333333,20.0,0.2262985471636057,-1.4452489214072142,1.4546454135802853,1.2269019950346554,0.08452947261913518,32.82983435355841,0.3366676,841669,ok,right
1,64,2,3,0.038400000000000004,1.0,0.3333333333333333,20.0,0.6798341037705541,-0.15400394976833573,0.9242056487835176,1.680167015230699,0.1861757426523976,-34.24281702987168,0.3438056,859514,ok,right
1,287,2,3,0.038400000000000004,1.0,0.3333333333333333,20.0,0.2526509929448366,0.8098582449485139,0.8736512727279773,1.2527130035412588,0.009237693620369608,16.326982303613526,0.3417704,854426,ok,right
1,430,2,3,0.038400000000000004,1.0,0.3333333333333333,20.0,-0.06680973023176194,-0.2628828409804364,1.9003711897222484,0.9334932640335981,0.011348027785993305,-69.52351526349463,0.3419912,854978,ok,right
1,848,2,3,0.038400000000000004,1.0,0.3333333333333333,20.0,0.4222059633582831,-0.734274982389024,4.635332256057109,1.422563364113962,0.7563500311401773,-11.237719731240364,0.34162159999999997,854054,ok,right
1,886,2,3,0.038400000000000004,1.0,0.3333333333333333,20.0,0.6672597579658032,-0.03934350179257552,2.050933909446727,1.667531834633982,0.0260745649135443,5.158462873098489,0.340758,851895,ok,right
1,894,2,3,0.038400000000000004,1.0,0.3333333333333333,20.0,0.25151933897286655,1.979241247015855,0.6431356458668505,1.2517288604288315,-0.39645874184068775,-15.356536055421854,0.34190519999999996,854763,ok,right
1,67,2,3,0.038400000000000004,1.0,0.3333333333333333,20.0,-0.010093935392796995,-0.7882025068149171,1.0132021296955998,0.9917766713822939,0.07827746669046243,40.628689721415455,0.34592439999999997,864811,ok,right
1,245,2,3,0.038400000000000004,1.0,0.3333333333333333,20.0,-0.06692103762179613,-0.3403163489990234,1.1347553360516904,0.9331245655967928,-0.0116559588279979,35.43865564897212,0.3452328,863082,ok,right
1,536,2,3,0.038400000000000004,1.0,0.3333333333333333,20.0,0.10441359635442496,1.7050560278096007,4.431833788580543,1.1044876643756463,-0.09286781026882698,32.04392540343903,0.34785079999999996,869627,ok,right
1,547,2,3,0.038400000000000004,1.0,0.3333333333333333,20.0,0.30472173094749455,-0.46944944158064805,5.106014750466562,1.3050592107486694,-0.3124543370379338,20.305793237546695,0.3446572,861643,ok,right
1,686,2,3,0.038400000000000004,1.0,0.3333333333333333,20.0,0.0063853908330202104,-0.15430507635928403,5.464509546436635,1.007032295873703,-0.0195383022831285,45.85967372273818,0.3475664,868916,ok,right
1,988,2,3,0.038400000000000004,1.0,0.3333333333333333,20.0,-0.05222664270550013,0.5841578464535001,6.038513386331993,0.9478061548319688,-0.02467617243954874,52.01533149372586,0.3461916,865479,ok,right
1,246,2,3,0.038400000000000004,1.0,0.3333333333333333,20.0,0.15039664991199972,2.0343766822703513,2.368177081018207,1.150861031737521,-0.15636524011012795,27.30207566070526,0.35169,879225,ok,right
1,552,2,3,0.038400000000000004,1.0,0.3333333333333333,20.0,0.1524552557617426,0.8401300018693227,4.434254780487431,1.1528726474845115,0.048901757097068,15.547342001066953,0.3480352,870088,ok,right
1,998,2,3,0.038400000000000004,1.0,0.3333333333333333,20.0,0.447959596477449,-0.67709666271687,4.041393553337555,1.448459980135803,-0.0063617798339784875,76.8978060691894,0.3510976,877744,ok,right
1,70,2,3,0.038400000000000004,1.0,0.3333333333333333,20.0,0.32472794223576784,-1.0865688203716672,1.962216904404508,1.324818042211061,-0.29639573738910086,-27.82324612555862,0.3537912,884478,ok,right
1,271,2,3,0.038400000000000004,1.0,0.3333333333333333,20.0,0.4013246165588498,0.04329744617995464,2.5924615429091586,1.4013875539372227,0.07256039890709484,-15.206714774048827,0.3554928,888732,ok,right
1,397,2,3,0.038400000000000004,1.0,0.3333333333333333,20.0,0.14876221287995578,0.572367186206764,0.6122183980850958,1.1493150415635147,0.1385911287621274,51.6200628892299,0.3537556,884389,ok,right
1,501,2,3,0.038400000000000004,1.0,0.3333333333333333,20.0,0.5571451732888818,0.5161215217009207,0.1647880575926139,1.5572794616010586,0.029028720023022585,25.193838401196555,0.354802,887005,ok,right
1,716,2,3,0.038400000000000004,1.0,0.3333333333333333,20.0,0.3431078050285578,1.36406123085276,0.36183728290092787,1.3438063161005387,0.08194499476533965,-39.80098847063987,0.35284519999999997,882113,ok,right
1,972,2,3,0.038400000000000004,1.0,0.3333333333333333,20.0,0.5691745134070516,-0.013746210260374798,3.7859895060023874,1.569274795178575,0.08634126134934561,0.8705341568568373,0.35566159999999997,889154,ok,right
1,59,2,3,0.038400000000000004,1.0,0.3333333333333333,20.0,0.052352285198867324,1.4735424018336436,1.8518498952898612,1.0528323824384487,0.12175401008866998,-5.736193285849584,0.35658599999999996,891465,ok,right
1,110,2,3,0.038400000000000004,1.0,0.3333333333333333,20.0,0.3107747096568346,0.999122595042683,5.93563592676429,1.310845313125054,-0.27860452100288646,-0.2818510111893685,0.35633119999999996,890828,ok,right
1,141,2,3,0.038400000000000004,1.0,0.3333333333333333,20.0,0.4095969272777438,-1.1835936417645985,3.3510431349344842,1.4110334137767402,0.19813403099630564,-47.11581250954401,0.3595352,898838,ok,right
1,359,2,3,0.038400000000000004,1.0,0.3333333333333333,20.0,0.13290116097778082,0.9023858700291668,5.790600101302856,1.133100705565913,0.05429289617388867,-31.655400104802155,0.3598676,899669,ok,right
1,42,2,3,0.038400000000000004,1.0,0.3333333333333333,20.0,0.14129206910729408,1.6451584573193752,2.8967816253249605,1.1417775366708525,-0.0353743297322646,33.95944205645982,0.3607664,901916,ok,right
1,475,2,3,0.038400000000000004,1.0,0.3333333333333333,20.0,0.6887488242238761,0.2501688587857376,0.5660093788025354,1.6888023176419797,-0.17551019145247798,13.679306227910471,0.36116719999999997,902918,ok,right
1,485,2,3,0.038400000000000004,1.0,0.3333333333333333,20.0,0.6401024559512735,-0.2722373904228254,5.529826667705485,1.6406303434589915,0.13263123175916736,50.604592299047475,0.3629544,907386,ok,right
1,541,2,3,0.038400000000000004,1.0,0.3333333333333333,20.0,0.4812120469287038,-1.123568192185252,4.90058792289463,1.4821035092330304,-0.1527643180903476,-22.521153173212472,0.362724,906810,ok,right
1,820,2,3,0.038400000000000004,1.0,0.3333333333333333,20.0,0.5599449906498194,0.20886873967164424,3.5727267435294565,1.5605784133339313,-0.15214084626834143,3.0875984958889195,0.3609636,902409,ok,right
1,930,2,3,0.038400000000000004,1.0,0.3333333333333333,20.0,0.12698084227740766,-1.6021414567691412,1.53694904427972,1.12759457945747,0.044183870954253454,-24.25862079437372,0.3619884,904971,ok,right
1,45,2,3,0.038400000000000004,1.0,0.3333333333333333,20.0,0.042121887579560285,-1.0974500008951455,2.025918446240846,1.0423823178171576,-0.15334307850807538,-57.37062929296703,0.3655964,913991,ok,right
1,135,2,3,0.038400000000000004,1.0,0.3333333333333333,20.0,0.5971272364258766,0.4913547125548686,6.139839434442895,1.5973966976148861,-0.17199268343908256,77.11060309560376,0.3665076,916269,ok,right
1,191,2,3,0.038400000000000004,1.0,0.3333333333333333,20.0,0.3673461405560374,0.572367632368182,0.6947366198488241,1.367503259097959,0.19391136813137927,-18.720555859748178,0.3678684,919671,ok,right
1,228,2,3,0.038400000000000004,1.0,0.3333333333333333,20.0,0.0039005436003208163,-0.6875558063754634,1.206480764115097,1.0045808481278722,0.1905893116494743,-17.13237502651721,0.3666736,916684,ok,right
1,230,2,3,0.038400000000000004,1.0,0.3333333333333333,20.0,0.45804733205586673,-0.25480540726725287,4.5303114327868474,1.4583841677434586,0.06635401257358688,8.84652888495487,0.36599,914975,ok,right
1,312,2,3,0.038400000000000004,1.0,0.3333333333333333,20.0,0.026817733794450762,-0.7194854443773372,4.806382359357633,1.0270590779480722,-0.0031804946518445443,-14.913551341827985,0.3665476,916369,ok,right
1,333,2,3,0.038400000000000004,1.0,0.3333333333333333,20.0,0.12607219405472278,-0.9596663514534646,0.9923649682584731,1.1264605476482517,0.12691400019501312,-3.194585664584141,0.3655148,913787,ok,right
1,481,2,3,0.038400000000000004,1.0,0.3333333333333333,20.0,0.2287227351218462,-1.100965577780313,4.40941911137641,1.229230606344114,0.0952638614432746,44.7293832566093,0.3666992,916748,ok,right
1,650,2,3,0.038400000000000004,1.0,0.3333333333333333,20.0,0.6636740870773793,-0.052878959805418235,2.285265501063817,1.6647421384178913,-0.27854390533269563,-50.229768492943506,0.3648644,912161,ok,right
1,961,2,3,0.038400000000000004,1.0,0.3333333333333333,20.0,0.5138248240575195,0.8290410103207799,3.7675429853107576,1.5143333953978468,0.39430748901808543,51.837521978934745,0.36559959999999997,913999,ok,right
1,118,2,3,0.038400000000000004,1.0,0.3333333333333333,20.0,-0.08023619987070561,-0.2684204796985101,1.78894210500789,0.9202180195838301,0.08084861007008931,12.866565021672027,0.3698064,924516,ok,right
1,609,2,3,0.038400000000000004,1.0,0.3333333333333333,20.0,0.363838198594749,-0.4809587817298318,6.190623531061505,1.3639101336799926,-0.03173704554947914,18.555584644667604,0.3690672,922668,ok,right
1,85,2,3,0.038400000000000004,1.0,0.3333333333333333,20.0,0.6118434855714441,0.6391689688975044,5.468382556220182,1.612637164831004,-0.48743239371990726,57.07984234716775,0.37304679999999996,932617,ok,right
1,361,2,3,0.038400000000000004,1.0,0.3333333333333333,20.0,0.049696098640561105,-0.6881998867902626,3.0120843898393455,1.0497138076695156,-0.04734468492355635,41.15316318640431,0.3756536,939134,ok,right
1,409,2,3,0.038400000000000004,1.0,0.3333333333333333,20.0,0.4735297102481127,-0.24229684016991399,0.6109737517720095,1.4743447059379322,0.12440030847290585,27.594932231160477,0.37372439999999996,934311,ok,right
1,424,2,3,0.038400000000000004,1.0,0.3333333333333333,20.0,0.643620764836669,0.08453491763524928,5.885346913807902,1.6440574441686693,0.3318756102416295,-5.581936064578066,0.37278239999999996,931956,ok,right
1,0,2,3,0.038400000000000004,1.0,0.3333333333333333,20.0,0.026079518534243108,-0.012620750324752968,0.8892942250283014,1.0265462489469446,0.12884670023105016,-12.443295572346079,0.3782812,945703,ok,right
1,155,2,3,0.038400000000000004,1.0,0.3333333333333333,20.0,-0.032868911139667036,-0.30968935981397483,4.313643352514476,0.9691600283612868,-0.014351921515643254,-10.243761870906772,0.37737719999999997,943443,ok,right
1,300,2,3,0.038400000000000004,1.0,0.3333333333333333,20.0,-0.09005691651254893,-0.1490956441855189,3.5731929857617453,0.9105799467939756,0.032051409143176016,0.43879450739247006,0.3783272,945818,ok,right
1,645,2,3,0.038400000000000004,1.0,0.3333333333333333,20.0,0.6752602107822896,-0.040486699029052414,5.418944527099257,1.6759112264834637,0.1595082229237083,-18.03249534005929,0.3779556,944889,ok,right
1,704,2,3,0.038400000000000004,1.0,0.3333333333333333,20.0,0.13853349927812816,1.3001892208056642,0.8761775303681767,1.1400865402475016,0.02895401594983081,54.091879155222465,0.3773532,943383,ok,right
1,735,2,3,0.038400000000000004,1.0,0.3333333333333333,20.0,0.35676590632647276,0.1845597415271999,6.252174545285451,1.3570183485755491,0.10903965543143378,21.31529334274536,0.3764952,941238,ok,right
1,61,2,3,0.038400000000000004,1.0,0.3333333333333333,20.0,0.11465824265033008,1.0998300656856388,4.053225500174205,1.1149328679587236,-0.05687167754507617,9.459764794894678,0.38000039999999996,950001,ok,right
1,210,2,3,0.038400000000000004,1.0,0.3333333333333333,20.0,0.09976825192570687,0.5254781088006688,4.214768978091337,1.1000087653981974,-0.10552959263511578,-34.35436550704405,0.3828276,957069,ok,right
1,376,2,3,0.038400000000000004,1.0,0.3333333333333333,20.0,0.11723077557981015,1.624583273617514,2.9554688003956526,1.1173878794238687,0.07131033324170574,76.71272684268102,0.382938,957345,ok,right
1,655,2,3,0.038400000000000004,1.0,0.3333333333333333,20.0,0.041046578995883466,-1.3365413378521485,3.873875937842184,1.0421171208131468,-0.17879318870538946,-3.327907481474465,0.38250839999999997,956271,ok,right
1,836,2,3,0.038400000000000004,1.0,0.3333333333333333,20.0,0.46463437601923946,-0.977789456284696,3.1290047599277813,1.4646433872070597,0.15965872494200048,-16.304125971896376,0.3803296,950824,ok,right
1,938,2,3,0.038400000000000004,1.0,0.3333333333333333,20.0,0.31134447250515224,-0.015916730683477504,0.7067586597236115,1.311774829935263,-0.4134505048195439,16.48464663086687,0.38242919999999997,956073,ok,right
1,941,2,3,0.038400000000000004,1.0,0.3333333333333333,20.0,0.21057496890425684,-2.114383406437287,4.54952163767756,1.2120347158336855,0.08691660533027033,35.069987543669406,0.3816808,954202,ok,right
1,156,2,3,0.038400000000000004,1.0,0.3333333333333333,20.0,0.006823847629129887,-0.3641050447651483,3.114015923651158,1.0072194008257314,0.11571097494729614,-4.411660667108427,0.3844372,961093,ok,right
1,174,2,3,0.038400000000000004,1.0,0.3333333333333333,20.0,0.266166034899652,-0.0004969143927648787,3.2875519738842076,1.2669160728583804,0.12681371571850425,46.27151019028214,0.38472,961800,ok,right
1,182,2,3,0.038400000000000004,1.0,0.3333333333333333,20.0,0.23971651811152697,1.0446200368338086,2.962461793121869,1.239735811067557,0.05931126235793946,46.17510844948502,0.3852644,963161,ok,right
1,305,2,3,0.038400000000000004,1.0,0.3333333333333333,20.0,0.05388088952749968,-1.41326813096975,4.240726889696834,1.0547776297180014,-0.19023887020470792,34.84293552975302,0.3860308,965077,ok,right
1,347,2,3,0.038400000000000004,1.0,0.3333333333333333,20.0,0.146651672385633,1.1523706840966816,0.8970147898208146,1.146674545027216,-0.18365228428315478,34.8312857825479,0.3840596,960149,ok,right
1,360,2,3,0.038400000000000004,1.0,0.3333333333333333,20.0,0.5653327321633697,0.8727288223511097,5.886074311786948,1.5656468728282036,-0.2950904229783783,13.738508588103246,0.3865208,966302,ok,right
1,534,2,3,0.038400000000000004,1.0,0.3333333333333333,20.0,0.6300407258793712,-0.032567718998189124,4.568796089541561,1.6304967587746202,0.07558954398695632,59.363590890643735,0.3855008,963752,ok,right
1,751,2,3,0.038400000000000004,1.0,0.3333333333333333,20.0,0.17420500218868257,0.6360422574342228,2.32349307190987,1.1742123699696303,-0.07271360833859211,-59.794498102833515,0.38486879999999996,962172,ok,right
1,826,2,3,0.038400000000000004,1.0,0.3333333333333333,20.0,0.40232773032039404,-0.5546938417110561,0.4700643222829598,1.4026008736321536,-0.274142927524858,-16.930190555985,0.3863024,965756,ok,right
1,12,2,3,0.038400000000000004,1.0,0.3333333333333333,20.0,0.5784611396491528,0.5057221613331546,6.162318788718231,1.5789940565025151,-0.17994904638933942,62.21507881970675,0.3896808,974202,ok,right
1,108,2,3,0.038400000000000004,1.0,0.3333333333333333,20.0,0.47692948002368213,0.8206930506954628,3.4505743551864594,1.477208958951106,-0.08762700663904212,0.1776527853720394,0.3902256,975564,ok,right
1,166,2,3,0.038400000000000004,1.0,0.3333333333333333,20.0,0.12394639067351819,-1.3040138303453181,2.1128492809733306,1.1241823037694958,0.15861018414161143,34.98674179147074,0.3906736,976684,ok,right
1,437,2,3,0.038400000000000004,1.0,0.3333333333333333,20.0,0.018013746477663517,0.7689108266404479,4.511697576210721,1.0185783803477657,0.14399359897745215,-12.045870688882095,0.3907284,976821,ok,right
1,449,2,3,0.038400000000000004,1.0,0.3333333333333333,20.0,-0.05027348734438419,0.5664189795665516,6.1024307451579745,0.9498470544185185,-0.026244982018138956,64.0972413898425,0.3895144,973786,ok,right
1,458,2,3,0.038400000000000004,1.0,0.3333333333333333,20.0,0.4716933868825436,-0.2594752545360835,2.9187206464189646,1.4717315199794114,0.07852410457324305,46.64917986346792,0.389254,973135,ok,right
1,847,2,3,0.038400000000000004,1.0,0.3333333333333333,20.0,0.5487898856401444,0.8991736699233076,3.5566415993700664,1.5489352420912226,0.08354843009764536,-3.0231826893141474,0.3912496,978124,ok,right
1,261,2,3,0.038400000000000004,1.0,0.3333333333333333,20.0,0.5481557704508305,-0.055744688603479316,5.019093942574592,1.5489487073559896,-0.05653788646218683,-30.378471354359437,0.393438,983595,ok,right
1,555,2,3,0.038400000000000004,1.0,0.3333333333333333,20.0,0.1972701907157898,1.7488093614079236,3.20328060279763,1.1974106339341004,-0.07250735438363655,-6.190631307190283,0.39510639999999997,987766,ok,right
1,630,2,3,0.038400000000000004,1.0,0.3333333333333333,20.0,-0.02361550536006689,-0.010483939806173865,2.276874634521974,0.9769842816034295,-0.17626244931226667,31.77082966666522,0.3923872,980968,ok,right
1,700,2,3,0.038400000000000004,1.0,0.3333333333333333,20.0,0.509318120032549,0.4390273720355032,1.6466014895956305,1.510645640111801,0.01795392447634268,3.540777392010766,0.39327999999999996,983200,ok,right
1,858,2,3,0.038400000000000004,1.0,0.3333333333333333,20.0,0.23239973690360785,1.519084979372915,3.825305663449585,1.2325472298606102,0.02459121127067691,-35.386437089402826,0.393094,982735,ok,right
1,888,2,3,0.038400000000000004,1.0,0.3333333333333333,20.0,0.291633421368897,-1.4467239040369702,5.900618290767765,1.2918085720895167,-0.09440188795473788,26.076988926182093,0.39506359999999996,987659,ok,right
1,906,2,3,0.038400000000000004,1.0,0.3333333333333333,20.0,0.325050300359726,1.0031203949250078,2.1075193978880207,1.325160085167096,0.2800755278826936,38.168813164174956,0.3942964,985741,ok,right
1,63,2,3,0.038400000000000004,1.0,0.3333333333333333,20.0,0.48422466311603785,-0.77332631550041,4.093983495051147,1.4843504758006976,0.11781124919885108,-22.701286194658138,0.3990648,997662,ok,right
1,299,2,3,0.038400000000000004,1.0,0.3333333333333333,20.0,0.633255740813911,0.5345171974944246,4.458779531230311,1.6334938537333554,-0.39582980306867127,-11.019284095677778,0.3981384,995346,ok,right
1,372,2,3,0.038400000000000004,1.0,0.3333333333333333,20.0,0.45378831531852487,0.4110624256026623,4.322768845313594,1.454819085609266,-0.18120070490378742,20.737379241261777,0.39774319999999996,994358,ok,right
1,494,2,3,0.038400000000000004,1.0,0.3333333333333333,20.0,0.5573693890124559,0.3243590880594635,2.32758359713095,1.557646327294164,0.024455381164490544,-22.5501167603937,0.3981768,995442,ok,right
1,940,2,3,0.038400000000000004,1.0,0.3333333333333333,20.0,0.22003128081560136,-0.874646344817912,2.642321517102931,1.2202618579379705,0.1328221606357457,57.11160638539292,0.3981808,995452,ok,right
1,165,2,3,0.038400000000000004,1.0,0.3333333333333333,20.0,0.5853098483756185,0.14738368051372197,3.419247687836451,1.5856450168408085,0.11020066317253815,5.9425737195811665,0.40225439999999996,1005636,ok,right
1,323,2,3,0.038400000000000004,1.0,0.3333333333333333,20.0,0.37652628384530545,-1.4936871350245267,0.9087014688921928,1.376661882092362,0.23806526585179602,-4.104482988318377,0.4009404,1002351,ok,right
1,394,2,3,0.038400000000000004,1.0,0.3333333333333333,20.0,0.5739054989069701,0.5485825890578672,4.1864752017819855,1.574638229821403,-0.07439441786920772,102.4234983144976,0.4009916,1002479,ok,right
1,624,2,3,0.038400000000000004,1.0,0.3333333333333333,20.0,0.07410172112286091,1.3039053695465623,4.980124073928856,1.0741371442177572,0.012587649462665561,-1.2991387008991506,0.40158079999999996,1003952,ok,right
1,259,2,3,0.038400000000000004,1.0,0.3333333333333333,20.0,0.695547783561051,0.1984130481453839,0.988532377438539,1.6957574909460127,-0.02904486627119117,-18.240301249723075,0.40584,1014600,ok,right
1,308,2,3,0.038400000000000004,1.0,0.3333333333333333,20.0,0.4385553289204836,0.21842078714653268,0.3510940733459848,1.4388084427369883,0.12183267934011836,-0.9330927836032678,0.4045544,1011386,ok,right
1,905,2,3,0.038400000000000004,1.0,0.3333333333333333,20.0,-0.06718146353960038,0.27163692641700454,4.708991519918253,0.9335871938950211,0.06708104577378414,-56.66461449541155,0.4074836,1018709,ok,right
1,963,2,3,0.038400000000000004,1.0,0.3333333333333333,20.0,0.27067661415785554,-0.16853587095283384,6.036898472527208,1.271887544087755,0.11479199333854224,2.9932757342425096,0.404866,1012165,ok,right
1,33,2,3,0.038400000000000004,1.0,0.3333333333333333,20.0,0.05608515460044146,-0.9186290348002922,0.3546631458064644,1.0562246912571567,0.044146609951621646,-4.611340287684002,0.4118032,1029508,ok,right
1,128,2,3,0.038400000000000004,1.0,0.3333333333333333,20.0,0.05840355530381203,-1.2098619448995525,4.831603470809589,1.059462932736366,-0.05679612279028712,47.62535589258972,0.40908079999999997,1022702,ok,right
1,189,2,3,0.038400000000000004,1.0,0.3333333333333333,20.0,0.3473132705315948,0.5752906809478333,1.515164014331494,1.3476717676387209,0.16770376065813017,-29.551755827119266,0.4091024,1022756,ok,right
1,251,2,3,0.038400000000000004,1.0,0.3333333333333333,20.0,-0.005493454076349736,0.6412867187592429,3.8997496190134306,0.9946506655438572,-0.02842128641076696,-32.862827446878015,0.4112248,1028062,ok,right
1,390,2,3,0.038400000000000004,1.0,0.3333333333333333,20.0,0.5967733854427933,-0.0460998719648507,6.180022404499175,1.5970719233970556,-0.3087455716697567,12.688842193355141,0.4086992,1021748,ok,right
1,408,2,3,0.038400000000000004,1.0,0.3333333333333333,20.0,0.5190007807686925,0.6654449079423945,1.432402646805483,1.5193172627722284,0.1341643563651704,-56.19918817451588,0.409194,1022985,ok,right
1,452,2,3,0.038400000000000004,1.0,0.3333333333333333,20.0,0.15209431909024718,1.931673857630092,2.5020275489531736,1.1522859343430136,0.0019764422095550245,12.477096527959752,0.410616,1026540,ok,right
1,969,2,3,0.038400000000000004,1.0,0.3333333333333333,20.0,0.08806868214160204,1.8009089796813482,4.677282309730942,1.0891216338624552,0.10468773975420968,-28.658017608530667,0.41020799999999996,1025520,ok,right
1,644,2,3,0.038400000000000004,1.0,0.3333333333333333,20.0,0.20297427065670492,-1.9247421010665562,0.17452085742565063,1.2032802182238134,-0.07029671642531758,12.947124153994492,0.4150832,1037708,ok,right
1,260,2,3,0.038400000000000004,1.0,0.3333333333333333,20.0,0.07050840873271227,1.0104783057387363,2.903675698456493,1.0712925693814452,0.02895987063020098,71.61651395717199,0.4160928,1040232,ok,right
1,309,2,3,0.038400000000000004,1.0,0.3333333333333333,20.0,0.1388575356453657,-1.3453747048627014,2.1955587017412648,1.1394200241135302,-0.015665839477340862,6.823888711851678,0.4191416,1047854,ok,right
1,332,2,3,0.038400000000000004,1.0,0.3333333333333333,20.0,0.41113259326666596,-0.17365702543130437,0.47015202861056615,1.411187141946386,0.10562324680702498,5.8049996729518405,0.41982919999999996,1049573,ok,right
1,477,2,3,0.038400000000000004,1.0,0.3333333333333333,20.0,0.154134014621377,1.024063302951063,3.9695079079490254,1.154192536395818,-0.02829177801678355,14.843865007768862,0.41983119999999996,1049578,ok,right
1,490,2,3,0.038400000000000004,1.0,0.3333333333333333,20.0,0.5226700507104397,0.9485153685309397,4.079328603473233,1.523102378040395,0.1070754051466884,-6.228868126869491,0.4171936,1042984,ok,right
1,611,2,3,0.038400000000000004,1.0,0.3333333333333333,20.0,0.12221282161772251,-0.015446111861205546,6.068162472855455,1.1227505324876674,0.0668517290878323,6.455142687126343,0.41659759999999996,1041494,ok,right
1,1,2,3,0.038400000000000004,1.0,0.3333333333333333,20.0,0.3922802019864321,1.0940093405315556,0.9729787231206914,1.3924025034858685,-0.010325150366384907,-47.32634423271669,0.42335599999999995,1058390,ok,right
1,31,2,3,0.038400000000000004,1.0,0.3333333333333333,20.0,0.15315731633454563,0.6569802738893569,0.09579790744165444,1.153985835877878,0.10400637885434111,-12.634988287745614,0.4211956,1052989,ok,right
1,330,2,3,0.038400000000000004,1.0,0.3333333333333333,20.0,0.48150757718831305,1.0138652614601387,1.630268828474737,1.4817468123237993,0.15633574855571006,-1.9414340943276307,0.4214596,1053649,ok,right
1,968,2,3,0.038400000000000004,1.0,0.3333333333333333,20.0,0.041063410043716435,-0.1707371292007078,3.015605964275627,1.041909635272243,-0.165911141433436,15.032357965491798,0.421714,1054285,ok,right
1,256,2,3,0.038400000000000004,1.0,0.3333333333333333,20.0,0.527400198020041,0.018261538395231966,5.155588008808897,1.527595163808245,-0.1341640530426236,-10.857763187018595,0.4275344,1068836,ok,right
1,257,2,3,0.038400000000000004,1.0,0.3333333333333333,20.0,0.0022920653223991393,0.7906723372405031,3.323302119295547,1.002515337851546,0.0383600135002715,13.611284039995644,0.4247844,1061961,ok,right
1,262,2,3,0.038400000000000004,1.0,0.3333333333333333,20.0,0.018348509818315508,0.8769248020639872,2.5900641142237735,1.0184337605220788,0.011843922735568743,-8.692783123847773,0.427328,1068320,ok,right
1,282,2,3,0.038400000000000004,1.0,0.3333333333333333,20.0,0.10316263604909182,0.29545204945915315,3.776176358319683,1.1035354676594982,-0.20495670072625768,49.88850062651374,0.4271832,1067958,ok,right
1,288,2,3,0.038400000000000004,1.0,0.3333333333333333,20.0,0.4018530236557126,0.9880834106709986,2.3748716574741877,1.402073676120949,-0.037391635507990476,8.734401596317403,0.4247664,1061916,ok,right
1,468,2,3,0.038400000000000004,1.0,0.3333333333333333,20.0,0.223876971565187,0.26685846018738535,0.8511484064332717,1.224213751456973,-0.22045604437352076,25.18888713652744,0.42714759999999996,1067869,ok,right
1,805,2,3,0.038400000000000004,1.0,0.3333333333333333,20.0,0.2057971950620413,-1.067428724387836,0.84797745542472,1.206830685033772,0.26154457904931894,2.69778827184184,0.426678,1066695,ok,right
1,69,2,3,0.038400000000000004,1.0,0.3333333333333333,20.0,0.16092751976102593,1.999170269460889,3.3653063448258558,1.1615166312590592,-0.1360669070628239,-18.649467003613683,0.43152999999999997,1078825,ok,right
1,392,2,3,0.038400000000000004,1.0,0.3333333333333333,20.0,0.5212373530492187,0.5287543308060467,2.926350971109758,1.5213966233329035,0.11665557305665719,39.60096098387859,0.42895,1072375,ok,right
1,393,2,3,0.038400000000000004,1.0,0.3333333333333333,20.0,0.6401101274415851,0.41148452937978713,2.3044053995745584,1.6406713703675684,-0.0026213225736431665,2.091244788112408,0.43194079999999996,1079852,ok,right
1,423,2,3,0.038400000000000004,1.0,0.3333333333333333,20.0,0.5501797322183848,-0.06623206315663621,3.902182555646436,1.5506496694147511,-0.030097690855712875,46.18350525194264,0.430534,1076335,ok,right
1,593,2,3,0.038400000000000004,1.0,0.3333333333333333,20.0,0.36292793154716496,-1.1788231898159924,1.9256213415609957,1.3640636370836026,0.176358309705632,-3.593833330456148,0.43124039999999997,1078101,ok,right
1,851,2,3,0.038400000000000004,1.0,0.3333333333333333,20.0,0.5944510821253062,0.546620373134377,3.553830015650605,1.594843115593033,0.009125916272773954,25.05901853385471,0.42831359999999996,1070784,ok,right
1,912,2,3,0.038400000000000004,1.0,0.3333333333333333,20.0,0.06321570575237274,-0.795384768689092,4.706417675015853,1.0632598822106938,0.19507359777040725,12.834404971665352,0.42808759999999996,1070219,ok,right
1,412,2,3,0.038400000000000004,1.0,0.3333333333333333,20.0,0.033077698014676575,-0.5343566319747933,1.5440698009563891,1.0331270891159599,0.06292124207940634,77.59289728095219,0.4353104,1088276,ok,right
1,447,2,3,0.038400000000000004,1.0,0.3333333333333333,20.0,0.037916138954460624,-0.07814566661175125,5.002083245256484,1.0380569580239127,0.17158028104980622,-17.144359939700692,0.4347164,1086791,ok,right
1,496,2,3,0.038400000000000004,1.0,0.3333333333333333,20.0,0.31176725309342146,-0.10756229905681604,0.18753491960500618,1.3120204058725586,0.2204444757527177,21.110908564558304,0.43433879999999997,1085847,ok,right
1,537,2,3,0.038400000000000004,1.0,0.3333333333333333,20.0,0.6376888442784548,-0.07391276745089087,0.2672187668485159,1.638339918723517,-0.19453550341300224,10.173090100596625,0.43215519999999996,1080388,ok,right
1,975,2,3,0.038400000000000004,1.0,0.3333333333333333,20.0,0.07970227506011725,-0.37357393229770397,4.213539731916871,1.0797109277460832,-0.04087275285142606,-54.07873183975808,0.4347852,1086963,ok,right
1,368,2,3,0.038400000000000004,1.0,0.3333333333333333,20.0,0.4224792124703527,-0.018508034936648952,5.7453789788958805,1.422665883606838,0.03840756754997861,8.759519574979576,0.4397832,1099458,ok,right
1,445,2,3,0.038400000000000004,1.0,0.3333333333333333,20.0,0.5937833085656167,0.06239210271055158,3.6563942981046527,1.5947245498027662,0.2901907821436283,6.513031282041957,0.4364124,1091031,ok,right
1,482,2,3,0.038400000000000004,1.0,0.3333333333333333,20.0,0.5313771100714803,0.25713430992063735,5.6948363325175,1.532154547314173,-0.1264025008960054,-18.187530140345757,0.43887,1097175,ok,right
1,504,2,3,0.038400000000000004,1.0,0.3333333333333333,20.0,0.31315360795706515,-0.5581513453456327,5.447959565909231,1.313267428505297,0.1662737094010026,37.38368011128161,0.43629599999999996,1090740,ok,right
1,618,2,3,0.038400000000000004,1.0,0.3333333333333333,20.0,0.09127713534981013,-1.216266934272883,5.580044024008513,1.0914978209886215,-0.08811899899813115,-0.13777191381059173,0.4390172,1097543,ok,right
1,715,2,3,0.038400000000000004,1.0,0.3333333333333333,20.0,0.5747530408203602,0.8005733566413519,2.554659849459751,1.5752730141051716,0.4370983205590906,43.923997486884154,0.4376748,1094187,ok,right
1,285,2,3,0.038400000000000004,1.0,0.3333333333333333,20.0,0.13693965468555688,-2.075526990248481,3.0242970669577964,1.136960283533663,-0.12292358786165186,20.873437142732175,0.44177439999999996,1104436,ok,right
1,500,2,3,0.038400000000000004,1.0,0.3333333333333333,20.0,0.5920612553134561,0.35356748157103185,1.474497255803483,1.5922991356793674,-0.6329817641611414,0.6365167961235773,0.4411892,1102973,ok,right
1,658,2,3,0.038400000000000004,1.0,0.3333333333333333,20.0,0.022119040787220004,-0.9099817878375674,2.9934277955744513,1.0233753622013166,0.009260214225934076,47.582948187743696,0.4429144,1107286,ok,right
1,708,2,3,0.038400000000000004,1.0,0.3333333333333333,20.0,0.33770716171711684,-0.602073897997678,5.778590303126556,1.3386270182466076,0.028817986747987325,50.2570389801559,0.44000279999999997,1100007,ok,right
1,765,2,3,0.038400000000000004,1.0,0.3333333333333333,20.0,0.009736602194607258,-0.8231521160784097,5.034642647840578,1.0103231568071287,-0.056455499447501854,39.99604693730699,0.442934,1107335,ok,right
1,23,2,3,0.038400000000000004,1.0,0.3333333333333333,20.0,0.29562090896070004,0.36681079631878377,6.2746996186766,1.2956465750736998,-0.1407796767436635,77.9109655731227,0.44700439999999997,1117511,ok,right
1,80,2,3,0.038400000000000004,1.0,0.3333333333333333,20.0,0.3508409265428782,0.9220308588402436,4.801764812046825,1.3516106943557107,0.36327765084520997,12.000637513384318,0.4450788,1112697,ok,right
1,129,2,3,0.038400000000000004,1.0,0.3333333333333333,20.0,0.283037243783474,1.03351727058025,1.4185428819249295,1.2840137468391108,-0.10312123947220093,-0.23930873972432534,0.4455456,1113864,ok,right
1,238,2,3,0.038400000000000004,1.0,0.3333333333333333,20.0,0.5448069963604212,-0.15931088652121994,5.331588309436438,1.5449235672539197,0.26775439167265364,39.72824379154143,0.4474332,1118583,ok,right
1,629,2,3,0.038400000000000004,1.0,0.3333333333333333,20.0,0.6839494284242392,0.27770171578698233,4.3710769267505185,1.6841819978567154,0.2855340391702412,26.492160045387607,0.4448368,1112092,ok,right
1,46,2,3,0.038400000000000004,1.0,0.3333333333333333,20.0,0.5274835709482432,0.5239253475643544,5.733563116843513,1.5286259562776863,-0.18425142418854482,40.084898604963854,0.4512076,1128019,ok,right
1,237,2,3,0.038400000000000004,1.0,0.3333333333333333,20.0,0.031060185655951502,0.9030962637935379,3.514174399766458,1.0316879629076017,0.03331514289693565,0.799263631232388,0.4497924,1124481,ok,right
1,272,2,3,0.038400000000000004,1.0,0.3333333333333333,20.0,0.3416296156123281,0.9778859949273846,0.4916264210709226,1.3418435722889785,-0.30928145107414323,50.97904085583003,0.45116199999999995,1127905,ok,right
1,407,2,3,0.038400000000000004,1.0,0.3333333333333333,20.0,0.07982791271060706,-0.5496086021478636,1.4598813641586434,1.0799907026786904,-0.18708988832746656,39.851487333068185,0.4518992,1129748,ok,right
1,506,2,3,0.038400000000000004,1.0,0.3333333333333333,20.0,0.13137086760252714,1.881181709850697,1.9353323702471767,1.1317759145331512,0.023599671941521398,-16.592803082487254,0.45005199999999995,1125130,ok,right
1,621,2,3,0.038400000000000004,1.0,0.3333333333333333,20.0,0.16757044624537232,0.6169734173381575,5.888741114892858,1.1677272008607609,0.12693371948882806,-5.399925346679833,0.4489744,1122436,ok,right
1,221,2,3,0.038400000000000004,1.0,0.3333333333333333,20.0,0.25346759222447873,-2.086390500254837,4.453113624639702,1.253618484472356,0.12428285005042089,59.96457114100685,0.4528428,1132107,ok,right
1,310,2,3,0.038400000000000004,1.0,0.3333333333333333,20.0,0.694298336096108,0.28626464592287837,5.684810786684703,1.6944884628905188,-0.18558140005694923,-35.74671484555867,0.4558736,1139684,ok,right
1,744,2,3,0.038400000000000004,1.0,0.3333333333333333,20.0,0.05446774680167437,0.8237335207776584,3.8382971410996327,1.0549451954459632,0.09914928771878793,58.82635913364977,0.45293639999999996,1132341,ok,right
1,893,2,3,0.038400000000000004,1.0,0.3333333333333333,20.0,0.27008066065609454,1.7511210345829618,6.2031503244870185,1.2703939101371755,-0.10824248499710681,-11.496892153009702,0.4539488,1134872,ok,right
1,243,2,3,0.038400000000000004,1.0,0.3333333333333333,20.0,0.3398966945707798,1.576018046770519,5.747940590877302,1.3409019645802542,0.18829719620808558,-34.95209406064418,0.4589492,1147373,ok,right
1,249,2,3,0.038400000000000004,1.0,0.3333333333333333,20.0,0.5784464681521059,-0.8198921797926707,1.7231300361282005,1.5788551357489002,-0.07142605578526244,-25.52984052420198,0.4600988,1150247,ok,right
1,758,2,3,0.038400000000000004,1.0,0.3333333333333333,20.0,0.307716253399849,-0.14730268474416458,0.6869769410156255,1.3086504774265166,0.16747052942702592,-31.936989745260245,0.461038,1152595,ok,right
1,834,2,3,0.038400000000000004,1.0,0.3333333333333333,20.0,0.6818838302046061,-0.3498306357948479,4.880758259972431,1.6822301384693494,-0.32529080883724304,-30.141234176966783,0.46367919999999996,1159198,ok,right
1,897,2,3,0.038400000000000004,1.0,0.3333333333333333,20.0,0.19055990017950536,-2.0063296375848116,3.2543397689768483,1.1910854559909885,0.3214180236005074,-35.32093224185113,0.4601128,1150282,ok,right
1,193,2,3,0.038400000000000004,1.0,0.3333333333333333,20.0,0.3931363003328443,0.425111707702177,3.5326609181012927,1.393341270884322,-0.053915581022149044,64.7504614973063,0.46557079999999995,1163927,ok,right
1,668,2,3,0.038400000000000004,1.0,0.3333333333333333,20.0,0.5440968783572316,0.6851274648015255,0.6311441678136569,1.5441485987366155,-0.3895610212983956,-23.8074116147225,0.4679812,1169953,ok,right
1,900,2,3,0.038400000000000004,1.0,0.3333333333333333,20.0,0.22052358090877533,-0.5764408672034372,4.846466219639878,1.2205799497100502,0.32831604514775653,-63.78275534967933,0.465692,1164230,ok,right
1,73,2,3,0.038400000000000004,1.0,0.3333333333333333,20.0,0.4203556040301919,0.19838889428388412,0.5012705592908473,1.4211110591639269,-0.18591635468311346,8.92630076895589,0.47017359999999997,1175434,ok,right
1,284,2,3,0.038400000000000004,1.0,0.3333333333333333,20.0,0.6234430052340031,-0.08261765295966936,4.264816871426982,1.624270755249976,-0.13535620621753644,45.19503976412083,0.4683716,1170929,ok,right
1,980,2,3,0.038400000000000004,1.0,0.3333333333333333,20.0,0.46008225288242105,0.6269207185934637,5.794120954520525,1.4602222370368594,0.09369530385765523,14.458318668566765,0.46863079999999996,1171577,ok,right
1,868,2,3,0.038400000000000004,1.0,0.3333333333333333,20.0,0.33740845788270235,0.7640330442550215,1.550892518795687,1.3393969220383353,0.0648481691449617,56.46057195491303,0.4729988,1182497,ok,right
1,208,2,3,0.038400000000000004,1.0,0.3333333333333333,20.0,0.0560838982462883,-0.15474292605806322,0.3100238405487939,1.0563897645938138,0.10453152668796077,19.028469748446003,0.479122,1197805,ok,right
1,232,2,3,0.038400000000000004,1.0,0.3333333333333333,20.0,-0.05659976787865162,0.4509023465661579,4.850154527238408,0.9438841952833759,0.03065118727902565,6.421151446593979,0.4798888,1199722,ok,right
1,436,2,3,0.038400000000000004,1.0,0.3333333333333333,20.0,0.4227666610851884,0.4434112128091777,0.23905879487836615,1.4233124689710652,-0.41879335681748886,76.96819868649085,0.47918,1197950,ok,right
1,573,2,3,0.038400000000000004,1.0,0.3333333333333333,20.0,0.10255735237151385,-1.242085857253769,3.9933556085014756,1.1028123992476107,-0.14843487312561665,-16.582632756217578,0.477992,1194980,ok,right
1,508,2,3,0.038400000000000004,1.0,0.3333333333333333,20.0,0.06008632648736239,-0.1791125309593594,4.530730253066679,1.0604971713618718,0.03576771892415335,46.02806158030057,0.48371359999999997,1209284,ok,right
1,869,2,3,0.038400000000000004,1.0,0.3333333333333333,20.0,-0.07009484563022852,0.09682914768826653,6.095439364567482,0.9305626069615939,0.018365094068641244,6.434814317391937,0.4811972,1202993,ok,right
1,32,2,3,0.038400000000000004,1.0,0.3333333333333333,20.0,0.29659289829432967,-1.4571068880450342,2.815870809670434,1.2972552737841803,0.034815945750098956,-16.263909279577895,0.48490079999999997,1212252,ok,right
1,177,2,3,0.038400000000000004,1.0,0.3333333333333333,20.0,0.2354396149516106,1.4858800545939002,2.339381927573056,1.236409155717726,0.04164624633078771,-35.88932675990376,0.48760679999999995,1219017,ok,right
1,404,2,3,0.038400000000000004,1.0,0.3333333333333333,20.0,0.5316310497000813,-0.9250178783464131,3.5629010308433693,1.5320709520667586,0.023792264789226174,41.088742172294914,0.4865004,1216251,ok,right
1,939,2,3,0.038400000000000004,1.0,0.3333333333333333,20.0,0.3326689973473549,1.0733293991290842,2.607455309219709,1.3338770647563332,-0.09606608991498443,16.02492957212412,0.4864716,1216179,ok,right
1,195,2,3,0.038400000000000004,1.0,0.3333333333333333,20.0,0.12395016811788083,-1.29922438422984,2.1798546930919844,1.1246049015280404,-0.03988409554309885,10.479686601011494,0.4900264,1225066,ok,right
1,269,2,3,0.038400000000000004,1.0,0.3333333333333333,20.0,0.3035743243992329,-1.1383461402713544,1.4342881477898815,1.3050275675568255,-0.0686466050204415,50.14202944769928,0.49002999999999997,1225075,ok,right
1,454,2,3,0.038400000000000004,1.0,0.3333333333333333,20.0,0.1643552601337433,2.1390920943513394,6.240880727012587,1.164997256957542,-0.24303408430421372,19.333420642301927,0.4899592,1224898,ok,right
1,786,2,3,0.038400000000000004,1.0,0.3333333333333333,20.0,-0.00013673994690179824,0.6678527148805607,5.057520165992465,1.0001576326616524,0.0396431097605134,-36.772147326024296,0.49036159999999995,1225904,ok,right
1,11,2,3,0.038400000000000004,1.0,0.3333333333333333,20.0,0.2625940369442105,-0.6855262279996059,0.5782335632345981,1.2626667884587373,-0.11834841196802408,-19.286001019957883,0.4923032,1230758,ok,right
1,362,2,3,0.038400000000000004,1.0,0.3333333333333333,20.0,0.4799216601997614,-0.5710191153911507,3.734953516834299,1.4800830114305787,0.03128573446211768,-10.938709077933575,0.49504,1237600,ok,right
1,382,2,3,0.038400000000000004,1.0,0.3333333333333333,20.0,0.6062153872102499,-0.45013794897056625,0.5717119519718832,1.6062313371493049,0.09197050386068563,5.659830848171406,0.4922952,1230738,ok,right
1,425,2,3,0.038400000000000004,1.0,0.3333333333333333,20.0,0.29044649954885243,-0.9242163819949404,0.9573840266361301,1.290503707554384,0.14983459934823626,-9.180934923167131,0.4936044,1234011,ok,right
1,672,2,3,0.038400000000000004,1.0,0.3333333333333333,20.0,0.12800058759748936,0.16296285754564338,4.6333212367015095,1.1282184820246335,0.057624358086724434,-4.673315038607653,0.4957376,1239344,ok,right
1,674,2,3,0.038400000000000004,1.0,0.3333333333333333,20.0,-0.021187099255621435,0.6808511601760443,5.310258718070486,0.9788235372939121,0.061569304114450114,58.42359199416134,0.49225759999999996,1230644,ok,right
1,678,2,3,0.038400000000000004,1.0,0.3333333333333333,20.0,0.28117306530475616,-0.7599199450268703,0.8159148261732296,1.2812224584285956,-0.36544327276541755,31.883107968099175,0.49321479999999995,1233037,ok,right
1,737,2,3,0.038400000000000004,1.0,0.3333333333333333,20.0,0.42730477750301366,-1.0829278963131626,5.80029962706418,1.427763814450354,-0.2002765262024167,-22.043034802208467,0.4940848,1235212,ok,right
1,742,2,3,0.038400000000000004,1.0,0.3333333333333333,20.0,-0.04336305242031813,0.6540824424586571,2.152486014973828,0.9566487309770056,0.02261789046260679,3.410713631664622,0.493872,1234680,ok,right
1,790,2,3,0.038400000000000004,1.0,0.3333333333333333,20.0,0.1247945498675108,0.2535312338786436,4.518244484252862,1.1248994729785764,-0.13390685937858718,-23.853913737652555,0.4958592,1239648,ok,right
1,802,2,3,0.038400000000000004,1.0,0.3333333333333333,20.0,0.41659183911979203,1.369495045498436,2.4251328428028716,1.4172798882213222,-0.31972556813994313,-19.635122407470902,0.49333279999999996,1233332,ok,right
1,937,2,3,0.038400000000000004,1.0,0.3333333333333333,20.0,0.50432937014848,-0.11950100000117432,4.672386584158606,1.5046533845282641,-0.049774225912934504,-41.05549519648839,0.4958436,1239609,ok,right
1,313,2,3,0.038400000000000004,1.0,0.3333333333333333,20.0,0.40592718906700614,-1.2767122796058,3.556776669133407,1.4072534437289181,-0.10998284912183684,-8.77385549669164,0.4975188,1243797,ok,right
1,993,2,3,0.038400000000000004,1.0,0.3333333333333333,20.0,0.022405587136745453,-0.8991823191134833,4.8602196128210515,1.0226680312052439,0.020623209845132613,-48.33439574762175,0.49976,1249400,ok,right
1,47,2,3,0.038400000000000004,1.0,0.3333333333333333,20.0,0.3710830101743341,1.0610093916840604,1.532784274503199,1.3711676429657815,0.03196871273194016,-67.85922453477065,0.5022156,1255539,ok,right
1,107,2,3,0.038400000000000004,1.0,0.3333333333333333,20.0,0.16066551823168995,-0.4164698326493026,4.964894043422668,1.1609890283684738,0.016586612148049122,-35.01655851672755,0.5011983999999999,1252996,ok,right
1,137,2,3,0.038400000000000004,1.0,0.3333333333333333,20.0,0.29269642997533085,1.296876914380321,1.2308492035241252,1.2934180862493343,0.2515533988975064,38.9999809865652,0.5027744,1256936,ok,right
1,667,2,3,0.038400000000000004,1.0,0.3333333333333333,20.0,0.2337566128000617,-1.9238858560904935,3.1925016512281745,1.2338679918286606,-0.49541451513198753,-16.06096005997273,0.5033112,1258278,ok,right
1,762,2,3,0.038400000000000004,1.0,0.3333333333333333,20.0,0.18209207821637394,1.0013206932389807,6.157213892193086,1.1821331614232395,-0.1354693067879997,18.707732101661993,0.5000988,1250247,ok,right
1,459,2,3,0.038400000000000004,1.0,0.3333333333333333,20.0,0.2870416335761547,-0.8651115871155316,2.5778898270015587,1.2873780726427355,-0.05476365822275427,-17.101671089942037,0.5044604,1261151,ok,right
1,8,2,3,0.038400000000000004,1.0,0.3333333333333333,20.0,0.25083535574376586,1.3020478010849423,4.100585594603665,1.25133334240092,-0.2963334692762765,-37.419132841394706,0.5115948,1278987,ok,right
1,149,2,3,0.038400000000000004,1.0,0.3333333333333333,20.0,0.6950292963534594,0.2883214214736527,0.6257647342300842,1.695628623000245,0.048826303238867996,-54.05686123847059,0.51052,1276300,ok,right
1,295,2,3,0.038400000000000004,1.0,0.3333333333333333,20.0,0.34569486156106,-0.2958624799692542,0.2605995774869959,1.3459597361930862,-0.07601666754095171,-56.39480087278312,0.5080712,1270178,ok,right
1,605,2,3,0.038400000000000004,1.0,0.3333333333333333,20.0,0.22551269195973875,0.21461167457965058,5.598997640382714,1.2255304992229368,-0.1879711660473966,78.54176689439873,0.508432,1271080,ok,right
1,769,2,3,0.038400000000000004,1.0,0.3333333333333333,20.0,0.12183872628957033,-1.6209335404108776,4.410068374900842,1.1221456359663105,0.04615046538847232,-5.13769685723566,0.508602,1271505,ok,right
1,817,2,3,0.038400000000000004,1.0,0.3333333333333333,20.0,0.07110785096883775,-1.0170336870875045,1.1025317346093477,1.0711892506433727,0.04137450002643056,-16.26819918196208,0.509884,1274710,ok,right
1,411,2,3,0.038400000000000004,1.0,0.3333333333333333,20.0,0.6862625684589148,0.2543038657289345,3.1095678173639625,1.6868974235745302,0.08778338606046622,-21.568790025467507,0.5158543999999999,1289636,ok,right
1,738,2,3,0.038400000000000004,1.0,0.3333333333333333,20.0,0.3494766414165497,0.7298119466403203,2.6474887953808124,1.3496672120523314,-0.13469898499115882,19.196305856022462,0.5134603999999999,1283651,ok,right
1,771,2,3,0.038400000000000004,1.0,0.3333333333333333,20.0,0.44402049444615843,0.6770441613071917,3.8102124640601045,1.444054554755337,0.15506461275842237,-35.455249522365726,0.5139516,1284879,ok,right
1,798,2,3,0.038400000000000004,1.0,0.3333333333333333,20.0,0.5844999834895134,0.5020000728249381,0.43729957135099745,1.5848654820387793,0.13251506000055122,-12.260454731407432,0.5158716,1289679,ok,right
1,502,2,3,0.038400000000000004,1.0,0.3333333333333333,20.0,0.590124823153019,0.24812387512356543,4.5669598654897445,1.5910427838900763,0.2629745920527609,-15.967606916102508,0.5172448,1293112,ok,right
1,565,2,3,0.038400000000000004,1.0,0.3333333333333333,20.0,0.6177267218008637,-0.3423430928420883,3.7471918081854,1.6178213083208126,0.04744451122054754,-69.55161455975346,0.5170036,1292509,ok,right
1,250,2,3,0.038400000000000004,1.0,0.3333333333333333,20.0,0.4937163537368179,0.16809016308269203,5.115515774336628,1.4939826757021057,-0.2141452671199875,-26.881363261401297,0.5215056,1303764,ok,right
1,788,2,3,0.038400000000000004,1.0,0.3333333333333333,20.0,0.03634191900491714,-0.05411278409473582,4.974799790893954,1.0371940909262727,0.06102888392369681,47.24632002457599,0.520326,1300815,ok,right
1,78,2,3,0.038400000000000004,1.0,0.3333333333333333,20.0,0.25672953091561795,1.5836650570623287,0.7728503624683167,1.2568422172982527,-0.25478596595120384,0.27013805803518226,0.5278084,1319521,ok,right
1,168,2,3,0.038400000000000004,1.0,0.3333333333333333,20.0,0.5924772080034018,-0.37813762381572197,1.4382991048966303,1.592752188307251,0.1126660835291888,2.72896512523677,0.52706,1317650,ok,right
1,567,2,3,0.038400000000000004,1.0,0.3333333333333333,20.0,-0.020247067697346213,-0.6532473610292372,2.0883666783632324,0.9804137724835056,0.05465478792445839,-5.330185011739163,0.5252479999999999,1313120,ok,right
1,34,2,3,0.038400000000000004,1.0,0.3333333333333333,20.0,0.20630514342337847,-1.1378198928372165,0.36928162096463196,1.2066632691306478,-0.016453932069135282,-66.62461264826547,0.5298252,1324563,ok,right
1,92,2,3,0.038400000000000004,1.0,0.3333333333333333,20.0,-0.07024040594697,0.0029666215008365953,4.9321530751499205,0.9301076182958525,0.11333880940964051,-3.9809088444038156,0.531654,1329135,ok,right
1,275,2,3,0.038400000000000004,1.0,0.3333333333333333,20.0,0.6050030393525958,0.01095492562520585,2.342917595762114,1.6056344804858376,-0.1823852464417947,57.04846016001768,0.5304108,1326027,ok,right
1,586,2,3,0.038400000000000004,1.0,0.3333333333333333,20.0,0.11842988524585962,-1.072172886463939,5.530853459184042,1.1198051756133227,0.3069558810209012,34.792058004656226,0.528146,1320365,ok,right
1,49,2,3,0.038400000000000004,1.0,0.3333333333333333,20.0,0.5607283962890506,-0.1578435558274681,1.3805472289449006,1.5611725191746182,0.13490392520588362,-88.01901944754903,0.5345487999999999,1336372,ok,right
1,418,2,3,0.038400000000000004,1.0,0.3333333333333333,20.0,-0.06729630809277297,-0.010843378099999431,5.152927869294837,0.9335840301274202,-0.0763693819643644,-34.48280468166203,0.534362,1335905,ok,right
1,854,2,3,0.038400000000000004,1.0,0.3333333333333333,20.0,0.30368951205164196,-1.159417935335594,4.983645693715599,1.3037076117051922,0.08871458059363826,47.625120085706804,0.5349408,1337352,ok,right
1,9,2,3,0.038400000000000004,1.0,0.3333333333333333,20.0,0.36166952028870586,0.2949620966159537,1.3251502005220226,1.3624511742400969,-0.12614148129985267,0.14285316327996425,0.539366,1348415,ok,right
1,584,2,3,0.038400000000000004,1.0,0.3333333333333333,20.0,0.2094502979889512,0.3436390510904762,5.671564224397928,1.2098685260399602,0.5132708356901349,41.41627578365189,0.5396324,1349081,ok,right
1,660,2,3,0.038400000000000004,1.0,0.3333333333333333,20.0,0.3306303819641471,1.1377644353799268,5.552897612885813,1.3309432130278638,-0.22071934087754513,-28.862131011565474,0.5369584,1342396,ok,right
1,962,2,3,0.038400000000000004,1.0,0.3333333333333333,20.0,0.31473012752830987,-1.778402499963023,4.197297290416844,1.314867291383184,0.055123974875234454,33.92539638122133,0.5394552,1348638,ok,right
1,89,2,3,0.038400000000000004,1.0,0.3333333333333333,20.0,0.5208435755223036,-0.6462541931576798,0.07133360593672793,1.521958584597972,0.02137074099926896,-18.85955217745591,0.5421628,1355407,ok,right
1,296,2,3,0.038400000000000004,1.0,0.3333333333333333,20.0,0.5045557402074338,0.5198396209108456,4.933087123473925,1.5052854048429658,0.18438071358869504,0.6817794131460372,0.540488,1351220,ok,right
1,654,2,3,0.038400000000000004,1.0,0.3333333333333333,20.0,0.5817980753257871,0.15154382653361007,2.686241416303023,1.582886478990759,-0.529916118780417,-5.383990606274845,0.5429052,1357263,ok,right
1,277,2,3,0.038400000000000004,1.0,0.3333333333333333,20.0,0.47814102768898015,0.9484839726683454,5.984727918705662,1.4781700937606204,-0.23033673374574376,-81.11920453679186,0.5473968,1368492,ok,right
1,656,2,3,0.038400000000000004,1.0,0.3333333333333333,20.0,0.3042509350925684,-1.341090511320078,6.219108579520967,1.304745580071721,0.05937353868630725,33.870181241125145,0.5469803999999999,1367451,ok,right
1,178,2,3,0.038400000000000004,1.0,0.3333333333333333,20.0,0.18555979803204536,1.374122897874768,6.113482627501807,1.1857093151299591,0.12148695189751499,-36.48701408201195,0.548964,1372410,ok,right
1,548,2,3,0.038400000000000004,1.0,0.3333333333333333,20.0,0.09582203570753337,1.8032769351612272,1.6261035525285605,1.0964569611427009,0.08847919956530755,-16.107581117944466,0.5499132,1374783,ok,right
1,220,2,3,0.038400000000000004,1.0,0.3333333333333333,20.0,-0.04345273654907942,-0.4976859873657516,1.9262465561751225,0.9569938519179926,0.03703165245722332,19.330865638442535,0.5527124,1381781,ok,right
1,898,2,3,0.038400000000000004,1.0,0.3333333333333333,20.0,0.07944696936756374,0.466275848182871,4.13773949476131,1.079773983447467,-0.040913706051082445,-85.15170987231082,0.5558712,1389678,ok,right
1,96,2,3,0.038400000000000004,1.0,0.3333333333333333,20.0,0.2070945929735899,1.4238302062557535,6.186887416763063,1.2073775980274846,0.26000536949779113,21.67484972049344,0.5633536,1408384,ok,right
1,316,2,3,0.038400000000000004,1.0,0.3333333333333333,20.0,0.49200052190572025,1.1220673636800083,0.37686434961571663,1.4923596990124381,-0.25947358330703785,-11.89862892127615,0.5619968,1404992,ok,right
1,317,2,3,0.038400000000000004,1.0,0.3333333333333333,20.0,0.03547698743641377,0.4219232746479659,5.9796823859332555,1.0365478892267819,0.04555696497238338,22.288745086648817,0.5620883999999999,1405221,ok,right
1,457,2,3,0.038400000000000004,1.0,0.3333333333333333,20.0,0.040494504012167455,-1.3190010031634616,0.8640729160824049,1.0410742869139038,-0.1558930351099482,-4.391370628125067,0.563082,1407705,ok,right
1,804,2,3,0.038400000000000004,1.0,0.3333333333333333,20.0,0.5546077188104391,0.911210277162336,0.30998290224926367,1.5548832974949671,0.3978523886015443,-10.69365617742209,0.5631148,1407787,ok,right
1,882,2,3,0.038400000000000004,1.0,0.3333333333333333,20.0,0.05091177932918072,-1.4261762930502475,3.9814283993653405,1.0512219053781784,0.13366775694554917,60.58066506388311,0.5630111999999999,1407528,ok,right
1,470,2,3,0.038400000000000004,1.0,0.3333333333333333,20.0,0.5577201131731272,-0.34204312336038206,3.7685098527389527,1.5584645896916323,-0.24013940490660607,26.00469823709563,0.5656372,1414093,ok,right
1,591,2,3,0.038400000000000004,1.0,0.3333333333333333,20.0,0.3776528485119343,-0.6032643522910154,5.888455317753975,1.3779859782052173,-0.22561878374734065,69.44603214140157,0.5656068,1414017,ok,right
1,943,2,3,0.038400000000000004,1.0,0.3333333333333333,20.0,0.41994959320873027,0.5537857305231481,2.99244051312446,1.4202404220999547,0.21176599086075582,27.511335966550455,0.5665848,1416462,ok,right
1,58,2,3,0.038400000000000004,1.0,0.3333333333333333,20.0,0.09397799856960774,1.7660560450047804,2.041455256519929,1.0949210008518382,0.031096851917326966,-4.222320409002118,0.5708172,1427043,ok,right
1,218,2,3,0.038400000000000004,1.0,0.3333333333333333,20.0,0.05569323729723692,0.5047672480330265,4.608751170608206,1.0558788863829014,-0.13123324080477738,60.23840818672125,0.5694648,1423662,ok,right
1,499,2,3,0.038400000000000004,1.0,0.3333333333333333,20.0,0.15397108737379314,1.1810519410310971,2.4878229991509446,1.1550284242938136,-0.030523422871398264,71.34662436328007,0.5701296,1425324,ok,right
1,734,2,3,0.038400000000000004,1.0,0.3333333333333333,20.0,0.5892720814794302,-0.727681786998738,1.3042579894775732,1.5896554138329952,0.043715169718189416,-30.594475514848963,0.5719687999999999,1429922,ok,right
1,915,2,3,0.038400000000000004,1.0,0.3333333333333333,20.0,-0.07770589422434569,-0.06956883522793464,3.843459713170053,0.923404156961338,0.005063826902241388,6.091309497311549,0.57118,1427950,ok,right
1,157,2,3,0.038400000000000004,1.0,0.3333333333333333,20.0,0.5722740698605776,-0.7551633563929665,3.536107920288484,1.572630004807979,-0.09510342271252872,16.484162137111582,0.5720116,1430029,ok,right
1,196,2,3,0.038400000000000004,1.0,0.3333333333333333,20.0,0.02173973135650158,0.262613288082346,2.264188191383552,1.022648856742597,0.06392249182605592,-68.30910640142966,0.5745228,1436307,ok,right
1,706,2,3,0.038400000000000004,1.0,0.3333333333333333,20.0,0.38753043152391914,-1.2632928342996768,3.2569050441051397,1.3877182054429704,-0.028385064332844115,6.9103997915777455,0.5757291999999999,1439323,ok,right
1,307,2,3,0.038400000000000004,1.0,0.3333333333333333,20.0,-0.08708894941955805,0.19033931384395517,3.437119398756374,0.9130462233577107,-0.014778868926448108,-5.5600577588014755,0.5794199999999999,1448550,ok,right
1,619,2,3,0.038400000000000004,1.0,0.3333333333333333,20.0,0.5395988550037146,0.3301173558729305,0.13445813923548716,1.5401505724288058,-0.07473604400731801,19.325005995631535,0.5761828,1440457,ok,right
1,901,2,3,0.038400000000000004,1.0,0.3333333333333333,20.0,0.428554517403245,0.4763391796448007,4.598094725261626,1.428670348005896,0.08216390043249458,22.15825686865077,0.5770972,1442743,ok,right
1,575,2,3,0.038400000000000004,1.0,0.3333333333333333,20.0,0.4687648992985487,-0.6414521536446155,5.936025702268576,1.468858771345863,0.39402349065969405,38.01342882238045,0.5809892,1452473,ok,right
1,865,2,3,0.038400000000000004,1.0,0.3333333333333333,20.0,0.25611349269747735,-1.6678381412692842,4.744735317728047,1.2569800858674365,-0.273417599426893,15.869317308559063,0.5807831999999999,1451958,ok,right
1,910,2,3,0.038400000000000004,1.0,0.3333333333333333,20.0,0.06821736674755811,-0.5006296771100882,0.7664822712917583,1.0690456837778752,-0.13958725107590939,2.1510489790821237,0.5837555999999999,1459389,ok,right
1,944,2,3,0.038400000000000004,1.0,0.3333333333333333,20.0,-0.06508614700287581,-0.18776533424672787,4.420875246261841,0.9352595645711498,0.057994995539930344,13.496011302150706,0.5822952,1455738,ok,right
1,38,2,3,0.038400000000000004,1.0,0.3333333333333333,20.0,0.1427465844899416,0.5475868495821208,1.3836212689452911,1.1442422163195785,-0.11758752376419268,27.3220210697847,0.5857472,1464368,ok,right
1,175,2,3,0.038400000000000004,1.0,0.3333333333333333,20.0,0.37842718157917266,-1.254907214349066,4.549766382409303,1.3792145041418011,-0.06031955863781709,-6.866006751914921,0.5846192,1461548,ok,right
1,647,2,3,0.038400000000000004,1.0,0.3333333333333333,20.0,0.04166017044335604,-0.11346817180056042,2.748817479670094,1.0422571256795288,0.022406077068144008,13.071857182522223,0.5857247999999999,1464312,ok,right
1,727,2,3,0.038400000000000004,1.0,0.3333333333333333,20.0,0.12429131492972374,-0.9563663130656667,0.18457769946491734,1.1245479155834717,-0.05137901473647255,12.47058821047453,0.5846471999999999,1461618,ok,right
1,770,2,3,0.038400000000000004,1.0,0.3333333333333333,20.0,0.23381417840719224,-2.0007422279662763,5.860359794639807,1.235379240615289,-0.1624044965720201,84.01955761963357,0.5857064,1464266,ok,right
1,83,2,3,0.038400000000000004,1.0,0.3333333333333333,20.0,0.6844446437433362,-0.19814703715199986,2.009240173649562,1.6844759280351822,0.2829507578267045,-42.582528876953084,0.591618,1479045,ok,right
1,187,2,3,0.038400000000000004,1.0,0.3333333333333333,20.0,0.6077855497598649,-0.4072669834769239,1.3444431890210053,1.6080317428211244,0.028083838606010693,-5.7176728321692964,0.5897287999999999,1474322,ok,right
1,353,2,3,0.038400000000000004,1.0,0.3333333333333333,20.0,0.5087191494181752,-0.6509421839916341,3.9699529173883117,1.5092730242731633,-0.488099523953427,-80.57363437298449,0.5899907999999999,1474977,ok,right
1,695,2,3,0.038400000000000004,1.0,0.3333333333333333,20.0,0.5070861572399735,0.3721988945826404,0.6337733680732582,1.5078083364535957,0.07762206645225062,2.578920081945567,0.5902183999999999,1475546,ok,right
1,138,2,3,0.038400000000000004,1.0,0.3333333333333333,20.0,0.5432003006339073,0.22937366922112717,4.826171021074823,1.5445025911748682,0.2241729886763383,-16.608580182512924,0.5952459999999999,1488115,ok,right
1,280,2,3,0.038400000000000004,1.0,0.3333333333333333,20.0,0.23954613376408818,-1.5600963860523807,3.3237268629306818,1.2399626680564029,-0.25298362863321866,31.4961354546658,0.5921056,1480264,ok,right
1,319,2,3,0.038400000000000004,1.0,0.3333333333333333,20.0,0.248018316924572,0.1765187285728753,4.281341506898664,1.24817256285334,0.14429020661261668,27.9218078069741,0.5948716,1487179,ok,right
1,365,2,3,0.038400000000000004,1.0,0.3333333333333333,20.0,0.2318015217781067,-1.4017135013187425,5.115440807099656,1.2325471864518147,-0.4594350842194029,-66.3114738078677,0.5924771999999999,1481193,ok,right
1,420,2,3,0.038400000000000004,1.0,0.3333333333333333,20.0,0.5081970728933811,-0.578271435815053,3.928960533776709,1.5084172249986758,0.3464991616308354,-9.5852504305504,0.5943927999999999,1485982,ok,right
1,507,2,3,0.038400000000000004,1.0,0.3333333333333333,20.0,0.6743667682632805,-0.13055164641624015,4.54908439194452,1.6754948021150073,0.14584398147987018,7.737972542990416,0.5946528,1486632,ok,right
1,514,2,3,0.038400000000000004,1.0,0.3333333333333333,20.0,0.22653250452131035,-2.059910258699749,2.2761715326863885,1.2268052946240064,-0.14763444503213874,24.890258853032602,0.5943031999999999,1485758,ok,right
1,545,2,3,0.038400000000000004,1.0,0.3333333333333333,20.0,-0.03938824757933617,-0.41900027352704267,2.039229558324951,0.9608701450421905,-0.047457455454249384,39.002334511851465,0.5942508,1485627,ok,right
1,688,2,3,0.038400000000000004,1.0,0.3333333333333333,20.0,-0.04098232798278332,0.4138096022366413,2.8223597247140773,0.9590649674281567,0.12513154573355825,16.240670483907724,0.5950804,1487701,ok,right
1,10,2,3,0.038400000000000004,1.0,0.3333333333333333,20.0,0.44586110655218364,-0.9666796684295941,3.7411218816571674,1.4462312171022622,0.4527328564460815,-36.49640035215438,0.5988711999999999,1497178,ok,right
1,293,2,3,0.038400000000000004,1.0,0.3333333333333333,20.0,0.5873436780646444,0.13716651672108948,5.603254019552277,1.5882724763102813,-0.3204117568723817,-23.692807321625764,0.5981496,1495374,ok,right
1,377,2,3,0.038400000000000004,1.0,0.3333333333333333,20.0,0.28967458941042423,0.8098382961800065,6.231867877442655,1.2901831696597397,0.06708703749079932,44.44590338859263,0.5985472,1496368,ok,right
1,741,2,3,0.038400000000000004,1.0,0.3333333333333333,20.0,0.20613567475229502,-0.5221960494052482,5.895442521713352,1.2076022299870803,-0.029460263795100097,-5.708876804303085,0.5969428,1492357,ok,right
1,76,2,3,0.038400000000000004,1.0,0.3333333333333333,20.0,0.6371636375784875,0.18378413073224875,5.83093692060186,1.637473206320447,-0.027496376280299856,65.88158053892855,0.6012687999999999,1503172,ok,right
1,205,2,3,0.038400000000000004,1.0,0.3333333333333333,20.0,0.20510185454040766,1.7580919925819936,0.54120492543749,1.205324134568923,0.2044786579003291,-56.74010066289598,0.6018456,1504614,ok,right
1,520,2,3,0.038400000000000004,1.0,0.3333333333333333,20.0,0.6824103564023972,0.36391284601086865,3.179789781110617,1.6826269951057036,-0.19473772605529585,-23.82706320442373,0.6010568,1502642,ok,right
1,839,2,3,0.038400000000000004,1.0,0.3333333333333333,20.0,0.30169476326555017,0.6453055833879904,3.068792236748789,1.3027407638704336,0.005238408305942486,3.439897607394018,0.600394,1500985,ok,right
1,976,2,3,0.038400000000000004,1.0,0.3333333333333333,20.0,0.26695829797536136,-0.26132783146677685,1.9406480337687562,1.2673309575338512,0.24787139914505038,38.89998954591537,0.6000156,1500039,ok,right
1,286,2,3,0.038400000000000004,1.0,0.3333333333333333,20.0,-0.09064849261194469,-0.20247680798289297,5.276726022921992,0.9104726600693297,0.04317570247261668,51.917633664812506,0.606466,1516165,ok,right
1,355,2,3,0.038400000000000004,1.0,0.3333333333333333,20.0,0.045941730029881,1.4597532463298075,3.0587911128704075,1.0465433046497232,-0.11474627439959967,21.79541689506269,0.605876,1514690,ok,right
1,587,2,3,0.038400000000000004,1.0,0.3333333333333333,20.0,0.4154259251430631,0.9336078323882853,1.5805955153132885,1.4159986589936189,-0.07237763999186168,6.507185923386039,0.6045628,1511407,ok,right
1,832,2,3,0.038400000000000004,1.0,0.3333333333333333,20.0,0.12248697094619275,0.03625552376038275,5.176469381093297,1.1227505823437274,0.12630669388836238,-29.985104168442064,0.604212,1510530,ok,right
1,556,2,3,0.038400000000000004,1.0,0.3333333333333333,20.0,0.6598523281514646,0.31210332343874386,1.885626072671795,1.660582067797749,-0.19933335665644158,31.577087046413382,0.6092864,1523216,ok,right
1,583,2,3,0.038400000000000004,1.0,0.3333333333333333,20.0,0.23713841401040556,-0.5409356912132237,5.283530585947927,1.237435241473541,-0.04004288968209617,-23.196338416779067,0.6082084,1520521,ok,right
1,724,2,3,0.038400000000000004,1.0,0.3333333333333333,20.0,0.03758141789585352,0.934747598124657,0.8131581428434467,1.0379390365143617,-0.1730607793378474,13.671577457003915,0.6080272,1520068,ok,right
1,919,2,3,0.038400000000000004,1.0,0.3333333333333333,20.0,0.48834025748074056,0.9736041230018032,2.0985719890325276,1.4884334162276014,0.5105964293017725,83.66660777443765,0.6116608,1529152,ok,right
1,266,2,3,0.038400000000000004,1.0,0.3333333333333333,20.0,0.21848926171660424,0.724966086357695,5.325573883094297,1.2184976053997523,-0.17930327153750547,33.403307413505935,0.6133656,1533414,ok,right
1,224,2,3,0.038400000000000004,1.0,0.3333333333333333,20.0,0.29386041052639483,-1.7958597440822692,1.7149470429308311,1.294057431012344,-0.05816121596346294,-22.523757529371846,0.6194504,1548626,ok,right
1,348,2,3,0.038400000000000004,1.0,0.3333333333333333,20.0,0.19942008499056102,1.2186757262662513,1.7165014826280551,1.2006779089537807,-0.25629191837105525,1.6206716721619516,0.6165528,1541382,ok,right
1,780,2,3,0.038400000000000004,1.0,0.3333333333333333,20.0,0.2731756268069148,0.9619190110536903,1.7243927041291054,1.2736932316039313,-0.21697253147542522,95.3126080025041,0.6163076,1540769,ok,right
1,970,2,3,0.038400000000000004,1.0,0.3333333333333333,20.0,-0.056703119166195394,0.18808847991738112,1.3977416834029457,0.9433245462906895,0.11637040820633089,-71.75845214268357,0.6197368,1549342,ok,right
1,572,2,3,0.038400000000000004,1.0,0.3333333333333333,20.0,0.2828432083129883,-0.4545317326558999,0.6535464658050033,1.2831543426772314,-0.4479855123716791,-43.97549191432674,0.6211595999999999,1552899,ok,right
1,666,2,3,0.038400000000000004,1.0,0.3333333333333333,20.0,0.12048731874674559,-1.0791897495513305,5.169471671919193,1.1206112036467863,-0.11129925317005425,50.79135591680257,0.6217284,1554321,ok,right
1,860,2,3,0.038400000000000004,1.0,0.3333333333333333,20.0,0.4916435904800892,-1.066362501719223,4.593004747575053,1.4938833723089142,0.032057358867288575,38.610020144782744,0.6227556,1556889,ok,right
1,146,2,3,0.038400000000000004,1.0,0.3333333333333333,20.0,0.49855298083275557,0.6954905583529386,1.724948228251772,1.4986699158255912,0.08878970870049505,-31.00465335672295,0.6240004,1560001,ok,right
1,841,2,3,0.038400000000000004,1.0,0.3333333333333333,20.0,0.28442164286971094,0.9044208561109074,4.597669539825231,1.2847939941363469,-0.10598036192610673,-13.68783256739323,0.625672,1564180,ok,right
1,753,2,3,0.038400000000000004,1.0,0.3333333333333333,20.0,0.5780486721545458,0.6526895322743026,2.1684799739864196,1.5782750681604694,-0.10760186101965864,-47.23013421348751,0.6286168,1571542,ok,right
1,757,2,3,0.038400000000000004,1.0,0.3333333333333333,20.0,0.352733301371336,-0.00014268155501014163,5.181927433357368,1.3527966758779981,0.20046431286834446,-100.33756313728422,0.6280076,1570019,ok,right
1,926,2,3,0.038400000000000004,1.0,0.3333333333333333,20.0,0.34989139121025803,1.0295164501599576,3.61198287891078,1.3504052847956336,-0.24932340188058985,52.15426148175171,0.6301104,1575276,ok,right
1,43,2,3,0.038400000000000004,1.0,0.3333333333333333,20.0,0.15109598767012358,1.6389693228223945,4.846185038007534,1.1520214386702983,0.008476811711811694,19.752632587605692,0.63334,1583350,ok,right
1,899,2,3,0.038400000000000004,1.0,0.3333333333333333,20.0,-0.09459650944918395,0.19982814141788308,4.788245362873215,0.9060158166503776,0.020282547205523565,-78.83565313435945,0.635142,1587855,ok,right
1,354,2,3,0.038400000000000004,1.0,0.3333333333333333,20.0,0.4895533211529255,-0.7746553476029002,2.2333833586157623,1.4903940261612922,-0.1996191875144494,87.93506557274105,0.6384683999999999,1596171,ok,right
1,833,2,3,0.038400000000000004,1.0,0.3333333333333333,20.0,0.45010805726051334,0.3351590567065516,3.3454486918920474,1.4504188038083194,-0.14372969289393228,-28.305794323311254,0.6395308,1598827,ok,right
1,22,2,3,0.038400000000000004,1.0,0.3333333333333333,20.0,0.2852598102763295,-1.8906283017326435,2.343982957075832,1.2858857514930204,0.14603445602062215,26.404066774860716,0.6416872,1604218,ok,right
1,569,2,3,0.038400000000000004,1.0,0.3333333333333333,20.0,0.6147293971851469,-0.4742232218806781,3.611334633577331,1.6148206389666164,-0.35161589217824774,28.424580646873466,0.641408,1603520,ok,right
1,844,2,3,0.038400000000000004,1.0,0.3333333333333333,20.0,0.03228087238967419,0.22304100211261188,6.224669173564886,1.0324851016329786,-0.06060608346185827,-61.45879231097201,0.643772,1609430,ok,right
1,3,2,3,0.038400000000000004,1.0,0.3333333333333333,20.0,0.17358145024627447,-1.7127622071188178,2.800302877272133,1.174023287920631,0.07953573031947783,34.045158813588515,0.6445344,1611336,ok,right
1,159,2,3,0.038400000000000004,1.0,0.3333333333333333,20.0,0.13532778862863779,-1.8754053799661792,1.1890035115002306,1.1359205340856722,0.027444406344971597,-44.97617954011401,0.6478476,1619619,ok,right
1,278,2,3,0.038400000000000004,1.0,0.3333333333333333,20.0,-0.03732243105769158,-0.37636048015309037,6.001332856676551,0.9628641592436613,0.06924195386449598,-36.47816009774781,0.6477392,1619348,ok,right
1,416,2,3,0.038400000000000004,1.0,0.3333333333333333,20.0,0.1802405506372452,-1.7608023986728207,1.090315999992111,1.180386376190784,-0.03636249078194518,25.646926769562082,0.6470667999999999,1617667,ok,right
1,759,2,3,0.038400000000000004,1.0,0.3333333333333333,20.0,-0.04099576007574797,0.17136254021657102,5.458824834034117,0.9591902871625311,0.0737305469282919,-3.361934274236537,0.646726,1616815,ok,right
1,132,2,3,0.038400000000000004,1.0,0.3333333333333333,20.0,-0.06803312133997678,0.4896412540367908,4.046578453926619,0.9328342366334562,0.09321761768219378,34.062094440618054,0.6511283999999999,1627821,ok,right
1,462,2,3,0.038400000000000004,1.0,0.3333333333333333,20.0,0.36957682836800815,1.4827973953237228,2.98314186934148,1.36968505312004,-0.3006167569250318,8.921141129337471,0.6584768,1646192,ok,right
1,821,2,3,0.038400000000000004,1.0,0.3333333333333333,20.0,0.48961684405803685,-0.4389575751048253,4.765000520620804,1.4906779486484845,0.24318726972937033,-61.92403102357147,0.6568212,1642053,ok,right
1,98,2,3,0.038400000000000004,1.0,0.3333333333333333,20.0,0.5178458137437701,0.5722228426712131,3.92663338513877,1.5190521746670862,0.13792696982608005,77.57547154560051,0.6615572,1653893,ok,right
1,608,2,3,0.038400000000000004,1.0,0.3333333333333333,20.0,0.6307401733472944,0.5782262257021107,5.708367676678012,2.6050517622624207,0.458684013080178,56.052025685334314,0.6601623999999999,1650406,ok,right
1,881,2,3,0.038400000000000004,1.0,0.3333333333333333,20.0,0.6142923895269633,0.062093497816676974,1.8231802353463045,1.6143789577871823,-0.06346251371893276,17.093345472154727,0.6636219999999999,1659055,ok,right
1,558,2,3,0.038400000000000004,1.0,0.3333333333333333,20.0,0.5956773787736893,-0.39040458535443695,1.4756209860856455,1.5964393459890227,0.22804848063190925,24.88667860051783,0.6659524,1664881,ok,right
1,719,2,3,0.038400000000000004,1.0,0.3333333333333333,20.0,0.46512479912489657,-1.1403932713576441,1.9355353106318869,1.4655564706472852,0.16306771554857763,-24.051367299919324,0.6644443999999999,1661111,ok,right
1,884,2,3,0.038400000000000004,1.0,0.3333333333333333,20.0,0.38352176472544675,1.3942304875862332,3.857452425119814,1.3838949813011534,0.0029580080255955394,46.494245623398704,0.6650768,1662692,ok,right
1,291,2,3,0.038400000000000004,1.0,0.3333333333333333,20.0,-0.06732994634658099,-0.022428801308223046,0.22644005266281672,0.9327626165092018,0.04888160351889584,-15.8491033009994,0.6706972,1676743,ok,right
1,328,2,3,0.038400000000000004,1.0,0.3333333333333333,20.0,0.36180396005511284,0.24350977542310018,1.0437629872265557,1.3620835621356644,0.08676771710280398,2.344014888574559,0.6717255999999999,1679314,ok,right
1,391,2,3,0.038400000000000004,1.0,0.3333333333333333,20.0,0.1838681807741523,1.1476879047436015,5.288352251292499,1.1840127609755398,0.03690403535419347,26.534131179397168,0.6694968,1673742,ok,right
1,782,2,3,0.038400000000000004,1.0,0.3333333333333333,20.0,0.4801494263112545,0.6153676748721886,6.160621127878128,1.4807781384802896,0.01995796174748679,2.689016248585524,0.6692168,1673042,ok,right
1,928,2,3,0.038400000000000004,1.0,0.3333333333333333,20.0,0.3557807313278318,-0.30066166728283006,5.052876899118906,1.356126632430516,0.17027850716997645,-47.11369381431126,0.6702239999999999,1675560,ok,right
1,422,2,3,0.038400000000000004,1.0,0.3333333333333333,20.0,0.675216941908002,0.2923529833187986,4.786359477141362,1.6756788056599004,-0.25987316388406245,6.7629702346862555,0.674402,1686005,ok,right
1,830,2,3,0.038400000000000004,1.0,0.3333333333333333,20.0,-0.013623962178826332,0.630303788913992,2.8049412404442915,0.9867137946847675,-0.0815510128190611,-42.74776937861737,0.6735932,1683983,ok,right
1,843,2,3,0.038400000000000004,1.0,0.3333333333333333,20.0,0.521847122348845,-0.4420385248433837,5.324491461229939,1.52258680622271,0.05936185079391804,38.17622210254858,0.6727255999999999,1681814,ok,right
1,933,2,3,0.038400000000000004,1.0,0.3333333333333333,20.0,0.13399967234581708,-1.7126899575606043,3.23958659709945,1.1340319766173896,-0.012892970692096094,70.82504317570812,0.6754764,1688691,ok,right
1,967,2,3,0.038400000000000004,1.0,0.3333333333333333,20.0,0.21554355137050152,-1.9295640853738263,2.6961520440690214,1.2156089315033454,-0.035856389103253124,-62.13492761102328,0.6737244,1684311,ok,right
1,214,2,3,0.038400000000000004,1.0,0.3333333333333333,20.0,0.26267927419394255,0.40861799258229375,4.794360571104755,1.2632666681369267,0.12151779174264869,-92.6508714321025,0.6760444,1690111,ok,right
1,387,2,3,0.038400000000000004,1.0,0.3333333333333333,20.0,0.31529017314314844,1.4498920742087498,5.553439192473348,1.3161721973088911,-0.3881326183753663,-9.726222924343734,0.6782235999999999,1695559,ok,right
1,351,2,3,0.038400000000000004,1.0,0.3333333333333333,20.0,0.14621680360287428,0.048535640332110774,5.092940284399713,1.1472762928256872,-0.1602338637149389,26.060922463998114,0.6804028,1701007,ok,right
1,441,2,3,0.038400000000000004,1.0,0.3333333333333333,20.0,0.016716082394123078,-1.1067483016854542,1.199957842077783,1.0171265268069938,0.009834115983551507,-46.79786714993275,0.682232,1705580,ok,right
1,777,2,3,0.038400000000000004,1.0,0.3333333333333333,20.0,-0.07918387707322837,0.2603271346358642,5.19766384856794,0.921994761152623,0.049991341521772245,-54.115651962259136,0.6828316,1707079,ok,right
1,703,2,3,0.038400000000000004,1.0,0.3333333333333333,20.0,0.6327830754220486,0.6070983256829231,0.49505377480539126,1.634004298346096,0.4596137597733726,64.73570078295633,0.6868928,1717232,ok,right
1,923,2,3,0.038400000000000004,1.0,0.3333333333333333,20.0,0.10627481490373612,0.5601459098128627,3.4914150239528157,1.1070631654172407,-0.0676839682752543,-41.91607541439462,0.6849571999999999,1712393,ok,right
1,122,2,3,0.038400000000000004,1.0,0.3333333333333333,20.0,0.4025261286646128,1.123695602103463,3.40597179111635,1.4025721500455395,-0.20943573760290757,19.132341222311993,0.6895236,1723809,ok,right
1,268,2,3,0.038400000000000004,1.0,0.3333333333333333,20.0,0.6481193134561182,-0.4655119573818893,4.5197601141963615,1.649225989511353,-0.0845553426911784,44.059317835618906,0.6883368,1720842,ok,right
1,665,2,3,0.038400000000000004,1.0,0.3333333333333333,20.0,0.08690582271665336,-1.2688356575976365,6.017520918585735,1.0869993173913552,0.1371146272235685,-51.714025001875925,0.6907808,1726952,ok,right
1,622,2,3,0.038400000000000004,1.0,0.3333333333333333,20.0,-0.015382947400212288,-0.0032784782312202136,2.5314901602349082,0.9846500571788712,-0.0205003261810217,-75.04794697862982,0.6950103999999999,1737526,ok,right
1,796,2,3,0.038400000000000004,1.0,0.3333333333333333,20.0,0.22681170385330918,0.7025417184048538,2.9887962174163447,1.2273309777055241,-0.1116865824823173,15.06940680734371,0.6934448,1733612,ok,right
1,50,2,3,0.038400000000000004,1.0,0.3333333333333333,20.0,0.2306964611634612,-1.9446785989430635,1.301595314726482,1.2307781010159202,0.17669747573354852,-58.10763042756125,0.6973539999999999,1743385,ok,right
1,91,2,3,0.038400000000000004,1.0,0.3333333333333333,20.0,0.43160944469273094,1.0621473643657904,5.828014305788936,1.4316449715919617,-0.26168141851054455,-15.644992863660997,0.69829,1745725,ok,right
1,577,2,3,0.038400000000000004,1.0,0.3333333333333333,20.0,0.1615604855120182,1.893317954879609,1.1368759396747719,1.163120416319771,-0.06442420405312023,1.335435213346634,0.69848,1746200,ok,right
1,385,2,3,0.038400000000000004,1.0,0.3333333333333333,20.0,0.09117366317659617,0.8946158763857769,0.5199446632222321,1.0913957689284213,-0.016357430159198844,8.24607471926406,0.7038848,1759712,ok,right
1,810,2,3,0.038400000000000004,1.0,0.3333333333333333,20.0,-0.022204718552529812,0.7528310843433454,1.4759757188502605,0.9780746779016076,0.038118815179375404,-34.58051483035187,0.702452,1756130,ok,right
1,956,2,3,0.038400000000000004,1.0,0.3333333333333333,20.0,0.1258172657340765,1.4111157201759787,1.781765279069997,1.1262302429359816,-0.07095674167535283,-25.664244471320952,0.7016756,1754189,ok,right
1,739,2,3,0.038400000000000004,1.0,0.3333333333333333,20.0,0.3213247526437044,0.8734173936222366,5.53329076555335,1.3214539353428745,0.06137207659489491,-17.669096632375467,0.7049596,1762399,ok,right
1,761,2,3,0.038400000000000004,1.0,0.3333333333333333,20.0,0.177076892927289,1.388440591641714,4.061254916231612,1.177117606209645,0.04555001232823945,47.82782218032045,0.7075688,1768922,ok,right
1,931,2,3,0.038400000000000004,1.0,0.3333333333333333,20.0,0.11527965925633908,0.4243888539919309,1.51660011565945,1.115934693424879,0.15481592790561186,87.0441081810509,0.7054052,1763513,ok,right
1,606,2,3,0.038400000000000004,1.0,0.3333333333333333,20.0,0.07543529924005271,-0.9014931019008919,5.411356490981381,1.0759363661896273,0.11403612304479568,-59.473618561024,0.70831,1770775,ok,right
1,710,2,3,0.038400000000000004,1.0,0.3333333333333333,20.0,0.04807853922247887,-1.4711718304445291,2.7095456369373534,1.0482041418219594,0.13758846272213268,-49.15267266915462,0.7117867999999999,1779467,ok,right
1,691,2,3,0.038400000000000004,1.0,0.3333333333333333,20.0,0.2672192046418786,1.2362722239596553,3.7069688785217854,1.2678044376049662,-0.26067785797843057,-87.18401740389146,0.7155007999999999,1788752,ok,right
1,729,2,3,0.038400000000000004,1.0,0.3333333333333333,20.0,-0.08675655573606492,0.06143744825751598,3.390290915590657,0.9135538189237751,-0.07124362294886123,-43.96964432064989,0.7159936,1789984,ok,right
1,797,2,3,0.038400000000000004,1.0,0.3333333333333333,20.0,-0.06897571366280318,0.1804699191221891,0.5481771754482604,0.9317538022247707,0.019391550456954385,7.703982981781794,0.718474,1796185,ok,right
1,965,2,3,0.038400000000000004,1.0,0.3333333333333333,20.0,0.2170969745144248,-1.4810745317656708,4.253065752277131,1.2181101293518226,-0.06797950554564633,-36.64632416720977,0.7187747999999999,1796937,ok,right
1,235,2,3,0.038400000000000004,1.0,0.3333333333333333,20.0,0.2061269786208868,2.0430196070761433,4.489319937166519,1.2061697432129987,0.05195692678198404,44.24523508492499,0.7217964,1804491,ok,right
1,51,2,3,0.038400000000000004,1.0,0.3333333333333333,20.0,0.44797683488577605,-0.9496203846615925,5.980866452808679,1.4486190864207094,0.20866407646466534,-24.781538496951928,0.7245708,1811427,ok,right
1,206,2,3,0.038400000000000004,1.0,0.3333333333333333,20.0,0.1832682464271784,0.4071140381380005,1.2255082271310203,1.1840518930557744,-0.07838366499460274,27.17206088537045,0.726648,1816620,ok,right
1,396,2,3,0.038400000000000004,1.0,0.3333333333333333,20.0,0.5640219567343593,-0.5233498114831306,2.4003388536908474,1.5641419576567235,0.08396411320457646,-23.37491619027016,0.7301828,1825457,ok,right
1,399,2,3,0.038400000000000004,1.0,0.3333333333333333,20.0,0.5920126413926482,-0.1643703315413422,4.437384936562424,1.5920599024287199,0.018376739370103097,30.59266862846577,0.7343143999999999,1835786,ok,right
1,120,2,3,0.038400000000000004,1.0,0.3333333333333333,20.0,0.6749412069097162,0.3796417283760826,3.8163840136556315,1.6754448656483492,0.05216447712621341,-104.22958219721068,0.7363408,1840852,ok,right
1,320,2,3,0.038400000000000004,1.0,0.3333333333333333,20.0,0.6400857958942652,0.02248965934029814,3.0851089549884545,1.6402719151812417,0.10926297370348904,-12.139577497501355,0.7362572,1840643,ok,right
1,378,2,3,0.038400000000000004,1.0,0.3333333333333333,20.0,0.631512987986207,0.422541569339081,2.960580155704118,1.6315639768185264,0.5242013624019696,8.896966908621962,0.7398003999999999,1849501,ok,right
1,687,2,3,0.038400000000000004,1.0,0.3333333333333333,20.0,-0.04591180738061667,0.1833511465248853,2.2545727731713594,0.9545463782653983,0.018880344694242303,32.75040328105689,0.7372784,1843196,ok,right
1,225,2,3,0.038400000000000004,1.0,0.3333333333333333,20.0,-0.023091612942516805,0.7442628849608215,5.86647309668909,0.9775063088444901,0.07846627813576323,61.76735139424382,0.742408,1856020,ok,right
1,631,2,3,0.038400000000000004,1.0,0.3333333333333333,20.0,0.4045288033783436,-0.466326308067435,4.87891327304132,1.405126723800288,0.35168085148823014,-97.67838136318848,0.741112,1852780,ok,right
1,760,2,3,0.038400000000000004,1.0,0.3333333333333333,20.0,0.47295390088111167,-0.567526378816531,0.16233593771483554,1.4729858934958646,-0.31880689987865146,-11.466279768185133,0.7476832,1869208,ok,right
1,849,2,3,0.038400000000000004,1.0,0.3333333333333333,20.0,0.14571267105638983,1.2705397190525909,0.4813129232209111,1.1458801697089172,0.15639337040080564,70.39104039548833,0.747582,1868955,ok,right
1,405,2,3,0.038400000000000004,1.0,0.3333333333333333,20.0,-0.09911238923668862,-0.1390081916535506,2.237668431460532,0.9011159088672899,-0.008797157630690786,7.5293472281968,0.749926,1874815,ok,right
1,752,2,3,0.038400000000000004,1.0,0.3333333333333333,20.0,0.11689136680215598,-1.9854797415859993,1.6767348312616919,1.1178614726802845,-0.10279278911259583,32.79894964880751,0.7499551999999999,1874888,ok,right
1,946,2,3,0.038400000000000004,1.0,0.3333333333333333,20.0,0.4565679142251611,-0.2892655188806084,0.33081327574650243,1.4567012433573494,-0.06537042374265588,-5.241694653712811,0.7518224,1879556,ok,right
1,357,2,3,0.038400000000000004,1.0,0.3333333333333333,20.0,0.4216537008062005,-0.9370430954417721,3.58189035265913,1.421808219845108,0.20636467604787123,-0.3814633252996843,0.7532612,1883153,ok,right
1,429,2,3,0.038400000000000004,1.0,0.3333333333333333,20.0,0.30795471314340833,-0.686861698273175,1.633336210734949,1.3080464790607327,0.195364846071063,-11.821195237771516,0.7533839999999999,1883460,ok,right
1,764,2,3,0.038400000000000004,1.0,0.3333333333333333,20.0,0.18879810851067305,0.6113246334168407,0.02068551827486587,1.1893588675796982,-0.14920875210817564,34.55183372580479,0.7539699999999999,1884925,ok,right
1,896,2,3,0.038400000000000004,1.0,0.3333333333333333,20.0,0.3028165899217129,-0.14944283329125738,5.7563119464807215,1.3031420149433797,0.31234583580245084,9.723725909790133,0.7537691999999999,1884423,ok,right
1,607,2,3,0.038400000000000004,1.0,0.3333333333333333,20.0,0.09117467924952508,-0.7323098388742737,0.2482096532140608,1.0917455873536284,0.20973019959218878,32.21741639330452,0.7570252,1892563,ok,right
1,973,2,3,0.038400000000000004,1.0,0.3333333333333333,20.0,0.20424785856157543,0.3553379313328307,3.300534454588068,1.2053417082411193,-0.021227589294385184,65.89812036502097,0.761988,1904970,ok,right
1,419,2,3,0.038400000000000004,1.0,0.3333333333333333,20.0,0.18546543922275305,1.8203876541640591,4.3227765475772815,1.1859180320839027,-0.15454579103788585,66.94885036602719,0.7642036,1910509,ok,right
1,578,2,3,0.038400000000000004,1.0,0.3333333333333333,20.0,0.43881394825875764,0.7209416003472671,3.313881223837437,1.439882946129418,0.17371231172459678,-25.48430752271542,0.7706624,1926656,ok,right
1,934,2,3,0.038400000000000004,1.0,0.3333333333333333,20.0,0.07247808314859867,-1.0918280463944943,2.4751743431865103,1.0726306622999722,-0.1159454439388702,62.67279971582501,0.769614,1924035,ok,right
1,60,2,3,0.038400000000000004,1.0,0.3333333333333333,20.0,0.28328328765928745,-0.43823479721845665,0.9496293305019095,1.283758535883319,-0.23968416337656628,37.68793969500262,0.7724544,1931136,ok,right
1,325,2,3,0.038400000000000004,1.0,0.3333333333333333,20.0,0.05820200201123953,-1.6211961104479082,1.9567898660037177,1.0593783341194234,0.11152285016879962,-122.53920382604966,0.772322,1930805,ok,right
1,535,2,3,0.038400000000000004,1.0,0.3333333333333333,20.0,0.32292770594358444,-1.7642404382529395,6.083714986097201,1.3237437551287927,-0.2445278657087063,20.837121798899307,0.7754595999999999,1938649,ok,right
1,74,2,3,0.038400000000000004,1.0,0.3333333333333333,20.0,0.25099650118499994,1.07823891350856,5.923330863443297,1.2510525684725675,0.24398436742248067,30.886686731736937,0.7786136,1946534,ok,right
1,531,2,3,0.038400000000000004,1.0,0.3333333333333333,20.0,0.6643118275329472,-0.38479131851050186,1.5758483841819366,1.6654385148753759,-0.1632494330273331,65.94929676292685,0.7769832,1942458,ok,right
1,707,2,3,0.038400000000000004,1.0,0.3333333333333333,20.0,0.6742619125172497,0.08281839363953593,0.4585504533355311,1.6750244183677971,0.25869158979946777,34.101991655204635,0.7796324,1949081,ok,right
1,106,2,3,0.038400000000000004,1.0,0.3333333333333333,20.0,0.42786651067435744,-0.1963304512276495,1.5788769215783898,1.4281297754204574,-0.19394097989979858,90.40280343746305,0.7832247999999999,1958062,ok,right
1,121,2,3,0.038400000000000004,1.0,0.3333333333333333,20.0,0.006238849833607674,-0.7137992891030671,5.469387529738506,1.0071275912835649,0.06402060026159474,-67.64930329196477,0.7838052,1959513,ok,right
1,484,2,3,0.038400000000000004,1.0,0.3333333333333333,20.0,0.573459080979228,0.12878356975653701,3.37213422969181,1.5742558407791534,-0.7920253115008521,-35.845025346767436,0.7834403999999999,1958601,ok,right
1,171,2,3,0.038400000000000004,1.0,0.3333333333333333,20.0,0.042994352988898754,-0.5574508348403957,3.7232524250940036,1.044078953197442,-0.07545954360780917,-60.649270518754,0.7876099999999999,1969025,ok,right
1,213,2,3,0.038400000000000004,1.0,0.3333333333333333,20.0,-0.051869160123169424,-0.007725537124755493,5.73517489854069,0.9491483963781226,-0.058882490879646865,33.29940772058839,0.784638,1961595,ok,right
1,345,2,3,0.038400000000000004,1.0,0.3333333333333333,20.0,0.33568077199161056,-1.5061777158566414,3.995606414759448,1.3359943938142327,0.014216857727600047,0.4956694521770917,0.7842627999999999,1960657,ok,right
1,389,2,3,0.038400000000000004,1.0,0.3333333333333333,20.0,0.021329072862863542,-0.13741963220402034,1.173957824764129,1.0214804554471821,-0.18160292453942875,-131.0601715383578,0.7854972,1963743,ok,right
1,831,2,3,0.038400000000000004,1.0,0.3333333333333333,20.0,0.1728214379400015,-1.3734095444581782,4.260211709180632,1.1728906506238543,-0.10977676482189566,8.98176885820383,0.7893848,1973462,ok,right
1,743,2,3,0.038400000000000004,1.0,0.3333333333333333,20.0,0.20345432069152594,-0.17152293627859344,3.001805810380968,1.2034840383996985,0.004302681785421655,-56.49649776951896,0.7954572,1988643,ok,right
1,21,2,3,0.038400000000000004,1.0,0.3333333333333333,20.0,0.37439476102590563,0.1565732658515862,6.086678858125796,1.3744190494288455,-0.061873342625142505,-81.5323188293371,0.7982511999999999,1995628,ok,right
1,370,2,3,0.038400000000000004,1.0,0.3333333333333333,20.0,0.19633448738604786,0.8799678973601031,1.1950308056697971,1.1963546277826793,0.287024713410365,13.817528918437397,0.7985004,1996251,ok,right
1,289,2,3,0.038400000000000004,1.0,0.3333333333333333,20.0,0.5391010880470276,0.05584940018562125,5.11431808476805,1.5391449675703328,0.06383429474442412,-40.85125611789942,0.8028584,2007146,ok,right
1,599,2,3,0.038400000000000004,1.0,0.3333333333333333,20.0,0.6846054159104824,-0.3626896908668252,0.07960787059306297,1.6854102925468004,0.15899775793397045,16.66064069784211,0.8063604,2015901,ok,right
1,201,2,3,0.038400000000000004,1.0,0.3333333333333333,20.0,-0.08848133608698845,-0.33264484191393234,6.1721834003960465,0.9117202687481513,-0.001985161226384552,-29.030167892393003,0.8119919999999999,2029980,ok,right
1,856,2,3,0.038400000000000004,1.0,0.3333333333333333,20.0,0.12067866269499064,-0.9781355533516367,3.525475706716969,1.1208539344277626,0.08716087082085727,-41.840273670353575,0.8100191999999999,2025048,ok,right
1,756,2,3,0.038400000000000004,1.0,0.3333333333333333,20.0,0.5086434658616782,0.19386478087908962,2.780543179869994,1.5090794398415812,-0.04403492163147968,-24.31891285461509,0.814522,2036305,ok,right
1,612,2,3,0.038400000000000004,1.0,0.3333333333333333,20.0,0.022057177871465685,1.0789767945694828,2.3678662226297074,1.022265949629497,-0.009188119230772776,-154.85770543509966,0.8169099999999999,2042275,ok,right
1,871,2,3,0.038400000000000004,1.0,0.3333333333333333,20.0,0.6896411797031761,0.16557181300645013,3.4297685572500343,1.6902808184812725,-0.2891341134011855,1.1054521574029375,0.819596,2048990,ok,right
1,887,2,3,0.038400000000000004,1.0,0.3333333333333333,20.0,0.5124955579638482,-0.05340020653223285,5.04818503556967,1.5127869102473952,-0.013908719440553205,-52.172043313275914,0.8194311999999999,2048578,ok,right
1,985,2,3,0.038400000000000004,1.0,0.3333333333333333,20.0,0.27068899273872377,0.34077060719489405,2.9197537547777888,1.270708759983482,-0.1699423027809587,46.90003557054174,0.8208472,2052118,ok,right
1,18,2,3,0.038400000000000004,1.0,0.3333333333333333,20.0,0.19977761674672367,-1.7320493103269203,4.395192380810263,1.2004599632107447,0.001936313362665937,15.261292264967096,0.827056,2067640,ok,right
1,842,2,3,0.038400000000000004,1.0,0.3333333333333333,20.0,0.07225822750478983,-0.17555430506575898,2.3829135829440915,1.072596455903608,0.03789012398936852,45.90612796458547,0.828464,2071160,ok,right
1,185,2,3,0.038400000000000004,1.0,0.3333333333333333,20.0,0.14148446246981622,1.535631155990753,1.7205592092257982,1.1417478889112047,0.10017710896716198,-79.24398613800652,0.8364811999999999,2091203,ok,right
1,632,2,3,0.038400000000000004,1.0,0.3333333333333333,20.0,0.5043784402310848,-0.41721642085089816,4.0170585635504095,1.5050470272206757,0.10145805111479932,51.733404568250776,0.8368743999999999,2092186,ok,right
1,511,2,3,0.038400000000000004,1.0,0.3333333333333333,20.0,-0.04575819745659829,-0.6592799376815699,3.6939733983278726,0.9542620036816478,0.0639605324374701,-62.13126124438225,0.8419432,2104858,ok,right
1,518,2,3,0.038400000000000004,1.0,0.3333333333333333,20.0,0.6597842939198018,0.45498923563301125,2.726303868242096,1.659838660175686,-0.04975392454524338,64.54234212047974,0.8478684,2119671,ok,right
1,749,2,3,0.038400000000000004,1.0,0.3333333333333333,20.0,0.2425766993314028,-1.2451335193063708,3.9971923847300346,1.2434692486731895,0.1463030101283,50.765509737681775,0.8447728,2111932,ok,right
1,125,2,3,0.038400000000000004,1.0,0.3333333333333333,20.0,0.219493393227458,-0.7697097498891418,4.978333090618642,1.2201003292121815,-0.1480300331921301,-16.638644269673673,0.8517404,2129351,ok,right
1,489,2,3,0.038400000000000004,1.0,0.3333333333333333,20.0,0.18762024734169247,1.3877284573881634,6.235006003495344,1.187822838120484,-0.005054092517771193,-23.76631979814121,0.8504267999999999,2126067,ok,right
1,959,2,3,0.038400000000000004,1.0,0.3333333333333333,20.0,0.10636248923838139,-1.7508458308977919,5.5565823056137695,1.1077251067873044,0.1170422278249963,90.26634397109723,0.8514075999999999,2128519,ok,right
1,526,2,3,0.038400000000000004,1.0,0.3333333333333333,20.0,0.13373466338962317,-0.010639105327829084,1.5702230838084539,1.1350103833659106,0.027472131360448397,-113.90824852607979,0.8542099999999999,2135525,ok,right
1,226,2,3,0.038400000000000004,1.0,0.3333333333333333,20.0,0.659873658977449,0.26987980686583235,1.5992767948578521,1.660664904653306,0.308239126397502,32.23307136744872,0.8565492,2141373,ok,right
1,785,2,3,0.038400000000000004,1.0,0.3333333333333333,20.0,0.015752838738262654,-0.8191231239307748,4.897957054908418,1.0157721606540089,-0.051233242733477076,31.23322302119537,0.8563516,2140879,ok,right
1,153,2,3,0.038400000000000004,1.0,0.3333333333333333,20.0,0.31215090155601505,-0.8183969967658836,5.429401979014105,1.3122925077678769,0.2679180069477501,95.05817235013778,0.8635115999999999,2158779,ok,right
1,816,2,3,0.038400000000000004,1.0,0.3333333333333333,20.0,0.6786891063675284,0.3129151900176963,1.9390151597187122,1.6796515562049381,-0.010601252836260157,69.8459981767719,0.8626992,2156748,ok,right
1,194,2,3,0.038400000000000004,1.0,0.3333333333333333,20.0,0.4418588073924184,-0.5529894423532073,4.719116972815437,1.442592887912479,0.17168513143205977,41.110574280091996,0.8659232,2164808,ok,right
1,717,2,3,0.038400000000000004,1.0,0.3333333333333333,20.0,0.6936673756688834,-0.30647600916524315,0.6674299796976555,1.6943486368548617,-0.09577355446812544,27.102287831555795,0.8657288,2164322,ok,right
1,840,2,3,0.038400000000000004,1.0,0.3333333333333333,20.0,0.6052170084789396,-0.45467417260283166,0.16985964786184835,1.6057182209190177,-0.021391095565128235,102.67946506292594,0.8646124,2161531,ok,right
1,6,2,3,0.038400000000000004,1.0,0.3333333333333333,20.0,0.33793149404227735,-1.4853066686919025,2.942572612840534,1.3380018460384355,-0.04406532237517551,89.17599148408041,0.871898,2179745,ok,right
1,435,2,3,0.038400000000000004,1.0,0.3333333333333333,20.0,-0.08457790426909924,0.2769754258815409,3.5336731476932894,0.915446315858747,0.01893162046696172,27.56614272390765,0.8794451999999999,2198613,ok,right
1,331,2,3,0.038400000000000004,1.0,0.3333333333333333,20.0,0.3885815218091011,-1.283493136108057,0.517435113569416,1.3888646961929532,-0.17710879143092478,62.653319243909586,0.8813956,2203489,ok,right
1,413,2,3,0.038400000000000004,1.0,0.3333333333333333,20.0,0.6186711132526398,-0.6606951505913866,1.4417775846921332,1.6187053319685767,0.09619846920194809,-41.19943405180745,0.8836847999999999,2209212,ok,right
1,617,2,3,0.038400000000000004,1.0,0.3333333333333333,20.0,0.48295425064861774,0.5150344508817144,2.3502178671162897,1.483511996869082,0.42862363978301316,70.85635994260836,0.885892,2214730,ok,right
1,853,2,3,0.038400000000000004,1.0,0.3333333333333333,20.0,0.18314510472118856,1.6488322874568164,6.238126235134087,1.1831785723277273,-0.03320074447688402,32.761676384221516,0.8873896,2218474,ok,right
1,381,2,3,0.038400000000000004,1.0,0.3333333333333333,20.0,-0.013365460745990277,0.10251157522868944,5.1079007605464515,0.9867852542256501,-0.019658233433738095,-50.07076377687811,0.8924852,2231213,ok,right
1,885,2,3,0.038400000000000004,1.0,0.3333333333333333,20.0,0.49125351142138246,1.033089323722423,2.708520751641053,1.4919551162558709,0.33940433829693994,34.61585812521743,0.8939756,2234939,ok,right
1,164,2,3,0.038400000000000004,1.0,0.3333333333333333,20.0,0.395531751960516,-0.4436344599262101,5.406383289267568,1.3957556982550325,0.20010592259323814,63.56805292267923,0.8988164,2247041,ok,right
1,281,2,3,0.038400000000000004,1.0,0.3333333333333333,20.0,0.051751442626118666,-0.4211332991923041,1.601743024580505,1.0523692170863985,-0.06011049804881498,28.371552212170894,0.8988191999999999,2247048,ok,right
1,352,2,3,0.038400000000000004,1.0,0.3333333333333333,20.0,0.14757975470274687,-0.7286050012620626,2.5011955684235594,1.1480281240828816,-0.1894236749606779,45.90322757305764,0.8964671999999999,2241168,ok,right
1,369,2,3,0.038400000000000004,1.0,0.3333333333333333,20.0,0.09242399521172047,0.846351066843908,0.4517696627283849,1.0926726297211402,0.12768305792534845,12.875688317988189,0.8964795999999999,2241199,ok,right
1,692,2,3,0.038400000000000004,1.0,0.3333333333333333,20.0,-0.0011292748153209687,0.028553883048462417,6.2055192979528435,0.9990133807423706,0.13700453657667572,-12.45147661655451,0.8961851999999999,2240463,ok,right
1,442,2,3,0.038400000000000004,1.0,0.3333333333333333,20.0,0.5841440467163921,-0.4874477639192188,4.069671212678427,1.5843324783177761,-0.39746732237920046,-187.02752756667013,0.9039575999999999,2259894,ok,right
1,626,2,3,0.038400000000000004,1.0,0.3333333333333333,20.0,0.3265361547470093,0.30746969922352696,5.289306155803594,1.3273895101362865,-0.23211752881309333,-47.49135928642766,0.9050691999999999,2262673,ok,right
1,557,2,3,0.038400000000000004,1.0,0.3333333333333333,20.0,0.3434548554942012,-1.3743435730084608,3.468952993553375,1.3441602594259061,0.18488240694514346,8.157650910381088,0.9097044,2274261,ok,right
1,990,2,3,0.038400000000000004,1.0,0.3333333333333333,20.0,0.4444634735584259,1.2165994150914197,3.88119968317986,1.4445524817153732,-0.36284516140638295,-23.753565694339603,0.9083228,2270807,ok,right
1,476,2,3,0.038400000000000004,1.0,0.3333333333333333,20.0,-0.0790437925606966,-0.2970026702203399,5.810230457728854,0.9220721354306062,-0.03754559196857319,52.90280232237352,0.9132072,2283018,ok,right
1,979,2,3,0.038400000000000004,1.0,0.3333333333333333,20.0,0.2970080940052867,1.5251883980856606,1.6728844235624702,1.2976103171576516,0.0436405008593854,-116.1804532873158,0.9142159999999999,2285540,ok,right
1,99,2,3,0.038400000000000004,1.0,0.3333333333333333,20.0,0.42271680980920795,1.012344752928871,5.078910553307956,1.422985860433332,0.036320992768018846,21.09116709040313,0.9195276,2298819,ok,right
1,522,2,3,0.038400000000000004,1.0,0.3333333333333333,20.0,0.26410308089107276,-1.809429267322726,2.429625683662013,1.2644151293374097,0.3425749270603241,-36.66067806143332,0.9239432,2309858,ok,right
1,326,2,3,0.038400000000000004,1.0,0.3333333333333333,20.0,0.6408670941367746,0.39573335639296253,1.9591373872388285,1.641443335837879,-0.014946242640190715,-98.5996268734507,0.9308696,2327174,ok,right
1,550,2,3,0.038400000000000004,1.0,0.3333333333333333,20.0,0.2531819513067603,1.7511899343334165,0.9546852280489077,1.2539460306359271,0.2143049033963631,-22.57348907673183,0.9281887999999999,2320472,ok,right
1,105,2,3,0.038400000000000004,1.0,0.3333333333333333,20.0,-0.02821738924831152,-0.6273689682296473,5.9858440813126,0.9721158252599464,0.11944830014507306,-25.024332181492408,0.9332619999999999,2333155,ok,right
1,676,2,3,0.038400000000000004,1.0,0.3333333333333333,20.0,-0.01109475512057543,-0.03011230630315938,2.6619844805099966,0.989018038547221,0.02092063860719584,24.79417008858281,0.9328795999999999,2332199,ok,right
1,874,2,3,0.038400000000000004,1.0,0.3333333333333333,20.0,0.23271357715129853,0.48231466522811345,6.220983307576629,1.2329414135224148,0.10085289565542745,64.06071735840084,0.9399723999999999,2349931,ok,right
1,160,2,3,0.038400000000000004,1.0,0.3333333333333333,20.0,0.31610434502363205,-1.7051105265231796,5.927314553219967,1.316819788920456,-0.06987635162981976,-41.71118801470892,0.9422144,2355536,ok,right
1,227,2,3,0.038400000000000004,1.0,0.3333333333333333,20.0,0.09451913647353649,1.7965504036182736,0.8173663013072807,1.0946013641384156,-0.19742477916890497,-48.356563204415664,0.9426239999999999,2356560,ok,right
1,614,2,3,0.038400000000000004,1.0,0.3333333333333333,20.0,0.22654057499021293,-0.9447356680467475,3.7730943834516304,1.2269864327002031,-0.04413434087598495,-31.012569413466977,0.9406084,2351521,ok,right
1,640,2,3,0.038400000000000004,1.0,0.3333333333333333,20.0,0.4702358650043607,0.4911789794053127,3.4860147818224836,1.470464344767699,-0.05745887004742023,22.136178027999417,0.9405467999999999,2351367,ok,right
1,646,2,3,0.038400000000000004,1.0,0.3333333333333333,20.0,0.5322473229840398,0.45395351454604227,5.881832147792361,1.5323553424793528,-0.13735069949743706,21.22547519956073,0.9417916,2354479,ok,right
1,866,2,3,0.038400000000000004,1.0,0.3333333333333333,20.0,0.5738791173323989,0.3375941255627816,3.5289447989671574,1.5739607781368936,-0.10942519444107889,-10.916506676451965,0.9414163999999999,2353541,ok,right
1,400,2,3,0.038400000000000004,1.0,0.3333333333333333,20.0,0.16218896415084602,-0.8886146002402954,0.7735551305675941,1.1632129100743103,0.12533258269290112,-56.71090972911827,0.9460816,2365204,ok,right
1,327,2,3,0.038400000000000004,1.0,0.3333333333333333,20.0,0.17029353696852922,-0.7036135911914285,4.276902870080195,1.1706078757474752,0.04084068264196875,-74.16549441253652,0.9508,2377000,ok,right
1,554,2,3,0.038400000000000004,1.0,0.3333333333333333,20.0,0.34543298184871674,1.6145789705296476,2.966183355774177,1.3455463765213216,-0.23776074895080926,0.8940792846330212,0.9509015999999999,2377254,ok,right
1,728,2,3,0.038400000000000004,1.0,0.3333333333333333,20.0,-0.0293143916875124,-0.8176654273169545,5.682135141701921,0.9708242405847246,0.14162629737914695,114.26128322792658,0.9497528,2374382,ok,right
1,559,2,3,0.038400000000000004,1.0,0.3333333333333333,20.0,0.560163994319737,0.6313081786534577,5.030234821539777,1.5604788133959386,0.05964686707817455,-10.727623789081353,0.955236,2388090,ok,right
1,57,2,3,0.038400000000000004,1.0,0.3333333333333333,20.0,0.13107652086764573,1.9689589178994855,0.4350483101255025,1.131908205218273,0.31767447041788927,21.135704871146594,0.9633067999999999,2408267,ok,right
1,815,2,3,0.038400000000000004,1.0,0.3333333333333333,20.0,0.42796147130429746,0.3922046513842466,4.046340519078535,1.4283552005331304,-0.09847480468133736,-41.654434128366105,0.9602263999999999,2400566,ok,right
1,767,2,3,0.038400000000000004,1.0,0.3333333333333333,20.0,0.1000223545357585,0.7458077419695501,4.705405426405921,1.1001405424824213,-0.07726327225727712,-38.946729554624056,0.9666203999999999,2416551,ok,right
1,922,2,3,0.038400000000000004,1.0,0.3333333333333333,20.0,0.39789174776524305,-1.11177787518409,6.169832451543876,1.3985048193472962,0.12163512772417695,-12.448512956640254,0.9665668,2416417,ok,right
1,82,2,3,0.038400000000000004,1.0,0.3333333333333333,20.0,0.3753765424713493,1.1338891274319043,5.5040402847077,1.3755204586089664,0.2503547385108781,64.97855464775736,0.9699548,2424887,ok,right
1,198,2,3,0.038400000000000004,1.0,0.3333333333333333,20.0,0.11599363423883916,-1.5257325308710514,0.32992669033666144,1.1169109146644014,0.09041339587392581,60.48803726069083,0.9717043999999999,2429261,ok,right
1,367,2,3,0.038400000000000004,1.0,0.3333333333333333,20.0,0.4401723641902209,-0.9083402076906653,4.5359665459678675,1.440614312760536,-0.29435627863874403,65.1893957059336,0.9723219999999999,2430805,ok,right
1,996,2,3,0.038400000000000004,1.0,0.3333333333333333,20.0,0.6036035655066372,0.24009916951313212,1.666303428066164,1.6042362193332613,-0.08936601077922175,15.331261527735666,0.9749675999999999,2437419,ok,right
1,52,2,3,0.038400000000000004,1.0,0.3333333333333333,20.0,0.16382823176681996,-0.9571505060291932,1.9557348548354108,1.1639012738316739,0.08067071772821151,19.726105429144827,0.9804143999999999,2451036,ok,right
1,364,2,3,0.038400000000000004,1.0,0.3333333333333333,20.0,0.09980906285345555,1.6513789404866988,0.6720929798731867,1.1000364797570188,-0.06836398167048753,-13.13447173876539,0.982498,2456245,ok,right
1,532,2,3,0.038400000000000004,1.0,0.3333333333333333,20.0,0.12095459457486868,-1.1389296706096452,1.2873256504405446,1.1209605274378935,-0.1547306948264801,-79.42316323407532,0.9806364,2451591,ok,right
1,543,2,3,0.038400000000000004,1.0,0.3333333333333333,20.0,0.23094845153391363,0.14583211140088753,5.152558602439105,1.2310334750683032,0.12464639875133589,-56.35514027719312,0.9879448,2469862,ok,right
1,936,2,3,0.038400000000000004,1.0,0.3333333333333333,20.0,0.35963800698518755,0.22470230490517537,1.8570175612410333,1.359689418511691,0.18572535034651722,73.05842395305102,0.9846507999999999,2461627,ok,right
1,492,2,3,0.038400000000000004,1.0,0.3333333333333333,20.0,0.26077035441994667,1.5421908686574486,0.03555707972366469,1.2614249419464372,-0.1775145533397548,-36.39417017038076,0.9913432,2478358,ok,right
1,812,2,3,0.038400000000000004,1.0,0.3333333333333333,20.0,0.6957938473671675,0.17813635390349788,0.6458072063823551,1.696467887049066,0.16818196730417914,77.71279584156866,0.9893763999999999,2473441,ok,right
1,27,2,3,0.038400000000000004,1.0,0.3333333333333333,20.0,0.4197051437571645,0.6521386914121596,5.854046755996408,1.4210646191141871,-0.012907503244606943,-134.96392327922487,0.9997623999999999,2499406,ok,right
1,79,2,3,0.038400000000000004,1.0,0.3333333333333333,20.0,0.26898770295083524,-1.0767380259579986,1.0350337682138313,1.2698844130161435,-0.10874048008802506,-20.820062745233876,0.9990688,2497672,ok,right
1,925,2,3,0.038400000000000004,1.0,0.3333333333333333,20.0,-0.0706409253180027,0.24190401042442042,4.310099429078697,0.9295164326763132,-0.037362662674789715,-17.34317852239716,1.0003396,2500849,ok,right
1,17,2,3,0.038400000000000004,1.0,0.3333333333333333,20.0,-0.002789995074272156,0.36689301409717534,6.098382211537442,0.9972265192692357,-0.10199307137143913,-4.6433789821648395,1.0142848,2535712,ok,right
1,818,2,3,0.038400000000000004,1.0,0.3333333333333333,20.0,0.2384403733536601,-0.8402807104741836,1.6830552751964085,1.239621559313801,0.08572281631106349,70.89893959935927,1.0150124,2537531,ok,right
1,835,2,3,0.038400000000000004,1.0,0.3333333333333333,20.0,0.07483917679637671,0.7836877367210493,6.03046402631241,1.0749409521167164,0.1403171529340342,90.02675728176621,1.0143072,2535768,ok,right
1,127,2,3,0.038400000000000004,1.0,0.3333333333333333,20.0,0.08157651070505381,-1.6457566305341704,5.74193435980224,1.082094117632835,0.03805400720124397,-40.65147253014505,1.0197912,2549478,ok,right
1,638,2,3,0.038400000000000004,1.0,0.3333333333333333,20.0,0.6905813390389085,-0.0158052811581981,4.839660939784085,1.6907567243862816,0.029394464054907497,6.541739958261099,1.017572,2543930,ok,right
1,701,2,3,0.038400000000000004,1.0,0.3333333333333333,20.0,0.32120466809719805,1.0465266843378271,5.317617893821123,1.3216344349883415,0.13240464857926093,103.79757421690219,1.0191572,2547893,ok,right
1,801,2,3,0.038400000000000004,1.0,0.3333333333333333,20.0,0.28053831923753025,1.7390750839286873,1.1134079863231736,1.2806383601589448,0.16034558654461198,8.027872014187835,1.0199856,2549964,ok,right
1,497,2,3,0.038400000000000004,1.0,0.3333333333333333,20.0,0.45239942930638793,0.23998318565186633,1.8438603905634916,1.4526242200669344,0.36320763118592825,-22.527322473833063,1.023038,2557595,ok,right
1,878,2,3,0.038400000000000004,1.0,0.3333333333333333,20.0,0.0056141080334782606,-1.1532933814636102,4.507808310481478,1.0058017439830298,-0.05311526095645058,18.435328093883783,1.0228564,2557141,ok,right
1,483,2,3,0.038400000000000004,1.0,0.3333333333333333,20.0,0.3296802109107375,-0.42913008786732115,3.9014126203983994,1.3299662824931733,0.07546255799586978,-69.50722830716073,1.0257568,2564392,ok,right
1,486,2,3,0.038400000000000004,1.0,0.3333333333333333,20.0,0.5075002782046795,0.9220453748801304,5.1619890814735525,1.5075729390906136,0.1033196879765402,38.12119212691874,1.028848,2572120,ok,right
1,596,2,3,0.038400000000000004,1.0,0.3333333333333333,20.0,0.5756973102688789,-0.8070070209481011,5.283923154162826,1.5763111573249708,-0.43307407395758746,-23.119323382226586,1.0299768,2574942,ok,right
1,986,2,3,0.038400000000000004,1.0,0.3333333333333333,20.0,0.09204577691853047,-1.7253700620307248,4.61139573882223,1.09231108221246,0.1546694480871149,-56.759251196070686,1.0375012,2593753,ok,right
1,335,2,3,0.038400000000000004,1.0,0.3333333333333333,20.0,0.3855509463697672,0.5216374662345521,2.0180507484625103,1.3863065356953466,-0.16473902279945443,-31.50925308962856,1.043676,2609190,ok,right
1,582,2,3,0.038400000000000004,1.0,0.3333333333333333,20.0,0.4128978600725532,0.783881536383289,1.5550079326420498,1.4130994578156573,0.11267369597191201,51.503223571850015,1.041744,2604360,ok,right
1,253,2,3,0.038400000000000004,1.0,0.3333333333333333,20.0,0.5324183091521263,-0.42159116475537456,5.7803028359918525,1.5326712475622197,-0.36649521839640625,59.127446552691794,1.0506824,2626706,ok,right
1,766,2,3,0.038400000000000004,1.0,0.3333333333333333,20.0,0.6118371389806271,-0.3547788472793211,2.581946665608027,1.612842511393455,0.038818736854485704,9.20914078165683,1.0481896,2620474,ok,right
1,850,2,3,0.038400000000000004,1.0,0.3333333333333333,20.0,0.6365396386012435,-0.18501844531192177,0.22322411692332755,1.6368900771972044,0.43003272672051507,0.0533185221529413,1.0517564,2629391,ok,right
1,68,2,3,0.038400000000000004,1.0,0.3333333333333333,20.0,0.22931361328810454,1.8697760918524853,6.258865484927086,1.2295256582213863,-0.012167003832883466,-61.54250675486264,1.067882,2669705,ok,right
1,616,2,3,0.038400000000000004,1.0,0.3333333333333333,20.0,0.12736843638122083,-0.12460021706388616,2.21820803246823,1.1280628422573529,0.07907701925508422,63.412589199549735,1.0669435999999999,2667359,ok,right
1,864,2,3,0.038400000000000004,1.0,0.3333333333333333,20.0,0.4815062223002315,-0.7007925863925688,5.181243748833449,1.4824799803100144,0.23648311908009356,-60.22401318744086,1.0712852,2678213,ok,right
1,952,2,3,0.038400000000000004,1.0,0.3333333333333333,20.0,0.16482711266726258,0.5532667409873848,0.48590772215558703,1.1660024648057685,-0.1164290170851086,-85.15676753916725,1.0782588,2695647,ok,right
1,55,2,3,0.038400000000000004,1.0,0.3333333333333333,20.0,0.2861115070059896,1.4362069428837436,4.108760016564008,1.2861446186550087,0.16571375751444334,-15.5919504799007,1.0822496,2705624,ok,right
1,661,2,3,0.038400000000000004,1.0,0.3333333333333333,20.0,0.04552362654358149,0.8711344373013196,5.550237564072674,1.0456007457348413,0.23096547545924576,-76.62520405810577,1.081888,2704720,ok,right
1,90,2,3,0.038400000000000004,1.0,0.3333333333333333,20.0,0.6601250326260925,-0.34258437793513374,5.324487670809195,1.660537289625665,0.3627050730830124,50.10694109827759,1.0859284,2714821,ok,right
1,730,2,3,0.038400000000000004,1.0,0.3333333333333333,20.0,0.2914875948801637,0.8179694719575128,2.1424384814823,1.2928416696109264,0.10976302493784035,-23.013582754681725,1.0848807999999999,2712202,ok,right
1,491,2,3,0.038400000000000004,1.0,0.3333333333333333,20.0,0.49120098836719994,0.5026729598821718,2.6312102198042275,1.4922505160327113,0.11202353163182421,-91.84585949313744,1.0895084,2723771,ok,right
1,533,2,3,0.038400000000000004,1.0,0.3333333333333333,20.0,0.6774997171014547,-0.347897036506194,3.434441581340245,1.6777166662973078,-0.10336477222465364,26.99809974673897,1.09104,2727600,ok,right
1,40,2,3,0.038400000000000004,1.0,0.3333333333333333,20.0,0.3706812597811222,-1.1834564869233835,1.0207517305667793,1.370985188272601,0.29020038016769156,1.1570244094256503,1.0923232,2730808,ok,right
1,124,2,3,0.038400000000000004,1.0,0.3333333333333333,20.0,0.13935976065695285,0.5213133424762337,4.966021667992758,1.140021254286074,-0.12363313659583137,-16.364127555758497,1.099346,2748365,ok,right
1,181,2,3,0.038400000000000004,1.0,0.3333333333333333,20.0,0.13001632317900658,-1.0242624499984678,4.223353268735785,1.1308169883872792,-0.13381641749339582,1.6700352212181488,1.0984331999999999,2746083,ok,right
1,162,2,3,0.038400000000000004,1.0,0.3333333333333333,20.0,-0.0035489989444613458,-0.7729059705283291,0.685171169066547,0.9967410970211544,-0.06408708977268447,-118.99544999446721,1.1036872,2759218,ok,right
1,315,2,3,0.038400000000000004,1.0,0.3333333333333333,20.0,0.09686314836144448,-1.4290720907213719,5.229821027677811,1.097189382731606,-0.09409671250728853,-8.572308736190156,1.1058071999999999,2764518,ok,right
1,342,2,3,0.038400000000000004,1.0,0.3333333333333333,20.0,0.5099339416250587,-0.6702736726250976,4.44725215223442,1.5110361315393346,-0.07890267959031692,-9.081436718560672,1.1053568,2763392,ok,right
1,863,2,3,0.038400000000000004,1.0,0.3333333333333333,20.0,0.4815539103001356,-0.9354960327703559,2.186765970140129,1.4815919220994296,0.13916104450825387,-86.63010801918756,1.1088516,2772129,ok,right
1,104,2,3,0.038400000000000004,1.0,0.3333333333333333,20.0,0.38434755820780997,-0.6611842794819233,4.823756211459739,1.3850817868355125,0.06091014933818946,-56.794264506218695,1.112082,2780205,ok,right
1,81,2,3,0.038400000000000004,1.0,0.3333333333333333,20.0,-0.018890650384128096,-0.6821547389980869,2.748608430139485,0.9815767993439073,0.16039893567226646,43.6600474023008,1.1289027999999999,2822257,ok,right
1,620,2,3,0.038400000000000004,1.0,0.3333333333333333,20.0,0.436459399946034,0.8642353452486493,6.051990012967586,1.4370255635748657,0.14402643961885783,-43.573354928757404,1.1313212,2828303,ok,right
1,903,2,3,0.038400000000000004,1.0,0.3333333333333333,20.0,0.6451856013387443,-0.5502269490442693,5.609394425084814,1.6468032129520835,0.31527438801391355,-162.6496011330878,1.1289356,2822339,ok,right
1,440,2,3,0.038400000000000004,1.0,0.3333333333333333,20.0,0.008516512624919415,0.3011806080314131,3.8297245245414575,1.0095256300097957,-0.21471686987320732,14.282710115572693,1.1320504,2830126,ok,right
1,566,2,3,0.038400000000000004,1.0,0.3333333333333333,20.0,0.6301727402955294,0.08949732194788786,3.4698383501120293,1.630289047149726,-0.15020677976041885,4.6729894306792685,1.1483856,2870964,ok,right
1,911,2,3,0.038400000000000004,1.0,0.3333333333333333,20.0,0.48202157448977234,1.101071920982132,1.5213529273017037,1.4825520339662885,0.0343612167103374,-3.813992778796519,1.1574655999999999,2893664,ok,right
1,318,2,3,0.038400000000000004,1.0,0.3333333333333333,20.0,0.06643166989088059,-1.452911970312346,4.38041472553589,1.0664696606294208,-0.09362185570321761,7.869788374170697,1.1611432,2902858,ok,right
1,932,2,3,0.038400000000000004,1.0,0.3333333333333333,20.0,0.4470817003399134,-0.6501918572162644,2.2500530102308054,1.4478445534857334,-0.10371098677919881,21.192038642227487,1.1626404,2906601,ok,right
1,505,2,3,0.038400000000000004,1.0,0.3333333333333333,20.0,0.5848707415163518,0.5335669191719572,0.8771470895656376,1.5853538548979202,-0.14821237660044206,-24.431098414345445,1.1675524,2918881,ok,right
1,947,2,3,0.038400000000000004,1.0,0.3333333333333333,20.0,0.4197329603135586,-0.5314312105560968,0.40056651176305114,1.420135054069023,-0.47119473398435,-30.238849572686462,1.1670167999999999,2917542,ok,right
1,540,2,3,0.038400000000000004,1.0,0.3333333333333333,20.0,0.5037104224786163,-0.37825073562875505,5.541301081752315,1.5043777809912506,-0.10633885747958956,-27.87543589239959,1.1693048,2923262,ok,right
1,84,2,3,0.038400000000000004,1.0,0.3333333333333333,20.0,0.017260146141052247,0.25868750799124984,5.777396411293312,1.0172759396189448,-0.13498380425120732,-50.05004601970787,1.1831584,2957896,ok,right
1,953,2,3,0.038400000000000004,1.0,0.3333333333333333,20.0,-0.09625939242541791,0.07944572378328053,1.6230987816992233,0.9041945845360485,-0.04430449600519626,-71.74744490914567,1.1939312,2984828,ok,right
1,142,2,3,0.038400000000000004,1.0,0.3333333333333333,20.0,0.03433258291333914,-1.1270275137313746,6.265177623875867,1.0356022891307686,-0.06586769807047628,-88.02685063124962,1.1983376,2995844,ok,right
1,712,2,3,0.038400000000000004,1.0,0.3333333333333333,20.0,0.09062632899731399,-0.24043774874194637,5.777000634899065,1.0914994284808648,0.2516991397274472,-103.74293729082011,1.2001376,3000344,ok,right
1,927,2,3,0.038400000000000004,1.0,0.3333333333333333,20.0,0.05613969173282385,-0.015101577751864815,2.105728420429478,1.056438159497318,-0.06840238545215217,-29.197104717072783,1.2031072,3007768,ok,right
1,809,2,3,0.038400000000000004,1.0,0.3333333333333333,20.0,0.11379477791488171,-1.2023148336452072,4.993501456201952,1.1139462750770281,-0.05526913701645651,102.64989865727264,1.2131855999999999,3032964,ok,right
1,292,2,3,0.038400000000000004,1.0,0.3333333333333333,20.0,0.25970394872128966,-0.9159450786511695,5.348146494008431,1.2598062927553928,0.12565538335111737,-29.34789529148439,1.2276984,3069246,ok,right
1,580,2,3,0.038400000000000004,1.0,0.3333333333333333,20.0,0.0367537347599864,-0.5820532916566825,3.5606803724011744,1.0373083736562023,0.033473051115688345,-18.17909204836698,1.2431788,3107947,ok,right
1,465,2,3,0.038400000000000004,1.0,0.3333333333333333,20.0,0.2395232064649463,1.1882395268198844,4.439391331633975,1.239548463095595,0.14918109690049536,14.306399565115054,1.2491911999999998,3122978,ok,right
1,143,2,3,0.038400000000000004,1.0,0.3333333333333333,20.0,0.4672379588708282,-0.6190309526392748,1.032576520808185,1.4674839470199497,-0.09729021304411482,68.32062764558113,1.2558532,3139633,ok,right
1,229,2,3,0.038400000000000004,1.0,0.3333333333333333,20.0,0.16144332736730577,1.2919639574452069,0.32928610923103,1.1619394672011047,0.15112720561225196,-4.4574930313963055,1.25576,3139400,ok,right
1,627,2,3,0.038400000000000004,1.0,0.3333333333333333,20.0,0.23278606720268727,-1.5455964469010421,1.3282309275209536,1.2327905221504685,0.03129706092123296,-30.994806140743847,1.2842327999999998,3210582,ok,right
1,635,2,3,0.038400000000000004,1.0,0.3333333333333333,20.0,0.2262173952534795,-1.7788530097007484,1.5939318364017354,1.2264348889827394,-0.032513037729940145,-200.47476534636365,1.2980876,3245219,ok,right
1,571,2,3,0.038400000000000004,1.0,0.3333333333333333,20.0,0.031019826978445054,-0.8862362796876007,2.0072119898761382,1.0310466409690253,-0.02558709114214644,78.23841390003557,1.3037864,3259466,ok,right
1,542,2,3,0.038400000000000004,1.0,0.3333333333333333,20.0,0.4486849330365658,-1.0224715828501985,2.3918439546556334,1.4487732262791355,-0.6279842995511199,14.740780281398896,1.3184612,3296153,ok,right
1,694,2,3,0.038400000000000004,1.0,0.3333333333333333,20.0,0.2045194234699011,-1.0041874042349042,4.22150054589387,1.2050611322643072,-0.26268997174847575,-9.538062021410827,1.3251064,3312766,ok,right
1,669,2,3,0.038400000000000004,1.0,0.3333333333333333,20.0,0.4077439332380891,-1.3752597970001277,3.6987883518042977,1.4083305391333125,-0.36838744156550807,-77.22626435052898,1.3393595999999999,3348399,ok,right
1,603,2,3,0.038400000000000004,1.0,0.3333333333333333,20.0,0.24671299736946822,0.5479699514193207,4.2399876479330185,1.2472322831163094,0.0848318499720702,93.98765617197124,1.354442,3386105,ok,right
1,544,2,3,0.038400000000000004,1.0,0.3333333333333333,20.0,0.3671456160023809,1.2329146635172998,0.5270839506822113,1.367484148282299,0.1196100224157957,40.621058364279186,1.3720291999999998,3430073,ok,right
1,53,2,3,0.038400000000000004,1.0,0.3333333333333333,20.0,0.32718379441648726,-1.054262419540202,4.101909870473642,1.3276657348248957,-0.19883685111350702,-73.09569018227343,1.3826095999999999,3456524,ok,right
1,861,2,3,0.038400000000000004,1.0,0.3333333333333333,20.0,0.1058072753250599,-1.4238828490822537,2.604046541859437,1.1060335416606164,-0.17046305994974198,63.563827661212535,1.401394,3503485,ok,right
1,431,2,3,0.038400000000000004,1.0,0.3333333333333333,20.0,0.5416345862671733,-0.21359376888882306,5.861010913144364,1.5416919247418737,-0.2178645634529788,91.53503264869667,1.4204516,3551129,ok,right
1,670,2,3,0.038400000000000004,1.0,0.3333333333333333,20.0,0.5404719233512879,0.6545472989041,4.197581215020587,1.5406994410744648,-0.22550967417532522,-36.86306683444782,1.4349783999999999,3587446,ok,right
1,594,2,3,0.038400000000000004,1.0,0.3333333333333333,20.0,0.3314256986603141,0.9688280488925122,3.546772511162929,1.3315569902031272,0.10159913757402558,-28.66288978024535,1.4729504,3682376,ok,right
1,634,2,3,0.038400000000000004,1.0,0.3333333333333333,20.0,0.6958576055243612,-0.24319093586755236,3.6111061447912847,1.6958837469687835,-0.13950402357172165,52.285919342928366,1.4757263999999999,3689316,ok,right
1,36,2,3,0.038400000000000004,1.0,0.3333333333333333,20.0,0.15414517782628537,-0.7390228391193923,0.15287913785830567,2.781234686100979,-0.009259618226525664,152.0795334449718,1.4946544,3736636,ok,right
1,949,2,3,0.038400000000000004,1.0,0.3333333333333333,20.0,0.2263890249654651,0.22916381692742605,5.32494309329937,1.226475894925429,0.3362290240172865,-40.393177107356514,1.4957852,3739463,ok,right
1,794,2,3,0.038400000000000004,1.0,0.3333333333333333,20.0,0.06317021008580924,0.1182951986177726,4.008497378234106,1.0635144274514565,0.03446363842961905,-10.788338999711504,1.5057352,3764338,ok,right
1,304,2,3,0.038400000000000004,1.0,0.3333333333333333,20.0,0.25371437612921,-1.0488470884462573,2.604118757347502,1.2544707738457466,0.03403705096976427,-35.466377935435354,1.5159428,3789857,ok,right
1,167,2,3,0.038400000000000004,1.0,0.3333333333333333,20.0,0.6990145515650511,-0.06533249495813649,2.553820764999944,1.7001754883249325,-0.1366442781861806,43.68515158509003,1.520662,3801655,ok,right
1,822,2,3,0.038400000000000004,1.0,0.3333333333333333,20.0,0.5501642141491175,-0.8116806609568281,3.20691637993377,1.5503065984187263,-0.3837287387385672,7.991058478830746,1.5281604,3820401,ok,right
1,983,2,3,0.038400000000000004,1.0,0.3333333333333333,20.0,0.22684365380555394,-1.7782848508146403,0.7155625577784465,1.227171536312494,0.039185455050558246,81.75781549924635,1.5348456,3837114,ok,right
1,951,2,3,0.038400000000000004,1.0,0.3333333333333333,20.0,0.525529051013291,-0.3455690750711846,5.297359553477076,1.5263117929256624,-0.21217945054907741,-74.64229256159403,1.5443004,3860751,ok,right
1,380,2,3,0.038400000000000004,1.0,0.3333333333333333,20.0,0.08373591583222151,0.9533530435445432,5.264157100381633,1.0837475962612597,-0.2936069932646128,19.756777905369518,1.5534332,3883583,ok,right
1,681,2,3,0.038400000000000004,1.0,0.3333333333333333,20.0,0.2826614871621132,1.2675313359471436,4.349626379854854,1.2838447192217513,-0.26423714879586324,12.791942103717016,1.5652948,3913237,ok,right
1,981,2,3,0.038400000000000004,1.0,0.3333333333333333,20.0,0.44328647516667846,-1.060678799025757,5.444540942869859,1.4434839734349483,0.21827021533796295,10.565462329636876,1.5696108,3924027,ok,right
1,736,2,3,0.038400000000000004,1.0,0.3333333333333333,20.0,0.5947587566450239,-0.7256199992732634,6.203898927463623,1.595269101981634,-0.42168654723797155,57.09277882243573,1.589192,3972980,ok,right
1,615,2,3,0.038400000000000004,1.0,0.3333333333333333,20.0,0.18990863766521215,-1.603195262855902,5.260861953479823,1.1903590946657703,-0.030336355093297348,-99.04247105817633,1.5959424,3989856,ok,right
1,904,2,3,0.038400000000000004,1.0,0.3333333333333333,20.0,0.488495590351522,0.8919389196021902,3.245532689075191,1.4891357181258986,-0.056452982128668394,-15.114378035562364,1.6682644,4170661,ok,right
1,883,2,3,0.038400000000000004,1.0,0.3333333333333333,20.0,0.1626603187993169,-1.2071215284827428,1.9275332160325274,1.1627345772438846,0.06218703883504018,-65.20970541680438,1.6725915999999998,4181479,ok,right
1,176,2,3,0.038400000000000004,1.0,0.3333333333333333,20.0,-0.07585708890110254,-0.38594104500309745,6.034191104165878,0.9244714353448675,-0.044888169529577374,-17.506835803032857,1.6963603999999999,4240901,ok,right
1,240,2,3,0.038400000000000004,1.0,0.3333333333333333,20.0,0.29019215442240237,1.6692316891155587,5.096377762990208,1.2903100676878174,0.018009826182189992,-67.944819895878,1.7034736,4258684,ok,right
1,460,2,3,0.038400000000000004,1.0,0.3333333333333333,20.0,0.21430254001170398,-0.8061139598412199,4.928729975581226,1.2143119703200977,0.050994248637528,71.65531403864968,1.741232,4353080,ok,right
1,487,2,3,0.038400000000000004,1.0,0.3333333333333333,20.0,-0.030661733634769917,0.22805776238716025,0.5187388383662154,0.9699462503687734,0.008579808098054862,-40.64841559837962,1.7988123999999999,4497031,ok,right
1,216,2,3,0.038400000000000004,1.0,0.3333333333333333,20.0,0.36183912307024,-0.612958025240552,5.398643018968527,1.36216971866348,0.16724071943233268,93.78246164575108,1.8008199999999999,4502050,ok,right
1,258,2,3,0.038400000000000004,1.0,0.3333333333333333,20.0,0.29137824960052966,-1.7389193748734688,6.243786740631148,1.2920680086305858,0.027222064926934773,-50.82149677592334,1.8210727999999998,4552682,ok,right
1,109,2,3,0.038400000000000004,1.0,0.3333333333333333,20.0,0.3546908898279071,-1.2902609141592114,1.629267357182295,1.3552971723520402,-0.044345842937567714,44.8361852292116,1.8451852,4612963,ok,right
1,204,2,3,0.038400000000000004,1.0,0.3333333333333333,20.0,0.6736596737056971,0.21007291092778366,5.842744097309591,1.674160008587341,0.14034233754540199,19.931376229495275,1.9075456,4768864,ok,right
1,837,2,3,0.038400000000000004,1.0,0.3333333333333333,20.0,0.004757084883749485,0.08450557071531829,1.1012591480238656,1.0051264112789928,-0.0028059734289747366,46.044277500018566,1.9203232,4800808,ok,right
1,902,2,3,0.038400000000000004,1.0,0.3333333333333333,20.0,0.2520602859556675,0.5074651095845402,5.93369567168202,1.252345292264798,0.09341184420972719,-112.43572421621545,1.9320256,4830064,ok,right
1,690,2,3,0.038400000000000004,1.0,0.3333333333333333,20.0,0.48212787806987767,0.833228743559469,2.8277322313805446,1.4824166084388786,0.03211808277118747,-99.38492590671045,1.9762355999999999,4940589,ok,right
1,721,2,3,0.038400000000000004,1.0,0.3333333333333333,20.0,0.513994555734098,-0.9159000877873811,0.5849878969682807,1.5143697758537447,-0.035625371825723735,53.081363391073566,2.0180784,5045196,ok,right
1,528,2,3,0.038400000000000004,1.0,0.3333333333333333,20.0,0.2697849873453379,-1.842459235968502,1.6450677779846714,1.2697852211901448,0.0780527084941943,-73.29539092391988,2.0941008,5235252,ok,right
1,562,2,3,0.038400000000000004,1.0,0.3333333333333333,20.0,0.2716220339760184,-1.6940045085127395,2.425233908498378,1.2723778280847426,-0.03696577018013066,119.59045451604253,2.0980336,5245084,ok,right
1,689,2,3,0.038400000000000004,1.0,0.3333333333333333,20.0,0.20436569657176734,-1.6919659991114857,6.265724429006781,1.2050814926867692,-0.05615835608536284,-95.19315081796132,2.2094139999999998,5523535,ok,right
1,498,2,3,0.038400000000000004,1.0,0.3333333333333333,20.0,0.21357632372528315,1.445916723701692,3.003491337778521,1.2139139744935858,0.05489947480751832,77.92724227020523,2.2471852,5617963,ok,right
1,914,2,3,0.038400000000000004,1.0,0.3333333333333333,20.0,0.08008268512785435,1.6295032234057911,1.598099548106514,1.080220889971587,-0.18693797515636326,208.79333127465148,4.7715988,11928997,ok,right
