x,y,count
0.005,-2.2640624999999996,0
0.005,-2.1921874999999997,0
0.005,-2.1203125,0
0.005,-2.0484375,0
0.005,-1.9765624999999998,0
0.005,-1.9046874999999999,0
0.005,-1.8328124999999997,0
0.005,-1.7609374999999998,0
0.005,-1.6890625,0
0.005,-1.6171875,0
0.005,-1.5453124999999999,0
0.005,-1.4734374999999997,0
0.005,-1.4015624999999998,0
0.005,-1.3296875,0
0.005,-1.2578125,0
0.005,-1.1859374999999999,0
0.005,-1.1140625,0
0.005,-1.0421874999999998,1
0.005,-0.9703124999999999,2
0.005,-0.8984375,70
0.005,-0.8265624999999999,97
0.005,-0.7546875,108
0.005,-0.6828125,162
0.005,-0.6109374999999999,114
0.005,-0.5390625,85
0.005,-0.46718749999999987,131
0.005,-0.39531249999999996,219
0.005,-0.32343750000000004,209
0.005,-0.2515624999999999,529
0.005,-0.1796875,1108
0.005,-0.10781250000000009,2136
0.005,-0.03593750000000018,2950
0.005,0.03593750000000018,3362
0.005,0.10781250000000009,1862
0.005,0.1796875,895
0.005,0.2515624999999999,471
0.005,0.3234374999999998,319
0.005,0.3953125000000002,205
0.005,0.4671875000000001,131
0.005,0.5390625,118
0.005,0.6109374999999999,71
0.005,0.6828124999999998,52
0.005,0.7546874999999997,95
0.005,0.8265625000000001,30
0.005,0.8984375,22
0.005,0.9703124999999999,9
0.005,1.0421874999999998,2
0.005,1.1140624999999997,0
0.005,1.1859375,0
0.005,1.2578125,0
0.005,1.3296875,0
0.005,1.4015624999999998,0
0.005,1.4734374999999997,0
0.005,1.5453125,0
0.005,1.6171875,0
0.005,1.6890625,0
0.005,1.7609374999999998,0
0.005,1.8328125000000002,0
0.005,1.9046874999999996,0
0.005,1.9765625,0
0.005,2.0484374999999995,0
0.005,2.1203125,0
0.005,2.1921875,0
0.005,2.2640624999999996,0
0.015,-2.2640624999999996,0
0.015,-2.1921874999999997,0
0.015,-2.1203125,0
0.015,-2.0484375,0
0.015,-1.9765624999999998,0
0.015,-1.9046874999999999,0
0.015,-1.8328124999999997,0
0.015,-1.7609374999999998,0
0.015,-1.6890625,0
0.015,-1.6171875,0
0.015,-1.5453124999999999,0
0.015,-1.4734374999999997,0
0.015,-1.4015624999999998,0
0.015,-1.3296875,0
0.015,-1.2578125,0
0.015,-1.1859374999999999,1
0.015,-1.1140625,6
0.015,-1.0421874999999998,0
0.015,-0.9703124999999999,9
0.015,-0.8984375,73
0.015,-0.8265624999999999,77
0.015,-0.7546875,129
0.015,-0.6828125,164
0.015,-0.6109374999999999,138
0.015,-0.5390625,106
0.015,-0.46718749999999987,104
0.015,-0.39531249999999996,185
0.015,-0.32343750000000004,194
0.015,-0.2515624999999999,552
0.015,-0.1796875,1072
0.015,-0.10781250000000009,2074
0.015,-0.03593750000000018,2877
0.015,0.03593750000000018,3192
0.015,0.10781250000000009,1899
0.015,0.1796875,952
0.015,0.2515624999999999,504
0.015,0.3234374999999998,320
0.015,0.3953125000000002,196
0.015,0.4671875000000001,150
0.015,0.5390625,118
0.015,0.6109374999999999,95
0.015,0.6828124999999998,83
0.015,0.7546874999999997,84
0.015,0.8265625000000001,50
0.015,0.8984375,30
0.015,0.9703124999999999,31
0.015,1.0421874999999998,16
0.015,1.1140624999999997,2
0.015,1.1859375,0
0.015,1.2578125,0
0.015,1.3296875,0
0.015,1.4015624999999998,0
0.015,1.4734374999999997,0
0.015,1.5453125,0
0.015,1.6171875,0
0.015,1.6890625,0
0.015,1.7609374999999998,0
0.015,1.8328125000000002,0
0.015,1.9046874999999996,0
0.015,1.9765625,0
0.015,2.0484374999999995,0
0.015,2.1203125,0
0.015,2.1921875,0
0.015,2.2640624999999996,0
0.025,-2.2640624999999996,0
0.025,-2.1921874999999997,0
0.025,-2.1203125,0
0.025,-2.0484375,0
0.025,-1.9765624999999998,0
0.025,-1.9046874999999999,0
0.025,-1.8328124999999997,0
0.025,-1.7609374999999998,0
0.025,-1.6890625,0
0.025,-1.6171875,0
0.025,-1.5453124999999999,0
0.025,-1.4734374999999997,0
0.025,-1.4015624999999998,0
0.025,-1.3296875,0
0.025,-1.2578125,0
0.025,-1.1859374999999999,20
0.025,-1.1140625,32
0.025,-1.0421874999999998,1
0.025,-0.9703124999999999,9
0.025,-0.8984375,56
0.025,-0.8265624999999999,92
0.025,-0.7546875,125
0.025,-0.6828125,161
0.025,-0.6109374999999999,179
0.025,-0.5390625,96
0.025,-0.46718749999999987,111
0.025,-0.39531249999999996,186
0.025,-0.32343750000000004,230
0.025,-0.2515624999999999,560
0.025,-0.1796875,1038
0.025,-0.10781250000000009,2066
0.025,-0.03593750000000018,2864
0.025,0.03593750000000018,2983
0.025,0.10781250000000009,1793
0.025,0.1796875,988
0.025,0.2515624999999999,432
0.025,0.3234374999999998,400
0.025,0.3953125000000002,216
0.025,0.4671875000000001,189
0.025,0.5390625,115
0.025,0.6109374999999999,116
0.025,0.6828124999999998,116
0.025,0.7546874999999997,88
0.025,0.8265625000000001,53
0.025,0.8984375,36
0.025,0.9703124999999999,16
0.025,1.0421874999999998,33
0.025,1.1140624999999997,8
0.025,1.1859375,0
0.025,1.2578125,0
0.025,1.3296875,0
0.025,1.4015624999999998,0
0.025,1.4734374999999997,0
0.025,1.5453125,0
0.025,1.6171875,0
0.025,1.6890625,0
0.025,1.7609374999999998,0
0.025,1.8328125000000002,0
0.025,1.9046874999999996,0
0.025,1.9765625,0
0.025,2.0484374999999995,0
0.025,2.1203125,0
0.025,2.1921875,0
0.025,2.2640624999999996,0
0.035,-2.2640624999999996,0
0.035,-2.1921874999999997,0
0.035,-2.1203125,0
0.035,-2.0484375,0
0.035,-1.9765624999999998,0
0.035,-1.9046874999999999,0
0.035,-1.8328124999999997,0
0.035,-1.7609374999999998,0
0.035,-1.6890625,0
0.035,-1.6171875,0
0.035,-1.5453124999999999,0
0.035,-1.4734374999999997,0
0.035,-1.4015624999999998,1
0.035,-1.3296875,4
0.035,-1.2578125,27
0.035,-1.1859374999999999,28
0.035,-1.1140625,85
0.035,-1.0421874999999998,15
0.035,-0.9703124999999999,18
0.035,-0.8984375,33
0.035,-0.8265624999999999,114
0.035,-0.7546875,115
0.035,-0.6828125,170
0.035,-0.6109374999999999,152
0.035,-0.5390625,109
0.035,-0.46718749999999987,144
0.035,-0.39531249999999996,171
0.035,-0.32343750000000004,212
0.035,-0.2515624999999999,547
0.035,-0.1796875,1132
0.035,-0.10781250000000009,1870
0.035,-0.03593750000000018,2616
0.035,0.03593750000000018,2796
0.035,0.10781250000000009,1816
0.035,0.1796875,918
0.035,0.2515624999999999,467
0.035,0.3234374999999998,431
0.035,0.3953125000000002,248
0.035,0.4671875000000001,217
0.035,0.5390625,127
0.035,0.6109374999999999,111
0.035,0.6828124999999998,76
0.035,0.7546874999999997,85
0.035,0.8265625000000001,41
0.035,0.8984375,77
0.035,0.9703124999999999,16
0.035,1.0421874999999998,23
0.035,1.1140624999999997,17
0.035,1.1859375,2
0.035,1.2578125,0
0.035,1.3296875,1
0.035,1.4015624999999998,0
0.035,1.4734374999999997,0
0.035,1.5453125,0
0.035,1.6171875,0
0.035,1.6890625,0
0.035,1.7609374999999998,0
0.035,1.8328125000000002,0
0.035,1.9046874999999996,0
0.035,1.9765625,0
0.035,2.0484374999999995,0
0.035,2.1203125,0
0.035,2.1921875,0
0.035,2.2640624999999996,0
0.045,-2.2640624999999996,0
0.045,-2.1921874999999997,0
0.045,-2.1203125,0
0.045,-2.0484375,0
0.045,-1.9765624999999998,0
0.045,-1.9046874999999999,0
0.045,-1.8328124999999997,0
0.045,-1.7609374999999998,0
0.045,-1.6890625,0
0.045,-1.6171875,0
0.045,-1.5453124999999999,0
0.045,-1.4734374999999997,1
0.045,-1.4015624999999998,4
0.045,-1.3296875,44
0.045,-1.2578125,99
0.045,-1.1859374999999999,51
0.045,-1.1140625,71
0.045,-1.0421874999999998,27
0.045,-0.9703124999999999,19
0.045,-0.8984375,44
0.045,-0.8265624999999999,79
0.045,-0.7546875,128
0.045,-0.6828125,189
0.045,-0.6109374999999999,152
0.045,-0.5390625,102
0.045,-0.46718749999999987,172
0.045,-0.39531249999999996,187
0.045,-0.32343750000000004,278
0.045,-0.2515624999999999,562
0.045,-0.1796875,1132
0.045,-0.10781250000000009,1897
0.045,-0.03593750000000018,2491
0.045,0.03593750000000018,2611
0.045,0.10781250000000009,1783
0.045,0.1796875,956
0.045,0.2515624999999999,473
0.045,0.3234374999999998,427
0.045,0.3953125000000002,309
0.045,0.4671875000000001,189
0.045,0.5390625,143
0.045,0.6109374999999999,144
0.045,0.6828124999999998,73
0.045,0.7546874999999997,62
0.045,0.8265625000000001,42
0.045,0.8984375,88
0.045,0.9703124999999999,38
0.045,1.0421874999999998,47
0.045,1.1140624999999997,16
0.045,1.1859375,3
0.045,1.2578125,5
0.045,1.3296875,6
0.045,1.4015624999999998,0
0.045,1.4734374999999997,0
0.045,1.5453125,0
0.045,1.6171875,0
0.045,1.6890625,0
0.045,1.7609374999999998,0
0.045,1.8328125000000002,0
0.045,1.9046874999999996,0
0.045,1.9765625,0
0.045,2.0484374999999995,0
0.045,2.1203125,0
0.045,2.1921875,0
0.045,2.2640624999999996,0
0.055,-2.2640624999999996,0
0.055,-2.1921874999999997,0
0.055,-2.1203125,0
0.055,-2.0484375,0
0.055,-1.9765624999999998,0
0.055,-1.9046874999999999,0
0.055,-1.8328124999999997,0
0.055,-1.7609374999999998,0
0.055,-1.6890625,0
0.055,-1.6171875,0
0.055,-1.5453124999999999,1
0.055,-1.4734374999999997,23
0.055,-1.4015624999999998,40
0.055,-1.3296875,74
0.055,-1.2578125,101
0.055,-1.1859374999999999,51
0.055,-1.1140625,83
0.055,-1.0421874999999998,30
0.055,-0.9703124999999999,13
0.055,-0.8984375,66
0.055,-0.8265624999999999,62
0.055,-0.7546875,140
0.055,-0.6828125,172
0.055,-0.6109374999999999,174
0.055,-0.5390625,119
0.055,-0.46718749999999987,207
0.055,-0.39531249999999996,182
0.055,-0.32343750000000004,312
0.055,-0.2515624999999999,530
0.055,-0.1796875,1090
0.055,-0.10781250000000009,1798
0.055,-0.03593750000000018,2366
0.055,0.03593750000000018,2626
0.055,0.10781250000000009,1877
0.055,0.1796875,945
0.055,0.2515624999999999,527
0.055,0.3234374999999998,424
0.055,0.3953125000000002,262
0.055,0.4671875000000001,135
0.055,0.5390625,140
0.055,0.6109374999999999,127
0.055,0.6828124999999998,111
0.055,0.7546874999999997,64
0.055,0.8265625000000001,74
0.055,0.8984375,99
0.055,0.9703124999999999,46
0.055,1.0421874999999998,73
0.055,1.1140624999999997,15
0.055,1.1859375,3
0.055,1.2578125,9
0.055,1.3296875,12
0.055,1.4015624999999998,1
0.055,1.4734374999999997,9
0.055,1.5453125,2
0.055,1.6171875,0
0.055,1.6890625,0
0.055,1.7609374999999998,0
0.055,1.8328125000000002,0
0.055,1.9046874999999996,0
0.055,1.9765625,0
0.055,2.0484374999999995,0
0.055,2.1203125,0
0.055,2.1921875,0
0.055,2.2640624999999996,0
0.065,-2.2640624999999996,0
0.065,-2.1921874999999997,0
0.065,-2.1203125,0
0.065,-2.0484375,0
0.065,-1.9765624999999998,0
0.065,-1.9046874999999999,0
0.065,-1.8328124999999997,0
0.065,-1.7609374999999998,0
0.065,-1.6890625,0
0.065,-1.6171875,7
0.065,-1.5453124999999999,9
0.065,-1.4734374999999997,42
0.065,-1.4015624999999998,65
0.065,-1.3296875,87
0.065,-1.2578125,107
0.065,-1.1859374999999999,55
0.065,-1.1140625,60
0.065,-1.0421874999999998,48
0.065,-0.9703124999999999,15
0.065,-0.8984375,92
0.065,-0.8265624999999999,79
0.065,-0.7546875,129
0.065,-0.6828125,134
0.065,-0.6109374999999999,176
0.065,-0.5390625,161
0.065,-0.46718749999999987,161
0.065,-0.39531249999999996,197
0.065,-0.32343750000000004,298
0.065,-0.2515624999999999,532
0.065,-0.1796875,1050
0.065,-0.10781250000000009,1871
0.065,-0.03593750000000018,2360
0.065,0.03593750000000018,2578
0.065,0.10781250000000009,1817
0.065,0.1796875,1014
0.065,0.2515624999999999,547
0.065,0.3234374999999998,434
0.065,0.3953125000000002,259
0.065,0.4671875000000001,148
0.065,0.5390625,104
0.065,0.6109374999999999,103
0.065,0.6828124999999998,143
0.065,0.7546874999999997,98
0.065,0.8265625000000001,75
0.065,0.8984375,86
0.065,0.9703124999999999,47
0.065,1.0421874999999998,104
0.065,1.1140624999999997,15
0.065,1.1859375,7
0.065,1.2578125,6
0.065,1.3296875,16
0.065,1.4015624999999998,15
0.065,1.4734374999999997,14
0.065,1.5453125,19
0.065,1.6171875,1
0.065,1.6890625,0
0.065,1.7609374999999998,0
0.065,1.8328125000000002,0
0.065,1.9046874999999996,0
0.065,1.9765625,0
0.065,2.0484374999999995,0
0.065,2.1203125,0
0.065,2.1921875,0
0.065,2.2640624999999996,0
0.075,-2.2640624999999996,0
0.075,-2.1921874999999997,0
0.075,-2.1203125,0
0.075,-2.0484375,0
0.075,-1.9765624999999998,0
0.075,-1.9046874999999999,0
0.075,-1.8328124999999997,0
0.075,-1.7609374999999998,0
0.075,-1.6890625,2
0.075,-1.6171875,35
0.075,-1.5453124999999999,38
0.075,-1.4734374999999997,38
0.075,-1.4015624999999998,91
0.075,-1.3296875,92
0.075,-1.2578125,88
0.075,-1.1859374999999999,60
0.075,-1.1140625,71
0.075,-1.0421874999999998,45
0.075,-0.9703124999999999,19
0.075,-0.8984375,70
0.075,-0.8265624999999999,84
0.075,-0.7546875,106
0.075,-0.6828125,126
0.075,-0.6109374999999999,215
0.075,-0.5390625,199
0.075,-0.46718749999999987,176
0.075,-0.39531249999999996,238
0.075,-0.32343750000000004,293
0.075,-0.2515624999999999,580
0.075,-0.1796875,1052
0.075,-0.10781250000000009,1765
0.075,-0.03593750000000018,2218
0.075,0.03593750000000018,2452
0.075,0.10781250000000009,1843
0.075,0.1796875,976
0.075,0.2515624999999999,592
0.075,0.3234374999999998,481
0.075,0.3953125000000002,238
0.075,0.4671875000000001,122
0.075,0.5390625,162
0.075,0.6109374999999999,127
0.075,0.6828124999999998,142
0.075,0.7546874999999997,107
0.075,0.8265625000000001,86
0.075,0.8984375,67
0.075,0.9703124999999999,57
0.075,1.0421874999999998,94
0.075,1.1140624999999997,36
0.075,1.1859375,15
0.075,1.2578125,8
0.075,1.3296875,24
0.075,1.4015624999999998,25
0.075,1.4734374999999997,24
0.075,1.5453125,37
0.075,1.6171875,19
0.075,1.6890625,10
0.075,1.7609374999999998,0
0.075,1.8328125000000002,0
0.075,1.9046874999999996,0
0.075,1.9765625,0
0.075,2.0484374999999995,0
0.075,2.1203125,0
0.075,2.1921875,0
0.075,2.2640624999999996,0
0.085,-2.2640624999999996,0
0.085,-2.1921874999999997,0
0.085,-2.1203125,0
0.085,-2.0484375,0
0.085,-1.9765624999999998,0
0.085,-1.9046874999999999,0
0.085,-1.8328124999999997,0
0.085,-1.7609374999999998,12
0.085,-1.6890625,12
0.085,-1.6171875,83
0.085,-1.5453124999999999,67
0.085,-1.4734374999999997,55
0.085,-1.4015624999999998,73
0.085,-1.3296875,118
0.085,-1.2578125,88
0.085,-1.1859374999999999,82
0.085,-1.1140625,60
0.085,-1.0421874999999998,43
0.085,-0.9703124999999999,37
0.085,-0.8984375,87
0.085,-0.8265624999999999,104
0.085,-0.7546875,139
0.085,-0.6828125,121
0.085,-0.6109374999999999,235
0.085,-0.5390625,173
0.085,-0.46718749999999987,163
0.085,-0.39531249999999996,212
0.085,-0.32343750000000004,316
0.085,-0.2515624999999999,584
0.085,-0.1796875,1051
0.085,-0.10781250000000009,1703
0.085,-0.03593750000000018,2113
0.085,0.03593750000000018,2396
0.085,0.10781250000000009,1768
0.085,0.1796875,1044
0.085,0.2515624999999999,548
0.085,0.3234374999999998,427
0.085,0.3953125000000002,228
0.085,0.4671875000000001,147
0.085,0.5390625,156
0.085,0.6109374999999999,78
0.085,0.6828124999999998,133
0.085,0.7546874999999997,104
0.085,0.8265625000000001,84
0.085,0.8984375,52
0.085,0.9703124999999999,60
0.085,1.0421874999999998,124
0.085,1.1140624999999997,36
0.085,1.1859375,28
0.085,1.2578125,6
0.085,1.3296875,33
0.085,1.4015624999999998,43
0.085,1.4734374999999997,49
0.085,1.5453125,39
0.085,1.6171875,49
0.085,1.6890625,20
0.085,1.7609374999999998,3
0.085,1.8328125000000002,0
0.085,1.9046874999999996,0
0.085,1.9765625,0
0.085,2.0484374999999995,0
0.085,2.1203125,0
0.085,2.1921875,0
0.085,2.2640624999999996,0
0.095,-2.2640624999999996,0
0.095,-2.1921874999999997,0
0.095,-2.1203125,0
0.095,-2.0484375,0
0.095,-1.9765624999999998,0
0.095,-1.9046874999999999,0
0.095,-1.8328124999999997,13
0.095,-1.7609374999999998,37
0.095,-1.6890625,32
0.095,-1.6171875,99
0.095,-1.5453124999999999,58
0.095,-1.4734374999999997,109
0.095,-1.4015624999999998,106
0.095,-1.3296875,102
0.095,-1.2578125,127
0.095,-1.1859374999999999,88
0.095,-1.1140625,41
0.095,-1.0421874999999998,58
0.095,-0.9703124999999999,60
0.095,-0.8984375,94
0.095,-0.8265624999999999,105
0.095,-0.7546875,130
0.095,-0.6828125,115
0.095,-0.6109374999999999,194
0.095,-0.5390625,163
0.095,-0.46718749999999987,171
0.095,-0.39531249999999996,202
0.095,-0.32343750000000004,334
0.095,-0.2515624999999999,611
0.095,-0.1796875,1166
0.095,-0.10781250000000009,1659
0.095,-0.03593750000000018,2064
0.095,0.03593750000000018,2224
0.095,0.10781250000000009,1763
0.095,0.1796875,1105
0.095,0.2515624999999999,511
0.095,0.3234374999999998,441
0.095,0.3953125000000002,223
0.095,0.4671875000000001,123
0.095,0.5390625,124
0.095,0.6109374999999999,121
0.095,0.6828124999999998,135
0.095,0.7546874999999997,125
0.095,0.8265625000000001,100
0.095,0.8984375,59
0.095,0.9703124999999999,53
0.095,1.0421874999999998,139
0.095,1.1140624999999997,37
0.095,1.1859375,24
0.095,1.2578125,11
0.095,1.3296875,22
0.095,1.4015624999999998,37
0.095,1.4734374999999997,38
0.095,1.5453125,55
0.095,1.6171875,63
0.095,1.6890625,55
0.095,1.7609374999999998,35
0.095,1.8328125000000002,12
0.095,1.9046874999999996,0
0.095,1.9765625,0
0.095,2.0484374999999995,0
0.095,2.1203125,0
0.095,2.1921875,0
0.095,2.2640624999999996,0
0.105,-2.2640624999999996,0
0.105,-2.1921874999999997,0
0.105,-2.1203125,0
0.105,-2.0484375,0
0.105,-1.9765624999999998,0
0.105,-1.9046874999999999,9
0.105,-1.8328124999999997,54
0.105,-1.7609374999999998,70
0.105,-1.6890625,37
0.105,-1.6171875,100
0.105,-1.5453124999999999,52
0.105,-1.4734374999999997,121
0.105,-1.4015624999999998,113
0.105,-1.3296875,104
0.105,-1.2578125,149
0.105,-1.1859374999999999,76
0.105,-1.1140625,40
0.105,-1.0421874999999998,74
0.105,-0.9703124999999999,83
0.105,-0.8984375,137
0.105,-0.8265624999999999,105
0.105,-0.7546875,117
0.105,-0.6828125,121
0.105,-0.6109374999999999,187
0.105,-0.5390625,165
0.105,-0.46718749999999987,157
0.105,-0.39531249999999996,226
0.105,-0.32343750000000004,353
0.105,-0.2515624999999999,677
0.105,-0.1796875,1212
0.105,-0.10781250000000009,1459
0.105,-0.03593750000000018,2003
0.105,0.03593750000000018,2220
0.105,0.10781250000000009,1848
0.105,0.1796875,1076
0.105,0.2515624999999999,568
0.105,0.3234374999999998,379
0.105,0.3953125000000002,217
0.105,0.4671875000000001,121
0.105,0.5390625,163
0.105,0.6109374999999999,147
0.105,0.6828124999999998,130
0.105,0.7546874999999997,129
0.105,0.8265625000000001,107
0.105,0.8984375,68
0.105,0.9703124999999999,37
0.105,1.0421874999999998,122
0.105,1.1140624999999997,41
0.105,1.1859375,23
0.105,1.2578125,18
0.105,1.3296875,44
0.105,1.4015624999999998,37
0.105,1.4734374999999997,36
0.105,1.5453125,89
0.105,1.6171875,73
0.105,1.6890625,84
0.105,1.7609374999999998,97
0.105,1.8328125000000002,70
0.105,1.9046874999999996,8
0.105,1.9765625,0
0.105,2.0484374999999995,0
0.105,2.1203125,0
0.105,2.1921875,0
0.105,2.2640624999999996,0
0.115,-2.2640624999999996,0
0.115,-2.1921874999999997,0
0.115,-2.1203125,0
0.115,-2.0484375,0
0.115,-1.9765624999999998,5
0.115,-1.9046874999999999,40
0.115,-1.8328124999999997,134
0.115,-1.7609374999999998,93
0.115,-1.6890625,59
0.115,-1.6171875,126
0.115,-1.5453124999999999,58
0.115,-1.4734374999999997,147
0.115,-1.4015624999999998,143
0.115,-1.3296875,95
0.115,-1.2578125,119
0.115,-1.1859374999999999,101
0.115,-1.1140625,58
0.115,-1.0421874999999998,100
0.115,-0.9703124999999999,120
0.115,-0.8984375,135
0.115,-0.8265624999999999,143
0.115,-0.7546875,157
0.115,-0.6828125,126
0.115,-0.6109374999999999,167
0.115,-0.5390625,142
0.115,-0.46718749999999987,169
0.115,-0.39531249999999996,204
0.115,-0.32343750000000004,431
0.115,-0.2515624999999999,671
0.115,-0.1796875,1130
0.115,-0.10781250000000009,1487
0.115,-0.03593750000000018,1996
0.115,0.03593750000000018,2261
0.115,0.10781250000000009,1829
0.115,0.1796875,1017
0.115,0.2515624999999999,549
0.115,0.3234374999999998,403
0.115,0.3953125000000002,267
0.115,0.4671875000000001,168
0.115,0.5390625,202
0.115,0.6109374999999999,164
0.115,0.6828124999999998,159
0.115,0.7546874999999997,118
0.115,0.8265625000000001,132
0.115,0.8984375,66
0.115,0.9703124999999999,50
0.115,1.0421874999999998,103
0.115,1.1140624999999997,37
0.115,1.1859375,30
0.115,1.2578125,19
0.115,1.3296875,44
0.115,1.4015624999999998,41
0.115,1.4734374999999997,60
0.115,1.5453125,103
0.115,1.6171875,84
0.115,1.6890625,108
0.115,1.7609374999999998,104
0.115,1.8328125000000002,155
0.115,1.9046874999999996,47
0.115,1.9765625,10
0.115,2.0484374999999995,0
0.115,2.1203125,0
0.115,2.1921875,0
0.115,2.2640624999999996,0
0.125,-2.2640624999999996,0
0.125,-2.1921874999999997,0
0.125,-2.1203125,0
0.125,-2.0484375,0
0.125,-1.9765624999999998,42
0.125,-1.9046874999999999,98
0.125,-1.8328124999999997,156
0.125,-1.7609374999999998,122
0.125,-1.6890625,93
0.125,-1.6171875,132
0.125,-1.5453124999999999,89
0.125,-1.4734374999999997,146
0.125,-1.4015624999999998,137
0.125,-1.3296875,93
0.125,-1.2578125,114
0.125,-1.1859374999999999,127
0.125,-1.1140625,62
0.125,-1.0421874999999998,75
0.125,-0.9703124999999999,137
0.125,-0.8984375,182
0.125,-0.8265624999999999,154
0.125,-0.7546875,185
0.125,-0.6828125,180
0.125,-0.6109374999999999,116
0.125,-0.5390625,183
0.125,-0.46718749999999987,182
0.125,-0.39531249999999996,210
0.125,-0.32343750000000004,421
0.125,-0.2515624999999999,757
0.125,-0.1796875,1101
0.125,-0.10781250000000009,1537
0.125,-0.03593750000000018,1935
0.125,0.03593750000000018,2207
0.125,0.10781250000000009,1880
0.125,0.1796875,1017
0.125,0.2515624999999999,639
0.125,0.3234374999999998,434
0.125,0.3953125000000002,310
0.125,0.4671875000000001,183
0.125,0.5390625,223
0.125,0.6109374999999999,174
0.125,0.6828124999999998,135
0.125,0.7546874999999997,121
0.125,0.8265625000000001,152
0.125,0.8984375,71
0.125,0.9703124999999999,58
0.125,1.0421874999999998,114
0.125,1.1140624999999997,62
0.125,1.1859375,11
0.125,1.2578125,23
0.125,1.3296875,37
0.125,1.4015624999999998,66
0.125,1.4734374999999997,80
0.125,1.5453125,137
0.125,1.6171875,115
0.125,1.6890625,109
0.125,1.7609374999999998,166
0.125,1.8328125000000002,185
0.125,1.9046874999999996,170
0.125,1.9765625,73
0.125,2.0484374999999995,5
0.125,2.1203125,0
0.125,2.1921875,0
0.125,2.2640624999999996,0
0.135,-2.2640624999999996,0
0.135,-2.1921874999999997,0
0.135,-2.1203125,0
0.135,-2.0484375,24
0.135,-1.9765624999999998,84
0.135,-1.9046874999999999,121
0.135,-1.8328124999999997,171
0.135,-1.7609374999999998,130
0.135,-1.6890625,80
0.135,-1.6171875,141
0.135,-1.5453124999999999,108
0.135,-1.4734374999999997,146
0.135,-1.4015624999999998,126
0.135,-1.3296875,119
0.135,-1.2578125,102
0.135,-1.1859374999999999,149
0.135,-1.1140625,109
0.135,-1.0421874999999998,90
0.135,-0.9703124999999999,170
0.135,-0.8984375,200
0.135,-0.8265624999999999,138
0.135,-0.7546875,180
0.135,-0.6828125,112
0.135,-0.6109374999999999,144
0.135,-0.5390625,209
0.135,-0.46718749999999987,252
0.135,-0.39531249999999996,244
0.135,-0.32343750000000004,375
0.135,-0.2515624999999999,715
0.135,-0.1796875,1063
0.135,-0.10781250000000009,1498
0.135,-0.03593750000000018,1921
0.135,0.03593750000000018,2004
0.135,0.10781250000000009,1934
0.135,0.1796875,1032
0.135,0.2515624999999999,749
0.135,0.3234374999999998,413
0.135,0.3953125000000002,301
0.135,0.4671875000000001,173
0.135,0.5390625,174
0.135,0.6109374999999999,218
0.135,0.6828124999999998,138
0.135,0.7546874999999997,120
0.135,0.8265625000000001,145
0.135,0.8984375,82
0.135,0.9703124999999999,81
0.135,1.0421874999999998,145
0.135,1.1140624999999997,70
0.135,1.1859375,25
0.135,1.2578125,41
0.135,1.3296875,52
0.135,1.4015624999999998,71
0.135,1.4734374999999997,72
0.135,1.5453125,145
0.135,1.6171875,131
0.135,1.6890625,116
0.135,1.7609374999999998,219
0.135,1.8328125000000002,209
0.135,1.9046874999999996,227
0.135,1.9765625,170
0.135,2.0484374999999995,56
0.135,2.1203125,0
0.135,2.1921875,0
0.135,2.2640624999999996,0
0.145,-2.2640624999999996,0
0.145,-2.1921874999999997,0
0.145,-2.1203125,15
0.145,-2.0484375,78
0.145,-1.9765624999999998,130
0.145,-1.9046874999999999,129
0.145,-1.8328124999999997,198
0.145,-1.7609374999999998,211
0.145,-1.6890625,104
0.145,-1.6171875,192
0.145,-1.5453124999999999,153
0.145,-1.4734374999999997,155
0.145,-1.4015624999999998,144
0.145,-1.3296875,119
0.145,-1.2578125,161
0.145,-1.1859374999999999,160
0.145,-1.1140625,114
0.145,-1.0421874999999998,112
0.145,-0.9703124999999999,145
0.145,-0.8984375,132
0.145,-0.8265624999999999,129
0.145,-0.7546875,201
0.145,-0.6828125,129
0.145,-0.6109374999999999,140
0.145,-0.5390625,220
0.145,-0.46718749999999987,220
0.145,-0.39531249999999996,253
0.145,-0.32343750000000004,384
0.145,-0.2515624999999999,722
0.145,-0.1796875,1124
0.145,-0.10781250000000009,1470
0.145,-0.03593750000000018,1827
0.145,0.03593750000000018,1791
0.145,0.10781250000000009,1811
0.145,0.1796875,999
0.145,0.2515624999999999,732
0.145,0.3234374999999998,422
0.145,0.3953125000000002,321
0.145,0.4671875000000001,163
0.145,0.5390625,163
0.145,0.6109374999999999,151
0.145,0.6828124999999998,163
0.145,0.7546874999999997,161
0.145,0.8265625000000001,148
0.145,0.8984375,81
0.145,0.9703124999999999,90
0.145,1.0421874999999998,156
0.145,1.1140624999999997,77
0.145,1.1859375,53
0.145,1.2578125,43
0.145,1.3296875,37
0.145,1.4015624999999998,84
0.145,1.4734374999999997,98
0.145,1.5453125,135
0.145,1.6171875,173
0.145,1.6890625,136
0.145,1.7609374999999998,211
0.145,1.8328125000000002,204
0.145,1.9046874999999996,274
0.145,1.9765625,265
0.145,2.0484374999999995,162
0.145,2.1203125,3
0.145,2.1921875,0
0.145,2.2640624999999996,0
0.155,-2.2640624999999996,0
0.155,-2.1921874999999997,0
0.155,-2.1203125,76
0.155,-2.0484375,156
0.155,-1.9765624999999998,149
0.155,-1.9046874999999999,164
0.155,-1.8328124999999997,202
0.155,-1.7609374999999998,192
0.155,-1.6890625,109
0.155,-1.6171875,185
0.155,-1.5453124999999999,194
0.155,-1.4734374999999997,187
0.155,-1.4015624999999998,157
0.155,-1.3296875,142
0.155,-1.2578125,164
0.155,-1.1859374999999999,151
0.155,-1.1140625,106
0.155,-1.0421874999999998,117
0.155,-0.9703124999999999,133
0.155,-0.8984375,116
0.155,-0.8265624999999999,117
0.155,-0.7546875,222
0.155,-0.6828125,147
0.155,-0.6109374999999999,147
0.155,-0.5390625,233
0.155,-0.46718749999999987,238
0.155,-0.39531249999999996,237
0.155,-0.32343750000000004,405
0.155,-0.2515624999999999,621
0.155,-0.1796875,1112
0.155,-0.10781250000000009,1435
0.155,-0.03593750000000018,1835
0.155,0.03593750000000018,1977
0.155,0.10781250000000009,1760
0.155,0.1796875,1097
0.155,0.2515624999999999,718
0.155,0.3234374999999998,430
0.155,0.3953125000000002,338
0.155,0.4671875000000001,208
0.155,0.5390625,190
0.155,0.6109374999999999,148
0.155,0.6828124999999998,151
0.155,0.7546874999999997,215
0.155,0.8265625000000001,178
0.155,0.8984375,86
0.155,0.9703124999999999,94
0.155,1.0421874999999998,137
0.155,1.1140624999999997,74
0.155,1.1859375,57
0.155,1.2578125,72
0.155,1.3296875,52
0.155,1.4015624999999998,89
0.155,1.4734374999999997,75
0.155,1.5453125,136
0.155,1.6171875,218
0.155,1.6890625,124
0.155,1.7609374999999998,201
0.155,1.8328125000000002,230
0.155,1.9046874999999996,333
0.155,1.9765625,322
0.155,2.0484374999999995,287
0.155,2.1203125,57
0.155,2.1921875,0
0.155,2.2640624999999996,0
0.165,-2.2640624999999996,0
0.165,-2.1921874999999997,14
0.165,-2.1203125,273
0.165,-2.0484375,237
0.165,-1.9765624999999998,221
0.165,-1.9046874999999999,242
0.165,-1.8328124999999997,231
0.165,-1.7609374999999998,217
0.165,-1.6890625,157
0.165,-1.6171875,197
0.165,-1.5453124999999999,194
0.165,-1.4734374999999997,248
0.165,-1.4015624999999998,150
0.165,-1.3296875,98
0.165,-1.2578125,173
0.165,-1.1859374999999999,114
0.165,-1.1140625,139
0.165,-1.0421874999999998,105
0.165,-0.9703124999999999,145
0.165,-0.8984375,168
0.165,-0.8265624999999999,117
0.165,-0.7546875,153
0.165,-0.6828125,138
0.165,-0.6109374999999999,99
0.165,-0.5390625,221
0.165,-0.46718749999999987,230
0.165,-0.39531249999999996,312
0.165,-0.32343750000000004,412
0.165,-0.2515624999999999,681
0.165,-0.1796875,1182
0.165,-0.10781250000000009,1453
0.165,-0.03593750000000018,1875
0.165,0.03593750000000018,1951
0.165,0.10781250000000009,1787
0.165,0.1796875,1115
0.165,0.2515624999999999,650
0.165,0.3234374999999998,455
0.165,0.3953125000000002,320
0.165,0.4671875000000001,212
0.165,0.5390625,199
0.165,0.6109374999999999,172
0.165,0.6828124999999998,151
0.165,0.7546874999999997,243
0.165,0.8265625000000001,191
0.165,0.8984375,86
0.165,0.9703124999999999,91
0.165,1.0421874999999998,132
0.165,1.1140624999999997,134
0.165,1.1859375,49
0.165,1.2578125,93
0.165,1.3296875,51
0.165,1.4015624999999998,75
0.165,1.4734374999999997,114
0.165,1.5453125,168
0.165,1.6171875,237
0.165,1.6890625,191
0.165,1.7609374999999998,188
0.165,1.8328125000000002,247
0.165,1.9046874999999996,413
0.165,1.9765625,396
0.165,2.0484374999999995,400
0.165,2.1203125,190
0.165,2.1921875,4
0.165,2.2640624999999996,0
0.175,-2.2640624999999996,0
0.175,-2.1921874999999997,69
0.175,-2.1203125,392
0.175,-2.0484375,298
0.175,-1.9765624999999998,356
0.175,-1.9046874999999999,298
0.175,-1.8328124999999997,279
0.175,-1.7609374999999998,274
0.175,-1.6890625,278
0.175,-1.6171875,235
0.175,-1.5453124999999999,187
0.175,-1.4734374999999997,232
0.175,-1.4015624999999998,167
0.175,-1.3296875,84
0.175,-1.2578125,140
0.175,-1.1859374999999999,93
0.175,-1.1140625,94
0.175,-1.0421874999999998,95
0.175,-0.9703124999999999,159
0.175,-0.8984375,153
0.175,-0.8265624999999999,160
0.175,-0.7546875,100
0.175,-0.6828125,120
0.175,-0.6109374999999999,134
0.175,-0.5390625,215
0.175,-0.46718749999999987,192
0.175,-0.39531249999999996,276
0.175,-0.32343750000000004,472
0.175,-0.2515624999999999,689
0.175,-0.1796875,1178
0.175,-0.10781250000000009,1432
0.175,-0.03593750000000018,1710
0.175,0.03593750000000018,2004
0.175,0.10781250000000009,1562
0.175,0.1796875,1019
0.175,0.2515624999999999,653
0.175,0.3234374999999998,457
0.175,0.3953125000000002,316
0.175,0.4671875000000001,252
0.175,0.5390625,191
0.175,0.6109374999999999,164
0.175,0.6828124999999998,131
0.175,0.7546874999999997,235
0.175,0.8265625000000001,118
0.175,0.8984375,138
0.175,0.9703124999999999,76
0.175,1.0421874999999998,152
0.175,1.1140624999999997,103
0.175,1.1859375,90
0.175,1.2578125,107
0.175,1.3296875,94
0.175,1.4015624999999998,98
0.175,1.4734374999999997,134
0.175,1.5453125,196
0.175,1.6171875,269
0.175,1.6890625,218
0.175,1.7609374999999998,267
0.175,1.8328125000000002,310
0.175,1.9046874999999996,431
0.175,1.9765625,474
0.175,2.0484374999999995,454
0.175,2.1203125,300
0.175,2.1921875,44
0.175,2.2640624999999996,0
0.185,-2.2640624999999996,0
0.185,-2.1921874999999997,144
0.185,-2.1203125,461
0.185,-2.0484375,405
0.185,-1.9765624999999998,420
0.185,-1.9046874999999999,375
0.185,-1.8328124999999997,343
0.185,-1.7609374999999998,292
0.185,-1.6890625,326
0.185,-1.6171875,321
0.185,-1.5453124999999999,231
0.185,-1.4734374999999997,279
0.185,-1.4015624999999998,186
0.185,-1.3296875,135
0.185,-1.2578125,126
0.185,-1.1859374999999999,85
0.185,-1.1140625,72
0.185,-1.0421874999999998,92
0.185,-0.9703124999999999,170
0.185,-0.8984375,151
0.185,-0.8265624999999999,155
0.185,-0.7546875,122
0.185,-0.6828125,98
0.185,-0.6109374999999999,173
0.185,-0.5390625,260
0.185,-0.46718749999999987,235
0.185,-0.39531249999999996,332
0.185,-0.32343750000000004,476
0.185,-0.2515624999999999,718
0.185,-0.1796875,1087
0.185,-0.10781250000000009,1391
0.185,-0.03593750000000018,1825
0.185,0.03593750000000018,1898
0.185,0.10781250000000009,1516
0.185,0.1796875,1057
0.185,0.2515624999999999,744
0.185,0.3234374999999998,417
0.185,0.3953125000000002,299
0.185,0.4671875000000001,221
0.185,0.5390625,189
0.185,0.6109374999999999,156
0.185,0.6828124999999998,151
0.185,0.7546874999999997,185
0.185,0.8265625000000001,113
0.185,0.8984375,130
0.185,0.9703124999999999,89
0.185,1.0421874999999998,113
0.185,1.1140624999999997,113
0.185,1.1859375,127
0.185,1.2578125,132
0.185,1.3296875,111
0.185,1.4015624999999998,79
0.185,1.4734374999999997,153
0.185,1.5453125,207
0.185,1.6171875,308
0.185,1.6890625,269
0.185,1.7609374999999998,318
0.185,1.8328125000000002,334
0.185,1.9046874999999996,472
0.185,1.9765625,591
0.185,2.0484374999999995,497
0.185,2.1203125,482
0.185,2.1921875,107
0.185,2.2640624999999996,0
0.195,-2.2640624999999996,0
0.195,-2.1921874999999997,230
0.195,-2.1203125,574
0.195,-2.0484375,524
0.195,-1.9765624999999998,464
0.195,-1.9046874999999999,421
0.195,-1.8328124999999997,440
0.195,-1.7609374999999998,388
0.195,-1.6890625,378
0.195,-1.6171875,374
0.195,-1.5453124999999999,315
0.195,-1.4734374999999997,330
0.195,-1.4015624999999998,160
0.195,-1.3296875,161
0.195,-1.2578125,112
0.195,-1.1859374999999999,114
0.195,-1.1140625,101
0.195,-1.0421874999999998,112
0.195,-0.9703124999999999,171
0.195,-0.8984375,117
0.195,-0.8265624999999999,216
0.195,-0.7546875,143
0.195,-0.6828125,101
0.195,-0.6109374999999999,179
0.195,-0.5390625,211
0.195,-0.46718749999999987,249
0.195,-0.39531249999999996,361
0.195,-0.32343750000000004,474
0.195,-0.2515624999999999,695
0.195,-0.1796875,1066
0.195,-0.10781250000000009,1271
0.195,-0.03593750000000018,1828
0.195,0.03593750000000018,1721
0.195,0.10781250000000009,1283
0.195,0.1796875,963
0.195,0.2515624999999999,772
0.195,0.3234374999999998,371
0.195,0.3953125000000002,302
0.195,0.4671875000000001,210
0.195,0.5390625,152
0.195,0.6109374999999999,240
0.195,0.6828124999999998,184
0.195,0.7546874999999997,146
0.195,0.8265625000000001,112
0.195,0.8984375,169
0.195,0.9703124999999999,121
0.195,1.0421874999999998,174
0.195,1.1140624999999997,131
0.195,1.1859375,105
0.195,1.2578125,95
0.195,1.3296875,97
0.195,1.4015624999999998,128
0.195,1.4734374999999997,172
0.195,1.5453125,274
0.195,1.6171875,389
0.195,1.6890625,385
0.195,1.7609374999999998,395
0.195,1.8328125000000002,388
0.195,1.9046874999999996,602
0.195,1.9765625,671
0.195,2.0484374999999995,530
0.195,2.1203125,578
0.195,2.1921875,152
0.195,2.2640624999999996,0
0.205,-2.2640624999999996,0
0.205,-2.1921874999999997,158
0.205,-2.1203125,622
0.205,-2.0484375,583
0.205,-1.9765624999999998,535
0.205,-1.9046874999999999,562
0.205,-1.8328124999999997,609
0.205,-1.7609374999999998,471
0.205,-1.6890625,432
0.205,-1.6171875,424
0.205,-1.5453124999999999,386
0.205,-1.4734374999999997,351
0.205,-1.4015624999999998,187
0.205,-1.3296875,173
0.205,-1.2578125,132
0.205,-1.1859374999999999,122
0.205,-1.1140625,149
0.205,-1.0421874999999998,160
0.205,-0.9703124999999999,174
0.205,-0.8984375,157
0.205,-0.8265624999999999,212
0.205,-0.7546875,116
0.205,-0.6828125,99
0.205,-0.6109374999999999,160
0.205,-0.5390625,183
0.205,-0.46718749999999987,231
0.205,-0.39531249999999996,376
0.205,-0.32343750000000004,430
0.205,-0.2515624999999999,623
0.205,-0.1796875,1038
0.205,-0.10781250000000009,1222
0.205,-0.03593750000000018,1676
0.205,0.03593750000000018,1599
0.205,0.10781250000000009,1282
0.205,0.1796875,1069
0.205,0.2515624999999999,769
0.205,0.3234374999999998,398
0.205,0.3953125000000002,296
0.205,0.4671875000000001,278
0.205,0.5390625,149
0.205,0.6109374999999999,272
0.205,0.6828124999999998,179
0.205,0.7546874999999997,116
0.205,0.8265625000000001,116
0.205,0.8984375,194
0.205,0.9703124999999999,140
0.205,1.0421874999999998,182
0.205,1.1140624999999997,141
0.205,1.1859375,149
0.205,1.2578125,117
0.205,1.3296875,125
0.205,1.4015624999999998,134
0.205,1.4734374999999997,179
0.205,1.5453125,308
0.205,1.6171875,345
0.205,1.6890625,433
0.205,1.7609374999999998,448
0.205,1.8328125000000002,588
0.205,1.9046874999999996,764
0.205,1.9765625,760
0.205,2.0484374999999995,671
0.205,2.1203125,684
0.205,2.1921875,104
0.205,2.2640624999999996,0
0.215,-2.2640624999999996,0
0.215,-2.1921874999999997,41
0.215,-2.1203125,624
0.215,-2.0484375,721
0.215,-1.9765624999999998,659
0.215,-1.9046874999999999,720
0.215,-1.8328124999999997,744
0.215,-1.7609374999999998,614
0.215,-1.6890625,526
0.215,-1.6171875,450
0.215,-1.5453124999999999,457
0.215,-1.4734374999999997,379
0.215,-1.4015624999999998,215
0.215,-1.3296875,176
0.215,-1.2578125,167
0.215,-1.1859374999999999,165
0.215,-1.1140625,158
0.215,-1.0421874999999998,185
0.215,-0.9703124999999999,199
0.215,-0.8984375,185
0.215,-0.8265624999999999,275
0.215,-0.7546875,147
0.215,-0.6828125,90
0.215,-0.6109374999999999,111
0.215,-0.5390625,157
0.215,-0.46718749999999987,293
0.215,-0.39531249999999996,391
0.215,-0.32343750000000004,466
0.215,-0.2515624999999999,614
0.215,-0.1796875,1086
0.215,-0.10781250000000009,1191
0.215,-0.03593750000000018,1551
0.215,0.03593750000000018,1534
0.215,0.10781250000000009,1273
0.215,0.1796875,1098
0.215,0.2515624999999999,812
0.215,0.3234374999999998,379
0.215,0.3953125000000002,297
0.215,0.4671875000000001,264
0.215,0.5390625,227
0.215,0.6109374999999999,248
0.215,0.6828124999999998,148
0.215,0.7546874999999997,131
0.215,0.8265625000000001,157
0.215,0.8984375,209
0.215,0.9703124999999999,189
0.215,1.0421874999999998,178
0.215,1.1140624999999997,166
0.215,1.1859375,154
0.215,1.2578125,111
0.215,1.3296875,130
0.215,1.4015624999999998,166
0.215,1.4734374999999997,208
0.215,1.5453125,335
0.215,1.6171875,413
0.215,1.6890625,483
0.215,1.7609374999999998,614
0.215,1.8328125000000002,608
0.215,1.9046874999999996,910
0.215,1.9765625,946
0.215,2.0484374999999995,911
0.215,2.1203125,683
0.215,2.1921875,36
0.215,2.2640624999999996,0
0.225,-2.2640624999999996,0
0.225,-2.1921874999999997,2
0.225,-2.1203125,417
0.225,-2.0484375,789
0.225,-1.9765624999999998,713
0.225,-1.9046874999999999,797
0.225,-1.8328124999999997,897
0.225,-1.7609374999999998,736
0.225,-1.6890625,583
0.225,-1.6171875,571
0.225,-1.5453124999999999,510
0.225,-1.4734374999999997,388
0.225,-1.4015624999999998,293
0.225,-1.3296875,241
0.225,-1.2578125,203
0.225,-1.1859374999999999,230
0.225,-1.1140625,216
0.225,-1.0421874999999998,205
0.225,-0.9703124999999999,201
0.225,-0.8984375,186
0.225,-0.8265624999999999,240
0.225,-0.7546875,197
0.225,-0.6828125,103
0.225,-0.6109374999999999,125
0.225,-0.5390625,186
0.225,-0.46718749999999987,273
0.225,-0.39531249999999996,438
0.225,-0.32343750000000004,465
0.225,-0.2515624999999999,672
0.225,-0.1796875,1099
0.225,-0.10781250000000009,1188
0.225,-0.03593750000000018,1392
0.225,0.03593750000000018,1462
0.225,0.10781250000000009,1197
0.225,0.1796875,1147
0.225,0.2515624999999999,756
0.225,0.3234374999999998,382
0.225,0.3953125000000002,316
0.225,0.4671875000000001,274
0.225,0.5390625,246
0.225,0.6109374999999999,240
0.225,0.6828124999999998,178
0.225,0.7546874999999997,189
0.225,0.8265625000000001,142
0.225,0.8984375,188
0.225,0.9703124999999999,173
0.225,1.0421874999999998,201
0.225,1.1140624999999997,152
0.225,1.1859375,231
0.225,1.2578125,155
0.225,1.3296875,153
0.225,1.4015624999999998,186
0.225,1.4734374999999997,228
0.225,1.5453125,326
0.225,1.6171875,506
0.225,1.6890625,568
0.225,1.7609374999999998,702
0.225,1.8328125000000002,756
0.225,1.9046874999999996,1072
0.225,1.9765625,1166
0.225,2.0484374999999995,1053
0.225,2.1203125,553
0.225,2.1921875,0
0.225,2.2640624999999996,0
0.235,-2.2640624999999996,0
0.235,-2.1921874999999997,0
0.235,-2.1203125,162
0.235,-2.0484375,935
0.235,-1.9765624999999998,861
0.235,-1.9046874999999999,939
0.235,-1.8328124999999997,980
0.235,-1.7609374999999998,876
0.235,-1.6890625,714
0.235,-1.6171875,609
0.235,-1.5453124999999999,547
0.235,-1.4734374999999997,381
0.235,-1.4015624999999998,281
0.235,-1.3296875,302
0.235,-1.2578125,251
0.235,-1.1859374999999999,289
0.235,-1.1140625,277
0.235,-1.0421874999999998,240
0.235,-0.9703124999999999,258
0.235,-0.8984375,184
0.235,-0.8265624999999999,229
0.235,-0.7546875,168
0.235,-0.6828125,141
0.235,-0.6109374999999999,136
0.235,-0.5390625,154
0.235,-0.46718749999999987,284
0.235,-0.39531249999999996,360
0.235,-0.32343750000000004,506
0.235,-0.2515624999999999,724
0.235,-0.1796875,1178
0.235,-0.10781250000000009,1177
0.235,-0.03593750000000018,1325
0.235,0.03593750000000018,1492
0.235,0.10781250000000009,1232
0.235,0.1796875,1133
0.235,0.2515624999999999,774
0.235,0.3234374999999998,321
0.235,0.3953125000000002,363
0.235,0.4671875000000001,263
0.235,0.5390625,220
0.235,0.6109374999999999,220
0.235,0.6828124999999998,179
0.235,0.7546874999999997,197
0.235,0.8265625000000001,122
0.235,0.8984375,213
0.235,0.9703124999999999,218
0.235,1.0421874999999998,221
0.235,1.1140624999999997,144
0.235,1.1859375,220
0.235,1.2578125,162
0.235,1.3296875,221
0.235,1.4015624999999998,250
0.235,1.4734374999999997,265
0.235,1.5453125,324
0.235,1.6171875,634
0.235,1.6890625,723
0.235,1.7609374999999998,830
0.235,1.8328125000000002,957
0.235,1.9046874999999996,1382
0.235,1.9765625,1447
0.235,2.0484374999999995,1222
0.235,2.1203125,186
0.235,2.1921875,0
0.235,2.2640624999999996,0
0.245,-2.2640624999999996,0
0.245,-2.1921874999999997,0
0.245,-2.1203125,22
0.245,-2.0484375,693
0.245,-1.9765624999999998,1027
0.245,-1.9046874999999999,1062
0.245,-1.8328124999999997,1265
0.245,-1.7609374999999998,1043
0.245,-1.6890625,807
0.245,-1.6171875,765
0.245,-1.5453124999999999,662
0.245,-1.4734374999999997,434
0.245,-1.4015624999999998,316
0.245,-1.3296875,391
0.245,-1.2578125,331
0.245,-1.1859374999999999,281
0.245,-1.1140625,362
0.245,-1.0421874999999998,325
0.245,-0.9703124999999999,238
0.245,-0.8984375,202
0.245,-0.8265624999999999,210
0.245,-0.7546875,247
0.245,-0.6828125,140
0.245,-0.6109374999999999,200
0.245,-0.5390625,171
0.245,-0.46718749999999987,252
0.245,-0.39531249999999996,345
0.245,-0.32343750000000004,529
0.245,-0.2515624999999999,708
0.245,-0.1796875,1180
0.245,-0.10781250000000009,1251
0.245,-0.03593750000000018,1394
0.245,0.03593750000000018,1372
0.245,0.10781250000000009,1170
0.245,0.1796875,937
0.245,0.2515624999999999,750
0.245,0.3234374999999998,313
0.245,0.3953125000000002,345
0.245,0.4671875000000001,287
0.245,0.5390625,281
0.245,0.6109374999999999,250
0.245,0.6828124999999998,241
0.245,0.7546874999999997,219
0.245,0.8265625000000001,166
0.245,0.8984375,244
0.245,0.9703124999999999,261
0.245,1.0421874999999998,171
0.245,1.1140624999999997,145
0.245,1.1859375,200
0.245,1.2578125,184
0.245,1.3296875,292
0.245,1.4015624999999998,289
0.245,1.4734374999999997,310
0.245,1.5453125,360
0.245,1.6171875,678
0.245,1.6890625,827
0.245,1.7609374999999998,913
0.245,1.8328125000000002,1192
0.245,1.9046874999999996,1629
0.245,1.9765625,1872
0.245,2.0484374999999995,979
0.245,2.1203125,37
0.245,2.1921875,0
0.245,2.2640624999999996,0
0.255,-2.2640624999999996,0
0.255,-2.1921874999999997,0
0.255,-2.1203125,0
0.255,-2.0484375,214
0.255,-1.9765624999999998,1061
0.255,-1.9046874999999999,1252
0.255,-1.8328124999999997,1423
0.255,-1.7609374999999998,1258
0.255,-1.6890625,1055
0.255,-1.6171875,931
0.255,-1.5453124999999999,829
0.255,-1.4734374999999997,506
0.255,-1.4015624999999998,456
0.255,-1.3296875,449
0.255,-1.2578125,417
0.255,-1.1859374999999999,333
0.255,-1.1140625,383
0.255,-1.0421874999999998,364
0.255,-0.9703124999999999,251
0.255,-0.8984375,262
0.255,-0.8265624999999999,188
0.255,-0.7546875,265
0.255,-0.6828125,190
0.255,-0.6109374999999999,197
0.255,-0.5390625,218
0.255,-0.46718749999999987,244
0.255,-0.39531249999999996,403
0.255,-0.32343750000000004,604
0.255,-0.2515624999999999,769
0.255,-0.1796875,1092
0.255,-0.10781250000000009,1289
0.255,-0.03593750000000018,1305
0.255,0.03593750000000018,1285
0.255,0.10781250000000009,1150
0.255,0.1796875,972
0.255,0.2515624999999999,668
0.255,0.3234374999999998,407
0.255,0.3953125000000002,305
0.255,0.4671875000000001,270
0.255,0.5390625,262
0.255,0.6109374999999999,246
0.255,0.6828124999999998,232
0.255,0.7546874999999997,229
0.255,0.8265625000000001,209
0.255,0.8984375,247
0.255,0.9703124999999999,298
0.255,1.0421874999999998,170
0.255,1.1140624999999997,157
0.255,1.1859375,233
0.255,1.2578125,257
0.255,1.3296875,286
0.255,1.4015624999999998,358
0.255,1.4734374999999997,415
0.255,1.5453125,409
0.255,1.6171875,817
0.255,1.6890625,1004
0.255,1.7609374999999998,1030
0.255,1.8328125000000002,1559
0.255,1.9046874999999996,2097
0.255,1.9765625,1827
0.255,2.0484374999999995,346
0.255,2.1203125,0
0.255,2.1921875,0
0.255,2.2640624999999996,0
0.265,-2.2640624999999996,0
0.265,-2.1921874999999997,0
0.265,-2.1203125,0
0.265,-2.0484375,26
0.265,-1.9765624999999998,759
0.265,-1.9046874999999999,1543
0.265,-1.8328124999999997,1637
0.265,-1.7609374999999998,1546
0.265,-1.6890625,1294
0.265,-1.6171875,1122
0.265,-1.5453124999999999,995
0.265,-1.4734374999999997,719
0.265,-1.4015624999999998,536
0.265,-1.3296875,576
0.265,-1.2578125,402
0.265,-1.1859374999999999,377
0.265,-1.1140625,410
0.265,-1.0421874999999998,337
0.265,-0.9703124999999999,241
0.265,-0.8984375,250
0.265,-0.8265624999999999,250
0.265,-0.7546875,338
0.265,-0.6828125,196
0.265,-0.6109374999999999,199
0.265,-0.5390625,209
0.265,-0.46718749999999987,222
0.265,-0.39531249999999996,480
0.265,-0.32343750000000004,584
0.265,-0.2515624999999999,775
0.265,-0.1796875,1042
0.265,-0.10781250000000009,1236
0.265,-0.03593750000000018,1434
0.265,0.03593750000000018,1278
0.265,0.10781250000000009,1161
0.265,0.1796875,869
0.265,0.2515624999999999,662
0.265,0.3234374999999998,447
0.265,0.3953125000000002,342
0.265,0.4671875000000001,277
0.265,0.5390625,260
0.265,0.6109374999999999,289
0.265,0.6828124999999998,226
0.265,0.7546874999999997,265
0.265,0.8265625000000001,254
0.265,0.8984375,253
0.265,0.9703124999999999,371
0.265,1.0421874999999998,229
0.265,1.1140624999999997,210
0.265,1.1859375,301
0.265,1.2578125,363
0.265,1.3296875,402
0.265,1.4015624999999998,488
0.265,1.4734374999999997,566
0.265,1.5453125,529
0.265,1.6171875,889
0.265,1.6890625,1129
0.265,1.7609374999999998,1325
0.265,1.8328125000000002,1959
0.265,1.9046874999999996,2368
0.265,1.9765625,1189
0.265,2.0484374999999995,22
0.265,2.1203125,0
0.265,2.1921875,0
0.265,2.2640624999999996,0
0.275,-2.2640624999999996,0
0.275,-2.1921874999999997,0
0.275,-2.1203125,0
0.275,-2.0484375,0
0.275,-1.9765624999999998,241
0.275,-1.9046874999999999,1438
0.275,-1.8328124999999997,1883
0.275,-1.7609374999999998,1861
0.275,-1.6890625,1620
0.275,-1.6171875,1348
0.275,-1.5453124999999999,1129
0.275,-1.4734374999999997,930
0.275,-1.4015624999999998,629
0.275,-1.3296875,582
0.275,-1.2578125,441
0.275,-1.1859374999999999,462
0.275,-1.1140625,501
0.275,-1.0421874999999998,355
0.275,-0.9703124999999999,277
0.275,-0.8984375,286
0.275,-0.8265624999999999,240
0.275,-0.7546875,306
0.275,-0.6828125,303
0.275,-0.6109374999999999,192
0.275,-0.5390625,216
0.275,-0.46718749999999987,235
0.275,-0.39531249999999996,395
0.275,-0.32343750000000004,570
0.275,-0.2515624999999999,774
0.275,-0.1796875,1048
0.275,-0.10781250000000009,1254
0.275,-0.03593750000000018,1449
0.275,0.03593750000000018,1305
0.275,0.10781250000000009,1202
0.275,0.1796875,920
0.275,0.2515624999999999,760
0.275,0.3234374999999998,470
0.275,0.3953125000000002,298
0.275,0.4671875000000001,268
0.275,0.5390625,285
0.275,0.6109374999999999,350
0.275,0.6828124999999998,226
0.275,0.7546874999999997,274
0.275,0.8265625000000001,288
0.275,0.8984375,245
0.275,0.9703124999999999,354
0.275,1.0421874999999998,254
0.275,1.1140624999999997,240
0.275,1.1859375,322
0.275,1.2578125,372
0.275,1.3296875,513
0.275,1.4015624999999998,632
0.275,1.4734374999999997,701
0.275,1.5453125,651
0.275,1.6171875,1099
0.275,1.6890625,1254
0.275,1.7609374999999998,1627
0.275,1.8328125000000002,2424
0.275,1.9046874999999996,2083
0.275,1.9765625,400
0.275,2.0484374999999995,0
0.275,2.1203125,0
0.275,2.1921875,0
0.275,2.2640624999999996,0
0.285,-2.2640624999999996,0
0.285,-2.1921874999999997,0
0.285,-2.1203125,0
0.285,-2.0484375,0
0.285,-1.9765624999999998,15
0.285,-1.9046874999999999,784
0.285,-1.8328124999999997,2187
0.285,-1.7609374999999998,2310
0.285,-1.6890625,2022
0.285,-1.6171875,1649
0.285,-1.5453124999999999,1349
0.285,-1.4734374999999997,1122
0.285,-1.4015624999999998,692
0.285,-1.3296875,663
0.285,-1.2578125,501
0.285,-1.1859374999999999,533
0.285,-1.1140625,625
0.285,-1.0421874999999998,450
0.285,-0.9703124999999999,318
0.285,-0.8984375,315
0.285,-0.8265624999999999,241
0.285,-0.7546875,338
0.285,-0.6828125,303
0.285,-0.6109374999999999,216
0.285,-0.5390625,227
0.285,-0.46718749999999987,250
0.285,-0.39531249999999996,334
0.285,-0.32343750000000004,517
0.285,-0.2515624999999999,715
0.285,-0.1796875,970
0.285,-0.10781250000000009,1326
0.285,-0.03593750000000018,1527
0.285,0.03593750000000018,1321
0.285,0.10781250000000009,1169
0.285,0.1796875,937
0.285,0.2515624999999999,807
0.285,0.3234374999999998,530
0.285,0.3953125000000002,298
0.285,0.4671875000000001,247
0.285,0.5390625,319
0.285,0.6109374999999999,267
0.285,0.6828124999999998,213
0.285,0.7546874999999997,280
0.285,0.8265625000000001,318
0.285,0.8984375,247
0.285,0.9703124999999999,403
0.285,1.0421874999999998,279
0.285,1.1140624999999997,297
0.285,1.1859375,372
0.285,1.2578125,435
0.285,1.3296875,615
0.285,1.4015624999999998,733
0.285,1.4734374999999997,900
0.285,1.5453125,891
0.285,1.6171875,1222
0.285,1.6890625,1647
0.285,1.7609374999999998,2083
0.285,1.8328125000000002,2767
0.285,1.9046874999999996,1007
0.285,1.9765625,21
0.285,2.0484374999999995,0
0.285,2.1203125,0
0.285,2.1921875,0
0.285,2.2640624999999996,0
0.295,-2.2640624999999996,0
0.295,-2.1921874999999997,0
0.295,-2.1203125,0
0.295,-2.0484375,0
0.295,-1.9765624999999998,0
0.295,-1.9046874999999999,123
0.295,-1.8328124999999997,1575
0.295,-1.7609374999999998,2863
0.295,-1.6890625,2571
0.295,-1.6171875,1947
0.295,-1.5453124999999999,1516
0.295,-1.4734374999999997,1293
0.295,-1.4015624999999998,835
0.295,-1.3296875,830
0.295,-1.2578125,656
0.295,-1.1859374999999999,597
0.295,-1.1140625,706
0.295,-1.0421874999999998,452
0.295,-0.9703124999999999,323
0.295,-0.8984375,319
0.295,-0.8265624999999999,286
0.295,-0.7546875,349
0.295,-0.6828125,352
0.295,-0.6109374999999999,225
0.295,-0.5390625,245
0.295,-0.46718749999999987,238
0.295,-0.39531249999999996,358
0.295,-0.32343750000000004,537
0.295,-0.2515624999999999,643
0.295,-0.1796875,933
0.295,-0.10781250000000009,1346
0.295,-0.03593750000000018,1426
0.295,0.03593750000000018,1336
0.295,0.10781250000000009,1249
0.295,0.1796875,904
0.295,0.2515624999999999,769
0.295,0.3234374999999998,521
0.295,0.3953125000000002,337
0.295,0.4671875000000001,244
0.295,0.5390625,299
0.295,0.6109374999999999,302
0.295,0.6828124999999998,197
0.295,0.7546874999999997,288
0.295,0.8265625000000001,337
0.295,0.8984375,301
0.295,0.9703124999999999,410
0.295,1.0421874999999998,306
0.295,1.1140624999999997,365
0.295,1.1859375,479
0.295,1.2578125,517
0.295,1.3296875,722
0.295,1.4015624999999998,894
0.295,1.4734374999999997,1083
0.295,1.5453125,1139
0.295,1.6171875,1508
0.295,1.6890625,1963
0.295,1.7609374999999998,2435
0.295,1.8328125000000002,1981
0.295,1.9046874999999996,170
0.295,1.9765625,0
0.295,2.0484374999999995,0
0.295,2.1203125,0
0.295,2.1921875,0
0.295,2.2640624999999996,0
0.305,-2.2640624999999996,0
0.305,-2.1921874999999997,0
0.305,-2.1203125,0
0.305,-2.0484375,0
0.305,-1.9765624999999998,0
0.305,-1.9046874999999999,4
0.305,-1.8328124999999997,566
0.305,-1.7609374999999998,2609
0.305,-1.6890625,3109
0.305,-1.6171875,2379
0.305,-1.5453124999999999,1977
0.305,-1.4734374999999997,1616
0.305,-1.4015624999999998,1006
0.305,-1.3296875,981
0.305,-1.2578125,720
0.305,-1.1859374999999999,743
0.305,-1.1140625,677
0.305,-1.0421874999999998,506
0.305,-0.9703124999999999,383
0.305,-0.8984375,325
0.305,-0.8265624999999999,373
0.305,-0.7546875,336
0.305,-0.6828125,374
0.305,-0.6109374999999999,252
0.305,-0.5390625,195
0.305,-0.46718749999999987,276
0.305,-0.39531249999999996,374
0.305,-0.32343750000000004,521
0.305,-0.2515624999999999,662
0.305,-0.1796875,914
0.305,-0.10781250000000009,1309
0.305,-0.03593750000000018,1392
0.305,0.03593750000000018,1259
0.305,0.10781250000000009,1287
0.305,0.1796875,928
0.305,0.2515624999999999,717
0.305,0.3234374999999998,475
0.305,0.3953125000000002,314
0.305,0.4671875000000001,253
0.305,0.5390625,302
0.305,0.6109374999999999,316
0.305,0.6828124999999998,275
0.305,0.7546874999999997,320
0.305,0.8265625000000001,287
0.305,0.8984375,342
0.305,0.9703124999999999,496
0.305,1.0421874999999998,357
0.305,1.1140624999999997,401
0.305,1.1859375,552
0.305,1.2578125,674
0.305,1.3296875,881
0.305,1.4015624999999998,1109
0.305,1.4734374999999997,1285
0.305,1.5453125,1316
0.305,1.6171875,1680
0.305,1.6890625,2370
0.305,1.7609374999999998,2370
0.305,1.8328125000000002,661
0.305,1.9046874999999996,0
0.305,1.9765625,0
0.305,2.0484374999999995,0
0.305,2.1203125,0
0.305,2.1921875,0
0.305,2.2640624999999996,0
0.315,-2.2640624999999996,0
0.315,-2.1921874999999997,0
0.315,-2.1203125,0
0.315,-2.0484375,0
0.315,-1.9765624999999998,0
0.315,-1.9046874999999999,0
0.315,-1.8328124999999997,60
0.315,-1.7609374999999998,1370
0.315,-1.6890625,3613
0.315,-1.6171875,2975
0.315,-1.5453124999999999,2418
0.315,-1.4734374999999997,2010
0.315,-1.4015624999999998,1518
0.315,-1.3296875,1112
0.315,-1.2578125,852
0.315,-1.1859374999999999,880
0.315,-1.1140625,704
0.315,-1.0421874999999998,721
0.315,-0.9703124999999999,378
0.315,-0.8984375,311
0.315,-0.8265624999999999,344
0.315,-0.7546875,423
0.315,-0.6828125,396
0.315,-0.6109374999999999,290
0.315,-0.5390625,242
0.315,-0.46718749999999987,310
0.315,-0.39531249999999996,475
0.315,-0.32343750000000004,479
0.315,-0.2515624999999999,669
0.315,-0.1796875,904
0.315,-0.10781250000000009,1276
0.315,-0.03593750000000018,1292
0.315,0.03593750000000018,1279
0.315,0.10781250000000009,1173
0.315,0.1796875,1112
0.315,0.2515624999999999,832
0.315,0.3234374999999998,530
0.315,0.3953125000000002,354
0.315,0.4671875000000001,320
0.315,0.5390625,334
0.315,0.6109374999999999,343
0.315,0.6828124999999998,259
0.315,0.7546874999999997,284
0.315,0.8265625000000001,348
0.315,0.8984375,364
0.315,0.9703124999999999,576
0.315,1.0421874999999998,434
0.315,1.1140624999999997,561
0.315,1.1859375,665
0.315,1.2578125,732
0.315,1.3296875,1018
0.315,1.4015624999999998,1399
0.315,1.4734374999999997,1666
0.315,1.5453125,1820
0.315,1.6171875,2126
0.315,1.6890625,2780
0.315,1.7609374999999998,1292
0.315,1.8328125000000002,38
0.315,1.9046874999999996,0
0.315,1.9765625,0
0.315,2.0484374999999995,0
0.315,2.1203125,0
0.315,2.1921875,0
0.315,2.2640624999999996,0
0.325,-2.2640624999999996,0
0.325,-2.1921874999999997,0
0.325,-2.1203125,0
0.325,-2.0484375,0
0.325,-1.9765624999999998,0
0.325,-1.9046874999999999,0
0.325,-1.8328124999999997,0
0.325,-1.7609374999999998,281
0.325,-1.6890625,2576
0.325,-1.6171875,3400
0.325,-1.5453124999999999,2836
0.325,-1.4734374999999997,2399
0.325,-1.4015624999999998,1848
0.325,-1.3296875,1206
0.325,-1.2578125,947
0.325,-1.1859374999999999,1020
0.325,-1.1140625,794
0.325,-1.0421874999999998,814
0.325,-0.9703124999999999,502
0.325,-0.8984375,353
0.325,-0.8265624999999999,387
0.325,-0.7546875,494
0.325,-0.6828125,402
0.325,-0.6109374999999999,298
0.325,-0.5390625,333
0.325,-0.46718749999999987,344
0.325,-0.39531249999999996,518
0.325,-0.32343750000000004,484
0.325,-0.2515624999999999,764
0.325,-0.1796875,864
0.325,-0.10781250000000009,1180
0.325,-0.03593750000000018,1255
0.325,0.03593750000000018,1250
0.325,0.10781250000000009,1270
0.325,0.1796875,1257
0.325,0.2515624999999999,803
0.325,0.3234374999999998,505
0.325,0.3953125000000002,380
0.325,0.4671875000000001,349
0.325,0.5390625,323
0.325,0.6109374999999999,291
0.325,0.6828124999999998,322
0.325,0.7546874999999997,282
0.325,0.8265625000000001,372
0.325,0.8984375,357
0.325,0.9703124999999999,456
0.325,1.0421874999999998,535
0.325,1.1140624999999997,718
0.325,1.1859375,752
0.325,1.2578125,955
0.325,1.3296875,1179
0.325,1.4015624999999998,1619
0.325,1.4734374999999997,1958
0.325,1.5453125,2374
0.325,1.6171875,2543
0.325,1.6890625,2137
0.325,1.7609374999999998,239
0.325,1.8328125000000002,0
0.325,1.9046874999999996,0
0.325,1.9765625,0
0.325,2.0484374999999995,0
0.325,2.1203125,0
0.325,2.1921875,0
0.325,2.2640624999999996,0
0.335,-2.2640624999999996,0
0.335,-2.1921874999999997,0
0.335,-2.1203125,0
0.335,-2.0484375,0
0.335,-1.9765624999999998,0
0.335,-1.9046874999999999,0
0.335,-1.8328124999999997,0
0.335,-1.7609374999999998,3
0.335,-1.6890625,965
0.335,-1.6171875,3345
0.335,-1.5453124999999999,3515
0.335,-1.4734374999999997,3091
0.335,-1.4015624999999998,2121
0.335,-1.3296875,1556
0.335,-1.2578125,1193
0.335,-1.1859374999999999,1191
0.335,-1.1140625,973
0.335,-1.0421874999999998,898
0.335,-0.9703124999999999,635
0.335,-0.8984375,448
0.335,-0.8265624999999999,390
0.335,-0.7546875,483
0.335,-0.6828125,503
0.335,-0.6109374999999999,353
0.335,-0.5390625,326
0.335,-0.46718749999999987,404
0.335,-0.39531249999999996,491
0.335,-0.32343750000000004,524
0.335,-0.2515624999999999,701
0.335,-0.1796875,848
0.335,-0.10781250000000009,1033
0.335,-0.03593750000000018,1341
0.335,0.03593750000000018,1251
0.335,0.10781250000000009,1254
0.335,0.1796875,1191
0.335,0.2515624999999999,830
0.335,0.3234374999999998,588
0.335,0.3953125000000002,493
0.335,0.4671875000000001,447
0.335,0.5390625,348
0.335,0.6109374999999999,335
0.335,0.6828124999999998,416
0.335,0.7546874999999997,357
0.335,0.8265625000000001,344
0.335,0.8984375,413
0.335,0.9703124999999999,508
0.335,1.0421874999999998,612
0.335,1.1140624999999997,842
0.335,1.1859375,952
0.335,1.2578125,1037
0.335,1.3296875,1400
0.335,1.4015624999999998,2066
0.335,1.4734374999999997,2388
0.335,1.5453125,2993
0.335,1.6171875,2707
0.335,1.6890625,754
0.335,1.7609374999999998,3
0.335,1.8328125000000002,0
0.335,1.9046874999999996,0
0.335,1.9765625,0
0.335,2.0484374999999995,0
0.335,2.1203125,0
0.335,2.1921875,0
0.335,2.2640624999999996,0
0.345,-2.2640624999999996,0
0.345,-2.1921874999999997,0
0.345,-2.1203125,0
0.345,-2.0484375,0
0.345,-1.9765624999999998,0
0.345,-1.9046874999999999,0
0.345,-1.8328124999999997,0
0.345,-1.7609374999999998,0
0.345,-1.6890625,84
0.345,-1.6171875,1897
0.345,-1.5453124999999999,4170
0.345,-1.4734374999999997,3875
0.345,-1.4015624999999998,2743
0.345,-1.3296875,2032
0.345,-1.2578125,1538
0.345,-1.1859374999999999,1278
0.345,-1.1140625,1091
0.345,-1.0421874999999998,1074
0.345,-0.9703124999999999,768
0.345,-0.8984375,565
0.345,-0.8265624999999999,569
0.345,-0.7546875,533
0.345,-0.6828125,623
0.345,-0.6109374999999999,358
0.345,-0.5390625,420
0.345,-0.46718749999999987,454
0.345,-0.39531249999999996,515
0.345,-0.32343750000000004,580
0.345,-0.2515624999999999,716
0.345,-0.1796875,771
0.345,-0.10781250000000009,1063
0.345,-0.03593750000000018,1367
0.345,0.03593750000000018,1264
0.345,0.10781250000000009,1188
0.345,0.1796875,1118
0.345,0.2515624999999999,729
0.345,0.3234374999999998,639
0.345,0.3953125000000002,486
0.345,0.4671875000000001,442
0.345,0.5390625,377
0.345,0.6109374999999999,362
0.345,0.6828124999999998,453
0.345,0.7546874999999997,413
0.345,0.8265625000000001,438
0.345,0.8984375,460
0.345,0.9703124999999999,630
0.345,1.0421874999999998,786
0.345,1.1140624999999997,909
0.345,1.1859375,1035
0.345,1.2578125,1233
0.345,1.3296875,1674
0.345,1.4015624999999998,2503
0.345,1.4734374999999997,3088
0.345,1.5453125,3310
0.345,1.6171875,1525
0.345,1.6890625,57
0.345,1.7609374999999998,0
0.345,1.8328125000000002,0
0.345,1.9046874999999996,0
0.345,1.9765625,0
0.345,2.0484374999999995,0
0.345,2.1203125,0
0.345,2.1921875,0
0.345,2.2640624999999996,0
0.355,-2.2640624999999996,0
0.355,-2.1921874999999997,0
0.355,-2.1203125,0
0.355,-2.0484375,0
0.355,-1.9765624999999998,0
0.355,-1.9046874999999999,0
0.355,-1.8328124999999997,0
0.355,-1.7609374999999998,0
0.355,-1.6890625,0
0.355,-1.6171875,402
0.355,-1.5453124999999999,3283
0.355,-1.4734374999999997,4707
0.355,-1.4015624999999998,3521
0.355,-1.3296875,2403
0.355,-1.2578125,1783
0.355,-1.1859374999999999,1343
0.355,-1.1140625,1268
0.355,-1.0421874999999998,1057
0.355,-0.9703124999999999,866
0.355,-0.8984375,660
0.355,-0.8265624999999999,575
0.355,-0.7546875,558
0.355,-0.6828125,657
0.355,-0.6109374999999999,418
0.355,-0.5390625,416
0.355,-0.46718749999999987,501
0.355,-0.39531249999999996,639
0.355,-0.32343750000000004,616
0.355,-0.2515624999999999,808
0.355,-0.1796875,845
0.355,-0.10781250000000009,1015
0.355,-0.03593750000000018,1463
0.355,0.03593750000000018,1248
0.355,0.10781250000000009,1239
0.355,0.1796875,1035
0.355,0.2515624999999999,759
0.355,0.3234374999999998,640
0.355,0.3953125000000002,568
0.355,0.4671875000000001,501
0.355,0.5390625,446
0.355,0.6109374999999999,437
0.355,0.6828124999999998,478
0.355,0.7546874999999997,499
0.355,0.8265625000000001,546
0.355,0.8984375,532
0.355,0.9703124999999999,742
0.355,1.0421874999999998,976
0.355,1.1140624999999997,971
0.355,1.1859375,1290
0.355,1.2578125,1620
0.355,1.3296875,1958
0.355,1.4015624999999998,3104
0.355,1.4734374999999997,3623
0.355,1.5453125,2752
0.355,1.6171875,377
0.355,1.6890625,0
0.355,1.7609374999999998,0
0.355,1.8328125000000002,0
0.355,1.9046874999999996,0
0.355,1.9765625,0
0.355,2.0484374999999995,0
0.355,2.1203125,0
0.355,2.1921875,0
0.355,2.2640624999999996,0
0.365,-2.2640624999999996,0
0.365,-2.1921874999999997,0
0.365,-2.1203125,0
0.365,-2.0484375,0
0.365,-1.9765624999999998,0
0.365,-1.9046874999999999,0
0.365,-1.8328124999999997,0
0.365,-1.7609374999999998,0
0.365,-1.6890625,0
0.365,-1.6171875,14
0.365,-1.5453124999999999,1320
0.365,-1.4734374999999997,5080
0.365,-1.4015624999999998,4032
0.365,-1.3296875,2838
0.365,-1.2578125,2250
0.365,-1.1859374999999999,1528
0.365,-1.1140625,1480
0.365,-1.0421874999999998,1190
0.365,-0.9703124999999999,1043
0.365,-0.8984375,819
0.365,-0.8265624999999999,777
0.365,-0.7546875,513
0.365,-0.6828125,691
0.365,-0.6109374999999999,495
0.365,-0.5390625,596
0.365,-0.46718749999999987,507
0.365,-0.39531249999999996,666
0.365,-0.32343750000000004,668
0.365,-0.2515624999999999,788
0.365,-0.1796875,766
0.365,-0.10781250000000009,1005
0.365,-0.03593750000000018,1329
0.365,0.03593750000000018,1207
0.365,0.10781250000000009,1158
0.365,0.1796875,980
0.365,0.2515624999999999,759
0.365,0.3234374999999998,595
0.365,0.3953125000000002,548
0.365,0.4671875000000001,583
0.365,0.5390625,536
0.365,0.6109374999999999,518
0.365,0.6828124999999998,584
0.365,0.7546874999999997,638
0.365,0.8265625000000001,622
0.365,0.8984375,667
0.365,0.9703124999999999,798
0.365,1.0421874999999998,1078
0.365,1.1140624999999997,1180
0.365,1.1859375,1509
0.365,1.2578125,1951
0.365,1.3296875,2316
0.365,1.4015624999999998,3652
0.365,1.4734374999999997,4031
0.365,1.5453125,1093
0.365,1.6171875,5
0.365,1.6890625,0
0.365,1.7609374999999998,0
0.365,1.8328125000000002,0
0.365,1.9046874999999996,0
0.365,1.9765625,0
0.365,2.0484374999999995,0
0.365,2.1203125,0
0.365,2.1921875,0
0.365,2.2640624999999996,0
0.375,-2.2640624999999996,0
0.375,-2.1921874999999997,0
0.375,-2.1203125,0
0.375,-2.0484375,0
0.375,-1.9765624999999998,0
0.375,-1.9046874999999999,0
0.375,-1.8328124999999997,0
0.375,-1.7609374999999998,0
0.375,-1.6890625,0
0.375,-1.6171875,0
0.375,-1.5453124999999999,155
0.375,-1.4734374999999997,3306
0.375,-1.4015624999999998,4967
0.375,-1.3296875,3359
0.375,-1.2578125,2863
0.375,-1.1859374999999999,1934
0.375,-1.1140625,1778
0.375,-1.0421874999999998,1594
0.375,-0.9703124999999999,1276
0.375,-0.8984375,944
0.375,-0.8265624999999999,873
0.375,-0.7546875,601
0.375,-0.6828125,712
0.375,-0.6109374999999999,562
0.375,-0.5390625,631
0.375,-0.46718749999999987,750
0.375,-0.39531249999999996,707
0.375,-0.32343750000000004,758
0.375,-0.2515624999999999,735
0.375,-0.1796875,932
0.375,-0.10781250000000009,983
0.375,-0.03593750000000018,1255
0.375,0.03593750000000018,1290
0.375,0.10781250000000009,1158
0.375,0.1796875,993
0.375,0.2515624999999999,806
0.375,0.3234374999999998,537
0.375,0.3953125000000002,656
0.375,0.4671875000000001,670
0.375,0.5390625,681
0.375,0.6109374999999999,632
0.375,0.6828124999999998,701
0.375,0.7546874999999997,640
0.375,0.8265625000000001,730
0.375,0.8984375,809
0.375,0.9703124999999999,1013
0.375,1.0421874999999998,1184
0.375,1.1140624999999997,1464
0.375,1.1859375,1841
0.375,1.2578125,2396
0.375,1.3296875,2958
0.375,1.4015624999999998,4512
0.375,1.4734374999999997,2549
0.375,1.5453125,162
0.375,1.6171875,0
0.375,1.6890625,0
0.375,1.7609374999999998,0
0.375,1.8328125000000002,0
0.375,1.9046874999999996,0
0.375,1.9765625,0
0.375,2.0484374999999995,0
0.375,2.1203125,0
0.375,2.1921875,0
0.375,2.2640624999999996,0
0.385,-2.2640624999999996,0
0.385,-2.1921874999999997,0
0.385,-2.1203125,0
0.385,-2.0484375,0
0.385,-1.9765624999999998,0
0.385,-1.9046874999999999,0
0.385,-1.8328124999999997,0
0.385,-1.7609374999999998,0
0.385,-1.6890625,0
0.385,-1.6171875,0
0.385,-1.5453124999999999,0
0.385,-1.4734374999999997,1041
0.385,-1.4015624999999998,4881
0.385,-1.3296875,4148
0.385,-1.2578125,3445
0.385,-1.1859374999999999,2473
0.385,-1.1140625,2081
0.385,-1.0421874999999998,1920
0.385,-0.9703124999999999,1454
0.385,-0.8984375,1116
0.385,-0.8265624999999999,983
0.385,-0.7546875,752
0.385,-0.6828125,774
0.385,-0.6109374999999999,659
0.385,-0.5390625,741
0.385,-0.46718749999999987,884
0.385,-0.39531249999999996,762
0.385,-0.32343750000000004,819
0.385,-0.2515624999999999,853
0.385,-0.1796875,921
0.385,-0.10781250000000009,967
0.385,-0.03593750000000018,1276
0.385,0.03593750000000018,1344
0.385,0.10781250000000009,1264
0.385,0.1796875,976
0.385,0.2515624999999999,779
0.385,0.3234374999999998,672
0.385,0.3953125000000002,883
0.385,0.4671875000000001,819
0.385,0.5390625,715
0.385,0.6109374999999999,804
0.385,0.6828124999999998,858
0.385,0.7546874999999997,696
0.385,0.8265625000000001,785
0.385,0.8984375,1071
0.385,0.9703124999999999,1214
0.385,1.0421874999999998,1432
0.385,1.1140624999999997,1753
0.385,1.1859375,2148
0.385,1.2578125,2755
0.385,1.3296875,3576
0.385,1.4015624999999998,4322
0.385,1.4734374999999997,741
0.385,1.5453125,0
0.385,1.6171875,0
0.385,1.6890625,0
0.385,1.7609374999999998,0
0.385,1.8328125000000002,0
0.385,1.9046874999999996,0
0.385,1.9765625,0
0.385,2.0484374999999995,0
0.385,2.1203125,0
0.385,2.1921875,0
0.385,2.2640624999999996,0
0.395,-2.2640624999999996,0
0.395,-2.1921874999999997,0
0.395,-2.1203125,0
0.395,-2.0484375,0
0.395,-1.9765624999999998,0
0.395,-1.9046874999999999,0
0.395,-1.8328124999999997,0
0.395,-1.7609374999999998,0
0.395,-1.6890625,0
0.395,-1.6171875,0
0.395,-1.5453124999999999,0
0.395,-1.4734374999999997,80
0.395,-1.4015624999999998,2893
0.395,-1.3296875,4919
0.395,-1.2578125,4155
0.395,-1.1859374999999999,3057
0.395,-1.1140625,2536
0.395,-1.0421874999999998,2310
0.395,-0.9703124999999999,1897
0.395,-0.8984375,1550
0.395,-0.8265624999999999,1260
0.395,-0.7546875,1026
0.395,-0.6828125,966
0.395,-0.6109374999999999,827
0.395,-0.5390625,809
0.395,-0.46718749999999987,928
0.395,-0.39531249999999996,837
0.395,-0.32343750000000004,903
0.395,-0.2515624999999999,870
0.395,-0.1796875,927
0.395,-0.10781250000000009,1091
0.395,-0.03593750000000018,1204
0.395,0.03593750000000018,1304
0.395,0.10781250000000009,1208
0.395,0.1796875,992
0.395,0.2515624999999999,840
0.395,0.3234374999999998,716
0.395,0.3953125000000002,872
0.395,0.4671875000000001,953
0.395,0.5390625,843
0.395,0.6109374999999999,946
0.395,0.6828124999999998,1041
0.395,0.7546874999999997,855
0.395,0.8265625000000001,1007
0.395,0.8984375,1245
0.395,0.9703124999999999,1358
0.395,1.0421874999999998,1968
0.395,1.1140624999999997,2029
0.395,1.1859375,2366
0.395,1.2578125,3362
0.395,1.3296875,4460
0.395,1.4015624999999998,2592
0.395,1.4734374999999997,57
0.395,1.5453125,0
0.395,1.6171875,0
0.395,1.6890625,0
0.395,1.7609374999999998,0
0.395,1.8328125000000002,0
0.395,1.9046874999999996,0
0.395,1.9765625,0
0.395,2.0484374999999995,0
0.395,2.1203125,0
0.395,2.1921875,0
0.395,2.2640624999999996,0
0.405,-2.2640624999999996,0
0.405,-2.1921874999999997,0
0.405,-2.1203125,0
0.405,-2.0484375,0
0.405,-1.9765624999999998,0
0.405,-1.9046874999999999,0
0.405,-1.8328124999999997,0
0.405,-1.7609374999999998,0
0.405,-1.6890625,0
0.405,-1.6171875,0
0.405,-1.5453124999999999,0
0.405,-1.4734374999999997,0
0.405,-1.4015624999999998,764
0.405,-1.3296875,4553
0.405,-1.2578125,4679
0.405,-1.1859374999999999,3844
0.405,-1.1140625,3018
0.405,-1.0421874999999998,2883
0.405,-0.9703124999999999,2427
0.405,-0.8984375,1859
0.405,-0.8265624999999999,1355
0.405,-0.7546875,1256
0.405,-0.6828125,1058
0.405,-0.6109374999999999,946
0.405,-0.5390625,870
0.405,-0.46718749999999987,1251
0.405,-0.39531249999999996,992
0.405,-0.32343750000000004,841
0.405,-0.2515624999999999,897
0.405,-0.1796875,1077
0.405,-0.10781250000000009,1127
0.405,-0.03593750000000018,1181
0.405,0.03593750000000018,1275
0.405,0.10781250000000009,1381
0.405,0.1796875,1042
0.405,0.2515624999999999,881
0.405,0.3234374999999998,771
0.405,0.3953125000000002,981
0.405,0.4671875000000001,1022
0.405,0.5390625,912
0.405,0.6109374999999999,1082
0.405,0.6828124999999998,1080
0.405,0.7546874999999997,1062
0.405,0.8265625000000001,1218
0.405,0.8984375,1508
0.405,0.9703124999999999,1655
0.405,1.0421874999999998,2378
0.405,1.1140624999999997,2437
0.405,1.1859375,2819
0.405,1.2578125,4041
0.405,1.3296875,4140
0.405,1.4015624999999998,680
0.405,1.4734374999999997,0
0.405,1.5453125,0
0.405,1.6171875,0
0.405,1.6890625,0
0.405,1.7609374999999998,0
0.405,1.8328125000000002,0
0.405,1.9046874999999996,0
0.405,1.9765625,0
0.405,2.0484374999999995,0
0.405,2.1203125,0
0.405,2.1921875,0
0.405,2.2640624999999996,0
0.415,-2.2640624999999996,0
0.415,-2.1921874999999997,0
0.415,-2.1203125,0
0.415,-2.0484375,0
0.415,-1.9765624999999998,0
0.415,-1.9046874999999999,0
0.415,-1.8328124999999997,0
0.415,-1.7609374999999998,0
0.415,-1.6890625,0
0.415,-1.6171875,0
0.415,-1.5453124999999999,0
0.415,-1.4734374999999997,0
0.415,-1.4015624999999998,35
0.415,-1.3296875,2466
0.415,-1.2578125,5401
0.415,-1.1859374999999999,4740
0.415,-1.1140625,3653
0.415,-1.0421874999999998,3415
0.415,-0.9703124999999999,2798
0.415,-0.8984375,2089
0.415,-0.8265624999999999,1572
0.415,-0.7546875,1537
0.415,-0.6828125,1301
0.415,-0.6109374999999999,1177
0.415,-0.5390625,930
0.415,-0.46718749999999987,1279
0.415,-0.39531249999999996,1023
0.415,-0.32343750000000004,856
0.415,-0.2515624999999999,1059
0.415,-0.1796875,1096
0.415,-0.10781250000000009,1099
0.415,-0.03593750000000018,1188
0.415,0.03593750000000018,1315
0.415,0.10781250000000009,1327
0.415,0.1796875,1126
0.415,0.2515624999999999,1029
0.415,0.3234374999999998,929
0.415,0.3953125000000002,1140
0.415,0.4671875000000001,951
0.415,0.5390625,1053
0.415,0.6109374999999999,1339
0.415,0.6828124999999998,1266
0.415,0.7546874999999997,1400
0.415,0.8265625000000001,1492
0.415,0.8984375,1797
0.415,0.9703124999999999,2052
0.415,1.0421874999999998,2727
0.415,1.1140624999999997,2683
0.415,1.1859375,3483
0.415,1.2578125,4669
0.415,1.3296875,2426
0.415,1.4015624999999998,39
0.415,1.4734374999999997,0
0.415,1.5453125,0
0.415,1.6171875,0
0.415,1.6890625,0
0.415,1.7609374999999998,0
0.415,1.8328125000000002,0
0.415,1.9046874999999996,0
0.415,1.9765625,0
0.415,2.0484374999999995,0
0.415,2.1203125,0
0.415,2.1921875,0
0.415,2.2640624999999996,0
0.425,-2.2640624999999996,0
0.425,-2.1921874999999997,0
0.425,-2.1203125,0
0.425,-2.0484375,0
0.425,-1.9765624999999998,0
0.425,-1.9046874999999999,0
0.425,-1.8328124999999997,0
0.425,-1.7609374999999998,0
0.425,-1.6890625,0
0.425,-1.6171875,0
0.425,-1.5453124999999999,0
0.425,-1.4734374999999997,0
0.425,-1.4015624999999998,0
0.425,-1.3296875,606
0.425,-1.2578125,5076
0.425,-1.1859374999999999,6009
0.425,-1.1140625,4391
0.425,-1.0421874999999998,3928
0.425,-0.9703124999999999,3205
0.425,-0.8984375,2334
0.425,-0.8265624999999999,1890
0.425,-0.7546875,1814
0.425,-0.6828125,1459
0.425,-0.6109374999999999,1402
0.425,-0.5390625,1135
0.425,-0.46718749999999987,1289
0.425,-0.39531249999999996,1140
0.425,-0.32343750000000004,1086
0.425,-0.2515624999999999,1031
0.425,-0.1796875,1019
0.425,-0.10781250000000009,1164
0.425,-0.03593750000000018,1299
0.425,0.03593750000000018,1288
0.425,0.10781250000000009,1366
0.425,0.1796875,1124
0.425,0.2515624999999999,1193
0.425,0.3234374999999998,1028
0.425,0.3953125000000002,1304
0.425,0.4671875000000001,1141
0.425,0.5390625,1251
0.425,0.6109374999999999,1562
0.425,0.6828124999999998,1562
0.425,0.7546874999999997,1750
0.425,0.8265625000000001,1810
0.425,0.8984375,2097
0.425,0.9703124999999999,2321
0.425,1.0421874999999998,3162
0.425,1.1140624999999997,3107
0.425,1.1859375,4278
0.425,1.2578125,4357
0.425,1.3296875,582
0.425,1.4015624999999998,0
0.425,1.4734374999999997,0
0.425,1.5453125,0
0.425,1.6171875,0
0.425,1.6890625,0
0.425,1.7609374999999998,0
0.425,1.8328125000000002,0
0.425,1.9046874999999996,0
0.425,1.9765625,0
0.425,2.0484374999999995,0
0.425,2.1203125,0
0.425,2.1921875,0
0.425,2.2640624999999996,0
0.435,-2.2640624999999996,0
0.435,-2.1921874999999997,0
0.435,-2.1203125,0
0.435,-2.0484375,0
0.435,-1.9765624999999998,0
0.435,-1.9046874999999999,0
0.435,-1.8328124999999997,0
0.435,-1.7609374999999998,0
0.435,-1.6890625,0
0.435,-1.6171875,0
0.435,-1.5453124999999999,0
0.435,-1.4734374999999997,0
0.435,-1.4015624999999998,0
0.435,-1.3296875,31
0.435,-1.2578125,3155
0.435,-1.1859374999999999,7049
0.435,-1.1140625,5512
0.435,-1.0421874999999998,4680
0.435,-0.9703124999999999,3602
0.435,-0.8984375,2791
0.435,-0.8265624999999999,2116
0.435,-0.7546875,2026
0.435,-0.6828125,1666
0.435,-0.6109374999999999,1586
0.435,-0.5390625,1389
0.435,-0.46718749999999987,1309
0.435,-0.39531249999999996,1198
0.435,-0.32343750000000004,1286
0.435,-0.2515624999999999,1134
0.435,-0.1796875,1081
0.435,-0.10781250000000009,1264
0.435,-0.03593750000000018,1448
0.435,0.03593750000000018,1293
0.435,0.10781250000000009,1334
0.435,0.1796875,1164
0.435,0.2515624999999999,1192
0.435,0.3234374999999998,1227
0.435,0.3953125000000002,1386
0.435,0.4671875000000001,1346
0.435,0.5390625,1449
0.435,0.6109374999999999,1742
0.435,0.6828124999999998,1971
0.435,0.7546874999999997,2095
0.435,0.8265625000000001,2014
0.435,0.8984375,2468
0.435,0.9703124999999999,2864
0.435,1.0421874999999998,3502
0.435,1.1140624999999997,3603
0.435,1.1859375,5188
0.435,1.2578125,2731
0.435,1.3296875,23
0.435,1.4015624999999998,0
0.435,1.4734374999999997,0
0.435,1.5453125,0
0.435,1.6171875,0
0.435,1.6890625,0
0.435,1.7609374999999998,0
0.435,1.8328125000000002,0
0.435,1.9046874999999996,0
0.435,1.9765625,0
0.435,2.0484374999999995,0
0.435,2.1203125,0
0.435,2.1921875,0
0.435,2.2640624999999996,0
0.445,-2.2640624999999996,0
0.445,-2.1921874999999997,0
0.445,-2.1203125,0
0.445,-2.0484375,0
0.445,-1.9765624999999998,0
0.445,-1.9046874999999999,0
0.445,-1.8328124999999997,0
0.445,-1.7609374999999998,0
0.445,-1.6890625,0
0.445,-1.6171875,0
0.445,-1.5453124999999999,0
0.445,-1.4734374999999997,0
0.445,-1.4015624999999998,0
0.445,-1.3296875,0
0.445,-1.2578125,960
0.445,-1.1859374999999999,7107
0.445,-1.1140625,6668
0.445,-1.0421874999999998,5745
0.445,-0.9703124999999999,4383
0.445,-0.8984375,3400
0.445,-0.8265624999999999,2724
0.445,-0.7546875,2295
0.445,-0.6828125,2147
0.445,-0.6109374999999999,1819
0.445,-0.5390625,1651
0.445,-0.46718749999999987,1478
0.445,-0.39531249999999996,1310
0.445,-0.32343750000000004,1334
0.445,-0.2515624999999999,1154
0.445,-0.1796875,1228
0.445,-0.10781250000000009,1382
0.445,-0.03593750000000018,1503
0.445,0.03593750000000018,1425
0.445,0.10781250000000009,1388
0.445,0.1796875,1349
0.445,0.2515624999999999,1241
0.445,0.3234374999999998,1270
0.445,0.3953125000000002,1473
0.445,0.4671875000000001,1558
0.445,0.5390625,1628
0.445,0.6109374999999999,2167
0.445,0.6828124999999998,2266
0.445,0.7546874999999997,2434
0.445,0.8265625000000001,2434
0.445,0.8984375,2848
0.445,0.9703124999999999,3503
0.445,1.0421874999999998,4213
0.445,1.1140624999999997,4517
0.445,1.1859375,5085
0.445,1.2578125,777
0.445,1.3296875,0
0.445,1.4015624999999998,0
0.445,1.4734374999999997,0
0.445,1.5453125,0
0.445,1.6171875,0
0.445,1.6890625,0
0.445,1.7609374999999998,0
0.445,1.8328125000000002,0
0.445,1.9046874999999996,0
0.445,1.9765625,0
0.445,2.0484374999999995,0
0.445,2.1203125,0
0.445,2.1921875,0
0.445,2.2640624999999996,0
0.455,-2.2640624999999996,0
0.455,-2.1921874999999997,0
0.455,-2.1203125,0
0.455,-2.0484375,0
0.455,-1.9765624999999998,0
0.455,-1.9046874999999999,0
0.455,-1.8328124999999997,0
0.455,-1.7609374999999998,0
0.455,-1.6890625,0
0.455,-1.6171875,0
0.455,-1.5453124999999999,0
0.455,-1.4734374999999997,0
0.455,-1.4015624999999998,0
0.455,-1.3296875,0
0.455,-1.2578125,57
0.455,-1.1859374999999999,4776
0.455,-1.1140625,8097
0.455,-1.0421874999999998,6829
0.455,-0.9703124999999999,5317
0.455,-0.8984375,4033
0.455,-0.8265624999999999,3278
0.455,-0.7546875,2789
0.455,-0.6828125,2453
0.455,-0.6109374999999999,2202
0.455,-0.5390625,1960
0.455,-0.46718749999999987,1574
0.455,-0.39531249999999996,1472
0.455,-0.32343750000000004,1518
0.455,-0.2515624999999999,1326
0.455,-0.1796875,1354
0.455,-0.10781250000000009,1515
0.455,-0.03593750000000018,1608
0.455,0.03593750000000018,1597
0.455,0.10781250000000009,1553
0.455,0.1796875,1506
0.455,0.2515624999999999,1401
0.455,0.3234374999999998,1492
0.455,0.3953125000000002,1807
0.455,0.4671875000000001,1781
0.455,0.5390625,2004
0.455,0.6109374999999999,2451
0.455,0.6828124999999998,2792
0.455,0.7546874999999997,2982
0.455,0.8265625000000001,2935
0.455,0.8984375,3288
0.455,0.9703124999999999,4091
0.455,1.0421874999999998,5166
0.455,1.1140624999999997,5431
0.455,1.1859375,3280
0.455,1.2578125,42
0.455,1.3296875,0
0.455,1.4015624999999998,0
0.455,1.4734374999999997,0
0.455,1.5453125,0
0.455,1.6171875,0
0.455,1.6890625,0
0.455,1.7609374999999998,0
0.455,1.8328125000000002,0
0.455,1.9046874999999996,0
0.455,1.9765625,0
0.455,2.0484374999999995,0
0.455,2.1203125,0
0.455,2.1921875,0
0.455,2.2640624999999996,0
0.465,-2.2640624999999996,0
0.465,-2.1921874999999997,0
0.465,-2.1203125,0
0.465,-2.0484375,0
0.465,-1.9765624999999998,0
0.465,-1.9046874999999999,0
0.465,-1.8328124999999997,0
0.465,-1.7609374999999998,0
0.465,-1.6890625,0
0.465,-1.6171875,0
0.465,-1.5453124999999999,0
0.465,-1.4734374999999997,0
0.465,-1.4015624999999998,0
0.465,-1.3296875,0
0.465,-1.2578125,0
0.465,-1.1859374999999999,1688
0.465,-1.1140625,8874
0.465,-1.0421874999999998,8451
0.465,-0.9703124999999999,6683
0.465,-0.8984375,4721
0.465,-0.8265624999999999,3834
0.465,-0.7546875,3448
0.465,-0.6828125,3081
0.465,-0.6109374999999999,2773
0.465,-0.5390625,2407
0.465,-0.46718749999999987,1945
0.465,-0.39531249999999996,1842
0.465,-0.32343750000000004,1662
0.465,-0.2515624999999999,1472
0.465,-0.1796875,1473
0.465,-0.10781250000000009,1642
0.465,-0.03593750000000018,1753
0.465,0.03593750000000018,1647
0.465,0.10781250000000009,1603
0.465,0.1796875,1648
0.465,0.2515624999999999,1736
0.465,0.3234374999999998,1765
0.465,0.3953125000000002,1991
0.465,0.4671875000000001,2154
0.465,0.5390625,2303
0.465,0.6109374999999999,2818
0.465,0.6828124999999998,3169
0.465,0.7546874999999997,3552
0.465,0.8265625000000001,3541
0.465,0.8984375,4049
0.465,0.9703124999999999,4855
0.465,1.0421874999999998,6112
0.465,1.1140624999999997,5852
0.465,1.1859375,1065
0.465,1.2578125,0
0.465,1.3296875,0
0.465,1.4015624999999998,0
0.465,1.4734374999999997,0
0.465,1.5453125,0
0.465,1.6171875,0
0.465,1.6890625,0
0.465,1.7609374999999998,0
0.465,1.8328125000000002,0
0.465,1.9046874999999996,0
0.465,1.9765625,0
0.465,2.0484374999999995,0
0.465,2.1203125,0
0.465,2.1921875,0
0.465,2.2640624999999996,0
0.475,-2.2640624999999996,0
0.475,-2.1921874999999997,0
0.475,-2.1203125,0
0.475,-2.0484375,0
0.475,-1.9765624999999998,0
0.475,-1.9046874999999999,0
0.475,-1.8328124999999997,0
0.475,-1.7609374999999998,0
0.475,-1.6890625,0
0.475,-1.6171875,0
0.475,-1.5453124999999999,0
0.475,-1.4734374999999997,0
0.475,-1.4015624999999998,0
0.475,-1.3296875,0
0.475,-1.2578125,0
0.475,-1.1859374999999999,181
0.475,-1.1140625,6803
0.475,-1.0421874999999998,10320
0.475,-0.9703124999999999,7831
0.475,-0.8984375,5844
0.475,-0.8265624999999999,4567
0.475,-0.7546875,4232
0.475,-0.6828125,3676
0.475,-0.6109374999999999,3141
0.475,-0.5390625,2883
0.475,-0.46718749999999987,2342
0.475,-0.39531249999999996,2142
0.475,-0.32343750000000004,1885
0.475,-0.2515624999999999,1742
0.475,-0.1796875,1713
0.475,-0.10781250000000009,1937
0.475,-0.03593750000000018,2068
0.475,0.03593750000000018,1868
0.475,0.10781250000000009,1690
0.475,0.1796875,1946
0.475,0.2515624999999999,2013
0.475,0.3234374999999998,1994
0.475,0.3953125000000002,2365
0.475,0.4671875000000001,2615
0.475,0.5390625,2663
0.475,0.6109374999999999,3302
0.475,0.6828124999999998,3896
0.475,0.7546874999999997,4193
0.475,0.8265625000000001,4021
0.475,0.8984375,4986
0.475,0.9703124999999999,5645
0.475,1.0421874999999998,7326
0.475,1.1140624999999997,4676
0.475,1.1859375,109
0.475,1.2578125,0
0.475,1.3296875,0
0.475,1.4015624999999998,0
0.475,1.4734374999999997,0
0.475,1.5453125,0
0.475,1.6171875,0
0.475,1.6890625,0
0.475,1.7609374999999998,0
0.475,1.8328125000000002,0
0.475,1.9046874999999996,0
0.475,1.9765625,0
0.475,2.0484374999999995,0
0.475,2.1203125,0
0.475,2.1921875,0
0.475,2.2640624999999996,0
0.485,-2.2640624999999996,0
0.485,-2.1921874999999997,0
0.485,-2.1203125,0
0.485,-2.0484375,0
0.485,-1.9765624999999998,0
0.485,-1.9046874999999999,0
0.485,-1.8328124999999997,0
0.485,-1.7609374999999998,0
0.485,-1.6890625,0
0.485,-1.6171875,0
0.485,-1.5453124999999999,0
0.485,-1.4734374999999997,0
0.485,-1.4015624999999998,0
0.485,-1.3296875,0
0.485,-1.2578125,0
0.485,-1.1859374999999999,0
0.485,-1.1140625,2850
0.485,-1.0421874999999998,11750
0.485,-0.9703124999999999,9106
0.485,-0.8984375,7117
0.485,-0.8265624999999999,5539
0.485,-0.7546875,5194
0.485,-0.6828125,4428
0.485,-0.6109374999999999,3849
0.485,-0.5390625,3539
0.485,-0.46718749999999987,2826
0.485,-0.39531249999999996,2681
0.485,-0.32343750000000004,2294
0.485,-0.2515624999999999,1963
0.485,-0.1796875,1995
0.485,-0.10781250000000009,2048
0.485,-0.03593750000000018,2094
0.485,0.03593750000000018,1995
0.485,0.10781250000000009,2005
0.485,0.1796875,2167
0.485,0.2515624999999999,2309
0.485,0.3234374999999998,2394
0.485,0.3953125000000002,2776
0.485,0.4671875000000001,3074
0.485,0.5390625,3258
0.485,0.6109374999999999,3782
0.485,0.6828124999999998,4419
0.485,0.7546874999999997,4932
0.485,0.8265625000000001,5053
0.485,0.8984375,6280
0.485,0.9703124999999999,7081
0.485,1.0421874999999998,8110
0.485,1.1140624999999997,2028
0.485,1.1859375,0
0.485,1.2578125,0
0.485,1.3296875,0
0.485,1.4015624999999998,0
0.485,1.4734374999999997,0
0.485,1.5453125,0
0.485,1.6171875,0
0.485,1.6890625,0
0.485,1.7609374999999998,0
0.485,1.8328125000000002,0
0.485,1.9046874999999996,0
0.485,1.9765625,0
0.485,2.0484374999999995,0
0.485,2.1203125,0
0.485,2.1921875,0
0.485,2.2640624999999996,0
0.495,-2.2640624999999996,0
0.495,-2.1921874999999997,0
0.495,-2.1203125,0
0.495,-2.0484375,0
0.495,-1.9765624999999998,0
0.495,-1.9046874999999999,0
0.495,-1.8328124999999997,0
0.495,-1.7609374999999998,0
0.495,-1.6890625,0
0.495,-1.6171875,0
0.495,-1.5453124999999999,0
0.495,-1.4734374999999997,0
0.495,-1.4015624999999998,0
0.495,-1.3296875,0
0.495,-1.2578125,0
0.495,-1.1859374999999999,0
0.495,-1.1140625,486
0.495,-1.0421874999999998,10141
0.495,-0.9703124999999999,10807
0.495,-0.8984375,8582
0.495,-0.8265624999999999,6857
0.495,-0.7546875,6557
0.495,-0.6828125,5252
0.495,-0.6109374999999999,4640
0.495,-0.5390625,4081
0.495,-0.46718749999999987,3242
0.495,-0.39531249999999996,3103
0.495,-0.32343750000000004,2779
0.495,-0.2515624999999999,2283
0.495,-0.1796875,2433
0.495,-0.10781250000000009,2387
0.495,-0.03593750000000018,2368
0.495,0.03593750000000018,2276
0.495,0.10781250000000009,2288
0.495,0.1796875,2682
0.495,0.2515624999999999,2683
0.495,0.3234374999999998,2731
0.495,0.3953125000000002,3265
0.495,0.4671875000000001,3700
0.495,0.5390625,3818
0.495,0.6109374999999999,4733
0.495,0.6828124999999998,5477
0.495,0.7546874999999997,5617
0.495,0.8265625000000001,6018
0.495,0.8984375,7849
0.495,0.9703124999999999,8618
0.495,1.0421874999999998,6901
0.495,1.1140624999999997,350
0.495,1.1859375,0
0.495,1.2578125,0
0.495,1.3296875,0
0.495,1.4015624999999998,0
0.495,1.4734374999999997,0
0.495,1.5453125,0
0.495,1.6171875,0
0.495,1.6890625,0
0.495,1.7609374999999998,0
0.495,1.8328125000000002,0
0.495,1.9046874999999996,0
0.495,1.9765625,0
0.495,2.0484374999999995,0
0.495,2.1203125,0
0.495,2.1921875,0
0.495,2.2640624999999996,0
0.505,-2.2640624999999996,0
0.505,-2.1921874999999997,0
0.505,-2.1203125,0
0.505,-2.0484375,0
0.505,-1.9765624999999998,0
0.505,-1.9046874999999999,0
0.505,-1.8328124999999997,0
0.505,-1.7609374999999998,0
0.505,-1.6890625,0
0.505,-1.6171875,0
0.505,-1.5453124999999999,0
0.505,-1.4734374999999997,0
0.505,-1.4015624999999998,0
0.505,-1.3296875,0
0.505,-1.2578125,0
0.505,-1.1859374999999999,0
0.505,-1.1140625,4
0.505,-1.0421874999999998,5170
0.505,-0.9703124999999999,13065
0.505,-0.8984375,10067
0.505,-0.8265624999999999,8323
0.505,-0.7546875,7808
0.505,-0.6828125,6485
0.505,-0.6109374999999999,5431
0.505,-0.5390625,4868
0.505,-0.46718749999999987,3906
0.505,-0.39531249999999996,3804
0.505,-0.32343750000000004,3187
0.505,-0.2515624999999999,2727
0.505,-0.1796875,2893
0.505,-0.10781250000000009,2601
0.505,-0.03593750000000018,2674
0.505,0.03593750000000018,2487
0.505,0.10781250000000009,2671
0.505,0.1796875,3028
0.505,0.2515624999999999,3152
0.505,0.3234374999999998,3133
0.505,0.3953125000000002,3912
0.505,0.4671875000000001,4429
0.505,0.5390625,4878
0.505,0.6109374999999999,5499
0.505,0.6828124999999998,6359
0.505,0.7546874999999997,6629
0.505,0.8265625000000001,7322
0.505,0.8984375,9250
0.505,0.9703124999999999,10372
0.505,1.0421874999999998,3389
0.505,1.1140624999999997,4
0.505,1.1859375,0
0.505,1.2578125,0
0.505,1.3296875,0
0.505,1.4015624999999998,0
0.505,1.4734374999999997,0
0.505,1.5453125,0
0.505,1.6171875,0
0.505,1.6890625,0
0.505,1.7609374999999998,0
0.505,1.8328125000000002,0
0.505,1.9046874999999996,0
0.505,1.9765625,0
0.505,2.0484374999999995,0
0.505,2.1203125,0
0.505,2.1921875,0
0.505,2.2640624999999996,0
0.515,-2.2640624999999996,0
0.515,-2.1921874999999997,0
0.515,-2.1203125,0
0.515,-2.0484375,0
0.515,-1.9765624999999998,0
0.515,-1.9046874999999999,0
0.515,-1.8328124999999997,0
0.515,-1.7609374999999998,0
0.515,-1.6890625,0
0.515,-1.6171875,0
0.515,-1.5453124999999999,0
0.515,-1.4734374999999997,0
0.515,-1.4015624999999998,0
0.515,-1.3296875,0
0.515,-1.2578125,0
0.515,-1.1859374999999999,0
0.515,-1.1140625,0
0.515,-1.0421874999999998,1098
0.515,-0.9703124999999999,11922
0.515,-0.8984375,12161
0.515,-0.8265624999999999,10166
0.515,-0.7546875,9078
0.515,-0.6828125,8258
0.515,-0.6109374999999999,6658
0.515,-0.5390625,5518
0.515,-0.46718749999999987,4763
0.515,-0.39531249999999996,4354
0.515,-0.32343750000000004,3735
0.515,-0.2515624999999999,3300
0.515,-0.1796875,3343
0.515,-0.10781250000000009,3055
0.515,-0.03593750000000018,2967
0.515,0.03593750000000018,2729
0.515,0.10781250000000009,3118
0.515,0.1796875,3487
0.515,0.2515624999999999,3850
0.515,0.3234374999999998,3746
0.515,0.3953125000000002,4576
0.515,0.4671875000000001,5240
0.515,0.5390625,5665
0.515,0.6109374999999999,6510
0.515,0.6828124999999998,7490
0.515,0.7546874999999997,8036
0.515,0.8265625000000001,9051
0.515,0.8984375,10875
0.515,0.9703124999999999,9675
0.515,1.0421874999999998,770
0.515,1.1140624999999997,0
0.515,1.1859375,0
0.515,1.2578125,0
0.515,1.3296875,0
0.515,1.4015624999999998,0
0.515,1.4734374999999997,0
0.515,1.5453125,0
0.515,1.6171875,0
0.515,1.6890625,0
0.515,1.7609374999999998,0
0.515,1.8328125000000002,0
0.515,1.9046874999999996,0
0.515,1.9765625,0
0.515,2.0484374999999995,0
0.515,2.1203125,0
0.515,2.1921875,0
0.515,2.2640624999999996,0
0.525,-2.2640624999999996,0
0.525,-2.1921874999999997,0
0.525,-2.1203125,0
0.525,-2.0484375,0
0.525,-1.9765624999999998,0
0.525,-1.9046874999999999,0
0.525,-1.8328124999999997,0
0.525,-1.7609374999999998,0
0.525,-1.6890625,0
0.525,-1.6171875,0
0.525,-1.5453124999999999,0
0.525,-1.4734374999999997,0
0.525,-1.4015624999999998,0
0.525,-1.3296875,0
0.525,-1.2578125,0
0.525,-1.1859374999999999,0
0.525,-1.1140625,0
0.525,-1.0421874999999998,34
0.525,-0.9703124999999999,6877
0.525,-0.8984375,14446
0.525,-0.8265624999999999,12391
0.525,-0.7546875,11218
0.525,-0.6828125,9880
0.525,-0.6109374999999999,8014
0.525,-0.5390625,6703
0.525,-0.46718749999999987,5722
0.525,-0.39531249999999996,5104
0.525,-0.32343750000000004,4337
0.525,-0.2515624999999999,3792
0.525,-0.1796875,3779
0.525,-0.10781250000000009,3505
0.525,-0.03593750000000018,3251
0.525,0.03593750000000018,3186
0.525,0.10781250000000009,3533
0.525,0.1796875,4087
0.525,0.2515624999999999,4567
0.525,0.3234374999999998,4583
0.525,0.3953125000000002,5098
0.525,0.4671875000000001,6420
0.525,0.5390625,6967
0.525,0.6109374999999999,7835
0.525,0.6828124999999998,9068
0.525,0.7546874999999997,9837
0.525,0.8265625000000001,10556
0.525,0.8984375,13138
0.525,0.9703124999999999,5342
0.525,1.0421874999999998,23
0.525,1.1140624999999997,0
0.525,1.1859375,0
0.525,1.2578125,0
0.525,1.3296875,0
0.525,1.4015624999999998,0
0.525,1.4734374999999997,0
0.525,1.5453125,0
0.525,1.6171875,0
0.525,1.6890625,0
0.525,1.7609374999999998,0
0.525,1.8328125000000002,0
0.525,1.9046874999999996,0
0.525,1.9765625,0
0.525,2.0484374999999995,0
0.525,2.1203125,0
0.525,2.1921875,0
0.525,2.2640624999999996,0
0.535,-2.2640624999999996,0
0.535,-2.1921874999999997,0
0.535,-2.1203125,0
0.535,-2.0484375,0
0.535,-1.9765624999999998,0
0.535,-1.9046874999999999,0
0.535,-1.8328124999999997,0
0.535,-1.7609374999999998,0
0.535,-1.6890625,0
0.535,-1.6171875,0
0.535,-1.5453124999999999,0
0.535,-1.4734374999999997,0
0.535,-1.4015624999999998,0
0.535,-1.3296875,0
0.535,-1.2578125,0
0.535,-1.1859374999999999,0
0.535,-1.1140625,0
0.535,-1.0421874999999998,0
0.535,-0.9703124999999999,1813
0.535,-0.8984375,13625
0.535,-0.8265624999999999,15234
0.535,-0.7546875,13565
0.535,-0.6828125,11709
0.535,-0.6109374999999999,9560
0.535,-0.5390625,8211
0.535,-0.46718749999999987,6911
0.535,-0.39531249999999996,5827
0.535,-0.32343750000000004,5101
0.535,-0.2515624999999999,4623
0.535,-0.1796875,4353
0.535,-0.10781250000000009,4226
0.535,-0.03593750000000018,3658
0.535,0.03593750000000018,3718
0.535,0.10781250000000009,4202
0.535,0.1796875,4641
0.535,0.2515624999999999,5287
0.535,0.3234374999999998,5443
0.535,0.3953125000000002,6308
0.535,0.4671875000000001,7466
0.535,0.5390625,8121
0.535,0.6109374999999999,9195
0.535,0.6828124999999998,10948
0.535,0.7546874999999997,11736
0.535,0.8265625000000001,12976
0.535,0.8984375,12887
0.535,0.9703124999999999,1446
0.535,1.0421874999999998,0
0.535,1.1140624999999997,0
0.535,1.1859375,0
0.535,1.2578125,0
0.535,1.3296875,0
0.535,1.4015624999999998,0
0.535,1.4734374999999997,0
0.535,1.5453125,0
0.535,1.6171875,0
0.535,1.6890625,0
0.535,1.7609374999999998,0
0.535,1.8328125000000002,0
0.535,1.9046874999999996,0
0.535,1.9765625,0
0.535,2.0484374999999995,0
0.535,2.1203125,0
0.535,2.1921875,0
0.535,2.2640624999999996,0
0.545,-2.2640624999999996,0
0.545,-2.1921874999999997,0
0.545,-2.1203125,0
0.545,-2.0484375,0
0.545,-1.9765624999999998,0
0.545,-1.9046874999999999,0
0.545,-1.8328124999999997,0
0.545,-1.7609374999999998,0
0.545,-1.6890625,0
0.545,-1.6171875,0
0.545,-1.5453124999999999,0
0.545,-1.4734374999999997,0
0.545,-1.4015624999999998,0
0.545,-1.3296875,0
0.545,-1.2578125,0
0.545,-1.1859374999999999,0
0.545,-1.1140625,0
0.545,-1.0421874999999998,0
0.545,-0.9703124999999999,96
0.545,-0.8984375,8080
0.545,-0.8265624999999999,17622
0.545,-0.7546875,15943
0.545,-0.6828125,14039
0.545,-0.6109374999999999,11644
0.545,-0.5390625,9889
0.545,-0.46718749999999987,8325
0.545,-0.39531249999999996,7210
0.545,-0.32343750000000004,6205
0.545,-0.2515624999999999,5530
0.545,-0.1796875,5387
0.545,-0.10781250000000009,4990
0.545,-0.03593750000000018,4251
0.545,0.03593750000000018,4665
0.545,0.10781250000000009,4897
0.545,0.1796875,5650
0.545,0.2515624999999999,6465
0.545,0.3234374999999998,6722
0.545,0.3953125000000002,7621
0.545,0.4671875000000001,8690
0.545,0.5390625,9835
0.545,0.6109374999999999,11493
0.545,0.6828124999999998,13512
0.545,0.7546874999999997,14224
0.545,0.8265625000000001,15470
0.545,0.8984375,7775
0.545,0.9703124999999999,80
0.545,1.0421874999999998,0
0.545,1.1140624999999997,0
0.545,1.1859375,0
0.545,1.2578125,0
0.545,1.3296875,0
0.545,1.4015624999999998,0
0.545,1.4734374999999997,0
0.545,1.5453125,0
0.545,1.6171875,0
0.545,1.6890625,0
0.545,1.7609374999999998,0
0.545,1.8328125000000002,0
0.545,1.9046874999999996,0
0.545,1.9765625,0
0.545,2.0484374999999995,0
0.545,2.1203125,0
0.545,2.1921875,0
0.545,2.2640624999999996,0
0.555,-2.2640624999999996,0
0.555,-2.1921874999999997,0
0.555,-2.1203125,0
0.555,-2.0484375,0
0.555,-1.9765624999999998,0
0.555,-1.9046874999999999,0
0.555,-1.8328124999999997,0
0.555,-1.7609374999999998,0
0.555,-1.6890625,0
0.555,-1.6171875,0
0.555,-1.5453124999999999,0
0.555,-1.4734374999999997,0
0.555,-1.4015624999999998,0
0.555,-1.3296875,0
0.555,-1.2578125,0
0.555,-1.1859374999999999,0
0.555,-1.1140625,0
0.555,-1.0421874999999998,0
0.555,-0.9703124999999999,0
0.555,-0.8984375,2311
0.555,-0.8265624999999999,16630
0.555,-0.7546875,18983
0.555,-0.6828125,16409
0.555,-0.6109374999999999,14290
0.555,-0.5390625,12105
0.555,-0.46718749999999987,9801
0.555,-0.39531249999999996,8846
0.555,-0.32343750000000004,7754
0.555,-0.2515624999999999,6867
0.555,-0.1796875,6470
0.555,-0.10781250000000009,5790
0.555,-0.03593750000000018,5129
0.555,0.03593750000000018,5505
0.555,0.10781250000000009,6021
0.555,0.1796875,6598
0.555,0.2515624999999999,7454
0.555,0.3234374999999998,8111
0.555,0.3953125000000002,9243
0.555,0.4671875000000001,10507
0.555,0.5390625,12198
0.555,0.6109374999999999,14240
0.555,0.6828124999999998,16059
0.555,0.7546874999999997,17366
0.555,0.8265625000000001,14449
0.555,0.8984375,2194
0.555,0.9703124999999999,0
0.555,1.0421874999999998,0
0.555,1.1140624999999997,0
0.555,1.1859375,0
0.555,1.2578125,0
0.555,1.3296875,0
0.555,1.4015624999999998,0
0.555,1.4734374999999997,0
0.555,1.5453125,0
0.555,1.6171875,0
0.555,1.6890625,0
0.555,1.7609374999999998,0
0.555,1.8328125000000002,0
0.555,1.9046874999999996,0
0.555,1.9765625,0
0.555,2.0484374999999995,0
0.555,2.1203125,0
0.555,2.1921875,0
0.555,2.2640624999999996,0
0.565,-2.2640624999999996,0
0.565,-2.1921874999999997,0
0.565,-2.1203125,0
0.565,-2.0484375,0
0.565,-1.9765624999999998,0
0.565,-1.9046874999999999,0
0.565,-1.8328124999999997,0
0.565,-1.7609374999999998,0
0.565,-1.6890625,0
0.565,-1.6171875,0
0.565,-1.5453124999999999,0
0.565,-1.4734374999999997,0
0.565,-1.4015624999999998,0
0.565,-1.3296875,0
0.565,-1.2578125,0
0.565,-1.1859374999999999,0
0.565,-1.1140625,0
0.565,-1.0421874999999998,0
0.565,-0.9703124999999999,0
0.565,-0.8984375,109
0.565,-0.8265624999999999,9416
0.565,-0.7546875,22559
0.565,-0.6828125,20243
0.565,-0.6109374999999999,17312
0.565,-0.5390625,14695
0.565,-0.46718749999999987,12295
0.565,-0.39531249999999996,10531
0.565,-0.32343750000000004,8937
0.565,-0.2515624999999999,8221
0.565,-0.1796875,7444
0.565,-0.10781250000000009,7033
0.565,-0.03593750000000018,6074
0.565,0.03593750000000018,6737
0.565,0.10781250000000009,7207
0.565,0.1796875,7636
0.565,0.2515624999999999,8646
0.565,0.3234374999999998,9949
0.565,0.3953125000000002,11180
0.565,0.4671875000000001,12563
0.565,0.5390625,14802
0.565,0.6109374999999999,17454
0.565,0.6828124999999998,19233
0.565,0.7546874999999997,20232
0.565,0.8265625000000001,7898
0.565,0.8984375,110
0.565,0.9703124999999999,0
0.565,1.0421874999999998,0
0.565,1.1140624999999997,0
0.565,1.1859375,0
0.565,1.2578125,0
0.565,1.3296875,0
0.565,1.4015624999999998,0
0.565,1.4734374999999997,0
0.565,1.5453125,0
0.565,1.6171875,0
0.565,1.6890625,0
0.565,1.7609374999999998,0
0.565,1.8328125000000002,0
0.565,1.9046874999999996,0
0.565,1.9765625,0
0.565,2.0484374999999995,0
0.565,2.1203125,0
0.565,2.1921875,0
0.565,2.2640624999999996,0
0.575,-2.2640624999999996,0
0.575,-2.1921874999999997,0
0.575,-2.1203125,0
0.575,-2.0484375,0
0.575,-1.9765624999999998,0
0.575,-1.9046874999999999,0
0.575,-1.8328124999999997,0
0.575,-1.7609374999999998,0
0.575,-1.6890625,0
0.575,-1.6171875,0
0.575,-1.5453124999999999,0
0.575,-1.4734374999999997,0
0.575,-1.4015624999999998,0
0.575,-1.3296875,0
0.575,-1.2578125,0
0.575,-1.1859374999999999,0
0.575,-1.1140625,0
0.575,-1.0421874999999998,0
0.575,-0.9703124999999999,0
0.575,-0.8984375,0
0.575,-0.8265624999999999,2310
0.575,-0.7546875,19952
0.575,-0.6828125,24938
0.575,-0.6109374999999999,21022
0.575,-0.5390625,17860
0.575,-0.46718749999999987,14840
0.575,-0.39531249999999996,12798
0.575,-0.32343750000000004,10990
0.575,-0.2515624999999999,9641
0.575,-0.1796875,9143
0.575,-0.10781250000000009,8512
0.575,-0.03593750000000018,7051
0.575,0.03593750000000018,8374
0.575,0.10781250000000009,8523
0.575,0.1796875,9241
0.575,0.2515624999999999,10137
0.575,0.3234374999999998,11940
0.575,0.3953125000000002,13040
0.575,0.4671875000000001,14911
0.575,0.5390625,18109
0.575,0.6109374999999999,20881
0.575,0.6828124999999998,23802
0.575,0.7546874999999997,18249
0.575,0.8265625000000001,1844
0.575,0.8984375,0
0.575,0.9703124999999999,0
0.575,1.0421874999999998,0
0.575,1.1140624999999997,0
0.575,1.1859375,0
0.575,1.2578125,0
0.575,1.3296875,0
0.575,1.4015624999999998,0
0.575,1.4734374999999997,0
0.575,1.5453125,0
0.575,1.6171875,0
0.575,1.6890625,0
0.575,1.7609374999999998,0
0.575,1.8328125000000002,0
0.575,1.9046874999999996,0
0.575,1.9765625,0
0.575,2.0484374999999995,0
0.575,2.1203125,0
0.575,2.1921875,0
0.575,2.2640624999999996,0
0.585,-2.2640624999999996,0
0.585,-2.1921874999999997,0
0.585,-2.1203125,0
0.585,-2.0484375,0
0.585,-1.9765624999999998,0
0.585,-1.9046874999999999,0
0.585,-1.8328124999999997,0
0.585,-1.7609374999999998,0
0.585,-1.6890625,0
0.585,-1.6171875,0
0.585,-1.5453124999999999,0
0.585,-1.4734374999999997,0
0.585,-1.4015624999999998,0
0.585,-1.3296875,0
0.585,-1.2578125,0
0.585,-1.1859374999999999,0
0.585,-1.1140625,0
0.585,-1.0421874999999998,0
0.585,-0.9703124999999999,0
0.585,-0.8984375,0
0.585,-0.8265624999999999,64
0.585,-0.7546875,9648
0.585,-0.6828125,28237
0.585,-0.6109374999999999,25138
0.585,-0.5390625,21551
0.585,-0.46718749999999987,18115
0.585,-0.39531249999999996,14971
0.585,-0.32343750000000004,13353
0.585,-0.2515624999999999,11623
0.585,-0.1796875,10973
0.585,-0.10781250000000009,9857
0.585,-0.03593750000000018,8781
0.585,0.03593750000000018,9643
0.585,0.10781250000000009,10099
0.585,0.1796875,11293
0.585,0.2515624999999999,12019
0.585,0.3234374999999998,14405
0.585,0.3953125000000002,15957
0.585,0.4671875000000001,18580
0.585,0.5390625,21671
0.585,0.6109374999999999,25308
0.585,0.6828124999999998,26577
0.585,0.7546874999999997,8425
0.585,0.8265625000000001,59
0.585,0.8984375,0
0.585,0.9703124999999999,0
0.585,1.0421874999999998,0
0.585,1.1140624999999997,0
0.585,1.1859375,0
0.585,1.2578125,0
0.585,1.3296875,0
0.585,1.4015624999999998,0
0.585,1.4734374999999997,0
0.585,1.5453125,0
0.585,1.6171875,0
0.585,1.6890625,0
0.585,1.7609374999999998,0
0.585,1.8328125000000002,0
0.585,1.9046874999999996,0
0.585,1.9765625,0
0.585,2.0484374999999995,0
0.585,2.1203125,0
0.585,2.1921875,0
0.585,2.2640624999999996,0
0.595,-2.2640624999999996,0
0.595,-2.1921874999999997,0
0.595,-2.1203125,0
0.595,-2.0484375,0
0.595,-1.9765624999999998,0
0.595,-1.9046874999999999,0
0.595,-1.8328124999999997,0
0.595,-1.7609374999999998,0
0.595,-1.6890625,0
0.595,-1.6171875,0
0.595,-1.5453124999999999,0
0.595,-1.4734374999999997,0
0.595,-1.4015624999999998,0
0.595,-1.3296875,0
0.595,-1.2578125,0
0.595,-1.1859374999999999,0
0.595,-1.1140625,0
0.595,-1.0421874999999998,0
0.595,-0.9703124999999999,0
0.595,-0.8984375,0
0.595,-0.8265624999999999,0
0.595,-0.7546875,1624
0.595,-0.6828125,20643
0.595,-0.6109374999999999,29795
0.595,-0.5390625,26144
0.595,-0.46718749999999987,21772
0.595,-0.39531249999999996,18244
0.595,-0.32343750000000004,16269
0.595,-0.2515624999999999,14117
0.595,-0.1796875,13071
0.595,-0.10781250000000009,11505
0.595,-0.03593750000000018,10649
0.595,0.03593750000000018,11623
0.595,0.10781250000000009,11875
0.595,0.1796875,13705
0.595,0.2515624999999999,14396
0.595,0.3234374999999998,17155
0.595,0.3953125000000002,19067
0.595,0.4671875000000001,22043
0.595,0.5390625,26143
0.595,0.6109374999999999,29986
0.595,0.6828124999999998,19851
0.595,0.7546874999999997,1438
0.595,0.8265625000000001,0
0.595,0.8984375,0
0.595,0.9703124999999999,0
0.595,1.0421874999999998,0
0.595,1.1140624999999997,0
0.595,1.1859375,0
0.595,1.2578125,0
0.595,1.3296875,0
0.595,1.4015624999999998,0
0.595,1.4734374999999997,0
0.595,1.5453125,0
0.595,1.6171875,0
0.595,1.6890625,0
0.595,1.7609374999999998,0
0.595,1.8328125000000002,0
0.595,1.9046874999999996,0
0.595,1.9765625,0
0.595,2.0484374999999995,0
0.595,2.1203125,0
0.595,2.1921875,0
0.595,2.2640624999999996,0
0.605,-2.2640624999999996,0
0.605,-2.1921874999999997,0
0.605,-2.1203125,0
0.605,-2.0484375,0
0.605,-1.9765624999999998,0
0.605,-1.9046874999999999,0
0.605,-1.8328124999999997,0
0.605,-1.7609374999999998,0
0.605,-1.6890625,0
0.605,-1.6171875,0
0.605,-1.5453124999999999,0
0.605,-1.4734374999999997,0
0.605,-1.4015624999999998,0
0.605,-1.3296875,0
0.605,-1.2578125,0
0.605,-1.1859374999999999,0
0.605,-1.1140625,0
0.605,-1.0421874999999998,0
0.605,-0.9703124999999999,0
0.605,-0.8984375,0
0.605,-0.8265624999999999,0
0.605,-0.7546875,9
0.605,-0.6828125,7015
0.605,-0.6109374999999999,29711
0.605,-0.5390625,31618
0.605,-0.46718749999999987,26424
0.605,-0.39531249999999996,21803
0.605,-0.32343750000000004,19514
0.605,-0.2515624999999999,17110
0.605,-0.1796875,15303
0.605,-0.10781250000000009,13770
0.605,-0.03593750000000018,13074
0.605,0.03593750000000018,13813
0.605,0.10781250000000009,14113
0.605,0.1796875,16295
0.605,0.2515624999999999,17939
0.605,0.3234374999999998,21526
0.605,0.3953125000000002,22911
0.605,0.4671875000000001,26921
0.605,0.5390625,31573
0.605,0.6109374999999999,30386
0.605,0.6828124999999998,6981
0.605,0.7546874999999997,12
0.605,0.8265625000000001,0
0.605,0.8984375,0
0.605,0.9703124999999999,0
0.605,1.0421874999999998,0
0.605,1.1140624999999997,0
0.605,1.1859375,0
0.605,1.2578125,0
0.605,1.3296875,0
0.605,1.4015624999999998,0
0.605,1.4734374999999997,0
0.605,1.5453125,0
0.605,1.6171875,0
0.605,1.6890625,0
0.605,1.7609374999999998,0
0.605,1.8328125000000002,0
0.605,1.9046874999999996,0
0.605,1.9765625,0
0.605,2.0484374999999995,0
0.605,2.1203125,0
0.605,2.1921875,0
0.605,2.2640624999999996,0
0.615,-2.2640624999999996,0
0.615,-2.1921874999999997,0
0.615,-2.1203125,0
0.615,-2.0484375,0
0.615,-1.9765624999999998,0
0.615,-1.9046874999999999,0
0.615,-1.8328124999999997,0
0.615,-1.7609374999999998,0
0.615,-1.6890625,0
0.615,-1.6171875,0
0.615,-1.5453124999999999,0
0.615,-1.4734374999999997,0
0.615,-1.4015624999999998,0
0.615,-1.3296875,0
0.615,-1.2578125,0
0.615,-1.1859374999999999,0
0.615,-1.1140625,0
0.615,-1.0421874999999998,0
0.615,-0.9703124999999999,0
0.615,-0.8984375,0
0.615,-0.8265624999999999,0
0.615,-0.7546875,0
0.615,-0.6828125,666
0.615,-0.6109374999999999,17216
0.615,-0.5390625,36794
0.615,-0.46718749999999987,32159
0.615,-0.39531249999999996,26686
0.615,-0.32343750000000004,23362
0.615,-0.2515624999999999,20599
0.615,-0.1796875,18909
0.615,-0.10781250000000009,16806
0.615,-0.03593750000000018,15652
0.615,0.03593750000000018,16628
0.615,0.10781250000000009,17384
0.615,0.1796875,19297
0.615,0.2515624999999999,21489
0.615,0.3234374999999998,25717
0.615,0.3953125000000002,27898
0.615,0.4671875000000001,32357
0.615,0.5390625,37228
0.615,0.6109374999999999,17537
0.615,0.6828124999999998,632
0.615,0.7546874999999997,0
0.615,0.8265625000000001,0
0.615,0.8984375,0
0.615,0.9703124999999999,0
0.615,1.0421874999999998,0
0.615,1.1140624999999997,0
0.615,1.1859375,0
0.615,1.2578125,0
0.615,1.3296875,0
0.615,1.4015624999999998,0
0.615,1.4734374999999997,0
0.615,1.5453125,0
0.615,1.6171875,0
0.615,1.6890625,0
0.615,1.7609374999999998,0
0.615,1.8328125000000002,0
0.615,1.9046874999999996,0
0.615,1.9765625,0
0.615,2.0484374999999995,0
0.615,2.1203125,0
0.615,2.1921875,0
0.615,2.2640624999999996,0
0.625,-2.2640624999999996,0
0.625,-2.1921874999999997,0
0.625,-2.1203125,0
0.625,-2.0484375,0
0.625,-1.9765624999999998,0
0.625,-1.9046874999999999,0
0.625,-1.8328124999999997,0
0.625,-1.7609374999999998,0
0.625,-1.6890625,0
0.625,-1.6171875,0
0.625,-1.5453124999999999,0
0.625,-1.4734374999999997,0
0.625,-1.4015624999999998,0
0.625,-1.3296875,0
0.625,-1.2578125,0
0.625,-1.1859374999999999,0
0.625,-1.1140625,0
0.625,-1.0421874999999998,0
0.625,-0.9703124999999999,0
0.625,-0.8984375,0
0.625,-0.8265624999999999,0
0.625,-0.7546875,0
0.625,-0.6828125,0
0.625,-0.6109374999999999,3938
0.625,-0.5390625,30265
0.625,-0.46718749999999987,38759
0.625,-0.39531249999999996,32683
0.625,-0.32343750000000004,28056
0.625,-0.2515624999999999,24670
0.625,-0.1796875,23074
0.625,-0.10781250000000009,20477
0.625,-0.03593750000000018,19377
0.625,0.03593750000000018,20117
0.625,0.10781250000000009,20759
0.625,0.1796875,23063
0.625,0.2515624999999999,26105
0.625,0.3234374999999998,31108
0.625,0.3953125000000002,34568
0.625,0.4671875000000001,39358
0.625,0.5390625,30036
0.625,0.6109374999999999,4150
0.625,0.6828124999999998,0
0.625,0.7546874999999997,0
0.625,0.8265625000000001,0
0.625,0.8984375,0
0.625,0.9703124999999999,0
0.625,1.0421874999999998,0
0.625,1.1140624999999997,0
0.625,1.1859375,0
0.625,1.2578125,0
0.625,1.3296875,0
0.625,1.4015624999999998,0
0.625,1.4734374999999997,0
0.625,1.5453125,0
0.625,1.6171875,0
0.625,1.6890625,0
0.625,1.7609374999999998,0
0.625,1.8328125000000002,0
0.625,1.9046874999999996,0
0.625,1.9765625,0
0.625,2.0484374999999995,0
0.625,2.1203125,0
0.625,2.1921875,0
0.625,2.2640624999999996,0
0.635,-2.2640624999999996,0
0.635,-2.1921874999999997,0
0.635,-2.1203125,0
0.635,-2.0484375,0
0.635,-1.9765624999999998,0
0.635,-1.9046874999999999,0
0.635,-1.8328124999999997,0
0.635,-1.7609374999999998,0
0.635,-1.6890625,0
0.635,-1.6171875,0
0.635,-1.5453124999999999,0
0.635,-1.4734374999999997,0
0.635,-1.4015624999999998,0
0.635,-1.3296875,0
0.635,-1.2578125,0
0.635,-1.1859374999999999,0
0.635,-1.1140625,0
0.635,-1.0421874999999998,0
0.635,-0.9703124999999999,0
0.635,-0.8984375,0
0.635,-0.8265624999999999,0
0.635,-0.7546875,0
0.635,-0.6828125,0
0.635,-0.6109374999999999,93
0.635,-0.5390625,12164
0.635,-0.46718749999999987,40798
0.635,-0.39531249999999996,39376
0.635,-0.32343750000000004,34016
0.635,-0.2515624999999999,29922
0.635,-0.1796875,28069
0.635,-0.10781250000000009,24985
0.635,-0.03593750000000018,23786
0.635,0.03593750000000018,24148
0.635,0.10781250000000009,25103
0.635,0.1796875,27962
0.635,0.2515624999999999,32156
0.635,0.3234374999999998,37279
0.635,0.3953125000000002,42884
0.635,0.4671875000000001,40599
0.635,0.5390625,11456
0.635,0.6109374999999999,112
0.635,0.6828124999999998,0
0.635,0.7546874999999997,0
0.635,0.8265625000000001,0
0.635,0.8984375,0
0.635,0.9703124999999999,0
0.635,1.0421874999999998,0
0.635,1.1140624999999997,0
0.635,1.1859375,0
0.635,1.2578125,0
0.635,1.3296875,0
0.635,1.4015624999999998,0
0.635,1.4734374999999997,0
0.635,1.5453125,0
0.635,1.6171875,0
0.635,1.6890625,0
0.635,1.7609374999999998,0
0.635,1.8328125000000002,0
0.635,1.9046874999999996,0
0.635,1.9765625,0
0.635,2.0484374999999995,0
0.635,2.1203125,0
0.635,2.1921875,0
0.635,2.2640624999999996,0
0.645,-2.2640624999999996,0
0.645,-2.1921874999999997,0
0.645,-2.1203125,0
0.645,-2.0484375,0
0.645,-1.9765624999999998,0
0.645,-1.9046874999999999,0
0.645,-1.8328124999999997,0
0.645,-1.7609374999999998,0
0.645,-1.6890625,0
0.645,-1.6171875,0
0.645,-1.5453124999999999,0
0.645,-1.4734374999999997,0
0.645,-1.4015624999999998,0
0.645,-1.3296875,0
0.645,-1.2578125,0
0.645,-1.1859374999999999,0
0.645,-1.1140625,0
0.645,-1.0421874999999998,0
0.645,-0.9703124999999999,0
0.645,-0.8984375,0
0.645,-0.8265624999999999,0
0.645,-0.7546875,0
0.645,-0.6828125,0
0.645,-0.6109374999999999,0
0.645,-0.5390625,1444
0.645,-0.46718749999999987,25555
0.645,-0.39531249999999996,46384
0.645,-0.32343750000000004,41140
0.645,-0.2515624999999999,36483
0.645,-0.1796875,34456
0.645,-0.10781250000000009,30336
0.645,-0.03593750000000018,28689
0.645,0.03593750000000018,29275
0.645,0.10781250000000009,30097
0.645,0.1796875,34141
0.645,0.2515624999999999,39285
0.645,0.3234374999999998,44900
0.645,0.3953125000000002,49290
0.645,0.4671875000000001,25052
0.645,0.5390625,1317
0.645,0.6109374999999999,0
0.645,0.6828124999999998,0
0.645,0.7546874999999997,0
0.645,0.8265625000000001,0
0.645,0.8984375,0
0.645,0.9703124999999999,0
0.645,1.0421874999999998,0
0.645,1.1140624999999997,0
0.645,1.1859375,0
0.645,1.2578125,0
0.645,1.3296875,0
0.645,1.4015624999999998,0
0.645,1.4734374999999997,0
0.645,1.5453125,0
0.645,1.6171875,0
0.645,1.6890625,0
0.645,1.7609374999999998,0
0.645,1.8328125000000002,0
0.645,1.9046874999999996,0
0.645,1.9765625,0
0.645,2.0484374999999995,0
0.645,2.1203125,0
0.645,2.1921875,0
0.645,2.2640624999999996,0
0.655,-2.2640624999999996,0
0.655,-2.1921874999999997,0
0.655,-2.1203125,0
0.655,-2.0484375,0
0.655,-1.9765624999999998,0
0.655,-1.9046874999999999,0
0.655,-1.8328124999999997,0
0.655,-1.7609374999999998,0
0.655,-1.6890625,0
0.655,-1.6171875,0
0.655,-1.5453124999999999,0
0.655,-1.4734374999999997,0
0.655,-1.4015624999999998,0
0.655,-1.3296875,0
0.655,-1.2578125,0
0.655,-1.1859374999999999,0
0.655,-1.1140625,0
0.655,-1.0421874999999998,0
0.655,-0.9703124999999999,0
0.655,-0.8984375,0
0.655,-0.8265624999999999,0
0.655,-0.7546875,0
0.655,-0.6828125,0
0.655,-0.6109374999999999,0
0.655,-0.5390625,0
0.655,-0.46718749999999987,6177
0.655,-0.39531249999999996,39436
0.655,-0.32343750000000004,49443
0.655,-0.2515624999999999,44476
0.655,-0.1796875,41533
0.655,-0.10781250000000009,36976
0.655,-0.03593750000000018,34543
0.655,0.03593750000000018,35615
0.655,0.10781250000000009,36596
0.655,0.1796875,40757
0.655,0.2515624999999999,47030
0.655,0.3234374999999998,54356
0.655,0.3953125000000002,41598
0.655,0.4671875000000001,6274
0.655,0.5390625,0
0.655,0.6109374999999999,0
0.655,0.6828124999999998,0
0.655,0.7546874999999997,0
0.655,0.8265625000000001,0
0.655,0.8984375,0
0.655,0.9703124999999999,0
0.655,1.0421874999999998,0
0.655,1.1140624999999997,0
0.655,1.1859375,0
0.655,1.2578125,0
0.655,1.3296875,0
0.655,1.4015624999999998,0
0.655,1.4734374999999997,0
0.655,1.5453125,0
0.655,1.6171875,0
0.655,1.6890625,0
0.655,1.7609374999999998,0
0.655,1.8328125000000002,0
0.655,1.9046874999999996,0
0.655,1.9765625,0
0.655,2.0484374999999995,0
0.655,2.1203125,0
0.655,2.1921875,0
0.655,2.2640624999999996,0
0.665,-2.2640624999999996,0
0.665,-2.1921874999999997,0
0.665,-2.1203125,0
0.665,-2.0484375,0
0.665,-1.9765624999999998,0
0.665,-1.9046874999999999,0
0.665,-1.8328124999999997,0
0.665,-1.7609374999999998,0
0.665,-1.6890625,0
0.665,-1.6171875,0
0.665,-1.5453124999999999,0
0.665,-1.4734374999999997,0
0.665,-1.4015624999999998,0
0.665,-1.3296875,0
0.665,-1.2578125,0
0.665,-1.1859374999999999,0
0.665,-1.1140625,0
0.665,-1.0421874999999998,0
0.665,-0.9703124999999999,0
0.665,-0.8984375,0
0.665,-0.8265624999999999,0
0.665,-0.7546875,0
0.665,-0.6828125,0
0.665,-0.6109374999999999,0
0.665,-0.5390625,0
0.665,-0.46718749999999987,208
0.665,-0.39531249999999996,16916
0.665,-0.32343750000000004,53532
0.665,-0.2515624999999999,53641
0.665,-0.1796875,50022
0.665,-0.10781250000000009,45516
0.665,-0.03593750000000018,42082
0.665,0.03593750000000018,43312
0.665,0.10781250000000009,44272
0.665,0.1796875,49230
0.665,0.2515624999999999,57987
0.665,0.3234374999999998,58922
0.665,0.3953125000000002,17527
0.665,0.4671875000000001,198
0.665,0.5390625,0
0.665,0.6109374999999999,0
0.665,0.6828124999999998,0
0.665,0.7546874999999997,0
0.665,0.8265625000000001,0
0.665,0.8984375,0
0.665,0.9703124999999999,0
0.665,1.0421874999999998,0
0.665,1.1140624999999997,0
0.665,1.1859375,0
0.665,1.2578125,0
0.665,1.3296875,0
0.665,1.4015624999999998,0
0.665,1.4734374999999997,0
0.665,1.5453125,0
0.665,1.6171875,0
0.665,1.6890625,0
0.665,1.7609374999999998,0
0.665,1.8328125000000002,0
0.665,1.9046874999999996,0
0.665,1.9765625,0
0.665,2.0484374999999995,0
0.665,2.1203125,0
0.665,2.1921875,0
0.665,2.2640624999999996,0
0.675,-2.2640624999999996,0
0.675,-2.1921874999999997,0
0.675,-2.1203125,0
0.675,-2.0484375,0
0.675,-1.9765624999999998,0
0.675,-1.9046874999999999,0
0.675,-1.8328124999999997,0
0.675,-1.7609374999999998,0
0.675,-1.6890625,0
0.675,-1.6171875,0
0.675,-1.5453124999999999,0
0.675,-1.4734374999999997,0
0.675,-1.4015624999999998,0
0.675,-1.3296875,0
0.675,-1.2578125,0
0.675,-1.1859374999999999,0
0.675,-1.1140625,0
0.675,-1.0421874999999998,0
0.675,-0.9703124999999999,0
0.675,-0.8984375,0
0.675,-0.8265624999999999,0
0.675,-0.7546875,0
0.675,-0.6828125,0
0.675,-0.6109374999999999,0
0.675,-0.5390625,0
0.675,-0.46718749999999987,0
0.675,-0.39531249999999996,2281
0.675,-0.32343750000000004,35165
0.675,-0.2515624999999999,64392
0.675,-0.1796875,61173
0.675,-0.10781250000000009,55091
0.675,-0.03593750000000018,51262
0.675,0.03593750000000018,52027
0.675,0.10781250000000009,54560
0.675,0.1796875,60851
0.675,0.2515624999999999,68060
0.675,0.3234374999999998,38939
0.675,0.3953125000000002,2341
0.675,0.4671875000000001,0
0.675,0.5390625,0
0.675,0.6109374999999999,0
0.675,0.6828124999999998,0
0.675,0.7546874999999997,0
0.675,0.8265625000000001,0
0.675,0.8984375,0
0.675,0.9703124999999999,0
0.675,1.0421874999999998,0
0.675,1.1140624999999997,0
0.675,1.1859375,0
0.675,1.2578125,0
0.675,1.3296875,0
0.675,1.4015624999999998,0
0.675,1.4734374999999997,0
0.675,1.5453125,0
0.675,1.6171875,0
0.675,1.6890625,0
0.675,1.7609374999999998,0
0.675,1.8328125000000002,0
0.675,1.9046874999999996,0
0.675,1.9765625,0
0.675,2.0484374999999995,0
0.675,2.1203125,0
0.675,2.1921875,0
0.675,2.2640624999999996,0
0.685,-2.2640624999999996,0
0.685,-2.1921874999999997,0
0.685,-2.1203125,0
0.685,-2.0484375,0
0.685,-1.9765624999999998,0
0.685,-1.9046874999999999,0
0.685,-1.8328124999999997,0
0.685,-1.7609374999999998,0
0.685,-1.6890625,0
0.685,-1.6171875,0
0.685,-1.5453124999999999,0
0.685,-1.4734374999999997,0
0.685,-1.4015624999999998,0
0.685,-1.3296875,0
0.685,-1.2578125,0
0.685,-1.1859374999999999,0
0.685,-1.1140625,0
0.685,-1.0421874999999998,0
0.685,-0.9703124999999999,0
0.685,-0.8984375,0
0.685,-0.8265624999999999,0
0.685,-0.7546875,0
0.685,-0.6828125,0
0.685,-0.6109374999999999,0
0.685,-0.5390625,0
0.685,-0.46718749999999987,0
0.685,-0.39531249999999996,1
0.685,-0.32343750000000004,10265
0.685,-0.2515624999999999,59684
0.685,-0.1796875,73984
0.685,-0.10781250000000009,67512
0.685,-0.03593750000000018,62907
0.685,0.03593750000000018,62636
0.685,0.10781250000000009,66180
0.685,0.1796875,73913
0.685,0.2515624999999999,63689
0.685,0.3234374999999998,11199
0.685,0.3953125000000002,0
0.685,0.4671875000000001,0
0.685,0.5390625,0
0.685,0.6109374999999999,0
0.685,0.6828124999999998,0
0.685,0.7546874999999997,0
0.685,0.8265625000000001,0
0.685,0.8984375,0
0.685,0.9703124999999999,0
0.685,1.0421874999999998,0
0.685,1.1140624999999997,0
0.685,1.1859375,0
0.685,1.2578125,0
0.685,1.3296875,0
0.685,1.4015624999999998,0
0.685,1.4734374999999997,0
0.685,1.5453125,0
0.685,1.6171875,0
0.685,1.6890625,0
0.685,1.7609374999999998,0
0.685,1.8328125000000002,0
0.685,1.9046874999999996,0
0.685,1.9765625,0
0.685,2.0484374999999995,0
0.685,2.1203125,0
0.685,2.1921875,0
0.685,2.2640624999999996,0
0.695,-2.2640624999999996,0
0.695,-2.1921874999999997,0
0.695,-2.1203125,0
0.695,-2.0484375,0
0.695,-1.9765624999999998,0
0.695,-1.9046874999999999,0
0.695,-1.8328124999999997,0
0.695,-1.7609374999999998,0
0.695,-1.6890625,0
0.695,-1.6171875,0
0.695,-1.5453124999999999,0
0.695,-1.4734374999999997,0
0.695,-1.4015624999999998,0
0.695,-1.3296875,0
0.695,-1.2578125,0
0.695,-1.1859374999999999,0
0.695,-1.1140625,0
0.695,-1.0421874999999998,0
0.695,-0.9703124999999999,0
0.695,-0.8984375,0
0.695,-0.8265624999999999,0
0.695,-0.7546875,0
0.695,-0.6828125,0
0.695,-0.6109374999999999,0
0.695,-0.5390625,0
0.695,-0.46718749999999987,0
0.695,-0.39531249999999996,0
0.695,-0.32343750000000004,526
0.695,-0.2515624999999999,30118
0.695,-0.1796875,85040
0.695,-0.10781250000000009,82493
0.695,-0.03593750000000018,76277
0.695,0.03593750000000018,76423
0.695,0.10781250000000009,80601
0.695,0.1796875,84063
0.695,0.2515624999999999,32179
0.695,0.3234374999999998,636
0.695,0.3953125000000002,0
0.695,0.4671875000000001,0
0.695,0.5390625,0
0.695,0.6109374999999999,0
0.695,0.6828124999999998,0
0.695,0.7546874999999997,0
0.695,0.8265625000000001,0
0.695,0.8984375,0
0.695,0.9703124999999999,0
0.695,1.0421874999999998,0
0.695,1.1140624999999997,0
0.695,1.1859375,0
0.695,1.2578125,0
0.695,1.3296875,0
0.695,1.4015624999999998,0
0.695,1.4734374999999997,0
0.695,1.5453125,0
0.695,1.6171875,0
0.695,1.6890625,0
0.695,1.7609374999999998,0
0.695,1.8328125000000002,0
0.695,1.9046874999999996,0
0.695,1.9765625,0
0.695,2.0484374999999995,0
0.695,2.1203125,0
0.695,2.1921875,0
0.695,2.2640624999999996,0
0.705,-2.2640624999999996,0
0.705,-2.1921874999999997,0
0.705,-2.1203125,0
0.705,-2.0484375,0
0.705,-1.9765624999999998,0
0.705,-1.9046874999999999,0
0.705,-1.8328124999999997,0
0.705,-1.7609374999999998,0
0.705,-1.6890625,0
0.705,-1.6171875,0
0.705,-1.5453124999999999,0
0.705,-1.4734374999999997,0
0.705,-1.4015624999999998,0
0.705,-1.3296875,0
0.705,-1.2578125,0
0.705,-1.1859374999999999,0
0.705,-1.1140625,0
0.705,-1.0421874999999998,0
0.705,-0.9703124999999999,0
0.705,-0.8984375,0
0.705,-0.8265624999999999,0
0.705,-0.7546875,0
0.705,-0.6828125,0
0.705,-0.6109374999999999,0
0.705,-0.5390625,0
0.705,-0.46718749999999987,0
0.705,-0.39531249999999996,0
0.705,-0.32343750000000004,0
0.705,-0.2515624999999999,5965
0.705,-0.1796875,71059
0.705,-0.10781250000000009,99880
0.705,-0.03593750000000018,93468
0.705,0.03593750000000018,93307
0.705,0.10781250000000009,96538
0.705,0.1796875,68523
0.705,0.2515624999999999,6191
0.705,0.3234374999999998,0
0.705,0.3953125000000002,0
0.705,0.4671875000000001,0
0.705,0.5390625,0
0.705,0.6109374999999999,0
0.705,0.6828124999999998,0
0.705,0.7546874999999997,0
0.705,0.8265625000000001,0
0.705,0.8984375,0
0.705,0.9703124999999999,0
0.705,1.0421874999999998,0
0.705,1.1140624999999997,0
0.705,1.1859375,0
0.705,1.2578125,0
0.705,1.3296875,0
0.705,1.4015624999999998,0
0.705,1.4734374999999997,0
0.705,1.5453125,0
0.705,1.6171875,0
0.705,1.6890625,0
0.705,1.7609374999999998,0
0.705,1.8328125000000002,0
0.705,1.9046874999999996,0
0.705,1.9765625,0
0.705,2.0484374999999995,0
0.705,2.1203125,0
0.705,2.1921875,0
0.705,2.2640624999999996,0
0.715,-2.2640624999999996,0
0.715,-2.1921874999999997,0
0.715,-2.1203125,0
0.715,-2.0484375,0
0.715,-1.9765624999999998,0
0.715,-1.9046874999999999,0
0.715,-1.8328124999999997,0
0.715,-1.7609374999999998,0
0.715,-1.6890625,0
0.715,-1.6171875,0
0.715,-1.5453124999999999,0
0.715,-1.4734374999999997,0
0.715,-1.4015624999999998,0
0.715,-1.3296875,0
0.715,-1.2578125,0
0.715,-1.1859374999999999,0
0.715,-1.1140625,0
0.715,-1.0421874999999998,0
0.715,-0.9703124999999999,0
0.715,-0.8984375,0
0.715,-0.8265624999999999,0
0.715,-0.7546875,0
0.715,-0.6828125,0
0.715,-0.6109374999999999,0
0.715,-0.5390625,0
0.715,-0.46718749999999987,0
0.715,-0.39531249999999996,0
0.715,-0.32343750000000004,0
0.715,-0.2515624999999999,109
0.715,-0.1796875,31307
0.715,-0.10781250000000009,112429
0.715,-0.03593750000000018,113075
0.715,0.03593750000000018,113049
0.715,0.10781250000000009,109407
0.715,0.1796875,29781
0.715,0.2515624999999999,98
0.715,0.3234374999999998,0
0.715,0.3953125000000002,0
0.715,0.4671875000000001,0
0.715,0.5390625,0
0.715,0.6109374999999999,0
0.715,0.6828124999999998,0
0.715,0.7546874999999997,0
0.715,0.8265625000000001,0
0.715,0.8984375,0
0.715,0.9703124999999999,0
0.715,1.0421874999999998,0
0.715,1.1140624999999997,0
0.715,1.1859375,0
0.715,1.2578125,0
0.715,1.3296875,0
0.715,1.4015624999999998,0
0.715,1.4734374999999997,0
0.715,1.5453125,0
0.715,1.6171875,0
0.715,1.6890625,0
0.715,1.7609374999999998,0
0.715,1.8328125000000002,0
0.715,1.9046874999999996,0
0.715,1.9765625,0
0.715,2.0484374999999995,0
0.715,2.1203125,0
0.715,2.1921875,0
0.715,2.2640624999999996,0
0.725,-2.2640624999999996,0
0.725,-2.1921874999999997,0
0.725,-2.1203125,0
0.725,-2.0484375,0
0.725,-1.9765624999999998,0
0.725,-1.9046874999999999,0
0.725,-1.8328124999999997,0
0.725,-1.7609374999999998,0
0.725,-1.6890625,0
0.725,-1.6171875,0
0.725,-1.5453124999999999,0
0.725,-1.4734374999999997,0
0.725,-1.4015624999999998,0
0.725,-1.3296875,0
0.725,-1.2578125,0
0.725,-1.1859374999999999,0
0.725,-1.1140625,0
0.725,-1.0421874999999998,0
0.725,-0.9703124999999999,0
0.725,-0.8984375,0
0.725,-0.8265624999999999,0
0.725,-0.7546875,0
0.725,-0.6828125,0
0.725,-0.6109374999999999,0
0.725,-0.5390625,0
0.725,-0.46718749999999987,0
0.725,-0.39531249999999996,0
0.725,-0.32343750000000004,0
0.725,-0.2515624999999999,0
0.725,-0.1796875,5332
0.725,-0.10781250000000009,93861
0.725,-0.03593750000000018,137100
0.725,0.03593750000000018,137100
0.725,0.10781250000000009,93829
0.725,0.1796875,4994
0.725,0.2515624999999999,0
0.725,0.3234374999999998,0
0.725,0.3953125000000002,0
0.725,0.4671875000000001,0
0.725,0.5390625,0
0.725,0.6109374999999999,0
0.725,0.6828124999999998,0
0.725,0.7546874999999997,0
0.725,0.8265625000000001,0
0.725,0.8984375,0
0.725,0.9703124999999999,0
0.725,1.0421874999999998,0
0.725,1.1140624999999997,0
0.725,1.1859375,0
0.725,1.2578125,0
0.725,1.3296875,0
0.725,1.4015624999999998,0
0.725,1.4734374999999997,0
0.725,1.5453125,0
0.725,1.6171875,0
0.725,1.6890625,0
0.725,1.7609374999999998,0
0.725,1.8328125000000002,0
0.725,1.9046874999999996,0
0.725,1.9765625,0
0.725,2.0484374999999995,0
0.725,2.1203125,0
0.725,2.1921875,0
0.725,2.2640624999999996,0
0.735,-2.2640624999999996,0
0.735,-2.1921874999999997,0
0.735,-2.1203125,0
0.735,-2.0484375,0
0.735,-1.9765624999999998,0
0.735,-1.9046874999999999,0
0.735,-1.8328124999999997,0
0.735,-1.7609374999999998,0
0.735,-1.6890625,0
0.735,-1.6171875,0
0.735,-1.5453124999999999,0
0.735,-1.4734374999999997,0
0.735,-1.4015624999999998,0
0.735,-1.3296875,0
0.735,-1.2578125,0
0.735,-1.1859374999999999,0
0.735,-1.1140625,0
0.735,-1.0421874999999998,0
0.735,-0.9703124999999999,0
0.735,-0.8984375,0
0.735,-0.8265624999999999,0
0.735,-0.7546875,0
0.735,-0.6828125,0
0.735,-0.6109374999999999,0
0.735,-0.5390625,0
0.735,-0.46718749999999987,0
0.735,-0.39531249999999996,0
0.735,-0.32343750000000004,0
0.735,-0.2515624999999999,0
0.735,-0.1796875,44
0.735,-0.10781250000000009,47454
0.735,-0.03593750000000018,162790
0.735,0.03593750000000018,161998
0.735,0.10781250000000009,48379
0.735,0.1796875,49
0.735,0.2515624999999999,0
0.735,0.3234374999999998,0
0.735,0.3953125000000002,0
0.735,0.4671875000000001,0
0.735,0.5390625,0
0.735,0.6109374999999999,0
0.735,0.6828124999999998,0
0.735,0.7546874999999997,0
0.735,0.8265625000000001,0
0.735,0.8984375,0
0.735,0.9703124999999999,0
0.735,1.0421874999999998,0
0.735,1.1140624999999997,0
0.735,1.1859375,0
0.735,1.2578125,0
0.735,1.3296875,0
0.735,1.4015624999999998,0
0.735,1.4734374999999997,0
0.735,1.5453125,0
0.735,1.6171875,0
0.735,1.6890625,0
0.735,1.7609374999999998,0
0.735,1.8328125000000002,0
0.735,1.9046874999999996,0
0.735,1.9765625,0
0.735,2.0484374999999995,0
0.735,2.1203125,0
0.735,2.1921875,0
0.735,2.2640624999999996,0
0.745,-2.2640624999999996,0
0.745,-2.1921874999999997,0
0.745,-2.1203125,0
0.745,-2.0484375,0
0.745,-1.9765624999999998,0
0.745,-1.9046874999999999,0
0.745,-1.8328124999999997,0
0.745,-1.7609374999999998,0
0.745,-1.6890625,0
0.745,-1.6171875,0
0.745,-1.5453124999999999,0
0.745,-1.4734374999999997,0
0.745,-1.4015624999999998,0
0.745,-1.3296875,0
0.745,-1.2578125,0
0.745,-1.1859374999999999,0
0.745,-1.1140625,0
0.745,-1.0421874999999998,0
0.745,-0.9703124999999999,0
0.745,-0.8984375,0
0.745,-0.8265624999999999,0
0.745,-0.7546875,0
0.745,-0.6828125,0
0.745,-0.6109374999999999,0
0.745,-0.5390625,0
0.745,-0.46718749999999987,0
0.745,-0.39531249999999996,0
0.745,-0.32343750000000004,0
0.745,-0.2515624999999999,0
0.745,-0.1796875,0
0.745,-0.10781250000000009,11625
0.745,-0.03593750000000018,164150
0.745,0.03593750000000018,163266
0.745,0.10781250000000009,11930
0.745,0.1796875,0
0.745,0.2515624999999999,0
0.745,0.3234374999999998,0
0.745,0.3953125000000002,0
0.745,0.4671875000000001,0
0.745,0.5390625,0
0.745,0.6109374999999999,0
0.745,0.6828124999999998,0
0.745,0.7546874999999997,0
0.745,0.8265625000000001,0
0.745,0.8984375,0
0.745,0.9703124999999999,0
0.745,1.0421874999999998,0
0.745,1.1140624999999997,0
0.745,1.1859375,0
0.745,1.2578125,0
0.745,1.3296875,0
0.745,1.4015624999999998,0
0.745,1.4734374999999997,0
0.745,1.5453125,0
0.745,1.6171875,0
0.745,1.6890625,0
0.745,1.7609374999999998,0
0.745,1.8328125000000002,0
0.745,1.9046874999999996,0
0.745,1.9765625,0
0.745,2.0484374999999995,0
0.745,2.1203125,0
0.745,2.1921875,0
0.745,2.2640624999999996,0
0.755,-2.2640624999999996,0
0.755,-2.1921874999999997,0
0.755,-2.1203125,0
0.755,-2.0484375,0
0.755,-1.9765624999999998,0
0.755,-1.9046874999999999,0
0.755,-1.8328124999999997,0
0.755,-1.7609374999999998,0
0.755,-1.6890625,0
0.755,-1.6171875,0
0.755,-1.5453124999999999,0
0.755,-1.4734374999999997,0
0.755,-1.4015624999999998,0
0.755,-1.3296875,0
0.755,-1.2578125,0
0.755,-1.1859374999999999,0
0.755,-1.1140625,0
0.755,-1.0421874999999998,0
0.755,-0.9703124999999999,0
0.755,-0.8984375,0
0.755,-0.8265624999999999,0
0.755,-0.7546875,0
0.755,-0.6828125,0
0.755,-0.6109374999999999,0
0.755,-0.5390625,0
0.755,-0.46718749999999987,0
0.755,-0.39531249999999996,0
0.755,-0.32343750000000004,0
0.755,-0.2515624999999999,0
0.755,-0.1796875,0
0.755,-0.10781250000000009,623
0.755,-0.03593750000000018,133013
0.755,0.03593750000000018,132037
0.755,0.10781250000000009,636
0.755,0.1796875,0
0.755,0.2515624999999999,0
0.755,0.3234374999999998,0
0.755,0.3953125000000002,0
0.755,0.4671875000000001,0
0.755,0.5390625,0
0.755,0.6109374999999999,0
0.755,0.6828124999999998,0
0.755,0.7546874999999997,0
0.755,0.8265625000000001,0
0.755,0.8984375,0
0.755,0.9703124999999999,0
0.755,1.0421874999999998,0
0.755,1.1140624999999997,0
0.755,1.1859375,0
0.755,1.2578125,0
0.755,1.3296875,0
0.755,1.4015624999999998,0
0.755,1.4734374999999997,0
0.755,1.5453125,0
0.755,1.6171875,0
0.755,1.6890625,0
0.755,1.7609374999999998,0
0.755,1.8328125000000002,0
0.755,1.9046874999999996,0
0.755,1.9765625,0
0.755,2.0484374999999995,0
0.755,2.1203125,0
0.755,2.1921875,0
0.755,2.2640624999999996,0
0.765,-2.2640624999999996,0
0.765,-2.1921874999999997,0
0.765,-2.1203125,0
0.765,-2.0484375,0
0.765,-1.9765624999999998,0
0.765,-1.9046874999999999,0
0.765,-1.8328124999999997,0
0.765,-1.7609374999999998,0
0.765,-1.6890625,0
0.765,-1.6171875,0
0.765,-1.5453124999999999,0
0.765,-1.4734374999999997,0
0.765,-1.4015624999999998,0
0.765,-1.3296875,0
0.765,-1.2578125,0
0.765,-1.1859374999999999,0
0.765,-1.1140625,0
0.765,-1.0421874999999998,0
0.765,-0.9703124999999999,0
0.765,-0.8984375,0
0.765,-0.8265624999999999,0
0.765,-0.7546875,0
0.765,-0.6828125,0
0.765,-0.6109374999999999,0
0.765,-0.5390625,0
0.765,-0.46718749999999987,0
0.765,-0.39531249999999996,0
0.765,-0.32343750000000004,0
0.765,-0.2515624999999999,0
0.765,-0.1796875,0
0.765,-0.10781250000000009,0
0.765,-0.03593750000000018,87336
0.765,0.03593750000000018,87576
0.765,0.10781250000000009,1
0.765,0.1796875,0
0.765,0.2515624999999999,0
0.765,0.3234374999999998,0
0.765,0.3953125000000002,0
0.765,0.4671875000000001,0
0.765,0.5390625,0
0.765,0.6109374999999999,0
0.765,0.6828124999999998,0
0.765,0.7546874999999997,0
0.765,0.8265625000000001,0
0.765,0.8984375,0
0.765,0.9703124999999999,0
0.765,1.0421874999999998,0
0.765,1.1140624999999997,0
0.765,1.1859375,0
0.765,1.2578125,0
0.765,1.3296875,0
0.765,1.4015624999999998,0
0.765,1.4734374999999997,0
0.765,1.5453125,0
0.765,1.6171875,0
0.765,1.6890625,0
0.765,1.7609374999999998,0
0.765,1.8328125000000002,0
0.765,1.9046874999999996,0
0.765,1.9765625,0
0.765,2.0484374999999995,0
0.765,2.1203125,0
0.765,2.1921875,0
0.765,2.2640624999999996,0
0.775,-2.2640624999999996,0
0.775,-2.1921874999999997,0
0.775,-2.1203125,0
0.775,-2.0484375,0
0.775,-1.9765624999999998,0
0.775,-1.9046874999999999,0
0.775,-1.8328124999999997,0
0.775,-1.7609374999999998,0
0.775,-1.6890625,0
0.775,-1.6171875,0
0.775,-1.5453124999999999,0
0.775,-1.4734374999999997,0
0.775,-1.4015624999999998,0
0.775,-1.3296875,0
0.775,-1.2578125,0
0.775,-1.1859374999999999,0
0.775,-1.1140625,0
0.775,-1.0421874999999998,0
0.775,-0.9703124999999999,0
0.775,-0.8984375,0
0.775,-0.8265624999999999,0
0.775,-0.7546875,0
0.775,-0.6828125,0
0.775,-0.6109374999999999,0
0.775,-0.5390625,0
0.775,-0.46718749999999987,0
0.775,-0.39531249999999996,0
0.775,-0.32343750000000004,0
0.775,-0.2515624999999999,0
0.775,-0.1796875,0
0.775,-0.10781250000000009,0
0.775,-0.03593750000000018,45064
0.775,0.03593750000000018,45546
0.775,0.10781250000000009,0
0.775,0.1796875,0
0.775,0.2515624999999999,0
0.775,0.3234374999999998,0
0.775,0.3953125000000002,0
0.775,0.4671875000000001,0
0.775,0.5390625,0
0.775,0.6109374999999999,0
0.775,0.6828124999999998,0
0.775,0.7546874999999997,0
0.775,0.8265625000000001,0
0.775,0.8984375,0
0.775,0.9703124999999999,0
0.775,1.0421874999999998,0
0.775,1.1140624999999997,0
0.775,1.1859375,0
0.775,1.2578125,0
0.775,1.3296875,0
0.775,1.4015624999999998,0
0.775,1.4734374999999997,0
0.775,1.5453125,0
0.775,1.6171875,0
0.775,1.6890625,0
0.775,1.7609374999999998,0
0.775,1.8328125000000002,0
0.775,1.9046874999999996,0
0.775,1.9765625,0
0.775,2.0484374999999995,0
0.775,2.1203125,0
0.775,2.1921875,0
0.775,2.2640624999999996,0
0.785,-2.2640624999999996,0
0.785,-2.1921874999999997,0
0.785,-2.1203125,0
0.785,-2.0484375,0
0.785,-1.9765624999999998,0
0.785,-1.9046874999999999,0
0.785,-1.8328124999999997,0
0.785,-1.7609374999999998,0
0.785,-1.6890625,0
0.785,-1.6171875,0
0.785,-1.5453124999999999,0
0.785,-1.4734374999999997,0
0.785,-1.4015624999999998,0
0.785,-1.3296875,0
0.785,-1.2578125,0
0.785,-1.1859374999999999,0
0.785,-1.1140625,0
0.785,-1.0421874999999998,0
0.785,-0.9703124999999999,0
0.785,-0.8984375,0
0.785,-0.8265624999999999,0
0.785,-0.7546875,0
0.785,-0.6828125,0
0.785,-0.6109374999999999,0
0.785,-0.5390625,0
0.785,-0.46718749999999987,0
0.785,-0.39531249999999996,0
0.785,-0.32343750000000004,0
0.785,-0.2515624999999999,0
0.785,-0.1796875,0
0.785,-0.10781250000000009,0
0.785,-0.03593750000000018,15477
0.785,0.03593750000000018,15459
0.785,0.10781250000000009,0
0.785,0.1796875,0
0.785,0.2515624999999999,0
0.785,0.3234374999999998,0
0.785,0.3953125000000002,0
0.785,0.4671875000000001,0
0.785,0.5390625,0
0.785,0.6109374999999999,0
0.785,0.6828124999999998,0
0.785,0.7546874999999997,0
0.785,0.8265625000000001,0
0.785,0.8984375,0
0.785,0.9703124999999999,0
0.785,1.0421874999999998,0
0.785,1.1140624999999997,0
0.785,1.1859375,0
0.785,1.2578125,0
0.785,1.3296875,0
0.785,1.4015624999999998,0
0.785,1.4734374999999997,0
0.785,1.5453125,0
0.785,1.6171875,0
0.785,1.6890625,0
0.785,1.7609374999999998,0
0.785,1.8328125000000002,0
0.785,1.9046874999999996,0
0.785,1.9765625,0
0.785,2.0484374999999995,0
0.785,2.1203125,0
0.785,2.1921875,0
0.785,2.2640624999999996,0
0.795,-2.2640624999999996,0
0.795,-2.1921874999999997,0
0.795,-2.1203125,0
0.795,-2.0484375,0
0.795,-1.9765624999999998,0
0.795,-1.9046874999999999,0
0.795,-1.8328124999999997,0
0.795,-1.7609374999999998,0
0.795,-1.6890625,0
0.795,-1.6171875,0
0.795,-1.5453124999999999,0
0.795,-1.4734374999999997,0
0.795,-1.4015624999999998,0
0.795,-1.3296875,0
0.795,-1.2578125,0
0.795,-1.1859374999999999,0
0.795,-1.1140625,0
0.795,-1.0421874999999998,0
0.795,-0.9703124999999999,0
0.795,-0.8984375,0
0.795,-0.8265624999999999,0
0.795,-0.7546875,0
0.795,-0.6828125,0
0.795,-0.6109374999999999,0
0.795,-0.5390625,0
0.795,-0.46718749999999987,0
0.795,-0.39531249999999996,0
0.795,-0.32343750000000004,0
0.795,-0.2515624999999999,0
0.795,-0.1796875,0
0.795,-0.10781250000000009,0
0.795,-0.03593750000000018,4821
0.795,0.03593750000000018,4634
0.795,0.10781250000000009,0
0.795,0.1796875,0
0.795,0.2515624999999999,0
0.795,0.3234374999999998,0
0.795,0.3953125000000002,0
0.795,0.4671875000000001,0
0.795,0.5390625,0
0.795,0.6109374999999999,0
0.795,0.6828124999999998,0
0.795,0.7546874999999997,0
0.795,0.8265625000000001,0
0.795,0.8984375,0
0.795,0.9703124999999999,0
0.795,1.0421874999999998,0
0.795,1.1140624999999997,0
0.795,1.1859375,0
0.795,1.2578125,0
0.795,1.3296875,0
0.795,1.4015624999999998,0
0.795,1.4734374999999997,0
0.795,1.5453125,0
0.795,1.6171875,0
0.795,1.6890625,0
0.795,1.7609374999999998,0
0.795,1.8328125000000002,0
0.795,1.9046874999999996,0
0.795,1.9765625,0
0.795,2.0484374999999995,0
0.795,2.1203125,0
0.795,2.1921875,0
0.795,2.2640624999999996,0
0.805,-2.2640624999999996,0
0.805,-2.1921874999999997,0
0.805,-2.1203125,0
0.805,-2.0484375,0
0.805,-1.9765624999999998,0
0.805,-1.9046874999999999,0
0.805,-1.8328124999999997,0
0.805,-1.7609374999999998,0
0.805,-1.6890625,0
0.805,-1.6171875,0
0.805,-1.5453124999999999,0
0.805,-1.4734374999999997,0
0.805,-1.4015624999999998,0
0.805,-1.3296875,0
0.805,-1.2578125,0
0.805,-1.1859374999999999,0
0.805,-1.1140625,0
0.805,-1.0421874999999998,0
0.805,-0.9703124999999999,0
0.805,-0.8984375,0
0.805,-0.8265624999999999,0
0.805,-0.7546875,0
0.805,-0.6828125,0
0.805,-0.6109374999999999,0
0.805,-0.5390625,0
0.805,-0.46718749999999987,0
0.805,-0.39531249999999996,0
0.805,-0.32343750000000004,0
0.805,-0.2515624999999999,0
0.805,-0.1796875,0
0.805,-0.10781250000000009,0
0.805,-0.03593750000000018,2197
0.805,0.03593750000000018,2339
0.805,0.10781250000000009,0
0.805,0.1796875,0
0.805,0.2515624999999999,0
0.805,0.3234374999999998,0
0.805,0.3953125000000002,0
0.805,0.4671875000000001,0
0.805,0.5390625,0
0.805,0.6109374999999999,0
0.805,0.6828124999999998,0
0.805,0.7546874999999997,0
0.805,0.8265625000000001,0
0.805,0.8984375,0
0.805,0.9703124999999999,0
0.805,1.0421874999999998,0
0.805,1.1140624999999997,0
0.805,1.1859375,0
0.805,1.2578125,0
0.805,1.3296875,0
0.805,1.4015624999999998,0
0.805,1.4734374999999997,0
0.805,1.5453125,0
0.805,1.6171875,0
0.805,1.6890625,0
0.805,1.7609374999999998,0
0.805,1.8328125000000002,0
0.805,1.9046874999999996,0
0.805,1.9765625,0
0.805,2.0484374999999995,0
0.805,2.1203125,0
0.805,2.1921875,0
0.805,2.2640624999999996,0
0.815,-2.2640624999999996,0
0.815,-2.1921874999999997,0
0.815,-2.1203125,0
0.815,-2.0484375,0
0.815,-1.9765624999999998,0
0.815,-1.9046874999999999,0
0.815,-1.8328124999999997,0
0.815,-1.7609374999999998,0
0.815,-1.6890625,0
0.815,-1.6171875,0
0.815,-1.5453124999999999,0
0.815,-1.4734374999999997,0
0.815,-1.4015624999999998,0
0.815,-1.3296875,0
0.815,-1.2578125,0
0.815,-1.1859374999999999,0
0.815,-1.1140625,0
0.815,-1.0421874999999998,0
0.815,-0.9703124999999999,0
0.815,-0.8984375,0
0.815,-0.8265624999999999,0
0.815,-0.7546875,0
0.815,-0.6828125,0
0.815,-0.6109374999999999,0
0.815,-0.5390625,0
0.815,-0.46718749999999987,0
0.815,-0.39531249999999996,0
0.815,-0.32343750000000004,0
0.815,-0.2515624999999999,0
0.815,-0.1796875,0
0.815,-0.10781250000000009,0
0.815,-0.03593750000000018,1366
0.815,0.03593750000000018,1398
0.815,0.10781250000000009,0
0.815,0.1796875,0
0.815,0.2515624999999999,0
0.815,0.3234374999999998,0
0.815,0.3953125000000002,0
0.815,0.4671875000000001,0
0.815,0.5390625,0
0.815,0.6109374999999999,0
0.815,0.6828124999999998,0
0.815,0.7546874999999997,0
0.815,0.8265625000000001,0
0.815,0.8984375,0
0.815,0.9703124999999999,0
0.815,1.0421874999999998,0
0.815,1.1140624999999997,0
0.815,1.1859375,0
0.815,1.2578125,0
0.815,1.3296875,0
0.815,1.4015624999999998,0
0.815,1.4734374999999997,0
0.815,1.5453125,0
0.815,1.6171875,0
0.815,1.6890625,0
0.815,1.7609374999999998,0
0.815,1.8328125000000002,0
0.815,1.9046874999999996,0
0.815,1.9765625,0
0.815,2.0484374999999995,0
0.815,2.1203125,0
0.815,2.1921875,0
0.815,2.2640624999999996,0
0.825,-2.2640624999999996,0
0.825,-2.1921874999999997,0
0.825,-2.1203125,0
0.825,-2.0484375,0
0.825,-1.9765624999999998,0
0.825,-1.9046874999999999,0
0.825,-1.8328124999999997,0
0.825,-1.7609374999999998,0
0.825,-1.6890625,0
0.825,-1.6171875,0
0.825,-1.5453124999999999,0
0.825,-1.4734374999999997,0
0.825,-1.4015624999999998,0
0.825,-1.3296875,0
0.825,-1.2578125,0
0.825,-1.1859374999999999,0
0.825,-1.1140625,0
0.825,-1.0421874999999998,0
0.825,-0.9703124999999999,0
0.825,-0.8984375,0
0.825,-0.8265624999999999,0
0.825,-0.7546875,0
0.825,-0.6828125,0
0.825,-0.6109374999999999,0
0.825,-0.5390625,0
0.825,-0.46718749999999987,0
0.825,-0.39531249999999996,0
0.825,-0.32343750000000004,0
0.825,-0.2515624999999999,0
0.825,-0.1796875,0
0.825,-0.10781250000000009,0
0.825,-0.03593750000000018,974
0.825,0.03593750000000018,895
0.825,0.10781250000000009,0
0.825,0.1796875,0
0.825,0.2515624999999999,0
0.825,0.3234374999999998,0
0.825,0.3953125000000002,0
0.825,0.4671875000000001,0
0.825,0.5390625,0
0.825,0.6109374999999999,0
0.825,0.6828124999999998,0
0.825,0.7546874999999997,0
0.825,0.8265625000000001,0
0.825,0.8984375,0
0.825,0.9703124999999999,0
0.825,1.0421874999999998,0
0.825,1.1140624999999997,0
0.825,1.1859375,0
0.825,1.2578125,0
0.825,1.3296875,0
0.825,1.4015624999999998,0
0.825,1.4734374999999997,0
0.825,1.5453125,0
0.825,1.6171875,0
0.825,1.6890625,0
0.825,1.7609374999999998,0
0.825,1.8328125000000002,0
0.825,1.9046874999999996,0
0.825,1.9765625,0
0.825,2.0484374999999995,0
0.825,2.1203125,0
0.825,2.1921875,0
0.825,2.2640624999999996,0
0.835,-2.2640624999999996,0
0.835,-2.1921874999999997,0
0.835,-2.1203125,0
0.835,-2.0484375,0
0.835,-1.9765624999999998,0
0.835,-1.9046874999999999,0
0.835,-1.8328124999999997,0
0.835,-1.7609374999999998,0
0.835,-1.6890625,0
0.835,-1.6171875,0
0.835,-1.5453124999999999,0
0.835,-1.4734374999999997,0
0.835,-1.4015624999999998,0
0.835,-1.3296875,0
0.835,-1.2578125,0
0.835,-1.1859374999999999,0
0.835,-1.1140625,0
0.835,-1.0421874999999998,0
0.835,-0.9703124999999999,0
0.835,-0.8984375,0
0.835,-0.8265624999999999,0
0.835,-0.7546875,0
0.835,-0.6828125,0
0.835,-0.6109374999999999,0
0.835,-0.5390625,0
0.835,-0.46718749999999987,0
0.835,-0.39531249999999996,0
0.835,-0.32343750000000004,0
0.835,-0.2515624999999999,0
0.835,-0.1796875,0
0.835,-0.10781250000000009,0
0.835,-0.03593750000000018,1256
0.835,0.03593750000000018,1103
0.835,0.10781250000000009,0
0.835,0.1796875,0
0.835,0.2515624999999999,0
0.835,0.3234374999999998,0
0.835,0.3953125000000002,0
0.835,0.4671875000000001,0
0.835,0.5390625,0
0.835,0.6109374999999999,0
0.835,0.6828124999999998,0
0.835,0.7546874999999997,0
0.835,0.8265625000000001,0
0.835,0.8984375,0
0.835,0.9703124999999999,0
0.835,1.0421874999999998,0
0.835,1.1140624999999997,0
0.835,1.1859375,0
0.835,1.2578125,0
0.835,1.3296875,0
0.835,1.4015624999999998,0
0.835,1.4734374999999997,0
0.835,1.5453125,0
0.835,1.6171875,0
0.835,1.6890625,0
0.835,1.7609374999999998,0
0.835,1.8328125000000002,0
0.835,1.9046874999999996,0
0.835,1.9765625,0
0.835,2.0484374999999995,0
0.835,2.1203125,0
0.835,2.1921875,0
0.835,2.2640624999999996,0
0.845,-2.2640624999999996,0
0.845,-2.1921874999999997,0
0.845,-2.1203125,0
0.845,-2.0484375,0
0.845,-1.9765624999999998,0
0.845,-1.9046874999999999,0
0.845,-1.8328124999999997,0
0.845,-1.7609374999999998,0
0.845,-1.6890625,0
0.845,-1.6171875,0
0.845,-1.5453124999999999,0
0.845,-1.4734374999999997,0
0.845,-1.4015624999999998,0
0.845,-1.3296875,0
0.845,-1.2578125,0
0.845,-1.1859374999999999,0
0.845,-1.1140625,0
0.845,-1.0421874999999998,0
0.845,-0.9703124999999999,0
0.845,-0.8984375,0
0.845,-0.8265624999999999,0
0.845,-0.7546875,0
0.845,-0.6828125,0
0.845,-0.6109374999999999,0
0.845,-0.5390625,0
0.845,-0.46718749999999987,0
0.845,-0.39531249999999996,0
0.845,-0.32343750000000004,0
0.845,-0.2515624999999999,0
0.845,-0.1796875,0
0.845,-0.10781250000000009,0
0.845,-0.03593750000000018,2248
0.845,0.03593750000000018,2247
0.845,0.10781250000000009,0
0.845,0.1796875,0
0.845,0.2515624999999999,0
0.845,0.3234374999999998,0
0.845,0.3953125000000002,0
0.845,0.4671875000000001,0
0.845,0.5390625,0
0.845,0.6109374999999999,0
0.845,0.6828124999999998,0
0.845,0.7546874999999997,0
0.845,0.8265625000000001,0
0.845,0.8984375,0
0.845,0.9703124999999999,0
0.845,1.0421874999999998,0
0.845,1.1140624999999997,0
0.845,1.1859375,0
0.845,1.2578125,0
0.845,1.3296875,0
0.845,1.4015624999999998,0
0.845,1.4734374999999997,0
0.845,1.5453125,0
0.845,1.6171875,0
0.845,1.6890625,0
0.845,1.7609374999999998,0
0.845,1.8328125000000002,0
0.845,1.9046874999999996,0
0.845,1.9765625,0
0.845,2.0484374999999995,0
0.845,2.1203125,0
0.845,2.1921875,0
0.845,2.2640624999999996,0
0.855,-2.2640624999999996,0
0.855,-2.1921874999999997,0
0.855,-2.1203125,0
0.855,-2.0484375,0
0.855,-1.9765624999999998,0
0.855,-1.9046874999999999,0
0.855,-1.8328124999999997,0
0.855,-1.7609374999999998,0
0.855,-1.6890625,0
0.855,-1.6171875,0
0.855,-1.5453124999999999,0
0.855,-1.4734374999999997,0
0.855,-1.4015624999999998,0
0.855,-1.3296875,0
0.855,-1.2578125,0
0.855,-1.1859374999999999,0
0.855,-1.1140625,0
0.855,-1.0421874999999998,0
0.855,-0.9703124999999999,0
0.855,-0.8984375,0
0.855,-0.8265624999999999,0
0.855,-0.7546875,0
0.855,-0.6828125,0
0.855,-0.6109374999999999,0
0.855,-0.5390625,0
0.855,-0.46718749999999987,0
0.855,-0.39531249999999996,0
0.855,-0.32343750000000004,0
0.855,-0.2515624999999999,0
0.855,-0.1796875,0
0.855,-0.10781250000000009,0
0.855,-0.03593750000000018,3615
0.855,0.03593750000000018,3627
0.855,0.10781250000000009,0
0.855,0.1796875,0
0.855,0.2515624999999999,0
0.855,0.3234374999999998,0
0.855,0.3953125000000002,0
0.855,0.4671875000000001,0
0.855,0.5390625,0
0.855,0.6109374999999999,0
0.855,0.6828124999999998,0
0.855,0.7546874999999997,0
0.855,0.8265625000000001,0
0.855,0.8984375,0
0.855,0.9703124999999999,0
0.855,1.0421874999999998,0
0.855,1.1140624999999997,0
0.855,1.1859375,0
0.855,1.2578125,0
0.855,1.3296875,0
0.855,1.4015624999999998,0
0.855,1.4734374999999997,0
0.855,1.5453125,0
0.855,1.6171875,0
0.855,1.6890625,0
0.855,1.7609374999999998,0
0.855,1.8328125000000002,0
0.855,1.9046874999999996,0
0.855,1.9765625,0
0.855,2.0484374999999995,0
0.855,2.1203125,0
0.855,2.1921875,0
0.855,2.2640624999999996,0
0.865,-2.2640624999999996,0
0.865,-2.1921874999999997,0
0.865,-2.1203125,0
0.865,-2.0484375,0
0.865,-1.9765624999999998,0
0.865,-1.9046874999999999,0
0.865,-1.8328124999999997,0
0.865,-1.7609374999999998,0
0.865,-1.6890625,0
0.865,-1.6171875,0
0.865,-1.5453124999999999,0
0.865,-1.4734374999999997,0
0.865,-1.4015624999999998,0
0.865,-1.3296875,0
0.865,-1.2578125,0
0.865,-1.1859374999999999,0
0.865,-1.1140625,0
0.865,-1.0421874999999998,0
0.865,-0.9703124999999999,0
0.865,-0.8984375,0
0.865,-0.8265624999999999,0
0.865,-0.7546875,0
0.865,-0.6828125,0
0.865,-0.6109374999999999,0
0.865,-0.5390625,0
0.865,-0.46718749999999987,0
0.865,-0.39531249999999996,0
0.865,-0.32343750000000004,0
0.865,-0.2515624999999999,0
0.865,-0.1796875,0
0.865,-0.10781250000000009,39
0.865,-0.03593750000000018,4958
0.865,0.03593750000000018,4985
0.865,0.10781250000000009,41
0.865,0.1796875,0
0.865,0.2515624999999999,0
0.865,0.3234374999999998,0
0.865,0.3953125000000002,0
0.865,0.4671875000000001,0
0.865,0.5390625,0
0.865,0.6109374999999999,0
0.865,0.6828124999999998,0
0.865,0.7546874999999997,0
0.865,0.8265625000000001,0
0.865,0.8984375,0
0.865,0.9703124999999999,0
0.865,1.0421874999999998,0
0.865,1.1140624999999997,0
0.865,1.1859375,0
0.865,1.2578125,0
0.865,1.3296875,0
0.865,1.4015624999999998,0
0.865,1.4734374999999997,0
0.865,1.5453125,0
0.865,1.6171875,0
0.865,1.6890625,0
0.865,1.7609374999999998,0
0.865,1.8328125000000002,0
0.865,1.9046874999999996,0
0.865,1.9765625,0
0.865,2.0484374999999995,0
0.865,2.1203125,0
0.865,2.1921875,0
0.865,2.2640624999999996,0
0.875,-2.2640624999999996,0
0.875,-2.1921874999999997,0
0.875,-2.1203125,0
0.875,-2.0484375,0
0.875,-1.9765624999999998,0
0.875,-1.9046874999999999,0
0.875,-1.8328124999999997,0
0.875,-1.7609374999999998,0
0.875,-1.6890625,0
0.875,-1.6171875,0
0.875,-1.5453124999999999,0
0.875,-1.4734374999999997,0
0.875,-1.4015624999999998,0
0.875,-1.3296875,0
0.875,-1.2578125,0
0.875,-1.1859374999999999,0
0.875,-1.1140625,0
0.875,-1.0421874999999998,0
0.875,-0.9703124999999999,0
0.875,-0.8984375,0
0.875,-0.8265624999999999,0
0.875,-0.7546875,0
0.875,-0.6828125,0
0.875,-0.6109374999999999,0
0.875,-0.5390625,0
0.875,-0.46718749999999987,0
0.875,-0.39531249999999996,0
0.875,-0.32343750000000004,0
0.875,-0.2515624999999999,0
0.875,-0.1796875,0
0.875,-0.10781250000000009,353
0.875,-0.03593750000000018,5882
0.875,0.03593750000000018,5561
0.875,0.10781250000000009,338
0.875,0.1796875,0
0.875,0.2515624999999999,0
0.875,0.3234374999999998,0
0.875,0.3953125000000002,0
0.875,0.4671875000000001,0
0.875,0.5390625,0
0.875,0.6109374999999999,0
0.875,0.6828124999999998,0
0.875,0.7546874999999997,0
0.875,0.8265625000000001,0
0.875,0.8984375,0
0.875,0.9703124999999999,0
0.875,1.0421874999999998,0
0.875,1.1140624999999997,0
0.875,1.1859375,0
0.875,1.2578125,0
0.875,1.3296875,0
0.875,1.4015624999999998,0
0.875,1.4734374999999997,0
0.875,1.5453125,0
0.875,1.6171875,0
0.875,1.6890625,0
0.875,1.7609374999999998,0
0.875,1.8328125000000002,0
0.875,1.9046874999999996,0
0.875,1.9765625,0
0.875,2.0484374999999995,0
0.875,2.1203125,0
0.875,2.1921875,0
0.875,2.2640624999999996,0
0.885,-2.2640624999999996,0
0.885,-2.1921874999999997,0
0.885,-2.1203125,0
0.885,-2.0484375,0
0.885,-1.9765624999999998,0
0.885,-1.9046874999999999,0
0.885,-1.8328124999999997,0
0.885,-1.7609374999999998,0
0.885,-1.6890625,0
0.885,-1.6171875,0
0.885,-1.5453124999999999,0
0.885,-1.4734374999999997,0
0.885,-1.4015624999999998,0
0.885,-1.3296875,0
0.885,-1.2578125,0
0.885,-1.1859374999999999,0
0.885,-1.1140625,0
0.885,-1.0421874999999998,0
0.885,-0.9703124999999999,0
0.885,-0.8984375,0
0.885,-0.8265624999999999,0
0.885,-0.7546875,0
0.885,-0.6828125,0
0.885,-0.6109374999999999,0
0.885,-0.5390625,0
0.885,-0.46718749999999987,0
0.885,-0.39531249999999996,0
0.885,-0.32343750000000004,0
0.885,-0.2515624999999999,0
0.885,-0.1796875,19
0.885,-0.10781250000000009,1022
0.885,-0.03593750000000018,5806
0.885,0.03593750000000018,5360
0.885,0.10781250000000009,1009
0.885,0.1796875,21
0.885,0.2515624999999999,0
0.885,0.3234374999999998,0
0.885,0.3953125000000002,0
0.885,0.4671875000000001,0
0.885,0.5390625,0
0.885,0.6109374999999999,0
0.885,0.6828124999999998,0
0.885,0.7546874999999997,0
0.885,0.8265625000000001,0
0.885,0.8984375,0
0.885,0.9703124999999999,0
0.885,1.0421874999999998,0
0.885,1.1140624999999997,0
0.885,1.1859375,0
0.885,1.2578125,0
0.885,1.3296875,0
0.885,1.4015624999999998,0
0.885,1.4734374999999997,0
0.885,1.5453125,0
0.885,1.6171875,0
0.885,1.6890625,0
0.885,1.7609374999999998,0
0.885,1.8328125000000002,0
0.885,1.9046874999999996,0
0.885,1.9765625,0
0.885,2.0484374999999995,0
0.885,2.1203125,0
0.885,2.1921875,0
0.885,2.2640624999999996,0
0.895,-2.2640624999999996,0
0.895,-2.1921874999999997,0
0.895,-2.1203125,0
0.895,-2.0484375,0
0.895,-1.9765624999999998,0
0.895,-1.9046874999999999,0
0.895,-1.8328124999999997,0
0.895,-1.7609374999999998,0
0.895,-1.6890625,0
0.895,-1.6171875,0
0.895,-1.5453124999999999,0
0.895,-1.4734374999999997,0
0.895,-1.4015624999999998,0
0.895,-1.3296875,0
0.895,-1.2578125,0
0.895,-1.1859374999999999,0
0.895,-1.1140625,0
0.895,-1.0421874999999998,0
0.895,-0.9703124999999999,0
0.895,-0.8984375,0
0.895,-0.8265624999999999,0
0.895,-0.7546875,0
0.895,-0.6828125,0
0.895,-0.6109374999999999,0
0.895,-0.5390625,0
0.895,-0.46718749999999987,0
0.895,-0.39531249999999996,0
0.895,-0.32343750000000004,0
0.895,-0.2515624999999999,0
0.895,-0.1796875,152
0.895,-0.10781250000000009,1711
0.895,-0.03593750000000018,5352
0.895,0.03593750000000018,4999
0.895,0.10781250000000009,1529
0.895,0.1796875,166
0.895,0.2515624999999999,0
0.895,0.3234374999999998,0
0.895,0.3953125000000002,0
0.895,0.4671875000000001,0
0.895,0.5390625,0
0.895,0.6109374999999999,0
0.895,0.6828124999999998,0
0.895,0.7546874999999997,0
0.895,0.8265625000000001,0
0.895,0.8984375,0
0.895,0.9703124999999999,0
0.895,1.0421874999999998,0
0.895,1.1140624999999997,0
0.895,1.1859375,0
0.895,1.2578125,0
0.895,1.3296875,0
0.895,1.4015624999999998,0
0.895,1.4734374999999997,0
0.895,1.5453125,0
0.895,1.6171875,0
0.895,1.6890625,0
0.895,1.7609374999999998,0
0.895,1.8328125000000002,0
0.895,1.9046874999999996,0
0.895,1.9765625,0
0.895,2.0484374999999995,0
0.895,2.1203125,0
0.895,2.1921875,0
0.895,2.2640624999999996,0
0.905,-2.2640624999999996,0
0.905,-2.1921874999999997,0
0.905,-2.1203125,0
0.905,-2.0484375,0
0.905,-1.9765624999999998,0
0.905,-1.9046874999999999,0
0.905,-1.8328124999999997,0
0.905,-1.7609374999999998,0
0.905,-1.6890625,0
0.905,-1.6171875,0
0.905,-1.5453124999999999,0
0.905,-1.4734374999999997,0
0.905,-1.4015624999999998,0
0.905,-1.3296875,0
0.905,-1.2578125,0
0.905,-1.1859374999999999,0
0.905,-1.1140625,0
0.905,-1.0421874999999998,0
0.905,-0.9703124999999999,0
0.905,-0.8984375,0
0.905,-0.8265624999999999,0
0.905,-0.7546875,0
0.905,-0.6828125,0
0.905,-0.6109374999999999,0
0.905,-0.5390625,0
0.905,-0.46718749999999987,0
0.905,-0.39531249999999996,0
0.905,-0.32343750000000004,0
0.905,-0.2515624999999999,11
0.905,-0.1796875,518
0.905,-0.10781250000000009,1866
0.905,-0.03593750000000018,5073
0.905,0.03593750000000018,4923
0.905,0.10781250000000009,1843
0.905,0.1796875,395
0.905,0.2515624999999999,24
0.905,0.3234374999999998,0
0.905,0.3953125000000002,0
0.905,0.4671875000000001,0
0.905,0.5390625,0
0.905,0.6109374999999999,0
0.905,0.6828124999999998,0
0.905,0.7546874999999997,0
0.905,0.8265625000000001,0
0.905,0.8984375,0
0.905,0.9703124999999999,0
0.905,1.0421874999999998,0
0.905,1.1140624999999997,0
0.905,1.1859375,0
0.905,1.2578125,0
0.905,1.3296875,0
0.905,1.4015624999999998,0
0.905,1.4734374999999997,0
0.905,1.5453125,0
0.905,1.6171875,0
0.905,1.6890625,0
0.905,1.7609374999999998,0
0.905,1.8328125000000002,0
0.905,1.9046874999999996,0
0.905,1.9765625,0
0.905,2.0484374999999995,0
0.905,2.1203125,0
0.905,2.1921875,0
0.905,2.2640624999999996,0
0.915,-2.2640624999999996,0
0.915,-2.1921874999999997,0
0.915,-2.1203125,0
0.915,-2.0484375,0
0.915,-1.9765624999999998,0
0.915,-1.9046874999999999,0
0.915,-1.8328124999999997,0
0.915,-1.7609374999999998,0
0.915,-1.6890625,0
0.915,-1.6171875,0
0.915,-1.5453124999999999,0
0.915,-1.4734374999999997,0
0.915,-1.4015624999999998,0
0.915,-1.3296875,0
0.915,-1.2578125,0
0.915,-1.1859374999999999,0
0.915,-1.1140625,0
0.915,-1.0421874999999998,0
0.915,-0.9703124999999999,0
0.915,-0.8984375,0
0.915,-0.8265624999999999,0
0.915,-0.7546875,0
0.915,-0.6828125,0
0.915,-0.6109374999999999,0
0.915,-0.5390625,0
0.915,-0.46718749999999987,0
0.915,-0.39531249999999996,0
0.915,-0.32343750000000004,3
0.915,-0.2515624999999999,95
0.915,-0.1796875,698
0.915,-0.10781250000000009,2003
0.915,-0.03593750000000018,4894
0.915,0.03593750000000018,4754
0.915,0.10781250000000009,2042
0.915,0.1796875,583
0.915,0.2515624999999999,131
0.915,0.3234374999999998,22
0.915,0.3953125000000002,0
0.915,0.4671875000000001,0
0.915,0.5390625,0
0.915,0.6109374999999999,0
0.915,0.6828124999999998,0
0.915,0.7546874999999997,0
0.915,0.8265625000000001,0
0.915,0.8984375,0
0.915,0.9703124999999999,0
0.915,1.0421874999999998,0
0.915,1.1140624999999997,0
0.915,1.1859375,0
0.915,1.2578125,0
0.915,1.3296875,0
0.915,1.4015624999999998,0
0.915,1.4734374999999997,0
0.915,1.5453125,0
0.915,1.6171875,0
0.915,1.6890625,0
0.915,1.7609374999999998,0
0.915,1.8328125000000002,0
0.915,1.9046874999999996,0
0.915,1.9765625,0
0.915,2.0484374999999995,0
0.915,2.1203125,0
0.915,2.1921875,0
0.915,2.2640624999999996,0
0.925,-2.2640624999999996,0
0.925,-2.1921874999999997,0
0.925,-2.1203125,0
0.925,-2.0484375,0
0.925,-1.9765624999999998,0
0.925,-1.9046874999999999,0
0.925,-1.8328124999999997,0
0.925,-1.7609374999999998,0
0.925,-1.6890625,0
0.925,-1.6171875,0
0.925,-1.5453124999999999,0
0.925,-1.4734374999999997,0
0.925,-1.4015624999999998,0
0.925,-1.3296875,0
0.925,-1.2578125,0
0.925,-1.1859374999999999,0
0.925,-1.1140625,0
0.925,-1.0421874999999998,0
0.925,-0.9703124999999999,0
0.925,-0.8984375,0
0.925,-0.8265624999999999,0
0.925,-0.7546875,0
0.925,-0.6828125,0
0.925,-0.6109374999999999,0
0.925,-0.5390625,0
0.925,-0.46718749999999987,0
0.925,-0.39531249999999996,6
0.925,-0.32343750000000004,35
0.925,-0.2515624999999999,219
0.925,-0.1796875,743
0.925,-0.10781250000000009,1929
0.925,-0.03593750000000018,4684
0.925,0.03593750000000018,4672
0.925,0.10781250000000009,2034
0.925,0.1796875,606
0.925,0.2515624999999999,326
0.925,0.3234374999999998,147
0.925,0.3953125000000002,13
0.925,0.4671875000000001,0
0.925,0.5390625,0
0.925,0.6109374999999999,0
0.925,0.6828124999999998,0
0.925,0.7546874999999997,0
0.925,0.8265625000000001,0
0.925,0.8984375,0
0.925,0.9703124999999999,0
0.925,1.0421874999999998,0
0.925,1.1140624999999997,0
0.925,1.1859375,0
0.925,1.2578125,0
0.925,1.3296875,0
0.925,1.4015624999999998,0
0.925,1.4734374999999997,0
0.925,1.5453125,0
0.925,1.6171875,0
0.925,1.6890625,0
0.925,1.7609374999999998,0
0.925,1.8328125000000002,0
0.925,1.9046874999999996,0
0.925,1.9765625,0
0.925,2.0484374999999995,0
0.925,2.1203125,0
0.925,2.1921875,0
0.925,2.2640624999999996,0
0.935,-2.2640624999999996,0
0.935,-2.1921874999999997,0
0.935,-2.1203125,0
0.935,-2.0484375,0
0.935,-1.9765624999999998,0
0.935,-1.9046874999999999,0
0.935,-1.8328124999999997,0
0.935,-1.7609374999999998,0
0.935,-1.6890625,0
0.935,-1.6171875,0
0.935,-1.5453124999999999,0
0.935,-1.4734374999999997,0
0.935,-1.4015624999999998,0
0.935,-1.3296875,0
0.935,-1.2578125,0
0.935,-1.1859374999999999,0
0.935,-1.1140625,0
0.935,-1.0421874999999998,0
0.935,-0.9703124999999999,0
0.935,-0.8984375,0
0.935,-0.8265624999999999,0
0.935,-0.7546875,0
0.935,-0.6828125,0
0.935,-0.6109374999999999,0
0.935,-0.5390625,0
0.935,-0.46718749999999987,0
0.935,-0.39531249999999996,56
0.935,-0.32343750000000004,160
0.935,-0.2515624999999999,345
0.935,-0.1796875,861
0.935,-0.10781250000000009,1954
0.935,-0.03593750000000018,4343
0.935,0.03593750000000018,4620
0.935,0.10781250000000009,2244
0.935,0.1796875,664
0.935,0.2515624999999999,362
0.935,0.3234374999999998,266
0.935,0.3953125000000002,26
0.935,0.4671875000000001,1
0.935,0.5390625,0
0.935,0.6109374999999999,0
0.935,0.6828124999999998,0
0.935,0.7546874999999997,0
0.935,0.8265625000000001,0
0.935,0.8984375,0
0.935,0.9703124999999999,0
0.935,1.0421874999999998,0
0.935,1.1140624999999997,0
0.935,1.1859375,0
0.935,1.2578125,0
0.935,1.3296875,0
0.935,1.4015624999999998,0
0.935,1.4734374999999997,0
0.935,1.5453125,0
0.935,1.6171875,0
0.935,1.6890625,0
0.935,1.7609374999999998,0
0.935,1.8328125000000002,0
0.935,1.9046874999999996,0
0.935,1.9765625,0
0.935,2.0484374999999995,0
0.935,2.1203125,0
0.935,2.1921875,0
0.935,2.2640624999999996,0
0.945,-2.2640624999999996,0
0.945,-2.1921874999999997,0
0.945,-2.1203125,0
0.945,-2.0484375,0
0.945,-1.9765624999999998,0
0.945,-1.9046874999999999,0
0.945,-1.8328124999999997,0
0.945,-1.7609374999999998,0
0.945,-1.6890625,0
0.945,-1.6171875,0
0.945,-1.5453124999999999,0
0.945,-1.4734374999999997,0
0.945,-1.4015624999999998,0
0.945,-1.3296875,0
0.945,-1.2578125,0
0.945,-1.1859374999999999,0
0.945,-1.1140625,0
0.945,-1.0421874999999998,0
0.945,-0.9703124999999999,0
0.945,-0.8984375,0
0.945,-0.8265624999999999,0
0.945,-0.7546875,0
0.945,-0.6828125,0
0.945,-0.6109374999999999,0
0.945,-0.5390625,7
0.945,-0.46718749999999987,23
0.945,-0.39531249999999996,79
0.945,-0.32343750000000004,221
0.945,-0.2515624999999999,369
0.945,-0.1796875,920
0.945,-0.10781250000000009,1980
0.945,-0.03593750000000018,4166
0.945,0.03593750000000018,4414
0.945,0.10781250000000009,2203
0.945,0.1796875,736
0.945,0.2515624999999999,424
0.945,0.3234374999999998,282
0.945,0.3953125000000002,70
0.945,0.4671875000000001,22
0.945,0.5390625,1
0.945,0.6109374999999999,0
0.945,0.6828124999999998,0
0.945,0.7546874999999997,0
0.945,0.8265625000000001,0
0.945,0.8984375,0
0.945,0.9703124999999999,0
0.945,1.0421874999999998,0
0.945,1.1140624999999997,0
0.945,1.1859375,0
0.945,1.2578125,0
0.945,1.3296875,0
0.945,1.4015624999999998,0
0.945,1.4734374999999997,0
0.945,1.5453125,0
0.945,1.6171875,0
0.945,1.6890625,0
0.945,1.7609374999999998,0
0.945,1.8328125000000002,0
0.945,1.9046874999999996,0
0.945,1.9765625,0
0.945,2.0484374999999995,0
0.945,2.1203125,0
0.945,2.1921875,0
0.945,2.2640624999999996,0
0.955,-2.2640624999999996,0
0.955,-2.1921874999999997,0
0.955,-2.1203125,0
0.955,-2.0484375,0
0.955,-1.9765624999999998,0
0.955,-1.9046874999999999,0
0.955,-1.8328124999999997,0
0.955,-1.7609374999999998,0
0.955,-1.6890625,0
0.955,-1.6171875,0
0.955,-1.5453124999999999,0
0.955,-1.4734374999999997,0
0.955,-1.4015624999999998,0
0.955,-1.3296875,0
0.955,-1.2578125,0
0.955,-1.1859374999999999,0
0.955,-1.1140625,0
0.955,-1.0421874999999998,0
0.955,-0.9703124999999999,0
0.955,-0.8984375,0
0.955,-0.8265624999999999,0
0.955,-0.7546875,0
0.955,-0.6828125,0
0.955,-0.6109374999999999,2
0.955,-0.5390625,25
0.955,-0.46718749999999987,49
0.955,-0.39531249999999996,118
0.955,-0.32343750000000004,215
0.955,-0.2515624999999999,417
0.955,-0.1796875,966
0.955,-0.10781250000000009,2094
0.955,-0.03593750000000018,4038
0.955,0.03593750000000018,4180
0.955,0.10781250000000009,2085
0.955,0.1796875,747
0.955,0.2515624999999999,422
0.955,0.3234374999999998,292
0.955,0.3953125000000002,102
0.955,0.4671875000000001,49
0.955,0.5390625,25
0.955,0.6109374999999999,5
0.955,0.6828124999999998,0
0.955,0.7546874999999997,0
0.955,0.8265625000000001,0
0.955,0.8984375,0
0.955,0.9703124999999999,0
0.955,1.0421874999999998,0
0.955,1.1140624999999997,0
0.955,1.1859375,0
0.955,1.2578125,0
0.955,1.3296875,0
0.955,1.4015624999999998,0
0.955,1.4734374999999997,0
0.955,1.5453125,0
0.955,1.6171875,0
0.955,1.6890625,0
0.955,1.7609374999999998,0
0.955,1.8328125000000002,0
0.955,1.9046874999999996,0
0.955,1.9765625,0
0.955,2.0484374999999995,0
0.955,2.1203125,0
0.955,2.1921875,0
0.955,2.2640624999999996,0
0.965,-2.2640624999999996,0
0.965,-2.1921874999999997,0
0.965,-2.1203125,0
0.965,-2.0484375,0
0.965,-1.9765624999999998,0
0.965,-1.9046874999999999,0
0.965,-1.8328124999999997,0
0.965,-1.7609374999999998,0
0.965,-1.6890625,0
0.965,-1.6171875,0
0.965,-1.5453124999999999,0
0.965,-1.4734374999999997,0
0.965,-1.4015624999999998,0
0.965,-1.3296875,0
0.965,-1.2578125,0
0.965,-1.1859374999999999,0
0.965,-1.1140625,0
0.965,-1.0421874999999998,0
0.965,-0.9703124999999999,0
0.965,-0.8984375,0
0.965,-0.8265624999999999,0
0.965,-0.7546875,0
0.965,-0.6828125,22
0.965,-0.6109374999999999,30
0.965,-0.5390625,46
0.965,-0.46718749999999987,79
0.965,-0.39531249999999996,146
0.965,-0.32343750000000004,216
0.965,-0.2515624999999999,468
0.965,-0.1796875,959
0.965,-0.10781250000000009,2200
0.965,-0.03593750000000018,3808
0.965,0.03593750000000018,3875
0.965,0.10781250000000009,2011
0.965,0.1796875,754
0.965,0.2515624999999999,428
0.965,0.3234374999999998,363
0.965,0.3953125000000002,119
0.965,0.4671875000000001,50
0.965,0.5390625,75
0.965,0.6109374999999999,23
0.965,0.6828124999999998,5
0.965,0.7546874999999997,0
0.965,0.8265625000000001,0
0.965,0.8984375,0
0.965,0.9703124999999999,0
0.965,1.0421874999999998,0
0.965,1.1140624999999997,0
0.965,1.1859375,0
0.965,1.2578125,0
0.965,1.3296875,0
0.965,1.4015624999999998,0
0.965,1.4734374999999997,0
0.965,1.5453125,0
0.965,1.6171875,0
0.965,1.6890625,0
0.965,1.7609374999999998,0
0.965,1.8328125000000002,0
0.965,1.9046874999999996,0
0.965,1.9765625,0
0.965,2.0484374999999995,0
0.965,2.1203125,0
0.965,2.1921875,0
0.965,2.2640624999999996,0
0.975,-2.2640624999999996,0
0.975,-2.1921874999999997,0
0.975,-2.1203125,0
0.975,-2.0484375,0
0.975,-1.9765624999999998,0
0.975,-1.9046874999999999,0
0.975,-1.8328124999999997,0
0.975,-1.7609374999999998,0
0.975,-1.6890625,0
0.975,-1.6171875,0
0.975,-1.5453124999999999,0
0.975,-1.4734374999999997,0
0.975,-1.4015624999999998,0
0.975,-1.3296875,0
0.975,-1.2578125,0
0.975,-1.1859374999999999,0
0.975,-1.1140625,0
0.975,-1.0421874999999998,0
0.975,-0.9703124999999999,0
0.975,-0.8984375,0
0.975,-0.8265624999999999,0
0.975,-0.7546875,2
0.975,-0.6828125,59
0.975,-0.6109374999999999,64
0.975,-0.5390625,45
0.975,-0.46718749999999987,107
0.975,-0.39531249999999996,161
0.975,-0.32343750000000004,253
0.975,-0.2515624999999999,450
0.975,-0.1796875,985
0.975,-0.10781250000000009,2048
0.975,-0.03593750000000018,3503
0.975,0.03593750000000018,3652
0.975,0.10781250000000009,1980
0.975,0.1796875,778
0.975,0.2515624999999999,482
0.975,0.3234374999999998,382
0.975,0.3953125000000002,127
0.975,0.4671875000000001,81
0.975,0.5390625,103
0.975,0.6109374999999999,58
0.975,0.6828124999999998,13
0.975,0.7546874999999997,7
0.975,0.8265625000000001,1
0.975,0.8984375,0
0.975,0.9703124999999999,0
0.975,1.0421874999999998,0
0.975,1.1140624999999997,0
0.975,1.1859375,0
0.975,1.2578125,0
0.975,1.3296875,0
0.975,1.4015624999999998,0
0.975,1.4734374999999997,0
0.975,1.5453125,0
0.975,1.6171875,0
0.975,1.6890625,0
0.975,1.7609374999999998,0
0.975,1.8328125000000002,0
0.975,1.9046874999999996,0
0.975,1.9765625,0
0.975,2.0484374999999995,0
0.975,2.1203125,0
0.975,2.1921875,0
0.975,2.2640624999999996,0
0.985,-2.2640624999999996,0
0.985,-2.1921874999999997,0
0.985,-2.1203125,0
0.985,-2.0484375,0
0.985,-1.9765624999999998,0
0.985,-1.9046874999999999,0
0.985,-1.8328124999999997,0
0.985,-1.7609374999999998,0
0.985,-1.6890625,0
0.985,-1.6171875,0
0.985,-1.5453124999999999,0
0.985,-1.4734374999999997,0
0.985,-1.4015624999999998,0
0.985,-1.3296875,0
0.985,-1.2578125,0
0.985,-1.1859374999999999,0
0.985,-1.1140625,0
0.985,-1.0421874999999998,0
0.985,-0.9703124999999999,0
0.985,-0.8984375,2
0.985,-0.8265624999999999,18
0.985,-0.7546875,27
0.985,-0.6828125,114
0.985,-0.6109374999999999,97
0.985,-0.5390625,71
0.985,-0.46718749999999987,102
0.985,-0.39531249999999996,173
0.985,-0.32343750000000004,250
0.985,-0.2515624999999999,453
0.985,-0.1796875,1074
0.985,-0.10781250000000009,2158
0.985,-0.03593750000000018,3384
0.985,0.03593750000000018,3714
0.985,0.10781250000000009,2024
0.985,0.1796875,801
0.985,0.2515624999999999,519
0.985,0.3234374999999998,392
0.985,0.3953125000000002,163
0.985,0.4671875000000001,128
0.985,0.5390625,124
0.985,0.6109374999999999,69
0.985,0.6828124999999998,22
0.985,0.7546874999999997,53
0.985,0.8265625000000001,7
0.985,0.8984375,0
0.985,0.9703124999999999,0
0.985,1.0421874999999998,0
0.985,1.1140624999999997,0
0.985,1.1859375,0
0.985,1.2578125,0
0.985,1.3296875,0
0.985,1.4015624999999998,0
0.985,1.4734374999999997,0
0.985,1.5453125,0
0.985,1.6171875,0
0.985,1.6890625,0
0.985,1.7609374999999998,0
0.985,1.8328125000000002,0
0.985,1.9046874999999996,0
0.985,1.9765625,0
0.985,2.0484374999999995,0
0.985,2.1203125,0
0.985,2.1921875,0
0.985,2.2640624999999996,0
0.995,-2.2640624999999996,0
0.995,-2.1921874999999997,0
0.995,-2.1203125,0
0.995,-2.0484375,0
0.995,-1.9765624999999998,0
0.995,-1.9046874999999999,0
0.995,-1.8328124999999997,0
0.995,-1.7609374999999998,0
0.995,-1.6890625,0
0.995,-1.6171875,0
0.995,-1.5453124999999999,0
0.995,-1.4734374999999997,0
0.995,-1.4015624999999998,0
0.995,-1.3296875,0
0.995,-1.2578125,0
0.995,-1.1859374999999999,0
0.995,-1.1140625,0
0.995,-1.0421874999999998,1
0.995,-0.9703124999999999,0
0.995,-0.8984375,22
0.995,-0.8265624999999999,44
0.995,-0.7546875,56
0.995,-0.6828125,152
0.995,-0.6109374999999999,110
0.995,-0.5390625,67
0.995,-0.46718749999999987,129
0.995,-0.39531249999999996,187
0.995,-0.32343750000000004,217
0.995,-0.2515624999999999,460
0.995,-0.1796875,1105
0.995,-0.10781250000000009,2093
0.995,-0.03593750000000018,3193
0.995,0.03593750000000018,3677
0.995,0.10781250000000009,1989
0.995,0.1796875,949
0.995,0.2515624999999999,519
0.995,0.3234374999999998,359
0.995,0.3953125000000002,185
0.995,0.4671875000000001,122
0.995,0.5390625,103
0.995,0.6109374999999999,72
0.995,0.6828124999999998,37
0.995,0.7546874999999997,115
0.995,0.8265625000000001,20
0.995,0.8984375,10
0.995,0.9703124999999999,1
0.995,1.0421874999999998,0
0.995,1.1140624999999997,0
0.995,1.1859375,0
0.995,1.2578125,0
0.995,1.3296875,0
0.995,1.4015624999999998,0
0.995,1.4734374999999997,0
0.995,1.5453125,0
0.995,1.6171875,0
0.995,1.6890625,0
0.995,1.7609374999999998,0
0.995,1.8328125000000002,0
0.995,1.9046874999999996,0
0.995,1.9765625,0
0.995,2.0484374999999995,0
0.995,2.1203125,0
0.995,2.1921875,0
0.995,2.2640624999999996,0
