x,phi,count
0.005,0.08726646259971647,790
0.005,0.2617993877991494,830
0.005,0.4363323129985824,848
0.005,0.6108652381980153,766
0.005,0.7853981633974483,766
0.005,0.9599310885968811,670
0.005,1.1344640137963142,565
0.005,1.308996938995747,513
0.005,1.4835298641951802,481
0.005,1.658062789394613,497
0.005,1.8325957145940461,521
0.005,2.007128639793479,611
0.005,2.181661564992912,680
0.005,2.356194490192345,753
0.005,2.530727415391778,840
0.005,2.705260340591211,901
0.005,2.879793265790644,897
0.005,3.0543261909900767,802
0.005,3.2288591161895095,715
0.005,3.4033920413889422,535
0.005,3.577924966588375,409
0.005,3.752457891787808,315
0.005,3.9269908169872414,205
0.005,4.101523742186675,129
0.005,4.276056667386107,106
0.005,4.4505895925855405,76
0.005,4.625122517784973,71
0.005,4.799655442984406,79
0.005,4.974188368183839,81
0.005,5.148721293383272,86
0.005,5.323254218582705,122
0.005,5.497787143782138,149
0.005,5.672320068981571,296
0.005,5.8468529941810035,402
0.005,6.021385919380437,499
0.005,6.19591884457987,647
0.015,0.08726646259971647,770
0.015,0.2617993877991494,864
0.015,0.4363323129985824,846
0.015,0.6108652381980153,834
0.015,0.7853981633974483,699
0.015,0.9599310885968811,664
0.015,1.1344640137963142,574
0.015,1.308996938995747,529
0.015,1.4835298641951802,437
0.015,1.658062789394613,465
0.015,1.8325957145940461,524
0.015,2.007128639793479,588
0.015,2.181661564992912,667
0.015,2.356194490192345,764
0.015,2.530727415391778,850
0.015,2.705260340591211,842
0.015,2.879793265790644,893
0.015,3.0543261909900767,833
0.015,3.2288591161895095,714
0.015,3.4033920413889422,553
0.015,3.577924966588375,383
0.015,3.752457891787808,268
0.015,3.9269908169872414,179
0.015,4.101523742186675,109
0.015,4.276056667386107,108
0.015,4.4505895925855405,80
0.015,4.625122517784973,78
0.015,4.799655442984406,87
0.015,4.974188368183839,76
0.015,5.148721293383272,100
0.015,5.323254218582705,143
0.015,5.497787143782138,199
0.015,5.672320068981571,283
0.015,5.8468529941810035,407
0.015,6.021385919380437,537
0.015,6.19591884457987,696
0.025,0.08726646259971647,860
0.025,0.2617993877991494,853
0.025,0.4363323129985824,873
0.025,0.6108652381980153,850
0.025,0.7853981633974483,776
0.025,0.9599310885968811,614
0.025,1.1344640137963142,572
0.025,1.308996938995747,457
0.025,1.4835298641951802,507
0.025,1.658062789394613,487
0.025,1.8325957145940461,523
0.025,2.007128639793479,546
0.025,2.181661564992912,594
0.025,2.356194490192345,729
0.025,2.530727415391778,803
0.025,2.705260340591211,878
0.025,2.879793265790644,893
0.025,3.0543261909900767,794
0.025,3.2288591161895095,680
0.025,3.4033920413889422,575
0.025,3.577924966588375,380
0.025,3.752457891787808,266
0.025,3.9269908169872414,177
0.025,4.101523742186675,123
0.025,4.276056667386107,98
0.025,4.4505895925855405,78
0.025,4.625122517784973,64
0.025,4.799655442984406,78
0.025,4.974188368183839,85
0.025,5.148721293383272,110
0.025,5.323254218582705,134
0.025,5.497787143782138,178
0.025,5.672320068981571,294
0.025,5.8468529941810035,423
0.025,6.021385919380437,560
0.025,6.19591884457987,746
0.035,0.08726646259971647,824
0.035,0.2617993877991494,930
0.035,0.4363323129985824,914
0.035,0.6108652381980153,853
0.035,0.7853981633974483,735
0.035,0.9599310885968811,670
0.035,1.1344640137963142,568
0.035,1.308996938995747,519
0.035,1.4835298641951802,458
0.035,1.658062789394613,546
0.035,1.8325957145940461,536
0.035,2.007128639793479,604
0.035,2.181661564992912,647
0.035,2.356194490192345,764
0.035,2.530727415391778,830
0.035,2.705260340591211,891
0.035,2.879793265790644,865
0.035,3.0543261909900767,828
0.035,3.2288591161895095,635
0.035,3.4033920413889422,538
0.035,3.577924966588375,407
0.035,3.752457891787808,302
0.035,3.9269908169872414,218
0.035,4.101523742186675,167
0.035,4.276056667386107,115
0.035,4.4505895925855405,82
0.035,4.625122517784973,98
0.035,4.799655442984406,75
0.035,4.974188368183839,67
0.035,5.148721293383272,105
0.035,5.323254218582705,130
0.035,5.497787143782138,176
0.035,5.672320068981571,274
0.035,5.8468529941810035,401
0.035,6.021385919380437,495
0.035,6.19591884457987,659
0.045,0.08726646259971647,837
0.045,0.2617993877991494,935
0.045,0.4363323129985824,997
0.045,0.6108652381980153,923
0.045,0.7853981633974483,814
0.045,0.9599310885968811,624
0.045,1.1344640137963142,594
0.045,1.308996938995747,563
0.045,1.4835298641951802,475
0.045,1.658062789394613,456
0.045,1.8325957145940461,506
0.045,2.007128639793479,573
0.045,2.181661564992912,652
0.045,2.356194490192345,733
0.045,2.530727415391778,916
0.045,2.705260340591211,904
0.045,2.879793265790644,906
0.045,3.0543261909900767,839
0.045,3.2288591161895095,705
0.045,3.4033920413889422,515
0.045,3.577924966588375,393
0.045,3.752457891787808,274
0.045,3.9269908169872414,178
0.045,4.101523742186675,133
0.045,4.276056667386107,111
0.045,4.4505895925855405,92
0.045,4.625122517784973,82
0.045,4.799655442984406,68
0.045,4.974188368183839,81
0.045,5.148721293383272,95
0.045,5.323254218582705,139
0.045,5.497787143782138,189
0.045,5.672320068981571,286
0.045,5.8468529941810035,384
0.045,6.021385919380437,569
0.045,6.19591884457987,723
0.055,0.08726646259971647,912
0.055,0.2617993877991494,951
0.055,0.4363323129985824,915
0.055,0.6108652381980153,853
0.055,0.7853981633974483,739
0.055,0.9599310885968811,645
0.055,1.1344640137963142,654
0.055,1.308996938995747,533
0.055,1.4835298641951802,482
0.055,1.658062789394613,507
0.055,1.8325957145940461,564
0.055,2.007128639793479,549
0.055,2.181661564992912,694
0.055,2.356194490192345,797
0.055,2.530727415391778,875
0.055,2.705260340591211,945
0.055,2.879793265790644,936
0.055,3.0543261909900767,894
0.055,3.2288591161895095,747
0.055,3.4033920413889422,541
0.055,3.577924966588375,391
0.055,3.752457891787808,314
0.055,3.9269908169872414,180
0.055,4.101523742186675,127
0.055,4.276056667386107,128
0.055,4.4505895925855405,95
0.055,4.625122517784973,90
0.055,4.799655442984406,95
0.055,4.974188368183839,108
0.055,5.148721293383272,119
0.055,5.323254218582705,146
0.055,5.497787143782138,210
0.055,5.672320068981571,312
0.055,5.8468529941810035,415
0.055,6.021385919380437,573
0.055,6.19591884457987,770
0.065,0.08726646259971647,858
0.065,0.2617993877991494,964
0.065,0.4363323129985824,878
0.065,0.6108652381980153,895
0.065,0.7853981633974483,772
0.065,0.9599310885968811,681
0.065,1.1344640137963142,553
0.065,1.308996938995747,547
0.065,1.4835298641951802,461
0.065,1.658062789394613,483
0.065,1.8325957145940461,562
0.065,2.007128639793479,627
0.065,2.181661564992912,715
0.065,2.356194490192345,753
0.065,2.530727415391778,845
0.065,2.705260340591211,971
0.065,2.879793265790644,982
0.065,3.0543261909900767,883
0.065,3.2288591161895095,714
0.065,3.4033920413889422,613
0.065,3.577924966588375,465
0.065,3.752457891787808,340
0.065,3.9269908169872414,230
0.065,4.101523742186675,137
0.065,4.276056667386107,113
0.065,4.4505895925855405,112
0.065,4.625122517784973,86
0.065,4.799655442984406,84
0.065,4.974188368183839,96
0.065,5.148721293383272,125
0.065,5.323254218582705,142
0.065,5.497787143782138,195
0.065,5.672320068981571,253
0.065,5.8468529941810035,426
0.065,6.021385919380437,597
0.065,6.19591884457987,814
0.075,0.08726646259971647,812
0.075,0.2617993877991494,946
0.075,0.4363323129985824,887
0.075,0.6108652381980153,836
0.075,0.7853981633974483,759
0.075,0.9599310885968811,665
0.075,1.1344640137963142,596
0.075,1.308996938995747,521
0.075,1.4835298641951802,515
0.075,1.658062789394613,529
0.075,1.8325957145940461,563
0.075,2.007128639793479,581
0.075,2.181661564992912,698
0.075,2.356194490192345,738
0.075,2.530727415391778,840
0.075,2.705260340591211,913
0.075,2.879793265790644,977
0.075,3.0543261909900767,949
0.075,3.2288591161895095,781
0.075,3.4033920413889422,584
0.075,3.577924966588375,438
0.075,3.752457891787808,329
0.075,3.9269908169872414,187
0.075,4.101523742186675,146
0.075,4.276056667386107,108
0.075,4.4505895925855405,93
0.075,4.625122517784973,56
0.075,4.799655442984406,78
0.075,4.974188368183839,92
0.075,5.148721293383272,107
0.075,5.323254218582705,163
0.075,5.497787143782138,201
0.075,5.672320068981571,252
0.075,5.8468529941810035,386
0.075,6.021385919380437,511
0.075,6.19591884457987,732
0.085,0.08726646259971647,900
0.085,0.2617993877991494,952
0.085,0.4363323129985824,951
0.085,0.6108652381980153,840
0.085,0.7853981633974483,792
0.085,0.9599310885968811,687
0.085,1.1344640137963142,577
0.085,1.308996938995747,598
0.085,1.4835298641951802,522
0.085,1.658062789394613,567
0.085,1.8325957145940461,566
0.085,2.007128639793479,645
0.085,2.181661564992912,753
0.085,2.356194490192345,866
0.085,2.530727415391778,910
0.085,2.705260340591211,960
0.085,2.879793265790644,924
0.085,3.0543261909900767,899
0.085,3.2288591161895095,709
0.085,3.4033920413889422,605
0.085,3.577924966588375,441
0.085,3.752457891787808,310
0.085,3.9269908169872414,203
0.085,4.101523742186675,134
0.085,4.276056667386107,108
0.085,4.4505895925855405,78
0.085,4.625122517784973,85
0.085,4.799655442984406,92
0.085,4.974188368183839,89
0.085,5.148721293383272,96
0.085,5.323254218582705,156
0.085,5.497787143782138,164
0.085,5.672320068981571,278
0.085,5.8468529941810035,374
0.085,6.021385919380437,548
0.085,6.19591884457987,724
0.095,0.08726646259971647,932
0.095,0.2617993877991494,919
0.095,0.4363323129985824,1019
0.095,0.6108652381980153,917
0.095,0.7853981633974483,837
0.095,0.9599310885968811,689
0.095,1.1344640137963142,605
0.095,1.308996938995747,607
0.095,1.4835298641951802,547
0.095,1.658062789394613,559
0.095,1.8325957145940461,614
0.095,2.007128639793479,656
0.095,2.181661564992912,706
0.095,2.356194490192345,858
0.095,2.530727415391778,981
0.095,2.705260340591211,1006
0.095,2.879793265790644,1005
0.095,3.0543261909900767,891
0.095,3.2288591161895095,736
0.095,3.4033920413889422,554
0.095,3.577924966588375,400
0.095,3.752457891787808,275
0.095,3.9269908169872414,199
0.095,4.101523742186675,153
0.095,4.276056667386107,103
0.095,4.4505895925855405,72
0.095,4.625122517784973,82
0.095,4.799655442984406,78
0.095,4.974188368183839,101
0.095,5.148721293383272,95
0.095,5.323254218582705,140
0.095,5.497787143782138,187
0.095,5.672320068981571,296
0.095,5.8468529941810035,420
0.095,6.021385919380437,644
0.095,6.19591884457987,768
0.105,0.08726646259971647,919
0.105,0.2617993877991494,932
0.105,0.4363323129985824,956
0.105,0.6108652381980153,933
0.105,0.7853981633974483,829
0.105,0.9599310885968811,779
0.105,1.1344640137963142,748
0.105,1.308996938995747,569
0.105,1.4835298641951802,544
0.105,1.658062789394613,539
0.105,1.8325957145940461,554
0.105,2.007128639793479,648
0.105,2.181661564992912,725
0.105,2.356194490192345,983
0.105,2.530727415391778,1035
0.105,2.705260340591211,1090
0.105,2.879793265790644,1074
0.105,3.0543261909900767,973
0.105,3.2288591161895095,845
0.105,3.4033920413889422,645
0.105,3.577924966588375,438
0.105,3.752457891787808,293
0.105,3.9269908169872414,180
0.105,4.101523742186675,150
0.105,4.276056667386107,122
0.105,4.4505895925855405,87
0.105,4.625122517784973,79
0.105,4.799655442984406,86
0.105,4.974188368183839,95
0.105,5.148721293383272,95
0.105,5.323254218582705,146
0.105,5.497787143782138,228
0.105,5.672320068981571,301
0.105,5.8468529941810035,466
0.105,6.021385919380437,608
0.105,6.19591884457987,814
0.115,0.08726646259971647,948
0.115,0.2617993877991494,1012
0.115,0.4363323129985824,1031
0.115,0.6108652381980153,923
0.115,0.7853981633974483,860
0.115,0.9599310885968811,723
0.115,1.1344640137963142,722
0.115,1.308996938995747,638
0.115,1.4835298641951802,582
0.115,1.658062789394613,527
0.115,1.8325957145940461,585
0.115,2.007128639793479,680
0.115,2.181661564992912,783
0.115,2.356194490192345,943
0.115,2.530727415391778,980
0.115,2.705260340591211,1156
0.115,2.879793265790644,1190
0.115,3.0543261909900767,1017
0.115,3.2288591161895095,854
0.115,3.4033920413889422,594
0.115,3.577924966588375,455
0.115,3.752457891787808,307
0.115,3.9269908169872414,198
0.115,4.101523742186675,165
0.115,4.276056667386107,132
0.115,4.4505895925855405,77
0.115,4.625122517784973,97
0.115,4.799655442984406,102
0.115,4.974188368183839,99
0.115,5.148721293383272,125
0.115,5.323254218582705,151
0.115,5.497787143782138,223
0.115,5.672320068981571,307
0.115,5.8468529941810035,466
0.115,6.021385919380437,611
0.115,6.19591884457987,797
0.125,0.08726646259971647,947
0.125,0.2617993877991494,1021
0.125,0.4363323129985824,1059
0.125,0.6108652381980153,986
0.125,0.7853981633974483,842
0.125,0.9599310885968811,774
0.125,1.1344640137963142,713
0.125,1.308996938995747,662
0.125,1.4835298641951802,614
0.125,1.658062789394613,578
0.125,1.8325957145940461,633
0.125,2.007128639793479,732
0.125,2.181661564992912,820
0.125,2.356194490192345,899
0.125,2.530727415391778,1015
0.125,2.705260340591211,1088
0.125,2.879793265790644,1138
0.125,3.0543261909900767,1041
0.125,3.2288591161895095,890
0.125,3.4033920413889422,641
0.125,3.577924966588375,478
0.125,3.752457891787808,319
0.125,3.9269908169872414,219
0.125,4.101523742186675,115
0.125,4.276056667386107,112
0.125,4.4505895925855405,121
0.125,4.625122517784973,93
0.125,4.799655442984406,86
0.125,4.974188368183839,126
0.125,5.148721293383272,145
0.125,5.323254218582705,163
0.125,5.497787143782138,257
0.125,5.672320068981571,366
0.125,5.8468529941810035,487
0.125,6.021385919380437,671
0.125,6.19591884457987,828
0.135,0.08726646259971647,1091
0.135,0.2617993877991494,1189
0.135,0.4363323129985824,1125
0.135,0.6108652381980153,1079
0.135,0.7853981633974483,984
0.135,0.9599310885968811,817
0.135,1.1344640137963142,791
0.135,1.308996938995747,724
0.135,1.4835298641951802,710
0.135,1.658062789394613,702
0.135,1.8325957145940461,724
0.135,2.007128639793479,776
0.135,2.181661564992912,860
0.135,2.356194490192345,970
0.135,2.530727415391778,1085
0.135,2.705260340591211,1221
0.135,2.879793265790644,1216
0.135,3.0543261909900767,1016
0.135,3.2288591161895095,917
0.135,3.4033920413889422,675
0.135,3.577924966588375,482
0.135,3.752457891787808,358
0.135,3.9269908169872414,235
0.135,4.101523742186675,162
0.135,4.276056667386107,123
0.135,4.4505895925855405,105
0.135,4.625122517784973,83
0.135,4.799655442984406,92
0.135,4.974188368183839,108
0.135,5.148721293383272,131
0.135,5.323254218582705,178
0.135,5.497787143782138,248
0.135,5.672320068981571,368
0.135,5.8468529941810035,529
0.135,6.021385919380437,696
0.135,6.19591884457987,937
0.145,0.08726646259971647,1194
0.145,0.2617993877991494,1290
0.145,0.4363323129985824,1243
0.145,0.6108652381980153,1207
0.145,0.7853981633974483,1041
0.145,0.9599310885968811,991
0.145,1.1344640137963142,742
0.145,1.308996938995747,744
0.145,1.4835298641951802,724
0.145,1.658062789394613,735
0.145,1.8325957145940461,786
0.145,2.007128639793479,857
0.145,2.181661564992912,990
0.145,2.356194490192345,1082
0.145,2.530727415391778,1177
0.145,2.705260340591211,1328
0.145,2.879793265790644,1304
0.145,3.0543261909900767,1140
0.145,3.2288591161895095,1018
0.145,3.4033920413889422,749
0.145,3.577924966588375,564
0.145,3.752457891787808,418
0.145,3.9269908169872414,289
0.145,4.101523742186675,209
0.145,4.276056667386107,144
0.145,4.4505895925855405,101
0.145,4.625122517784973,99
0.145,4.799655442984406,113
0.145,4.974188368183839,108
0.145,5.148721293383272,151
0.145,5.323254218582705,209
0.145,5.497787143782138,294
0.145,5.672320068981571,392
0.145,5.8468529941810035,579
0.145,6.021385919380437,774
0.145,6.19591884457987,1057
0.155,0.08726646259971647,1344
0.155,0.2617993877991494,1425
0.155,0.4363323129985824,1417
0.155,0.6108652381980153,1365
0.155,0.7853981633974483,1170
0.155,0.9599310885968811,968
0.155,1.1344640137963142,892
0.155,1.308996938995747,823
0.155,1.4835298641951802,759
0.155,1.658062789394613,798
0.155,1.8325957145940461,841
0.155,2.007128639793479,1043
0.155,2.181661564992912,1069
0.155,2.356194490192345,1190
0.155,2.530727415391778,1323
0.155,2.705260340591211,1447
0.155,2.879793265790644,1403
0.155,3.0543261909900767,1288
0.155,3.2288591161895095,1040
0.155,3.4033920413889422,879
0.155,3.577924966588375,620
0.155,3.752457891787808,423
0.155,3.9269908169872414,306
0.155,4.101523742186675,206
0.155,4.276056667386107,178
0.155,4.4505895925855405,132
0.155,4.625122517784973,127
0.155,4.799655442984406,98
0.155,4.974188368183839,128
0.155,5.148721293383272,192
0.155,5.323254218582705,198
0.155,5.497787143782138,307
0.155,5.672320068981571,474
0.155,5.8468529941810035,637
0.155,6.021385919380437,942
0.155,6.19591884457987,1151
0.165,0.08726646259971647,1478
0.165,0.2617993877991494,1571
0.165,0.4363323129985824,1646
0.165,0.6108652381980153,1519
0.165,0.7853981633974483,1239
0.165,0.9599310885968811,1076
0.165,1.1344640137963142,1025
0.165,1.308996938995747,850
0.165,1.4835298641951802,789
0.165,1.658062789394613,870
0.165,1.8325957145940461,941
0.165,2.007128639793479,1049
0.165,2.181661564992912,1208
0.165,2.356194490192345,1319
0.165,2.530727415391778,1477
0.165,2.705260340591211,1581
0.165,2.879793265790644,1587
0.165,3.0543261909900767,1399
0.165,3.2288591161895095,1171
0.165,3.4033920413889422,954
0.165,3.577924966588375,676
0.165,3.752457891787808,490
0.165,3.9269908169872414,310
0.165,4.101523742186675,226
0.165,4.276056667386107,173
0.165,4.4505895925855405,145
0.165,4.625122517784973,137
0.165,4.799655442984406,134
0.165,4.974188368183839,141
0.165,5.148721293383272,188
0.165,5.323254218582705,219
0.165,5.497787143782138,355
0.165,5.672320068981571,454
0.165,5.8468529941810035,670
0.165,6.021385919380437,952
0.165,6.19591884457987,1259
0.175,0.08726646259971647,1643
0.175,0.2617993877991494,1832
0.175,0.4363323129985824,1796
0.175,0.6108652381980153,1637
0.175,0.7853981633974483,1468
0.175,0.9599310885968811,1299
0.175,1.1344640137963142,1175
0.175,1.308996938995747,1025
0.175,1.4835298641951802,969
0.175,1.658062789394613,998
0.175,1.8325957145940461,1010
0.175,2.007128639793479,1152
0.175,2.181661564992912,1328
0.175,2.356194490192345,1496
0.175,2.530727415391778,1747
0.175,2.705260340591211,1791
0.175,2.879793265790644,1849
0.175,3.0543261909900767,1696
0.175,3.2288591161895095,1384
0.175,3.4033920413889422,1017
0.175,3.577924966588375,776
0.175,3.752457891787808,524
0.175,3.9269908169872414,337
0.175,4.101523742186675,241
0.175,4.276056667386107,187
0.175,4.4505895925855405,158
0.175,4.625122517784973,168
0.175,4.799655442984406,130
0.175,4.974188368183839,178
0.175,5.148721293383272,187
0.175,5.323254218582705,268
0.175,5.497787143782138,369
0.175,5.672320068981571,552
0.175,5.8468529941810035,837
0.175,6.021385919380437,1036
0.175,6.19591884457987,1447
0.185,0.08726646259971647,1860
0.185,0.2617993877991494,2086
0.185,0.4363323129985824,2002
0.185,0.6108652381980153,1918
0.185,0.7853981633974483,1639
0.185,0.9599310885968811,1435
0.185,1.1344640137963142,1260
0.185,1.308996938995747,1220
0.185,1.4835298641951802,1103
0.185,1.658062789394613,1102
0.185,1.8325957145940461,1133
0.185,2.007128639793479,1353
0.185,2.181661564992912,1483
0.185,2.356194490192345,1671
0.185,2.530727415391778,1897
0.185,2.705260340591211,2026
0.185,2.879793265790644,2025
0.185,3.0543261909900767,1806
0.185,3.2288591161895095,1528
0.185,3.4033920413889422,1166
0.185,3.577924966588375,844
0.185,3.752457891787808,578
0.185,3.9269908169872414,388
0.185,4.101523742186675,244
0.185,4.276056667386107,188
0.185,4.4505895925855405,150
0.185,4.625122517784973,140
0.185,4.799655442984406,175
0.185,4.974188368183839,167
0.185,5.148721293383272,197
0.185,5.323254218582705,255
0.185,5.497787143782138,427
0.185,5.672320068981571,609
0.185,5.8468529941810035,930
0.185,6.021385919380437,1215
0.185,6.19591884457987,1588
0.195,0.08726646259971647,2110
0.195,0.2617993877991494,2219
0.195,0.4363323129985824,2238
0.195,0.6108652381980153,2066
0.195,0.7853981633974483,1770
0.195,0.9599310885968811,1503
0.195,1.1344640137963142,1270
0.195,1.308996938995747,1196
0.195,1.4835298641951802,1182
0.195,1.658062789394613,1167
0.195,1.8325957145940461,1295
0.195,2.007128639793479,1406
0.195,2.181661564992912,1618
0.195,2.356194490192345,1821
0.195,2.530727415391778,2143
0.195,2.705260340591211,2245
0.195,2.879793265790644,2156
0.195,3.0543261909900767,1999
0.195,3.2288591161895095,1654
0.195,3.4033920413889422,1296
0.195,3.577924966588375,926
0.195,3.752457891787808,670
0.195,3.9269908169872414,438
0.195,4.101523742186675,282
0.195,4.276056667386107,217
0.195,4.4505895925855405,153
0.195,4.625122517784973,140
0.195,4.799655442984406,158
0.195,4.974188368183839,211
0.195,5.148721293383272,243
0.195,5.323254218582705,347
0.195,5.497787143782138,491
0.195,5.672320068981571,660
0.195,5.8468529941810035,1023
0.195,6.021385919380437,1370
0.195,6.19591884457987,1791
0.205,0.08726646259971647,2234
0.205,0.2617993877991494,2461
0.205,0.4363323129985824,2381
0.205,0.6108652381980153,2271
0.205,0.7853981633974483,1950
0.205,0.9599310885968811,1677
0.205,1.1344640137963142,1485
0.205,1.308996938995747,1317
0.205,1.4835298641951802,1351
0.205,1.658062789394613,1215
0.205,1.8325957145940461,1352
0.205,2.007128639793479,1471
0.205,2.181661564992912,1804
0.205,2.356194490192345,2013
0.205,2.530727415391778,2321
0.205,2.705260340591211,2511
0.205,2.879793265790644,2333
0.205,3.0543261909900767,2142
0.205,3.2288591161895095,1766
0.205,3.4033920413889422,1427
0.205,3.577924966588375,1026
0.205,3.752457891787808,733
0.205,3.9269908169872414,479
0.205,4.101523742186675,289
0.205,4.276056667386107,249
0.205,4.4505895925855405,189
0.205,4.625122517784973,191
0.205,4.799655442984406,180
0.205,4.974188368183839,234
0.205,5.148721293383272,300
0.205,5.323254218582705,339
0.205,5.497787143782138,496
0.205,5.672320068981571,731
0.205,5.8468529941810035,1042
0.205,6.021385919380437,1406
0.205,6.19591884457987,1870
0.215,0.08726646259971647,2338
0.215,0.2617993877991494,2457
0.215,0.4363323129985824,2428
0.215,0.6108652381980153,2298
0.215,0.7853981633974483,2036
0.215,0.9599310885968811,1800
0.215,1.1344640137963142,1716
0.215,1.308996938995747,1510
0.215,1.4835298641951802,1377
0.215,1.658062789394613,1360
0.215,1.8325957145940461,1381
0.215,2.007128639793479,1608
0.215,2.181661564992912,1931
0.215,2.356194490192345,2223
0.215,2.530727415391778,2461
0.215,2.705260340591211,2703
0.215,2.879793265790644,2594
0.215,3.0543261909900767,2354
0.215,3.2288591161895095,1997
0.215,3.4033920413889422,1572
0.215,3.577924966588375,1188
0.215,3.752457891787808,746
0.215,3.9269908169872414,520
0.215,4.101523742186675,396
0.215,4.276056667386107,287
0.215,4.4505895925855405,223
0.215,4.625122517784973,198
0.215,4.799655442984406,211
0.215,4.974188368183839,250
0.215,5.148721293383272,315
0.215,5.323254218582705,409
0.215,5.497787143782138,518
0.215,5.672320068981571,751
0.215,5.8468529941810035,1018
0.215,6.021385919380437,1492
0.215,6.19591884457987,1908
0.225,0.08726646259971647,2490
0.225,0.2617993877991494,2686
0.225,0.4363323129985824,2649
0.225,0.6108652381980153,2410
0.225,0.7853981633974483,2186
0.225,0.9599310885968811,2022
0.225,1.1344640137963142,1812
0.225,1.308996938995747,1701
0.225,1.4835298641951802,1576
0.225,1.658062789394613,1475
0.225,1.8325957145940461,1601
0.225,2.007128639793479,1823
0.225,2.181661564992912,2059
0.225,2.356194490192345,2462
0.225,2.530727415391778,2704
0.225,2.705260340591211,2874
0.225,2.879793265790644,2633
0.225,3.0543261909900767,2490
0.225,3.2288591161895095,2125
0.225,3.4033920413889422,1663
0.225,3.577924966588375,1276
0.225,3.752457891787808,869
0.225,3.9269908169872414,617
0.225,4.101523742186675,456
0.225,4.276056667386107,308
0.225,4.4505895925855405,276
0.225,4.625122517784973,303
0.225,4.799655442984406,269
0.225,4.974188368183839,275
0.225,5.148721293383272,351
0.225,5.323254218582705,482
0.225,5.497787143782138,552
0.225,5.672320068981571,783
0.225,5.8468529941810035,1150
0.225,6.021385919380437,1598
0.225,6.19591884457987,2095
0.235,0.08726646259971647,2542
0.235,0.2617993877991494,2817
0.235,0.4363323129985824,2889
0.235,0.6108652381980153,2571
0.235,0.7853981633974483,2304
0.235,0.9599310885968811,2130
0.235,1.1344640137963142,1912
0.235,1.308996938995747,1806
0.235,1.4835298641951802,1724
0.235,1.658062789394613,1744
0.235,1.8325957145940461,1866
0.235,2.007128639793479,1992
0.235,2.181661564992912,2219
0.235,2.356194490192345,2501
0.235,2.530727415391778,2841
0.235,2.705260340591211,2984
0.235,2.879793265790644,2899
0.235,3.0543261909900767,2608
0.235,3.2288591161895095,2209
0.235,3.4033920413889422,1804
0.235,3.577924966588375,1332
0.235,3.752457891787808,951
0.235,3.9269908169872414,651
0.235,4.101523742186675,445
0.235,4.276056667386107,348
0.235,4.4505895925855405,295
0.235,4.625122517784973,242
0.235,4.799655442984406,271
0.235,4.974188368183839,296
0.235,5.148721293383272,377
0.235,5.323254218582705,467
0.235,5.497787143782138,601
0.235,5.672320068981571,865
0.235,5.8468529941810035,1174
0.235,6.021385919380437,1627
0.235,6.19591884457987,2221
0.245,0.08726646259971647,2724
0.245,0.2617993877991494,3064
0.245,0.4363323129985824,3116
0.245,0.6108652381980153,2879
0.245,0.7853981633974483,2677
0.245,0.9599310885968811,2305
0.245,1.1344640137963142,2096
0.245,1.308996938995747,1995
0.245,1.4835298641951802,1900
0.245,1.658062789394613,1863
0.245,1.8325957145940461,1956
0.245,2.007128639793479,2162
0.245,2.181661564992912,2461
0.245,2.356194490192345,2770
0.245,2.530727415391778,3006
0.245,2.705260340591211,3182
0.245,2.879793265790644,3071
0.245,3.0543261909900767,2836
0.245,3.2288591161895095,2286
0.245,3.4033920413889422,1829
0.245,3.577924966588375,1391
0.245,3.752457891787808,1073
0.245,3.9269908169872414,705
0.245,4.101523742186675,552
0.245,4.276056667386107,397
0.245,4.4505895925855405,317
0.245,4.625122517784973,276
0.245,4.799655442984406,262
0.245,4.974188368183839,323
0.245,5.148721293383272,376
0.245,5.323254218582705,441
0.245,5.497787143782138,644
0.245,5.672320068981571,949
0.245,5.8468529941810035,1309
0.245,6.021385919380437,1845
0.245,6.19591884457987,2301
0.255,0.08726646259971647,2938
0.255,0.2617993877991494,3032
0.255,0.4363323129985824,3140
0.255,0.6108652381980153,2961
0.255,0.7853981633974483,2838
0.255,0.9599310885968811,2496
0.255,1.1344640137963142,2242
0.255,1.308996938995747,2170
0.255,1.4835298641951802,2051
0.255,1.658062789394613,2003
0.255,1.8325957145940461,2129
0.255,2.007128639793479,2412
0.255,2.181661564992912,2520
0.255,2.356194490192345,2909
0.255,2.530727415391778,3061
0.255,2.705260340591211,3244
0.255,2.879793265790644,3208
0.255,3.0543261909900767,2962
0.255,3.2288591161895095,2304
0.255,3.4033920413889422,1964
0.255,3.577924966588375,1459
0.255,3.752457891787808,1082
0.255,3.9269908169872414,704
0.255,4.101523742186675,556
0.255,4.276056667386107,406
0.255,4.4505895925855405,396
0.255,4.625122517784973,313
0.255,4.799655442984406,319
0.255,4.974188368183839,358
0.255,5.148721293383272,409
0.255,5.323254218582705,495
0.255,5.497787143782138,639
0.255,5.672320068981571,946
0.255,5.8468529941810035,1394
0.255,6.021385919380437,1907
0.255,6.19591884457987,2499
0.265,0.08726646259971647,2968
0.265,0.2617993877991494,3294
0.265,0.4363323129985824,3397
0.265,0.6108652381980153,3182
0.265,0.7853981633974483,2935
0.265,0.9599310885968811,2671
0.265,1.1344640137963142,2441
0.265,1.308996938995747,2217
0.265,1.4835298641951802,2125
0.265,1.658062789394613,2167
0.265,1.8325957145940461,2215
0.265,2.007128639793479,2493
0.265,2.181661564992912,2627
0.265,2.356194490192345,2941
0.265,2.530727415391778,3200
0.265,2.705260340591211,3428
0.265,2.879793265790644,3215
0.265,3.0543261909900767,2840
0.265,3.2288591161895095,2476
0.265,3.4033920413889422,1968
0.265,3.577924966588375,1483
0.265,3.752457891787808,1004
0.265,3.9269908169872414,758
0.265,4.101523742186675,553
0.265,4.276056667386107,456
0.265,4.4505895925855405,371
0.265,4.625122517784973,317
0.265,4.799655442984406,315
0.265,4.974188368183839,336
0.265,5.148721293383272,408
0.265,5.323254218582705,511
0.265,5.497787143782138,716
0.265,5.672320068981571,1017
0.265,5.8468529941810035,1446
0.265,6.021385919380437,1947
0.265,6.19591884457987,2425
0.275,0.08726646259971647,3063
0.275,0.2617993877991494,3313
0.275,0.4363323129985824,3422
0.275,0.6108652381980153,3305
0.275,0.7853981633974483,3140
0.275,0.9599310885968811,2838
0.275,1.1344640137963142,2553
0.275,1.308996938995747,2475
0.275,1.4835298641951802,2393
0.275,1.658062789394613,2419
0.275,1.8325957145940461,2505
0.275,2.007128639793479,2623
0.275,2.181661564992912,2695
0.275,2.356194490192345,2986
0.275,2.530727415391778,3322
0.275,2.705260340591211,3423
0.275,2.879793265790644,3461
0.275,3.0543261909900767,2974
0.275,3.2288591161895095,2547
0.275,3.4033920413889422,2059
0.275,3.577924966588375,1445
0.275,3.752457891787808,1111
0.275,3.9269908169872414,767
0.275,4.101523742186675,633
0.275,4.276056667386107,469
0.275,4.4505895925855405,358
0.275,4.625122517784973,288
0.275,4.799655442984406,308
0.275,4.974188368183839,390
0.275,5.148721293383272,398
0.275,5.323254218582705,573
0.275,5.497787143782138,734
0.275,5.672320068981571,1073
0.275,5.8468529941810035,1558
0.275,6.021385919380437,2057
0.275,6.19591884457987,2658
0.285,0.08726646259971647,3148
0.285,0.2617993877991494,3636
0.285,0.4363323129985824,3510
0.285,0.6108652381980153,3396
0.285,0.7853981633974483,3277
0.285,0.9599310885968811,3069
0.285,1.1344640137963142,2656
0.285,1.308996938995747,2636
0.285,1.4835298641951802,2536
0.285,1.658062789394613,2520
0.285,1.8325957145940461,2578
0.285,2.007128639793479,2700
0.285,2.181661564992912,2844
0.285,2.356194490192345,3184
0.285,2.530727415391778,3397
0.285,2.705260340591211,3577
0.285,2.879793265790644,3417
0.285,3.0543261909900767,3160
0.285,3.2288591161895095,2647
0.285,3.4033920413889422,2036
0.285,3.577924966588375,1558
0.285,3.752457891787808,1157
0.285,3.9269908169872414,812
0.285,4.101523742186675,583
0.285,4.276056667386107,406
0.285,4.4505895925855405,317
0.285,4.625122517784973,318
0.285,4.799655442984406,319
0.285,4.974188368183839,404
0.285,5.148721293383272,453
0.285,5.323254218582705,547
0.285,5.497787143782138,767
0.285,5.672320068981571,1136
0.285,5.8468529941810035,1593
0.285,6.021385919380437,2087
0.285,6.19591884457987,2752
0.295,0.08726646259971647,3288
0.295,0.2617993877991494,3537
0.295,0.4363323129985824,3671
0.295,0.6108652381980153,3690
0.295,0.7853981633974483,3426
0.295,0.9599310885968811,3162
0.295,1.1344640137963142,2943
0.295,1.308996938995747,2782
0.295,1.4835298641951802,2616
0.295,1.658062789394613,2620
0.295,1.8325957145940461,2714
0.295,2.007128639793479,2725
0.295,2.181661564992912,2986
0.295,2.356194490192345,3265
0.295,2.530727415391778,3476
0.295,2.705260340591211,3625
0.295,2.879793265790644,3593
0.295,3.0543261909900767,3170
0.295,3.2288591161895095,2779
0.295,3.4033920413889422,2140
0.295,3.577924966588375,1591
0.295,3.752457891787808,1133
0.295,3.9269908169872414,759
0.295,4.101523742186675,553
0.295,4.276056667386107,423
0.295,4.4505895925855405,339
0.295,4.625122517784973,318
0.295,4.799655442984406,354
0.295,4.974188368183839,391
0.295,5.148721293383272,480
0.295,5.323254218582705,601
0.295,5.497787143782138,901
0.295,5.672320068981571,1113
0.295,5.8468529941810035,1586
0.295,6.021385919380437,2184
0.295,6.19591884457987,2692
0.305,0.08726646259971647,3305
0.305,0.2617993877991494,3622
0.305,0.4363323129985824,3744
0.305,0.6108652381980153,3636
0.305,0.7853981633974483,3429
0.305,0.9599310885968811,3188
0.305,1.1344640137963142,2996
0.305,1.308996938995747,2796
0.305,1.4835298641951802,2748
0.305,1.658062789394613,2760
0.305,1.8325957145940461,2786
0.305,2.007128639793479,2916
0.305,2.181661564992912,3177
0.305,2.356194490192345,3285
0.305,2.530727415391778,3543
0.305,2.705260340591211,3729
0.305,2.879793265790644,3696
0.305,3.0543261909900767,3362
0.305,3.2288591161895095,2839
0.305,3.4033920413889422,2145
0.305,3.577924966588375,1671
0.305,3.752457891787808,1161
0.305,3.9269908169872414,813
0.305,4.101523742186675,602
0.305,4.276056667386107,441
0.305,4.4505895925855405,344
0.305,4.625122517784973,353
0.305,4.799655442984406,378
0.305,4.974188368183839,418
0.305,5.148721293383272,501
0.305,5.323254218582705,593
0.305,5.497787143782138,871
0.305,5.672320068981571,1173
0.305,5.8468529941810035,1592
0.305,6.021385919380437,2173
0.305,6.19591884457987,2854
0.315,0.08726646259971647,3349
0.315,0.2617993877991494,3791
0.315,0.4363323129985824,3812
0.315,0.6108652381980153,3622
0.315,0.7853981633974483,3359
0.315,0.9599310885968811,3204
0.315,1.1344640137963142,3059
0.315,1.308996938995747,2864
0.315,1.4835298641951802,2900
0.315,1.658062789394613,2861
0.315,1.8325957145940461,3020
0.315,2.007128639793479,3070
0.315,2.181661564992912,3280
0.315,2.356194490192345,3581
0.315,2.530727415391778,3719
0.315,2.705260340591211,3898
0.315,2.879793265790644,3789
0.315,3.0543261909900767,3382
0.315,3.2288591161895095,2874
0.315,3.4033920413889422,2163
0.315,3.577924966588375,1723
0.315,3.752457891787808,1117
0.315,3.9269908169872414,833
0.315,4.101523742186675,594
0.315,4.276056667386107,454
0.315,4.4505895925855405,425
0.315,4.625122517784973,343
0.315,4.799655442984406,383
0.315,4.974188368183839,435
0.315,5.148721293383272,467
0.315,5.323254218582705,636
0.315,5.497787143782138,859
0.315,5.672320068981571,1259
0.315,5.8468529941810035,1780
0.315,6.021385919380437,2299
0.315,6.19591884457987,2956
0.325,0.08726646259971647,3451
0.325,0.2617993877991494,3822
0.325,0.4363323129985824,3893
0.325,0.6108652381980153,3762
0.325,0.7853981633974483,3387
0.325,0.9599310885968811,3282
0.325,1.1344640137963142,3100
0.325,1.308996938995747,2988
0.325,1.4835298641951802,2951
0.325,1.658062789394613,2961
0.325,1.8325957145940461,2994
0.325,2.007128639793479,3150
0.325,2.181661564992912,3481
0.325,2.356194490192345,3556
0.325,2.530727415391778,3933
0.325,2.705260340591211,4012
0.325,2.879793265790644,3911
0.325,3.0543261909900767,3527
0.325,3.2288591161895095,2881
0.325,3.4033920413889422,2283
0.325,3.577924966588375,1689
0.325,3.752457891787808,1110
0.325,3.9269908169872414,891
0.325,4.101523742186675,646
0.325,4.276056667386107,428
0.325,4.4505895925855405,416
0.325,4.625122517784973,415
0.325,4.799655442984406,418
0.325,4.974188368183839,448
0.325,5.148721293383272,525
0.325,5.323254218582705,671
0.325,5.497787143782138,887
0.325,5.672320068981571,1255
0.325,5.8468529941810035,1635
0.325,6.021385919380437,2277
0.325,6.19591884457987,2991
0.335,0.08726646259971647,3456
0.335,0.2617993877991494,3964
0.335,0.4363323129985824,4006
0.335,0.6108652381980153,3828
0.335,0.7853981633974483,3662
0.335,0.9599310885968811,3237
0.335,1.1344640137963142,3171
0.335,1.308996938995747,3178
0.335,1.4835298641951802,3135
0.335,1.658062789394613,3145
0.335,1.8325957145940461,3291
0.335,2.007128639793479,3302
0.335,2.181661564992912,3507
0.335,2.356194490192345,3580
0.335,2.530727415391778,3927
0.335,2.705260340591211,4004
0.335,2.879793265790644,3958
0.335,3.0543261909900767,3539
0.335,3.2288591161895095,3065
0.335,3.4033920413889422,2435
0.335,3.577924966588375,1655
0.335,3.752457891787808,1257
0.335,3.9269908169872414,867
0.335,4.101523742186675,610
0.335,4.276056667386107,500
0.335,4.4505895925855405,441
0.335,4.625122517784973,395
0.335,4.799655442984406,447
0.335,4.974188368183839,458
0.335,5.148721293383272,502
0.335,5.323254218582705,650
0.335,5.497787143782138,899
0.335,5.672320068981571,1254
0.335,5.8468529941810035,1792
0.335,6.021385919380437,2337
0.335,6.19591884457987,3009
0.345,0.08726646259971647,3632
0.345,0.2617993877991494,4086
0.345,0.4363323129985824,4217
0.345,0.6108652381980153,3986
0.345,0.7853981633974483,3681
0.345,0.9599310885968811,3484
0.345,1.1344640137963142,3315
0.345,1.308996938995747,3167
0.345,1.4835298641951802,3165
0.345,1.658062789394613,3226
0.345,1.8325957145940461,3322
0.345,2.007128639793479,3412
0.345,2.181661564992912,3548
0.345,2.356194490192345,3889
0.345,2.530727415391778,4210
0.345,2.705260340591211,4153
0.345,2.879793265790644,4059
0.345,3.0543261909900767,3711
0.345,3.2288591161895095,3237
0.345,3.4033920413889422,2485
0.345,3.577924966588375,1869
0.345,3.752457891787808,1304
0.345,3.9269908169872414,907
0.345,4.101523742186675,654
0.345,4.276056667386107,494
0.345,4.4505895925855405,417
0.345,4.625122517784973,418
0.345,4.799655442984406,424
0.345,4.974188368183839,440
0.345,5.148721293383272,570
0.345,5.323254218582705,682
0.345,5.497787143782138,962
0.345,5.672320068981571,1366
0.345,5.8468529941810035,1880
0.345,6.021385919380437,2469
0.345,6.19591884457987,3275
0.355,0.08726646259971647,3810
0.355,0.2617993877991494,4279
0.355,0.4363323129985824,4242
0.355,0.6108652381980153,4166
0.355,0.7853981633974483,3906
0.355,0.9599310885968811,3551
0.355,1.1344640137963142,3280
0.355,1.308996938995747,3134
0.355,1.4835298641951802,3125
0.355,1.658062789394613,3272
0.355,1.8325957145940461,3341
0.355,2.007128639793479,3383
0.355,2.181661564992912,3658
0.355,2.356194490192345,3980
0.355,2.530727415391778,4335
0.355,2.705260340591211,4414
0.355,2.879793265790644,4313
0.355,3.0543261909900767,3869
0.355,3.2288591161895095,3248
0.355,3.4033920413889422,2478
0.355,3.577924966588375,1860
0.355,3.752457891787808,1316
0.355,3.9269908169872414,910
0.355,4.101523742186675,676
0.355,4.276056667386107,540
0.355,4.4505895925855405,445
0.355,4.625122517784973,416
0.355,4.799655442984406,477
0.355,4.974188368183839,492
0.355,5.148721293383272,546
0.355,5.323254218582705,739
0.355,5.497787143782138,966
0.355,5.672320068981571,1348
0.355,5.8468529941810035,1899
0.355,6.021385919380437,2482
0.355,6.19591884457987,3279
0.365,0.08726646259971647,3930
0.365,0.2617993877991494,4397
0.365,0.4363323129985824,4490
0.365,0.6108652381980153,4325
0.365,0.7853981633974483,3942
0.365,0.9599310885968811,3646
0.365,1.1344640137963142,3381
0.365,1.308996938995747,3220
0.365,1.4835298641951802,3162
0.365,1.658062789394613,3199
0.365,1.8325957145940461,3301
0.365,2.007128639793479,3392
0.365,2.181661564992912,3724
0.365,2.356194490192345,4042
0.365,2.530727415391778,4463
0.365,2.705260340591211,4771
0.365,2.879793265790644,4619
0.365,3.0543261909900767,4181
0.365,3.2288591161895095,3372
0.365,3.4033920413889422,2627
0.365,3.577924966588375,1876
0.365,3.752457891787808,1343
0.365,3.9269908169872414,1043
0.365,4.101523742186675,698
0.365,4.276056667386107,616
0.365,4.4505895925855405,500
0.365,4.625122517784973,458
0.365,4.799655442984406,465
0.365,4.974188368183839,486
0.365,5.148721293383272,536
0.365,5.323254218582705,682
0.365,5.497787143782138,995
0.365,5.672320068981571,1398
0.365,5.8468529941810035,1834
0.365,6.021385919380437,2580
0.365,6.19591884457987,3274
0.375,0.08726646259971647,4267
0.375,0.2617993877991494,4538
0.375,0.4363323129985824,4675
0.375,0.6108652381980153,4336
0.375,0.7853981633974483,4064
0.375,0.9599310885968811,3773
0.375,1.1344640137963142,3485
0.375,1.308996938995747,3471
0.375,1.4835298641951802,3178
0.375,1.658062789394613,3279
0.375,1.8325957145940461,3502
0.375,2.007128639793479,3573
0.375,2.181661564992912,3813
0.375,2.356194490192345,4144
0.375,2.530727415391778,4752
0.375,2.705260340591211,4924
0.375,2.879793265790644,4795
0.375,3.0543261909900767,4200
0.375,3.2288591161895095,3645
0.375,3.4033920413889422,2848
0.375,3.577924966588375,2048
0.375,3.752457891787808,1380
0.375,3.9269908169872414,1035
0.375,4.101523742186675,762
0.375,4.276056667386107,594
0.375,4.4505895925855405,516
0.375,4.625122517784973,475
0.375,4.799655442984406,463
0.375,4.974188368183839,534
0.375,5.148721293383272,553
0.375,5.323254218582705,762
0.375,5.497787143782138,1029
0.375,5.672320068981571,1475
0.375,5.8468529941810035,2096
0.375,6.021385919380437,2709
0.375,6.19591884457987,3470
0.385,0.08726646259971647,4309
0.385,0.2617993877991494,4808
0.385,0.4363323129985824,4888
0.385,0.6108652381980153,4694
0.385,0.7853981633974483,4238
0.385,0.9599310885968811,3902
0.385,1.1344640137963142,3628
0.385,1.308996938995747,3517
0.385,1.4835298641951802,3315
0.385,1.658062789394613,3359
0.385,1.8325957145940461,3516
0.385,2.007128639793479,3869
0.385,2.181661564992912,4018
0.385,2.356194490192345,4626
0.385,2.530727415391778,4957
0.385,2.705260340591211,4989
0.385,2.879793265790644,5160
0.385,3.0543261909900767,4702
0.385,3.2288591161895095,3805
0.385,3.4033920413889422,3007
0.385,3.577924966588375,2220
0.385,3.752457891787808,1563
0.385,3.9269908169872414,1110
0.385,4.101523742186675,726
0.385,4.276056667386107,558
0.385,4.4505895925855405,526
0.385,4.625122517784973,460
0.385,4.799655442984406,464
0.385,4.974188368183839,583
0.385,5.148721293383272,653
0.385,5.323254218582705,831
0.385,5.497787143782138,1122
0.385,5.672320068981571,1634
0.385,5.8468529941810035,2113
0.385,6.021385919380437,2862
0.385,6.19591884457987,3644
0.395,0.08726646259971647,4493
0.395,0.2617993877991494,5133
0.395,0.4363323129985824,5125
0.395,0.6108652381980153,4885
0.395,0.7853981633974483,4624
0.395,0.9599310885968811,4217
0.395,1.1344640137963142,3958
0.395,1.308996938995747,3805
0.395,1.4835298641951802,3725
0.395,1.658062789394613,3611
0.395,1.8325957145940461,3731
0.395,2.007128639793479,4012
0.395,2.181661564992912,4334
0.395,2.356194490192345,4858
0.395,2.530727415391778,5143
0.395,2.705260340591211,5375
0.395,2.879793265790644,5242
0.395,3.0543261909900767,4777
0.395,3.2288591161895095,4020
0.395,3.4033920413889422,3069
0.395,3.577924966588375,2263
0.395,3.752457891787808,1588
0.395,3.9269908169872414,1108
0.395,4.101523742186675,807
0.395,4.276056667386107,620
0.395,4.4505895925855405,561
0.395,4.625122517784973,511
0.395,4.799655442984406,477
0.395,4.974188368183839,563
0.395,5.148721293383272,667
0.395,5.323254218582705,908
0.395,5.497787143782138,1185
0.395,5.672320068981571,1661
0.395,5.8468529941810035,2293
0.395,6.021385919380437,2956
0.395,6.19591884457987,3859
0.405,0.08726646259971647,4830
0.405,0.2617993877991494,5308
0.405,0.4363323129985824,5326
0.405,0.6108652381980153,5132
0.405,0.7853981633974483,4763
0.405,0.9599310885968811,4412
0.405,1.1344640137963142,4054
0.405,1.308996938995747,3868
0.405,1.4835298641951802,3773
0.405,1.658062789394613,3755
0.405,1.8325957145940461,3876
0.405,2.007128639793479,4132
0.405,2.181661564992912,4574
0.405,2.356194490192345,4782
0.405,2.530727415391778,5225
0.405,2.705260340591211,5523
0.405,2.879793265790644,5484
0.405,3.0543261909900767,4959
0.405,3.2288591161895095,4247
0.405,3.4033920413889422,3168
0.405,3.577924966588375,2334
0.405,3.752457891787808,1708
0.405,3.9269908169872414,1157
0.405,4.101523742186675,886
0.405,4.276056667386107,708
0.405,4.4505895925855405,614
0.405,4.625122517784973,632
0.405,4.799655442984406,539
0.405,4.974188368183839,637
0.405,5.148721293383272,692
0.405,5.323254218582705,854
0.405,5.497787143782138,1205
0.405,5.672320068981571,1703
0.405,5.8468529941810035,2411
0.405,6.021385919380437,3350
0.405,6.19591884457987,4077
0.415,0.08726646259971647,5178
0.415,0.2617993877991494,5601
0.415,0.4363323129985824,5550
0.415,0.6108652381980153,5409
0.415,0.7853981633974483,5041
0.415,0.9599310885968811,4731
0.415,1.1344640137963142,4359
0.415,1.308996938995747,4050
0.415,1.4835298641951802,3885
0.415,1.658062789394613,3860
0.415,1.8325957145940461,4071
0.415,2.007128639793479,4375
0.415,2.181661564992912,4725
0.415,2.356194490192345,5086
0.415,2.530727415391778,5386
0.415,2.705260340591211,5680
0.415,2.879793265790644,5563
0.415,3.0543261909900767,5260
0.415,3.2288591161895095,4265
0.415,3.4033920413889422,3355
0.415,3.577924966588375,2551
0.415,3.752457891787808,1891
0.415,3.9269908169872414,1320
0.415,4.101523742186675,892
0.415,4.276056667386107,707
0.415,4.4505895925855405,657
0.415,4.625122517784973,573
0.415,4.799655442984406,596
0.415,4.974188368183839,645
0.415,5.148721293383272,718
0.415,5.323254218582705,952
0.415,5.497787143782138,1250
0.415,5.672320068981571,1732
0.415,5.8468529941810035,2385
0.415,6.021385919380437,3408
0.415,6.19591884457987,4384
0.425,0.08726646259971647,5433
0.425,0.2617993877991494,5923
0.425,0.4363323129985824,6029
0.425,0.6108652381980153,5999
0.425,0.7853981633974483,5560
0.425,0.9599310885968811,4978
0.425,1.1344640137963142,4654
0.425,1.308996938995747,4317
0.425,1.4835298641951802,4278
0.425,1.658062789394613,4039
0.425,1.8325957145940461,4205
0.425,2.007128639793479,4651
0.425,2.181661564992912,5085
0.425,2.356194490192345,5430
0.425,2.530727415391778,5857
0.425,2.705260340591211,6291
0.425,2.879793265790644,6004
0.425,3.0543261909900767,5436
0.425,3.2288591161895095,4787
0.425,3.4033920413889422,3720
0.425,3.577924966588375,2819
0.425,3.752457891787808,1925
0.425,3.9269908169872414,1434
0.425,4.101523742186675,1004
0.425,4.276056667386107,828
0.425,4.4505895925855405,652
0.425,4.625122517784973,559
0.425,4.799655442984406,596
0.425,4.974188368183839,715
0.425,5.148721293383272,746
0.425,5.323254218582705,914
0.425,5.497787143782138,1275
0.425,5.672320068981571,1878
0.425,5.8468529941810035,2828
0.425,6.021385919380437,3681
0.425,6.19591884457987,4627
0.435,0.08726646259971647,5982
0.435,0.2617993877991494,6690
0.435,0.4363323129985824,6709
0.435,0.6108652381980153,6532
0.435,0.7853981633974483,5812
0.435,0.9599310885968811,5388
0.435,1.1344640137963142,4889
0.435,1.308996938995747,4563
0.435,1.4835298641951802,4468
0.435,1.658062789394613,4488
0.435,1.8325957145940461,4628
0.435,2.007128639793479,4871
0.435,2.181661564992912,5349
0.435,2.356194490192345,6055
0.435,2.530727415391778,6639
0.435,2.705260340591211,6727
0.435,2.879793265790644,6471
0.435,3.0543261909900767,6038
0.435,3.2288591161895095,4991
0.435,3.4033920413889422,3940
0.435,3.577924966588375,3056
0.435,3.752457891787808,2144
0.435,3.9269908169872414,1392
0.435,4.101523742186675,1027
0.435,4.276056667386107,814
0.435,4.4505895925855405,719
0.435,4.625122517784973,632
0.435,4.799655442984406,640
0.435,4.974188368183839,667
0.435,5.148721293383272,823
0.435,5.323254218582705,1126
0.435,5.497787143782138,1446
0.435,5.672320068981571,2050
0.435,5.8468529941810035,2865
0.435,6.021385919380437,3986
0.435,6.19591884457987,5082
0.445,0.08726646259971647,6627
0.445,0.2617993877991494,7286
0.445,0.4363323129985824,7376
0.445,0.6108652381980153,6987
0.445,0.7853981633974483,6428
0.445,0.9599310885968811,5853
0.445,1.1344640137963142,5272
0.445,1.308996938995747,4941
0.445,1.4835298641951802,4692
0.445,1.658062789394613,4696
0.445,1.8325957145940461,4977
0.445,2.007128639793479,5279
0.445,2.181661564992912,5749
0.445,2.356194490192345,6339
0.445,2.530727415391778,7005
0.445,2.705260340591211,7093
0.445,2.879793265790644,7073
0.445,3.0543261909900767,6350
0.445,3.2288591161895095,5441
0.445,3.4033920413889422,4096
0.445,3.577924966588375,3174
0.445,3.752457891787808,2130
0.445,3.9269908169872414,1517
0.445,4.101523742186675,1016
0.445,4.276056667386107,852
0.445,4.4505895925855405,683
0.445,4.625122517784973,590
0.445,4.799655442984406,618
0.445,4.974188368183839,727
0.445,5.148721293383272,983
0.445,5.323254218582705,1239
0.445,5.497787143782138,1668
0.445,5.672320068981571,2285
0.445,5.8468529941810035,3198
0.445,6.021385919380437,4511
0.445,6.19591884457987,5486
0.455,0.08726646259971647,7251
0.455,0.2617993877991494,7982
0.455,0.4363323129985824,7864
0.455,0.6108652381980153,7565
0.455,0.7853981633974483,7108
0.455,0.9599310885968811,6362
0.455,1.1344640137963142,5746
0.455,1.308996938995747,5392
0.455,1.4835298641951802,5067
0.455,1.658062789394613,5048
0.455,1.8325957145940461,5311
0.455,2.007128639793479,5916
0.455,2.181661564992912,6285
0.455,2.356194490192345,7089
0.455,2.530727415391778,7668
0.455,2.705260340591211,7983
0.455,2.879793265790644,7842
0.455,3.0543261909900767,7127
0.455,3.2288591161895095,5936
0.455,3.4033920413889422,4592
0.455,3.577924966588375,3459
0.455,3.752457891787808,2389
0.455,3.9269908169872414,1715
0.455,4.101523742186675,1193
0.455,4.276056667386107,920
0.455,4.4505895925855405,799
0.455,4.625122517784973,677
0.455,4.799655442984406,684
0.455,4.974188368183839,784
0.455,5.148721293383272,995
0.455,5.323254218582705,1203
0.455,5.497787143782138,1666
0.455,5.672320068981571,2524
0.455,5.8468529941810035,3556
0.455,6.021385919380437,4828
0.455,6.19591884457987,6162
0.465,0.08726646259971647,7984
0.465,0.2617993877991494,8680
0.465,0.4363323129985824,8725
0.465,0.6108652381980153,8158
0.465,0.7853981633974483,7381
0.465,0.9599310885968811,6872
0.465,1.1344640137963142,6228
0.465,1.308996938995747,5756
0.465,1.4835298641951802,5423
0.465,1.658062789394613,5368
0.465,1.8325957145940461,5934
0.465,2.007128639793479,6369
0.465,2.181661564992912,7059
0.465,2.356194490192345,7752
0.465,2.530727415391778,8223
0.465,2.705260340591211,8718
0.465,2.879793265790644,8496
0.465,3.0543261909900767,7821
0.465,3.2288591161895095,6573
0.465,3.4033920413889422,5006
0.465,3.577924966588375,3810
0.465,3.752457891787808,2551
0.465,3.9269908169872414,1777
0.465,4.101523742186675,1342
0.465,4.276056667386107,1006
0.465,4.4505895925855405,830
0.465,4.625122517784973,799
0.465,4.799655442984406,799
0.465,4.974188368183839,857
0.465,5.148721293383272,1053
0.465,5.323254218582705,1345
0.465,5.497787143782138,1880
0.465,5.672320068981571,2689
0.465,5.8468529941810035,3871
0.465,6.021385919380437,5353
0.465,6.19591884457987,6727
0.475,0.08726646259971647,8608
0.475,0.2617993877991494,9755
0.475,0.4363323129985824,9637
0.475,0.6108652381980153,9135
0.475,0.7853981633974483,8350
0.475,0.9599310885968811,7571
0.475,1.1344640137963142,6810
0.475,1.308996938995747,6226
0.475,1.4835298641951802,6037
0.475,1.658062789394613,6078
0.475,1.8325957145940461,6457
0.475,2.007128639793479,7072
0.475,2.181661564992912,7793
0.475,2.356194490192345,8592
0.475,2.530727415391778,9251
0.475,2.705260340591211,9471
0.475,2.879793265790644,9178
0.475,3.0543261909900767,8407
0.475,3.2288591161895095,7034
0.475,3.4033920413889422,5579
0.475,3.577924966588375,4159
0.475,3.752457891787808,2994
0.475,3.9269908169872414,2001
0.475,4.101523742186675,1418
0.475,4.276056667386107,1098
0.475,4.4505895925855405,900
0.475,4.625122517784973,851
0.475,4.799655442984406,788
0.475,4.974188368183839,941
0.475,5.148721293383272,1087
0.475,5.323254218582705,1543
0.475,5.497787143782138,2117
0.475,5.672320068981571,3003
0.475,5.8468529941810035,4152
0.475,6.021385919380437,5654
0.475,6.19591884457987,7445
0.485,0.08726646259971647,9375
0.485,0.2617993877991494,10432
0.485,0.4363323129985824,10612
0.485,0.6108652381980153,10292
0.485,0.7853981633974483,9246
0.485,0.9599310885968811,8343
0.485,1.1344640137963142,7359
0.485,1.308996938995747,6864
0.485,1.4835298641951802,6513
0.485,1.658062789394613,6879
0.485,1.8325957145940461,7372
0.485,2.007128639793479,7831
0.485,2.181661564992912,8600
0.485,2.356194490192345,9557
0.485,2.530727415391778,10253
0.485,2.705260340591211,10573
0.485,2.879793265790644,10047
0.485,3.0543261909900767,9178
0.485,3.2288591161895095,7652
0.485,3.4033920413889422,6047
0.485,3.577924966588375,4483
0.485,3.752457891787808,3167
0.485,3.9269908169872414,2180
0.485,4.101523742186675,1607
0.485,4.276056667386107,1246
0.485,4.4505895925855405,1005
0.485,4.625122517784973,840
0.485,4.799655442984406,929
0.485,4.974188368183839,1039
0.485,5.148721293383272,1224
0.485,5.323254218582705,1636
0.485,5.497787143782138,2237
0.485,5.672320068981571,3253
0.485,5.8468529941810035,4571
0.485,6.021385919380437,6252
0.485,6.19591884457987,7962
0.495,0.08726646259971647,10374
0.495,0.2617993877991494,11165
0.495,0.4363323129985824,11859
0.495,0.6108652381980153,11304
0.495,0.7853981633974483,10331
0.495,0.9599310885968811,9349
0.495,1.1344640137963142,8401
0.495,1.308996938995747,7738
0.495,1.4835298641951802,7393
0.495,1.658062789394613,7499
0.495,1.8325957145940461,7863
0.495,2.007128639793479,8263
0.495,2.181661564992912,9419
0.495,2.356194490192345,10080
0.495,2.530727415391778,11138
0.495,2.705260340591211,11641
0.495,2.879793265790644,11002
0.495,3.0543261909900767,10073
0.495,3.2288591161895095,8547
0.495,3.4033920413889422,6419
0.495,3.577924966588375,4689
0.495,3.752457891787808,3276
0.495,3.9269908169872414,2291
0.495,4.101523742186675,1712
0.495,4.276056667386107,1340
0.495,4.4505895925855405,1035
0.495,4.625122517784973,979
0.495,4.799655442984406,943
0.495,4.974188368183839,1096
0.495,5.148721293383272,1328
0.495,5.323254218582705,1890
0.495,5.497787143782138,2593
0.495,5.672320068981571,3579
0.495,5.8468529941810035,5058
0.495,6.021385919380437,6785
0.495,6.19591884457987,8516
0.505,0.08726646259971647,11143
0.505,0.2617993877991494,12461
0.505,0.4363323129985824,12646
0.505,0.6108652381980153,12218
0.505,0.7853981633974483,11065
0.505,0.9599310885968811,10112
0.505,1.1344640137963142,9235
0.505,1.308996938995747,8390
0.505,1.4835298641951802,8065
0.505,1.658062789394613,7937
0.505,1.8325957145940461,8456
0.505,2.007128639793479,9104
0.505,2.181661564992912,10130
0.505,2.356194490192345,11125
0.505,2.530727415391778,12274
0.505,2.705260340591211,12618
0.505,2.879793265790644,12483
0.505,3.0543261909900767,11136
0.505,3.2288591161895095,9289
0.505,3.4033920413889422,7111
0.505,3.577924966588375,5219
0.505,3.752457891787808,3658
0.505,3.9269908169872414,2547
0.505,4.101523742186675,1898
0.505,4.276056667386107,1480
0.505,4.4505895925855405,1236
0.505,4.625122517784973,1075
0.505,4.799655442984406,1063
0.505,4.974188368183839,1168
0.505,5.148721293383272,1473
0.505,5.323254218582705,2049
0.505,5.497787143782138,2753
0.505,5.672320068981571,3963
0.505,5.8468529941810035,5446
0.505,6.021385919380437,7372
0.505,6.19591884457987,9720
0.515,0.08726646259971647,12497
0.515,0.2617993877991494,13653
0.515,0.4363323129985824,13887
0.515,0.6108652381980153,13171
0.515,0.7853981633974483,12425
0.515,0.9599310885968811,11128
0.515,1.1344640137963142,10112
0.515,1.308996938995747,9595
0.515,1.4835298641951802,9018
0.515,1.658062789394613,8861
0.515,1.8325957145940461,9438
0.515,2.007128639793479,10296
0.515,2.181661564992912,10941
0.515,2.356194490192345,12312
0.515,2.530727415391778,13366
0.515,2.705260340591211,14047
0.515,2.879793265790644,13471
0.515,3.0543261909900767,12298
0.515,3.2288591161895095,10109
0.515,3.4033920413889422,7872
0.515,3.577924966588375,5905
0.515,3.752457891787808,4130
0.515,3.9269908169872414,2890
0.515,4.101523742186675,2048
0.515,4.276056667386107,1653
0.515,4.4505895925855405,1280
0.515,4.625122517784973,1136
0.515,4.799655442984406,1239
0.515,4.974188368183839,1399
0.515,5.148721293383272,1616
0.515,5.323254218582705,2240
0.515,5.497787143782138,2961
0.515,5.672320068981571,4170
0.515,5.8468529941810035,6017
0.515,6.021385919380437,8129
0.515,6.19591884457987,10397
0.525,0.08726646259971647,13505
0.525,0.2617993877991494,14806
0.525,0.4363323129985824,15110
0.525,0.6108652381980153,14555
0.525,0.7853981633974483,13332
0.525,0.9599310885968811,11993
0.525,1.1344640137963142,10960
0.525,1.308996938995747,10438
0.525,1.4835298641951802,9793
0.525,1.658062789394613,10050
0.525,1.8325957145940461,10465
0.525,2.007128639793479,11285
0.525,2.181661564992912,12509
0.525,2.356194490192345,13432
0.525,2.530727415391778,14399
0.525,2.705260340591211,15052
0.525,2.879793265790644,14580
0.525,3.0543261909900767,13084
0.525,3.2288591161895095,11198
0.525,3.4033920413889422,8650
0.525,3.577924966588375,6343
0.525,3.752457891787808,4505
0.525,3.9269908169872414,3282
0.525,4.101523742186675,2328
0.525,4.276056667386107,1761
0.525,4.4505895925855405,1445
0.525,4.625122517784973,1249
0.525,4.799655442984406,1315
0.525,4.974188368183839,1495
0.525,5.148721293383272,1875
0.525,5.323254218582705,2352
0.525,5.497787143782138,3392
0.525,5.672320068981571,4624
0.525,5.8468529941810035,6594
0.525,6.021385919380437,8831
0.525,6.19591884457987,11444
0.535,0.08726646259971647,14733
0.535,0.2617993877991494,16219
0.535,0.4363323129985824,16507
0.535,0.6108652381980153,15598
0.535,0.7853981633974483,14329
0.535,0.9599310885968811,13060
0.535,1.1344640137963142,11852
0.535,1.308996938995747,11372
0.535,1.4835298641951802,10814
0.535,1.658062789394613,10742
0.535,1.8325957145940461,11668
0.535,2.007128639793479,12280
0.535,2.181661564992912,13478
0.535,2.356194490192345,14412
0.535,2.530727415391778,15527
0.535,2.705260340591211,16250
0.535,2.879793265790644,15873
0.535,3.0543261909900767,14187
0.535,3.2288591161895095,11833
0.535,3.4033920413889422,9168
0.535,3.577924966588375,6547
0.535,3.752457891787808,4839
0.535,3.9269908169872414,3400
0.535,4.101523742186675,2368
0.535,4.276056667386107,1984
0.535,4.4505895925855405,1699
0.535,4.625122517784973,1459
0.535,4.799655442984406,1441
0.535,4.974188368183839,1622
0.535,5.148721293383272,1992
0.535,5.323254218582705,2585
0.535,5.497787143782138,3585
0.535,5.672320068981571,4964
0.535,5.8468529941810035,7265
0.535,6.021385919380437,9877
0.535,6.19591884457987,12249
0.545,0.08726646259971647,15774
0.545,0.2617993877991494,17438
0.545,0.4363323129985824,17600
0.545,0.6108652381980153,16885
0.545,0.7853981633974483,15249
0.545,0.9599310885968811,14320
0.545,1.1344640137963142,13299
0.545,1.308996938995747,12607
0.545,1.4835298641951802,11882
0.545,1.658062789394613,11773
0.545,1.8325957145940461,12637
0.545,2.007128639793479,13245
0.545,2.181661564992912,14121
0.545,2.356194490192345,15431
0.545,2.530727415391778,16724
0.545,2.705260340591211,17354
0.545,2.879793265790644,16908
0.545,3.0543261909900767,15204
0.545,3.2288591161895095,12503
0.545,3.4033920413889422,9757
0.545,3.577924966588375,7215
0.545,3.752457891787808,5066
0.545,3.9269908169872414,3720
0.545,4.101523742186675,2689
0.545,4.276056667386107,2072
0.545,4.4505895925855405,1832
0.545,4.625122517784973,1620
0.545,4.799655442984406,1544
0.545,4.974188368183839,1788
0.545,5.148721293383272,2219
0.545,5.323254218582705,2790
0.545,5.497787143782138,3804
0.545,5.672320068981571,5524
0.545,5.8468529941810035,7622
0.545,6.021385919380437,10428
0.545,6.19591884457987,13279
0.555,0.08726646259971647,16836
0.555,0.2617993877991494,18601
0.555,0.4363323129985824,19173
0.555,0.6108652381980153,17861
0.555,0.7853981633974483,16875
0.555,0.9599310885968811,15530
0.555,1.1344640137963142,14320
0.555,1.308996938995747,13699
0.555,1.4835298641951802,12726
0.555,1.658062789394613,12766
0.555,1.8325957145940461,13501
0.555,2.007128639793479,13932
0.555,2.181661564992912,15177
0.555,2.356194490192345,16749
0.555,2.530727415391778,17787
0.555,2.705260340591211,18548
0.555,2.879793265790644,17915
0.555,3.0543261909900767,16347
0.555,3.2288591161895095,13926
0.555,3.4033920413889422,10650
0.555,3.577924966588375,7842
0.555,3.752457891787808,5543
0.555,3.9269908169872414,4005
0.555,4.101523742186675,2912
0.555,4.276056667386107,2239
0.555,4.4505895925855405,1873
0.555,4.625122517784973,1669
0.555,4.799655442984406,1615
0.555,4.974188368183839,1924
0.555,5.148721293383272,2313
0.555,5.323254218582705,2979
0.555,5.497787143782138,4059
0.555,5.672320068981571,5744
0.555,5.8468529941810035,8212
0.555,6.021385919380437,11028
0.555,6.19591884457987,14207
0.565,0.08726646259971647,18044
0.565,0.2617993877991494,19826
0.565,0.4363323129985824,20003
0.565,0.6108652381980153,18962
0.565,0.7853981633974483,17826
0.565,0.9599310885968811,16382
0.565,1.1344640137963142,15492
0.565,1.308996938995747,14708
0.565,1.4835298641951802,13654
0.565,1.658062789394613,13735
0.565,1.8325957145940461,14252
0.565,2.007128639793479,15108
0.565,2.181661564992912,16219
0.565,2.356194490192345,17810
0.565,2.530727415391778,19095
0.565,2.705260340591211,19853
0.565,2.879793265790644,19052
0.565,3.0543261909900767,17762
0.565,3.2288591161895095,14603
0.565,3.4033920413889422,11429
0.565,3.577924966588375,8409
0.565,3.752457891787808,5883
0.565,3.9269908169872414,4347
0.565,4.101523742186675,3225
0.565,4.276056667386107,2571
0.565,4.4505895925855405,2093
0.565,4.625122517784973,1887
0.565,4.799655442984406,1827
0.565,4.974188368183839,2025
0.565,5.148721293383272,2441
0.565,5.323254218582705,3288
0.565,5.497787143782138,4458
0.565,5.672320068981571,6173
0.565,5.8468529941810035,8715
0.565,6.021385919380437,11910
0.565,6.19591884457987,15089
0.575,0.08726646259971647,18968
0.575,0.2617993877991494,20771
0.575,0.4363323129985824,21413
0.575,0.6108652381980153,20451
0.575,0.7853981633974483,19023
0.575,0.9599310885968811,17530
0.575,1.1344640137963142,16974
0.575,1.308996938995747,15614
0.575,1.4835298641951802,14872
0.575,1.658062789394613,14906
0.575,1.8325957145940461,15499
0.575,2.007128639793479,16468
0.575,2.181661564992912,17590
0.575,2.356194490192345,19087
0.575,2.530727415391778,20286
0.575,2.705260340591211,21081
0.575,2.879793265790644,20172
0.575,3.0543261909900767,18157
0.575,3.2288591161895095,15253
0.575,3.4033920413889422,12236
0.575,3.577924966588375,8905
0.575,3.752457891787808,6458
0.575,3.9269908169872414,4601
0.575,4.101523742186675,3503
0.575,4.276056667386107,2730
0.575,4.4505895925855405,2240
0.575,4.625122517784973,2042
0.575,4.799655442984406,2043
0.575,4.974188368183839,2258
0.575,5.148721293383272,2796
0.575,5.323254218582705,3460
0.575,5.497787143782138,4751
0.575,5.672320068981571,6523
0.575,5.8468529941810035,9181
0.575,6.021385919380437,12424
0.575,6.19591884457987,16355
0.585,0.08726646259971647,20162
0.585,0.2617993877991494,22173
0.585,0.4363323129985824,22484
0.585,0.6108652381980153,21976
0.585,0.7853981633974483,20477
0.585,0.9599310885968811,19161
0.585,1.1344640137963142,17920
0.585,1.308996938995747,17192
0.585,1.4835298641951802,16630
0.585,1.658062789394613,16395
0.585,1.8325957145940461,16719
0.585,2.007128639793479,17879
0.585,2.181661564992912,18894
0.585,2.356194490192345,20325
0.585,2.530727415391778,21727
0.585,2.705260340591211,22169
0.585,2.879793265790644,21363
0.585,3.0543261909900767,19540
0.585,3.2288591161895095,16137
0.585,3.4033920413889422,12747
0.585,3.577924966588375,9327
0.585,3.752457891787808,6977
0.585,3.9269908169872414,4981
0.585,4.101523742186675,3780
0.585,4.276056667386107,2969
0.585,4.4505895925855405,2440
0.585,4.625122517784973,2199
0.585,4.799655442984406,2213
0.585,4.974188368183839,2483
0.585,5.148721293383272,2869
0.585,5.323254218582705,3750
0.585,5.497787143782138,5018
0.585,5.672320068981571,7150
0.585,5.8468529941810035,9792
0.585,6.021385919380437,13280
0.585,6.19591884457987,17007
0.595,0.08726646259971647,21288
0.595,0.2617993877991494,23543
0.595,0.4363323129985824,23835
0.595,0.6108652381980153,23143
0.595,0.7853981633974483,21563
0.595,0.9599310885968811,20347
0.595,1.1344640137963142,19291
0.595,1.308996938995747,18431
0.595,1.4835298641951802,17591
0.595,1.658062789394613,17545
0.595,1.8325957145940461,17934
0.595,2.007128639793479,18794
0.595,2.181661564992912,20038
0.595,2.356194490192345,21761
0.595,2.530727415391778,23184
0.595,2.705260340591211,23639
0.595,2.879793265790644,23067
0.595,3.0543261909900767,20621
0.595,3.2288591161895095,17426
0.595,3.4033920413889422,13669
0.595,3.577924966588375,10166
0.595,3.752457891787808,7406
0.595,3.9269908169872414,5252
0.595,4.101523742186675,4080
0.595,4.276056667386107,3029
0.595,4.4505895925855405,2699
0.595,4.625122517784973,2393
0.595,4.799655442984406,2394
0.595,4.974188368183839,2764
0.595,5.148721293383272,3322
0.595,5.323254218582705,4062
0.595,5.497787143782138,5678
0.595,5.672320068981571,7786
0.595,5.8468529941810035,10586
0.595,6.021385919380437,14104
0.595,6.19591884457987,18075
0.605,0.08726646259971647,21897
0.605,0.2617993877991494,24346
0.605,0.4363323129985824,25081
0.605,0.6108652381980153,24573
0.605,0.7853981633974483,23097
0.605,0.9599310885968811,21564
0.605,1.1344640137963142,20127
0.605,1.308996938995747,19424
0.605,1.4835298641951802,18755
0.605,1.658062789394613,18867
0.605,1.8325957145940461,19482
0.605,2.007128639793479,19958
0.605,2.181661564992912,21383
0.605,2.356194490192345,23401
0.605,2.530727415391778,24318
0.605,2.705260340591211,24916
0.605,2.879793265790644,24164
0.605,3.0543261909900767,21772
0.605,3.2288591161895095,18812
0.605,3.4033920413889422,14600
0.605,3.577924966588375,10868
0.605,3.752457891787808,7800
0.605,3.9269908169872414,5618
0.605,4.101523742186675,4417
0.605,4.276056667386107,3458
0.605,4.4505895925855405,2948
0.605,4.625122517784973,2708
0.605,4.799655442984406,2612
0.605,4.974188368183839,2923
0.605,5.148721293383272,3379
0.605,5.323254218582705,4302
0.605,5.497787143782138,5904
0.605,5.672320068981571,8205
0.605,5.8468529941810035,11182
0.605,6.021385919380437,14875
0.605,6.19591884457987,18820
0.615,0.08726646259971647,23485
0.615,0.2617993877991494,25707
0.615,0.4363323129985824,26336
0.615,0.6108652381980153,25973
0.615,0.7853981633974483,24498
0.615,0.9599310885968811,22808
0.615,1.1344640137963142,21120
0.615,1.308996938995747,20558
0.615,1.4835298641951802,20001
0.615,1.658062789394613,20017
0.615,1.8325957145940461,20533
0.615,2.007128639793479,21127
0.615,2.181661564992912,22769
0.615,2.356194490192345,24464
0.615,2.530727415391778,25877
0.615,2.705260340591211,26288
0.615,2.879793265790644,25454
0.615,3.0543261909900767,22841
0.615,3.2288591161895095,19306
0.615,3.4033920413889422,15249
0.615,3.577924966588375,11322
0.615,3.752457891787808,8179
0.615,3.9269908169872414,5993
0.615,4.101523742186675,4434
0.615,4.276056667386107,3604
0.615,4.4505895925855405,3254
0.615,4.625122517784973,2873
0.615,4.799655442984406,2796
0.615,4.974188368183839,2953
0.615,5.148721293383272,3570
0.615,5.323254218582705,4487
0.615,5.497787143782138,6092
0.615,5.672320068981571,8266
0.615,5.8468529941810035,11301
0.615,6.021385919380437,15511
0.615,6.19591884457987,19524
0.625,0.08726646259971647,23805
0.625,0.2617993877991494,26925
0.625,0.4363323129985824,27459
0.625,0.6108652381980153,26830
0.625,0.7853981633974483,25384
0.625,0.9599310885968811,23692
0.625,1.1344640137963142,22327
0.625,1.308996938995747,21740
0.625,1.4835298641951802,21337
0.625,1.658062789394613,21163
0.625,1.8325957145940461,21849
0.625,2.007128639793479,22685
0.625,2.181661564992912,23988
0.625,2.356194490192345,25302
0.625,2.530727415391778,26566
0.625,2.705260340591211,27316
0.625,2.879793265790644,26065
0.625,3.0543261909900767,24232
0.625,3.2288591161895095,20379
0.625,3.4033920413889422,15868
0.625,3.577924966588375,11863
0.625,3.752457891787808,8585
0.625,3.9269908169872414,6374
0.625,4.101523742186675,4768
0.625,4.276056667386107,3893
0.625,4.4505895925855405,3257
0.625,4.625122517784973,3183
0.625,4.799655442984406,3024
0.625,4.974188368183839,3262
0.625,5.148721293383272,3689
0.625,5.323254218582705,4647
0.625,5.497787143782138,6259
0.625,5.672320068981571,8682
0.625,5.8468529941810035,11884
0.625,6.021385919380437,16229
0.625,6.19591884457987,20278
0.635,0.08726646259971647,24813
0.635,0.2617993877991494,27983
0.635,0.4363323129985824,28369
0.635,0.6108652381980153,27845
0.635,0.7853981633974483,26724
0.635,0.9599310885968811,24628
0.635,1.1344640137963142,23559
0.635,1.308996938995747,22401
0.635,1.4835298641951802,21660
0.635,1.658062789394613,22064
0.635,1.8325957145940461,23130
0.635,2.007128639793479,23324
0.635,2.181661564992912,24801
0.635,2.356194490192345,26282
0.635,2.530727415391778,27611
0.635,2.705260340591211,28911
0.635,2.879793265790644,27527
0.635,3.0543261909900767,25109
0.635,3.2288591161895095,20860
0.635,3.4033920413889422,16793
0.635,3.577924966588375,12370
0.635,3.752457891787808,9015
0.635,3.9269908169872414,6637
0.635,4.101523742186675,5092
0.635,4.276056667386107,3981
0.635,4.4505895925855405,3443
0.635,4.625122517784973,3082
0.635,4.799655442984406,3129
0.635,4.974188368183839,3429
0.635,5.148721293383272,3874
0.635,5.323254218582705,4829
0.635,5.497787143782138,6427
0.635,5.672320068981571,8859
0.635,5.8468529941810035,12329
0.635,6.021385919380437,16646
0.635,6.19591884457987,20890
0.645,0.08726646259971647,25154
0.645,0.2617993877991494,28409
0.645,0.4363323129985824,29033
0.645,0.6108652381980153,28434
0.645,0.7853981633974483,27131
0.645,0.9599310885968811,25839
0.645,1.1344640137963142,24582
0.645,1.308996938995747,23575
0.645,1.4835298641951802,23112
0.645,1.658062789394613,23099
0.645,1.8325957145940461,23378
0.645,2.007128639793479,23656
0.645,2.181661564992912,25116
0.645,2.356194490192345,27050
0.645,2.530727415391778,28219
0.645,2.705260340591211,28667
0.645,2.879793265790644,27862
0.645,3.0543261909900767,25604
0.645,3.2288591161895095,21802
0.645,3.4033920413889422,16992
0.645,3.577924966588375,12757
0.645,3.752457891787808,9260
0.645,3.9269908169872414,6679
0.645,4.101523742186675,5062
0.645,4.276056667386107,4080
0.645,4.4505895925855405,3501
0.645,4.625122517784973,3274
0.645,4.799655442984406,3304
0.645,4.974188368183839,3489
0.645,5.148721293383272,4092
0.645,5.323254218582705,5062
0.645,5.497787143782138,6709
0.645,5.672320068981571,9101
0.645,5.8468529941810035,12410
0.645,6.021385919380437,16692
0.645,6.19591884457987,21532
0.655,0.08726646259971647,25487
0.655,0.2617993877991494,28250
0.655,0.4363323129985824,29497
0.655,0.6108652381980153,29023
0.655,0.7853981633974483,27760
0.655,0.9599310885968811,26423
0.655,1.1344640137963142,25160
0.655,1.308996938995747,24764
0.655,1.4835298641951802,23935
0.655,1.658062789394613,23899
0.655,1.8325957145940461,24435
0.655,2.007128639793479,25194
0.655,2.181661564992912,26171
0.655,2.356194490192345,27771
0.655,2.530727415391778,28823
0.655,2.705260340591211,29524
0.655,2.879793265790644,28318
0.655,3.0543261909900767,25313
0.655,3.2288591161895095,21690
0.655,3.4033920413889422,17211
0.655,3.577924966588375,12847
0.655,3.752457891787808,9371
0.655,3.9269908169872414,7051
0.655,4.101523742186675,5181
0.655,4.276056667386107,3979
0.655,4.4505895925855405,3493
0.655,4.625122517784973,3240
0.655,4.799655442984406,3231
0.655,4.974188368183839,3596
0.655,5.148721293383272,4210
0.655,5.323254218582705,5339
0.655,5.497787143782138,6809
0.655,5.672320068981571,9323
0.655,5.8468529941810035,12493
0.655,6.021385919380437,16614
0.655,6.19591884457987,21631
0.665,0.08726646259971647,25652
0.665,0.2617993877991494,28450
0.665,0.4363323129985824,29783
0.665,0.6108652381980153,29255
0.665,0.7853981633974483,28142
0.665,0.9599310885968811,26770
0.665,1.1344640137963142,25474
0.665,1.308996938995747,25396
0.665,1.4835298641951802,25203
0.665,1.658062789394613,24701
0.665,1.8325957145940461,25080
0.665,2.007128639793479,25671
0.665,2.181661564992912,26777
0.665,2.356194490192345,27673
0.665,2.530727415391778,29139
0.665,2.705260340591211,28995
0.665,2.879793265790644,27917
0.665,3.0543261909900767,25105
0.665,3.2288591161895095,21411
0.665,3.4033920413889422,16996
0.665,3.577924966588375,12766
0.665,3.752457891787808,9170
0.665,3.9269908169872414,7014
0.665,4.101523742186675,5180
0.665,4.276056667386107,4197
0.665,4.4505895925855405,3520
0.665,4.625122517784973,3234
0.665,4.799655442984406,3166
0.665,4.974188368183839,3470
0.665,5.148721293383272,4113
0.665,5.323254218582705,5189
0.665,5.497787143782138,6939
0.665,5.672320068981571,9465
0.665,5.8468529941810035,12762
0.665,6.021385919380437,17289
0.665,6.19591884457987,21474
0.675,0.08726646259971647,24765
0.675,0.2617993877991494,28079
0.675,0.4363323129985824,29617
0.675,0.6108652381980153,29360
0.675,0.7853981633974483,28040
0.675,0.9599310885968811,26990
0.675,1.1344640137963142,26210
0.675,1.308996938995747,26046
0.675,1.4835298641951802,25282
0.675,1.658062789394613,25339
0.675,1.8325957145940461,25574
0.675,2.007128639793479,25862
0.675,2.181661564992912,26867
0.675,2.356194490192345,27997
0.675,2.530727415391778,28722
0.675,2.705260340591211,29162
0.675,2.879793265790644,27964
0.675,3.0543261909900767,24889
0.675,3.2288591161895095,21264
0.675,3.4033920413889422,16771
0.675,3.577924966588375,12639
0.675,3.752457891787808,9169
0.675,3.9269908169872414,6721
0.675,4.101523742186675,5325
0.675,4.276056667386107,4318
0.675,4.4505895925855405,3544
0.675,4.625122517784973,3230
0.675,4.799655442984406,3312
0.675,4.974188368183839,3488
0.675,5.148721293383272,4131
0.675,5.323254218582705,5144
0.675,5.497787143782138,6703
0.675,5.672320068981571,9524
0.675,5.8468529941810035,12828
0.675,6.021385919380437,16667
0.675,6.19591884457987,21379
0.685,0.08726646259971647,24104
0.685,0.2617993877991494,26950
0.685,0.4363323129985824,28097
0.685,0.6108652381980153,28342
0.685,0.7853981633974483,27607
0.685,0.9599310885968811,26755
0.685,1.1344640137963142,26177
0.685,1.308996938995747,25851
0.685,1.4835298641951802,25815
0.685,1.658062789394613,25513
0.685,1.8325957145940461,25758
0.685,2.007128639793479,25954
0.685,2.181661564992912,26304
0.685,2.356194490192345,27531
0.685,2.530727415391778,27789
0.685,2.705260340591211,28014
0.685,2.879793265790644,27103
0.685,3.0543261909900767,24186
0.685,3.2288591161895095,20248
0.685,3.4033920413889422,16180
0.685,3.577924966588375,12423
0.685,3.752457891787808,8845
0.685,3.9269908169872414,6727
0.685,4.101523742186675,5171
0.685,4.276056667386107,4247
0.685,4.4505895925855405,3623
0.685,4.625122517784973,3385
0.685,4.799655442984406,3417
0.685,4.974188368183839,3678
0.685,5.148721293383272,4020
0.685,5.323254218582705,5153
0.685,5.497787143782138,6836
0.685,5.672320068981571,9132
0.685,5.8468529941810035,12582
0.685,6.021385919380437,16250
0.685,6.19591884457987,20153
0.695,0.08726646259971647,22746
0.695,0.2617993877991494,25460
0.695,0.4363323129985824,27087
0.695,0.6108652381980153,27160
0.695,0.7853981633974483,26508
0.695,0.9599310885968811,25403
0.695,1.1344640137963142,25522
0.695,1.308996938995747,25646
0.695,1.4835298641951802,25245
0.695,1.658062789394613,25099
0.695,1.8325957145940461,25413
0.695,2.007128639793479,25612
0.695,2.181661564992912,25946
0.695,2.356194490192345,26219
0.695,2.530727415391778,27015
0.695,2.705260340591211,26740
0.695,2.879793265790644,25379
0.695,3.0543261909900767,22714
0.695,3.2288591161895095,19150
0.695,3.4033920413889422,15053
0.695,3.577924966588375,11470
0.695,3.752457891787808,8833
0.695,3.9269908169872414,6617
0.695,4.101523742186675,5106
0.695,4.276056667386107,4243
0.695,4.4505895925855405,3759
0.695,4.625122517784973,3409
0.695,4.799655442984406,3377
0.695,4.974188368183839,3704
0.695,5.148721293383272,4110
0.695,5.323254218582705,5072
0.695,5.497787143782138,6248
0.695,5.672320068981571,8639
0.695,5.8468529941810035,11606
0.695,6.021385919380437,14914
0.695,6.19591884457987,18844
0.705,0.08726646259971647,20593
0.705,0.2617993877991494,22905
0.705,0.4363323129985824,24205
0.705,0.6108652381980153,25108
0.705,0.7853981633974483,25209
0.705,0.9599310885968811,24586
0.705,1.1344640137963142,24446
0.705,1.308996938995747,24646
0.705,1.4835298641951802,24122
0.705,1.658062789394613,23879
0.705,1.8325957145940461,24591
0.705,2.007128639793479,24556
0.705,2.181661564992912,24474
0.705,2.356194490192345,24910
0.705,2.530727415391778,24993
0.705,2.705260340591211,24166
0.705,2.879793265790644,23017
0.705,3.0543261909900767,20737
0.705,3.2288591161895095,17340
0.705,3.4033920413889422,13721
0.705,3.577924966588375,10519
0.705,3.752457891787808,7996
0.705,3.9269908169872414,6343
0.705,4.101523742186675,4955
0.705,4.276056667386107,4084
0.705,4.4505895925855405,3748
0.705,4.625122517784973,3451
0.705,4.799655442984406,3424
0.705,4.974188368183839,3559
0.705,5.148721293383272,4043
0.705,5.323254218582705,4803
0.705,5.497787143782138,5987
0.705,5.672320068981571,7922
0.705,5.8468529941810035,10677
0.705,6.021385919380437,13752
0.705,6.19591884457987,17218
0.715,0.08726646259971647,18036
0.715,0.2617993877991494,20363
0.715,0.4363323129985824,21747
0.715,0.6108652381980153,22285
0.715,0.7853981633974483,22310
0.715,0.9599310885968811,22558
0.715,1.1344640137963142,22803
0.715,1.308996938995747,23263
0.715,1.4835298641951802,22428
0.715,1.658062789394613,22648
0.715,1.8325957145940461,23048
0.715,2.007128639793479,22995
0.715,2.181661564992912,22465
0.715,2.356194490192345,22585
0.715,2.530727415391778,22285
0.715,2.705260340591211,21506
0.715,2.879793265790644,20150
0.715,3.0543261909900767,17895
0.715,3.2288591161895095,14831
0.715,3.4033920413889422,12146
0.715,3.577924966588375,9546
0.715,3.752457891787808,7078
0.715,3.9269908169872414,5816
0.715,4.101523742186675,4535
0.715,4.276056667386107,3775
0.715,4.4505895925855405,3458
0.715,4.625122517784973,3222
0.715,4.799655442984406,3209
0.715,4.974188368183839,3569
0.715,5.148721293383272,3779
0.715,5.323254218582705,4608
0.715,5.497787143782138,5634
0.715,5.672320068981571,7321
0.715,5.8468529941810035,9503
0.715,6.021385919380437,12283
0.715,6.19591884457987,15180
0.725,0.08726646259971647,15115
0.725,0.2617993877991494,17083
0.725,0.4363323129985824,18488
0.725,0.6108652381980153,19524
0.725,0.7853981633974483,19813
0.725,0.9599310885968811,20387
0.725,1.1344640137963142,20826
0.725,1.308996938995747,21178
0.725,1.4835298641951802,20195
0.725,1.658062789394613,20572
0.725,1.8325957145940461,21137
0.725,2.007128639793479,20821
0.725,2.181661564992912,19892
0.725,2.356194490192345,19594
0.725,2.530727415391778,18833
0.725,2.705260340591211,17948
0.725,2.879793265790644,16307
0.725,3.0543261909900767,14395
0.725,3.2288591161895095,12267
0.725,3.4033920413889422,10048
0.725,3.577924966588375,7993
0.725,3.752457891787808,6275
0.725,3.9269908169872414,5126
0.725,4.101523742186675,4405
0.725,4.276056667386107,3742
0.725,4.4505895925855405,3273
0.725,4.625122517784973,3090
0.725,4.799655442984406,3064
0.725,4.974188368183839,3294
0.725,5.148721293383272,3665
0.725,5.323254218582705,4110
0.725,5.497787143782138,5093
0.725,5.672320068981571,6317
0.725,5.8468529941810035,8184
0.725,6.021385919380437,10232
0.725,6.19591884457987,12754
0.735,0.08726646259971647,11299
0.735,0.2617993877991494,12803
0.735,0.4363323129985824,13904
0.735,0.6108652381980153,15431
0.735,0.7853981633974483,16307
0.735,0.9599310885968811,17247
0.735,1.1344640137963142,17977
0.735,1.308996938995747,18318
0.735,1.4835298641951802,17846
0.735,1.658062789394613,18132
0.735,1.8325957145940461,18723
0.735,2.007128639793479,18252
0.735,2.181661564992912,16990
0.735,2.356194490192345,16007
0.735,2.530727415391778,15194
0.735,2.705260340591211,13865
0.735,2.879793265790644,12395
0.735,3.0543261909900767,10917
0.735,3.2288591161895095,9282
0.735,3.4033920413889422,7825
0.735,3.577924966588375,6354
0.735,3.752457891787808,5153
0.735,3.9269908169872414,4379
0.735,4.101523742186675,3878
0.735,4.276056667386107,3434
0.735,4.4505895925855405,3253
0.735,4.625122517784973,2889
0.735,4.799655442984406,2956
0.735,4.974188368183839,3149
0.735,5.148721293383272,3360
0.735,5.323254218582705,3561
0.735,5.497787143782138,4153
0.735,5.672320068981571,5094
0.735,5.8468529941810035,6211
0.735,6.021385919380437,7739
0.735,6.19591884457987,9404
0.745,0.08726646259971647,7643
0.745,0.2617993877991494,8967
0.745,0.4363323129985824,9997
0.745,0.6108652381980153,10981
0.745,0.7853981633974483,12067
0.745,0.9599310885968811,13398
0.745,1.1344640137963142,14560
0.745,1.308996938995747,14691
0.745,1.4835298641951802,14410
0.745,1.658062789394613,14475
0.745,1.8325957145940461,15065
0.745,2.007128639793479,14653
0.745,2.181661564992912,13524
0.745,2.356194490192345,12202
0.745,2.530727415391778,10901
0.745,2.705260340591211,9721
0.745,2.879793265790644,8470
0.745,3.0543261909900767,7362
0.745,3.2288591161895095,6349
0.745,3.4033920413889422,5308
0.745,3.577924966588375,4586
0.745,3.752457891787808,3791
0.745,3.9269908169872414,3305
0.745,4.101523742186675,2975
0.745,4.276056667386107,2894
0.745,4.4505895925855405,2665
0.745,4.625122517784973,2505
0.745,4.799655442984406,2535
0.745,4.974188368183839,2611
0.745,5.148721293383272,2718
0.745,5.323254218582705,2918
0.745,5.497787143782138,3214
0.745,5.672320068981571,3788
0.745,5.8468529941810035,4428
0.745,6.021385919380437,5247
0.745,6.19591884457987,6366
0.755,0.08726646259971647,4425
0.755,0.2617993877991494,5208
0.755,0.4363323129985824,6140
0.755,0.6108652381980153,7097
0.755,0.7853981633974483,8090
0.755,0.9599310885968811,9164
0.755,1.1344640137963142,10480
0.755,1.308996938995747,10204
0.755,1.4835298641951802,9452
0.755,1.658062789394613,9734
0.755,1.8325957145940461,10502
0.755,2.007128639793479,10215
0.755,2.181661564992912,9030
0.755,2.356194490192345,7976
0.755,2.530727415391778,6959
0.755,2.705260340591211,5972
0.755,2.879793265790644,5115
0.755,3.0543261909900767,4148
0.755,3.2288591161895095,3688
0.755,3.4033920413889422,3141
0.755,3.577924966588375,2655
0.755,3.752457891787808,2317
0.755,3.9269908169872414,2225
0.755,4.101523742186675,2129
0.755,4.276056667386107,2040
0.755,4.4505895925855405,1948
0.755,4.625122517784973,1799
0.755,4.799655442984406,1755
0.755,4.974188368183839,1844
0.755,5.148721293383272,1914
0.755,5.323254218582705,2099
0.755,5.497787143782138,2126
0.755,5.672320068981571,2424
0.755,5.8468529941810035,2713
0.755,6.021385919380437,3202
0.755,6.19591884457987,3870
0.765,0.08726646259971647,2293
0.765,0.2617993877991494,2809
0.765,0.4363323129985824,3272
0.765,0.6108652381980153,3851
0.765,0.7853981633974483,4693
0.765,0.9599310885968811,5565
0.765,1.1344640137963142,5730
0.765,1.308996938995747,4665
0.765,1.4835298641951802,3785
0.765,1.658062789394613,3732
0.765,1.8325957145940461,4673
0.765,2.007128639793479,5628
0.765,2.181661564992912,5312
0.765,2.356194490192345,4672
0.765,2.530727415391778,3906
0.765,2.705260340591211,3176
0.765,2.879793265790644,2634
0.765,3.0543261909900767,2322
0.765,3.2288591161895095,1944
0.765,3.4033920413889422,1619
0.765,3.577924966588375,1436
0.765,3.752457891787808,1278
0.765,3.9269908169872414,1174
0.765,4.101523742186675,1176
0.765,4.276056667386107,1057
0.765,4.4505895925855405,839
0.765,4.625122517784973,672
0.765,4.799655442984406,681
0.765,4.974188368183839,855
0.765,5.148721293383272,1108
0.765,5.323254218582705,1222
0.765,5.497787143782138,1306
0.765,5.672320068981571,1329
0.765,5.8468529941810035,1432
0.765,6.021385919380437,1676
0.765,6.19591884457987,1881
0.775,0.08726646259971647,1419
0.775,0.2617993877991494,1592
0.775,0.4363323129985824,1670
0.775,0.6108652381980153,1841
0.775,0.7853981633974483,2079
0.775,0.9599310885968811,2003
0.775,1.1344640137963142,1286
0.775,1.308996938995747,445
0.775,1.4835298641951802,177
0.775,1.658062789394613,163
0.775,1.8325957145940461,442
0.775,2.007128639793479,1264
0.775,2.181661564992912,1950
0.775,2.356194490192345,2097
0.775,2.530727415391778,1878
0.775,2.705260340591211,1675
0.775,2.879793265790644,1574
0.775,3.0543261909900767,1332
0.775,3.2288591161895095,1138
0.775,3.4033920413889422,904
0.775,3.577924966588375,707
0.775,3.752457891787808,548
0.775,3.9269908169872414,500
0.775,4.101523742186675,404
0.775,4.276056667386107,243
0.775,4.4505895925855405,83
0.775,4.625122517784973,29
0.775,4.799655442984406,24
0.775,4.974188368183839,68
0.775,5.148721293383272,257
0.775,5.323254218582705,417
0.775,5.497787143782138,540
0.775,5.672320068981571,582
0.775,5.8468529941810035,753
0.775,6.021385919380437,952
0.775,6.19591884457987,1200
0.785,0.08726646259971647,1179
0.785,0.2617993877991494,1163
0.785,0.4363323129985824,1009
0.785,0.6108652381980153,648
0.785,0.7853981633974483,411
0.785,0.9599310885968811,161
0.785,1.1344640137963142,12
0.785,1.308996938995747,1
0.785,1.4835298641951802,0
0.785,1.658062789394613,0
0.785,1.8325957145940461,0
0.785,2.007128639793479,14
0.785,2.181661564992912,144
0.785,2.356194490192345,407
0.785,2.530727415391778,681
0.785,2.705260340591211,977
0.785,2.879793265790644,1076
0.785,3.0543261909900767,1165
0.785,3.2288591161895095,880
0.785,3.4033920413889422,666
0.785,3.577924966588375,441
0.785,3.752457891787808,226
0.785,3.9269908169872414,99
0.785,4.101523742186675,35
0.785,4.276056667386107,2
0.785,4.4505895925855405,0
0.785,4.625122517784973,0
0.785,4.799655442984406,0
0.785,4.974188368183839,0
0.785,5.148721293383272,3
0.785,5.323254218582705,34
0.785,5.497787143782138,96
0.785,5.672320068981571,219
0.785,5.8468529941810035,428
0.785,6.021385919380437,679
0.785,6.19591884457987,1008
0.795,0.08726646259971647,1091
0.795,0.2617993877991494,954
0.795,0.4363323129985824,681
0.795,0.6108652381980153,285
0.795,0.7853981633974483,22
0.795,0.9599310885968811,0
0.795,1.1344640137963142,2
0.795,1.308996938995747,0
0.795,1.4835298641951802,0
0.795,1.658062789394613,0
0.795,1.8325957145940461,1
0.795,2.007128639793479,0
0.795,2.181661564992912,0
0.795,2.356194490192345,23
0.795,2.530727415391778,291
0.795,2.705260340591211,713
0.795,2.879793265790644,945
0.795,3.0543261909900767,1064
0.795,3.2288591161895095,890
0.795,3.4033920413889422,636
0.795,3.577924966588375,275
0.795,3.752457891787808,107
0.795,3.9269908169872414,8
0.795,4.101523742186675,0
0.795,4.276056667386107,0
0.795,4.4505895925855405,0
0.795,4.625122517784973,1
0.795,4.799655442984406,0
0.795,4.974188368183839,0
0.795,5.148721293383272,0
0.795,5.323254218582705,0
0.795,5.497787143782138,5
0.795,5.672320068981571,108
0.795,5.8468529941810035,310
0.795,6.021385919380437,621
0.795,6.19591884457987,882
0.805,0.08726646259971647,924
0.805,0.2617993877991494,816
0.805,0.4363323129985824,549
0.805,0.6108652381980153,208
0.805,0.7853981633974483,6
0.805,0.9599310885968811,0
0.805,1.1344640137963142,0
0.805,1.308996938995747,0
0.805,1.4835298641951802,0
0.805,1.658062789394613,0
0.805,1.8325957145940461,0
0.805,2.007128639793479,0
0.805,2.181661564992912,0
0.805,2.356194490192345,6
0.805,2.530727415391778,231
0.805,2.705260340591211,605
0.805,2.879793265790644,869
0.805,3.0543261909900767,952
0.805,3.2288591161895095,826
0.805,3.4033920413889422,571
0.805,3.577924966588375,310
0.805,3.752457891787808,77
0.805,3.9269908169872414,1
0.805,4.101523742186675,0
0.805,4.276056667386107,0
0.805,4.4505895925855405,0
0.805,4.625122517784973,0
0.805,4.799655442984406,0
0.805,4.974188368183839,0
0.805,5.148721293383272,0
0.805,5.323254218582705,0
0.805,5.497787143782138,4
0.805,5.672320068981571,81
0.805,5.8468529941810035,273
0.805,6.021385919380437,535
0.805,6.19591884457987,809
0.815,0.08726646259971647,710
0.815,0.2617993877991494,705
0.815,0.4363323129985824,413
0.815,0.6108652381980153,119
0.815,0.7853981633974483,5
0.815,0.9599310885968811,0
0.815,1.1344640137963142,0
0.815,1.308996938995747,0
0.815,1.4835298641951802,0
0.815,1.658062789394613,0
0.815,1.8325957145940461,0
0.815,2.007128639793479,0
0.815,2.181661564992912,0
0.815,2.356194490192345,5
0.815,2.530727415391778,142
0.815,2.705260340591211,499
0.815,2.879793265790644,759
0.815,3.0543261909900767,855
0.815,3.2288591161895095,735
0.815,3.4033920413889422,475
0.815,3.577924966588375,238
0.815,3.752457891787808,66
0.815,3.9269908169872414,1
0.815,4.101523742186675,0
0.815,4.276056667386107,0
0.815,4.4505895925855405,0
0.815,4.625122517784973,1
0.815,4.799655442984406,0
0.815,4.974188368183839,0
0.815,5.148721293383272,0
0.815,5.323254218582705,0
0.815,5.497787143782138,4
0.815,5.672320068981571,59
0.815,5.8468529941810035,224
0.815,6.021385919380437,413
0.815,6.19591884457987,673
0.825,0.08726646259971647,531
0.825,0.2617993877991494,473
0.825,0.4363323129985824,325
0.825,0.6108652381980153,132
0.825,0.7853981633974483,6
0.825,0.9599310885968811,0
0.825,1.1344640137963142,0
0.825,1.308996938995747,0
0.825,1.4835298641951802,0
0.825,1.658062789394613,0
0.825,1.8325957145940461,0
0.825,2.007128639793479,0
0.825,2.181661564992912,0
0.825,2.356194490192345,4
0.825,2.530727415391778,87
0.825,2.705260340591211,297
0.825,2.879793265790644,513
0.825,3.0543261909900767,600
0.825,3.2288591161895095,512
0.825,3.4033920413889422,312
0.825,3.577924966588375,128
0.825,3.752457891787808,47
0.825,3.9269908169872414,1
0.825,4.101523742186675,1
0.825,4.276056667386107,0
0.825,4.4505895925855405,0
0.825,4.625122517784973,0
0.825,4.799655442984406,0
0.825,4.974188368183839,0
0.825,5.148721293383272,0
0.825,5.323254218582705,0
0.825,5.497787143782138,2
0.825,5.672320068981571,34
0.825,5.8468529941810035,137
0.825,6.021385919380437,290
0.825,6.19591884457987,453
0.835,0.08726646259971647,296
0.835,0.2617993877991494,281
0.835,0.4363323129985824,176
0.835,0.6108652381980153,87
0.835,0.7853981633974483,24
0.835,0.9599310885968811,6
0.835,1.1344640137963142,1
0.835,1.308996938995747,0
0.835,1.4835298641951802,0
0.835,1.658062789394613,0
0.835,1.8325957145940461,0
0.835,2.007128639793479,2
0.835,2.181661564992912,10
0.835,2.356194490192345,20
0.835,2.530727415391778,78
0.835,2.705260340591211,145
0.835,2.879793265790644,309
0.835,3.0543261909900767,337
0.835,3.2288591161895095,305
0.835,3.4033920413889422,227
0.835,3.577924966588375,110
0.835,3.752457891787808,35
0.835,3.9269908169872414,12
0.835,4.101523742186675,6
0.835,4.276056667386107,1
0.835,4.4505895925855405,0
0.835,4.625122517784973,0
0.835,4.799655442984406,0
0.835,4.974188368183839,0
0.835,5.148721293383272,2
0.835,5.323254218582705,5
0.835,5.497787143782138,8
0.835,5.672320068981571,37
0.835,5.8468529941810035,110
0.835,6.021385919380437,182
0.835,6.19591884457987,305
0.845,0.08726646259971647,170
0.845,0.2617993877991494,158
0.845,0.4363323129985824,149
0.845,0.6108652381980153,112
0.845,0.7853981633974483,77
0.845,0.9599310885968811,65
0.845,1.1344640137963142,40
0.845,1.308996938995747,29
0.845,1.4835298641951802,14
0.845,1.658062789394613,19
0.845,1.8325957145940461,28
0.845,2.007128639793479,62
0.845,2.181661564992912,60
0.845,2.356194490192345,80
0.845,2.530727415391778,107
0.845,2.705260340591211,146
0.845,2.879793265790644,161
0.845,3.0543261909900767,222
0.845,3.2288591161895095,156
0.845,3.4033920413889422,126
0.845,3.577924966588375,86
0.845,3.752457891787808,56
0.845,3.9269908169872414,50
0.845,4.101523742186675,39
0.845,4.276056667386107,36
0.845,4.4505895925855405,14
0.845,4.625122517784973,7
0.845,4.799655442984406,4
0.845,4.974188368183839,11
0.845,5.148721293383272,15
0.845,5.323254218582705,25
0.845,5.497787143782138,39
0.845,5.672320068981571,44
0.845,5.8468529941810035,85
0.845,6.021385919380437,108
0.845,6.19591884457987,150
0.855,0.08726646259971647,142
0.855,0.2617993877991494,180
0.855,0.4363323129985824,184
0.855,0.6108652381980153,170
0.855,0.7853981633974483,200
0.855,0.9599310885968811,174
0.855,1.1344640137963142,145
0.855,1.308996938995747,190
0.855,1.4835298641951802,156
0.855,1.658062789394613,148
0.855,1.8325957145940461,159
0.855,2.007128639793479,198
0.855,2.181661564992912,160
0.855,2.356194490192345,190
0.855,2.530727415391778,184
0.855,2.705260340591211,184
0.855,2.879793265790644,146
0.855,3.0543261909900767,182
0.855,3.2288591161895095,113
0.855,3.4033920413889422,105
0.855,3.577924966588375,97
0.855,3.752457891787808,73
0.855,3.9269908169872414,69
0.855,4.101523742186675,85
0.855,4.276056667386107,83
0.855,4.4505895925855405,79
0.855,4.625122517784973,76
0.855,4.799655442984406,55
0.855,4.974188368183839,72
0.855,5.148721293383272,73
0.855,5.323254218582705,60
0.855,5.497787143782138,77
0.855,5.672320068981571,83
0.855,5.8468529941810035,92
0.855,6.021385919380437,125
0.855,6.19591884457987,127
0.865,0.08726646259971647,185
0.865,0.2617993877991494,237
0.865,0.4363323129985824,191
0.865,0.6108652381980153,243
0.865,0.7853981633974483,258
0.865,0.9599310885968811,271
0.865,1.1344640137963142,291
0.865,1.308996938995747,329
0.865,1.4835298641951802,352
0.865,1.658062789394613,317
0.865,1.8325957145940461,306
0.865,2.007128639793479,317
0.865,2.181661564992912,295
0.865,2.356194490192345,318
0.865,2.530727415391778,250
0.865,2.705260340591211,248
0.865,2.879793265790644,233
0.865,3.0543261909900767,211
0.865,3.2288591161895095,164
0.865,3.4033920413889422,176
0.865,3.577924966588375,138
0.865,3.752457891787808,148
0.865,3.9269908169872414,122
0.865,4.101523742186675,130
0.865,4.276056667386107,162
0.865,4.4505895925855405,136
0.865,4.625122517784973,143
0.865,4.799655442984406,114
0.865,4.974188368183839,137
0.865,5.148721293383272,110
0.865,5.323254218582705,125
0.865,5.497787143782138,125
0.865,5.672320068981571,115
0.865,5.8468529941810035,150
0.865,6.021385919380437,151
0.865,6.19591884457987,170
0.875,0.08726646259971647,269
0.875,0.2617993877991494,335
0.875,0.4363323129985824,379
0.875,0.6108652381980153,370
0.875,0.7853981633974483,389
0.875,0.9599310885968811,412
0.875,1.1344640137963142,425
0.875,1.308996938995747,455
0.875,1.4835298641951802,425
0.875,1.658062789394613,440
0.875,1.8325957145940461,459
0.875,2.007128639793479,412
0.875,2.181661564992912,392
0.875,2.356194490192345,399
0.875,2.530727415391778,355
0.875,2.705260340591211,366
0.875,2.879793265790644,342
0.875,3.0543261909900767,337
0.875,3.2288591161895095,300
0.875,3.4033920413889422,284
0.875,3.577924966588375,237
0.875,3.752457891787808,216
0.875,3.9269908169872414,188
0.875,4.101523742186675,185
0.875,4.276056667386107,175
0.875,4.4505895925855405,140
0.875,4.625122517784973,171
0.875,4.799655442984406,150
0.875,4.974188368183839,157
0.875,5.148721293383272,135
0.875,5.323254218582705,170
0.875,5.497787143782138,184
0.875,5.672320068981571,164
0.875,5.8468529941810035,211
0.875,6.021385919380437,217
0.875,6.19591884457987,260
0.885,0.08726646259971647,405
0.885,0.2617993877991494,466
0.885,0.4363323129985824,473
0.885,0.6108652381980153,535
0.885,0.7853981633974483,526
0.885,0.9599310885968811,516
0.885,1.1344640137963142,518
0.885,1.308996938995747,499
0.885,1.4835298641951802,493
0.885,1.658062789394613,497
0.885,1.8325957145940461,482
0.885,2.007128639793479,510
0.885,2.181661564992912,487
0.885,2.356194490192345,450
0.885,2.530727415391778,550
0.885,2.705260340591211,517
0.885,2.879793265790644,478
0.885,3.0543261909900767,445
0.885,3.2288591161895095,412
0.885,3.4033920413889422,353
0.885,3.577924966588375,296
0.885,3.752457891787808,237
0.885,3.9269908169872414,197
0.885,4.101523742186675,182
0.885,4.276056667386107,175
0.885,4.4505895925855405,158
0.885,4.625122517784973,123
0.885,4.799655442984406,130
0.885,4.974188368183839,139
0.885,5.148721293383272,143
0.885,5.323254218582705,143
0.885,5.497787143782138,173
0.885,5.672320068981571,215
0.885,5.8468529941810035,271
0.885,6.021385919380437,297
0.885,6.19591884457987,366
0.895,0.08726646259971647,506
0.895,0.2617993877991494,531
0.895,0.4363323129985824,654
0.895,0.6108652381980153,655
0.895,0.7853981633974483,649
0.895,0.9599310885968811,545
0.895,1.1344640137963142,560
0.895,1.308996938995747,593
0.895,1.4835298641951802,550
0.895,1.658062789394613,507
0.895,1.8325957145940461,488
0.895,2.007128639793479,525
0.895,2.181661564992912,517
0.895,2.356194490192345,575
0.895,2.530727415391778,659
0.895,2.705260340591211,746
0.895,2.879793265790644,663
0.895,3.0543261909900767,608
0.895,3.2288591161895095,525
0.895,3.4033920413889422,434
0.895,3.577924966588375,373
0.895,3.752457891787808,284
0.895,3.9269908169872414,225
0.895,4.101523742186675,202
0.895,4.276056667386107,166
0.895,4.4505895925855405,141
0.895,4.625122517784973,118
0.895,4.799655442984406,107
0.895,4.974188368183839,116
0.895,5.148721293383272,157
0.895,5.323254218582705,151
0.895,5.497787143782138,186
0.895,5.672320068981571,239
0.895,5.8468529941810035,306
0.895,6.021385919380437,394
0.895,6.19591884457987,492
0.905,0.08726646259971647,664
0.905,0.2617993877991494,743
0.905,0.4363323129985824,724
0.905,0.6108652381980153,724
0.905,0.7853981633974483,646
0.905,0.9599310885968811,632
0.905,1.1344640137963142,562
0.905,1.308996938995747,551
0.905,1.4835298641951802,559
0.905,1.658062789394613,539
0.905,1.8325957145940461,580
0.905,2.007128639793479,517
0.905,2.181661564992912,582
0.905,2.356194490192345,625
0.905,2.530727415391778,734
0.905,2.705260340591211,722
0.905,2.879793265790644,826
0.905,3.0543261909900767,695
0.905,3.2288591161895095,613
0.905,3.4033920413889422,508
0.905,3.577924966588375,424
0.905,3.752457891787808,349
0.905,3.9269908169872414,257
0.905,4.101523742186675,208
0.905,4.276056667386107,169
0.905,4.4505895925855405,108
0.905,4.625122517784973,115
0.905,4.799655442984406,87
0.905,4.974188368183839,113
0.905,5.148721293383272,114
0.905,5.323254218582705,141
0.905,5.497787143782138,183
0.905,5.672320068981571,254
0.905,5.8468529941810035,336
0.905,6.021385919380437,493
0.905,6.19591884457987,535
0.915,0.08726646259971647,785
0.915,0.2617993877991494,834
0.915,0.4363323129985824,779
0.915,0.6108652381980153,757
0.915,0.7853981633974483,712
0.915,0.9599310885968811,638
0.915,1.1344640137963142,610
0.915,1.308996938995747,531
0.915,1.4835298641951802,496
0.915,1.658062789394613,518
0.915,1.8325957145940461,557
0.915,2.007128639793479,597
0.915,2.181661564992912,623
0.915,2.356194490192345,728
0.915,2.530727415391778,792
0.915,2.705260340591211,850
0.915,2.879793265790644,855
0.915,3.0543261909900767,772
0.915,3.2288591161895095,636
0.915,3.4033920413889422,516
0.915,3.577924966588375,403
0.915,3.752457891787808,369
0.915,3.9269908169872414,235
0.915,4.101523742186675,169
0.915,4.276056667386107,116
0.915,4.4505895925855405,123
0.915,4.625122517784973,98
0.915,4.799655442984406,102
0.915,4.974188368183839,125
0.915,5.148721293383272,137
0.915,5.323254218582705,140
0.915,5.497787143782138,210
0.915,5.672320068981571,310
0.915,5.8468529941810035,414
0.915,6.021385919380437,520
0.915,6.19591884457987,698
0.925,0.08726646259971647,761
0.925,0.2617993877991494,769
0.925,0.4363323129985824,823
0.925,0.6108652381980153,814
0.925,0.7853981633974483,748
0.925,0.9599310885968811,582
0.925,1.1344640137963142,544
0.925,1.308996938995747,534
0.925,1.4835298641951802,507
0.925,1.658062789394613,466
0.925,1.8325957145940461,544
0.925,2.007128639793479,565
0.925,2.181661564992912,679
0.925,2.356194490192345,733
0.925,2.530727415391778,824
0.925,2.705260340591211,891
0.925,2.879793265790644,857
0.925,3.0543261909900767,826
0.925,3.2288591161895095,708
0.925,3.4033920413889422,573
0.925,3.577924966588375,451
0.925,3.752457891787808,315
0.925,3.9269908169872414,259
0.925,4.101523742186675,148
0.925,4.276056667386107,118
0.925,4.4505895925855405,79
0.925,4.625122517784973,90
0.925,4.799655442984406,84
0.925,4.974188368183839,84
0.925,5.148721293383272,128
0.925,5.323254218582705,129
0.925,5.497787143782138,190
0.925,5.672320068981571,256
0.925,5.8468529941810035,401
0.925,6.021385919380437,527
0.925,6.19591884457987,659
0.935,0.08726646259971647,780
0.935,0.2617993877991494,854
0.935,0.4363323129985824,860
0.935,0.6108652381980153,828
0.935,0.7853981633974483,727
0.935,0.9599310885968811,642
0.935,1.1344640137963142,558
0.935,1.308996938995747,519
0.935,1.4835298641951802,461
0.935,1.658062789394613,460
0.935,1.8325957145940461,479
0.935,2.007128639793479,548
0.935,2.181661564992912,631
0.935,2.356194490192345,703
0.935,2.530727415391778,814
0.935,2.705260340591211,870
0.935,2.879793265790644,879
0.935,3.0543261909900767,850
0.935,3.2288591161895095,688
0.935,3.4033920413889422,569
0.935,3.577924966588375,413
0.935,3.752457891787808,320
0.935,3.9269908169872414,228
0.935,4.101523742186675,165
0.935,4.276056667386107,129
0.935,4.4505895925855405,97
0.935,4.625122517784973,66
0.935,4.799655442984406,55
0.935,4.974188368183839,63
0.935,5.148721293383272,88
0.935,5.323254218582705,133
0.935,5.497787143782138,184
0.935,5.672320068981571,258
0.935,5.8468529941810035,352
0.935,6.021385919380437,521
0.935,6.19591884457987,643
0.945,0.08726646259971647,824
0.945,0.2617993877991494,886
0.945,0.4363323129985824,868
0.945,0.6108652381980153,832
0.945,0.7853981633974483,740
0.945,0.9599310885968811,710
0.945,1.1344640137963142,592
0.945,1.308996938995747,530
0.945,1.4835298641951802,463
0.945,1.658062789394613,495
0.945,1.8325957145940461,502
0.945,2.007128639793479,546
0.945,2.181661564992912,615
0.945,2.356194490192345,734
0.945,2.530727415391778,832
0.945,2.705260340591211,934
0.945,2.879793265790644,891
0.945,3.0543261909900767,811
0.945,3.2288591161895095,713
0.945,3.4033920413889422,508
0.945,3.577924966588375,415
0.945,3.752457891787808,314
0.945,3.9269908169872414,203
0.945,4.101523742186675,138
0.945,4.276056667386107,108
0.945,4.4505895925855405,75
0.945,4.625122517784973,51
0.945,4.799655442984406,50
0.945,4.974188368183839,68
0.945,5.148721293383272,90
0.945,5.323254218582705,115
0.945,5.497787143782138,182
0.945,5.672320068981571,279
0.945,5.8468529941810035,387
0.945,6.021385919380437,591
0.945,6.19591884457987,660
0.955,0.08726646259971647,870
0.955,0.2617993877991494,907
0.955,0.4363323129985824,804
0.955,0.6108652381980153,763
0.955,0.7853981633974483,759
0.955,0.9599310885968811,661
0.955,1.1344640137963142,573
0.955,1.308996938995747,549
0.955,1.4835298641951802,484
0.955,1.658062789394613,474
0.955,1.8325957145940461,532
0.955,2.007128639793479,553
0.955,2.181661564992912,667
0.955,2.356194490192345,735
0.955,2.530727415391778,900
0.955,2.705260340591211,893
0.955,2.879793265790644,930
0.955,3.0543261909900767,877
0.955,3.2288591161895095,780
0.955,3.4033920413889422,546
0.955,3.577924966588375,397
0.955,3.752457891787808,321
0.955,3.9269908169872414,211
0.955,4.101523742186675,135
0.955,4.276056667386107,105
0.955,4.4505895925855405,101
0.955,4.625122517784973,91
0.955,4.799655442984406,91
0.955,4.974188368183839,61
0.955,5.148721293383272,106
0.955,5.323254218582705,127
0.955,5.497787143782138,177
0.955,5.672320068981571,302
0.955,5.8468529941810035,403
0.955,6.021385919380437,529
0.955,6.19591884457987,678
0.965,0.08726646259971647,859
0.965,0.2617993877991494,925
0.965,0.4363323129985824,934
0.965,0.6108652381980153,930
0.965,0.7853981633974483,832
0.965,0.9599310885968811,715
0.965,1.1344640137963142,531
0.965,1.308996938995747,505
0.965,1.4835298641951802,482
0.965,1.658062789394613,474
0.965,1.8325957145940461,527
0.965,2.007128639793479,519
0.965,2.181661564992912,665
0.965,2.356194490192345,738
0.965,2.530727415391778,871
0.965,2.705260340591211,987
0.965,2.879793265790644,944
0.965,3.0543261909900767,845
0.965,3.2288591161895095,694
0.965,3.4033920413889422,590
0.965,3.577924966588375,405
0.965,3.752457891787808,285
0.965,3.9269908169872414,194
0.965,4.101523742186675,129
0.965,4.276056667386107,113
0.965,4.4505895925855405,63
0.965,4.625122517784973,86
0.965,4.799655442984406,64
0.965,4.974188368183839,91
0.965,5.148721293383272,96
0.965,5.323254218582705,114
0.965,5.497787143782138,169
0.965,5.672320068981571,257
0.965,5.8468529941810035,410
0.965,6.021385919380437,577
0.965,6.19591884457987,726
0.975,0.08726646259971647,822
0.975,0.2617993877991494,918
0.975,0.4363323129985824,945
0.975,0.6108652381980153,915
0.975,0.7853981633974483,776
0.975,0.9599310885968811,702
0.975,1.1344640137963142,598
0.975,1.308996938995747,535
0.975,1.4835298641951802,482
0.975,1.658062789394613,375
0.975,1.8325957145940461,465
0.975,2.007128639793479,509
0.975,2.181661564992912,652
0.975,2.356194490192345,745
0.975,2.530727415391778,866
0.975,2.705260340591211,884
0.975,2.879793265790644,828
0.975,3.0543261909900767,867
0.975,3.2288591161895095,766
0.975,3.4033920413889422,578
0.975,3.577924966588375,463
0.975,3.752457891787808,292
0.975,3.9269908169872414,222
0.975,4.101523742186675,149
0.975,4.276056667386107,105
0.975,4.4505895925855405,78
0.975,4.625122517784973,58
0.975,4.799655442984406,90
0.975,4.974188368183839,96
0.975,5.148721293383272,98
0.975,5.323254218582705,114
0.975,5.497787143782138,168
0.975,5.672320068981571,238
0.975,5.8468529941810035,392
0.975,6.021385919380437,513
0.975,6.19591884457987,688
0.985,0.08726646259971647,806
0.985,0.2617993877991494,796
0.985,0.4363323129985824,869
0.985,0.6108652381980153,865
0.985,0.7853981633974483,746
0.985,0.9599310885968811,649
0.985,1.1344640137963142,632
0.985,1.308996938995747,455
0.985,1.4835298641951802,495
0.985,1.658062789394613,448
0.985,1.8325957145940461,447
0.985,2.007128639793479,583
0.985,2.181661564992912,627
0.985,2.356194490192345,796
0.985,2.530727415391778,851
0.985,2.705260340591211,909
0.985,2.879793265790644,855
0.985,3.0543261909900767,824
0.985,3.2288591161895095,729
0.985,3.4033920413889422,603
0.985,3.577924966588375,414
0.985,3.752457891787808,296
0.985,3.9269908169872414,189
0.985,4.101523742186675,135
0.985,4.276056667386107,109
0.985,4.4505895925855405,88
0.985,4.625122517784973,68
0.985,4.799655442984406,68
0.985,4.974188368183839,76
0.985,5.148721293383272,98
0.985,5.323254218582705,139
0.985,5.497787143782138,157
0.985,5.672320068981571,235
0.985,5.8468529941810035,360
0.985,6.021385919380437,526
0.985,6.19591884457987,650
0.995,0.08726646259971647,782
0.995,0.2617993877991494,831
0.995,0.4363323129985824,870
0.995,0.6108652381980153,784
0.995,0.7853981633974483,747
0.995,0.9599310885968811,644
0.995,1.1344640137963142,577
0.995,1.308996938995747,490
0.995,1.4835298641951802,446
0.995,1.658062789394613,470
0.995,1.8325957145940461,497
0.995,2.007128639793479,507
0.995,2.181661564992912,607
0.995,2.356194490192345,732
0.995,2.530727415391778,856
0.995,2.705260340591211,907
0.995,2.879793265790644,910
0.995,3.0543261909900767,854
0.995,3.2288591161895095,734
0.995,3.4033920413889422,602
0.995,3.577924966588375,406
0.995,3.752457891787808,281
0.995,3.9269908169872414,171
0.995,4.101523742186675,144
0.995,4.276056667386107,100
0.995,4.4505895925855405,73
0.995,4.625122517784973,96
0.995,4.799655442984406,63
0.995,4.974188368183839,83
0.995,5.148721293383272,86
0.995,5.323254218582705,122
0.995,5.497787143782138,176
0.995,5.672320068981571,240
0.995,5.8468529941810035,366
0.995,6.021385919380437,516
0.995,6.19591884457987,667
