x,phi,count
0.005,0.08726646259971647,1168
0.005,0.2617993877991494,947
0.005,0.4363323129985824,629
0.005,0.6108652381980153,342
0.005,0.7853981633974483,158
0.005,0.9599310885968811,77
0.005,1.1344640137963142,36
0.005,1.308996938995747,24
0.005,1.4835298641951802,13
0.005,1.658062789394613,25
0.005,1.8325957145940461,16
0.005,2.007128639793479,54
0.005,2.181661564992912,82
0.005,2.356194490192345,153
0.005,2.530727415391778,303
0.005,2.705260340591211,605
0.005,2.879793265790644,952
0.005,3.0543261909900767,1126
0.005,3.2288591161895095,971
0.005,3.4033920413889422,642
0.005,3.577924966588375,310
0.005,3.752457891787808,142
0.005,3.9269908169872414,54
0.005,4.101523742186675,27
0.005,4.276056667386107,8
0.005,4.4505895925855405,3
0.005,4.625122517784973,1
0.005,4.799655442984406,4
0.005,4.974188368183839,1
0.005,5.148721293383272,4
0.005,5.323254218582705,8
0.005,5.497787143782138,45
0.005,5.672320068981571,110
0.005,5.8468529941810035,293
0.005,6.021385919380437,556
0.005,6.19591884457987,970
0.015,0.08726646259971647,1183
0.015,0.2617993877991494,966
0.015,0.4363323129985824,621
0.015,0.6108652381980153,377
0.015,0.7853981633974483,179
0.015,0.9599310885968811,78
0.015,1.1344640137963142,36
0.015,1.308996938995747,21
0.015,1.4835298641951802,20
0.015,1.658062789394613,24
0.015,1.8325957145940461,27
0.015,2.007128639793479,34
0.015,2.181661564992912,84
0.015,2.356194490192345,160
0.015,2.530727415391778,305
0.015,2.705260340591211,619
0.015,2.879793265790644,909
0.015,3.0543261909900767,1119
0.015,3.2288591161895095,983
0.015,3.4033920413889422,678
0.015,3.577924966588375,324
0.015,3.752457891787808,130
0.015,3.9269908169872414,49
0.015,4.101523742186675,18
0.015,4.276056667386107,7
0.015,4.4505895925855405,2
0.015,4.625122517784973,2
0.015,4.799655442984406,1
0.015,4.974188368183839,6
0.015,5.148721293383272,6
0.015,5.323254218582705,16
0.015,5.497787143782138,50
0.015,5.672320068981571,113
0.015,5.8468529941810035,291
0.015,6.021385919380437,620
0.015,6.19591884457987,954
0.025,0.08726646259971647,1111
0.025,0.2617993877991494,1037
0.025,0.4363323129985824,653
0.025,0.6108652381980153,387
0.025,0.7853981633974483,192
0.025,0.9599310885968811,93
0.025,1.1344640137963142,41
0.025,1.308996938995747,36
0.025,1.4835298641951802,36
0.025,1.658062789394613,27
0.025,1.8325957145940461,36
0.025,2.007128639793479,40
0.025,2.181661564992912,74
0.025,2.356194490192345,175
0.025,2.530727415391778,343
0.025,2.705260340591211,620
0.025,2.879793265790644,908
0.025,3.0543261909900767,1159
0.025,3.2288591161895095,1038
0.025,3.4033920413889422,659
0.025,3.577924966588375,305
0.025,3.752457891787808,130
0.025,3.9269908169872414,44
0.025,4.101523742186675,16
0.025,4.276056667386107,6
0.025,4.4505895925855405,5
0.025,4.625122517784973,4
0.025,4.799655442984406,5
0.025,4.974188368183839,4
0.025,5.148721293383272,7
0.025,5.323254218582705,19
0.025,5.497787143782138,45
0.025,5.672320068981571,108
0.025,5.8468529941810035,295
0.025,6.021385919380437,636
0.025,6.19591884457987,1017
0.035,0.08726646259971647,1169
0.035,0.2617993877991494,1064
0.035,0.4363323129985824,707
0.035,0.6108652381980153,369
0.035,0.7853981633974483,180
0.035,0.9599310885968811,84
0.035,1.1344640137963142,44
0.035,1.308996938995747,39
0.035,1.4835298641951802,22
0.035,1.658062789394613,24
0.035,1.8325957145940461,27
0.035,2.007128639793479,38
0.035,2.181661564992912,95
0.035,2.356194490192345,162
0.035,2.530727415391778,353
0.035,2.705260340591211,637
0.035,2.879793265790644,984
0.035,3.0543261909900767,1125
0.035,3.2288591161895095,981
0.035,3.4033920413889422,665
0.035,3.577924966588375,325
0.035,3.752457891787808,132
0.035,3.9269908169872414,64
0.035,4.101523742186675,26
0.035,4.276056667386107,13
0.035,4.4505895925855405,5
0.035,4.625122517784973,9
0.035,4.799655442984406,4
0.035,4.974188368183839,4
0.035,5.148721293383272,3
0.035,5.323254218582705,11
0.035,5.497787143782138,30
0.035,5.672320068981571,102
0.035,5.8468529941810035,309
0.035,6.021385919380437,625
0.035,6.19591884457987,1036
0.045,0.08726646259971647,1241
0.045,0.2617993877991494,1138
0.045,0.4363323129985824,680
0.045,0.6108652381980153,359
0.045,0.7853981633974483,220
0.045,0.9599310885968811,105
0.045,1.1344640137963142,53
0.045,1.308996938995747,39
0.045,1.4835298641951802,38
0.045,1.658062789394613,31
0.045,1.8325957145940461,39
0.045,2.007128639793479,54
0.045,2.181661564992912,90
0.045,2.356194490192345,188
0.045,2.530727415391778,363
0.045,2.705260340591211,666
0.045,2.879793265790644,1047
0.045,3.0543261909900767,1211
0.045,3.2288591161895095,984
0.045,3.4033920413889422,639
0.045,3.577924966588375,324
0.045,3.752457891787808,143
0.045,3.9269908169872414,53
0.045,4.101523742186675,27
0.045,4.276056667386107,8
0.045,4.4505895925855405,7
0.045,4.625122517784973,11
0.045,4.799655442984406,5
0.045,4.974188368183839,11
0.045,5.148721293383272,15
0.045,5.323254218582705,22
0.045,5.497787143782138,40
0.045,5.672320068981571,126
0.045,5.8468529941810035,321
0.045,6.021385919380437,664
0.045,6.19591884457987,993
0.055,0.08726646259971647,1225
0.055,0.2617993877991494,1100
0.055,0.4363323129985824,718
0.055,0.6108652381980153,454
0.055,0.7853981633974483,233
0.055,0.9599310885968811,113
0.055,1.1344640137963142,60
0.055,1.308996938995747,25
0.055,1.4835298641951802,27
0.055,1.658062789394613,28
0.055,1.8325957145940461,34
0.055,2.007128639793479,72
0.055,2.181661564992912,88
0.055,2.356194490192345,197
0.055,2.530727415391778,374
0.055,2.705260340591211,723
0.055,2.879793265790644,962
0.055,3.0543261909900767,1197
0.055,3.2288591161895095,983
0.055,3.4033920413889422,655
0.055,3.577924966588375,345
0.055,3.752457891787808,135
0.055,3.9269908169872414,55
0.055,4.101523742186675,22
0.055,4.276056667386107,21
0.055,4.4505895925855405,17
0.055,4.625122517784973,10
0.055,4.799655442984406,0
0.055,4.974188368183839,7
0.055,5.148721293383272,10
0.055,5.323254218582705,11
0.055,5.497787143782138,50
0.055,5.672320068981571,110
0.055,5.8468529941810035,294
0.055,6.021385919380437,583
0.055,6.19591884457987,1033
0.065,0.08726646259971647,1112
0.065,0.2617993877991494,1039
0.065,0.4363323129985824,709
0.065,0.6108652381980153,451
0.065,0.7853981633974483,202
0.065,0.9599310885968811,110
0.065,1.1344640137963142,60
0.065,1.308996938995747,24
0.065,1.4835298641951802,30
0.065,1.658062789394613,31
0.065,1.8325957145940461,44
0.065,2.007128639793479,52
0.065,2.181661564992912,102
0.065,2.356194490192345,196
0.065,2.530727415391778,395
0.065,2.705260340591211,672
0.065,2.879793265790644,1024
0.065,3.0543261909900767,1120
0.065,3.2288591161895095,998
0.065,3.4033920413889422,625
0.065,3.577924966588375,348
0.065,3.752457891787808,147
0.065,3.9269908169872414,36
0.065,4.101523742186675,18
0.065,4.276056667386107,8
0.065,4.4505895925855405,5
0.065,4.625122517784973,10
0.065,4.799655442984406,7
0.065,4.974188368183839,9
0.065,5.148721293383272,12
0.065,5.323254218582705,16
0.065,5.497787143782138,54
0.065,5.672320068981571,127
0.065,5.8468529941810035,334
0.065,6.021385919380437,632
0.065,6.19591884457987,1024
0.075,0.08726646259971647,1138
0.075,0.2617993877991494,1023
0.075,0.4363323129985824,654
0.075,0.6108652381980153,400
0.075,0.7853981633974483,180
0.075,0.9599310885968811,90
0.075,1.1344640137963142,59
0.075,1.308996938995747,30
0.075,1.4835298641951802,24
0.075,1.658062789394613,29
0.075,1.8325957145940461,21
0.075,2.007128639793479,38
0.075,2.181661564992912,83
0.075,2.356194490192345,170
0.075,2.530727415391778,397
0.075,2.705260340591211,681
0.075,2.879793265790644,964
0.075,3.0543261909900767,1160
0.075,3.2288591161895095,929
0.075,3.4033920413889422,599
0.075,3.577924966588375,283
0.075,3.752457891787808,117
0.075,3.9269908169872414,55
0.075,4.101523742186675,22
0.075,4.276056667386107,9
0.075,4.4505895925855405,3
0.075,4.625122517784973,5
0.075,4.799655442984406,6
0.075,4.974188368183839,5
0.075,5.148721293383272,8
0.075,5.323254218582705,17
0.075,5.497787143782138,42
0.075,5.672320068981571,126
0.075,5.8468529941810035,298
0.075,6.021385919380437,605
0.075,6.19591884457987,1003
0.085,0.08726646259971647,1147
0.085,0.2617993877991494,1067
0.085,0.4363323129985824,728
0.085,0.6108652381980153,447
0.085,0.7853981633974483,186
0.085,0.9599310885968811,102
0.085,1.1344640137963142,60
0.085,1.308996938995747,36
0.085,1.4835298641951802,26
0.085,1.658062789394613,21
0.085,1.8325957145940461,31
0.085,2.007128639793479,40
0.085,2.181661564992912,97
0.085,2.356194490192345,178
0.085,2.530727415391778,363
0.085,2.705260340591211,627
0.085,2.879793265790644,968
0.085,3.0543261909900767,1084
0.085,3.2288591161895095,902
0.085,3.4033920413889422,614
0.085,3.577924966588375,279
0.085,3.752457891787808,123
0.085,3.9269908169872414,38
0.085,4.101523742186675,29
0.085,4.276056667386107,12
0.085,4.4505895925855405,4
0.085,4.625122517784973,9
0.085,4.799655442984406,5
0.085,4.974188368183839,2
0.085,5.148721293383272,4
0.085,5.323254218582705,22
0.085,5.497787143782138,56
0.085,5.672320068981571,115
0.085,5.8468529941810035,318
0.085,6.021385919380437,614
0.085,6.19591884457987,999
0.095,0.08726646259971647,1205
0.095,0.2617993877991494,1095
0.095,0.4363323129985824,742
0.095,0.6108652381980153,432
0.095,0.7853981633974483,173
0.095,0.9599310885968811,112
0.095,1.1344640137963142,59
0.095,1.308996938995747,39
0.095,1.4835298641951802,35
0.095,1.658062789394613,30
0.095,1.8325957145940461,31
0.095,2.007128639793479,59
0.095,2.181661564992912,87
0.095,2.356194490192345,187
0.095,2.530727415391778,366
0.095,2.705260340591211,708
0.095,2.879793265790644,997
0.095,3.0543261909900767,1114
0.095,3.2288591161895095,951
0.095,3.4033920413889422,549
0.095,3.577924966588375,285
0.095,3.752457891787808,151
0.095,3.9269908169872414,66
0.095,4.101523742186675,16
0.095,4.276056667386107,7
0.095,4.4505895925855405,4
0.095,4.625122517784973,2
0.095,4.799655442984406,3
0.095,4.974188368183839,4
0.095,5.148721293383272,12
0.095,5.323254218582705,11
0.095,5.497787143782138,50
0.095,5.672320068981571,134
0.095,5.8468529941810035,302
0.095,6.021385919380437,682
0.095,6.19591884457987,974
0.105,0.08726646259971647,1145
0.105,0.2617993877991494,1027
0.105,0.4363323129985824,698
0.105,0.6108652381980153,395
0.105,0.7853981633974483,188
0.105,0.9599310885968811,106
0.105,1.1344640137963142,53
0.105,1.308996938995747,27
0.105,1.4835298641951802,32
0.105,1.658062789394613,23
0.105,1.8325957145940461,19
0.105,2.007128639793479,42
0.105,2.181661564992912,93
0.105,2.356194490192345,182
0.105,2.530727415391778,393
0.105,2.705260340591211,686
0.105,2.879793265790644,997
0.105,3.0543261909900767,1092
0.105,3.2288591161895095,932
0.105,3.4033920413889422,591
0.105,3.577924966588375,273
0.105,3.752457891787808,126
0.105,3.9269908169872414,53
0.105,4.101523742186675,19
0.105,4.276056667386107,5
0.105,4.4505895925855405,3
0.105,4.625122517784973,7
0.105,4.799655442984406,7
0.105,4.974188368183839,6
0.105,5.148721293383272,7
0.105,5.323254218582705,24
0.105,5.497787143782138,54
0.105,5.672320068981571,127
0.105,5.8468529941810035,303
0.105,6.021385919380437,613
0.105,6.19591884457987,912
0.115,0.08726646259971647,1154
0.115,0.2617993877991494,1161
0.115,0.4363323129985824,708
0.115,0.6108652381980153,403
0.115,0.7853981633974483,206
0.115,0.9599310885968811,105
0.115,1.1344640137963142,66
0.115,1.308996938995747,33
0.115,1.4835298641951802,31
0.115,1.658062789394613,26
0.115,1.8325957145940461,23
0.115,2.007128639793479,44
0.115,2.181661564992912,100
0.115,2.356194490192345,210
0.115,2.530727415391778,375
0.115,2.705260340591211,673
0.115,2.879793265790644,1070
0.115,3.0543261909900767,1091
0.115,3.2288591161895095,904
0.115,3.4033920413889422,606
0.115,3.577924966588375,270
0.115,3.752457891787808,106
0.115,3.9269908169872414,42
0.115,4.101523742186675,24
0.115,4.276056667386107,15
0.115,4.4505895925855405,1
0.115,4.625122517784973,2
0.115,4.799655442984406,3
0.115,4.974188368183839,3
0.115,5.148721293383272,8
0.115,5.323254218582705,23
0.115,5.497787143782138,43
0.115,5.672320068981571,132
0.115,5.8468529941810035,266
0.115,6.021385919380437,608
0.115,6.19591884457987,945
0.125,0.08726646259971647,1158
0.125,0.2617993877991494,1090
0.125,0.4363323129985824,737
0.125,0.6108652381980153,470
0.125,0.7853981633974483,224
0.125,0.9599310885968811,99
0.125,1.1344640137963142,49
0.125,1.308996938995747,33
0.125,1.4835298641951802,28
0.125,1.658062789394613,15
0.125,1.8325957145940461,31
0.125,2.007128639793479,49
0.125,2.181661564992912,93
0.125,2.356194490192345,191
0.125,2.530727415391778,308
0.125,2.705260340591211,652
0.125,2.879793265790644,990
0.125,3.0543261909900767,1119
0.125,3.2288591161895095,902
0.125,3.4033920413889422,580
0.125,3.577924966588375,311
0.125,3.752457891787808,123
0.125,3.9269908169872414,63
0.125,4.101523742186675,20
0.125,4.276056667386107,3
0.125,4.4505895925855405,4
0.125,4.625122517784973,3
0.125,4.799655442984406,1
0.125,4.974188368183839,1
0.125,5.148721293383272,5
0.125,5.323254218582705,16
0.125,5.497787143782138,46
0.125,5.672320068981571,154
0.125,5.8468529941810035,306
0.125,6.021385919380437,583
0.125,6.19591884457987,932
0.135,0.08726646259971647,1204
0.135,0.2617993877991494,1147
0.135,0.4363323129985824,776
0.135,0.6108652381980153,433
0.135,0.7853981633974483,218
0.135,0.9599310885968811,112
0.135,1.1344640137963142,44
0.135,1.308996938995747,25
0.135,1.4835298641951802,29
0.135,1.658062789394613,23
0.135,1.8325957145940461,25
0.135,2.007128639793479,45
0.135,2.181661564992912,81
0.135,2.356194490192345,166
0.135,2.530727415391778,343
0.135,2.705260340591211,570
0.135,2.879793265790644,876
0.135,3.0543261909900767,1086
0.135,3.2288591161895095,931
0.135,3.4033920413889422,602
0.135,3.577924966588375,332
0.135,3.752457891787808,149
0.135,3.9269908169872414,74
0.135,4.101523742186675,28
0.135,4.276056667386107,10
0.135,4.4505895925855405,3
0.135,4.625122517784973,8
0.135,4.799655442984406,3
0.135,4.974188368183839,2
0.135,5.148721293383272,3
0.135,5.323254218582705,19
0.135,5.497787143782138,51
0.135,5.672320068981571,118
0.135,5.8468529941810035,292
0.135,6.021385919380437,617
0.135,6.19591884457987,922
0.145,0.08726646259971647,1225
0.145,0.2617993877991494,1071
0.145,0.4363323129985824,740
0.145,0.6108652381980153,412
0.145,0.7853981633974483,239
0.145,0.9599310885968811,122
0.145,1.1344640137963142,61
0.145,1.308996938995747,37
0.145,1.4835298641951802,38
0.145,1.658062789394613,22
0.145,1.8325957145940461,31
0.145,2.007128639793479,44
0.145,2.181661564992912,86
0.145,2.356194490192345,157
0.145,2.530727415391778,374
0.145,2.705260340591211,627
0.145,2.879793265790644,951
0.145,3.0543261909900767,1178
0.145,3.2288591161895095,983
0.145,3.4033920413889422,625
0.145,3.577924966588375,300
0.145,3.752457891787808,133
0.145,3.9269908169872414,55
0.145,4.101523742186675,26
0.145,4.276056667386107,12
0.145,4.4505895925855405,8
0.145,4.625122517784973,7
0.145,4.799655442984406,6
0.145,4.974188368183839,0
0.145,5.148721293383272,9
0.145,5.323254218582705,11
0.145,5.497787143782138,47
0.145,5.672320068981571,124
0.145,5.8468529941810035,319
0.145,6.021385919380437,590
0.145,6.19591884457987,991
0.155,0.08726646259971647,1295
0.155,0.2617993877991494,1129
0.155,0.4363323129985824,787
0.155,0.6108652381980153,423
0.155,0.7853981633974483,231
0.155,0.9599310885968811,158
0.155,1.1344640137963142,85
0.155,1.308996938995747,51
0.155,1.4835298641951802,35
0.155,1.658062789394613,37
0.155,1.8325957145940461,42
0.155,2.007128639793479,68
0.155,2.181661564992912,121
0.155,2.356194490192345,190
0.155,2.530727415391778,359
0.155,2.705260340591211,657
0.155,2.879793265790644,1045
0.155,3.0543261909900767,1125
0.155,3.2288591161895095,942
0.155,3.4033920413889422,607
0.155,3.577924966588375,306
0.155,3.752457891787808,118
0.155,3.9269908169872414,54
0.155,4.101523742186675,21
0.155,4.276056667386107,17
0.155,4.4505895925855405,11
0.155,4.625122517784973,9
0.155,4.799655442984406,6
0.155,4.974188368183839,5
0.155,5.148721293383272,6
0.155,5.323254218582705,19
0.155,5.497787143782138,48
0.155,5.672320068981571,154
0.155,5.8468529941810035,351
0.155,6.021385919380437,691
0.155,6.19591884457987,1037
0.165,0.08726646259971647,1383
0.165,0.2617993877991494,1167
0.165,0.4363323129985824,840
0.165,0.6108652381980153,493
0.165,0.7853981633974483,232
0.165,0.9599310885968811,122
0.165,1.1344640137963142,61
0.165,1.308996938995747,42
0.165,1.4835298641951802,40
0.165,1.658062789394613,37
0.165,1.8325957145940461,49
0.165,2.007128639793479,80
0.165,2.181661564992912,118
0.165,2.356194490192345,223
0.165,2.530727415391778,390
0.165,2.705260340591211,732
0.165,2.879793265790644,1079
0.165,3.0543261909900767,1269
0.165,3.2288591161895095,1058
0.165,3.4033920413889422,657
0.165,3.577924966588375,330
0.165,3.752457891787808,126
0.165,3.9269908169872414,55
0.165,4.101523742186675,26
0.165,4.276056667386107,8
0.165,4.4505895925855405,10
0.165,4.625122517784973,13
0.165,4.799655442984406,14
0.165,4.974188368183839,11
0.165,5.148721293383272,14
0.165,5.323254218582705,23
0.165,5.497787143782138,69
0.165,5.672320068981571,137
0.165,5.8468529941810035,366
0.165,6.021385919380437,695
0.165,6.19591884457987,1097
0.175,0.08726646259971647,1396
0.175,0.2617993877991494,1241
0.175,0.4363323129985824,933
0.175,0.6108652381980153,560
0.175,0.7853981633974483,227
0.175,0.9599310885968811,134
0.175,1.1344640137963142,78
0.175,1.308996938995747,47
0.175,1.4835298641951802,25
0.175,1.658062789394613,40
0.175,1.8325957145940461,49
0.175,2.007128639793479,87
0.175,2.181661564992912,125
0.175,2.356194490192345,254
0.175,2.530727415391778,475
0.175,2.705260340591211,786
0.175,2.879793265790644,1204
0.175,3.0543261909900767,1310
0.175,3.2288591161895095,1202
0.175,3.4033920413889422,742
0.175,3.577924966588375,365
0.175,3.752457891787808,135
0.175,3.9269908169872414,70
0.175,4.101523742186675,19
0.175,4.276056667386107,8
0.175,4.4505895925855405,6
0.175,4.625122517784973,7
0.175,4.799655442984406,8
0.175,4.974188368183839,16
0.175,5.148721293383272,11
0.175,5.323254218582705,22
0.175,5.497787143782138,65
0.175,5.672320068981571,143
0.175,5.8468529941810035,430
0.175,6.021385919380437,748
0.175,6.19591884457987,1165
0.185,0.08726646259971647,1552
0.185,0.2617993877991494,1358
0.185,0.4363323129985824,938
0.185,0.6108652381980153,544
0.185,0.7853981633974483,258
0.185,0.9599310885968811,164
0.185,1.1344640137963142,69
0.185,1.308996938995747,47
0.185,1.4835298641951802,47
0.185,1.658062789394613,43
0.185,1.8325957145940461,50
0.185,2.007128639793479,73
0.185,2.181661564992912,114
0.185,2.356194490192345,289
0.185,2.530727415391778,549
0.185,2.705260340591211,976
0.185,2.879793265790644,1320
0.185,3.0543261909900767,1472
0.185,3.2288591161895095,1253
0.185,3.4033920413889422,832
0.185,3.577924966588375,355
0.185,3.752457891787808,170
0.185,3.9269908169872414,73
0.185,4.101523742186675,15
0.185,4.276056667386107,12
0.185,4.4505895925855405,9
0.185,4.625122517784973,5
0.185,4.799655442984406,6
0.185,4.974188368183839,9
0.185,5.148721293383272,15
0.185,5.323254218582705,36
0.185,5.497787143782138,75
0.185,5.672320068981571,195
0.185,5.8468529941810035,391
0.185,6.021385919380437,801
0.185,6.19591884457987,1242
0.195,0.08726646259971647,1663
0.195,0.2617993877991494,1504
0.195,0.4363323129985824,1001
0.195,0.6108652381980153,556
0.195,0.7853981633974483,250
0.195,0.9599310885968811,121
0.195,1.1344640137963142,73
0.195,1.308996938995747,32
0.195,1.4835298641951802,34
0.195,1.658062789394613,27
0.195,1.8325957145940461,36
0.195,2.007128639793479,76
0.195,2.181661564992912,119
0.195,2.356194490192345,322
0.195,2.530727415391778,565
0.195,2.705260340591211,982
0.195,2.879793265790644,1548
0.195,3.0543261909900767,1663
0.195,3.2288591161895095,1413
0.195,3.4033920413889422,861
0.195,3.577924966588375,400
0.195,3.752457891787808,185
0.195,3.9269908169872414,68
0.195,4.101523742186675,35
0.195,4.276056667386107,8
0.195,4.4505895925855405,9
0.195,4.625122517784973,4
0.195,4.799655442984406,5
0.195,4.974188368183839,5
0.195,5.148721293383272,5
0.195,5.323254218582705,44
0.195,5.497787143782138,60
0.195,5.672320068981571,154
0.195,5.8468529941810035,436
0.195,6.021385919380437,930
0.195,6.19591884457987,1431
0.205,0.08726646259971647,1934
0.205,0.2617993877991494,1588
0.205,0.4363323129985824,1103
0.205,0.6108652381980153,650
0.205,0.7853981633974483,301
0.205,0.9599310885968811,150
0.205,1.1344640137963142,70
0.205,1.308996938995747,46
0.205,1.4835298641951802,44
0.205,1.658062789394613,38
0.205,1.8325957145940461,51
0.205,2.007128639793479,76
0.205,2.181661564992912,136
0.205,2.356194490192345,314
0.205,2.530727415391778,610
0.205,2.705260340591211,1092
0.205,2.879793265790644,1618
0.205,3.0543261909900767,1873
0.205,3.2288591161895095,1475
0.205,3.4033920413889422,990
0.205,3.577924966588375,488
0.205,3.752457891787808,201
0.205,3.9269908169872414,63
0.205,4.101523742186675,29
0.205,4.276056667386107,22
0.205,4.4505895925855405,9
0.205,4.625122517784973,2
0.205,4.799655442984406,4
0.205,4.974188368183839,2
0.205,5.148721293383272,14
0.205,5.323254218582705,29
0.205,5.497787143782138,61
0.205,5.672320068981571,187
0.205,5.8468529941810035,451
0.205,6.021385919380437,1020
0.205,6.19591884457987,1531
0.215,0.08726646259971647,2073
0.215,0.2617993877991494,1852
0.215,0.4363323129985824,1192
0.215,0.6108652381980153,680
0.215,0.7853981633974483,386
0.215,0.9599310885968811,175
0.215,1.1344640137963142,93
0.215,1.308996938995747,51
0.215,1.4835298641951802,46
0.215,1.658062789394613,43
0.215,1.8325957145940461,63
0.215,2.007128639793479,85
0.215,2.181661564992912,214
0.215,2.356194490192345,388
0.215,2.530727415391778,661
0.215,2.705260340591211,1218
0.215,2.879793265790644,1720
0.215,3.0543261909900767,1956
0.215,3.2288591161895095,1668
0.215,3.4033920413889422,1064
0.215,3.577924966588375,543
0.215,3.752457891787808,232
0.215,3.9269908169872414,96
0.215,4.101523742186675,43
0.215,4.276056667386107,12
0.215,4.4505895925855405,3
0.215,4.625122517784973,10
0.215,4.799655442984406,11
0.215,4.974188368183839,12
0.215,5.148721293383272,15
0.215,5.323254218582705,43
0.215,5.497787143782138,77
0.215,5.672320068981571,188
0.215,5.8468529941810035,571
0.215,6.021385919380437,1067
0.215,6.19591884457987,1752
0.225,0.08726646259971647,2198
0.225,0.2617993877991494,2018
0.225,0.4363323129985824,1375
0.225,0.6108652381980153,797
0.225,0.7853981633974483,419
0.225,0.9599310885968811,192
0.225,1.1344640137963142,81
0.225,1.308996938995747,59
0.225,1.4835298641951802,37
0.225,1.658062789394613,34
0.225,1.8325957145940461,67
0.225,2.007128639793479,111
0.225,2.181661564992912,233
0.225,2.356194490192345,356
0.225,2.530727415391778,673
0.225,2.705260340591211,1247
0.225,2.879793265790644,1821
0.225,3.0543261909900767,1984
0.225,3.2288591161895095,1705
0.225,3.4033920413889422,1094
0.225,3.577924966588375,605
0.225,3.752457891787808,255
0.225,3.9269908169872414,94
0.225,4.101523742186675,47
0.225,4.276056667386107,13
0.225,4.4505895925855405,5
0.225,4.625122517784973,2
0.225,4.799655442984406,8
0.225,4.974188368183839,16
0.225,5.148721293383272,17
0.225,5.323254218582705,45
0.225,5.497787143782138,92
0.225,5.672320068981571,273
0.225,5.8468529941810035,581
0.225,6.021385919380437,1259
0.225,6.19591884457987,1900
0.235,0.08726646259971647,2563
0.235,0.2617993877991494,2302
0.235,0.4363323129985824,1606
0.235,0.6108652381980153,963
0.235,0.7853981633974483,455
0.235,0.9599310885968811,231
0.235,1.1344640137963142,102
0.235,1.308996938995747,78
0.235,1.4835298641951802,55
0.235,1.658062789394613,57
0.235,1.8325957145940461,79
0.235,2.007128639793479,127
0.235,2.181661564992912,235
0.235,2.356194490192345,449
0.235,2.530727415391778,847
0.235,2.705260340591211,1357
0.235,2.879793265790644,1950
0.235,3.0543261909900767,2292
0.235,3.2288591161895095,1807
0.235,3.4033920413889422,1183
0.235,3.577924966588375,591
0.235,3.752457891787808,241
0.235,3.9269908169872414,118
0.235,4.101523742186675,49
0.235,4.276056667386107,18
0.235,4.4505895925855405,7
0.235,4.625122517784973,10
0.235,4.799655442984406,9
0.235,4.974188368183839,12
0.235,5.148721293383272,33
0.235,5.323254218582705,51
0.235,5.497787143782138,131
0.235,5.672320068981571,302
0.235,5.8468529941810035,637
0.235,6.021385919380437,1421
0.235,6.19591884457987,2189
0.245,0.08726646259971647,2878
0.245,0.2617993877991494,2449
0.245,0.4363323129985824,1769
0.245,0.6108652381980153,974
0.245,0.7853981633974483,476
0.245,0.9599310885968811,229
0.245,1.1344640137963142,136
0.245,1.308996938995747,86
0.245,1.4835298641951802,74
0.245,1.658062789394613,66
0.245,1.8325957145940461,66
0.245,2.007128639793479,118
0.245,2.181661564992912,199
0.245,2.356194490192345,418
0.245,2.530727415391778,910
0.245,2.705260340591211,1540
0.245,2.879793265790644,2260
0.245,3.0543261909900767,2505
0.245,3.2288591161895095,2054
0.245,3.4033920413889422,1410
0.245,3.577924966588375,698
0.245,3.752457891787808,318
0.245,3.9269908169872414,124
0.245,4.101523742186675,42
0.245,4.276056667386107,27
0.245,4.4505895925855405,16
0.245,4.625122517784973,10
0.245,4.799655442984406,19
0.245,4.974188368183839,21
0.245,5.148721293383272,37
0.245,5.323254218582705,59
0.245,5.497787143782138,144
0.245,5.672320068981571,347
0.245,5.8468529941810035,869
0.245,6.021385919380437,1616
0.245,6.19591884457987,2448
0.255,0.08726646259971647,3120
0.255,0.2617993877991494,2720
0.255,0.4363323129985824,1845
0.255,0.6108652381980153,1047
0.255,0.7853981633974483,521
0.255,0.9599310885968811,295
0.255,1.1344640137963142,137
0.255,1.308996938995747,113
0.255,1.4835298641951802,106
0.255,1.658062789394613,83
0.255,1.8325957145940461,80
0.255,2.007128639793479,126
0.255,2.181661564992912,225
0.255,2.356194490192345,531
0.255,2.530727415391778,969
0.255,2.705260340591211,1672
0.255,2.879793265790644,2448
0.255,3.0543261909900767,2812
0.255,3.2288591161895095,2300
0.255,3.4033920413889422,1438
0.255,3.577924966588375,743
0.255,3.752457891787808,348
0.255,3.9269908169872414,130
0.255,4.101523742186675,56
0.255,4.276056667386107,28
0.255,4.4505895925855405,12
0.255,4.625122517784973,10
0.255,4.799655442984406,15
0.255,4.974188368183839,22
0.255,5.148721293383272,36
0.255,5.323254218582705,73
0.255,5.497787143782138,145
0.255,5.672320068981571,428
0.255,5.8468529941810035,942
0.255,6.021385919380437,1799
0.255,6.19591884457987,2661
0.265,0.08726646259971647,3418
0.265,0.2617993877991494,2952
0.265,0.4363323129985824,2107
0.265,0.6108652381980153,1216
0.265,0.7853981633974483,626
0.265,0.9599310885968811,315
0.265,1.1344640137963142,158
0.265,1.308996938995747,107
0.265,1.4835298641951802,101
0.265,1.658062789394613,107
0.265,1.8325957145940461,107
0.265,2.007128639793479,134
0.265,2.181661564992912,266
0.265,2.356194490192345,506
0.265,2.530727415391778,1073
0.265,2.705260340591211,1864
0.265,2.879793265790644,2701
0.265,3.0543261909900767,3002
0.265,3.2288591161895095,2553
0.265,3.4033920413889422,1679
0.265,3.577924966588375,832
0.265,3.752457891787808,368
0.265,3.9269908169872414,169
0.265,4.101523742186675,65
0.265,4.276056667386107,35
0.265,4.4505895925855405,19
0.265,4.625122517784973,15
0.265,4.799655442984406,16
0.265,4.974188368183839,25
0.265,5.148721293383272,38
0.265,5.323254218582705,57
0.265,5.497787143782138,176
0.265,5.672320068981571,421
0.265,5.8468529941810035,984
0.265,6.021385919380437,1923
0.265,6.19591884457987,2995
0.275,0.08726646259971647,3793
0.275,0.2617993877991494,3428
0.275,0.4363323129985824,2333
0.275,0.6108652381980153,1341
0.275,0.7853981633974483,729
0.275,0.9599310885968811,364
0.275,1.1344640137963142,185
0.275,1.308996938995747,119
0.275,1.4835298641951802,80
0.275,1.658062789394613,88
0.275,1.8325957145940461,111
0.275,2.007128639793479,180
0.275,2.181661564992912,296
0.275,2.356194490192345,581
0.275,2.530727415391778,1150
0.275,2.705260340591211,2076
0.275,2.879793265790644,2917
0.275,3.0543261909900767,3397
0.275,3.2288591161895095,2823
0.275,3.4033920413889422,1826
0.275,3.577924966588375,927
0.275,3.752457891787808,413
0.275,3.9269908169872414,194
0.275,4.101523742186675,71
0.275,4.276056667386107,21
0.275,4.4505895925855405,12
0.275,4.625122517784973,12
0.275,4.799655442984406,13
0.275,4.974188368183839,32
0.275,5.148721293383272,38
0.275,5.323254218582705,76
0.275,5.497787143782138,223
0.275,5.672320068981571,471
0.275,5.8468529941810035,1089
0.275,6.021385919380437,2005
0.275,6.19591884457987,3230
0.285,0.08726646259971647,3960
0.285,0.2617993877991494,3591
0.285,0.4363323129985824,2514
0.285,0.6108652381980153,1504
0.285,0.7853981633974483,770
0.285,0.9599310885968811,414
0.285,1.1344640137963142,233
0.285,1.308996938995747,104
0.285,1.4835298641951802,60
0.285,1.658062789394613,64
0.285,1.8325957145940461,129
0.285,2.007128639793479,205
0.285,2.181661564992912,334
0.285,2.356194490192345,649
0.285,2.530727415391778,1284
0.285,2.705260340591211,2174
0.285,2.879793265790644,3358
0.285,3.0543261909900767,3669
0.285,3.2288591161895095,3131
0.285,3.4033920413889422,1990
0.285,3.577924966588375,1016
0.285,3.752457891787808,462
0.285,3.9269908169872414,210
0.285,4.101523742186675,67
0.285,4.276056667386107,14
0.285,4.4505895925855405,14
0.285,4.625122517784973,12
0.285,4.799655442984406,20
0.285,4.974188368183839,34
0.285,5.148721293383272,50
0.285,5.323254218582705,102
0.285,5.497787143782138,208
0.285,5.672320068981571,495
0.285,5.8468529941810035,1172
0.285,6.021385919380437,2235
0.285,6.19591884457987,3416
0.295,0.08726646259971647,4126
0.295,0.2617993877991494,3828
0.295,0.4363323129985824,2730
0.295,0.6108652381980153,1655
0.295,0.7853981633974483,858
0.295,0.9599310885968811,432
0.295,1.1344640137963142,235
0.295,1.308996938995747,110
0.295,1.4835298641951802,108
0.295,1.658062789394613,104
0.295,1.8325957145940461,175
0.295,2.007128639793479,249
0.295,2.181661564992912,420
0.295,2.356194490192345,725
0.295,2.530727415391778,1390
0.295,2.705260340591211,2391
0.295,2.879793265790644,3610
0.295,3.0543261909900767,3906
0.295,3.2288591161895095,3372
0.295,3.4033920413889422,2131
0.295,3.577924966588375,1138
0.295,3.752457891787808,491
0.295,3.9269908169872414,217
0.295,4.101523742186675,79
0.295,4.276056667386107,39
0.295,4.4505895925855405,24
0.295,4.625122517784973,10
0.295,4.799655442984406,17
0.295,4.974188368183839,33
0.295,5.148721293383272,58
0.295,5.323254218582705,86
0.295,5.497787143782138,195
0.295,5.672320068981571,495
0.295,5.8468529941810035,1177
0.295,6.021385919380437,2254
0.295,6.19591884457987,3531
0.305,0.08726646259971647,4327
0.305,0.2617993877991494,3837
0.305,0.4363323129985824,2690
0.305,0.6108652381980153,1625
0.305,0.7853981633974483,879
0.305,0.9599310885968811,499
0.305,1.1344640137963142,243
0.305,1.308996938995747,162
0.305,1.4835298641951802,145
0.305,1.658062789394613,165
0.305,1.8325957145940461,167
0.305,2.007128639793479,273
0.305,2.181661564992912,426
0.305,2.356194490192345,835
0.305,2.530727415391778,1571
0.305,2.705260340591211,2670
0.305,2.879793265790644,3805
0.305,3.0543261909900767,4227
0.305,3.2288591161895095,3481
0.305,3.4033920413889422,2297
0.305,3.577924966588375,1273
0.305,3.752457891787808,549
0.305,3.9269908169872414,205
0.305,4.101523742186675,88
0.305,4.276056667386107,45
0.305,4.4505895925855405,27
0.305,4.625122517784973,14
0.305,4.799655442984406,15
0.305,4.974188368183839,34
0.305,5.148721293383272,49
0.305,5.323254218582705,89
0.305,5.497787143782138,217
0.305,5.672320068981571,530
0.305,5.8468529941810035,1247
0.305,6.021385919380437,2368
0.305,6.19591884457987,3618
0.315,0.08726646259971647,4485
0.315,0.2617993877991494,3920
0.315,0.4363323129985824,2795
0.315,0.6108652381980153,1679
0.315,0.7853981633974483,833
0.315,0.9599310885968811,493
0.315,1.1344640137963142,320
0.315,1.308996938995747,215
0.315,1.4835298641951802,149
0.315,1.658062789394613,131
0.315,1.8325957145940461,202
0.315,2.007128639793479,300
0.315,2.181661564992912,440
0.315,2.356194490192345,896
0.315,2.530727415391778,1622
0.315,2.705260340591211,2702
0.315,2.879793265790644,3891
0.315,3.0543261909900767,4190
0.315,3.2288591161895095,3503
0.315,3.4033920413889422,2280
0.315,3.577924966588375,1188
0.315,3.752457891787808,535
0.315,3.9269908169872414,230
0.315,4.101523742186675,97
0.315,4.276056667386107,53
0.315,4.4505895925855405,25
0.315,4.625122517784973,20
0.315,4.799655442984406,26
0.315,4.974188368183839,33
0.315,5.148721293383272,44
0.315,5.323254218582705,115
0.315,5.497787143782138,253
0.315,5.672320068981571,590
0.315,5.8468529941810035,1333
0.315,6.021385919380437,2501
0.315,6.19591884457987,3933
0.325,0.08726646259971647,4548
0.325,0.2617993877991494,4027
0.325,0.4363323129985824,2923
0.325,0.6108652381980153,1643
0.325,0.7853981633974483,923
0.325,0.9599310885968811,496
0.325,1.1344640137963142,287
0.325,1.308996938995747,224
0.325,1.4835298641951802,144
0.325,1.658062789394613,134
0.325,1.8325957145940461,228
0.325,2.007128639793479,331
0.325,2.181661564992912,482
0.325,2.356194490192345,904
0.325,2.530727415391778,1642
0.325,2.705260340591211,2813
0.325,2.879793265790644,3894
0.325,3.0543261909900767,4273
0.325,3.2288591161895095,3646
0.325,3.4033920413889422,2442
0.325,3.577924966588375,1308
0.325,3.752457891787808,553
0.325,3.9269908169872414,213
0.325,4.101523742186675,83
0.325,4.276056667386107,49
0.325,4.4505895925855405,29
0.325,4.625122517784973,15
0.325,4.799655442984406,28
0.325,4.974188368183839,35
0.325,5.148721293383272,51
0.325,5.323254218582705,101
0.325,5.497787143782138,244
0.325,5.672320068981571,555
0.325,5.8468529941810035,1279
0.325,6.021385919380437,2468
0.325,6.19591884457987,3895
0.335,0.08726646259971647,4565
0.335,0.2617993877991494,4247
0.335,0.4363323129985824,3056
0.335,0.6108652381980153,1806
0.335,0.7853981633974483,1025
0.335,0.9599310885968811,541
0.335,1.1344640137963142,332
0.335,1.308996938995747,201
0.335,1.4835298641951802,153
0.335,1.658062789394613,164
0.335,1.8325957145940461,187
0.335,2.007128639793479,282
0.335,2.181661564992912,506
0.335,2.356194490192345,904
0.335,2.530727415391778,1675
0.335,2.705260340591211,2976
0.335,2.879793265790644,4003
0.335,3.0543261909900767,4454
0.335,3.2288591161895095,3751
0.335,3.4033920413889422,2542
0.335,3.577924966588375,1311
0.335,3.752457891787808,573
0.335,3.9269908169872414,234
0.335,4.101523742186675,106
0.335,4.276056667386107,54
0.335,4.4505895925855405,28
0.335,4.625122517784973,20
0.335,4.799655442984406,18
0.335,4.974188368183839,34
0.335,5.148721293383272,51
0.335,5.323254218582705,106
0.335,5.497787143782138,231
0.335,5.672320068981571,586
0.335,5.8468529941810035,1326
0.335,6.021385919380437,2556
0.335,6.19591884457987,3939
0.345,0.08726646259971647,4680
0.345,0.2617993877991494,4346
0.345,0.4363323129985824,3114
0.345,0.6108652381980153,1956
0.345,0.7853981633974483,996
0.345,0.9599310885968811,559
0.345,1.1344640137963142,299
0.345,1.308996938995747,191
0.345,1.4835298641951802,151
0.345,1.658062789394613,134
0.345,1.8325957145940461,221
0.345,2.007128639793479,326
0.345,2.181661564992912,471
0.345,2.356194490192345,1003
0.345,2.530727415391778,1932
0.345,2.705260340591211,3016
0.345,2.879793265790644,4226
0.345,3.0543261909900767,4492
0.345,3.2288591161895095,3863
0.345,3.4033920413889422,2486
0.345,3.577924966588375,1264
0.345,3.752457891787808,594
0.345,3.9269908169872414,260
0.345,4.101523742186675,116
0.345,4.276056667386107,51
0.345,4.4505895925855405,23
0.345,4.625122517784973,23
0.345,4.799655442984406,25
0.345,4.974188368183839,37
0.345,5.148721293383272,74
0.345,5.323254218582705,131
0.345,5.497787143782138,267
0.345,5.672320068981571,572
0.345,5.8468529941810035,1340
0.345,6.021385919380437,2666
0.345,6.19591884457987,4071
0.355,0.08726646259971647,4991
0.355,0.2617993877991494,4505
0.355,0.4363323129985824,3295
0.355,0.6108652381980153,1941
0.355,0.7853981633974483,995
0.355,0.9599310885968811,576
0.355,1.1344640137963142,327
0.355,1.308996938995747,196
0.355,1.4835298641951802,149
0.355,1.658062789394613,140
0.355,1.8325957145940461,201
0.355,2.007128639793479,318
0.355,2.181661564992912,528
0.355,2.356194490192345,988
0.355,2.530727415391778,1835
0.355,2.705260340591211,3151
0.355,2.879793265790644,4378
0.355,3.0543261909900767,4871
0.355,3.2288591161895095,4103
0.355,3.4033920413889422,2598
0.355,3.577924966588375,1359
0.355,3.752457891787808,622
0.355,3.9269908169872414,256
0.355,4.101523742186675,114
0.355,4.276056667386107,51
0.355,4.4505895925855405,43
0.355,4.625122517784973,26
0.355,4.799655442984406,21
0.355,4.974188368183839,17
0.355,5.148721293383272,64
0.355,5.323254218582705,132
0.355,5.497787143782138,218
0.355,5.672320068981571,601
0.355,5.8468529941810035,1398
0.355,6.021385919380437,2736
0.355,6.19591884457987,4269
0.365,0.08726646259971647,5117
0.365,0.2617993877991494,4835
0.365,0.4363323129985824,3462
0.365,0.6108652381980153,2066
0.365,0.7853981633974483,1097
0.365,0.9599310885968811,594
0.365,1.1344640137963142,354
0.365,1.308996938995747,203
0.365,1.4835298641951802,189
0.365,1.658062789394613,165
0.365,1.8325957145940461,229
0.365,2.007128639793479,340
0.365,2.181661564992912,583
0.365,2.356194490192345,1053
0.365,2.530727415391778,1835
0.365,2.705260340591211,3239
0.365,2.879793265790644,4421
0.365,3.0543261909900767,4871
0.365,3.2288591161895095,4175
0.365,3.4033920413889422,2793
0.365,3.577924966588375,1373
0.365,3.752457891787808,612
0.365,3.9269908169872414,227
0.365,4.101523742186675,105
0.365,4.276056667386107,61
0.365,4.4505895925855405,38
0.365,4.625122517784973,25
0.365,4.799655442984406,24
0.365,4.974188368183839,18
0.365,5.148721293383272,53
0.365,5.323254218582705,126
0.365,5.497787143782138,247
0.365,5.672320068981571,681
0.365,5.8468529941810035,1428
0.365,6.021385919380437,2881
0.365,6.19591884457987,4391
0.375,0.08726646259971647,5364
0.375,0.2617993877991494,4911
0.375,0.4363323129985824,3472
0.375,0.6108652381980153,2107
0.375,0.7853981633974483,1078
0.375,0.9599310885968811,622
0.375,1.1344640137963142,311
0.375,1.308996938995747,230
0.375,1.4835298641951802,157
0.375,1.658062789394613,162
0.375,1.8325957145940461,193
0.375,2.007128639793479,336
0.375,2.181661564992912,554
0.375,2.356194490192345,1164
0.375,2.530727415391778,1978
0.375,2.705260340591211,3321
0.375,2.879793265790644,4692
0.375,3.0543261909900767,5396
0.375,3.2288591161895095,4564
0.375,3.4033920413889422,2872
0.375,3.577924966588375,1431
0.375,3.752457891787808,640
0.375,3.9269908169872414,283
0.375,4.101523742186675,153
0.375,4.276056667386107,63
0.375,4.4505895925855405,39
0.375,4.625122517784973,44
0.375,4.799655442984406,37
0.375,4.974188368183839,32
0.375,5.148721293383272,60
0.375,5.323254218582705,122
0.375,5.497787143782138,274
0.375,5.672320068981571,723
0.375,5.8468529941810035,1559
0.375,6.021385919380437,2892
0.375,6.19591884457987,4588
0.385,0.08726646259971647,5483
0.385,0.2617993877991494,5013
0.385,0.4363323129985824,3603
0.385,0.6108652381980153,2157
0.385,0.7853981633974483,1154
0.385,0.9599310885968811,632
0.385,1.1344640137963142,347
0.385,1.308996938995747,230
0.385,1.4835298641951802,168
0.385,1.658062789394613,170
0.385,1.8325957145940461,231
0.385,2.007128639793479,368
0.385,2.181661564992912,620
0.385,2.356194490192345,1129
0.385,2.530727415391778,2084
0.385,2.705260340591211,3555
0.385,2.879793265790644,4925
0.385,3.0543261909900767,5353
0.385,3.2288591161895095,4493
0.385,3.4033920413889422,2944
0.385,3.577924966588375,1606
0.385,3.752457891787808,639
0.385,3.9269908169872414,258
0.385,4.101523742186675,122
0.385,4.276056667386107,75
0.385,4.4505895925855405,45
0.385,4.625122517784973,45
0.385,4.799655442984406,39
0.385,4.974188368183839,38
0.385,5.148721293383272,63
0.385,5.323254218582705,128
0.385,5.497787143782138,335
0.385,5.672320068981571,846
0.385,5.8468529941810035,1575
0.385,6.021385919380437,3095
0.385,6.19591884457987,4599
0.395,0.08726646259971647,5521
0.395,0.2617993877991494,4833
0.395,0.4363323129985824,3542
0.395,0.6108652381980153,2049
0.395,0.7853981633974483,1189
0.395,0.9599310885968811,566
0.395,1.1344640137963142,317
0.395,1.308996938995747,229
0.395,1.4835298641951802,176
0.395,1.658062789394613,181
0.395,1.8325957145940461,231
0.395,2.007128639793479,314
0.395,2.181661564992912,601
0.395,2.356194490192345,1090
0.395,2.530727415391778,2136
0.395,2.705260340591211,3535
0.395,2.879793265790644,4932
0.395,3.0543261909900767,5353
0.395,3.2288591161895095,4648
0.395,3.4033920413889422,3025
0.395,3.577924966588375,1544
0.395,3.752457891787808,723
0.395,3.9269908169872414,303
0.395,4.101523742186675,125
0.395,4.276056667386107,57
0.395,4.4505895925855405,48
0.395,4.625122517784973,35
0.395,4.799655442984406,39
0.395,4.974188368183839,46
0.395,5.148721293383272,53
0.395,5.323254218582705,144
0.395,5.497787143782138,337
0.395,5.672320068981571,778
0.395,5.8468529941810035,1620
0.395,6.021385919380437,3065
0.395,6.19591884457987,4655
0.405,0.08726646259971647,5737
0.405,0.2617993877991494,5373
0.405,0.4363323129985824,3603
0.405,0.6108652381980153,2156
0.405,0.7853981633974483,1124
0.405,0.9599310885968811,590
0.405,1.1344640137963142,350
0.405,1.308996938995747,211
0.405,1.4835298641951802,170
0.405,1.658062789394613,217
0.405,1.8325957145940461,243
0.405,2.007128639793479,362
0.405,2.181661564992912,609
0.405,2.356194490192345,1164
0.405,2.530727415391778,2207
0.405,2.705260340591211,3720
0.405,2.879793265790644,5062
0.405,3.0543261909900767,5648
0.405,3.2288591161895095,4772
0.405,3.4033920413889422,3206
0.405,3.577924966588375,1619
0.405,3.752457891787808,747
0.405,3.9269908169872414,308
0.405,4.101523742186675,135
0.405,4.276056667386107,61
0.405,4.4505895925855405,52
0.405,4.625122517784973,38
0.405,4.799655442984406,30
0.405,4.974188368183839,42
0.405,5.148721293383272,60
0.405,5.323254218582705,146
0.405,5.497787143782138,324
0.405,5.672320068981571,746
0.405,5.8468529941810035,1690
0.405,6.021385919380437,3054
0.405,6.19591884457987,4870
0.415,0.08726646259971647,6100
0.415,0.2617993877991494,5533
0.415,0.4363323129985824,3938
0.415,0.6108652381980153,2290
0.415,0.7853981633974483,1207
0.415,0.9599310885968811,664
0.415,1.1344640137963142,383
0.415,1.308996938995747,289
0.415,1.4835298641951802,222
0.415,1.658062789394613,183
0.415,1.8325957145940461,243
0.415,2.007128639793479,387
0.415,2.181661564992912,679
0.415,2.356194490192345,1263
0.415,2.530727415391778,2370
0.415,2.705260340591211,4005
0.415,2.879793265790644,5551
0.415,3.0543261909900767,6238
0.415,3.2288591161895095,5137
0.415,3.4033920413889422,3289
0.415,3.577924966588375,1668
0.415,3.752457891787808,747
0.415,3.9269908169872414,288
0.415,4.101523742186675,124
0.415,4.276056667386107,81
0.415,4.4505895925855405,56
0.415,4.625122517784973,46
0.415,4.799655442984406,35
0.415,4.974188368183839,40
0.415,5.148721293383272,59
0.415,5.323254218582705,147
0.415,5.497787143782138,304
0.415,5.672320068981571,735
0.415,5.8468529941810035,1630
0.415,6.021385919380437,3339
0.415,6.19591884457987,5196
0.425,0.08726646259971647,6342
0.425,0.2617993877991494,5797
0.425,0.4363323129985824,4211
0.425,0.6108652381980153,2454
0.425,0.7853981633974483,1289
0.425,0.9599310885968811,733
0.425,1.1344640137963142,439
0.425,1.308996938995747,306
0.425,1.4835298641951802,213
0.425,1.658062789394613,203
0.425,1.8325957145940461,266
0.425,2.007128639793479,420
0.425,2.181661564992912,689
0.425,2.356194490192345,1311
0.425,2.530727415391778,2511
0.425,2.705260340591211,4375
0.425,2.879793265790644,5873
0.425,3.0543261909900767,6616
0.425,3.2288591161895095,5465
0.425,3.4033920413889422,3542
0.425,3.577924966588375,1848
0.425,3.752457891787808,790
0.425,3.9269908169872414,305
0.425,4.101523742186675,124
0.425,4.276056667386107,49
0.425,4.4505895925855405,41
0.425,4.625122517784973,35
0.425,4.799655442984406,36
0.425,4.974188368183839,35
0.425,5.148721293383272,68
0.425,5.323254218582705,134
0.425,5.497787143782138,310
0.425,5.672320068981571,746
0.425,5.8468529941810035,1759
0.425,6.021385919380437,3471
0.425,6.19591884457987,5401
0.435,0.08726646259971647,6877
0.435,0.2617993877991494,6318
0.435,0.4363323129985824,4449
0.435,0.6108652381980153,2622
0.435,0.7853981633974483,1351
0.435,0.9599310885968811,761
0.435,1.1344640137963142,429
0.435,1.308996938995747,300
0.435,1.4835298641951802,207
0.435,1.658062789394613,237
0.435,1.8325957145940461,308
0.435,2.007128639793479,450
0.435,2.181661564992912,697
0.435,2.356194490192345,1437
0.435,2.530727415391778,2705
0.435,2.705260340591211,4610
0.435,2.879793265790644,6566
0.435,3.0543261909900767,7164
0.435,3.2288591161895095,6056
0.435,3.4033920413889422,3970
0.435,3.577924966588375,2046
0.435,3.752457891787808,852
0.435,3.9269908169872414,359
0.435,4.101523742186675,144
0.435,4.276056667386107,62
0.435,4.4505895925855405,53
0.435,4.625122517784973,22
0.435,4.799655442984406,24
0.435,4.974188368183839,47
0.435,5.148721293383272,84
0.435,5.323254218582705,114
0.435,5.497787143782138,322
0.435,5.672320068981571,852
0.435,5.8468529941810035,1987
0.435,6.021385919380437,3794
0.435,6.19591884457987,5850
0.445,0.08726646259971647,7732
0.445,0.2617993877991494,6911
0.445,0.4363323129985824,4851
0.445,0.6108652381980153,2796
0.445,0.7853981633974483,1591
0.445,0.9599310885968811,835
0.445,1.1344640137963142,520
0.445,1.308996938995747,320
0.445,1.4835298641951802,194
0.445,1.658062789394613,226
0.445,1.8325957145940461,340
0.445,2.007128639793479,476
0.445,2.181661564992912,805
0.445,2.356194490192345,1517
0.445,2.530727415391778,3008
0.445,2.705260340591211,4951
0.445,2.879793265790644,6957
0.445,3.0543261909900767,7541
0.445,3.2288591161895095,6523
0.445,3.4033920413889422,4134
0.445,3.577924966588375,2230
0.445,3.752457891787808,994
0.445,3.9269908169872414,416
0.445,4.101523742186675,173
0.445,4.276056667386107,75
0.445,4.4505895925855405,41
0.445,4.625122517784973,21
0.445,4.799655442984406,25
0.445,4.974188368183839,44
0.445,5.148721293383272,89
0.445,5.323254218582705,171
0.445,5.497787143782138,402
0.445,5.672320068981571,953
0.445,5.8468529941810035,2168
0.445,6.021385919380437,4234
0.445,6.19591884457987,6354
0.455,0.08726646259971647,8600
0.455,0.2617993877991494,7751
0.455,0.4363323129985824,5398
0.455,0.6108652381980153,3273
0.455,0.7853981633974483,1672
0.455,0.9599310885968811,905
0.455,1.1344640137963142,525
0.455,1.308996938995747,331
0.455,1.4835298641951802,254
0.455,1.658062789394613,245
0.455,1.8325957145940461,319
0.455,2.007128639793479,488
0.455,2.181661564992912,885
0.455,2.356194490192345,1696
0.455,2.530727415391778,3153
0.455,2.705260340591211,5254
0.455,2.879793265790644,7599
0.455,3.0543261909900767,8366
0.455,3.2288591161895095,7018
0.455,3.4033920413889422,4630
0.455,3.577924966588375,2309
0.455,3.752457891787808,1049
0.455,3.9269908169872414,430
0.455,4.101523742186675,148
0.455,4.276056667386107,76
0.455,4.4505895925855405,55
0.455,4.625122517784973,36
0.455,4.799655442984406,35
0.455,4.974188368183839,51
0.455,5.148721293383272,83
0.455,5.323254218582705,178
0.455,5.497787143782138,385
0.455,5.672320068981571,1037
0.455,5.8468529941810035,2312
0.455,6.021385919380437,4810
0.455,6.19591884457987,7258
0.465,0.08726646259971647,9453
0.465,0.2617993877991494,8428
0.465,0.4363323129985824,5882
0.465,0.6108652381980153,3438
0.465,0.7853981633974483,1787
0.465,0.9599310885968811,905
0.465,1.1344640137963142,562
0.465,1.308996938995747,347
0.465,1.4835298641951802,287
0.465,1.658062789394613,259
0.465,1.8325957145940461,346
0.465,2.007128639793479,519
0.465,2.181661564992912,1020
0.465,2.356194490192345,1897
0.465,2.530727415391778,3455
0.465,2.705260340591211,5794
0.465,2.879793265790644,8157
0.465,3.0543261909900767,9087
0.465,3.2288591161895095,7640
0.465,3.4033920413889422,5077
0.465,3.577924966588375,2570
0.465,3.752457891787808,1096
0.465,3.9269908169872414,443
0.465,4.101523742186675,203
0.465,4.276056667386107,82
0.465,4.4505895925855405,40
0.465,4.625122517784973,33
0.465,4.799655442984406,40
0.465,4.974188368183839,43
0.465,5.148721293383272,97
0.465,5.323254218582705,187
0.465,5.497787143782138,439
0.465,5.672320068981571,1087
0.465,5.8468529941810035,2623
0.465,6.021385919380437,4906
0.465,6.19591884457987,7831
0.475,0.08726646259971647,10222
0.475,0.2617993877991494,9305
0.475,0.4363323129985824,6373
0.475,0.6108652381980153,3770
0.475,0.7853981633974483,1952
0.475,0.9599310885968811,1012
0.475,1.1344640137963142,592
0.475,1.308996938995747,372
0.475,1.4835298641951802,266
0.475,1.658062789394613,270
0.475,1.8325957145940461,389
0.475,2.007128639793479,638
0.475,2.181661564992912,1077
0.475,2.356194490192345,2055
0.475,2.530727415391778,3717
0.475,2.705260340591211,6320
0.475,2.879793265790644,8877
0.475,3.0543261909900767,10010
0.475,3.2288591161895095,8396
0.475,3.4033920413889422,5418
0.475,3.577924966588375,2851
0.475,3.752457891787808,1214
0.475,3.9269908169872414,496
0.475,4.101523742186675,193
0.475,4.276056667386107,114
0.475,4.4505895925855405,64
0.475,4.625122517784973,64
0.475,4.799655442984406,37
0.475,4.974188368183839,52
0.475,5.148721293383272,114
0.475,5.323254218582705,193
0.475,5.497787143782138,511
0.475,5.672320068981571,1268
0.475,5.8468529941810035,2806
0.475,6.021385919380437,5487
0.475,6.19591884457987,8594
0.485,0.08726646259971647,11319
0.485,0.2617993877991494,10263
0.485,0.4363323129985824,7237
0.485,0.6108652381980153,4153
0.485,0.7853981633974483,2228
0.485,0.9599310885968811,1150
0.485,1.1344640137963142,598
0.485,1.308996938995747,419
0.485,1.4835298641951802,306
0.485,1.658062789394613,304
0.485,1.8325957145940461,417
0.485,2.007128639793479,605
0.485,2.181661564992912,1210
0.485,2.356194490192345,2192
0.485,2.530727415391778,4129
0.485,2.705260340591211,7038
0.485,2.879793265790644,9708
0.485,3.0543261909900767,10942
0.485,3.2288591161895095,9185
0.485,3.4033920413889422,5842
0.485,3.577924966588375,2983
0.485,3.752457891787808,1356
0.485,3.9269908169872414,542
0.485,4.101523742186675,255
0.485,4.276056667386107,108
0.485,4.4505895925855405,69
0.485,4.625122517784973,50
0.485,4.799655442984406,45
0.485,4.974188368183839,51
0.485,5.148721293383272,119
0.485,5.323254218582705,238
0.485,5.497787143782138,605
0.485,5.672320068981571,1308
0.485,5.8468529941810035,3212
0.485,6.021385919380437,6250
0.485,6.19591884457987,9684
0.495,0.08726646259971647,12500
0.495,0.2617993877991494,11113
0.495,0.4363323129985824,8052
0.495,0.6108652381980153,4631
0.495,0.7853981633974483,2435
0.495,0.9599310885968811,1323
0.495,1.1344640137963142,740
0.495,1.308996938995747,455
0.495,1.4835298641951802,389
0.495,1.658062789394613,306
0.495,1.8325957145940461,394
0.495,2.007128639793479,689
0.495,2.181661564992912,1209
0.495,2.356194490192345,2430
0.495,2.530727415391778,4456
0.495,2.705260340591211,7581
0.495,2.879793265790644,10724
0.495,3.0543261909900767,12114
0.495,3.2288591161895095,10174
0.495,3.4033920413889422,6491
0.495,3.577924966588375,3454
0.495,3.752457891787808,1502
0.495,3.9269908169872414,631
0.495,4.101523742186675,226
0.495,4.276056667386107,115
0.495,4.4505895925855405,74
0.495,4.625122517784973,36
0.495,4.799655442984406,60
0.495,4.974188368183839,92
0.495,5.148721293383272,134
0.495,5.323254218582705,265
0.495,5.497787143782138,635
0.495,5.672320068981571,1458
0.495,5.8468529941810035,3482
0.495,6.021385919380437,6754
0.495,6.19591884457987,10367
0.505,0.08726646259971647,13472
0.505,0.2617993877991494,12127
0.505,0.4363323129985824,8693
0.505,0.6108652381980153,5162
0.505,0.7853981633974483,2641
0.505,0.9599310885968811,1280
0.505,1.1344640137963142,788
0.505,1.308996938995747,488
0.505,1.4835298641951802,379
0.505,1.658062789394613,421
0.505,1.8325957145940461,537
0.505,2.007128639793479,827
0.505,2.181661564992912,1418
0.505,2.356194490192345,2639
0.505,2.530727415391778,4857
0.505,2.705260340591211,8353
0.505,2.879793265790644,12000
0.505,3.0543261909900767,13273
0.505,3.2288591161895095,11284
0.505,3.4033920413889422,7163
0.505,3.577924966588375,3750
0.505,3.752457891787808,1568
0.505,3.9269908169872414,631
0.505,4.101523742186675,268
0.505,4.276056667386107,156
0.505,4.4505895925855405,80
0.505,4.625122517784973,71
0.505,4.799655442984406,68
0.505,4.974188368183839,98
0.505,5.148721293383272,153
0.505,5.323254218582705,289
0.505,5.497787143782138,719
0.505,5.672320068981571,1734
0.505,5.8468529941810035,3806
0.505,6.021385919380437,7457
0.505,6.19591884457987,11317
0.515,0.08726646259971647,14599
0.515,0.2617993877991494,13434
0.515,0.4363323129985824,9435
0.515,0.6108652381980153,5496
0.515,0.7853981633974483,3000
0.515,0.9599310885968811,1487
0.515,1.1344640137963142,879
0.515,1.308996938995747,509
0.515,1.4835298641951802,478
0.515,1.658062789394613,447
0.515,1.8325957145940461,582
0.515,2.007128639793479,877
0.515,2.181661564992912,1556
0.515,2.356194490192345,2873
0.515,2.530727415391778,5500
0.515,2.705260340591211,9561
0.515,2.879793265790644,13168
0.515,3.0543261909900767,14548
0.515,3.2288591161895095,12526
0.515,3.4033920413889422,8058
0.515,3.577924966588375,4105
0.515,3.752457891787808,1744
0.515,3.9269908169872414,737
0.515,4.101523742186675,289
0.515,4.276056667386107,150
0.515,4.4505895925855405,96
0.515,4.625122517784973,70
0.515,4.799655442984406,71
0.515,4.974188368183839,73
0.515,5.148721293383272,153
0.515,5.323254218582705,330
0.515,5.497787143782138,784
0.515,5.672320068981571,1840
0.515,5.8468529941810035,4165
0.515,6.021385919380437,7776
0.515,6.19591884457987,12458
0.525,0.08726646259971647,16123
0.525,0.2617993877991494,14337
0.525,0.4363323129985824,10456
0.525,0.6108652381980153,6348
0.525,0.7853981633974483,3276
0.525,0.9599310885968811,1726
0.525,1.1344640137963142,1017
0.525,1.308996938995747,662
0.525,1.4835298641951802,503
0.525,1.658062789394613,490
0.525,1.8325957145940461,619
0.525,2.007128639793479,952
0.525,2.181661564992912,1694
0.525,2.356194490192345,3297
0.525,2.530727415391778,6183
0.525,2.705260340591211,10288
0.525,2.879793265790644,14770
0.525,3.0543261909900767,16532
0.525,3.2288591161895095,13877
0.525,3.4033920413889422,8796
0.525,3.577924966588375,4445
0.525,3.752457891787808,1873
0.525,3.9269908169872414,717
0.525,4.101523742186675,352
0.525,4.276056667386107,166
0.525,4.4505895925855405,87
0.525,4.625122517784973,70
0.525,4.799655442984406,74
0.525,4.974188368183839,80
0.525,5.148721293383272,164
0.525,5.323254218582705,316
0.525,5.497787143782138,761
0.525,5.672320068981571,1930
0.525,5.8468529941810035,4264
0.525,6.021385919380437,8724
0.525,6.19591884457987,13629
0.535,0.08726646259971647,17414
0.535,0.2617993877991494,15593
0.535,0.4363323129985824,11113
0.535,0.6108652381980153,6798
0.535,0.7853981633974483,3587
0.535,0.9599310885968811,1908
0.535,1.1344640137963142,1111
0.535,1.308996938995747,734
0.535,1.4835298641951802,581
0.535,1.658062789394613,554
0.535,1.8325957145940461,724
0.535,2.007128639793479,1047
0.535,2.181661564992912,1942
0.535,2.356194490192345,3706
0.535,2.530727415391778,7102
0.535,2.705260340591211,11515
0.535,2.879793265790644,16419
0.535,3.0543261909900767,18135
0.535,3.2288591161895095,15155
0.535,3.4033920413889422,9824
0.535,3.577924966588375,5080
0.535,3.752457891787808,2109
0.535,3.9269908169872414,867
0.535,4.101523742186675,336
0.535,4.276056667386107,163
0.535,4.4505895925855405,101
0.535,4.625122517784973,61
0.535,4.799655442984406,53
0.535,4.974188368183839,77
0.535,5.148721293383272,146
0.535,5.323254218582705,372
0.535,5.497787143782138,819
0.535,5.672320068981571,2082
0.535,5.8468529941810035,4858
0.535,6.021385919380437,9516
0.535,6.19591884457987,14600
0.545,0.08726646259971647,18248
0.545,0.2617993877991494,16683
0.545,0.4363323129985824,11890
0.545,0.6108652381980153,7233
0.545,0.7853981633974483,3695
0.545,0.9599310885968811,2005
0.545,1.1344640137963142,1139
0.545,1.308996938995747,749
0.545,1.4835298641951802,625
0.545,1.658062789394613,677
0.545,1.8325957145940461,828
0.545,2.007128639793479,1241
0.545,2.181661564992912,2207
0.545,2.356194490192345,4072
0.545,2.530727415391778,7667
0.545,2.705260340591211,12734
0.545,2.879793265790644,18115
0.545,3.0543261909900767,19711
0.545,3.2288591161895095,16485
0.545,3.4033920413889422,10584
0.545,3.577924966588375,5463
0.545,3.752457891787808,2366
0.545,3.9269908169872414,1025
0.545,4.101523742186675,384
0.545,4.276056667386107,172
0.545,4.4505895925855405,116
0.545,4.625122517784973,72
0.545,4.799655442984406,83
0.545,4.974188368183839,70
0.545,5.148721293383272,194
0.545,5.323254218582705,361
0.545,5.497787143782138,963
0.545,5.672320068981571,2409
0.545,5.8468529941810035,5137
0.545,6.021385919380437,10095
0.545,6.19591884457987,15297
0.555,0.08726646259971647,19554
0.555,0.2617993877991494,17916
0.555,0.4363323129985824,12444
0.555,0.6108652381980153,7535
0.555,0.7853981633974483,4067
0.555,0.9599310885968811,2181
0.555,1.1344640137963142,1253
0.555,1.308996938995747,872
0.555,1.4835298641951802,692
0.555,1.658062789394613,760
0.555,1.8325957145940461,919
0.555,2.007128639793479,1404
0.555,2.181661564992912,2480
0.555,2.356194490192345,4564
0.555,2.530727415391778,8337
0.555,2.705260340591211,13863
0.555,2.879793265790644,19427
0.555,3.0543261909900767,21353
0.555,3.2288591161895095,17561
0.555,3.4033920413889422,11435
0.555,3.577924966588375,5935
0.555,3.752457891787808,2621
0.555,3.9269908169872414,1062
0.555,4.101523742186675,416
0.555,4.276056667386107,190
0.555,4.4505895925855405,116
0.555,4.625122517784973,68
0.555,4.799655442984406,68
0.555,4.974188368183839,91
0.555,5.148721293383272,196
0.555,5.323254218582705,392
0.555,5.497787143782138,969
0.555,5.672320068981571,2379
0.555,5.8468529941810035,5439
0.555,6.021385919380437,10321
0.555,6.19591884457987,16274
0.565,0.08726646259971647,20803
0.565,0.2617993877991494,18659
0.565,0.4363323129985824,13621
0.565,0.6108652381980153,8233
0.565,0.7853981633974483,4511
0.565,0.9599310885968811,2446
0.565,1.1344640137963142,1427
0.565,1.308996938995747,950
0.565,1.4835298641951802,784
0.565,1.658062789394613,828
0.565,1.8325957145940461,1018
0.565,2.007128639793479,1502
0.565,2.181661564992912,2545
0.565,2.356194490192345,4935
0.565,2.530727415391778,8857
0.565,2.705260340591211,14548
0.565,2.879793265790644,20190
0.565,3.0543261909900767,22140
0.565,3.2288591161895095,18444
0.565,3.4033920413889422,12000
0.565,3.577924966588375,6504
0.565,3.752457891787808,2896
0.565,3.9269908169872414,1180
0.565,4.101523742186675,485
0.565,4.276056667386107,236
0.565,4.4505895925855405,150
0.565,4.625122517784973,93
0.565,4.799655442984406,103
0.565,4.974188368183839,137
0.565,5.148721293383272,212
0.565,5.323254218582705,435
0.565,5.497787143782138,1070
0.565,5.672320068981571,2559
0.565,5.8468529941810035,5971
0.565,6.021385919380437,11225
0.565,6.19591884457987,17461
0.575,0.08726646259971647,21727
0.575,0.2617993877991494,19653
0.575,0.4363323129985824,14306
0.575,0.6108652381980153,8658
0.575,0.7853981633974483,4979
0.575,0.9599310885968811,2725
0.575,1.1344640137963142,1536
0.575,1.308996938995747,1059
0.575,1.4835298641951802,781
0.575,1.658062789394613,901
0.575,1.8325957145940461,1046
0.575,2.007128639793479,1548
0.575,2.181661564992912,2660
0.575,2.356194490192345,4886
0.575,2.530727415391778,9240
0.575,2.705260340591211,15459
0.575,2.879793265790644,21093
0.575,3.0543261909900767,23457
0.575,3.2288591161895095,19605
0.575,3.4033920413889422,12806
0.575,3.577924966588375,6790
0.575,3.752457891787808,3047
0.575,3.9269908169872414,1297
0.575,4.101523742186675,582
0.575,4.276056667386107,248
0.575,4.4505895925855405,170
0.575,4.625122517784973,129
0.575,4.799655442984406,95
0.575,4.974188368183839,127
0.575,5.148721293383272,229
0.575,5.323254218582705,491
0.575,5.497787143782138,1180
0.575,5.672320068981571,2868
0.575,5.8468529941810035,6385
0.575,6.021385919380437,11892
0.575,6.19591884457987,18227
0.585,0.08726646259971647,22666
0.585,0.2617993877991494,20866
0.585,0.4363323129985824,15119
0.585,0.6108652381980153,9243
0.585,0.7853981633974483,5080
0.585,0.9599310885968811,2700
0.585,1.1344640137963142,1713
0.585,1.308996938995747,1115
0.585,1.4835298641951802,811
0.585,1.658062789394613,817
0.585,1.8325957145940461,1056
0.585,2.007128639793479,1616
0.585,2.181661564992912,2753
0.585,2.356194490192345,4961
0.585,2.530727415391778,9524
0.585,2.705260340591211,15749
0.585,2.879793265790644,22354
0.585,3.0543261909900767,24226
0.585,3.2288591161895095,20369
0.585,3.4033920413889422,13368
0.585,3.577924966588375,7216
0.585,3.752457891787808,3135
0.585,3.9269908169872414,1339
0.585,4.101523742186675,644
0.585,4.276056667386107,289
0.585,4.4505895925855405,183
0.585,4.625122517784973,146
0.585,4.799655442984406,112
0.585,4.974188368183839,158
0.585,5.148721293383272,248
0.585,5.323254218582705,516
0.585,5.497787143782138,1195
0.585,5.672320068981571,2909
0.585,5.8468529941810035,6521
0.585,6.021385919380437,12552
0.585,6.19591884457987,19081
0.595,0.08726646259971647,23452
0.595,0.2617993877991494,21284
0.595,0.4363323129985824,15496
0.595,0.6108652381980153,9342
0.595,0.7853981633974483,5192
0.595,0.9599310885968811,2795
0.595,1.1344640137963142,1615
0.595,1.308996938995747,1151
0.595,1.4835298641951802,909
0.595,1.658062789394613,933
0.595,1.8325957145940461,1146
0.595,2.007128639793479,1669
0.595,2.181661564992912,2923
0.595,2.356194490192345,5472
0.595,2.530727415391778,10047
0.595,2.705260340591211,16737
0.595,2.879793265790644,22797
0.595,3.0543261909900767,24949
0.595,3.2288591161895095,21069
0.595,3.4033920413889422,13929
0.595,3.577924966588375,7381
0.595,3.752457891787808,3287
0.595,3.9269908169872414,1282
0.595,4.101523742186675,585
0.595,4.276056667386107,296
0.595,4.4505895925855405,196
0.595,4.625122517784973,145
0.595,4.799655442984406,140
0.595,4.974188368183839,177
0.595,5.148721293383272,281
0.595,5.323254218582705,577
0.595,5.497787143782138,1318
0.595,5.672320068981571,3140
0.595,5.8468529941810035,6840
0.595,6.021385919380437,13116
0.595,6.19591884457987,19822
0.605,0.08726646259971647,24254
0.605,0.2617993877991494,21948
0.605,0.4363323129985824,15932
0.605,0.6108652381980153,9535
0.605,0.7853981633974483,5215
0.605,0.9599310885968811,3019
0.605,1.1344640137963142,1727
0.605,1.308996938995747,1206
0.605,1.4835298641951802,1029
0.605,1.658062789394613,1012
0.605,1.8325957145940461,1311
0.605,2.007128639793479,1885
0.605,2.181661564992912,3092
0.605,2.356194490192345,5646
0.605,2.530727415391778,10462
0.605,2.705260340591211,17008
0.605,2.879793265790644,23126
0.605,3.0543261909900767,25597
0.605,3.2288591161895095,21266
0.605,3.4033920413889422,14172
0.605,3.577924966588375,7461
0.605,3.752457891787808,3272
0.605,3.9269908169872414,1476
0.605,4.101523742186675,614
0.605,4.276056667386107,313
0.605,4.4505895925855405,176
0.605,4.625122517784973,118
0.605,4.799655442984406,115
0.605,4.974188368183839,134
0.605,5.148721293383272,310
0.605,5.323254218582705,563
0.605,5.497787143782138,1340
0.605,5.672320068981571,3197
0.605,5.8468529941810035,6933
0.605,6.021385919380437,13470
0.605,6.19591884457987,20543
0.615,0.08726646259971647,24382
0.615,0.2617993877991494,22302
0.615,0.4363323129985824,15863
0.615,0.6108652381980153,9512
0.615,0.7853981633974483,5212
0.615,0.9599310885968811,2915
0.615,1.1344640137963142,1787
0.615,1.308996938995747,1291
0.615,1.4835298641951802,1126
0.615,1.658062789394613,1079
0.615,1.8325957145940461,1248
0.615,2.007128639793479,1878
0.615,2.181661564992912,3188
0.615,2.356194490192345,5763
0.615,2.530727415391778,10362
0.615,2.705260340591211,17155
0.615,2.879793265790644,23720
0.615,3.0543261909900767,25799
0.615,3.2288591161895095,21542
0.615,3.4033920413889422,14497
0.615,3.577924966588375,7841
0.615,3.752457891787808,3483
0.615,3.9269908169872414,1589
0.615,4.101523742186675,678
0.615,4.276056667386107,283
0.615,4.4505895925855405,210
0.615,4.625122517784973,117
0.615,4.799655442984406,133
0.615,4.974188368183839,175
0.615,5.148721293383272,321
0.615,5.323254218582705,561
0.615,5.497787143782138,1360
0.615,5.672320068981571,3298
0.615,5.8468529941810035,7297
0.615,6.021385919380437,13697
0.615,6.19591884457987,20876
0.625,0.08726646259971647,24655
0.625,0.2617993877991494,22454
0.625,0.4363323129985824,16321
0.625,0.6108652381980153,9755
0.625,0.7853981633974483,5240
0.625,0.9599310885968811,2895
0.625,1.1344640137963142,1758
0.625,1.308996938995747,1251
0.625,1.4835298641951802,1064
0.625,1.658062789394613,1086
0.625,1.8325957145940461,1326
0.625,2.007128639793479,1858
0.625,2.181661564992912,3144
0.625,2.356194490192345,5885
0.625,2.530727415391778,10542
0.625,2.705260340591211,16813
0.625,2.879793265790644,23639
0.625,3.0543261909900767,25562
0.625,3.2288591161895095,21621
0.625,3.4033920413889422,14256
0.625,3.577924966588375,7620
0.625,3.752457891787808,3577
0.625,3.9269908169872414,1643
0.625,4.101523742186675,695
0.625,4.276056667386107,348
0.625,4.4505895925855405,199
0.625,4.625122517784973,155
0.625,4.799655442984406,145
0.625,4.974188368183839,166
0.625,5.148721293383272,329
0.625,5.323254218582705,630
0.625,5.497787143782138,1414
0.625,5.672320068981571,3296
0.625,5.8468529941810035,7234
0.625,6.021385919380437,13291
0.625,6.19591884457987,20691
0.635,0.08726646259971647,24719
0.635,0.2617993877991494,22387
0.635,0.4363323129985824,16222
0.635,0.6108652381980153,10018
0.635,0.7853981633974483,5568
0.635,0.9599310885968811,3106
0.635,1.1344640137963142,1810
0.635,1.308996938995747,1320
0.635,1.4835298641951802,1029
0.635,1.658062789394613,1087
0.635,1.8325957145940461,1366
0.635,2.007128639793479,2024
0.635,2.181661564992912,3190
0.635,2.356194490192345,5895
0.635,2.530727415391778,10408
0.635,2.705260340591211,16824
0.635,2.879793265790644,22830
0.635,3.0543261909900767,25182
0.635,3.2288591161895095,20918
0.635,3.4033920413889422,13783
0.635,3.577924966588375,7361
0.635,3.752457891787808,3375
0.635,3.9269908169872414,1493
0.635,4.101523742186675,712
0.635,4.276056667386107,376
0.635,4.4505895925855405,262
0.635,4.625122517784973,179
0.635,4.799655442984406,175
0.635,4.974188368183839,183
0.635,5.148721293383272,340
0.635,5.323254218582705,579
0.635,5.497787143782138,1353
0.635,5.672320068981571,3390
0.635,5.8468529941810035,7359
0.635,6.021385919380437,13659
0.635,6.19591884457987,20801
0.645,0.08726646259971647,23646
0.645,0.2617993877991494,21913
0.645,0.4363323129985824,15741
0.645,0.6108652381980153,9686
0.645,0.7853981633974483,5549
0.645,0.9599310885968811,3120
0.645,1.1344640137963142,1873
0.645,1.308996938995747,1389
0.645,1.4835298641951802,1150
0.645,1.658062789394613,1113
0.645,1.8325957145940461,1451
0.645,2.007128639793479,1946
0.645,2.181661564992912,3267
0.645,2.356194490192345,5711
0.645,2.530727415391778,10103
0.645,2.705260340591211,15965
0.645,2.879793265790644,21909
0.645,3.0543261909900767,23971
0.645,3.2288591161895095,20107
0.645,3.4033920413889422,13270
0.645,3.577924966588375,7191
0.645,3.752457891787808,3343
0.645,3.9269908169872414,1422
0.645,4.101523742186675,588
0.645,4.276056667386107,329
0.645,4.4505895925855405,237
0.645,4.625122517784973,177
0.645,4.799655442984406,188
0.645,4.974188368183839,181
0.645,5.148721293383272,337
0.645,5.323254218582705,625
0.645,5.497787143782138,1393
0.645,5.672320068981571,3247
0.645,5.8468529941810035,7097
0.645,6.021385919380437,13481
0.645,6.19591884457987,20235
0.655,0.08726646259971647,23082
0.655,0.2617993877991494,21020
0.655,0.4363323129985824,15297
0.655,0.6108652381980153,9689
0.655,0.7853981633974483,5361
0.655,0.9599310885968811,3047
0.655,1.1344640137963142,1877
0.655,1.308996938995747,1374
0.655,1.4835298641951802,1120
0.655,1.658062789394613,1131
0.655,1.8325957145940461,1424
0.655,2.007128639793479,1965
0.655,2.181661564992912,3140
0.655,2.356194490192345,5507
0.655,2.530727415391778,9598
0.655,2.705260340591211,15153
0.655,2.879793265790644,20789
0.655,3.0543261909900767,22890
0.655,3.2288591161895095,19350
0.655,3.4033920413889422,13060
0.655,3.577924966588375,7035
0.655,3.752457891787808,3289
0.655,3.9269908169872414,1445
0.655,4.101523742186675,669
0.655,4.276056667386107,342
0.655,4.4505895925855405,217
0.655,4.625122517784973,179
0.655,4.799655442984406,160
0.655,4.974188368183839,205
0.655,5.148721293383272,323
0.655,5.323254218582705,611
0.655,5.497787143782138,1436
0.655,5.672320068981571,3058
0.655,5.8468529941810035,6709
0.655,6.021385919380437,12760
0.655,6.19591884457987,19232
0.665,0.08726646259971647,21808
0.665,0.2617993877991494,20307
0.665,0.4363323129985824,15127
0.665,0.6108652381980153,9249
0.665,0.7853981633974483,5241
0.665,0.9599310885968811,2902
0.665,1.1344640137963142,1717
0.665,1.308996938995747,1245
0.665,1.4835298641951802,1084
0.665,1.658062789394613,1093
0.665,1.8325957145940461,1395
0.665,2.007128639793479,1895
0.665,2.181661564992912,2933
0.665,2.356194490192345,5149
0.665,2.530727415391778,9119
0.665,2.705260340591211,14830
0.665,2.879793265790644,19709
0.665,3.0543261909900767,21823
0.665,3.2288591161895095,18571
0.665,3.4033920413889422,12408
0.665,3.577924966588375,6867
0.665,3.752457891787808,3140
0.665,3.9269908169872414,1326
0.665,4.101523742186675,602
0.665,4.276056667386107,292
0.665,4.4505895925855405,193
0.665,4.625122517784973,152
0.665,4.799655442984406,176
0.665,4.974188368183839,209
0.665,5.148721293383272,337
0.665,5.323254218582705,652
0.665,5.497787143782138,1376
0.665,5.672320068981571,3195
0.665,5.8468529941810035,6455
0.665,6.021385919380437,12161
0.665,6.19591884457987,18120
0.675,0.08726646259971647,21107
0.675,0.2617993877991494,19314
0.675,0.4363323129985824,14230
0.675,0.6108652381980153,8695
0.675,0.7853981633974483,5024
0.675,0.9599310885968811,2878
0.675,1.1344640137963142,1789
0.675,1.308996938995747,1205
0.675,1.4835298641951802,1002
0.675,1.658062789394613,1017
0.675,1.8325957145940461,1323
0.675,2.007128639793479,1795
0.675,2.181661564992912,2752
0.675,2.356194490192345,4876
0.675,2.530727415391778,8603
0.675,2.705260340591211,13927
0.675,2.879793265790644,18786
0.675,3.0543261909900767,20680
0.675,3.2288591161895095,17284
0.675,3.4033920413889422,11452
0.675,3.577924966588375,6293
0.675,3.752457891787808,2935
0.675,3.9269908169872414,1316
0.675,4.101523742186675,581
0.675,4.276056667386107,337
0.675,4.4505895925855405,204
0.675,4.625122517784973,175
0.675,4.799655442984406,183
0.675,4.974188368183839,227
0.675,5.148721293383272,314
0.675,5.323254218582705,556
0.675,5.497787143782138,1250
0.675,5.672320068981571,2761
0.675,5.8468529941810035,6101
0.675,6.021385919380437,11347
0.675,6.19591884457987,17294
0.685,0.08726646259971647,19494
0.685,0.2617993877991494,18042
0.685,0.4363323129985824,13123
0.685,0.6108652381980153,8285
0.685,0.7853981633974483,4772
0.685,0.9599310885968811,2698
0.685,1.1344640137963142,1701
0.685,1.308996938995747,1293
0.685,1.4835298641951802,1051
0.685,1.658062789394613,967
0.685,1.8325957145940461,1209
0.685,2.007128639793479,1631
0.685,2.181661564992912,2638
0.685,2.356194490192345,4437
0.685,2.530727415391778,8031
0.685,2.705260340591211,12804
0.685,2.879793265790644,17877
0.685,3.0543261909900767,19547
0.685,3.2288591161895095,16711
0.685,3.4033920413889422,10862
0.685,3.577924966588375,5893
0.685,3.752457891787808,2835
0.685,3.9269908169872414,1320
0.685,4.101523742186675,567
0.685,4.276056667386107,317
0.685,4.4505895925855405,210
0.685,4.625122517784973,142
0.685,4.799655442984406,160
0.685,4.974188368183839,173
0.685,5.148721293383272,277
0.685,5.323254218582705,511
0.685,5.497787143782138,1128
0.685,5.672320068981571,2589
0.685,5.8468529941810035,5659
0.685,6.021385919380437,10906
0.685,6.19591884457987,16339
0.695,0.08726646259971647,18228
0.695,0.2617993877991494,16921
0.695,0.4363323129985824,12632
0.695,0.6108652381980153,7876
0.695,0.7853981633974483,4504
0.695,0.9599310885968811,2550
0.695,1.1344640137963142,1558
0.695,1.308996938995747,1147
0.695,1.4835298641951802,946
0.695,1.658062789394613,934
0.695,1.8325957145940461,1141
0.695,2.007128639793479,1528
0.695,2.181661564992912,2387
0.695,2.356194490192345,4370
0.695,2.530727415391778,7463
0.695,2.705260340591211,12299
0.695,2.879793265790644,16612
0.695,3.0543261909900767,18299
0.695,3.2288591161895095,15337
0.695,3.4033920413889422,10315
0.695,3.577924966588375,5546
0.695,3.752457891787808,2604
0.695,3.9269908169872414,1132
0.695,4.101523742186675,579
0.695,4.276056667386107,271
0.695,4.4505895925855405,184
0.695,4.625122517784973,157
0.695,4.799655442984406,101
0.695,4.974188368183839,146
0.695,5.148721293383272,220
0.695,5.323254218582705,504
0.695,5.497787143782138,1178
0.695,5.672320068981571,2550
0.695,5.8468529941810035,5568
0.695,6.021385919380437,10256
0.695,6.19591884457987,15489
0.705,0.08726646259971647,16926
0.705,0.2617993877991494,15708
0.705,0.4363323129985824,11728
0.705,0.6108652381980153,7111
0.705,0.7853981633974483,4186
0.705,0.9599310885968811,2307
0.705,1.1344640137963142,1521
0.705,1.308996938995747,1085
0.705,1.4835298641951802,890
0.705,1.658062789394613,911
0.705,1.8325957145940461,1089
0.705,2.007128639793479,1506
0.705,2.181661564992912,2425
0.705,2.356194490192345,4096
0.705,2.530727415391778,7077
0.705,2.705260340591211,11406
0.705,2.879793265790644,15513
0.705,3.0543261909900767,16553
0.705,3.2288591161895095,13946
0.705,3.4033920413889422,9392
0.705,3.577924966588375,5102
0.705,3.752457891787808,2350
0.705,3.9269908169872414,1059
0.705,4.101523742186675,492
0.705,4.276056667386107,258
0.705,4.4505895925855405,157
0.705,4.625122517784973,140
0.705,4.799655442984406,98
0.705,4.974188368183839,167
0.705,5.148721293383272,254
0.705,5.323254218582705,520
0.705,5.497787143782138,1153
0.705,5.672320068981571,2335
0.705,5.8468529941810035,5117
0.705,6.021385919380437,9415
0.705,6.19591884457987,14464
0.715,0.08726646259971647,15193
0.715,0.2617993877991494,13800
0.715,0.4363323129985824,10533
0.715,0.6108652381980153,6409
0.715,0.7853981633974483,3687
0.715,0.9599310885968811,2165
0.715,1.1344640137963142,1399
0.715,1.308996938995747,973
0.715,1.4835298641951802,811
0.715,1.658062789394613,815
0.715,1.8325957145940461,1030
0.715,2.007128639793479,1365
0.715,2.181661564992912,2320
0.715,2.356194490192345,3819
0.715,2.530727415391778,6571
0.715,2.705260340591211,10193
0.715,2.879793265790644,13709
0.715,3.0543261909900767,14528
0.715,3.2288591161895095,12061
0.715,3.4033920413889422,8028
0.715,3.577924966588375,4681
0.715,3.752457891787808,2161
0.715,3.9269908169872414,984
0.715,4.101523742186675,426
0.715,4.276056667386107,215
0.715,4.4505895925855405,138
0.715,4.625122517784973,111
0.715,4.799655442984406,111
0.715,4.974188368183839,163
0.715,5.148721293383272,279
0.715,5.323254218582705,496
0.715,5.497787143782138,1041
0.715,5.672320068981571,2294
0.715,5.8468529941810035,4581
0.715,6.021385919380437,8483
0.715,6.19591884457987,12712
0.725,0.08726646259971647,12569
0.725,0.2617993877991494,11464
0.725,0.4363323129985824,8893
0.725,0.6108652381980153,5725
0.725,0.7853981633974483,3475
0.725,0.9599310885968811,2014
0.725,1.1344640137963142,1314
0.725,1.308996938995747,944
0.725,1.4835298641951802,748
0.725,1.658062789394613,760
0.725,1.8325957145940461,963
0.725,2.007128639793479,1342
0.725,2.181661564992912,1947
0.725,2.356194490192345,3294
0.725,2.530727415391778,5472
0.725,2.705260340591211,8454
0.725,2.879793265790644,11380
0.725,3.0543261909900767,12043
0.725,3.2288591161895095,10255
0.725,3.4033920413889422,6876
0.725,3.577924966588375,3840
0.725,3.752457891787808,1890
0.725,3.9269908169872414,863
0.725,4.101523742186675,428
0.725,4.276056667386107,205
0.725,4.4505895925855405,130
0.725,4.625122517784973,104
0.725,4.799655442984406,121
0.725,4.974188368183839,155
0.725,5.148721293383272,265
0.725,5.323254218582705,474
0.725,5.497787143782138,956
0.725,5.672320068981571,2018
0.725,5.8468529941810035,4116
0.725,6.021385919380437,7206
0.725,6.19591884457987,10450
0.735,0.08726646259971647,9709
0.735,0.2617993877991494,9164
0.735,0.4363323129985824,6921
0.735,0.6108652381980153,4600
0.735,0.7853981633974483,2880
0.735,0.9599310885968811,1864
0.735,1.1344640137963142,1134
0.735,1.308996938995747,872
0.735,1.4835298641951802,775
0.735,1.658062789394613,744
0.735,1.8325957145940461,895
0.735,2.007128639793479,1172
0.735,2.181661564992912,1709
0.735,2.356194490192345,2809
0.735,2.530727415391778,4421
0.735,2.705260340591211,6596
0.735,2.879793265790644,8397
0.735,3.0543261909900767,9171
0.735,3.2288591161895095,7599
0.735,3.4033920413889422,5258
0.735,3.577924966588375,3016
0.735,3.752457891787808,1579
0.735,3.9269908169872414,826
0.735,4.101523742186675,447
0.735,4.276056667386107,242
0.735,4.4505895925855405,170
0.735,4.625122517784973,148
0.735,4.799655442984406,139
0.735,4.974188368183839,199
0.735,5.148721293383272,269
0.735,5.323254218582705,440
0.735,5.497787143782138,876
0.735,5.672320068981571,1680
0.735,5.8468529941810035,3338
0.735,6.021385919380437,5753
0.735,6.19591884457987,8261
0.745,0.08726646259971647,6933
0.745,0.2617993877991494,6494
0.745,0.4363323129985824,5183
0.745,0.6108652381980153,3600
0.745,0.7853981633974483,2200
0.745,0.9599310885968811,1454
0.745,1.1344640137963142,1055
0.745,1.308996938995747,855
0.745,1.4835298641951802,674
0.745,1.658062789394613,692
0.745,1.8325957145940461,868
0.745,2.007128639793479,994
0.745,2.181661564992912,1503
0.745,2.356194490192345,2140
0.745,2.530727415391778,3286
0.745,2.705260340591211,4816
0.745,2.879793265790644,6054
0.745,3.0543261909900767,6304
0.745,3.2288591161895095,5385
0.745,3.4033920413889422,3827
0.745,3.577924966588375,2240
0.745,3.752457891787808,1298
0.745,3.9269908169872414,701
0.745,4.101523742186675,424
0.745,4.276056667386107,279
0.745,4.4505895925855405,210
0.745,4.625122517784973,184
0.745,4.799655442984406,184
0.745,4.974188368183839,226
0.745,5.148721293383272,292
0.745,5.323254218582705,477
0.745,5.497787143782138,734
0.745,5.672320068981571,1367
0.745,5.8468529941810035,2575
0.745,6.021385919380437,4180
0.745,6.19591884457987,6149
0.755,0.08726646259971647,4235
0.755,0.2617993877991494,4063
0.755,0.4363323129985824,3174
0.755,0.6108652381980153,2317
0.755,0.7853981633974483,1648
0.755,0.9599310885968811,1197
0.755,1.1344640137963142,925
0.755,1.308996938995747,660
0.755,1.4835298641951802,604
0.755,1.658062789394613,574
0.755,1.8325957145940461,681
0.755,2.007128639793479,799
0.755,2.181661564992912,1041
0.755,2.356194490192345,1541
0.755,2.530727415391778,2287
0.755,2.705260340591211,2959
0.755,2.879793265790644,3814
0.755,3.0543261909900767,3810
0.755,3.2288591161895095,3221
0.755,3.4033920413889422,2339
0.755,3.577924966588375,1482
0.755,3.752457891787808,879
0.755,3.9269908169872414,541
0.755,4.101523742186675,342
0.755,4.276056667386107,292
0.755,4.4505895925855405,253
0.755,4.625122517784973,225
0.755,4.799655442984406,242
0.755,4.974188368183839,226
0.755,5.148721293383272,288
0.755,5.323254218582705,402
0.755,5.497787143782138,607
0.755,5.672320068981571,923
0.755,5.8468529941810035,1632
0.755,6.021385919380437,2627
0.755,6.19591884457987,3616
0.765,0.08726646259971647,2251
0.765,0.2617993877991494,2173
0.765,0.4363323129985824,1743
0.765,0.6108652381980153,1331
0.765,0.7853981633974483,945
0.765,0.9599310885968811,713
0.765,1.1344640137963142,570
0.765,1.308996938995747,359
0.765,1.4835298641951802,283
0.765,1.658062789394613,304
0.765,1.8325957145940461,335
0.765,2.007128639793479,476
0.765,2.181661564992912,635
0.765,2.356194490192345,883
0.765,2.530727415391778,1175
0.765,2.705260340591211,1561
0.765,2.879793265790644,2145
0.765,3.0543261909900767,2183
0.765,3.2288591161895095,1818
0.765,3.4033920413889422,1286
0.765,3.577924966588375,819
0.765,3.752457891787808,419
0.765,3.9269908169872414,256
0.765,4.101523742186675,194
0.765,4.276056667386107,140
0.765,4.4505895925855405,129
0.765,4.625122517784973,137
0.765,4.799655442984406,117
0.765,4.974188368183839,127
0.765,5.148721293383272,170
0.765,5.323254218582705,209
0.765,5.497787143782138,330
0.765,5.672320068981571,492
0.765,5.8468529941810035,810
0.765,6.021385919380437,1365
0.765,6.19591884457987,1955
0.775,0.08726646259971647,1431
0.775,0.2617993877991494,1321
0.775,0.4363323129985824,909
0.775,0.6108652381980153,601
0.775,0.7853981633974483,428
0.775,0.9599310885968811,256
0.775,1.1344640137963142,106
0.775,1.308996938995747,34
0.775,1.4835298641951802,26
0.775,1.658062789394613,15
0.775,1.8325957145940461,31
0.775,2.007128639793479,103
0.775,2.181661564992912,196
0.775,2.356194490192345,347
0.775,2.530727415391778,525
0.775,2.705260340591211,873
0.775,2.879793265790644,1137
0.775,3.0543261909900767,1359
0.775,3.2288591161895095,1141
0.775,3.4033920413889422,771
0.775,3.577924966588375,394
0.775,3.752457891787808,204
0.775,3.9269908169872414,85
0.775,4.101523742186675,67
0.775,4.276056667386107,28
0.775,4.4505895925855405,16
0.775,4.625122517784973,10
0.775,4.799655442984406,5
0.775,4.974188368183839,15
0.775,5.148721293383272,38
0.775,5.323254218582705,69
0.775,5.497787143782138,145
0.775,5.672320068981571,204
0.775,5.8468529941810035,438
0.775,6.021385919380437,744
0.775,6.19591884457987,1204
0.785,0.08726646259971647,1154
0.785,0.2617993877991494,989
0.785,0.4363323129985824,557
0.785,0.6108652381980153,227
0.785,0.7853981633974483,81
0.785,0.9599310885968811,23
0.785,1.1344640137963142,1
0.785,1.308996938995747,0
0.785,1.4835298641951802,0
0.785,1.658062789394613,0
0.785,1.8325957145940461,0
0.785,2.007128639793479,1
0.785,2.181661564992912,23
0.785,2.356194490192345,79
0.785,2.530727415391778,218
0.785,2.705260340591211,460
0.785,2.879793265790644,877
0.785,3.0543261909900767,1114
0.785,3.2288591161895095,933
0.785,3.4033920413889422,562
0.785,3.577924966588375,250
0.785,3.752457891787808,64
0.785,3.9269908169872414,27
0.785,4.101523742186675,4
0.785,4.276056667386107,1
0.785,4.4505895925855405,0
0.785,4.625122517784973,0
0.785,4.799655442984406,0
0.785,4.974188368183839,0
0.785,5.148721293383272,2
0.785,5.323254218582705,9
0.785,5.497787143782138,23
0.785,5.672320068981571,84
0.785,5.8468529941810035,294
0.785,6.021385919380437,650
0.785,6.19591884457987,990
0.795,0.08726646259971647,1173
0.795,0.2617993877991494,912
0.795,0.4363323129985824,433
0.795,0.6108652381980153,139
0.795,0.7853981633974483,6
0.795,0.9599310885968811,0
0.795,1.1344640137963142,0
0.795,1.308996938995747,0
0.795,1.4835298641951802,0
0.795,1.658062789394613,0
0.795,1.8325957145940461,0
0.795,2.007128639793479,0
0.795,2.181661564992912,0
0.795,2.356194490192345,5
0.795,2.530727415391778,115
0.795,2.705260340591211,403
0.795,2.879793265790644,832
0.795,3.0543261909900767,1056
0.795,3.2288591161895095,922
0.795,3.4033920413889422,463
0.795,3.577924966588375,212
0.795,3.752457891787808,34
0.795,3.9269908169872414,1
0.795,4.101523742186675,0
0.795,4.276056667386107,1
0.795,4.4505895925855405,0
0.795,4.625122517784973,0
0.795,4.799655442984406,0
0.795,4.974188368183839,0
0.795,5.148721293383272,0
0.795,5.323254218582705,0
0.795,5.497787143782138,1
0.795,5.672320068981571,48
0.795,5.8468529941810035,234
0.795,6.021385919380437,610
0.795,6.19591884457987,973
0.805,0.08726646259971647,1084
0.805,0.2617993877991494,801
0.805,0.4363323129985824,382
0.805,0.6108652381980153,84
0.805,0.7853981633974483,3
0.805,0.9599310885968811,0
0.805,1.1344640137963142,0
0.805,1.308996938995747,0
0.805,1.4835298641951802,0
0.805,1.658062789394613,0
0.805,1.8325957145940461,0
0.805,2.007128639793479,0
0.805,2.181661564992912,0
0.805,2.356194490192345,0
0.805,2.530727415391778,71
0.805,2.705260340591211,357
0.805,2.879793265790644,799
0.805,3.0543261909900767,949
0.805,3.2288591161895095,823
0.805,3.4033920413889422,475
0.805,3.577924966588375,169
0.805,3.752457891787808,38
0.805,3.9269908169872414,0
0.805,4.101523742186675,0
0.805,4.276056667386107,0
0.805,4.4505895925855405,0
0.805,4.625122517784973,0
0.805,4.799655442984406,0
0.805,4.974188368183839,0
0.805,5.148721293383272,0
0.805,5.323254218582705,0
0.805,5.497787143782138,2
0.805,5.672320068981571,46
0.805,5.8468529941810035,187
0.805,6.021385919380437,511
0.805,6.19591884457987,915
0.815,0.08726646259971647,981
0.815,0.2617993877991494,732
0.815,0.4363323129985824,361
0.815,0.6108652381980153,83
0.815,0.7853981633974483,2
0.815,0.9599310885968811,0
0.815,1.1344640137963142,0
0.815,1.308996938995747,0
0.815,1.4835298641951802,0
0.815,1.658062789394613,0
0.815,1.8325957145940461,0
0.815,2.007128639793479,0
0.815,2.181661564992912,0
0.815,2.356194490192345,0
0.815,2.530727415391778,65
0.815,2.705260340591211,322
0.815,2.879793265790644,627
0.815,3.0543261909900767,826
0.815,3.2288591161895095,734
0.815,3.4033920413889422,340
0.815,3.577924966588375,109
0.815,3.752457891787808,18
0.815,3.9269908169872414,1
0.815,4.101523742186675,0
0.815,4.276056667386107,0
0.815,4.4505895925855405,0
0.815,4.625122517784973,0
0.815,4.799655442984406,0
0.815,4.974188368183839,0
0.815,5.148721293383272,0
0.815,5.323254218582705,0
0.815,5.497787143782138,1
0.815,5.672320068981571,35
0.815,5.8468529941810035,163
0.815,6.021385919380437,452
0.815,6.19591884457987,846
0.825,0.08726646259971647,730
0.825,0.2617993877991494,549
0.825,0.4363323129985824,250
0.825,0.6108652381980153,73
0.825,0.7853981633974483,2
0.825,0.9599310885968811,0
0.825,1.1344640137963142,0
0.825,1.308996938995747,0
0.825,1.4835298641951802,0
0.825,1.658062789394613,0
0.825,1.8325957145940461,0
0.825,2.007128639793479,0
0.825,2.181661564992912,0
0.825,2.356194490192345,0
0.825,2.530727415391778,45
0.825,2.705260340591211,203
0.825,2.879793265790644,498
0.825,3.0543261909900767,613
0.825,3.2288591161895095,514
0.825,3.4033920413889422,291
0.825,3.577924966588375,91
0.825,3.752457891787808,19
0.825,3.9269908169872414,3
0.825,4.101523742186675,0
0.825,4.276056667386107,0
0.825,4.4505895925855405,0
0.825,4.625122517784973,0
0.825,4.799655442984406,0
0.825,4.974188368183839,0
0.825,5.148721293383272,0
0.825,5.323254218582705,0
0.825,5.497787143782138,1
0.825,5.672320068981571,19
0.825,5.8468529941810035,134
0.825,6.021385919380437,347
0.825,6.19591884457987,661
0.835,0.08726646259971647,474
0.835,0.2617993877991494,359
0.835,0.4363323129985824,181
0.835,0.6108652381980153,54
0.835,0.7853981633974483,4
0.835,0.9599310885968811,0
0.835,1.1344640137963142,0
0.835,1.308996938995747,0
0.835,1.4835298641951802,0
0.835,1.658062789394613,0
0.835,1.8325957145940461,0
0.835,2.007128639793479,0
0.835,2.181661564992912,4
0.835,2.356194490192345,12
0.835,2.530727415391778,43
0.835,2.705260340591211,127
0.835,2.879793265790644,300
0.835,3.0543261909900767,435
0.835,3.2288591161895095,339
0.835,3.4033920413889422,210
0.835,3.577924966588375,74
0.835,3.752457891787808,28
0.835,3.9269908169872414,4
0.835,4.101523742186675,1
0.835,4.276056667386107,0
0.835,4.4505895925855405,1
0.835,4.625122517784973,0
0.835,4.799655442984406,0
0.835,4.974188368183839,0
0.835,5.148721293383272,1
0.835,5.323254218582705,2
0.835,5.497787143782138,3
0.835,5.672320068981571,26
0.835,5.8468529941810035,71
0.835,6.021385919380437,246
0.835,6.19591884457987,433
0.845,0.08726646259971647,319
0.845,0.2617993877991494,229
0.845,0.4363323129985824,137
0.845,0.6108652381980153,66
0.845,0.7853981633974483,20
0.845,0.9599310885968811,18
0.845,1.1344640137963142,11
0.845,1.308996938995747,6
0.845,1.4835298641951802,1
0.845,1.658062789394613,5
0.845,1.8325957145940461,8
0.845,2.007128639793479,13
0.845,2.181661564992912,16
0.845,2.356194490192345,34
0.845,2.530727415391778,52
0.845,2.705260340591211,119
0.845,2.879793265790644,186
0.845,3.0543261909900767,241
0.845,3.2288591161895095,228
0.845,3.4033920413889422,136
0.845,3.577924966588375,47
0.845,3.752457891787808,32
0.845,3.9269908169872414,12
0.845,4.101523742186675,8
0.845,4.276056667386107,8
0.845,4.4505895925855405,3
0.845,4.625122517784973,4
0.845,4.799655442984406,3
0.845,4.974188368183839,4
0.845,5.148721293383272,8
0.845,5.323254218582705,8
0.845,5.497787143782138,10
0.845,5.672320068981571,34
0.845,5.8468529941810035,70
0.845,6.021385919380437,155
0.845,6.19591884457987,244
0.855,0.08726646259971647,249
0.855,0.2617993877991494,240
0.855,0.4363323129985824,175
0.855,0.6108652381980153,97
0.855,0.7853981633974483,69
0.855,0.9599310885968811,54
0.855,1.1344640137963142,46
0.855,1.308996938995747,23
0.855,1.4835298641951802,28
0.855,1.658062789394613,29
0.855,1.8325957145940461,24
0.855,2.007128639793479,27
0.855,2.181661564992912,56
0.855,2.356194490192345,52
0.855,2.530727415391778,111
0.855,2.705260340591211,146
0.855,2.879793265790644,182
0.855,3.0543261909900767,214
0.855,3.2288591161895095,174
0.855,3.4033920413889422,137
0.855,3.577924966588375,66
0.855,3.752457891787808,49
0.855,3.9269908169872414,43
0.855,4.101523742186675,25
0.855,4.276056667386107,24
0.855,4.4505895925855405,33
0.855,4.625122517784973,25
0.855,4.799655442984406,18
0.855,4.974188368183839,19
0.855,5.148721293383272,22
0.855,5.323254218582705,33
0.855,5.497787143782138,33
0.855,5.672320068981571,45
0.855,5.8468529941810035,77
0.855,6.021385919380437,146
0.855,6.19591884457987,203
0.865,0.08726646259971647,351
0.865,0.2617993877991494,314
0.865,0.4363323129985824,247
0.865,0.6108652381980153,171
0.865,0.7853981633974483,101
0.865,0.9599310885968811,84
0.865,1.1344640137963142,51
0.865,1.308996938995747,54
0.865,1.4835298641951802,46
0.865,1.658062789394613,48
0.865,1.8325957145940461,72
0.865,2.007128639793479,88
0.865,2.181661564992912,76
0.865,2.356194490192345,109
0.865,2.530727415391778,130
0.865,2.705260340591211,207
0.865,2.879793265790644,252
0.865,3.0543261909900767,289
0.865,3.2288591161895095,233
0.865,3.4033920413889422,165
0.865,3.577924966588375,84
0.865,3.752457891787808,67
0.865,3.9269908169872414,43
0.865,4.101523742186675,47
0.865,4.276056667386107,33
0.865,4.4505895925855405,40
0.865,4.625122517784973,30
0.865,4.799655442984406,25
0.865,4.974188368183839,25
0.865,5.148721293383272,39
0.865,5.323254218582705,52
0.865,5.497787143782138,60
0.865,5.672320068981571,97
0.865,5.8468529941810035,160
0.865,6.021385919380437,224
0.865,6.19591884457987,289
0.875,0.08726646259971647,455
0.875,0.2617993877991494,453
0.875,0.4363323129985824,331
0.875,0.6108652381980153,224
0.875,0.7853981633974483,169
0.875,0.9599310885968811,118
0.875,1.1344640137963142,75
0.875,1.308996938995747,71
0.875,1.4835298641951802,48
0.875,1.658062789394613,63
0.875,1.8325957145940461,55
0.875,2.007128639793479,74
0.875,2.181661564992912,86
0.875,2.356194490192345,138
0.875,2.530727415391778,208
0.875,2.705260340591211,279
0.875,2.879793265790644,391
0.875,3.0543261909900767,460
0.875,3.2288591161895095,369
0.875,3.4033920413889422,227
0.875,3.577924966588375,169
0.875,3.752457891787808,102
0.875,3.9269908169872414,49
0.875,4.101523742186675,39
0.875,4.276056667386107,47
0.875,4.4505895925855405,44
0.875,4.625122517784973,23
0.875,4.799655442984406,28
0.875,4.974188368183839,22
0.875,5.148721293383272,30
0.875,5.323254218582705,45
0.875,5.497787143782138,69
0.875,5.672320068981571,123
0.875,5.8468529941810035,184
0.875,6.021385919380437,309
0.875,6.19591884457987,441
0.885,0.08726646259971647,608
0.885,0.2617993877991494,607
0.885,0.4363323129985824,462
0.885,0.6108652381980153,276
0.885,0.7853981633974483,175
0.885,0.9599310885968811,118
0.885,1.1344640137963142,86
0.885,1.308996938995747,70
0.885,1.4835298641951802,47
0.885,1.658062789394613,38
0.885,1.8325957145940461,48
0.885,2.007128639793479,71
0.885,2.181661564992912,95
0.885,2.356194490192345,131
0.885,2.530727415391778,277
0.885,2.705260340591211,419
0.885,2.879793265790644,566
0.885,3.0543261909900767,627
0.885,3.2288591161895095,562
0.885,3.4033920413889422,367
0.885,3.577924966588375,214
0.885,3.752457891787808,99
0.885,3.9269908169872414,64
0.885,4.101523742186675,48
0.885,4.276056667386107,33
0.885,4.4505895925855405,21
0.885,4.625122517784973,24
0.885,4.799655442984406,11
0.885,4.974188368183839,19
0.885,5.148721293383272,38
0.885,5.323254218582705,43
0.885,5.497787143782138,62
0.885,5.672320068981571,118
0.885,5.8468529941810035,251
0.885,6.021385919380437,430
0.885,6.19591884457987,592
0.895,0.08726646259971647,854
0.895,0.2617993877991494,698
0.895,0.4363323129985824,494
0.895,0.6108652381980153,326
0.895,0.7853981633974483,198
0.895,0.9599310885968811,97
0.895,1.1344640137963142,72
0.895,1.308996938995747,41
0.895,1.4835298641951802,51
0.895,1.658062789394613,27
0.895,1.8325957145940461,30
0.895,2.007128639793479,45
0.895,2.181661564992912,84
0.895,2.356194490192345,156
0.895,2.530727415391778,299
0.895,2.705260340591211,464
0.895,2.879793265790644,645
0.895,3.0543261909900767,765
0.895,3.2288591161895095,619
0.895,3.4033920413889422,419
0.895,3.577924966588375,246
0.895,3.752457891787808,104
0.895,3.9269908169872414,56
0.895,4.101523742186675,41
0.895,4.276056667386107,18
0.895,4.4505895925855405,15
0.895,4.625122517784973,14
0.895,4.799655442984406,7
0.895,4.974188368183839,11
0.895,5.148721293383272,18
0.895,5.323254218582705,39
0.895,5.497787143782138,54
0.895,5.672320068981571,112
0.895,5.8468529941810035,253
0.895,6.021385919380437,469
0.895,6.19591884457987,717
0.905,0.08726646259971647,937
0.905,0.2617993877991494,877
0.905,0.4363323129985824,562
0.905,0.6108652381980153,357
0.905,0.7853981633974483,180
0.905,0.9599310885968811,103
0.905,1.1344640137963142,53
0.905,1.308996938995747,31
0.905,1.4835298641951802,23
0.905,1.658062789394613,12
0.905,1.8325957145940461,21
0.905,2.007128639793479,29
0.905,2.181661564992912,60
0.905,2.356194490192345,162
0.905,2.530727415391778,330
0.905,2.705260340591211,585
0.905,2.879793265790644,809
0.905,3.0543261909900767,924
0.905,3.2288591161895095,752
0.905,3.4033920413889422,496
0.905,3.577924966588375,261
0.905,3.752457891787808,135
0.905,3.9269908169872414,62
0.905,4.101523742186675,25
0.905,4.276056667386107,21
0.905,4.4505895925855405,8
0.905,4.625122517784973,9
0.905,4.799655442984406,13
0.905,4.974188368183839,10
0.905,5.148721293383272,3
0.905,5.323254218582705,21
0.905,5.497787143782138,57
0.905,5.672320068981571,129
0.905,5.8468529941810035,293
0.905,6.021385919380437,515
0.905,6.19591884457987,829
0.915,0.08726646259971647,1060
0.915,0.2617993877991494,896
0.915,0.4363323129985824,650
0.915,0.6108652381980153,397
0.915,0.7853981633974483,198
0.915,0.9599310885968811,82
0.915,1.1344640137963142,49
0.915,1.308996938995747,30
0.915,1.4835298641951802,25
0.915,1.658062789394613,23
0.915,1.8325957145940461,35
0.915,2.007128639793479,44
0.915,2.181661564992912,81
0.915,2.356194490192345,188
0.915,2.530727415391778,333
0.915,2.705260340591211,632
0.915,2.879793265790644,869
0.915,3.0543261909900767,977
0.915,3.2288591161895095,834
0.915,3.4033920413889422,535
0.915,3.577924966588375,282
0.915,3.752457891787808,121
0.915,3.9269908169872414,56
0.915,4.101523742186675,23
0.915,4.276056667386107,12
0.915,4.4505895925855405,16
0.915,4.625122517784973,9
0.915,4.799655442984406,8
0.915,4.974188368183839,9
0.915,5.148721293383272,5
0.915,5.323254218582705,17
0.915,5.497787143782138,39
0.915,5.672320068981571,126
0.915,5.8468529941810035,274
0.915,6.021385919380437,596
0.915,6.19591884457987,873
0.925,0.08726646259971647,1009
0.925,0.2617993877991494,901
0.925,0.4363323129985824,661
0.925,0.6108652381980153,393
0.925,0.7853981633974483,187
0.925,0.9599310885968811,80
0.925,1.1344640137963142,55
0.925,1.308996938995747,31
0.925,1.4835298641951802,30
0.925,1.658062789394613,32
0.925,1.8325957145940461,42
0.925,2.007128639793479,50
0.925,2.181661564992912,97
0.925,2.356194490192345,212
0.925,2.530727415391778,384
0.925,2.705260340591211,641
0.925,2.879793265790644,925
0.925,3.0543261909900767,1049
0.925,3.2288591161895095,840
0.925,3.4033920413889422,542
0.925,3.577924966588375,262
0.925,3.752457891787808,113
0.925,3.9269908169872414,53
0.925,4.101523742186675,21
0.925,4.276056667386107,9
0.925,4.4505895925855405,15
0.925,4.625122517784973,9
0.925,4.799655442984406,5
0.925,4.974188368183839,13
0.925,5.148721293383272,11
0.925,5.323254218582705,17
0.925,5.497787143782138,62
0.925,5.672320068981571,152
0.925,5.8468529941810035,312
0.925,6.021385919380437,555
0.925,6.19591884457987,863
0.935,0.08726646259971647,1066
0.935,0.2617993877991494,981
0.935,0.4363323129985824,649
0.935,0.6108652381980153,355
0.935,0.7853981633974483,201
0.935,0.9599310885968811,96
0.935,1.1344640137963142,45
0.935,1.308996938995747,37
0.935,1.4835298641951802,23
0.935,1.658062789394613,23
0.935,1.8325957145940461,21
0.935,2.007128639793479,42
0.935,2.181661564992912,90
0.935,2.356194490192345,196
0.935,2.530727415391778,389
0.935,2.705260340591211,713
0.935,2.879793265790644,951
0.935,3.0543261909900767,1085
0.935,3.2288591161895095,890
0.935,3.4033920413889422,520
0.935,3.577924966588375,289
0.935,3.752457891787808,133
0.935,3.9269908169872414,63
0.935,4.101523742186675,32
0.935,4.276056667386107,14
0.935,4.4505895925855405,14
0.935,4.625122517784973,8
0.935,4.799655442984406,12
0.935,4.974188368183839,6
0.935,5.148721293383272,15
0.935,5.323254218582705,23
0.935,5.497787143782138,50
0.935,5.672320068981571,122
0.935,5.8468529941810035,316
0.935,6.021385919380437,502
0.935,6.19591884457987,846
0.945,0.08726646259971647,1012
0.945,0.2617993877991494,913
0.945,0.4363323129985824,610
0.945,0.6108652381980153,372
0.945,0.7853981633974483,172
0.945,0.9599310885968811,99
0.945,1.1344640137963142,52
0.945,1.308996938995747,41
0.945,1.4835298641951802,16
0.945,1.658062789394613,10
0.945,1.8325957145940461,19
0.945,2.007128639793479,39
0.945,2.181661564992912,87
0.945,2.356194490192345,175
0.945,2.530727415391778,367
0.945,2.705260340591211,686
0.945,2.879793265790644,930
0.945,3.0543261909900767,1040
0.945,3.2288591161895095,922
0.945,3.4033920413889422,564
0.945,3.577924966588375,328
0.945,3.752457891787808,124
0.945,3.9269908169872414,66
0.945,4.101523742186675,24
0.945,4.276056667386107,14
0.945,4.4505895925855405,16
0.945,4.625122517784973,8
0.945,4.799655442984406,6
0.945,4.974188368183839,12
0.945,5.148721293383272,14
0.945,5.323254218582705,26
0.945,5.497787143782138,50
0.945,5.672320068981571,125
0.945,5.8468529941810035,284
0.945,6.021385919380437,583
0.945,6.19591884457987,852
0.955,0.08726646259971647,991
0.955,0.2617993877991494,895
0.955,0.4363323129985824,624
0.955,0.6108652381980153,352
0.955,0.7853981633974483,155
0.955,0.9599310885968811,91
0.955,1.1344640137963142,62
0.955,1.308996938995747,40
0.955,1.4835298641951802,23
0.955,1.658062789394613,22
0.955,1.8325957145940461,35
0.955,2.007128639793479,45
0.955,2.181661564992912,90
0.955,2.356194490192345,159
0.955,2.530727415391778,308
0.955,2.705260340591211,637
0.955,2.879793265790644,881
0.955,3.0543261909900767,1062
0.955,3.2288591161895095,975
0.955,3.4033920413889422,582
0.955,3.577924966588375,337
0.955,3.752457891787808,156
0.955,3.9269908169872414,55
0.955,4.101523742186675,27
0.955,4.276056667386107,12
0.955,4.4505895925855405,10
0.955,4.625122517784973,9
0.955,4.799655442984406,7
0.955,4.974188368183839,11
0.955,5.148721293383272,7
0.955,5.323254218582705,23
0.955,5.497787143782138,56
0.955,5.672320068981571,133
0.955,5.8468529941810035,277
0.955,6.021385919380437,518
0.955,6.19591884457987,854
0.965,0.08726646259971647,1040
0.965,0.2617993877991494,874
0.965,0.4363323129985824,602
0.965,0.6108652381980153,411
0.965,0.7853981633974483,198
0.965,0.9599310885968811,98
0.965,1.1344640137963142,52
0.965,1.308996938995747,34
0.965,1.4835298641951802,34
0.965,1.658062789394613,26
0.965,1.8325957145940461,36
0.965,2.007128639793479,46
0.965,2.181661564992912,94
0.965,2.356194490192345,153
0.965,2.530727415391778,343
0.965,2.705260340591211,584
0.965,2.879793265790644,909
0.965,3.0543261909900767,997
0.965,3.2288591161895095,945
0.965,3.4033920413889422,623
0.965,3.577924966588375,290
0.965,3.752457891787808,122
0.965,3.9269908169872414,51
0.965,4.101523742186675,17
0.965,4.276056667386107,15
0.965,4.4505895925855405,5
0.965,4.625122517784973,4
0.965,4.799655442984406,5
0.965,4.974188368183839,4
0.965,5.148721293383272,17
0.965,5.323254218582705,19
0.965,5.497787143782138,42
0.965,5.672320068981571,99
0.965,5.8468529941810035,271
0.965,6.021385919380437,531
0.965,6.19591884457987,805
0.975,0.08726646259971647,1020
0.975,0.2617993877991494,887
0.975,0.4363323129985824,616
0.975,0.6108652381980153,333
0.975,0.7853981633974483,187
0.975,0.9599310885968811,107
0.975,1.1344640137963142,67
0.975,1.308996938995747,47
0.975,1.4835298641951802,25
0.975,1.658062789394613,26
0.975,1.8325957145940461,26
0.975,2.007128639793479,41
0.975,2.181661564992912,81
0.975,2.356194490192345,156
0.975,2.530727415391778,337
0.975,2.705260340591211,631
0.975,2.879793265790644,824
0.975,3.0543261909900767,1038
0.975,3.2288591161895095,933
0.975,3.4033920413889422,592
0.975,3.577924966588375,329
0.975,3.752457891787808,133
0.975,3.9269908169872414,41
0.975,4.101523742186675,14
0.975,4.276056667386107,13
0.975,4.4505895925855405,3
0.975,4.625122517784973,8
0.975,4.799655442984406,5
0.975,4.974188368183839,8
0.975,5.148721293383272,22
0.975,5.323254218582705,9
0.975,5.497787143782138,40
0.975,5.672320068981571,106
0.975,5.8468529941810035,276
0.975,6.021385919380437,565
0.975,6.19591884457987,840
0.985,0.08726646259971647,1040
0.985,0.2617993877991494,946
0.985,0.4363323129985824,584
0.985,0.6108652381980153,341
0.985,0.7853981633974483,181
0.985,0.9599310885968811,100
0.985,1.1344640137963142,63
0.985,1.308996938995747,37
0.985,1.4835298641951802,39
0.985,1.658062789394613,29
0.985,1.8325957145940461,31
0.985,2.007128639793479,48
0.985,2.181661564992912,80
0.985,2.356194490192345,153
0.985,2.530727415391778,336
0.985,2.705260340591211,621
0.985,2.879793265790644,926
0.985,3.0543261909900767,1039
0.985,3.2288591161895095,962
0.985,3.4033920413889422,675
0.985,3.577924966588375,294
0.985,3.752457891787808,144
0.985,3.9269908169872414,55
0.985,4.101523742186675,22
0.985,4.276056667386107,11
0.985,4.4505895925855405,7
0.985,4.625122517784973,5
0.985,4.799655442984406,10
0.985,4.974188368183839,6
0.985,5.148721293383272,11
0.985,5.323254218582705,17
0.985,5.497787143782138,39
0.985,5.672320068981571,115
0.985,5.8468529941810035,270
0.985,6.021385919380437,556
0.985,6.19591884457987,824
0.995,0.08726646259971647,1131
0.995,0.2617993877991494,946
0.995,0.4363323129985824,614
0.995,0.6108652381980153,343
0.995,0.7853981633974483,194
0.995,0.9599310885968811,78
0.995,1.1344640137963142,38
0.995,1.308996938995747,38
0.995,1.4835298641951802,33
0.995,1.658062789394613,32
0.995,1.8325957145940461,26
0.995,2.007128639793479,52
0.995,2.181661564992912,62
0.995,2.356194490192345,127
0.995,2.530727415391778,305
0.995,2.705260340591211,575
0.995,2.879793265790644,990
0.995,3.0543261909900767,1072
0.995,3.2288591161895095,988
0.995,3.4033920413889422,669
0.995,3.577924966588375,366
0.995,3.752457891787808,147
0.995,3.9269908169872414,62
0.995,4.101523742186675,16
0.995,4.276056667386107,6
0.995,4.4505895925855405,2
0.995,4.625122517784973,3
0.995,4.799655442984406,0
0.995,4.974188368183839,8
0.995,5.148721293383272,12
0.995,5.323254218582705,19
0.995,5.497787143782138,36
0.995,5.672320068981571,115
0.995,5.8468529941810035,273
0.995,6.021385919380437,527
0.995,6.19591884457987,951
