x,y,count
0.005,-2.2640624999999996,0
0.005,-2.1921874999999997,0
0.005,-2.1203125,0
0.005,-2.0484375,0
0.005,-1.9765624999999998,0
0.005,-1.9046874999999999,0
0.005,-1.8328124999999997,0
0.005,-1.7609374999999998,0
0.005,-1.6890625,0
0.005,-1.6171875,0
0.005,-1.5453124999999999,0
0.005,-1.4734374999999997,0
0.005,-1.4015624999999998,0
0.005,-1.3296875,0
0.005,-1.2578125,0
0.005,-1.1859374999999999,0
0.005,-1.1140625,38
0.005,-1.0421874999999998,92
0.005,-0.9703124999999999,246
0.005,-0.8984375,367
0.005,-0.8265624999999999,531
0.005,-0.7546875,999
0.005,-0.6828125,1085
0.005,-0.6109374999999999,996
0.005,-0.5390625,647
0.005,-0.46718749999999987,939
0.005,-0.39531249999999996,1121
0.005,-0.32343750000000004,1758
0.005,-0.2515624999999999,2491
0.005,-0.1796875,3679
0.005,-0.10781250000000009,5996
0.005,-0.03593750000000018,6881
0.005,0.03593750000000018,6983
0.005,0.10781250000000009,5801
0.005,0.1796875,3712
0.005,0.2515624999999999,2583
0.005,0.3234374999999998,1937
0.005,0.3953125000000002,1395
0.005,0.4671875000000001,1231
0.005,0.5390625,981
0.005,0.6109374999999999,751
0.005,0.6828124999999998,811
0.005,0.7546874999999997,543
0.005,0.8265625000000001,488
0.005,0.8984375,258
0.005,0.9703124999999999,185
0.005,1.0421874999999998,75
0.005,1.1140624999999997,7
0.005,1.1859375,0
0.005,1.2578125,0
0.005,1.3296875,0
0.005,1.4015624999999998,0
0.005,1.4734374999999997,0
0.005,1.5453125,0
0.005,1.6171875,0
0.005,1.6890625,0
0.005,1.7609374999999998,0
0.005,1.8328125000000002,0
0.005,1.9046874999999996,0
0.005,1.9765625,0
0.005,2.0484374999999995,0
0.005,2.1203125,0
0.005,2.1921875,0
0.005,2.2640624999999996,0
0.015,-2.2640624999999996,0
0.015,-2.1921874999999997,0
0.015,-2.1203125,0
0.015,-2.0484375,0
0.015,-1.9765624999999998,0
0.015,-1.9046874999999999,0
0.015,-1.8328124999999997,0
0.015,-1.7609374999999998,0
0.015,-1.6890625,0
0.015,-1.6171875,0
0.015,-1.5453124999999999,0
0.015,-1.4734374999999997,0
0.015,-1.4015624999999998,0
0.015,-1.3296875,0
0.015,-1.2578125,0
0.015,-1.1859374999999999,14
0.015,-1.1140625,151
0.015,-1.0421874999999998,254
0.015,-0.9703124999999999,502
0.015,-0.8984375,647
0.015,-0.8265624999999999,947
0.015,-0.7546875,1128
0.015,-0.6828125,1287
0.015,-0.6109374999999999,1098
0.015,-0.5390625,722
0.015,-0.46718749999999987,1061
0.015,-0.39531249999999996,1303
0.015,-0.32343750000000004,1848
0.015,-0.2515624999999999,2577
0.015,-0.1796875,3742
0.015,-0.10781250000000009,5897
0.015,-0.03593750000000018,7075
0.015,0.03593750000000018,6920
0.015,0.10781250000000009,5649
0.015,0.1796875,3634
0.015,0.2515624999999999,2538
0.015,0.3234374999999998,2069
0.015,0.3953125000000002,1527
0.015,0.4671875000000001,1230
0.015,0.5390625,981
0.015,0.6109374999999999,809
0.015,0.6828124999999998,862
0.015,0.7546874999999997,675
0.015,0.8265625000000001,791
0.015,0.8984375,474
0.015,0.9703124999999999,433
0.015,1.0421874999999998,364
0.015,1.1140624999999997,132
0.015,1.1859375,18
0.015,1.2578125,0
0.015,1.3296875,0
0.015,1.4015624999999998,0
0.015,1.4734374999999997,0
0.015,1.5453125,0
0.015,1.6171875,0
0.015,1.6890625,0
0.015,1.7609374999999998,0
0.015,1.8328125000000002,0
0.015,1.9046874999999996,0
0.015,1.9765625,0
0.015,2.0484374999999995,0
0.015,2.1203125,0
0.015,2.1921875,0
0.015,2.2640624999999996,0
0.025,-2.2640624999999996,0
0.025,-2.1921874999999997,0
0.025,-2.1203125,0
0.025,-2.0484375,0
0.025,-1.9765624999999998,0
0.025,-1.9046874999999999,0
0.025,-1.8328124999999997,0
0.025,-1.7609374999999998,0
0.025,-1.6890625,0
0.025,-1.6171875,0
0.025,-1.5453124999999999,0
0.025,-1.4734374999999997,0
0.025,-1.4015624999999998,0
0.025,-1.3296875,2
0.025,-1.2578125,44
0.025,-1.1859374999999999,156
0.025,-1.1140625,395
0.025,-1.0421874999999998,534
0.025,-0.9703124999999999,869
0.025,-0.8984375,957
0.025,-0.8265624999999999,1090
0.025,-0.7546875,1254
0.025,-0.6828125,1367
0.025,-0.6109374999999999,1139
0.025,-0.5390625,867
0.025,-0.46718749999999987,1034
0.025,-0.39531249999999996,1307
0.025,-0.32343750000000004,1973
0.025,-0.2515624999999999,2710
0.025,-0.1796875,4025
0.025,-0.10781250000000009,5707
0.025,-0.03593750000000018,6864
0.025,0.03593750000000018,6732
0.025,0.10781250000000009,5769
0.025,0.1796875,3767
0.025,0.2515624999999999,2569
0.025,0.3234374999999998,2342
0.025,0.3953125000000002,1637
0.025,0.4671875000000001,1472
0.025,0.5390625,1146
0.025,0.6109374999999999,901
0.025,0.6828124999999998,847
0.025,0.7546874999999997,835
0.025,0.8265625000000001,1071
0.025,0.8984375,781
0.025,0.9703124999999999,671
0.025,1.0421874999999998,706
0.025,1.1140624999999997,301
0.025,1.1859375,188
0.025,1.2578125,45
0.025,1.3296875,3
0.025,1.4015624999999998,0
0.025,1.4734374999999997,0
0.025,1.5453125,0
0.025,1.6171875,0
0.025,1.6890625,0
0.025,1.7609374999999998,0
0.025,1.8328125000000002,0
0.025,1.9046874999999996,0
0.025,1.9765625,0
0.025,2.0484374999999995,0
0.025,2.1203125,0
0.025,2.1921875,0
0.025,2.2640624999999996,0
0.035,-2.2640624999999996,0
0.035,-2.1921874999999997,0
0.035,-2.1203125,0
0.035,-2.0484375,0
0.035,-1.9765624999999998,0
0.035,-1.9046874999999999,0
0.035,-1.8328124999999997,0
0.035,-1.7609374999999998,0
0.035,-1.6890625,0
0.035,-1.6171875,0
0.035,-1.5453124999999999,0
0.035,-1.4734374999999997,0
0.035,-1.4015624999999998,3
0.035,-1.3296875,70
0.035,-1.2578125,273
0.035,-1.1859374999999999,350
0.035,-1.1140625,684
0.035,-1.0421874999999998,886
0.035,-0.9703124999999999,1137
0.035,-0.8984375,1078
0.035,-0.8265624999999999,1134
0.035,-0.7546875,1246
0.035,-0.6828125,1369
0.035,-0.6109374999999999,1196
0.035,-0.5390625,950
0.035,-0.46718749999999987,1089
0.035,-0.39531249999999996,1367
0.035,-0.32343750000000004,2051
0.035,-0.2515624999999999,2904
0.035,-0.1796875,4252
0.035,-0.10781250000000009,5472
0.035,-0.03593750000000018,6503
0.035,0.03593750000000018,6497
0.035,0.10781250000000009,5719
0.035,0.1796875,3852
0.035,0.2515624999999999,2540
0.035,0.3234374999999998,2276
0.035,0.3953125000000002,1701
0.035,0.4671875000000001,1521
0.035,0.5390625,1309
0.035,0.6109374999999999,1040
0.035,0.6828124999999998,892
0.035,0.7546874999999997,902
0.035,0.8265625000000001,1109
0.035,0.8984375,936
0.035,0.9703124999999999,942
0.035,1.0421874999999998,1085
0.035,1.1140624999999997,546
0.035,1.1859375,471
0.035,1.2578125,291
0.035,1.3296875,152
0.035,1.4015624999999998,11
0.035,1.4734374999999997,2
0.035,1.5453125,0
0.035,1.6171875,0
0.035,1.6890625,0
0.035,1.7609374999999998,0
0.035,1.8328125000000002,0
0.035,1.9046874999999996,0
0.035,1.9765625,0
0.035,2.0484374999999995,0
0.035,2.1203125,0
0.035,2.1921875,0
0.035,2.2640624999999996,0
0.045,-2.2640624999999996,0
0.045,-2.1921874999999997,0
0.045,-2.1203125,0
0.045,-2.0484375,0
0.045,-1.9765624999999998,0
0.045,-1.9046874999999999,0
0.045,-1.8328124999999997,0
0.045,-1.7609374999999998,0
0.045,-1.6890625,0
0.045,-1.6171875,0
0.045,-1.5453124999999999,0
0.045,-1.4734374999999997,7
0.045,-1.4015624999999998,144
0.045,-1.3296875,289
0.045,-1.2578125,515
0.045,-1.1859374999999999,609
0.045,-1.1140625,1130
0.045,-1.0421874999999998,1166
0.045,-0.9703124999999999,1259
0.045,-0.8984375,1077
0.045,-0.8265624999999999,1189
0.045,-0.7546875,1295
0.045,-0.6828125,1521
0.045,-0.6109374999999999,1330
0.045,-0.5390625,1016
0.045,-0.46718749999999987,1126
0.045,-0.39531249999999996,1525
0.045,-0.32343750000000004,2195
0.045,-0.2515624999999999,2982
0.045,-0.1796875,4333
0.045,-0.10781250000000009,5325
0.045,-0.03593750000000018,6357
0.045,0.03593750000000018,6453
0.045,0.10781250000000009,5413
0.045,0.1796875,3953
0.045,0.2515624999999999,2637
0.045,0.3234374999999998,2180
0.045,0.3953125000000002,2010
0.045,0.4671875000000001,1626
0.045,0.5390625,1286
0.045,0.6109374999999999,1159
0.045,0.6828124999999998,1051
0.045,0.7546874999999997,1104
0.045,0.8265625000000001,1176
0.045,0.8984375,1056
0.045,0.9703124999999999,1120
0.045,1.0421874999999998,1538
0.045,1.1140624999999997,915
0.045,1.1859375,782
0.045,1.2578125,609
0.045,1.3296875,483
0.045,1.4015624999999998,216
0.045,1.4734374999999997,17
0.045,1.5453125,3
0.045,1.6171875,0
0.045,1.6890625,0
0.045,1.7609374999999998,0
0.045,1.8328125000000002,0
0.045,1.9046874999999996,0
0.045,1.9765625,0
0.045,2.0484374999999995,0
0.045,2.1203125,0
0.045,2.1921875,0
0.045,2.2640624999999996,0
0.055,-2.2640624999999996,0
0.055,-2.1921874999999997,0
0.055,-2.1203125,0
0.055,-2.0484375,0
0.055,-1.9765624999999998,0
0.055,-1.9046874999999999,0
0.055,-1.8328124999999997,0
0.055,-1.7609374999999998,0
0.055,-1.6890625,0
0.055,-1.6171875,0
0.055,-1.5453124999999999,37
0.055,-1.4734374999999997,228
0.055,-1.4015624999999998,527
0.055,-1.3296875,636
0.055,-1.2578125,915
0.055,-1.1859374999999999,1037
0.055,-1.1140625,1455
0.055,-1.0421874999999998,1369
0.055,-0.9703124999999999,1379
0.055,-0.8984375,1211
0.055,-0.8265624999999999,1189
0.055,-0.7546875,1245
0.055,-0.6828125,1517
0.055,-0.6109374999999999,1384
0.055,-0.5390625,1109
0.055,-0.46718749999999987,1271
0.055,-0.39531249999999996,1787
0.055,-0.32343750000000004,2341
0.055,-0.2515624999999999,3086
0.055,-0.1796875,4245
0.055,-0.10781250000000009,5350
0.055,-0.03593750000000018,6336
0.055,0.03593750000000018,6342
0.055,0.10781250000000009,5478
0.055,0.1796875,3823
0.055,0.2515624999999999,2734
0.055,0.3234374999999998,2290
0.055,0.3953125000000002,2226
0.055,0.4671875000000001,1700
0.055,0.5390625,1342
0.055,0.6109374999999999,1267
0.055,0.6828124999999998,1156
0.055,0.7546874999999997,1231
0.055,0.8265625000000001,1244
0.055,0.8984375,1286
0.055,0.9703124999999999,1376
0.055,1.0421874999999998,1481
0.055,1.1140624999999997,1034
0.055,1.1859375,1240
0.055,1.2578125,1151
0.055,1.3296875,963
0.055,1.4015624999999998,676
0.055,1.4734374999999997,223
0.055,1.5453125,37
0.055,1.6171875,0
0.055,1.6890625,0
0.055,1.7609374999999998,0
0.055,1.8328125000000002,0
0.055,1.9046874999999996,0
0.055,1.9765625,0
0.055,2.0484374999999995,0
0.055,2.1203125,0
0.055,2.1921875,0
0.055,2.2640624999999996,0
0.065,-2.2640624999999996,0
0.065,-2.1921874999999997,0
0.065,-2.1203125,0
0.065,-2.0484375,0
0.065,-1.9765624999999998,0
0.065,-1.9046874999999999,0
0.065,-1.8328124999999997,0
0.065,-1.7609374999999998,0
0.065,-1.6890625,1
0.065,-1.6171875,40
0.065,-1.5453124999999999,367
0.065,-1.4734374999999997,640
0.065,-1.4015624999999998,1001
0.065,-1.3296875,1098
0.065,-1.2578125,1375
0.065,-1.1859374999999999,1248
0.065,-1.1140625,1503
0.065,-1.0421874999999998,1463
0.065,-0.9703124999999999,1478
0.065,-0.8984375,1486
0.065,-0.8265624999999999,1156
0.065,-0.7546875,1326
0.065,-0.6828125,1728
0.065,-0.6109374999999999,1599
0.065,-0.5390625,1131
0.065,-0.46718749999999987,1409
0.065,-0.39531249999999996,2099
0.065,-0.32343750000000004,2610
0.065,-0.2515624999999999,3049
0.065,-0.1796875,4184
0.065,-0.10781250000000009,5431
0.065,-0.03593750000000018,6237
0.065,0.03593750000000018,6379
0.065,0.10781250000000009,5461
0.065,0.1796875,4028
0.065,0.2515624999999999,2835
0.065,0.3234374999999998,2239
0.065,0.3953125000000002,2165
0.065,0.4671875000000001,1697
0.065,0.5390625,1425
0.065,0.6109374999999999,1495
0.065,0.6828124999999998,1285
0.065,0.7546874999999997,1472
0.065,0.8265625000000001,1344
0.065,0.8984375,1361
0.065,0.9703124999999999,1508
0.065,1.0421874999999998,1630
0.065,1.1140624999999997,1203
0.065,1.1859375,1389
0.065,1.2578125,1686
0.065,1.3296875,1488
0.065,1.4015624999999998,1273
0.065,1.4734374999999997,717
0.065,1.5453125,339
0.065,1.6171875,56
0.065,1.6890625,0
0.065,1.7609374999999998,0
0.065,1.8328125000000002,0
0.065,1.9046874999999996,0
0.065,1.9765625,0
0.065,2.0484374999999995,0
0.065,2.1203125,0
0.065,2.1921875,0
0.065,2.2640624999999996,0
0.075,-2.2640624999999996,0
0.075,-2.1921874999999997,0
0.075,-2.1203125,0
0.075,-2.0484375,0
0.075,-1.9765624999999998,0
0.075,-1.9046874999999999,0
0.075,-1.8328124999999997,0
0.075,-1.7609374999999998,2
0.075,-1.6890625,73
0.075,-1.6171875,398
0.075,-1.5453124999999999,870
0.075,-1.4734374999999997,1160
0.075,-1.4015624999999998,1464
0.075,-1.3296875,1594
0.075,-1.2578125,1625
0.075,-1.1859374999999999,1347
0.075,-1.1140625,1585
0.075,-1.0421874999999998,1426
0.075,-0.9703124999999999,1675
0.075,-0.8984375,1706
0.075,-0.8265624999999999,1209
0.075,-0.7546875,1419
0.075,-0.6828125,1989
0.075,-0.6109374999999999,1641
0.075,-0.5390625,1357
0.075,-0.46718749999999987,1618
0.075,-0.39531249999999996,2146
0.075,-0.32343750000000004,2824
0.075,-0.2515624999999999,3174
0.075,-0.1796875,4448
0.075,-0.10781250000000009,5698
0.075,-0.03593750000000018,6339
0.075,0.03593750000000018,6351
0.075,0.10781250000000009,5306
0.075,0.1796875,4106
0.075,0.2515624999999999,2938
0.075,0.3234374999999998,2239
0.075,0.3953125000000002,2418
0.075,0.4671875000000001,1771
0.075,0.5390625,1638
0.075,0.6109374999999999,1588
0.075,0.6828124999999998,1530
0.075,0.7546874999999997,1592
0.075,0.8265625000000001,1403
0.075,0.8984375,1525
0.075,0.9703124999999999,1506
0.075,1.0421874999999998,1763
0.075,1.1140624999999997,1340
0.075,1.1859375,1607
0.075,1.2578125,1699
0.075,1.3296875,1892
0.075,1.4015624999999998,1878
0.075,1.4734374999999997,1329
0.075,1.5453125,727
0.075,1.6171875,486
0.075,1.6890625,139
0.075,1.7609374999999998,0
0.075,1.8328125000000002,0
0.075,1.9046874999999996,0
0.075,1.9765625,0
0.075,2.0484374999999995,0
0.075,2.1203125,0
0.075,2.1921875,0
0.075,2.2640624999999996,0
0.085,-2.2640624999999996,0
0.085,-2.1921874999999997,0
0.085,-2.1203125,0
0.085,-2.0484375,0
0.085,-1.9765624999999998,0
0.085,-1.9046874999999999,0
0.085,-1.8328124999999997,2
0.085,-1.7609374999999998,160
0.085,-1.6890625,510
0.085,-1.6171875,796
0.085,-1.5453124999999999,1460
0.085,-1.4734374999999997,1812
0.085,-1.4015624999999998,1851
0.085,-1.3296875,1664
0.085,-1.2578125,1612
0.085,-1.1859374999999999,1663
0.085,-1.1140625,1719
0.085,-1.0421874999999998,1572
0.085,-0.9703124999999999,1804
0.085,-0.8984375,1870
0.085,-0.8265624999999999,1477
0.085,-0.7546875,1549
0.085,-0.6828125,2267
0.085,-0.6109374999999999,1993
0.085,-0.5390625,1608
0.085,-0.46718749999999987,1925
0.085,-0.39531249999999996,2181
0.085,-0.32343750000000004,3091
0.085,-0.2515624999999999,3518
0.085,-0.1796875,4643
0.085,-0.10781250000000009,5670
0.085,-0.03593750000000018,6199
0.085,0.03593750000000018,6174
0.085,0.10781250000000009,5031
0.085,0.1796875,4365
0.085,0.2515624999999999,3099
0.085,0.3234374999999998,2375
0.085,0.3953125000000002,2421
0.085,0.4671875000000001,1905
0.085,0.5390625,1820
0.085,0.6109374999999999,1750
0.085,0.6828124999999998,1634
0.085,0.7546874999999997,1749
0.085,0.8265625000000001,1689
0.085,0.8984375,1627
0.085,0.9703124999999999,1591
0.085,1.0421874999999998,1959
0.085,1.1140624999999997,1416
0.085,1.1859375,1706
0.085,1.2578125,1857
0.085,1.3296875,2084
0.085,1.4015624999999998,2225
0.085,1.4734374999999997,1987
0.085,1.5453125,1412
0.085,1.6171875,1096
0.085,1.6890625,749
0.085,1.7609374999999998,135
0.085,1.8328125000000002,1
0.085,1.9046874999999996,0
0.085,1.9765625,0
0.085,2.0484374999999995,0
0.085,2.1203125,0
0.085,2.1921875,0
0.085,2.2640624999999996,0
0.095,-2.2640624999999996,0
0.095,-2.1921874999999997,0
0.095,-2.1203125,0
0.095,-2.0484375,0
0.095,-1.9765624999999998,0
0.095,-1.9046874999999999,0
0.095,-1.8328124999999997,154
0.095,-1.7609374999999998,746
0.095,-1.6890625,1359
0.095,-1.6171875,1536
0.095,-1.5453124999999999,2288
0.095,-1.4734374999999997,2133
0.095,-1.4015624999999998,2031
0.095,-1.3296875,1719
0.095,-1.2578125,1763
0.095,-1.1859374999999999,1873
0.095,-1.1140625,1778
0.095,-1.0421874999999998,1799
0.095,-0.9703124999999999,1932
0.095,-0.8984375,1961
0.095,-0.8265624999999999,1674
0.095,-0.7546875,1720
0.095,-0.6828125,2393
0.095,-0.6109374999999999,2226
0.095,-0.5390625,1849
0.095,-0.46718749999999987,2097
0.095,-0.39531249999999996,2310
0.095,-0.32343750000000004,2998
0.095,-0.2515624999999999,3763
0.095,-0.1796875,4556
0.095,-0.10781250000000009,5778
0.095,-0.03593750000000018,6493
0.095,0.03593750000000018,5867
0.095,0.10781250000000009,5077
0.095,0.1796875,4805
0.095,0.2515624999999999,3076
0.095,0.3234374999999998,2593
0.095,0.3953125000000002,2394
0.095,0.4671875000000001,1820
0.095,0.5390625,1887
0.095,0.6109374999999999,1749
0.095,0.6828124999999998,1626
0.095,0.7546874999999997,1823
0.095,0.8265625000000001,1731
0.095,0.8984375,1716
0.095,0.9703124999999999,1817
0.095,1.0421874999999998,2125
0.095,1.1140624999999997,1542
0.095,1.1859375,1849
0.095,1.2578125,1950
0.095,1.3296875,2022
0.095,1.4015624999999998,2456
0.095,1.4734374999999997,2314
0.095,1.5453125,2332
0.095,1.6171875,2175
0.095,1.6890625,1506
0.095,1.7609374999999998,755
0.095,1.8328125000000002,157
0.095,1.9046874999999996,3
0.095,1.9765625,0
0.095,2.0484374999999995,0
0.095,2.1203125,0
0.095,2.1921875,0
0.095,2.2640624999999996,0
0.105,-2.2640624999999996,0
0.105,-2.1921874999999997,0
0.105,-2.1203125,0
0.105,-2.0484375,0
0.105,-1.9765624999999998,0
0.105,-1.9046874999999999,101
0.105,-1.8328124999999997,702
0.105,-1.7609374999999998,1618
0.105,-1.6890625,2147
0.105,-1.6171875,2397
0.105,-1.5453124999999999,2521
0.105,-1.4734374999999997,2261
0.105,-1.4015624999999998,2216
0.105,-1.3296875,1689
0.105,-1.2578125,1943
0.105,-1.1859374999999999,2111
0.105,-1.1140625,1996
0.105,-1.0421874999999998,1967
0.105,-0.9703124999999999,1879
0.105,-0.8984375,2139
0.105,-0.8265624999999999,1866
0.105,-0.7546875,2049
0.105,-0.6828125,2656
0.105,-0.6109374999999999,2371
0.105,-0.5390625,2046
0.105,-0.46718749999999987,2145
0.105,-0.39531249999999996,2396
0.105,-0.32343750000000004,3386
0.105,-0.2515624999999999,3742
0.105,-0.1796875,4759
0.105,-0.10781250000000009,5858
0.105,-0.03593750000000018,6359
0.105,0.03593750000000018,6092
0.105,0.10781250000000009,4945
0.105,0.1796875,4611
0.105,0.2515624999999999,3219
0.105,0.3234374999999998,2720
0.105,0.3953125000000002,2584
0.105,0.4671875000000001,1928
0.105,0.5390625,2142
0.105,0.6109374999999999,2001
0.105,0.6828124999999998,1887
0.105,0.7546874999999997,1931
0.105,0.8265625000000001,2016
0.105,0.8984375,1902
0.105,0.9703124999999999,1924
0.105,1.0421874999999998,2467
0.105,1.1140624999999997,1664
0.105,1.1859375,2084
0.105,1.2578125,1939
0.105,1.3296875,2152
0.105,1.4015624999999998,2564
0.105,1.4734374999999997,2516
0.105,1.5453125,2480
0.105,1.6171875,2916
0.105,1.6890625,2318
0.105,1.7609374999999998,1685
0.105,1.8328125000000002,715
0.105,1.9046874999999996,139
0.105,1.9765625,0
0.105,2.0484374999999995,0
0.105,2.1203125,0
0.105,2.1921875,0
0.105,2.2640624999999996,0
0.115,-2.2640624999999996,0
0.115,-2.1921874999999997,0
0.115,-2.1203125,0
0.115,-2.0484375,0
0.115,-1.9765624999999998,62
0.115,-1.9046874999999999,548
0.115,-1.8328124999999997,1436
0.115,-1.7609374999999998,2443
0.115,-1.6890625,3254
0.115,-1.6171875,2866
0.115,-1.5453124999999999,2665
0.115,-1.4734374999999997,2399
0.115,-1.4015624999999998,2319
0.115,-1.3296875,1907
0.115,-1.2578125,2041
0.115,-1.1859374999999999,2447
0.115,-1.1140625,2299
0.115,-1.0421874999999998,2462
0.115,-0.9703124999999999,2108
0.115,-0.8984375,2376
0.115,-0.8265624999999999,2252
0.115,-0.7546875,2073
0.115,-0.6828125,2719
0.115,-0.6109374999999999,2631
0.115,-0.5390625,2197
0.115,-0.46718749999999987,2363
0.115,-0.39531249999999996,2631
0.115,-0.32343750000000004,3625
0.115,-0.2515624999999999,3749
0.115,-0.1796875,4833
0.115,-0.10781250000000009,6055
0.115,-0.03593750000000018,6359
0.115,0.03593750000000018,6029
0.115,0.10781250000000009,5091
0.115,0.1796875,4606
0.115,0.2515624999999999,3265
0.115,0.3234374999999998,3106
0.115,0.3953125000000002,2650
0.115,0.4671875000000001,2177
0.115,0.5390625,2506
0.115,0.6109374999999999,2229
0.115,0.6828124999999998,2295
0.115,0.7546874999999997,2423
0.115,0.8265625000000001,2174
0.115,0.8984375,1986
0.115,0.9703124999999999,2236
0.115,1.0421874999999998,2430
0.115,1.1140624999999997,2062
0.115,1.1859375,2420
0.115,1.2578125,2026
0.115,1.3296875,2414
0.115,1.4015624999999998,2692
0.115,1.4734374999999997,2639
0.115,1.5453125,2708
0.115,1.6171875,3331
0.115,1.6890625,3349
0.115,1.7609374999999998,2782
0.115,1.8328125000000002,1722
0.115,1.9046874999999996,929
0.115,1.9765625,130
0.115,2.0484374999999995,0
0.115,2.1203125,0
0.115,2.1921875,0
0.115,2.2640624999999996,0
0.125,-2.2640624999999996,0
0.125,-2.1921874999999997,0
0.125,-2.1203125,0
0.125,-2.0484375,31
0.125,-1.9765624999999998,493
0.125,-1.9046874999999999,1155
0.125,-1.8328124999999997,2443
0.125,-1.7609374999999998,2962
0.125,-1.6890625,3472
0.125,-1.6171875,2969
0.125,-1.5453124999999999,3231
0.125,-1.4734374999999997,2717
0.125,-1.4015624999999998,2705
0.125,-1.3296875,2224
0.125,-1.2578125,2346
0.125,-1.1859374999999999,2650
0.125,-1.1140625,2494
0.125,-1.0421874999999998,2902
0.125,-0.9703124999999999,2399
0.125,-0.8984375,2540
0.125,-0.8265624999999999,2465
0.125,-0.7546875,2276
0.125,-0.6828125,2645
0.125,-0.6109374999999999,2668
0.125,-0.5390625,2426
0.125,-0.46718749999999987,2563
0.125,-0.39531249999999996,2794
0.125,-0.32343750000000004,3689
0.125,-0.2515624999999999,4001
0.125,-0.1796875,5024
0.125,-0.10781250000000009,5877
0.125,-0.03593750000000018,6552
0.125,0.03593750000000018,5925
0.125,0.10781250000000009,5186
0.125,0.1796875,4565
0.125,0.2515624999999999,3597
0.125,0.3234374999999998,3128
0.125,0.3953125000000002,2930
0.125,0.4671875000000001,2555
0.125,0.5390625,2636
0.125,0.6109374999999999,2455
0.125,0.6828124999999998,2311
0.125,0.7546874999999997,2683
0.125,0.8265625000000001,2498
0.125,0.8984375,2233
0.125,0.9703124999999999,2432
0.125,1.0421874999999998,2677
0.125,1.1140624999999997,2421
0.125,1.1859375,2683
0.125,1.2578125,2287
0.125,1.3296875,2574
0.125,1.4015624999999998,2948
0.125,1.4734374999999997,2874
0.125,1.5453125,3038
0.125,1.6171875,3574
0.125,1.6890625,3922
0.125,1.7609374999999998,3771
0.125,1.8328125000000002,3307
0.125,1.9046874999999996,1952
0.125,1.9765625,845
0.125,2.0484374999999995,47
0.125,2.1203125,0
0.125,2.1921875,0
0.125,2.2640624999999996,0
0.135,-2.2640624999999996,0
0.135,-2.1921874999999997,0
0.135,-2.1203125,3
0.135,-2.0484375,483
0.135,-1.9765624999999998,1411
0.135,-1.9046874999999999,1961
0.135,-1.8328124999999997,3402
0.135,-1.7609374999999998,3223
0.135,-1.6890625,3604
0.135,-1.6171875,3512
0.135,-1.5453124999999999,3512
0.135,-1.4734374999999997,3188
0.135,-1.4015624999999998,3065
0.135,-1.3296875,2592
0.135,-1.2578125,2578
0.135,-1.1859374999999999,2955
0.135,-1.1140625,2945
0.135,-1.0421874999999998,3328
0.135,-0.9703124999999999,2745
0.135,-0.8984375,2805
0.135,-0.8265624999999999,2596
0.135,-0.7546875,2465
0.135,-0.6828125,2906
0.135,-0.6109374999999999,2881
0.135,-0.5390625,2672
0.135,-0.46718749999999987,2821
0.135,-0.39531249999999996,3068
0.135,-0.32343750000000004,3774
0.135,-0.2515624999999999,4365
0.135,-0.1796875,5646
0.135,-0.10781250000000009,5893
0.135,-0.03593750000000018,6609
0.135,0.03593750000000018,6062
0.135,0.10781250000000009,5275
0.135,0.1796875,4544
0.135,0.2515624999999999,3955
0.135,0.3234374999999998,3278
0.135,0.3953125000000002,3231
0.135,0.4671875000000001,3013
0.135,0.5390625,2811
0.135,0.6109374999999999,2688
0.135,0.6828124999999998,2649
0.135,0.7546874999999997,3041
0.135,0.8265625000000001,2790
0.135,0.8984375,2445
0.135,0.9703124999999999,2561
0.135,1.0421874999999998,2893
0.135,1.1140624999999997,2666
0.135,1.1859375,2990
0.135,1.2578125,2538
0.135,1.3296875,2734
0.135,1.4015624999999998,3225
0.135,1.4734374999999997,3018
0.135,1.5453125,3307
0.135,1.6171875,3902
0.135,1.6890625,4283
0.135,1.7609374999999998,4400
0.135,1.8328125000000002,4336
0.135,1.9046874999999996,3321
0.135,1.9765625,2130
0.135,2.0484374999999995,632
0.135,2.1203125,1
0.135,2.1921875,0
0.135,2.2640624999999996,0
0.145,-2.2640624999999996,0
0.145,-2.1921874999999997,0
0.145,-2.1203125,155
0.145,-2.0484375,1333
0.145,-1.9765624999999998,2563
0.145,-1.9046874999999999,3060
0.145,-1.8328124999999997,3766
0.145,-1.7609374999999998,3577
0.145,-1.6890625,4019
0.145,-1.6171875,3888
0.145,-1.5453124999999999,3870
0.145,-1.4734374999999997,3372
0.145,-1.4015624999999998,3245
0.145,-1.3296875,2815
0.145,-1.2578125,3051
0.145,-1.1859374999999999,3016
0.145,-1.1140625,3249
0.145,-1.0421874999999998,3526
0.145,-0.9703124999999999,3120
0.145,-0.8984375,2937
0.145,-0.8265624999999999,2990
0.145,-0.7546875,2960
0.145,-0.6828125,3014
0.145,-0.6109374999999999,3255
0.145,-0.5390625,3050
0.145,-0.46718749999999987,3216
0.145,-0.39531249999999996,3601
0.145,-0.32343750000000004,4032
0.145,-0.2515624999999999,4301
0.145,-0.1796875,5669
0.145,-0.10781250000000009,6173
0.145,-0.03593750000000018,6796
0.145,0.03593750000000018,6311
0.145,0.10781250000000009,5644
0.145,0.1796875,4746
0.145,0.2515624999999999,4062
0.145,0.3234374999999998,3552
0.145,0.3953125000000002,3154
0.145,0.4671875000000001,2966
0.145,0.5390625,2920
0.145,0.6109374999999999,2759
0.145,0.6828124999999998,2827
0.145,0.7546874999999997,3243
0.145,0.8265625000000001,2831
0.145,0.8984375,2401
0.145,0.9703124999999999,3084
0.145,1.0421874999999998,3283
0.145,1.1140624999999997,2896
0.145,1.1859375,3142
0.145,1.2578125,2998
0.145,1.3296875,3140
0.145,1.4015624999999998,3398
0.145,1.4734374999999997,3430
0.145,1.5453125,3719
0.145,1.6171875,4011
0.145,1.6890625,4327
0.145,1.7609374999999998,4798
0.145,1.8328125000000002,4740
0.145,1.9046874999999996,4565
0.145,1.9765625,3625
0.145,2.0484374999999995,1896
0.145,2.1203125,172
0.145,2.1921875,0
0.145,2.2640624999999996,0
0.155,-2.2640624999999996,0
0.155,-2.1921874999999997,0
0.155,-2.1203125,857
0.155,-2.0484375,2628
0.155,-1.9765624999999998,3842
0.155,-1.9046874999999999,3824
0.155,-1.8328124999999997,4177
0.155,-1.7609374999999998,3889
0.155,-1.6890625,4215
0.155,-1.6171875,4053
0.155,-1.5453124999999999,4140
0.155,-1.4734374999999997,3866
0.155,-1.4015624999999998,3461
0.155,-1.3296875,3039
0.155,-1.2578125,3313
0.155,-1.1859374999999999,3314
0.155,-1.1140625,3523
0.155,-1.0421874999999998,3752
0.155,-0.9703124999999999,3611
0.155,-0.8984375,3212
0.155,-0.8265624999999999,3256
0.155,-0.7546875,3307
0.155,-0.6828125,3333
0.155,-0.6109374999999999,3531
0.155,-0.5390625,3321
0.155,-0.46718749999999987,3462
0.155,-0.39531249999999996,3698
0.155,-0.32343750000000004,4322
0.155,-0.2515624999999999,4395
0.155,-0.1796875,5816
0.155,-0.10781250000000009,6290
0.155,-0.03593750000000018,6244
0.155,0.03593750000000018,6377
0.155,0.10781250000000009,5908
0.155,0.1796875,5230
0.155,0.2515624999999999,4334
0.155,0.3234374999999998,3741
0.155,0.3953125000000002,3264
0.155,0.4671875000000001,3168
0.155,0.5390625,3154
0.155,0.6109374999999999,3174
0.155,0.6828124999999998,3251
0.155,0.7546874999999997,3678
0.155,0.8265625000000001,3055
0.155,0.8984375,2878
0.155,0.9703124999999999,3202
0.155,1.0421874999999998,3502
0.155,1.1140624999999997,3121
0.155,1.1859375,3336
0.155,1.2578125,3390
0.155,1.3296875,3535
0.155,1.4015624999999998,3767
0.155,1.4734374999999997,4069
0.155,1.5453125,4193
0.155,1.6171875,4292
0.155,1.6890625,4726
0.155,1.7609374999999998,5044
0.155,1.8328125000000002,5095
0.155,1.9046874999999996,5223
0.155,1.9765625,5205
0.155,2.0484374999999995,3429
0.155,2.1203125,957
0.155,2.1921875,0
0.155,2.2640624999999996,0
0.165,-2.2640624999999996,0
0.165,-2.1921874999999997,38
0.165,-2.1203125,1966
0.165,-2.0484375,4235
0.165,-1.9765624999999998,4321
0.165,-1.9046874999999999,4328
0.165,-1.8328124999999997,4335
0.165,-1.7609374999999998,4368
0.165,-1.6890625,4528
0.165,-1.6171875,4359
0.165,-1.5453124999999999,4316
0.165,-1.4734374999999997,4421
0.165,-1.4015624999999998,3912
0.165,-1.3296875,3360
0.165,-1.2578125,3459
0.165,-1.1859374999999999,3636
0.165,-1.1140625,4098
0.165,-1.0421874999999998,4079
0.165,-0.9703124999999999,4170
0.165,-0.8984375,3467
0.165,-0.8265624999999999,3673
0.165,-0.7546875,3683
0.165,-0.6828125,3537
0.165,-0.6109374999999999,3999
0.165,-0.5390625,3502
0.165,-0.46718749999999987,3968
0.165,-0.39531249999999996,3926
0.165,-0.32343750000000004,4627
0.165,-0.2515624999999999,4952
0.165,-0.1796875,5614
0.165,-0.10781250000000009,6208
0.165,-0.03593750000000018,6058
0.165,0.03593750000000018,6064
0.165,0.10781250000000009,5782
0.165,0.1796875,5382
0.165,0.2515624999999999,4469
0.165,0.3234374999999998,3853
0.165,0.3953125000000002,3651
0.165,0.4671875000000001,3550
0.165,0.5390625,3366
0.165,0.6109374999999999,3646
0.165,0.6828124999999998,3702
0.165,0.7546874999999997,3800
0.165,0.8265625000000001,3247
0.165,0.8984375,3098
0.165,0.9703124999999999,3628
0.165,1.0421874999999998,3619
0.165,1.1140624999999997,3503
0.165,1.1859375,3548
0.165,1.2578125,3837
0.165,1.3296875,3847
0.165,1.4015624999999998,4304
0.165,1.4734374999999997,4700
0.165,1.5453125,4602
0.165,1.6171875,4763
0.165,1.6890625,5200
0.165,1.7609374999999998,5265
0.165,1.8328125000000002,5665
0.165,1.9046874999999996,5643
0.165,1.9765625,5898
0.165,2.0484374999999995,5220
0.165,2.1203125,2329
0.165,2.1921875,44
0.165,2.2640624999999996,0
0.175,-2.2640624999999996,0
0.175,-2.1921874999999997,177
0.175,-2.1203125,3647
0.175,-2.0484375,5290
0.175,-1.9765624999999998,4817
0.175,-1.9046874999999999,4711
0.175,-1.8328124999999997,4915
0.175,-1.7609374999999998,4628
0.175,-1.6890625,5047
0.175,-1.6171875,4732
0.175,-1.5453124999999999,4327
0.175,-1.4734374999999997,4863
0.175,-1.4015624999999998,4370
0.175,-1.3296875,3769
0.175,-1.2578125,3343
0.175,-1.1859374999999999,4021
0.175,-1.1140625,4484
0.175,-1.0421874999999998,4055
0.175,-0.9703124999999999,4408
0.175,-0.8984375,4122
0.175,-0.8265624999999999,4206
0.175,-0.7546875,3961
0.175,-0.6828125,4063
0.175,-0.6109374999999999,4370
0.175,-0.5390625,3965
0.175,-0.46718749999999987,4234
0.175,-0.39531249999999996,4047
0.175,-0.32343750000000004,4698
0.175,-0.2515624999999999,5236
0.175,-0.1796875,5514
0.175,-0.10781250000000009,5948
0.175,-0.03593750000000018,6073
0.175,0.03593750000000018,6354
0.175,0.10781250000000009,6341
0.175,0.1796875,5516
0.175,0.2515624999999999,4491
0.175,0.3234374999999998,3965
0.175,0.3953125000000002,4056
0.175,0.4671875000000001,4023
0.175,0.5390625,3744
0.175,0.6109374999999999,3891
0.175,0.6828124999999998,3913
0.175,0.7546874999999997,4008
0.175,0.8265625000000001,3709
0.175,0.8984375,3430
0.175,0.9703124999999999,3904
0.175,1.0421874999999998,4059
0.175,1.1140624999999997,3908
0.175,1.1859375,3967
0.175,1.2578125,4287
0.175,1.3296875,4051
0.175,1.4015624999999998,4886
0.175,1.4734374999999997,4958
0.175,1.5453125,5128
0.175,1.6171875,5322
0.175,1.6890625,5822
0.175,1.7609374999999998,5940
0.175,1.8328125000000002,6347
0.175,1.9046874999999996,6048
0.175,1.9765625,6503
0.175,2.0484374999999995,6507
0.175,2.1203125,4328
0.175,2.1921875,257
0.175,2.2640624999999996,0
0.185,-2.2640624999999996,0
0.185,-2.1921874999999997,296
0.185,-2.1203125,5327
0.185,-2.0484375,5956
0.185,-1.9765624999999998,5417
0.185,-1.9046874999999999,5417
0.185,-1.8328124999999997,5090
0.185,-1.7609374999999998,4988
0.185,-1.6890625,5407
0.185,-1.6171875,5108
0.185,-1.5453124999999999,4729
0.185,-1.4734374999999997,5325
0.185,-1.4015624999999998,5132
0.185,-1.3296875,4097
0.185,-1.2578125,3967
0.185,-1.1859374999999999,4218
0.185,-1.1140625,4929
0.185,-1.0421874999999998,4601
0.185,-0.9703124999999999,5124
0.185,-0.8984375,4670
0.185,-0.8265624999999999,4387
0.185,-0.7546875,4236
0.185,-0.6828125,4379
0.185,-0.6109374999999999,4679
0.185,-0.5390625,4338
0.185,-0.46718749999999987,4461
0.185,-0.39531249999999996,4262
0.185,-0.32343750000000004,5059
0.185,-0.2515624999999999,5313
0.185,-0.1796875,5748
0.185,-0.10781250000000009,6057
0.185,-0.03593750000000018,6322
0.185,0.03593750000000018,6228
0.185,0.10781250000000009,6621
0.185,0.1796875,5467
0.185,0.2515624999999999,4754
0.185,0.3234374999999998,4340
0.185,0.3953125000000002,4435
0.185,0.4671875000000001,4362
0.185,0.5390625,4201
0.185,0.6109374999999999,4304
0.185,0.6828124999999998,4069
0.185,0.7546874999999997,4174
0.185,0.8265625000000001,4051
0.185,0.8984375,3799
0.185,0.9703124999999999,4402
0.185,1.0421874999999998,4489
0.185,1.1140624999999997,4364
0.185,1.1859375,4585
0.185,1.2578125,4544
0.185,1.3296875,4707
0.185,1.4015624999999998,5630
0.185,1.4734374999999997,5972
0.185,1.5453125,5891
0.185,1.6171875,6060
0.185,1.6890625,6481
0.185,1.7609374999999998,6742
0.185,1.8328125000000002,6655
0.185,1.9046874999999996,6461
0.185,1.9765625,7165
0.185,2.0484374999999995,7273
0.185,2.1203125,6704
0.185,2.1921875,426
0.185,2.2640624999999996,0
0.195,-2.2640624999999996,0
0.195,-2.1921874999999997,342
0.195,-2.1203125,6411
0.195,-2.0484375,6744
0.195,-1.9765624999999998,5899
0.195,-1.9046874999999999,6184
0.195,-1.8328124999999997,5723
0.195,-1.7609374999999998,5557
0.195,-1.6890625,6080
0.195,-1.6171875,5441
0.195,-1.5453124999999999,5187
0.195,-1.4734374999999997,5744
0.195,-1.4015624999999998,5616
0.195,-1.3296875,4675
0.195,-1.2578125,4541
0.195,-1.1859374999999999,4664
0.195,-1.1140625,5594
0.195,-1.0421874999999998,5054
0.195,-0.9703124999999999,5629
0.195,-0.8984375,4843
0.195,-0.8265624999999999,4855
0.195,-0.7546875,4824
0.195,-0.6828125,4660
0.195,-0.6109374999999999,4865
0.195,-0.5390625,4593
0.195,-0.46718749999999987,4927
0.195,-0.39531249999999996,4950
0.195,-0.32343750000000004,5592
0.195,-0.2515624999999999,5669
0.195,-0.1796875,6166
0.195,-0.10781250000000009,6290
0.195,-0.03593750000000018,6591
0.195,0.03593750000000018,6308
0.195,0.10781250000000009,6863
0.195,0.1796875,5642
0.195,0.2515624999999999,4963
0.195,0.3234374999999998,4737
0.195,0.3953125000000002,4760
0.195,0.4671875000000001,4661
0.195,0.5390625,4716
0.195,0.6109374999999999,4794
0.195,0.6828124999999998,4434
0.195,0.7546874999999997,4481
0.195,0.8265625000000001,4423
0.195,0.8984375,4241
0.195,0.9703124999999999,4772
0.195,1.0421874999999998,5152
0.195,1.1140624999999997,4779
0.195,1.1859375,4947
0.195,1.2578125,5126
0.195,1.3296875,5209
0.195,1.4015624999999998,5777
0.195,1.4734374999999997,6061
0.195,1.5453125,6535
0.195,1.6171875,6798
0.195,1.6890625,6986
0.195,1.7609374999999998,7551
0.195,1.8328125000000002,7348
0.195,1.9046874999999996,7466
0.195,1.9765625,8163
0.195,2.0484374999999995,8045
0.195,2.1203125,7670
0.195,2.1921875,454
0.195,2.2640624999999996,0
0.205,-2.2640624999999996,0
0.205,-2.1921874999999997,351
0.205,-2.1203125,5576
0.205,-2.0484375,7568
0.205,-1.9765624999999998,6422
0.205,-1.9046874999999999,6976
0.205,-1.8328124999999997,6370
0.205,-1.7609374999999998,6311
0.205,-1.6890625,6770
0.205,-1.6171875,6162
0.205,-1.5453124999999999,6136
0.205,-1.4734374999999997,6575
0.205,-1.4015624999999998,6093
0.205,-1.3296875,5144
0.205,-1.2578125,5066
0.205,-1.1859374999999999,5282
0.205,-1.1140625,6073
0.205,-1.0421874999999998,5234
0.205,-0.9703124999999999,6033
0.205,-0.8984375,5076
0.205,-0.8265624999999999,5055
0.205,-0.7546875,5322
0.205,-0.6828125,5099
0.205,-0.6109374999999999,5241
0.205,-0.5390625,4876
0.205,-0.46718749999999987,5559
0.205,-0.39531249999999996,5410
0.205,-0.32343750000000004,5848
0.205,-0.2515624999999999,6014
0.205,-0.1796875,6401
0.205,-0.10781250000000009,6806
0.205,-0.03593750000000018,6785
0.205,0.03593750000000018,6649
0.205,0.10781250000000009,7295
0.205,0.1796875,6257
0.205,0.2515624999999999,5585
0.205,0.3234374999999998,5152
0.205,0.3953125000000002,4897
0.205,0.4671875000000001,4907
0.205,0.5390625,4760
0.205,0.6109374999999999,5157
0.205,0.6828124999999998,4876
0.205,0.7546874999999997,4867
0.205,0.8265625000000001,4958
0.205,0.8984375,4784
0.205,0.9703124999999999,5525
0.205,1.0421874999999998,5752
0.205,1.1140624999999997,5327
0.205,1.1859375,5490
0.205,1.2578125,5617
0.205,1.3296875,5980
0.205,1.4015624999999998,6136
0.205,1.4734374999999997,6948
0.205,1.5453125,7136
0.205,1.6171875,7575
0.205,1.6890625,7615
0.205,1.7609374999999998,8530
0.205,1.8328125000000002,7997
0.205,1.9046874999999996,8294
0.205,1.9765625,9168
0.205,2.0484374999999995,8497
0.205,2.1203125,6497
0.205,2.1921875,407
0.205,2.2640624999999996,0
0.215,-2.2640624999999996,0
0.215,-2.1921874999999997,126
0.215,-2.1203125,3863
0.215,-2.0484375,7729
0.215,-1.9765624999999998,7196
0.215,-1.9046874999999999,7369
0.215,-1.8328124999999997,7607
0.215,-1.7609374999999998,7269
0.215,-1.6890625,7229
0.215,-1.6171875,6990
0.215,-1.5453124999999999,6680
0.215,-1.4734374999999997,7188
0.215,-1.4015624999999998,6887
0.215,-1.3296875,5672
0.215,-1.2578125,5736
0.215,-1.1859374999999999,5811
0.215,-1.1140625,6349
0.215,-1.0421874999999998,5697
0.215,-0.9703124999999999,6375
0.215,-0.8984375,5577
0.215,-0.8265624999999999,5373
0.215,-0.7546875,6129
0.215,-0.6828125,5719
0.215,-0.6109374999999999,5594
0.215,-0.5390625,5119
0.215,-0.46718749999999987,5954
0.215,-0.39531249999999996,6158
0.215,-0.32343750000000004,5994
0.215,-0.2515624999999999,6717
0.215,-0.1796875,6851
0.215,-0.10781250000000009,7299
0.215,-0.03593750000000018,7278
0.215,0.03593750000000018,7312
0.215,0.10781250000000009,7571
0.215,0.1796875,6521
0.215,0.2515624999999999,6214
0.215,0.3234374999999998,5418
0.215,0.3953125000000002,5333
0.215,0.4671875000000001,5368
0.215,0.5390625,5060
0.215,0.6109374999999999,5671
0.215,0.6828124999999998,5552
0.215,0.7546874999999997,5361
0.215,0.8265625000000001,5552
0.215,0.8984375,5261
0.215,0.9703124999999999,5701
0.215,1.0421874999999998,6268
0.215,1.1140624999999997,6362
0.215,1.1859375,6431
0.215,1.2578125,6375
0.215,1.3296875,6275
0.215,1.4015624999999998,7107
0.215,1.4734374999999997,7561
0.215,1.5453125,7887
0.215,1.6171875,8412
0.215,1.6890625,8573
0.215,1.7609374999999998,9070
0.215,1.8328125000000002,8756
0.215,1.9046874999999996,9234
0.215,1.9765625,10198
0.215,2.0484374999999995,9142
0.215,2.1203125,4290
0.215,2.1921875,140
0.215,2.2640624999999996,0
0.225,-2.2640624999999996,0
0.225,-2.1921874999999997,2
0.225,-2.1203125,2341
0.225,-2.0484375,6776
0.225,-1.9765624999999998,7529
0.225,-1.9046874999999999,8080
0.225,-1.8328124999999997,8678
0.225,-1.7609374999999998,7967
0.225,-1.6890625,7599
0.225,-1.6171875,7893
0.225,-1.5453124999999999,7828
0.225,-1.4734374999999997,7874
0.225,-1.4015624999999998,7523
0.225,-1.3296875,6705
0.225,-1.2578125,6505
0.225,-1.1859374999999999,6374
0.225,-1.1140625,6974
0.225,-1.0421874999999998,6468
0.225,-0.9703124999999999,6766
0.225,-0.8984375,6054
0.225,-0.8265624999999999,5941
0.225,-0.7546875,6649
0.225,-0.6828125,6282
0.225,-0.6109374999999999,6119
0.225,-0.5390625,5802
0.225,-0.46718749999999987,6318
0.225,-0.39531249999999996,6823
0.225,-0.32343750000000004,6555
0.225,-0.2515624999999999,7126
0.225,-0.1796875,7076
0.225,-0.10781250000000009,7552
0.225,-0.03593750000000018,7507
0.225,0.03593750000000018,7204
0.225,0.10781250000000009,7683
0.225,0.1796875,7044
0.225,0.2515624999999999,6397
0.225,0.3234374999999998,5812
0.225,0.3953125000000002,5681
0.225,0.4671875000000001,5661
0.225,0.5390625,5361
0.225,0.6109374999999999,6034
0.225,0.6828124999999998,5984
0.225,0.7546874999999997,5819
0.225,0.8265625000000001,6020
0.225,0.8984375,5699
0.225,0.9703124999999999,6061
0.225,1.0421874999999998,6816
0.225,1.1140624999999997,6929
0.225,1.1859375,6903
0.225,1.2578125,6908
0.225,1.3296875,7057
0.225,1.4015624999999998,7932
0.225,1.4734374999999997,8009
0.225,1.5453125,8615
0.225,1.6171875,9290
0.225,1.6890625,9446
0.225,1.7609374999999998,9870
0.225,1.8328125000000002,9891
0.225,1.9046874999999996,10421
0.225,1.9765625,11302
0.225,2.0484374999999995,7989
0.225,2.1203125,2484
0.225,2.1921875,5
0.225,2.2640624999999996,0
0.235,-2.2640624999999996,0
0.235,-2.1921874999999997,0
0.235,-2.1203125,890
0.235,-2.0484375,4858
0.235,-1.9765624999999998,7996
0.235,-1.9046874999999999,8539
0.235,-1.8328124999999997,9509
0.235,-1.7609374999999998,8823
0.235,-1.6890625,7915
0.235,-1.6171875,9072
0.235,-1.5453124999999999,8817
0.235,-1.4734374999999997,8677
0.235,-1.4015624999999998,8105
0.235,-1.3296875,7356
0.235,-1.2578125,7619
0.235,-1.1859374999999999,6974
0.235,-1.1140625,7520
0.235,-1.0421874999999998,7176
0.235,-0.9703124999999999,7648
0.235,-0.8984375,6901
0.235,-0.8265624999999999,6495
0.235,-0.7546875,7167
0.235,-0.6828125,6854
0.235,-0.6109374999999999,6651
0.235,-0.5390625,6173
0.235,-0.46718749999999987,6835
0.235,-0.39531249999999996,7258
0.235,-0.32343750000000004,6834
0.235,-0.2515624999999999,7624
0.235,-0.1796875,7782
0.235,-0.10781250000000009,7592
0.235,-0.03593750000000018,8416
0.235,0.03593750000000018,7810
0.235,0.10781250000000009,8055
0.235,0.1796875,7405
0.235,0.2515624999999999,6882
0.235,0.3234374999999998,6479
0.235,0.3953125000000002,6257
0.235,0.4671875000000001,5990
0.235,0.5390625,5777
0.235,0.6109374999999999,6527
0.235,0.6828124999999998,6317
0.235,0.7546874999999997,6494
0.235,0.8265625000000001,6407
0.235,0.8984375,6083
0.235,0.9703124999999999,6831
0.235,1.0421874999999998,7362
0.235,1.1140624999999997,7356
0.235,1.1859375,7730
0.235,1.2578125,7527
0.235,1.3296875,8012
0.235,1.4015624999999998,8546
0.235,1.4734374999999997,8938
0.235,1.5453125,9150
0.235,1.6171875,10109
0.235,1.6890625,10194
0.235,1.7609374999999998,11209
0.235,1.8328125000000002,11616
0.235,1.9046874999999996,11425
0.235,1.9765625,11242
0.235,2.0484374999999995,5851
0.235,2.1203125,880
0.235,2.1921875,0
0.235,2.2640624999999996,0
0.245,-2.2640624999999996,0
0.245,-2.1921874999999997,0
0.245,-2.1203125,75
0.245,-2.0484375,2833
0.245,-1.9765624999999998,7009
0.245,-1.9046874999999999,9461
0.245,-1.8328124999999997,9898
0.245,-1.7609374999999998,9337
0.245,-1.6890625,8980
0.245,-1.6171875,10077
0.245,-1.5453124999999999,9518
0.245,-1.4734374999999997,9880
0.245,-1.4015624999999998,8970
0.245,-1.3296875,8059
0.245,-1.2578125,8462
0.245,-1.1859374999999999,7594
0.245,-1.1140625,8586
0.245,-1.0421874999999998,8202
0.245,-0.9703124999999999,8716
0.245,-0.8984375,7528
0.245,-0.8265624999999999,7553
0.245,-0.7546875,8117
0.245,-0.6828125,7295
0.245,-0.6109374999999999,7361
0.245,-0.5390625,6868
0.245,-0.46718749999999987,7582
0.245,-0.39531249999999996,7760
0.245,-0.32343750000000004,7462
0.245,-0.2515624999999999,8221
0.245,-0.1796875,8023
0.245,-0.10781250000000009,8351
0.245,-0.03593750000000018,8982
0.245,0.03593750000000018,8549
0.245,0.10781250000000009,8503
0.245,0.1796875,7891
0.245,0.2515624999999999,7222
0.245,0.3234374999999998,7217
0.245,0.3953125000000002,6974
0.245,0.4671875000000001,6495
0.245,0.5390625,6090
0.245,0.6109374999999999,7118
0.245,0.6828124999999998,6954
0.245,0.7546874999999997,6904
0.245,0.8265625000000001,6793
0.245,0.8984375,6852
0.245,0.9703124999999999,7465
0.245,1.0421874999999998,7701
0.245,1.1140624999999997,8107
0.245,1.1859375,8508
0.245,1.2578125,8856
0.245,1.3296875,8556
0.245,1.4015624999999998,9112
0.245,1.4734374999999997,9875
0.245,1.5453125,10416
0.245,1.6171875,11282
0.245,1.6890625,11823
0.245,1.7609374999999998,12745
0.245,1.8328125000000002,12453
0.245,1.9046874999999996,12610
0.245,1.9765625,9546
0.245,2.0484374999999995,3381
0.245,2.1203125,102
0.245,2.1921875,0
0.245,2.2640624999999996,0
0.255,-2.2640624999999996,0
0.255,-2.1921874999999997,0
0.255,-2.1203125,0
0.255,-2.0484375,957
0.255,-1.9765624999999998,5015
0.255,-1.9046874999999999,9661
0.255,-1.8328124999999997,11049
0.255,-1.7609374999999998,10234
0.255,-1.6890625,10310
0.255,-1.6171875,11133
0.255,-1.5453124999999999,10726
0.255,-1.4734374999999997,11201
0.255,-1.4015624999999998,9589
0.255,-1.3296875,9226
0.255,-1.2578125,9234
0.255,-1.1859374999999999,8688
0.255,-1.1140625,9084
0.255,-1.0421874999999998,8809
0.255,-0.9703124999999999,9171
0.255,-0.8984375,8379
0.255,-0.8265624999999999,8628
0.255,-0.7546875,9070
0.255,-0.6828125,8147
0.255,-0.6109374999999999,8268
0.255,-0.5390625,7866
0.255,-0.46718749999999987,8436
0.255,-0.39531249999999996,8719
0.255,-0.32343750000000004,7991
0.255,-0.2515624999999999,8936
0.255,-0.1796875,8519
0.255,-0.10781250000000009,8823
0.255,-0.03593750000000018,9135
0.255,0.03593750000000018,9530
0.255,0.10781250000000009,8931
0.255,0.1796875,8262
0.255,0.2515624999999999,7593
0.255,0.3234374999999998,8027
0.255,0.3953125000000002,7534
0.255,0.4671875000000001,7233
0.255,0.5390625,6981
0.255,0.6109374999999999,8025
0.255,0.6828124999999998,7438
0.255,0.7546874999999997,7499
0.255,0.8265625000000001,7410
0.255,0.8984375,7546
0.255,0.9703124999999999,8202
0.255,1.0421874999999998,8462
0.255,1.1140624999999997,9187
0.255,1.1859375,9029
0.255,1.2578125,9845
0.255,1.3296875,9391
0.255,1.4015624999999998,10006
0.255,1.4734374999999997,11073
0.255,1.5453125,11576
0.255,1.6171875,12548
0.255,1.6890625,13203
0.255,1.7609374999999998,13959
0.255,1.8328125000000002,13576
0.255,1.9046874999999996,12522
0.255,1.9765625,6925
0.255,2.0484374999999995,1302
0.255,2.1203125,0
0.255,2.1921875,0
0.255,2.2640624999999996,0
0.265,-2.2640624999999996,0
0.265,-2.1921874999999997,0
0.265,-2.1203125,0
0.265,-2.0484375,104
0.265,-1.9765624999999998,2963
0.265,-1.9046874999999999,7450
0.265,-1.8328124999999997,11748
0.265,-1.7609374999999998,11356
0.265,-1.6890625,11751
0.265,-1.6171875,12129
0.265,-1.5453124999999999,11759
0.265,-1.4734374999999997,11549
0.265,-1.4015624999999998,10878
0.265,-1.3296875,10418
0.265,-1.2578125,10356
0.265,-1.1859374999999999,9811
0.265,-1.1140625,9979
0.265,-1.0421874999999998,9767
0.265,-0.9703124999999999,9684
0.265,-0.8984375,9405
0.265,-0.8265624999999999,9831
0.265,-0.7546875,9712
0.265,-0.6828125,8812
0.265,-0.6109374999999999,9309
0.265,-0.5390625,8810
0.265,-0.46718749999999987,9141
0.265,-0.39531249999999996,9267
0.265,-0.32343750000000004,8715
0.265,-0.2515624999999999,9418
0.265,-0.1796875,9327
0.265,-0.10781250000000009,9056
0.265,-0.03593750000000018,9490
0.265,0.03593750000000018,10089
0.265,0.10781250000000009,9665
0.265,0.1796875,8836
0.265,0.2515624999999999,8293
0.265,0.3234374999999998,8749
0.265,0.3953125000000002,8319
0.265,0.4671875000000001,8036
0.265,0.5390625,7782
0.265,0.6109374999999999,8917
0.265,0.6828124999999998,8591
0.265,0.7546874999999997,8439
0.265,0.8265625000000001,8210
0.265,0.8984375,8535
0.265,0.9703124999999999,8720
0.265,1.0421874999999998,9322
0.265,1.1140624999999997,9953
0.265,1.1859375,9642
0.265,1.2578125,10544
0.265,1.3296875,10541
0.265,1.4015624999999998,11363
0.265,1.4734374999999997,12230
0.265,1.5453125,13110
0.265,1.6171875,13814
0.265,1.6890625,14577
0.265,1.7609374999999998,14953
0.265,1.8328125000000002,14679
0.265,1.9046874999999996,9849
0.265,1.9765625,4116
0.265,2.0484374999999995,158
0.265,2.1203125,0
0.265,2.1921875,0
0.265,2.2640624999999996,0
0.275,-2.2640624999999996,0
0.275,-2.1921874999999997,0
0.275,-2.1203125,0
0.275,-2.0484375,0
0.275,-1.9765624999999998,827
0.275,-1.9046874999999999,5353
0.275,-1.8328124999999997,10574
0.275,-1.7609374999999998,12348
0.275,-1.6890625,13564
0.275,-1.6171875,12855
0.275,-1.5453124999999999,12802
0.275,-1.4734374999999997,12489
0.275,-1.4015624999999998,11959
0.275,-1.3296875,11580
0.275,-1.2578125,11673
0.275,-1.1859374999999999,10658
0.275,-1.1140625,10739
0.275,-1.0421874999999998,11123
0.275,-0.9703124999999999,11055
0.275,-0.8984375,10578
0.275,-0.8265624999999999,10514
0.275,-0.7546875,10181
0.275,-0.6828125,10011
0.275,-0.6109374999999999,10521
0.275,-0.5390625,9973
0.275,-0.46718749999999987,9688
0.275,-0.39531249999999996,9915
0.275,-0.32343750000000004,9524
0.275,-0.2515624999999999,9759
0.275,-0.1796875,10145
0.275,-0.10781250000000009,9506
0.275,-0.03593750000000018,9822
0.275,0.03593750000000018,10443
0.275,0.10781250000000009,9985
0.275,0.1796875,9362
0.275,0.2515624999999999,8856
0.275,0.3234374999999998,9451
0.275,0.3953125000000002,9339
0.275,0.4671875000000001,9236
0.275,0.5390625,8761
0.275,0.6109374999999999,9637
0.275,0.6828124999999998,9658
0.275,0.7546874999999997,9197
0.275,0.8265625000000001,9250
0.275,0.8984375,9257
0.275,0.9703124999999999,9362
0.275,1.0421874999999998,10160
0.275,1.1140624999999997,10807
0.275,1.1859375,10686
0.275,1.2578125,11450
0.275,1.3296875,12020
0.275,1.4015624999999998,12777
0.275,1.4734374999999997,13710
0.275,1.5453125,14274
0.275,1.6171875,15088
0.275,1.6890625,16144
0.275,1.7609374999999998,16633
0.275,1.8328125000000002,13629
0.275,1.9046874999999996,6370
0.275,1.9765625,1187
0.275,2.0484374999999995,0
0.275,2.1203125,0
0.275,2.1921875,0
0.275,2.2640624999999996,0
0.285,-2.2640624999999996,0
0.285,-2.1921874999999997,0
0.285,-2.1203125,0
0.285,-2.0484375,0
0.285,-1.9765624999999998,51
0.285,-1.9046874999999999,2525
0.285,-1.8328124999999997,7828
0.285,-1.7609374999999998,12798
0.285,-1.6890625,14546
0.285,-1.6171875,13505
0.285,-1.5453124999999999,14063
0.285,-1.4734374999999997,13943
0.285,-1.4015624999999998,13541
0.285,-1.3296875,13191
0.285,-1.2578125,12744
0.285,-1.1859374999999999,11716
0.285,-1.1140625,11885
0.285,-1.0421874999999998,12287
0.285,-0.9703124999999999,12161
0.285,-0.8984375,11707
0.285,-0.8265624999999999,11637
0.285,-0.7546875,10764
0.285,-0.6828125,11400
0.285,-0.6109374999999999,11603
0.285,-0.5390625,10996
0.285,-0.46718749999999987,10176
0.285,-0.39531249999999996,10703
0.285,-0.32343750000000004,10489
0.285,-0.2515624999999999,10348
0.285,-0.1796875,10660
0.285,-0.10781250000000009,10501
0.285,-0.03593750000000018,10475
0.285,0.03593750000000018,10984
0.285,0.10781250000000009,10130
0.285,0.1796875,9759
0.285,0.2515624999999999,9700
0.285,0.3234374999999998,9892
0.285,0.3953125000000002,10309
0.285,0.4671875000000001,9972
0.285,0.5390625,9835
0.285,0.6109374999999999,10829
0.285,0.6828124999999998,10362
0.285,0.7546874999999997,10004
0.285,0.8265625000000001,10318
0.285,0.8984375,10364
0.285,0.9703124999999999,10258
0.285,1.0421874999999998,10938
0.285,1.1140624999999997,12011
0.285,1.1859375,11860
0.285,1.2578125,12362
0.285,1.3296875,13015
0.285,1.4015624999999998,14161
0.285,1.4734374999999997,15307
0.285,1.5453125,15454
0.285,1.6171875,16609
0.285,1.6890625,18003
0.285,1.7609374999999998,17158
0.285,1.8328125000000002,9226
0.285,1.9046874999999996,3135
0.285,1.9765625,49
0.285,2.0484374999999995,0
0.285,2.1203125,0
0.285,2.1921875,0
0.285,2.2640624999999996,0
0.295,-2.2640624999999996,0
0.295,-2.1921874999999997,0
0.295,-2.1203125,0
0.295,-2.0484375,0
0.295,-1.9765624999999998,0
0.295,-1.9046874999999999,482
0.295,-1.8328124999999997,4727
0.295,-1.7609374999999998,10452
0.295,-1.6890625,15374
0.295,-1.6171875,15109
0.295,-1.5453124999999999,15546
0.295,-1.4734374999999997,15402
0.295,-1.4015624999999998,14762
0.295,-1.3296875,14301
0.295,-1.2578125,13974
0.295,-1.1859374999999999,13003
0.295,-1.1140625,12860
0.295,-1.0421874999999998,13266
0.295,-0.9703124999999999,13553
0.295,-0.8984375,13142
0.295,-0.8265624999999999,12151
0.295,-0.7546875,11556
0.295,-0.6828125,12549
0.295,-0.6109374999999999,12912
0.295,-0.5390625,12072
0.295,-0.46718749999999987,11059
0.295,-0.39531249999999996,11706
0.295,-0.32343750000000004,11513
0.295,-0.2515624999999999,11182
0.295,-0.1796875,11745
0.295,-0.10781250000000009,11402
0.295,-0.03593750000000018,11123
0.295,0.03593750000000018,11768
0.295,0.10781250000000009,10642
0.295,0.1796875,10518
0.295,0.2515624999999999,10601
0.295,0.3234374999999998,10841
0.295,0.3953125000000002,10793
0.295,0.4671875000000001,11115
0.295,0.5390625,11169
0.295,0.6109374999999999,12084
0.295,0.6828124999999998,11671
0.295,0.7546874999999997,11813
0.295,0.8265625000000001,11262
0.295,0.8984375,11500
0.295,0.9703124999999999,11593
0.295,1.0421874999999998,12404
0.295,1.1140624999999997,12793
0.295,1.1859375,12762
0.295,1.2578125,13298
0.295,1.3296875,13878
0.295,1.4015624999999998,15712
0.295,1.4734374999999997,16805
0.295,1.5453125,17420
0.295,1.6171875,17918
0.295,1.6890625,19135
0.295,1.7609374999999998,13309
0.295,1.8328125000000002,5258
0.295,1.9046874999999996,523
0.295,1.9765625,0
0.295,2.0484374999999995,0
0.295,2.1203125,0
0.295,2.1921875,0
0.295,2.2640624999999996,0
0.305,-2.2640624999999996,0
0.305,-2.1921874999999997,0
0.305,-2.1203125,0
0.305,-2.0484375,0
0.305,-1.9765624999999998,0
0.305,-1.9046874999999999,2
0.305,-1.8328124999999997,1507
0.305,-1.7609374999999998,7281
0.305,-1.6890625,14454
0.305,-1.6171875,16741
0.305,-1.5453124999999999,16866
0.305,-1.4734374999999997,17154
0.305,-1.4015624999999998,16138
0.305,-1.3296875,16050
0.305,-1.2578125,15794
0.305,-1.1859374999999999,14295
0.305,-1.1140625,14418
0.305,-1.0421874999999998,14975
0.305,-0.9703124999999999,15021
0.305,-0.8984375,14619
0.305,-0.8265624999999999,13247
0.305,-0.7546875,12820
0.305,-0.6828125,13501
0.305,-0.6109374999999999,13890
0.305,-0.5390625,13044
0.305,-0.46718749999999987,12805
0.305,-0.39531249999999996,12646
0.305,-0.32343750000000004,12590
0.305,-0.2515624999999999,12169
0.305,-0.1796875,12447
0.305,-0.10781250000000009,12405
0.305,-0.03593750000000018,11552
0.305,0.03593750000000018,12403
0.305,0.10781250000000009,11252
0.305,0.1796875,11353
0.305,0.2515624999999999,11725
0.305,0.3234374999999998,12062
0.305,0.3953125000000002,11795
0.305,0.4671875000000001,12434
0.305,0.5390625,12116
0.305,0.6109374999999999,13336
0.305,0.6828124999999998,12727
0.305,0.7546874999999997,13277
0.305,0.8265625000000001,12444
0.305,0.8984375,12723
0.305,0.9703124999999999,13055
0.305,1.0421874999999998,13455
0.305,1.1140624999999997,13883
0.305,1.1859375,13864
0.305,1.2578125,14486
0.305,1.3296875,15947
0.305,1.4015624999999998,17621
0.305,1.4734374999999997,18092
0.305,1.5453125,18843
0.305,1.6171875,19551
0.305,1.6890625,17431
0.305,1.7609374999999998,9088
0.305,1.8328125000000002,1824
0.305,1.9046874999999996,4
0.305,1.9765625,0
0.305,2.0484374999999995,0
0.305,2.1203125,0
0.305,2.1921875,0
0.305,2.2640624999999996,0
0.315,-2.2640624999999996,0
0.315,-2.1921874999999997,0
0.315,-2.1203125,0
0.315,-2.0484375,0
0.315,-1.9765624999999998,0
0.315,-1.9046874999999999,0
0.315,-1.8328124999999997,133
0.315,-1.7609374999999998,3735
0.315,-1.6890625,10668
0.315,-1.6171875,17554
0.315,-1.5453124999999999,18804
0.315,-1.4734374999999997,19025
0.315,-1.4015624999999998,17958
0.315,-1.3296875,17645
0.315,-1.2578125,18008
0.315,-1.1859374999999999,15542
0.315,-1.1140625,16179
0.315,-1.0421874999999998,16440
0.315,-0.9703124999999999,16119
0.315,-0.8984375,16222
0.315,-0.8265624999999999,14557
0.315,-0.7546875,13993
0.315,-0.6828125,14644
0.315,-0.6109374999999999,14825
0.315,-0.5390625,14128
0.315,-0.46718749999999987,14392
0.315,-0.39531249999999996,13635
0.315,-0.32343750000000004,13530
0.315,-0.2515624999999999,13587
0.315,-0.1796875,13970
0.315,-0.10781250000000009,13708
0.315,-0.03593750000000018,12795
0.315,0.03593750000000018,12533
0.315,0.10781250000000009,12258
0.315,0.1796875,12259
0.315,0.2515624999999999,12730
0.315,0.3234374999999998,12933
0.315,0.3953125000000002,13087
0.315,0.4671875000000001,13686
0.315,0.5390625,13760
0.315,0.6109374999999999,14234
0.315,0.6828124999999998,14264
0.315,0.7546874999999997,14212
0.315,0.8265625000000001,13961
0.315,0.8984375,13770
0.315,0.9703124999999999,14515
0.315,1.0421874999999998,14820
0.315,1.1140624999999997,15103
0.315,1.1859375,15250
0.315,1.2578125,15585
0.315,1.3296875,17959
0.315,1.4015624999999998,19297
0.315,1.4734374999999997,19605
0.315,1.5453125,20575
0.315,1.6171875,20035
0.315,1.6890625,12298
0.315,1.7609374999999998,4568
0.315,1.8328125000000002,148
0.315,1.9046874999999996,0
0.315,1.9765625,0
0.315,2.0484374999999995,0
0.315,2.1203125,0
0.315,2.1921875,0
0.315,2.2640624999999996,0
0.325,-2.2640624999999996,0
0.325,-2.1921874999999997,0
0.325,-2.1203125,0
0.325,-2.0484375,0
0.325,-1.9765624999999998,0
0.325,-1.9046874999999999,0
0.325,-1.8328124999999997,0
0.325,-1.7609374999999998,721
0.325,-1.6890625,6314
0.325,-1.6171875,14646
0.325,-1.5453124999999999,20757
0.325,-1.4734374999999997,21644
0.325,-1.4015624999999998,20338
0.325,-1.3296875,19754
0.325,-1.2578125,19264
0.325,-1.1859374999999999,17535
0.325,-1.1140625,18283
0.325,-1.0421874999999998,18123
0.325,-0.9703124999999999,17825
0.325,-0.8984375,17644
0.325,-0.8265624999999999,15574
0.325,-0.7546875,15592
0.325,-0.6828125,16285
0.325,-0.6109374999999999,16029
0.325,-0.5390625,15357
0.325,-0.46718749999999987,16114
0.325,-0.39531249999999996,15213
0.325,-0.32343750000000004,14776
0.325,-0.2515624999999999,15329
0.325,-0.1796875,15228
0.325,-0.10781250000000009,15448
0.325,-0.03593750000000018,14019
0.325,0.03593750000000018,13551
0.325,0.10781250000000009,13670
0.325,0.1796875,13517
0.325,0.2515624999999999,14069
0.325,0.3234374999999998,13971
0.325,0.3953125000000002,14478
0.325,0.4671875000000001,15087
0.325,0.5390625,15240
0.325,0.6109374999999999,15291
0.325,0.6828124999999998,15536
0.325,0.7546874999999997,15297
0.325,0.8265625000000001,15154
0.325,0.8984375,15198
0.325,0.9703124999999999,16201
0.325,1.0421874999999998,16431
0.325,1.1140624999999997,16154
0.325,1.1859375,16805
0.325,1.2578125,17531
0.325,1.3296875,19525
0.325,1.4015624999999998,21168
0.325,1.4734374999999997,21568
0.325,1.5453125,22259
0.325,1.6171875,16753
0.325,1.6890625,7868
0.325,1.7609374999999998,954
0.325,1.8328125000000002,0
0.325,1.9046874999999996,0
0.325,1.9765625,0
0.325,2.0484374999999995,0
0.325,2.1203125,0
0.325,2.1921875,0
0.325,2.2640624999999996,0
0.335,-2.2640624999999996,0
0.335,-2.1921874999999997,0
0.335,-2.1203125,0
0.335,-2.0484375,0
0.335,-1.9765624999999998,0
0.335,-1.9046874999999999,0
0.335,-1.8328124999999997,0
0.335,-1.7609374999999998,6
0.335,-1.6890625,2336
0.335,-1.6171875,10011
0.335,-1.5453124999999999,19470
0.335,-1.4734374999999997,23502
0.335,-1.4015624999999998,22413
0.335,-1.3296875,21993
0.335,-1.2578125,21066
0.335,-1.1859374999999999,19888
0.335,-1.1140625,19958
0.335,-1.0421874999999998,19551
0.335,-0.9703124999999999,19977
0.335,-0.8984375,19182
0.335,-0.8265624999999999,16863
0.335,-0.7546875,17238
0.335,-0.6828125,17561
0.335,-0.6109374999999999,17092
0.335,-0.5390625,16922
0.335,-0.46718749999999987,17576
0.335,-0.39531249999999996,16999
0.335,-0.32343750000000004,16456
0.335,-0.2515624999999999,16152
0.335,-0.1796875,16313
0.335,-0.10781250000000009,17239
0.335,-0.03593750000000018,15149
0.335,0.03593750000000018,15069
0.335,0.10781250000000009,14980
0.335,0.1796875,15335
0.335,0.2515624999999999,15161
0.335,0.3234374999999998,14917
0.335,0.3953125000000002,16127
0.335,0.4671875000000001,16482
0.335,0.5390625,16788
0.335,0.6109374999999999,17143
0.335,0.6828124999999998,17020
0.335,0.7546874999999997,16488
0.335,0.8265625000000001,16540
0.335,0.8984375,17045
0.335,0.9703124999999999,17561
0.335,1.0421874999999998,18258
0.335,1.1140624999999997,17810
0.335,1.1859375,18672
0.335,1.2578125,19378
0.335,1.3296875,21960
0.335,1.4015624999999998,23156
0.335,1.4734374999999997,23581
0.335,1.5453125,20442
0.335,1.6171875,11919
0.335,1.6890625,2898
0.335,1.7609374999999998,7
0.335,1.8328125000000002,0
0.335,1.9046874999999996,0
0.335,1.9765625,0
0.335,2.0484374999999995,0
0.335,2.1203125,0
0.335,2.1921875,0
0.335,2.2640624999999996,0
0.345,-2.2640624999999996,0
0.345,-2.1921874999999997,0
0.345,-2.1203125,0
0.345,-2.0484375,0
0.345,-1.9765624999999998,0
0.345,-1.9046874999999999,0
0.345,-1.8328124999999997,0
0.345,-1.7609374999999998,0
0.345,-1.6890625,215
0.345,-1.6171875,5334
0.345,-1.5453124999999999,14679
0.345,-1.4734374999999997,24736
0.345,-1.4015624999999998,24994
0.345,-1.3296875,23833
0.345,-1.2578125,22681
0.345,-1.1859374999999999,21993
0.345,-1.1140625,21740
0.345,-1.0421874999999998,21149
0.345,-0.9703124999999999,21841
0.345,-0.8984375,21495
0.345,-0.8265624999999999,18167
0.345,-0.7546875,18653
0.345,-0.6828125,18846
0.345,-0.6109374999999999,18554
0.345,-0.5390625,18535
0.345,-0.46718749999999987,19325
0.345,-0.39531249999999996,19185
0.345,-0.32343750000000004,17758
0.345,-0.2515624999999999,17909
0.345,-0.1796875,17759
0.345,-0.10781250000000009,18748
0.345,-0.03593750000000018,16907
0.345,0.03593750000000018,16016
0.345,0.10781250000000009,15933
0.345,0.1796875,16409
0.345,0.2515624999999999,16980
0.345,0.3234374999999998,16337
0.345,0.3953125000000002,17662
0.345,0.4671875000000001,17949
0.345,0.5390625,18410
0.345,0.6109374999999999,18645
0.345,0.6828124999999998,19171
0.345,0.7546874999999997,18366
0.345,0.8265625000000001,17711
0.345,0.8984375,18953
0.345,0.9703124999999999,19433
0.345,1.0421874999999998,20342
0.345,1.1140624999999997,19935
0.345,1.1859375,20382
0.345,1.2578125,21535
0.345,1.3296875,23964
0.345,1.4015624999999998,26029
0.345,1.4734374999999997,25266
0.345,1.5453125,15160
0.345,1.6171875,6143
0.345,1.6890625,254
0.345,1.7609374999999998,0
0.345,1.8328125000000002,0
0.345,1.9046874999999996,0
0.345,1.9765625,0
0.345,2.0484374999999995,0
0.345,2.1203125,0
0.345,2.1921875,0
0.345,2.2640624999999996,0
0.355,-2.2640624999999996,0
0.355,-2.1921874999999997,0
0.355,-2.1203125,0
0.355,-2.0484375,0
0.355,-1.9765624999999998,0
0.355,-1.9046874999999999,0
0.355,-1.8328124999999997,0
0.355,-1.7609374999999998,0
0.355,-1.6890625,0
0.355,-1.6171875,1440
0.355,-1.5453124999999999,9956
0.355,-1.4734374999999997,21450
0.355,-1.4015624999999998,27337
0.355,-1.3296875,26955
0.355,-1.2578125,25139
0.355,-1.1859374999999999,24667
0.355,-1.1140625,24633
0.355,-1.0421874999999998,23682
0.355,-0.9703124999999999,23734
0.355,-0.8984375,23333
0.355,-0.8265624999999999,20462
0.355,-0.7546875,20507
0.355,-0.6828125,20538
0.355,-0.6109374999999999,20590
0.355,-0.5390625,21461
0.355,-0.46718749999999987,21998
0.355,-0.39531249999999996,21294
0.355,-0.32343750000000004,19986
0.355,-0.2515624999999999,19251
0.355,-0.1796875,18795
0.355,-0.10781250000000009,20257
0.355,-0.03593750000000018,18953
0.355,0.03593750000000018,18111
0.355,0.10781250000000009,16876
0.355,0.1796875,17515
0.355,0.2515624999999999,18230
0.355,0.3234374999999998,17712
0.355,0.3953125000000002,19570
0.355,0.4671875000000001,19606
0.355,0.5390625,19934
0.355,0.6109374999999999,20349
0.355,0.6828124999999998,21142
0.355,0.7546874999999997,20438
0.355,0.8265625000000001,20022
0.355,0.8984375,20914
0.355,0.9703124999999999,21283
0.355,1.0421874999999998,22235
0.355,1.1140624999999997,21825
0.355,1.1859375,22557
0.355,1.2578125,23527
0.355,1.3296875,26453
0.355,1.4015624999999998,28649
0.355,1.4734374999999997,22758
0.355,1.5453125,9705
0.355,1.6171875,1458
0.355,1.6890625,0
0.355,1.7609374999999998,0
0.355,1.8328125000000002,0
0.355,1.9046874999999996,0
0.355,1.9765625,0
0.355,2.0484374999999995,0
0.355,2.1203125,0
0.355,2.1921875,0
0.355,2.2640624999999996,0
0.365,-2.2640624999999996,0
0.365,-2.1921874999999997,0
0.365,-2.1203125,0
0.365,-2.0484375,0
0.365,-1.9765624999999998,0
0.365,-1.9046874999999999,0
0.365,-1.8328124999999997,0
0.365,-1.7609374999999998,0
0.365,-1.6890625,0
0.365,-1.6171875,44
0.365,-1.5453124999999999,4211
0.365,-1.4734374999999997,15227
0.365,-1.4015624999999998,27392
0.365,-1.3296875,30220
0.365,-1.2578125,27708
0.365,-1.1859374999999999,27128
0.365,-1.1140625,27502
0.365,-1.0421874999999998,25698
0.365,-0.9703124999999999,26817
0.365,-0.8984375,25580
0.365,-0.8265624999999999,23442
0.365,-0.7546875,22916
0.365,-0.6828125,22647
0.365,-0.6109374999999999,23027
0.365,-0.5390625,24323
0.365,-0.46718749999999987,24155
0.365,-0.39531249999999996,23471
0.365,-0.32343750000000004,22433
0.365,-0.2515624999999999,21194
0.365,-0.1796875,20411
0.365,-0.10781250000000009,21863
0.365,-0.03593750000000018,20403
0.365,0.03593750000000018,19824
0.365,0.10781250000000009,18723
0.365,0.1796875,19679
0.365,0.2515624999999999,19842
0.365,0.3234374999999998,19788
0.365,0.3953125000000002,21214
0.365,0.4671875000000001,21592
0.365,0.5390625,22403
0.365,0.6109374999999999,22204
0.365,0.6828124999999998,22904
0.365,0.7546874999999997,22350
0.365,0.8265625000000001,22610
0.365,0.8984375,23529
0.365,0.9703124999999999,23617
0.365,1.0421874999999998,24352
0.365,1.1140624999999997,24440
0.365,1.1859375,24932
0.365,1.2578125,25984
0.365,1.3296875,28442
0.365,1.4015624999999998,29587
0.365,1.4734374999999997,16146
0.365,1.5453125,4283
0.365,1.6171875,32
0.365,1.6890625,0
0.365,1.7609374999999998,0
0.365,1.8328125000000002,0
0.365,1.9046874999999996,0
0.365,1.9765625,0
0.365,2.0484374999999995,0
0.365,2.1203125,0
0.365,2.1921875,0
0.365,2.2640624999999996,0
0.375,-2.2640624999999996,0
0.375,-2.1921874999999997,0
0.375,-2.1203125,0
0.375,-2.0484375,0
0.375,-1.9765624999999998,0
0.375,-1.9046874999999999,0
0.375,-1.8328124999999997,0
0.375,-1.7609374999999998,0
0.375,-1.6890625,0
0.375,-1.6171875,0
0.375,-1.5453124999999999,653
0.375,-1.4734374999999997,9049
0.375,-1.4015624999999998,22984
0.375,-1.3296875,33233
0.375,-1.2578125,30761
0.375,-1.1859374999999999,30192
0.375,-1.1140625,30178
0.375,-1.0421874999999998,27855
0.375,-0.9703124999999999,29333
0.375,-0.8984375,27980
0.375,-0.8265624999999999,26742
0.375,-0.7546875,25179
0.375,-0.6828125,25023
0.375,-0.6109374999999999,25741
0.375,-0.5390625,26618
0.375,-0.46718749999999987,26306
0.375,-0.39531249999999996,25200
0.375,-0.32343750000000004,24155
0.375,-0.2515624999999999,22967
0.375,-0.1796875,22528
0.375,-0.10781250000000009,23223
0.375,-0.03593750000000018,22805
0.375,0.03593750000000018,21789
0.375,0.10781250000000009,20640
0.375,0.1796875,21698
0.375,0.2515624999999999,21485
0.375,0.3234374999999998,21927
0.375,0.3953125000000002,22636
0.375,0.4671875000000001,24215
0.375,0.5390625,24127
0.375,0.6109374999999999,25183
0.375,0.6828124999999998,25252
0.375,0.7546874999999997,24975
0.375,0.8265625000000001,25077
0.375,0.8984375,25494
0.375,0.9703124999999999,25645
0.375,1.0421874999999998,26535
0.375,1.1140624999999997,27201
0.375,1.1859375,28088
0.375,1.2578125,28128
0.375,1.3296875,31131
0.375,1.4015624999999998,25129
0.375,1.4734374999999997,9474
0.375,1.5453125,591
0.375,1.6171875,0
0.375,1.6890625,0
0.375,1.7609374999999998,0
0.375,1.8328125000000002,0
0.375,1.9046874999999996,0
0.375,1.9765625,0
0.375,2.0484374999999995,0
0.375,2.1203125,0
0.375,2.1921875,0
0.375,2.2640624999999996,0
0.385,-2.2640624999999996,0
0.385,-2.1921874999999997,0
0.385,-2.1203125,0
0.385,-2.0484375,0
0.385,-1.9765624999999998,0
0.385,-1.9046874999999999,0
0.385,-1.8328124999999997,0
0.385,-1.7609374999999998,0
0.385,-1.6890625,0
0.385,-1.6171875,0
0.385,-1.5453124999999999,0
0.385,-1.4734374999999997,3217
0.385,-1.4015624999999998,15999
0.385,-1.3296875,34168
0.385,-1.2578125,34799
0.385,-1.1859374999999999,34023
0.385,-1.1140625,33117
0.385,-1.0421874999999998,30947
0.385,-0.9703124999999999,32066
0.385,-0.8984375,30008
0.385,-0.8265624999999999,30425
0.385,-0.7546875,27833
0.385,-0.6828125,28386
0.385,-0.6109374999999999,28586
0.385,-0.5390625,29620
0.385,-0.46718749999999987,28642
0.385,-0.39531249999999996,27541
0.385,-0.32343750000000004,26241
0.385,-0.2515624999999999,24808
0.385,-0.1796875,24534
0.385,-0.10781250000000009,24421
0.385,-0.03593750000000018,24754
0.385,0.03593750000000018,24177
0.385,0.10781250000000009,23151
0.385,0.1796875,23771
0.385,0.2515624999999999,23427
0.385,0.3234374999999998,23652
0.385,0.3953125000000002,24922
0.385,0.4671875000000001,26184
0.385,0.5390625,26445
0.385,0.6109374999999999,27781
0.385,0.6828124999999998,27804
0.385,0.7546874999999997,27249
0.385,0.8265625000000001,28042
0.385,0.8984375,28127
0.385,0.9703124999999999,28785
0.385,1.0421874999999998,29820
0.385,1.1140624999999997,30216
0.385,1.1859375,31294
0.385,1.2578125,31300
0.385,1.3296875,31190
0.385,1.4015624999999998,17526
0.385,1.4734374999999997,3113
0.385,1.5453125,0
0.385,1.6171875,0
0.385,1.6890625,0
0.385,1.7609374999999998,0
0.385,1.8328125000000002,0
0.385,1.9046874999999996,0
0.385,1.9765625,0
0.385,2.0484374999999995,0
0.385,2.1203125,0
0.385,2.1921875,0
0.385,2.2640624999999996,0
0.395,-2.2640624999999996,0
0.395,-2.1921874999999997,0
0.395,-2.1203125,0
0.395,-2.0484375,0
0.395,-1.9765624999999998,0
0.395,-1.9046874999999999,0
0.395,-1.8328124999999997,0
0.395,-1.7609374999999998,0
0.395,-1.6890625,0
0.395,-1.6171875,0
0.395,-1.5453124999999999,0
0.395,-1.4734374999999997,274
0.395,-1.4015624999999998,9156
0.395,-1.3296875,28161
0.395,-1.2578125,37689
0.395,-1.1859374999999999,36920
0.395,-1.1140625,35807
0.395,-1.0421874999999998,33975
0.395,-0.9703124999999999,34845
0.395,-0.8984375,33362
0.395,-0.8265624999999999,33279
0.395,-0.7546875,30946
0.395,-0.6828125,32038
0.395,-0.6109374999999999,31536
0.395,-0.5390625,31676
0.395,-0.46718749999999987,31161
0.395,-0.39531249999999996,30089
0.395,-0.32343750000000004,28619
0.395,-0.2515624999999999,27374
0.395,-0.1796875,26517
0.395,-0.10781250000000009,26804
0.395,-0.03593750000000018,27113
0.395,0.03593750000000018,26368
0.395,0.10781250000000009,25295
0.395,0.1796875,26041
0.395,0.2515624999999999,25437
0.395,0.3234374999999998,26377
0.395,0.3953125000000002,27523
0.395,0.4671875000000001,28453
0.395,0.5390625,28589
0.395,0.6109374999999999,29791
0.395,0.6828124999999998,30328
0.395,0.7546874999999997,30566
0.395,0.8265625000000001,30716
0.395,0.8984375,31473
0.395,0.9703124999999999,31699
0.395,1.0421874999999998,32669
0.395,1.1140624999999997,33685
0.395,1.1859375,34919
0.395,1.2578125,34923
0.395,1.3296875,25624
0.395,1.4015624999999998,9859
0.395,1.4734374999999997,242
0.395,1.5453125,0
0.395,1.6171875,0
0.395,1.6890625,0
0.395,1.7609374999999998,0
0.395,1.8328125000000002,0
0.395,1.9046874999999996,0
0.395,1.9765625,0
0.395,2.0484374999999995,0
0.395,2.1203125,0
0.395,2.1921875,0
0.395,2.2640624999999996,0
0.405,-2.2640624999999996,0
0.405,-2.1921874999999997,0
0.405,-2.1203125,0
0.405,-2.0484375,0
0.405,-1.9765624999999998,0
0.405,-1.9046874999999999,0
0.405,-1.8328124999999997,0
0.405,-1.7609374999999998,0
0.405,-1.6890625,0
0.405,-1.6171875,0
0.405,-1.5453124999999999,0
0.405,-1.4734374999999997,0
0.405,-1.4015624999999998,2610
0.405,-1.3296875,18920
0.405,-1.2578125,37432
0.405,-1.1859374999999999,40839
0.405,-1.1140625,39664
0.405,-1.0421874999999998,37797
0.405,-0.9703124999999999,38653
0.405,-0.8984375,37155
0.405,-0.8265624999999999,36507
0.405,-0.7546875,34995
0.405,-0.6828125,34764
0.405,-0.6109374999999999,34674
0.405,-0.5390625,33990
0.405,-0.46718749999999987,33677
0.405,-0.39531249999999996,33160
0.405,-0.32343750000000004,31947
0.405,-0.2515624999999999,30285
0.405,-0.1796875,29972
0.405,-0.10781250000000009,29733
0.405,-0.03593750000000018,30107
0.405,0.03593750000000018,28674
0.405,0.10781250000000009,28188
0.405,0.1796875,28610
0.405,0.2515624999999999,28599
0.405,0.3234374999999998,28981
0.405,0.3953125000000002,29057
0.405,0.4671875000000001,31093
0.405,0.5390625,31261
0.405,0.6109374999999999,32626
0.405,0.6828124999999998,33125
0.405,0.7546874999999997,33742
0.405,0.8265625000000001,34212
0.405,0.8984375,35084
0.405,0.9703124999999999,34805
0.405,1.0421874999999998,35712
0.405,1.1140624999999997,37211
0.405,1.1859375,38732
0.405,1.2578125,35686
0.405,1.3296875,17617
0.405,1.4015624999999998,2740
0.405,1.4734374999999997,0
0.405,1.5453125,0
0.405,1.6171875,0
0.405,1.6890625,0
0.405,1.7609374999999998,0
0.405,1.8328125000000002,0
0.405,1.9046874999999996,0
0.405,1.9765625,0
0.405,2.0484374999999995,0
0.405,2.1203125,0
0.405,2.1921875,0
0.405,2.2640624999999996,0
0.415,-2.2640624999999996,0
0.415,-2.1921874999999997,0
0.415,-2.1203125,0
0.415,-2.0484375,0
0.415,-1.9765624999999998,0
0.415,-1.9046874999999999,0
0.415,-1.8328124999999997,0
0.415,-1.7609374999999998,0
0.415,-1.6890625,0
0.415,-1.6171875,0
0.415,-1.5453124999999999,0
0.415,-1.4734374999999997,0
0.415,-1.4015624999999998,160
0.415,-1.3296875,10085
0.415,-1.2578125,31249
0.415,-1.1859374999999999,44474
0.415,-1.1140625,43269
0.415,-1.0421874999999998,42114
0.415,-0.9703124999999999,42123
0.415,-0.8984375,41322
0.415,-0.8265624999999999,40154
0.415,-0.7546875,38617
0.415,-0.6828125,38900
0.415,-0.6109374999999999,37797
0.415,-0.5390625,38142
0.415,-0.46718749999999987,36740
0.415,-0.39531249999999996,36338
0.415,-0.32343750000000004,34747
0.415,-0.2515624999999999,33185
0.415,-0.1796875,32967
0.415,-0.10781250000000009,31926
0.415,-0.03593750000000018,32639
0.415,0.03593750000000018,31765
0.415,0.10781250000000009,31564
0.415,0.1796875,30356
0.415,0.2515624999999999,32208
0.415,0.3234374999999998,32361
0.415,0.3953125000000002,31623
0.415,0.4671875000000001,34813
0.415,0.5390625,34290
0.415,0.6109374999999999,35497
0.415,0.6828124999999998,35661
0.415,0.7546874999999997,37618
0.415,0.8265625000000001,37595
0.415,0.8984375,39098
0.415,0.9703124999999999,37330
0.415,1.0421874999999998,39130
0.415,1.1140624999999997,41302
0.415,1.1859375,42604
0.415,1.2578125,30855
0.415,1.3296875,9649
0.415,1.4015624999999998,137
0.415,1.4734374999999997,0
0.415,1.5453125,0
0.415,1.6171875,0
0.415,1.6890625,0
0.415,1.7609374999999998,0
0.415,1.8328125000000002,0
0.415,1.9046874999999996,0
0.415,1.9765625,0
0.415,2.0484374999999995,0
0.415,2.1203125,0
0.415,2.1921875,0
0.415,2.2640624999999996,0
0.425,-2.2640624999999996,0
0.425,-2.1921874999999997,0
0.425,-2.1203125,0
0.425,-2.0484375,0
0.425,-1.9765624999999998,0
0.425,-1.9046874999999999,0
0.425,-1.8328124999999997,0
0.425,-1.7609374999999998,0
0.425,-1.6890625,0
0.425,-1.6171875,0
0.425,-1.5453124999999999,0
0.425,-1.4734374999999997,0
0.425,-1.4015624999999998,0
0.425,-1.3296875,2947
0.425,-1.2578125,21704
0.425,-1.1859374999999999,44924
0.425,-1.1140625,47422
0.425,-1.0421874999999998,46702
0.425,-0.9703124999999999,45642
0.425,-0.8984375,45032
0.425,-0.8265624999999999,44870
0.425,-0.7546875,42937
0.425,-0.6828125,43633
0.425,-0.6109374999999999,41750
0.425,-0.5390625,42274
0.425,-0.46718749999999987,41341
0.425,-0.39531249999999996,39866
0.425,-0.32343750000000004,37316
0.425,-0.2515624999999999,36759
0.425,-0.1796875,36630
0.425,-0.10781250000000009,35285
0.425,-0.03593750000000018,35500
0.425,0.03593750000000018,35476
0.425,0.10781250000000009,34415
0.425,0.1796875,33186
0.425,0.2515624999999999,34918
0.425,0.3234374999999998,35501
0.425,0.3953125000000002,35612
0.425,0.4671875000000001,38025
0.425,0.5390625,38543
0.425,0.6109374999999999,38935
0.425,0.6828124999999998,39120
0.425,0.7546874999999997,41395
0.425,0.8265625000000001,42234
0.425,0.8984375,42745
0.425,0.9703124999999999,41607
0.425,1.0421874999999998,42790
0.425,1.1140624999999997,45692
0.425,1.1859375,43319
0.425,1.2578125,21509
0.425,1.3296875,2775
0.425,1.4015624999999998,0
0.425,1.4734374999999997,0
0.425,1.5453125,0
0.425,1.6171875,0
0.425,1.6890625,0
0.425,1.7609374999999998,0
0.425,1.8328125000000002,0
0.425,1.9046874999999996,0
0.425,1.9765625,0
0.425,2.0484374999999995,0
0.425,2.1203125,0
0.425,2.1921875,0
0.425,2.2640624999999996,0
0.435,-2.2640624999999996,0
0.435,-2.1921874999999997,0
0.435,-2.1203125,0
0.435,-2.0484375,0
0.435,-1.9765624999999998,0
0.435,-1.9046874999999999,0
0.435,-1.8328124999999997,0
0.435,-1.7609374999999998,0
0.435,-1.6890625,0
0.435,-1.6171875,0
0.435,-1.5453124999999999,0
0.435,-1.4734374999999997,0
0.435,-1.4015624999999998,0
0.435,-1.3296875,172
0.435,-1.2578125,11735
0.435,-1.1859374999999999,38593
0.435,-1.1140625,51975
0.435,-1.0421874999999998,51665
0.435,-0.9703124999999999,50275
0.435,-0.8984375,49421
0.435,-0.8265624999999999,50231
0.435,-0.7546875,47777
0.435,-0.6828125,47197
0.435,-0.6109374999999999,45593
0.435,-0.5390625,45703
0.435,-0.46718749999999987,45154
0.435,-0.39531249999999996,44541
0.435,-0.32343750000000004,41950
0.435,-0.2515624999999999,40426
0.435,-0.1796875,40448
0.435,-0.10781250000000009,38531
0.435,-0.03593750000000018,39302
0.435,0.03593750000000018,38405
0.435,0.10781250000000009,38330
0.435,0.1796875,37111
0.435,0.2515624999999999,38224
0.435,0.3234374999999998,39690
0.435,0.3953125000000002,39971
0.435,0.4671875000000001,40719
0.435,0.5390625,42709
0.435,0.6109374999999999,43046
0.435,0.6828124999999998,43320
0.435,0.7546874999999997,45085
0.435,0.8265625000000001,46244
0.435,0.8984375,46705
0.435,0.9703124999999999,46511
0.435,1.0421874999999998,47781
0.435,1.1140624999999997,50380
0.435,1.1859375,36800
0.435,1.2578125,11367
0.435,1.3296875,178
0.435,1.4015624999999998,0
0.435,1.4734374999999997,0
0.435,1.5453125,0
0.435,1.6171875,0
0.435,1.6890625,0
0.435,1.7609374999999998,0
0.435,1.8328125000000002,0
0.435,1.9046874999999996,0
0.435,1.9765625,0
0.435,2.0484374999999995,0
0.435,2.1203125,0
0.435,2.1921875,0
0.435,2.2640624999999996,0
0.445,-2.2640624999999996,0
0.445,-2.1921874999999997,0
0.445,-2.1203125,0
0.445,-2.0484375,0
0.445,-1.9765624999999998,0
0.445,-1.9046874999999999,0
0.445,-1.8328124999999997,0
0.445,-1.7609374999999998,0
0.445,-1.6890625,0
0.445,-1.6171875,0
0.445,-1.5453124999999999,0
0.445,-1.4734374999999997,0
0.445,-1.4015624999999998,0
0.445,-1.3296875,0
0.445,-1.2578125,3677
0.445,-1.1859374999999999,27956
0.445,-1.1140625,54821
0.445,-1.0421874999999998,57577
0.445,-0.9703124999999999,56241
0.445,-0.8984375,54816
0.445,-0.8265624999999999,55243
0.445,-0.7546875,52722
0.445,-0.6828125,52431
0.445,-0.6109374999999999,50821
0.445,-0.5390625,49669
0.445,-0.46718749999999987,49177
0.445,-0.39531249999999996,48323
0.445,-0.32343750000000004,46251
0.445,-0.2515624999999999,44392
0.445,-0.1796875,43389
0.445,-0.10781250000000009,42579
0.445,-0.03593750000000018,42716
0.445,0.03593750000000018,42074
0.445,0.10781250000000009,41608
0.445,0.1796875,40965
0.445,0.2515624999999999,42238
0.445,0.3234374999999998,43418
0.445,0.3953125000000002,44103
0.445,0.4671875000000001,44799
0.445,0.5390625,46766
0.445,0.6109374999999999,47223
0.445,0.6828124999999998,48325
0.445,0.7546874999999997,48856
0.445,0.8265625000000001,50688
0.445,0.8984375,51490
0.445,0.9703124999999999,51220
0.445,1.0421874999999998,53136
0.445,1.1140624999999997,53173
0.445,1.1859375,26521
0.445,1.2578125,3564
0.445,1.3296875,0
0.445,1.4015624999999998,0
0.445,1.4734374999999997,0
0.445,1.5453125,0
0.445,1.6171875,0
0.445,1.6890625,0
0.445,1.7609374999999998,0
0.445,1.8328125000000002,0
0.445,1.9046874999999996,0
0.445,1.9765625,0
0.445,2.0484374999999995,0
0.445,2.1203125,0
0.445,2.1921875,0
0.445,2.2640624999999996,0
0.455,-2.2640624999999996,0
0.455,-2.1921874999999997,0
0.455,-2.1203125,0
0.455,-2.0484375,0
0.455,-1.9765624999999998,0
0.455,-1.9046874999999999,0
0.455,-1.8328124999999997,0
0.455,-1.7609374999999998,0
0.455,-1.6890625,0
0.455,-1.6171875,0
0.455,-1.5453124999999999,0
0.455,-1.4734374999999997,0
0.455,-1.4015624999999998,0
0.455,-1.3296875,0
0.455,-1.2578125,264
0.455,-1.1859374999999999,16217
0.455,-1.1140625,51140
0.455,-1.0421874999999998,64134
0.455,-0.9703124999999999,62732
0.455,-0.8984375,60750
0.455,-0.8265624999999999,60015
0.455,-0.7546875,57891
0.455,-0.6828125,57911
0.455,-0.6109374999999999,56090
0.455,-0.5390625,55198
0.455,-0.46718749999999987,53758
0.455,-0.39531249999999996,53362
0.455,-0.32343750000000004,50226
0.455,-0.2515624999999999,49357
0.455,-0.1796875,47268
0.455,-0.10781250000000009,46890
0.455,-0.03593750000000018,46361
0.455,0.03593750000000018,45626
0.455,0.10781250000000009,46042
0.455,0.1796875,45508
0.455,0.2515624999999999,46479
0.455,0.3234374999999998,47619
0.455,0.3953125000000002,48261
0.455,0.4671875000000001,49507
0.455,0.5390625,51190
0.455,0.6109374999999999,52404
0.455,0.6828124999999998,53677
0.455,0.7546874999999997,53284
0.455,0.8265625000000001,55503
0.455,0.8984375,56279
0.455,0.9703124999999999,56172
0.455,1.0421874999999998,57878
0.455,1.1140624999999997,48591
0.455,1.1859375,15948
0.455,1.2578125,277
0.455,1.3296875,0
0.455,1.4015624999999998,0
0.455,1.4734374999999997,0
0.455,1.5453125,0
0.455,1.6171875,0
0.455,1.6890625,0
0.455,1.7609374999999998,0
0.455,1.8328125000000002,0
0.455,1.9046874999999996,0
0.455,1.9765625,0
0.455,2.0484374999999995,0
0.455,2.1203125,0
0.455,2.1921875,0
0.455,2.2640624999999996,0
0.465,-2.2640624999999996,0
0.465,-2.1921874999999997,0
0.465,-2.1203125,0
0.465,-2.0484375,0
0.465,-1.9765624999999998,0
0.465,-1.9046874999999999,0
0.465,-1.8328124999999997,0
0.465,-1.7609374999999998,0
0.465,-1.6890625,0
0.465,-1.6171875,0
0.465,-1.5453124999999999,0
0.465,-1.4734374999999997,0
0.465,-1.4015624999999998,0
0.465,-1.3296875,0
0.465,-1.2578125,0
0.465,-1.1859374999999999,5879
0.465,-1.1140625,38557
0.465,-1.0421874999999998,68905
0.465,-0.9703124999999999,69079
0.465,-0.8984375,68054
0.465,-0.8265624999999999,65578
0.465,-0.7546875,63162
0.465,-0.6828125,63398
0.465,-0.6109374999999999,62725
0.465,-0.5390625,61083
0.465,-0.46718749999999987,59022
0.465,-0.39531249999999996,59294
0.465,-0.32343750000000004,55962
0.465,-0.2515624999999999,54902
0.465,-0.1796875,52904
0.465,-0.10781250000000009,52436
0.465,-0.03593750000000018,51615
0.465,0.03593750000000018,50984
0.465,0.10781250000000009,51002
0.465,0.1796875,50073
0.465,0.2515624999999999,52282
0.465,0.3234374999999998,51975
0.465,0.3953125000000002,52324
0.465,0.4671875000000001,54730
0.465,0.5390625,55833
0.465,0.6109374999999999,58327
0.465,0.6828124999999998,58643
0.465,0.7546874999999997,60266
0.465,0.8265625000000001,61174
0.465,0.8984375,61408
0.465,0.9703124999999999,61225
0.465,1.0421874999999998,62725
0.465,1.1140624999999997,35731
0.465,1.1859375,5865
0.465,1.2578125,0
0.465,1.3296875,0
0.465,1.4015624999999998,0
0.465,1.4734374999999997,0
0.465,1.5453125,0
0.465,1.6171875,0
0.465,1.6890625,0
0.465,1.7609374999999998,0
0.465,1.8328125000000002,0
0.465,1.9046874999999996,0
0.465,1.9765625,0
0.465,2.0484374999999995,0
0.465,2.1203125,0
0.465,2.1921875,0
0.465,2.2640624999999996,0
0.475,-2.2640624999999996,0
0.475,-2.1921874999999997,0
0.475,-2.1203125,0
0.475,-2.0484375,0
0.475,-1.9765624999999998,0
0.475,-1.9046874999999999,0
0.475,-1.8328124999999997,0
0.475,-1.7609374999999998,0
0.475,-1.6890625,0
0.475,-1.6171875,0
0.475,-1.5453124999999999,0
0.475,-1.4734374999999997,0
0.475,-1.4015624999999998,0
0.475,-1.3296875,0
0.475,-1.2578125,0
0.475,-1.1859374999999999,690
0.475,-1.1140625,24489
0.475,-1.0421874999999998,66486
0.475,-0.9703124999999999,75791
0.475,-0.8984375,75234
0.475,-0.8265624999999999,72986
0.475,-0.7546875,69157
0.475,-0.6828125,70241
0.475,-0.6109374999999999,69822
0.475,-0.5390625,66979
0.475,-0.46718749999999987,65203
0.475,-0.39531249999999996,64719
0.475,-0.32343750000000004,61507
0.475,-0.2515624999999999,60876
0.475,-0.1796875,58446
0.475,-0.10781250000000009,58238
0.475,-0.03593750000000018,56187
0.475,0.03593750000000018,57237
0.475,0.10781250000000009,56120
0.475,0.1796875,55962
0.475,0.2515624999999999,58344
0.475,0.3234374999999998,57359
0.475,0.3953125000000002,57449
0.475,0.4671875000000001,59761
0.475,0.5390625,62195
0.475,0.6109374999999999,64229
0.475,0.6828124999999998,65347
0.475,0.7546874999999997,66741
0.475,0.8265625000000001,67451
0.475,0.8984375,68657
0.475,0.9703124999999999,67716
0.475,1.0421874999999998,60001
0.475,1.1140624999999997,21862
0.475,1.1859375,716
0.475,1.2578125,0
0.475,1.3296875,0
0.475,1.4015624999999998,0
0.475,1.4734374999999997,0
0.475,1.5453125,0
0.475,1.6171875,0
0.475,1.6890625,0
0.475,1.7609374999999998,0
0.475,1.8328125000000002,0
0.475,1.9046874999999996,0
0.475,1.9765625,0
0.475,2.0484374999999995,0
0.475,2.1203125,0
0.475,2.1921875,0
0.475,2.2640624999999996,0
0.485,-2.2640624999999996,0
0.485,-2.1921874999999997,0
0.485,-2.1203125,0
0.485,-2.0484375,0
0.485,-1.9765624999999998,0
0.485,-1.9046874999999999,0
0.485,-1.8328124999999997,0
0.485,-1.7609374999999998,0
0.485,-1.6890625,0
0.485,-1.6171875,0
0.485,-1.5453124999999999,0
0.485,-1.4734374999999997,0
0.485,-1.4015624999999998,0
0.485,-1.3296875,0
0.485,-1.2578125,0
0.485,-1.1859374999999999,2
0.485,-1.1140625,10338
0.485,-1.0421874999999998,52849
0.485,-0.9703124999999999,83103
0.485,-0.8984375,82376
0.485,-0.8265624999999999,80298
0.485,-0.7546875,76796
0.485,-0.6828125,78392
0.485,-0.6109374999999999,76541
0.485,-0.5390625,74147
0.485,-0.46718749999999987,71676
0.485,-0.39531249999999996,70087
0.485,-0.32343750000000004,67045
0.485,-0.2515624999999999,67241
0.485,-0.1796875,64400
0.485,-0.10781250000000009,64149
0.485,-0.03593750000000018,62219
0.485,0.03593750000000018,62490
0.485,0.10781250000000009,62797
0.485,0.1796875,62882
0.485,0.2515624999999999,64114
0.485,0.3234374999999998,64045
0.485,0.3953125000000002,64358
0.485,0.4671875000000001,65926
0.485,0.5390625,68354
0.485,0.6109374999999999,71232
0.485,0.6828124999999998,71354
0.485,0.7546874999999997,72660
0.485,0.8265625000000001,74008
0.485,0.8984375,74711
0.485,0.9703124999999999,74735
0.485,1.0421874999999998,46414
0.485,1.1140624999999997,9265
0.485,1.1859375,0
0.485,1.2578125,0
0.485,1.3296875,0
0.485,1.4015624999999998,0
0.485,1.4734374999999997,0
0.485,1.5453125,0
0.485,1.6171875,0
0.485,1.6890625,0
0.485,1.7609374999999998,0
0.485,1.8328125000000002,0
0.485,1.9046874999999996,0
0.485,1.9765625,0
0.485,2.0484374999999995,0
0.485,2.1203125,0
0.485,2.1921875,0
0.485,2.2640624999999996,0
0.495,-2.2640624999999996,0
0.495,-2.1921874999999997,0
0.495,-2.1203125,0
0.495,-2.0484375,0
0.495,-1.9765624999999998,0
0.495,-1.9046874999999999,0
0.495,-1.8328124999999997,0
0.495,-1.7609374999999998,0
0.495,-1.6890625,0
0.495,-1.6171875,0
0.495,-1.5453124999999999,0
0.495,-1.4734374999999997,0
0.495,-1.4015624999999998,0
0.495,-1.3296875,0
0.495,-1.2578125,0
0.495,-1.1859374999999999,0
0.495,-1.1140625,1937
0.495,-1.0421874999999998,35104
0.495,-0.9703124999999999,82308
0.495,-0.8984375,92118
0.495,-0.8265624999999999,90310
0.495,-0.7546875,84910
0.495,-0.6828125,86446
0.495,-0.6109374999999999,84491
0.495,-0.5390625,80409
0.495,-0.46718749999999987,78756
0.495,-0.39531249999999996,76385
0.495,-0.32343750000000004,74019
0.495,-0.2515624999999999,75462
0.495,-0.1796875,71131
0.495,-0.10781250000000009,71770
0.495,-0.03593750000000018,69131
0.495,0.03593750000000018,69525
0.495,0.10781250000000009,68622
0.495,0.1796875,70110
0.495,0.2515624999999999,70101
0.495,0.3234374999999998,69916
0.495,0.3953125000000002,71339
0.495,0.4671875000000001,72585
0.495,0.5390625,75157
0.495,0.6109374999999999,78856
0.495,0.6828124999999998,77749
0.495,0.7546874999999997,79747
0.495,0.8265625000000001,81655
0.495,0.8984375,82775
0.495,0.9703124999999999,73431
0.495,1.0421874999999998,31480
0.495,1.1140624999999997,1771
0.495,1.1859375,0
0.495,1.2578125,0
0.495,1.3296875,0
0.495,1.4015624999999998,0
0.495,1.4734374999999997,0
0.495,1.5453125,0
0.495,1.6171875,0
0.495,1.6890625,0
0.495,1.7609374999999998,0
0.495,1.8328125000000002,0
0.495,1.9046874999999996,0
0.495,1.9765625,0
0.495,2.0484374999999995,0
0.495,2.1203125,0
0.495,2.1921875,0
0.495,2.2640624999999996,0
0.505,-2.2640624999999996,0
0.505,-2.1921874999999997,0
0.505,-2.1203125,0
0.505,-2.0484375,0
0.505,-1.9765624999999998,0
0.505,-1.9046874999999999,0
0.505,-1.8328124999999997,0
0.505,-1.7609374999999998,0
0.505,-1.6890625,0
0.505,-1.6171875,0
0.505,-1.5453124999999999,0
0.505,-1.4734374999999997,0
0.505,-1.4015624999999998,0
0.505,-1.3296875,0
0.505,-1.2578125,0
0.505,-1.1859374999999999,0
0.505,-1.1140625,27
0.505,-1.0421874999999998,16963
0.505,-0.9703124999999999,68096
0.505,-0.8984375,101583
0.505,-0.8265624999999999,98900
0.505,-0.7546875,94826
0.505,-0.6828125,95724
0.505,-0.6109374999999999,92322
0.505,-0.5390625,88248
0.505,-0.46718749999999987,85990
0.505,-0.39531249999999996,83569
0.505,-0.32343750000000004,81892
0.505,-0.2515624999999999,82094
0.505,-0.1796875,78828
0.505,-0.10781250000000009,80031
0.505,-0.03593750000000018,75749
0.505,0.03593750000000018,77681
0.505,0.10781250000000009,76479
0.505,0.1796875,77113
0.505,0.2515624999999999,76182
0.505,0.3234374999999998,76531
0.505,0.3953125000000002,78624
0.505,0.4671875000000001,80066
0.505,0.5390625,83329
0.505,0.6109374999999999,86729
0.505,0.6828124999999998,86421
0.505,0.7546874999999997,88558
0.505,0.8265625000000001,91283
0.505,0.8984375,90646
0.505,0.9703124999999999,59935
0.505,1.0421874999999998,15252
0.505,1.1140624999999997,12
0.505,1.1859375,0
0.505,1.2578125,0
0.505,1.3296875,0
0.505,1.4015624999999998,0
0.505,1.4734374999999997,0
0.505,1.5453125,0
0.505,1.6171875,0
0.505,1.6890625,0
0.505,1.7609374999999998,0
0.505,1.8328125000000002,0
0.505,1.9046874999999996,0
0.505,1.9765625,0
0.505,2.0484374999999995,0
0.505,2.1203125,0
0.505,2.1921875,0
0.505,2.2640624999999996,0
0.515,-2.2640624999999996,0
0.515,-2.1921874999999997,0
0.515,-2.1203125,0
0.515,-2.0484375,0
0.515,-1.9765624999999998,0
0.515,-1.9046874999999999,0
0.515,-1.8328124999999997,0
0.515,-1.7609374999999998,0
0.515,-1.6890625,0
0.515,-1.6171875,0
0.515,-1.5453124999999999,0
0.515,-1.4734374999999997,0
0.515,-1.4015624999999998,0
0.515,-1.3296875,0
0.515,-1.2578125,0
0.515,-1.1859374999999999,0
0.515,-1.1140625,0
0.515,-1.0421874999999998,4296
0.515,-0.9703124999999999,46303
0.515,-0.8984375,101447
0.515,-0.8265624999999999,109593
0.515,-0.7546875,105177
0.515,-0.6828125,104647
0.515,-0.6109374999999999,103161
0.515,-0.5390625,98641
0.515,-0.46718749999999987,94968
0.515,-0.39531249999999996,91742
0.515,-0.32343750000000004,90782
0.515,-0.2515624999999999,90257
0.515,-0.1796875,86693
0.515,-0.10781250000000009,87509
0.515,-0.03593750000000018,83977
0.515,0.03593750000000018,86052
0.515,0.10781250000000009,86099
0.515,0.1796875,84365
0.515,0.2515624999999999,84753
0.515,0.3234374999999998,84318
0.515,0.3953125000000002,86087
0.515,0.4671875000000001,86746
0.515,0.5390625,90969
0.515,0.6109374999999999,93095
0.515,0.6828124999999998,96467
0.515,0.7546874999999997,97562
0.515,0.8265625000000001,99664
0.515,0.8984375,91360
0.515,0.9703124999999999,40246
0.515,1.0421874999999998,3546
0.515,1.1140624999999997,0
0.515,1.1859375,0
0.515,1.2578125,0
0.515,1.3296875,0
0.515,1.4015624999999998,0
0.515,1.4734374999999997,0
0.515,1.5453125,0
0.515,1.6171875,0
0.515,1.6890625,0
0.515,1.7609374999999998,0
0.515,1.8328125000000002,0
0.515,1.9046874999999996,0
0.515,1.9765625,0
0.515,2.0484374999999995,0
0.515,2.1203125,0
0.515,2.1921875,0
0.515,2.2640624999999996,0
0.525,-2.2640624999999996,0
0.525,-2.1921874999999997,0
0.525,-2.1203125,0
0.525,-2.0484375,0
0.525,-1.9765624999999998,0
0.525,-1.9046874999999999,0
0.525,-1.8328124999999997,0
0.525,-1.7609374999999998,0
0.525,-1.6890625,0
0.525,-1.6171875,0
0.525,-1.5453124999999999,0
0.525,-1.4734374999999997,0
0.525,-1.4015624999999998,0
0.525,-1.3296875,0
0.525,-1.2578125,0
0.525,-1.1859374999999999,0
0.525,-1.1140625,0
0.525,-1.0421874999999998,135
0.525,-0.9703124999999999,24307
0.525,-0.8984375,85310
0.525,-0.8265624999999999,121481
0.525,-0.7546875,117533
0.525,-0.6828125,115971
0.525,-0.6109374999999999,114331
0.525,-0.5390625,109771
0.525,-0.46718749999999987,104740
0.525,-0.39531249999999996,100976
0.525,-0.32343750000000004,100647
0.525,-0.2515624999999999,99805
0.525,-0.1796875,94511
0.525,-0.10781250000000009,95002
0.525,-0.03593750000000018,93666
0.525,0.03593750000000018,94872
0.525,0.10781250000000009,94418
0.525,0.1796875,93380
0.525,0.2515624999999999,93640
0.525,0.3234374999999998,93236
0.525,0.3953125000000002,95441
0.525,0.4671875000000001,95903
0.525,0.5390625,99257
0.525,0.6109374999999999,102752
0.525,0.6828124999999998,106712
0.525,0.7546874999999997,108120
0.525,0.8265625000000001,108053
0.525,0.8984375,77130
0.525,0.9703124999999999,21353
0.525,1.0421874999999998,117
0.525,1.1140624999999997,0
0.525,1.1859375,0
0.525,1.2578125,0
0.525,1.3296875,0
0.525,1.4015624999999998,0
0.525,1.4734374999999997,0
0.525,1.5453125,0
0.525,1.6171875,0
0.525,1.6890625,0
0.525,1.7609374999999998,0
0.525,1.8328125000000002,0
0.525,1.9046874999999996,0
0.525,1.9765625,0
0.525,2.0484374999999995,0
0.525,2.1203125,0
0.525,2.1921875,0
0.525,2.2640624999999996,0
0.535,-2.2640624999999996,0
0.535,-2.1921874999999997,0
0.535,-2.1203125,0
0.535,-2.0484375,0
0.535,-1.9765624999999998,0
0.535,-1.9046874999999999,0
0.535,-1.8328124999999997,0
0.535,-1.7609374999999998,0
0.535,-1.6890625,0
0.535,-1.6171875,0
0.535,-1.5453124999999999,0
0.535,-1.4734374999999997,0
0.535,-1.4015624999999998,0
0.535,-1.3296875,0
0.535,-1.2578125,0
0.535,-1.1859374999999999,0
0.535,-1.1140625,0
0.535,-1.0421874999999998,0
0.535,-0.9703124999999999,6833
0.535,-0.8984375,59153
0.535,-0.8265624999999999,122538
0.535,-0.7546875,130778
0.535,-0.6828125,128166
0.535,-0.6109374999999999,127209
0.535,-0.5390625,120101
0.535,-0.46718749999999987,117369
0.535,-0.39531249999999996,111982
0.535,-0.32343750000000004,111231
0.535,-0.2515624999999999,109367
0.535,-0.1796875,105109
0.535,-0.10781250000000009,104493
0.535,-0.03593750000000018,104054
0.535,0.03593750000000018,104605
0.535,0.10781250000000009,104652
0.535,0.1796875,102654
0.535,0.2515624999999999,103231
0.535,0.3234374999999998,102481
0.535,0.3953125000000002,105232
0.535,0.4671875000000001,105552
0.535,0.5390625,110791
0.535,0.6109374999999999,113858
0.535,0.6828124999999998,117874
0.535,0.7546874999999997,119484
0.535,0.8265625000000001,108052
0.535,0.8984375,53327
0.535,0.9703124999999999,6587
0.535,1.0421874999999998,0
0.535,1.1140624999999997,0
0.535,1.1859375,0
0.535,1.2578125,0
0.535,1.3296875,0
0.535,1.4015624999999998,0
0.535,1.4734374999999997,0
0.535,1.5453125,0
0.535,1.6171875,0
0.535,1.6890625,0
0.535,1.7609374999999998,0
0.535,1.8328125000000002,0
0.535,1.9046874999999996,0
0.535,1.9765625,0
0.535,2.0484374999999995,0
0.535,2.1203125,0
0.535,2.1921875,0
0.535,2.2640624999999996,0
0.545,-2.2640624999999996,0
0.545,-2.1921874999999997,0
0.545,-2.1203125,0
0.545,-2.0484375,0
0.545,-1.9765624999999998,0
0.545,-1.9046874999999999,0
0.545,-1.8328124999999997,0
0.545,-1.7609374999999998,0
0.545,-1.6890625,0
0.545,-1.6171875,0
0.545,-1.5453124999999999,0
0.545,-1.4734374999999997,0
0.545,-1.4015624999999998,0
0.545,-1.3296875,0
0.545,-1.2578125,0
0.545,-1.1859374999999999,0
0.545,-1.1140625,0
0.545,-1.0421874999999998,0
0.545,-0.9703124999999999,371
0.545,-0.8984375,31126
0.545,-0.8265624999999999,98914
0.545,-0.7546875,143418
0.545,-0.6828125,141454
0.545,-0.6109374999999999,140595
0.545,-0.5390625,132674
0.545,-0.46718749999999987,129315
0.545,-0.39531249999999996,124008
0.545,-0.32343750000000004,122120
0.545,-0.2515624999999999,120342
0.545,-0.1796875,116951
0.545,-0.10781250000000009,114308
0.545,-0.03593750000000018,114053
0.545,0.03593750000000018,115328
0.545,0.10781250000000009,114525
0.545,0.1796875,114344
0.545,0.2515624999999999,114191
0.545,0.3234374999999998,113836
0.545,0.3953125000000002,115615
0.545,0.4671875000000001,116165
0.545,0.5390625,122438
0.545,0.6109374999999999,125612
0.545,0.6828124999999998,128602
0.545,0.7546874999999997,130382
0.545,0.8265625000000001,88527
0.545,0.8984375,28509
0.545,0.9703124999999999,334
0.545,1.0421874999999998,0
0.545,1.1140624999999997,0
0.545,1.1859375,0
0.545,1.2578125,0
0.545,1.3296875,0
0.545,1.4015624999999998,0
0.545,1.4734374999999997,0
0.545,1.5453125,0
0.545,1.6171875,0
0.545,1.6890625,0
0.545,1.7609374999999998,0
0.545,1.8328125000000002,0
0.545,1.9046874999999996,0
0.545,1.9765625,0
0.545,2.0484374999999995,0
0.545,2.1203125,0
0.545,2.1921875,0
0.545,2.2640624999999996,0
0.555,-2.2640624999999996,0
0.555,-2.1921874999999997,0
0.555,-2.1203125,0
0.555,-2.0484375,0
0.555,-1.9765624999999998,0
0.555,-1.9046874999999999,0
0.555,-1.8328124999999997,0
0.555,-1.7609374999999998,0
0.555,-1.6890625,0
0.555,-1.6171875,0
0.555,-1.5453124999999999,0
0.555,-1.4734374999999997,0
0.555,-1.4015624999999998,0
0.555,-1.3296875,0
0.555,-1.2578125,0
0.555,-1.1859374999999999,0
0.555,-1.1140625,0
0.555,-1.0421874999999998,0
0.555,-0.9703124999999999,0
0.555,-0.8984375,8888
0.555,-0.8265624999999999,67055
0.555,-0.7546875,139334
0.555,-0.6828125,156635
0.555,-0.6109374999999999,154562
0.555,-0.5390625,146836
0.555,-0.46718749999999987,142576
0.555,-0.39531249999999996,137261
0.555,-0.32343750000000004,133743
0.555,-0.2515624999999999,133112
0.555,-0.1796875,129932
0.555,-0.10781250000000009,126198
0.555,-0.03593750000000018,126393
0.555,0.03593750000000018,126971
0.555,0.10781250000000009,126219
0.555,0.1796875,126603
0.555,0.2515624999999999,125170
0.555,0.3234374999999998,125156
0.555,0.3953125000000002,128565
0.555,0.4671875000000001,128511
0.555,0.5390625,135280
0.555,0.6109374999999999,138772
0.555,0.6828124999999998,140503
0.555,0.7546874999999997,125804
0.555,0.8265625000000001,59981
0.555,0.8984375,7963
0.555,0.9703124999999999,0
0.555,1.0421874999999998,0
0.555,1.1140624999999997,0
0.555,1.1859375,0
0.555,1.2578125,0
0.555,1.3296875,0
0.555,1.4015624999999998,0
0.555,1.4734374999999997,0
0.555,1.5453125,0
0.555,1.6171875,0
0.555,1.6890625,0
0.555,1.7609374999999998,0
0.555,1.8328125000000002,0
0.555,1.9046874999999996,0
0.555,1.9765625,0
0.555,2.0484374999999995,0
0.555,2.1203125,0
0.555,2.1921875,0
0.555,2.2640624999999996,0
0.565,-2.2640624999999996,0
0.565,-2.1921874999999997,0
0.565,-2.1203125,0
0.565,-2.0484375,0
0.565,-1.9765624999999998,0
0.565,-1.9046874999999999,0
0.565,-1.8328124999999997,0
0.565,-1.7609374999999998,0
0.565,-1.6890625,0
0.565,-1.6171875,0
0.565,-1.5453124999999999,0
0.565,-1.4734374999999997,0
0.565,-1.4015624999999998,0
0.565,-1.3296875,0
0.565,-1.2578125,0
0.565,-1.1859374999999999,0
0.565,-1.1140625,0
0.565,-1.0421874999999998,0
0.565,-0.9703124999999999,0
0.565,-0.8984375,478
0.565,-0.8265624999999999,34759
0.565,-0.7546875,107290
0.565,-0.6828125,169538
0.565,-0.6109374999999999,170821
0.565,-0.5390625,165135
0.565,-0.46718749999999987,157377
0.565,-0.39531249999999996,151445
0.565,-0.32343750000000004,147565
0.565,-0.2515624999999999,147078
0.565,-0.1796875,144811
0.565,-0.10781250000000009,140316
0.565,-0.03593750000000018,139217
0.565,0.03593750000000018,139852
0.565,0.10781250000000009,138913
0.565,0.1796875,139781
0.565,0.2515624999999999,138544
0.565,0.3234374999999998,138886
0.565,0.3953125000000002,142259
0.565,0.4671875000000001,141733
0.565,0.5390625,148730
0.565,0.6109374999999999,151611
0.565,0.6828124999999998,151648
0.565,0.7546874999999997,99132
0.565,0.8265625000000001,30846
0.565,0.8984375,427
0.565,0.9703124999999999,0
0.565,1.0421874999999998,0
0.565,1.1140624999999997,0
0.565,1.1859375,0
0.565,1.2578125,0
0.565,1.3296875,0
0.565,1.4015624999999998,0
0.565,1.4734374999999997,0
0.565,1.5453125,0
0.565,1.6171875,0
0.565,1.6890625,0
0.565,1.7609374999999998,0
0.565,1.8328125000000002,0
0.565,1.9046874999999996,0
0.565,1.9765625,0
0.565,2.0484374999999995,0
0.565,2.1203125,0
0.565,2.1921875,0
0.565,2.2640624999999996,0
0.575,-2.2640624999999996,0
0.575,-2.1921874999999997,0
0.575,-2.1203125,0
0.575,-2.0484375,0
0.575,-1.9765624999999998,0
0.575,-1.9046874999999999,0
0.575,-1.8328124999999997,0
0.575,-1.7609374999999998,0
0.575,-1.6890625,0
0.575,-1.6171875,0
0.575,-1.5453124999999999,0
0.575,-1.4734374999999997,0
0.575,-1.4015624999999998,0
0.575,-1.3296875,0
0.575,-1.2578125,0
0.575,-1.1859374999999999,0
0.575,-1.1140625,0
0.575,-1.0421874999999998,0
0.575,-0.9703124999999999,0
0.575,-0.8984375,1
0.575,-0.8265624999999999,8743
0.575,-0.7546875,71446
0.575,-0.6828125,154340
0.575,-0.6109374999999999,188716
0.575,-0.5390625,181027
0.575,-0.46718749999999987,173227
0.575,-0.39531249999999996,166483
0.575,-0.32343750000000004,165389
0.575,-0.2515624999999999,161949
0.575,-0.1796875,159745
0.575,-0.10781250000000009,154823
0.575,-0.03593750000000018,154657
0.575,0.03593750000000018,154744
0.575,0.10781250000000009,152081
0.575,0.1796875,154001
0.575,0.2515624999999999,153607
0.575,0.3234374999999998,154076
0.575,0.3953125000000002,157525
0.575,0.4671875000000001,156452
0.575,0.5390625,164004
0.575,0.6109374999999999,167343
0.575,0.6828124999999998,137562
0.575,0.7546874999999997,64656
0.575,0.8265625000000001,7665
0.575,0.8984375,0
0.575,0.9703124999999999,0
0.575,1.0421874999999998,0
0.575,1.1140624999999997,0
0.575,1.1859375,0
0.575,1.2578125,0
0.575,1.3296875,0
0.575,1.4015624999999998,0
0.575,1.4734374999999997,0
0.575,1.5453125,0
0.575,1.6171875,0
0.575,1.6890625,0
0.575,1.7609374999999998,0
0.575,1.8328125000000002,0
0.575,1.9046874999999996,0
0.575,1.9765625,0
0.575,2.0484374999999995,0
0.575,2.1203125,0
0.575,2.1921875,0
0.575,2.2640624999999996,0
0.585,-2.2640624999999996,0
0.585,-2.1921874999999997,0
0.585,-2.1203125,0
0.585,-2.0484375,0
0.585,-1.9765624999999998,0
0.585,-1.9046874999999999,0
0.585,-1.8328124999999997,0
0.585,-1.7609374999999998,0
0.585,-1.6890625,0
0.585,-1.6171875,0
0.585,-1.5453124999999999,0
0.585,-1.4734374999999997,0
0.585,-1.4015624999999998,0
0.585,-1.3296875,0
0.585,-1.2578125,0
0.585,-1.1859374999999999,0
0.585,-1.1140625,0
0.585,-1.0421874999999998,0
0.585,-0.9703124999999999,0
0.585,-0.8984375,0
0.585,-0.8265624999999999,248
0.585,-0.7546875,33527
0.585,-0.6828125,113217
0.585,-0.6109374999999999,195540
0.585,-0.5390625,200714
0.585,-0.46718749999999987,191818
0.585,-0.39531249999999996,182945
0.585,-0.32343750000000004,180168
0.585,-0.2515624999999999,179112
0.585,-0.1796875,175589
0.585,-0.10781250000000009,170584
0.585,-0.03593750000000018,169741
0.585,0.03593750000000018,169118
0.585,0.10781250000000009,169655
0.585,0.1796875,170579
0.585,0.2515624999999999,170355
0.585,0.3234374999999998,170069
0.585,0.3953125000000002,172652
0.585,0.4671875000000001,173861
0.585,0.5390625,179472
0.585,0.6109374999999999,174673
0.585,0.6828124999999998,100603
0.585,0.7546874999999997,29725
0.585,0.8265625000000001,222
0.585,0.8984375,0
0.585,0.9703124999999999,0
0.585,1.0421874999999998,0
0.585,1.1140624999999997,0
0.585,1.1859375,0
0.585,1.2578125,0
0.585,1.3296875,0
0.585,1.4015624999999998,0
0.585,1.4734374999999997,0
0.585,1.5453125,0
0.585,1.6171875,0
0.585,1.6890625,0
0.585,1.7609374999999998,0
0.585,1.8328125000000002,0
0.585,1.9046874999999996,0
0.585,1.9765625,0
0.585,2.0484374999999995,0
0.585,2.1203125,0
0.585,2.1921875,0
0.585,2.2640624999999996,0
0.595,-2.2640624999999996,0
0.595,-2.1921874999999997,0
0.595,-2.1203125,0
0.595,-2.0484375,0
0.595,-1.9765624999999998,0
0.595,-1.9046874999999999,0
0.595,-1.8328124999999997,0
0.595,-1.7609374999999998,0
0.595,-1.6890625,0
0.595,-1.6171875,0
0.595,-1.5453124999999999,0
0.595,-1.4734374999999997,0
0.595,-1.4015624999999998,0
0.595,-1.3296875,0
0.595,-1.2578125,0
0.595,-1.1859374999999999,0
0.595,-1.1140625,0
0.595,-1.0421874999999998,0
0.595,-0.9703124999999999,0
0.595,-0.8984375,0
0.595,-0.8265624999999999,0
0.595,-0.7546875,6077
0.595,-0.6828125,69452
0.595,-0.6109374999999999,161950
0.595,-0.5390625,218422
0.595,-0.46718749999999987,212002
0.595,-0.39531249999999996,202669
0.595,-0.32343750000000004,198274
0.595,-0.2515624999999999,197349
0.595,-0.1796875,192101
0.595,-0.10781250000000009,189620
0.595,-0.03593750000000018,187542
0.595,0.03593750000000018,186539
0.595,0.10781250000000009,186646
0.595,0.1796875,188797
0.595,0.2515624999999999,188121
0.595,0.3234374999999998,188020
0.595,0.3953125000000002,189825
0.595,0.4671875000000001,190945
0.595,0.5390625,196579
0.595,0.6109374999999999,147366
0.595,0.6828124999999998,62051
0.595,0.7546874999999997,5328
0.595,0.8265625000000001,0
0.595,0.8984375,0
0.595,0.9703124999999999,0
0.595,1.0421874999999998,0
0.595,1.1140624999999997,0
0.595,1.1859375,0
0.595,1.2578125,0
0.595,1.3296875,0
0.595,1.4015624999999998,0
0.595,1.4734374999999997,0
0.595,1.5453125,0
0.595,1.6171875,0
0.595,1.6890625,0
0.595,1.7609374999999998,0
0.595,1.8328125000000002,0
0.595,1.9046874999999996,0
0.595,1.9765625,0
0.595,2.0484374999999995,0
0.595,2.1203125,0
0.595,2.1921875,0
0.595,2.2640624999999996,0
0.605,-2.2640624999999996,0
0.605,-2.1921874999999997,0
0.605,-2.1203125,0
0.605,-2.0484375,0
0.605,-1.9765624999999998,0
0.605,-1.9046874999999999,0
0.605,-1.8328124999999997,0
0.605,-1.7609374999999998,0
0.605,-1.6890625,0
0.605,-1.6171875,0
0.605,-1.5453124999999999,0
0.605,-1.4734374999999997,0
0.605,-1.4015624999999998,0
0.605,-1.3296875,0
0.605,-1.2578125,0
0.605,-1.1859374999999999,0
0.605,-1.1140625,0
0.605,-1.0421874999999998,0
0.605,-0.9703124999999999,0
0.605,-0.8984375,0
0.605,-0.8265624999999999,0
0.605,-0.7546875,38
0.605,-0.6828125,25869
0.605,-0.6109374999999999,112383
0.605,-0.5390625,208308
0.605,-0.46718749999999987,233407
0.605,-0.39531249999999996,224472
0.605,-0.32343750000000004,219352
0.605,-0.2515624999999999,217156
0.605,-0.1796875,213996
0.605,-0.10781250000000009,209309
0.605,-0.03593750000000018,207938
0.605,0.03593750000000018,205183
0.605,0.10781250000000009,205630
0.605,0.1796875,206842
0.605,0.2515624999999999,208445
0.605,0.3234374999999998,206137
0.605,0.3953125000000002,209067
0.605,0.4671875000000001,211347
0.605,0.5390625,187263
0.605,0.6109374999999999,101118
0.605,0.6828124999999998,22897
0.605,0.7546874999999997,33
0.605,0.8265625000000001,0
0.605,0.8984375,0
0.605,0.9703124999999999,0
0.605,1.0421874999999998,0
0.605,1.1140624999999997,0
0.605,1.1859375,0
0.605,1.2578125,0
0.605,1.3296875,0
0.605,1.4015624999999998,0
0.605,1.4734374999999997,0
0.605,1.5453125,0
0.605,1.6171875,0
0.605,1.6890625,0
0.605,1.7609374999999998,0
0.605,1.8328125000000002,0
0.605,1.9046874999999996,0
0.605,1.9765625,0
0.605,2.0484374999999995,0
0.605,2.1203125,0
0.605,2.1921875,0
0.605,2.2640624999999996,0
0.615,-2.2640624999999996,0
0.615,-2.1921874999999997,0
0.615,-2.1203125,0
0.615,-2.0484375,0
0.615,-1.9765624999999998,0
0.615,-1.9046874999999999,0
0.615,-1.8328124999999997,0
0.615,-1.7609374999999998,0
0.615,-1.6890625,0
0.615,-1.6171875,0
0.615,-1.5453124999999999,0
0.615,-1.4734374999999997,0
0.615,-1.4015624999999998,0
0.615,-1.3296875,0
0.615,-1.2578125,0
0.615,-1.1859374999999999,0
0.615,-1.1140625,0
0.615,-1.0421874999999998,0
0.615,-0.9703124999999999,0
0.615,-0.8984375,0
0.615,-0.8265624999999999,0
0.615,-0.7546875,0
0.615,-0.6828125,2432
0.615,-0.6109374999999999,59764
0.615,-0.5390625,156911
0.615,-0.46718749999999987,244275
0.615,-0.39531249999999996,248167
0.615,-0.32343750000000004,242417
0.615,-0.2515624999999999,240814
0.615,-0.1796875,235498
0.615,-0.10781250000000009,232607
0.615,-0.03593750000000018,228846
0.615,0.03593750000000018,225556
0.615,0.10781250000000009,227533
0.615,0.1796875,225456
0.615,0.2515624999999999,230290
0.615,0.3234374999999998,229175
0.615,0.3953125000000002,229450
0.615,0.4671875000000001,223938
0.615,0.5390625,140878
0.615,0.6109374999999999,54171
0.615,0.6828124999999998,2110
0.615,0.7546874999999997,0
0.615,0.8265625000000001,0
0.615,0.8984375,0
0.615,0.9703124999999999,0
0.615,1.0421874999999998,0
0.615,1.1140624999999997,0
0.615,1.1859375,0
0.615,1.2578125,0
0.615,1.3296875,0
0.615,1.4015624999999998,0
0.615,1.4734374999999997,0
0.615,1.5453125,0
0.615,1.6171875,0
0.615,1.6890625,0
0.615,1.7609374999999998,0
0.615,1.8328125000000002,0
0.615,1.9046874999999996,0
0.615,1.9765625,0
0.615,2.0484374999999995,0
0.615,2.1203125,0
0.615,2.1921875,0
0.615,2.2640624999999996,0
0.625,-2.2640624999999996,0
0.625,-2.1921874999999997,0
0.625,-2.1203125,0
0.625,-2.0484375,0
0.625,-1.9765624999999998,0
0.625,-1.9046874999999999,0
0.625,-1.8328124999999997,0
0.625,-1.7609374999999998,0
0.625,-1.6890625,0
0.625,-1.6171875,0
0.625,-1.5453124999999999,0
0.625,-1.4734374999999997,0
0.625,-1.4015624999999998,0
0.625,-1.3296875,0
0.625,-1.2578125,0
0.625,-1.1859374999999999,0
0.625,-1.1140625,0
0.625,-1.0421874999999998,0
0.625,-0.9703124999999999,0
0.625,-0.8984375,0
0.625,-0.8265624999999999,0
0.625,-0.7546875,0
0.625,-0.6828125,1
0.625,-0.6109374999999999,14952
0.625,-0.5390625,100127
0.625,-0.46718749999999987,209494
0.625,-0.39531249999999996,272993
0.625,-0.32343750000000004,268645
0.625,-0.2515624999999999,265557
0.625,-0.1796875,258773
0.625,-0.10781250000000009,256605
0.625,-0.03593750000000018,250430
0.625,0.03593750000000018,248343
0.625,0.10781250000000009,251746
0.625,0.1796875,250560
0.625,0.2515624999999999,253822
0.625,0.3234374999999998,254654
0.625,0.3953125000000002,251991
0.625,0.4671875000000001,191897
0.625,0.5390625,90775
0.625,0.6109374999999999,13018
0.625,0.6828124999999998,0
0.625,0.7546874999999997,0
0.625,0.8265625000000001,0
0.625,0.8984375,0
0.625,0.9703124999999999,0
0.625,1.0421874999999998,0
0.625,1.1140624999999997,0
0.625,1.1859375,0
0.625,1.2578125,0
0.625,1.3296875,0
0.625,1.4015624999999998,0
0.625,1.4734374999999997,0
0.625,1.5453125,0
0.625,1.6171875,0
0.625,1.6890625,0
0.625,1.7609374999999998,0
0.625,1.8328125000000002,0
0.625,1.9046874999999996,0
0.625,1.9765625,0
0.625,2.0484374999999995,0
0.625,2.1203125,0
0.625,2.1921875,0
0.625,2.2640624999999996,0
0.635,-2.2640624999999996,0
0.635,-2.1921874999999997,0
0.635,-2.1203125,0
0.635,-2.0484375,0
0.635,-1.9765624999999998,0
0.635,-1.9046874999999999,0
0.635,-1.8328124999999997,0
0.635,-1.7609374999999998,0
0.635,-1.6890625,0
0.635,-1.6171875,0
0.635,-1.5453124999999999,0
0.635,-1.4734374999999997,0
0.635,-1.4015624999999998,0
0.635,-1.3296875,0
0.635,-1.2578125,0
0.635,-1.1859374999999999,0
0.635,-1.1140625,0
0.635,-1.0421874999999998,0
0.635,-0.9703124999999999,0
0.635,-0.8984375,0
0.635,-0.8265624999999999,0
0.635,-0.7546875,0
0.635,-0.6828125,0
0.635,-0.6109374999999999,353
0.635,-0.5390625,41534
0.635,-0.46718749999999987,147158
0.635,-0.39531249999999996,263535
0.635,-0.32343750000000004,296652
0.635,-0.2515624999999999,291967
0.635,-0.1796875,284143
0.635,-0.10781250000000009,282619
0.635,-0.03593750000000018,276121
0.635,0.03593750000000018,277204
0.635,0.10781250000000009,277285
0.635,0.1796875,277138
0.635,0.2515624999999999,277384
0.635,0.3234374999999998,280576
0.635,0.3953125000000002,245002
0.635,0.4671875000000001,136432
0.635,0.5390625,37234
0.635,0.6109374999999999,332
0.635,0.6828124999999998,0
0.635,0.7546874999999997,0
0.635,0.8265625000000001,0
0.635,0.8984375,0
0.635,0.9703124999999999,0
0.635,1.0421874999999998,0
0.635,1.1140624999999997,0
0.635,1.1859375,0
0.635,1.2578125,0
0.635,1.3296875,0
0.635,1.4015624999999998,0
0.635,1.4734374999999997,0
0.635,1.5453125,0
0.635,1.6171875,0
0.635,1.6890625,0
0.635,1.7609374999999998,0
0.635,1.8328125000000002,0
0.635,1.9046874999999996,0
0.635,1.9765625,0
0.635,2.0484374999999995,0
0.635,2.1203125,0
0.635,2.1921875,0
0.635,2.2640624999999996,0
0.645,-2.2640624999999996,0
0.645,-2.1921874999999997,0
0.645,-2.1203125,0
0.645,-2.0484375,0
0.645,-1.9765624999999998,0
0.645,-1.9046874999999999,0
0.645,-1.8328124999999997,0
0.645,-1.7609374999999998,0
0.645,-1.6890625,0
0.645,-1.6171875,0
0.645,-1.5453124999999999,0
0.645,-1.4734374999999997,0
0.645,-1.4015624999999998,0
0.645,-1.3296875,0
0.645,-1.2578125,0
0.645,-1.1859374999999999,0
0.645,-1.1140625,0
0.645,-1.0421874999999998,0
0.645,-0.9703124999999999,0
0.645,-0.8984375,0
0.645,-0.8265624999999999,0
0.645,-0.7546875,0
0.645,-0.6828125,0
0.645,-0.6109374999999999,0
0.645,-0.5390625,5296
0.645,-0.46718749999999987,82540
0.645,-0.39531249999999996,203659
0.645,-0.32343750000000004,316365
0.645,-0.2515624999999999,323814
0.645,-0.1796875,316178
0.645,-0.10781250000000009,311670
0.645,-0.03593750000000018,304400
0.645,0.03593750000000018,305527
0.645,0.10781250000000009,307372
0.645,0.1796875,304876
0.645,0.2515624999999999,306419
0.645,0.3234374999999998,297939
0.645,0.3953125000000002,188763
0.645,0.4671875000000001,77019
0.645,0.5390625,4700
0.645,0.6109374999999999,0
0.645,0.6828124999999998,0
0.645,0.7546874999999997,0
0.645,0.8265625000000001,0
0.645,0.8984375,0
0.645,0.9703124999999999,0
0.645,1.0421874999999998,0
0.645,1.1140624999999997,0
0.645,1.1859375,0
0.645,1.2578125,0
0.645,1.3296875,0
0.645,1.4015624999999998,0
0.645,1.4734374999999997,0
0.645,1.5453125,0
0.645,1.6171875,0
0.645,1.6890625,0
0.645,1.7609374999999998,0
0.645,1.8328125000000002,0
0.645,1.9046874999999996,0
0.645,1.9765625,0
0.645,2.0484374999999995,0
0.645,2.1203125,0
0.645,2.1921875,0
0.645,2.2640624999999996,0
0.655,-2.2640624999999996,0
0.655,-2.1921874999999997,0
0.655,-2.1203125,0
0.655,-2.0484375,0
0.655,-1.9765624999999998,0
0.655,-1.9046874999999999,0
0.655,-1.8328124999999997,0
0.655,-1.7609374999999998,0
0.655,-1.6890625,0
0.655,-1.6171875,0
0.655,-1.5453124999999999,0
0.655,-1.4734374999999997,0
0.655,-1.4015624999999998,0
0.655,-1.3296875,0
0.655,-1.2578125,0
0.655,-1.1859374999999999,0
0.655,-1.1140625,0
0.655,-1.0421874999999998,0
0.655,-0.9703124999999999,0
0.655,-0.8984375,0
0.655,-0.8265624999999999,0
0.655,-0.7546875,0
0.655,-0.6828125,0
0.655,-0.6109374999999999,0
0.655,-0.5390625,2
0.655,-0.46718749999999987,22514
0.655,-0.39531249999999996,133936
0.655,-0.32343750000000004,279298
0.655,-0.2515624999999999,356940
0.655,-0.1796875,348955
0.655,-0.10781250000000009,342720
0.655,-0.03593750000000018,337096
0.655,0.03593750000000018,337272
0.655,0.10781250000000009,336087
0.655,0.1796875,336109
0.655,0.2515624999999999,338904
0.655,0.3234374999999998,259914
0.655,0.3953125000000002,124297
0.655,0.4671875000000001,20951
0.655,0.5390625,2
0.655,0.6109374999999999,0
0.655,0.6828124999999998,0
0.655,0.7546874999999997,0
0.655,0.8265625000000001,0
0.655,0.8984375,0
0.655,0.9703124999999999,0
0.655,1.0421874999999998,0
0.655,1.1140624999999997,0
0.655,1.1859375,0
0.655,1.2578125,0
0.655,1.3296875,0
0.655,1.4015624999999998,0
0.655,1.4734374999999997,0
0.655,1.5453125,0
0.655,1.6171875,0
0.655,1.6890625,0
0.655,1.7609374999999998,0
0.655,1.8328125000000002,0
0.655,1.9046874999999996,0
0.655,1.9765625,0
0.655,2.0484374999999995,0
0.655,2.1203125,0
0.655,2.1921875,0
0.655,2.2640624999999996,0
0.665,-2.2640624999999996,0
0.665,-2.1921874999999997,0
0.665,-2.1203125,0
0.665,-2.0484375,0
0.665,-1.9765624999999998,0
0.665,-1.9046874999999999,0
0.665,-1.8328124999999997,0
0.665,-1.7609374999999998,0
0.665,-1.6890625,0
0.665,-1.6171875,0
0.665,-1.5453124999999999,0
0.665,-1.4734374999999997,0
0.665,-1.4015624999999998,0
0.665,-1.3296875,0
0.665,-1.2578125,0
0.665,-1.1859374999999999,0
0.665,-1.1140625,0
0.665,-1.0421874999999998,0
0.665,-0.9703124999999999,0
0.665,-0.8984375,0
0.665,-0.8265624999999999,0
0.665,-0.7546875,0
0.665,-0.6828125,0
0.665,-0.6109374999999999,0
0.665,-0.5390625,0
0.665,-0.46718749999999987,794
0.665,-0.39531249999999996,58295
0.665,-0.32343750000000004,200230
0.665,-0.2515624999999999,358012
0.665,-0.1796875,384661
0.665,-0.10781250000000009,377152
0.665,-0.03593750000000018,370537
0.665,0.03593750000000018,370239
0.665,0.10781250000000009,370604
0.665,0.1796875,371394
0.665,0.2515624999999999,340497
0.665,0.3234374999999998,185042
0.665,0.3953125000000002,53894
0.665,0.4671875000000001,680
0.665,0.5390625,0
0.665,0.6109374999999999,0
0.665,0.6828124999999998,0
0.665,0.7546874999999997,0
0.665,0.8265625000000001,0
0.665,0.8984375,0
0.665,0.9703124999999999,0
0.665,1.0421874999999998,0
0.665,1.1140624999999997,0
0.665,1.1859375,0
0.665,1.2578125,0
0.665,1.3296875,0
0.665,1.4015624999999998,0
0.665,1.4734374999999997,0
0.665,1.5453125,0
0.665,1.6171875,0
0.665,1.6890625,0
0.665,1.7609374999999998,0
0.665,1.8328125000000002,0
0.665,1.9046874999999996,0
0.665,1.9765625,0
0.665,2.0484374999999995,0
0.665,2.1203125,0
0.665,2.1921875,0
0.665,2.2640624999999996,0
0.675,-2.2640624999999996,0
0.675,-2.1921874999999997,0
0.675,-2.1203125,0
0.675,-2.0484375,0
0.675,-1.9765624999999998,0
0.675,-1.9046874999999999,0
0.675,-1.8328124999999997,0
0.675,-1.7609374999999998,0
0.675,-1.6890625,0
0.675,-1.6171875,0
0.675,-1.5453124999999999,0
0.675,-1.4734374999999997,0
0.675,-1.4015624999999998,0
0.675,-1.3296875,0
0.675,-1.2578125,0
0.675,-1.1859374999999999,0
0.675,-1.1140625,0
0.675,-1.0421874999999998,0
0.675,-0.9703124999999999,0
0.675,-0.8984375,0
0.675,-0.8265624999999999,0
0.675,-0.7546875,0
0.675,-0.6828125,0
0.675,-0.6109374999999999,0
0.675,-0.5390625,0
0.675,-0.46718749999999987,1
0.675,-0.39531249999999996,8230
0.675,-0.32343750000000004,116931
0.675,-0.2515624999999999,287621
0.675,-0.1796875,420085
0.675,-0.10781250000000009,416001
0.675,-0.03593750000000018,407145
0.675,0.03593750000000018,409884
0.675,0.10781250000000009,411494
0.675,0.1796875,405716
0.675,0.2515624999999999,272570
0.675,0.3234374999999998,108907
0.675,0.3953125000000002,7768
0.675,0.4671875000000001,1
0.675,0.5390625,0
0.675,0.6109374999999999,0
0.675,0.6828124999999998,0
0.675,0.7546874999999997,0
0.675,0.8265625000000001,0
0.675,0.8984375,0
0.675,0.9703124999999999,0
0.675,1.0421874999999998,0
0.675,1.1140624999999997,0
0.675,1.1859375,0
0.675,1.2578125,0
0.675,1.3296875,0
0.675,1.4015624999999998,0
0.675,1.4734374999999997,0
0.675,1.5453125,0
0.675,1.6171875,0
0.675,1.6890625,0
0.675,1.7609374999999998,0
0.675,1.8328125000000002,0
0.675,1.9046874999999996,0
0.675,1.9765625,0
0.675,2.0484374999999995,0
0.675,2.1203125,0
0.675,2.1921875,0
0.675,2.2640624999999996,0
0.685,-2.2640624999999996,0
0.685,-2.1921874999999997,0
0.685,-2.1203125,0
0.685,-2.0484375,0
0.685,-1.9765624999999998,0
0.685,-1.9046874999999999,0
0.685,-1.8328124999999997,0
0.685,-1.7609374999999998,0
0.685,-1.6890625,0
0.685,-1.6171875,0
0.685,-1.5453124999999999,0
0.685,-1.4734374999999997,0
0.685,-1.4015624999999998,0
0.685,-1.3296875,0
0.685,-1.2578125,0
0.685,-1.1859374999999999,0
0.685,-1.1140625,0
0.685,-1.0421874999999998,0
0.685,-0.9703124999999999,0
0.685,-0.8984375,0
0.685,-0.8265624999999999,0
0.685,-0.7546875,0
0.685,-0.6828125,0
0.685,-0.6109374999999999,0
0.685,-0.5390625,0
0.685,-0.46718749999999987,0
0.685,-0.39531249999999996,7
0.685,-0.32343750000000004,36026
0.685,-0.2515624999999999,197675
0.685,-0.1796875,399582
0.685,-0.10781250000000009,456427
0.685,-0.03593750000000018,450687
0.685,0.03593750000000018,452532
0.685,0.10781250000000009,451646
0.685,0.1796875,385328
0.685,0.2515624999999999,185385
0.685,0.3234374999999998,33525
0.685,0.3953125000000002,5
0.685,0.4671875000000001,0
0.685,0.5390625,0
0.685,0.6109374999999999,0
0.685,0.6828124999999998,0
0.685,0.7546874999999997,0
0.685,0.8265625000000001,0
0.685,0.8984375,0
0.685,0.9703124999999999,0
0.685,1.0421874999999998,0
0.685,1.1140624999999997,0
0.685,1.1859375,0
0.685,1.2578125,0
0.685,1.3296875,0
0.685,1.4015624999999998,0
0.685,1.4734374999999997,0
0.685,1.5453125,0
0.685,1.6171875,0
0.685,1.6890625,0
0.685,1.7609374999999998,0
0.685,1.8328125000000002,0
0.685,1.9046874999999996,0
0.685,1.9765625,0
0.685,2.0484374999999995,0
0.685,2.1203125,0
0.685,2.1921875,0
0.685,2.2640624999999996,0
0.695,-2.2640624999999996,0
0.695,-2.1921874999999997,0
0.695,-2.1203125,0
0.695,-2.0484375,0
0.695,-1.9765624999999998,0
0.695,-1.9046874999999999,0
0.695,-1.8328124999999997,0
0.695,-1.7609374999999998,0
0.695,-1.6890625,0
0.695,-1.6171875,0
0.695,-1.5453124999999999,0
0.695,-1.4734374999999997,0
0.695,-1.4015624999999998,0
0.695,-1.3296875,0
0.695,-1.2578125,0
0.695,-1.1859374999999999,0
0.695,-1.1140625,0
0.695,-1.0421874999999998,0
0.695,-0.9703124999999999,0
0.695,-0.8984375,0
0.695,-0.8265624999999999,0
0.695,-0.7546875,0
0.695,-0.6828125,0
0.695,-0.6109374999999999,0
0.695,-0.5390625,0
0.695,-0.46718749999999987,0
0.695,-0.39531249999999996,0
0.695,-0.32343750000000004,1991
0.695,-0.2515624999999999,98005
0.695,-0.1796875,307144
0.695,-0.10781250000000009,493703
0.695,-0.03593750000000018,495087
0.695,0.03593750000000018,498272
0.695,0.10781250000000009,488515
0.695,0.1796875,299217
0.695,0.2515624999999999,92106
0.695,0.3234374999999998,1832
0.695,0.3953125000000002,0
0.695,0.4671875000000001,0
0.695,0.5390625,0
0.695,0.6109374999999999,0
0.695,0.6828124999999998,0
0.695,0.7546874999999997,0
0.695,0.8265625000000001,0
0.695,0.8984375,0
0.695,0.9703124999999999,0
0.695,1.0421874999999998,0
0.695,1.1140624999999997,0
0.695,1.1859375,0
0.695,1.2578125,0
0.695,1.3296875,0
0.695,1.4015624999999998,0
0.695,1.4734374999999997,0
0.695,1.5453125,0
0.695,1.6171875,0
0.695,1.6890625,0
0.695,1.7609374999999998,0
0.695,1.8328125000000002,0
0.695,1.9046874999999996,0
0.695,1.9765625,0
0.695,2.0484374999999995,0
0.695,2.1203125,0
0.695,2.1921875,0
0.695,2.2640624999999996,0
0.705,-2.2640624999999996,0
0.705,-2.1921874999999997,0
0.705,-2.1203125,0
0.705,-2.0484375,0
0.705,-1.9765624999999998,0
0.705,-1.9046874999999999,0
0.705,-1.8328124999999997,0
0.705,-1.7609374999999998,0
0.705,-1.6890625,0
0.705,-1.6171875,0
0.705,-1.5453124999999999,0
0.705,-1.4734374999999997,0
0.705,-1.4015624999999998,0
0.705,-1.3296875,0
0.705,-1.2578125,0
0.705,-1.1859374999999999,0
0.705,-1.1140625,0
0.705,-1.0421874999999998,0
0.705,-0.9703124999999999,0
0.705,-0.8984375,0
0.705,-0.8265624999999999,0
0.705,-0.7546875,0
0.705,-0.6828125,0
0.705,-0.6109374999999999,0
0.705,-0.5390625,0
0.705,-0.46718749999999987,0
0.705,-0.39531249999999996,0
0.705,-0.32343750000000004,2
0.705,-0.2515624999999999,20745
0.705,-0.1796875,199085
0.705,-0.10781250000000009,468048
0.705,-0.03593750000000018,547115
0.705,0.03593750000000018,548345
0.705,0.10781250000000009,463748
0.705,0.1796875,193048
0.705,0.2515624999999999,19761
0.705,0.3234374999999998,0
0.705,0.3953125000000002,0
0.705,0.4671875000000001,0
0.705,0.5390625,0
0.705,0.6109374999999999,0
0.705,0.6828124999999998,0
0.705,0.7546874999999997,0
0.705,0.8265625000000001,0
0.705,0.8984375,0
0.705,0.9703124999999999,0
0.705,1.0421874999999998,0
0.705,1.1140624999999997,0
0.705,1.1859375,0
0.705,1.2578125,0
0.705,1.3296875,0
0.705,1.4015624999999998,0
0.705,1.4734374999999997,0
0.705,1.5453125,0
0.705,1.6171875,0
0.705,1.6890625,0
0.705,1.7609374999999998,0
0.705,1.8328125000000002,0
0.705,1.9046874999999996,0
0.705,1.9765625,0
0.705,2.0484374999999995,0
0.705,2.1203125,0
0.705,2.1921875,0
0.705,2.2640624999999996,0
0.715,-2.2640624999999996,0
0.715,-2.1921874999999997,0
0.715,-2.1203125,0
0.715,-2.0484375,0
0.715,-1.9765624999999998,0
0.715,-1.9046874999999999,0
0.715,-1.8328124999999997,0
0.715,-1.7609374999999998,0
0.715,-1.6890625,0
0.715,-1.6171875,0
0.715,-1.5453124999999999,0
0.715,-1.4734374999999997,0
0.715,-1.4015624999999998,0
0.715,-1.3296875,0
0.715,-1.2578125,0
0.715,-1.1859374999999999,0
0.715,-1.1140625,0
0.715,-1.0421874999999998,0
0.715,-0.9703124999999999,0
0.715,-0.8984375,0
0.715,-0.8265624999999999,0
0.715,-0.7546875,0
0.715,-0.6828125,0
0.715,-0.6109374999999999,0
0.715,-0.5390625,0
0.715,-0.46718749999999987,0
0.715,-0.39531249999999996,0
0.715,-0.32343750000000004,0
0.715,-0.2515624999999999,331
0.715,-0.1796875,89150
0.715,-0.10781250000000009,368840
0.715,-0.03593750000000018,600384
0.715,0.03593750000000018,603308
0.715,0.10781250000000009,368610
0.715,0.1796875,85803
0.715,0.2515624999999999,318
0.715,0.3234374999999998,0
0.715,0.3953125000000002,0
0.715,0.4671875000000001,0
0.715,0.5390625,0
0.715,0.6109374999999999,0
0.715,0.6828124999999998,0
0.715,0.7546874999999997,0
0.715,0.8265625000000001,0
0.715,0.8984375,0
0.715,0.9703124999999999,0
0.715,1.0421874999999998,0
0.715,1.1140624999999997,0
0.715,1.1859375,0
0.715,1.2578125,0
0.715,1.3296875,0
0.715,1.4015624999999998,0
0.715,1.4734374999999997,0
0.715,1.5453125,0
0.715,1.6171875,0
0.715,1.6890625,0
0.715,1.7609374999999998,0
0.715,1.8328125000000002,0
0.715,1.9046874999999996,0
0.715,1.9765625,0
0.715,2.0484374999999995,0
0.715,2.1203125,0
0.715,2.1921875,0
0.715,2.2640624999999996,0
0.725,-2.2640624999999996,0
0.725,-2.1921874999999997,0
0.725,-2.1203125,0
0.725,-2.0484375,0
0.725,-1.9765624999999998,0
0.725,-1.9046874999999999,0
0.725,-1.8328124999999997,0
0.725,-1.7609374999999998,0
0.725,-1.6890625,0
0.725,-1.6171875,0
0.725,-1.5453124999999999,0
0.725,-1.4734374999999997,0
0.725,-1.4015624999999998,0
0.725,-1.3296875,0
0.725,-1.2578125,0
0.725,-1.1859374999999999,0
0.725,-1.1140625,0
0.725,-1.0421874999999998,0
0.725,-0.9703124999999999,0
0.725,-0.8984375,0
0.725,-0.8265624999999999,0
0.725,-0.7546875,0
0.725,-0.6828125,0
0.725,-0.6109374999999999,0
0.725,-0.5390625,0
0.725,-0.46718749999999987,0
0.725,-0.39531249999999996,0
0.725,-0.32343750000000004,0
0.725,-0.2515624999999999,0
0.725,-0.1796875,16572
0.725,-0.10781250000000009,246153
0.725,-0.03593750000000018,607846
0.725,0.03593750000000018,608920
0.725,0.10781250000000009,243937
0.725,0.1796875,15989
0.725,0.2515624999999999,0
0.725,0.3234374999999998,0
0.725,0.3953125000000002,0
0.725,0.4671875000000001,0
0.725,0.5390625,0
0.725,0.6109374999999999,0
0.725,0.6828124999999998,0
0.725,0.7546874999999997,0
0.725,0.8265625000000001,0
0.725,0.8984375,0
0.725,0.9703124999999999,0
0.725,1.0421874999999998,0
0.725,1.1140624999999997,0
0.725,1.1859375,0
0.725,1.2578125,0
0.725,1.3296875,0
0.725,1.4015624999999998,0
0.725,1.4734374999999997,0
0.725,1.5453125,0
0.725,1.6171875,0
0.725,1.6890625,0
0.725,1.7609374999999998,0
0.725,1.8328125000000002,0
0.725,1.9046874999999996,0
0.725,1.9765625,0
0.725,2.0484374999999995,0
0.725,2.1203125,0
0.725,2.1921875,0
0.725,2.2640624999999996,0
0.735,-2.2640624999999996,0
0.735,-2.1921874999999997,0
0.735,-2.1203125,0
0.735,-2.0484375,0
0.735,-1.9765624999999998,0
0.735,-1.9046874999999999,0
0.735,-1.8328124999999997,0
0.735,-1.7609374999999998,0
0.735,-1.6890625,0
0.735,-1.6171875,0
0.735,-1.5453124999999999,0
0.735,-1.4734374999999997,0
0.735,-1.4015624999999998,0
0.735,-1.3296875,0
0.735,-1.2578125,0
0.735,-1.1859374999999999,0
0.735,-1.1140625,0
0.735,-1.0421874999999998,0
0.735,-0.9703124999999999,0
0.735,-0.8984375,0
0.735,-0.8265624999999999,0
0.735,-0.7546875,0
0.735,-0.6828125,0
0.735,-0.6109374999999999,0
0.735,-0.5390625,0
0.735,-0.46718749999999987,0
0.735,-0.39531249999999996,0
0.735,-0.32343750000000004,0
0.735,-0.2515624999999999,0
0.735,-0.1796875,185
0.735,-0.10781250000000009,122097
0.735,-0.03593750000000018,554065
0.735,0.03593750000000018,553400
0.735,0.10781250000000009,120931
0.735,0.1796875,184
0.735,0.2515624999999999,0
0.735,0.3234374999999998,0
0.735,0.3953125000000002,0
0.735,0.4671875000000001,0
0.735,0.5390625,0
0.735,0.6109374999999999,0
0.735,0.6828124999999998,0
0.735,0.7546874999999997,0
0.735,0.8265625000000001,0
0.735,0.8984375,0
0.735,0.9703124999999999,0
0.735,1.0421874999999998,0
0.735,1.1140624999999997,0
0.735,1.1859375,0
0.735,1.2578125,0
0.735,1.3296875,0
0.735,1.4015624999999998,0
0.735,1.4734374999999997,0
0.735,1.5453125,0
0.735,1.6171875,0
0.735,1.6890625,0
0.735,1.7609374999999998,0
0.735,1.8328125000000002,0
0.735,1.9046874999999996,0
0.735,1.9765625,0
0.735,2.0484374999999995,0
0.735,2.1203125,0
0.735,2.1921875,0
0.735,2.2640624999999996,0
0.745,-2.2640624999999996,0
0.745,-2.1921874999999997,0
0.745,-2.1203125,0
0.745,-2.0484375,0
0.745,-1.9765624999999998,0
0.745,-1.9046874999999999,0
0.745,-1.8328124999999997,0
0.745,-1.7609374999999998,0
0.745,-1.6890625,0
0.745,-1.6171875,0
0.745,-1.5453124999999999,0
0.745,-1.4734374999999997,0
0.745,-1.4015624999999998,0
0.745,-1.3296875,0
0.745,-1.2578125,0
0.745,-1.1859374999999999,0
0.745,-1.1140625,0
0.745,-1.0421874999999998,0
0.745,-0.9703124999999999,0
0.745,-0.8984375,0
0.745,-0.8265624999999999,0
0.745,-0.7546875,0
0.745,-0.6828125,0
0.745,-0.6109374999999999,0
0.745,-0.5390625,0
0.745,-0.46718749999999987,0
0.745,-0.39531249999999996,0
0.745,-0.32343750000000004,0
0.745,-0.2515624999999999,0
0.745,-0.1796875,1
0.745,-0.10781250000000009,34966
0.745,-0.03593750000000018,445371
0.745,0.03593750000000018,445778
0.745,0.10781250000000009,33932
0.745,0.1796875,0
0.745,0.2515624999999999,0
0.745,0.3234374999999998,0
0.745,0.3953125000000002,0
0.745,0.4671875000000001,0
0.745,0.5390625,0
0.745,0.6109374999999999,0
0.745,0.6828124999999998,0
0.745,0.7546874999999997,0
0.745,0.8265625000000001,0
0.745,0.8984375,0
0.745,0.9703124999999999,0
0.745,1.0421874999999998,0
0.745,1.1140624999999997,0
0.745,1.1859375,0
0.745,1.2578125,0
0.745,1.3296875,0
0.745,1.4015624999999998,0
0.745,1.4734374999999997,0
0.745,1.5453125,0
0.745,1.6171875,0
0.745,1.6890625,0
0.745,1.7609374999999998,0
0.745,1.8328125000000002,0
0.745,1.9046874999999996,0
0.745,1.9765625,0
0.745,2.0484374999999995,0
0.745,2.1203125,0
0.745,2.1921875,0
0.745,2.2640624999999996,0
0.755,-2.2640624999999996,0
0.755,-2.1921874999999997,0
0.755,-2.1203125,0
0.755,-2.0484375,0
0.755,-1.9765624999999998,0
0.755,-1.9046874999999999,0
0.755,-1.8328124999999997,0
0.755,-1.7609374999999998,0
0.755,-1.6890625,0
0.755,-1.6171875,0
0.755,-1.5453124999999999,0
0.755,-1.4734374999999997,0
0.755,-1.4015624999999998,0
0.755,-1.3296875,0
0.755,-1.2578125,0
0.755,-1.1859374999999999,0
0.755,-1.1140625,0
0.755,-1.0421874999999998,0
0.755,-0.9703124999999999,0
0.755,-0.8984375,0
0.755,-0.8265624999999999,0
0.755,-0.7546875,0
0.755,-0.6828125,0
0.755,-0.6109374999999999,0
0.755,-0.5390625,0
0.755,-0.46718749999999987,0
0.755,-0.39531249999999996,0
0.755,-0.32343750000000004,0
0.755,-0.2515624999999999,0
0.755,-0.1796875,0
0.755,-0.10781250000000009,2573
0.755,-0.03593750000000018,297811
0.755,0.03593750000000018,297836
0.755,0.10781250000000009,2488
0.755,0.1796875,0
0.755,0.2515624999999999,0
0.755,0.3234374999999998,0
0.755,0.3953125000000002,0
0.755,0.4671875000000001,0
0.755,0.5390625,0
0.755,0.6109374999999999,0
0.755,0.6828124999999998,0
0.755,0.7546874999999997,0
0.755,0.8265625000000001,0
0.755,0.8984375,0
0.755,0.9703124999999999,0
0.755,1.0421874999999998,0
0.755,1.1140624999999997,0
0.755,1.1859375,0
0.755,1.2578125,0
0.755,1.3296875,0
0.755,1.4015624999999998,0
0.755,1.4734374999999997,0
0.755,1.5453125,0
0.755,1.6171875,0
0.755,1.6890625,0
0.755,1.7609374999999998,0
0.755,1.8328125000000002,0
0.755,1.9046874999999996,0
0.755,1.9765625,0
0.755,2.0484374999999995,0
0.755,2.1203125,0
0.755,2.1921875,0
0.755,2.2640624999999996,0
0.765,-2.2640624999999996,0
0.765,-2.1921874999999997,0
0.765,-2.1203125,0
0.765,-2.0484375,0
0.765,-1.9765624999999998,0
0.765,-1.9046874999999999,0
0.765,-1.8328124999999997,0
0.765,-1.7609374999999998,0
0.765,-1.6890625,0
0.765,-1.6171875,0
0.765,-1.5453124999999999,0
0.765,-1.4734374999999997,0
0.765,-1.4015624999999998,0
0.765,-1.3296875,0
0.765,-1.2578125,0
0.765,-1.1859374999999999,0
0.765,-1.1140625,0
0.765,-1.0421874999999998,0
0.765,-0.9703124999999999,0
0.765,-0.8984375,0
0.765,-0.8265624999999999,0
0.765,-0.7546875,0
0.765,-0.6828125,0
0.765,-0.6109374999999999,0
0.765,-0.5390625,0
0.765,-0.46718749999999987,0
0.765,-0.39531249999999996,0
0.765,-0.32343750000000004,0
0.765,-0.2515624999999999,0
0.765,-0.1796875,0
0.765,-0.10781250000000009,21
0.765,-0.03593750000000018,145214
0.765,0.03593750000000018,146104
0.765,0.10781250000000009,20
0.765,0.1796875,0
0.765,0.2515624999999999,0
0.765,0.3234374999999998,0
0.765,0.3953125000000002,0
0.765,0.4671875000000001,0
0.765,0.5390625,0
0.765,0.6109374999999999,0
0.765,0.6828124999999998,0
0.765,0.7546874999999997,0
0.765,0.8265625000000001,0
0.765,0.8984375,0
0.765,0.9703124999999999,0
0.765,1.0421874999999998,0
0.765,1.1140624999999997,0
0.765,1.1859375,0
0.765,1.2578125,0
0.765,1.3296875,0
0.765,1.4015624999999998,0
0.765,1.4734374999999997,0
0.765,1.5453125,0
0.765,1.6171875,0
0.765,1.6890625,0
0.765,1.7609374999999998,0
0.765,1.8328125000000002,0
0.765,1.9046874999999996,0
0.765,1.9765625,0
0.765,2.0484374999999995,0
0.765,2.1203125,0
0.765,2.1921875,0
0.765,2.2640624999999996,0
0.775,-2.2640624999999996,0
0.775,-2.1921874999999997,0
0.775,-2.1203125,0
0.775,-2.0484375,0
0.775,-1.9765624999999998,0
0.775,-1.9046874999999999,0
0.775,-1.8328124999999997,0
0.775,-1.7609374999999998,0
0.775,-1.6890625,0
0.775,-1.6171875,0
0.775,-1.5453124999999999,0
0.775,-1.4734374999999997,0
0.775,-1.4015624999999998,0
0.775,-1.3296875,0
0.775,-1.2578125,0
0.775,-1.1859374999999999,0
0.775,-1.1140625,0
0.775,-1.0421874999999998,0
0.775,-0.9703124999999999,0
0.775,-0.8984375,0
0.775,-0.8265624999999999,0
0.775,-0.7546875,0
0.775,-0.6828125,0
0.775,-0.6109374999999999,0
0.775,-0.5390625,0
0.775,-0.46718749999999987,0
0.775,-0.39531249999999996,0
0.775,-0.32343750000000004,0
0.775,-0.2515624999999999,0
0.775,-0.1796875,0
0.775,-0.10781250000000009,0
0.775,-0.03593750000000018,40906
0.775,0.03593750000000018,41115
0.775,0.10781250000000009,0
0.775,0.1796875,0
0.775,0.2515624999999999,0
0.775,0.3234374999999998,0
0.775,0.3953125000000002,0
0.775,0.4671875000000001,0
0.775,0.5390625,0
0.775,0.6109374999999999,0
0.775,0.6828124999999998,0
0.775,0.7546874999999997,0
0.775,0.8265625000000001,0
0.775,0.8984375,0
0.775,0.9703124999999999,0
0.775,1.0421874999999998,0
0.775,1.1140624999999997,0
0.775,1.1859375,0
0.775,1.2578125,0
0.775,1.3296875,0
0.775,1.4015624999999998,0
0.775,1.4734374999999997,0
0.775,1.5453125,0
0.775,1.6171875,0
0.775,1.6890625,0
0.775,1.7609374999999998,0
0.775,1.8328125000000002,0
0.775,1.9046874999999996,0
0.775,1.9765625,0
0.775,2.0484374999999995,0
0.775,2.1203125,0
0.775,2.1921875,0
0.775,2.2640624999999996,0
0.785,-2.2640624999999996,0
0.785,-2.1921874999999997,0
0.785,-2.1203125,0
0.785,-2.0484375,0
0.785,-1.9765624999999998,0
0.785,-1.9046874999999999,0
0.785,-1.8328124999999997,0
0.785,-1.7609374999999998,0
0.785,-1.6890625,0
0.785,-1.6171875,0
0.785,-1.5453124999999999,0
0.785,-1.4734374999999997,0
0.785,-1.4015624999999998,0
0.785,-1.3296875,0
0.785,-1.2578125,0
0.785,-1.1859374999999999,0
0.785,-1.1140625,0
0.785,-1.0421874999999998,0
0.785,-0.9703124999999999,0
0.785,-0.8984375,0
0.785,-0.8265624999999999,0
0.785,-0.7546875,0
0.785,-0.6828125,0
0.785,-0.6109374999999999,0
0.785,-0.5390625,0
0.785,-0.46718749999999987,0
0.785,-0.39531249999999996,0
0.785,-0.32343750000000004,0
0.785,-0.2515624999999999,0
0.785,-0.1796875,0
0.785,-0.10781250000000009,0
0.785,-0.03593750000000018,10986
0.785,0.03593750000000018,10876
0.785,0.10781250000000009,0
0.785,0.1796875,0
0.785,0.2515624999999999,0
0.785,0.3234374999999998,0
0.785,0.3953125000000002,0
0.785,0.4671875000000001,0
0.785,0.5390625,0
0.785,0.6109374999999999,0
0.785,0.6828124999999998,0
0.785,0.7546874999999997,0
0.785,0.8265625000000001,0
0.785,0.8984375,0
0.785,0.9703124999999999,0
0.785,1.0421874999999998,0
0.785,1.1140624999999997,0
0.785,1.1859375,0
0.785,1.2578125,0
0.785,1.3296875,0
0.785,1.4015624999999998,0
0.785,1.4734374999999997,0
0.785,1.5453125,0
0.785,1.6171875,0
0.785,1.6890625,0
0.785,1.7609374999999998,0
0.785,1.8328125000000002,0
0.785,1.9046874999999996,0
0.785,1.9765625,0
0.785,2.0484374999999995,0
0.785,2.1203125,0
0.785,2.1921875,0
0.785,2.2640624999999996,0
0.795,-2.2640624999999996,0
0.795,-2.1921874999999997,0
0.795,-2.1203125,0
0.795,-2.0484375,0
0.795,-1.9765624999999998,0
0.795,-1.9046874999999999,0
0.795,-1.8328124999999997,0
0.795,-1.7609374999999998,0
0.795,-1.6890625,0
0.795,-1.6171875,0
0.795,-1.5453124999999999,0
0.795,-1.4734374999999997,0
0.795,-1.4015624999999998,0
0.795,-1.3296875,0
0.795,-1.2578125,0
0.795,-1.1859374999999999,0
0.795,-1.1140625,0
0.795,-1.0421874999999998,0
0.795,-0.9703124999999999,0
0.795,-0.8984375,0
0.795,-0.8265624999999999,0
0.795,-0.7546875,0
0.795,-0.6828125,0
0.795,-0.6109374999999999,0
0.795,-0.5390625,0
0.795,-0.46718749999999987,0
0.795,-0.39531249999999996,0
0.795,-0.32343750000000004,0
0.795,-0.2515624999999999,0
0.795,-0.1796875,0
0.795,-0.10781250000000009,0
0.795,-0.03593750000000018,6176
0.795,0.03593750000000018,6022
0.795,0.10781250000000009,0
0.795,0.1796875,0
0.795,0.2515624999999999,0
0.795,0.3234374999999998,0
0.795,0.3953125000000002,0
0.795,0.4671875000000001,0
0.795,0.5390625,0
0.795,0.6109374999999999,0
0.795,0.6828124999999998,0
0.795,0.7546874999999997,0
0.795,0.8265625000000001,0
0.795,0.8984375,0
0.795,0.9703124999999999,0
0.795,1.0421874999999998,0
0.795,1.1140624999999997,0
0.795,1.1859375,0
0.795,1.2578125,0
0.795,1.3296875,0
0.795,1.4015624999999998,0
0.795,1.4734374999999997,0
0.795,1.5453125,0
0.795,1.6171875,0
0.795,1.6890625,0
0.795,1.7609374999999998,0
0.795,1.8328125000000002,0
0.795,1.9046874999999996,0
0.795,1.9765625,0
0.795,2.0484374999999995,0
0.795,2.1203125,0
0.795,2.1921875,0
0.795,2.2640624999999996,0
0.805,-2.2640624999999996,0
0.805,-2.1921874999999997,0
0.805,-2.1203125,0
0.805,-2.0484375,0
0.805,-1.9765624999999998,0
0.805,-1.9046874999999999,0
0.805,-1.8328124999999997,0
0.805,-1.7609374999999998,0
0.805,-1.6890625,0
0.805,-1.6171875,0
0.805,-1.5453124999999999,0
0.805,-1.4734374999999997,0
0.805,-1.4015624999999998,0
0.805,-1.3296875,0
0.805,-1.2578125,0
0.805,-1.1859374999999999,0
0.805,-1.1140625,0
0.805,-1.0421874999999998,0
0.805,-0.9703124999999999,0
0.805,-0.8984375,0
0.805,-0.8265624999999999,0
0.805,-0.7546875,0
0.805,-0.6828125,0
0.805,-0.6109374999999999,0
0.805,-0.5390625,0
0.805,-0.46718749999999987,0
0.805,-0.39531249999999996,0
0.805,-0.32343750000000004,0
0.805,-0.2515624999999999,0
0.805,-0.1796875,0
0.805,-0.10781250000000009,0
0.805,-0.03593750000000018,4854
0.805,0.03593750000000018,4742
0.805,0.10781250000000009,0
0.805,0.1796875,0
0.805,0.2515624999999999,0
0.805,0.3234374999999998,0
0.805,0.3953125000000002,0
0.805,0.4671875000000001,0
0.805,0.5390625,0
0.805,0.6109374999999999,0
0.805,0.6828124999999998,0
0.805,0.7546874999999997,0
0.805,0.8265625000000001,0
0.805,0.8984375,0
0.805,0.9703124999999999,0
0.805,1.0421874999999998,0
0.805,1.1140624999999997,0
0.805,1.1859375,0
0.805,1.2578125,0
0.805,1.3296875,0
0.805,1.4015624999999998,0
0.805,1.4734374999999997,0
0.805,1.5453125,0
0.805,1.6171875,0
0.805,1.6890625,0
0.805,1.7609374999999998,0
0.805,1.8328125000000002,0
0.805,1.9046874999999996,0
0.805,1.9765625,0
0.805,2.0484374999999995,0
0.805,2.1203125,0
0.805,2.1921875,0
0.805,2.2640624999999996,0
0.815,-2.2640624999999996,0
0.815,-2.1921874999999997,0
0.815,-2.1203125,0
0.815,-2.0484375,0
0.815,-1.9765624999999998,0
0.815,-1.9046874999999999,0
0.815,-1.8328124999999997,0
0.815,-1.7609374999999998,0
0.815,-1.6890625,0
0.815,-1.6171875,0
0.815,-1.5453124999999999,0
0.815,-1.4734374999999997,0
0.815,-1.4015624999999998,0
0.815,-1.3296875,0
0.815,-1.2578125,0
0.815,-1.1859374999999999,0
0.815,-1.1140625,0
0.815,-1.0421874999999998,0
0.815,-0.9703124999999999,0
0.815,-0.8984375,0
0.815,-0.8265624999999999,0
0.815,-0.7546875,0
0.815,-0.6828125,0
0.815,-0.6109374999999999,0
0.815,-0.5390625,0
0.815,-0.46718749999999987,0
0.815,-0.39531249999999996,0
0.815,-0.32343750000000004,0
0.815,-0.2515624999999999,0
0.815,-0.1796875,0
0.815,-0.10781250000000009,0
0.815,-0.03593750000000018,3639
0.815,0.03593750000000018,3795
0.815,0.10781250000000009,0
0.815,0.1796875,0
0.815,0.2515624999999999,0
0.815,0.3234374999999998,0
0.815,0.3953125000000002,0
0.815,0.4671875000000001,0
0.815,0.5390625,0
0.815,0.6109374999999999,0
0.815,0.6828124999999998,0
0.815,0.7546874999999997,0
0.815,0.8265625000000001,0
0.815,0.8984375,0
0.815,0.9703124999999999,0
0.815,1.0421874999999998,0
0.815,1.1140624999999997,0
0.815,1.1859375,0
0.815,1.2578125,0
0.815,1.3296875,0
0.815,1.4015624999999998,0
0.815,1.4734374999999997,0
0.815,1.5453125,0
0.815,1.6171875,0
0.815,1.6890625,0
0.815,1.7609374999999998,0
0.815,1.8328125000000002,0
0.815,1.9046874999999996,0
0.815,1.9765625,0
0.815,2.0484374999999995,0
0.815,2.1203125,0
0.815,2.1921875,0
0.815,2.2640624999999996,0
0.825,-2.2640624999999996,0
0.825,-2.1921874999999997,0
0.825,-2.1203125,0
0.825,-2.0484375,0
0.825,-1.9765624999999998,0
0.825,-1.9046874999999999,0
0.825,-1.8328124999999997,0
0.825,-1.7609374999999998,0
0.825,-1.6890625,0
0.825,-1.6171875,0
0.825,-1.5453124999999999,0
0.825,-1.4734374999999997,0
0.825,-1.4015624999999998,0
0.825,-1.3296875,0
0.825,-1.2578125,0
0.825,-1.1859374999999999,0
0.825,-1.1140625,0
0.825,-1.0421874999999998,0
0.825,-0.9703124999999999,0
0.825,-0.8984375,0
0.825,-0.8265624999999999,0
0.825,-0.7546875,0
0.825,-0.6828125,0
0.825,-0.6109374999999999,0
0.825,-0.5390625,0
0.825,-0.46718749999999987,0
0.825,-0.39531249999999996,0
0.825,-0.32343750000000004,0
0.825,-0.2515624999999999,0
0.825,-0.1796875,0
0.825,-0.10781250000000009,0
0.825,-0.03593750000000018,2359
0.825,0.03593750000000018,2585
0.825,0.10781250000000009,0
0.825,0.1796875,0
0.825,0.2515624999999999,0
0.825,0.3234374999999998,0
0.825,0.3953125000000002,0
0.825,0.4671875000000001,0
0.825,0.5390625,0
0.825,0.6109374999999999,0
0.825,0.6828124999999998,0
0.825,0.7546874999999997,0
0.825,0.8265625000000001,0
0.825,0.8984375,0
0.825,0.9703124999999999,0
0.825,1.0421874999999998,0
0.825,1.1140624999999997,0
0.825,1.1859375,0
0.825,1.2578125,0
0.825,1.3296875,0
0.825,1.4015624999999998,0
0.825,1.4734374999999997,0
0.825,1.5453125,0
0.825,1.6171875,0
0.825,1.6890625,0
0.825,1.7609374999999998,0
0.825,1.8328125000000002,0
0.825,1.9046874999999996,0
0.825,1.9765625,0
0.825,2.0484374999999995,0
0.825,2.1203125,0
0.825,2.1921875,0
0.825,2.2640624999999996,0
0.835,-2.2640624999999996,0
0.835,-2.1921874999999997,0
0.835,-2.1203125,0
0.835,-2.0484375,0
0.835,-1.9765624999999998,0
0.835,-1.9046874999999999,0
0.835,-1.8328124999999997,0
0.835,-1.7609374999999998,0
0.835,-1.6890625,0
0.835,-1.6171875,0
0.835,-1.5453124999999999,0
0.835,-1.4734374999999997,0
0.835,-1.4015624999999998,0
0.835,-1.3296875,0
0.835,-1.2578125,0
0.835,-1.1859374999999999,0
0.835,-1.1140625,0
0.835,-1.0421874999999998,0
0.835,-0.9703124999999999,0
0.835,-0.8984375,0
0.835,-0.8265624999999999,0
0.835,-0.7546875,0
0.835,-0.6828125,0
0.835,-0.6109374999999999,0
0.835,-0.5390625,0
0.835,-0.46718749999999987,0
0.835,-0.39531249999999996,0
0.835,-0.32343750000000004,0
0.835,-0.2515624999999999,0
0.835,-0.1796875,0
0.835,-0.10781250000000009,0
0.835,-0.03593750000000018,1571
0.835,0.03593750000000018,1611
0.835,0.10781250000000009,0
0.835,0.1796875,0
0.835,0.2515624999999999,0
0.835,0.3234374999999998,0
0.835,0.3953125000000002,0
0.835,0.4671875000000001,0
0.835,0.5390625,0
0.835,0.6109374999999999,0
0.835,0.6828124999999998,0
0.835,0.7546874999999997,0
0.835,0.8265625000000001,0
0.835,0.8984375,0
0.835,0.9703124999999999,0
0.835,1.0421874999999998,0
0.835,1.1140624999999997,0
0.835,1.1859375,0
0.835,1.2578125,0
0.835,1.3296875,0
0.835,1.4015624999999998,0
0.835,1.4734374999999997,0
0.835,1.5453125,0
0.835,1.6171875,0
0.835,1.6890625,0
0.835,1.7609374999999998,0
0.835,1.8328125000000002,0
0.835,1.9046874999999996,0
0.835,1.9765625,0
0.835,2.0484374999999995,0
0.835,2.1203125,0
0.835,2.1921875,0
0.835,2.2640624999999996,0
0.845,-2.2640624999999996,0
0.845,-2.1921874999999997,0
0.845,-2.1203125,0
0.845,-2.0484375,0
0.845,-1.9765624999999998,0
0.845,-1.9046874999999999,0
0.845,-1.8328124999999997,0
0.845,-1.7609374999999998,0
0.845,-1.6890625,0
0.845,-1.6171875,0
0.845,-1.5453124999999999,0
0.845,-1.4734374999999997,0
0.845,-1.4015624999999998,0
0.845,-1.3296875,0
0.845,-1.2578125,0
0.845,-1.1859374999999999,0
0.845,-1.1140625,0
0.845,-1.0421874999999998,0
0.845,-0.9703124999999999,0
0.845,-0.8984375,0
0.845,-0.8265624999999999,0
0.845,-0.7546875,0
0.845,-0.6828125,0
0.845,-0.6109374999999999,0
0.845,-0.5390625,0
0.845,-0.46718749999999987,0
0.845,-0.39531249999999996,0
0.845,-0.32343750000000004,0
0.845,-0.2515624999999999,0
0.845,-0.1796875,0
0.845,-0.10781250000000009,0
0.845,-0.03593750000000018,1725
0.845,0.03593750000000018,1829
0.845,0.10781250000000009,0
0.845,0.1796875,0
0.845,0.2515624999999999,0
0.845,0.3234374999999998,0
0.845,0.3953125000000002,0
0.845,0.4671875000000001,0
0.845,0.5390625,0
0.845,0.6109374999999999,0
0.845,0.6828124999999998,0
0.845,0.7546874999999997,0
0.845,0.8265625000000001,0
0.845,0.8984375,0
0.845,0.9703124999999999,0
0.845,1.0421874999999998,0
0.845,1.1140624999999997,0
0.845,1.1859375,0
0.845,1.2578125,0
0.845,1.3296875,0
0.845,1.4015624999999998,0
0.845,1.4734374999999997,0
0.845,1.5453125,0
0.845,1.6171875,0
0.845,1.6890625,0
0.845,1.7609374999999998,0
0.845,1.8328125000000002,0
0.845,1.9046874999999996,0
0.845,1.9765625,0
0.845,2.0484374999999995,0
0.845,2.1203125,0
0.845,2.1921875,0
0.845,2.2640624999999996,0
0.855,-2.2640624999999996,0
0.855,-2.1921874999999997,0
0.855,-2.1203125,0
0.855,-2.0484375,0
0.855,-1.9765624999999998,0
0.855,-1.9046874999999999,0
0.855,-1.8328124999999997,0
0.855,-1.7609374999999998,0
0.855,-1.6890625,0
0.855,-1.6171875,0
0.855,-1.5453124999999999,0
0.855,-1.4734374999999997,0
0.855,-1.4015624999999998,0
0.855,-1.3296875,0
0.855,-1.2578125,0
0.855,-1.1859374999999999,0
0.855,-1.1140625,0
0.855,-1.0421874999999998,0
0.855,-0.9703124999999999,0
0.855,-0.8984375,0
0.855,-0.8265624999999999,0
0.855,-0.7546875,0
0.855,-0.6828125,0
0.855,-0.6109374999999999,0
0.855,-0.5390625,0
0.855,-0.46718749999999987,0
0.855,-0.39531249999999996,0
0.855,-0.32343750000000004,0
0.855,-0.2515624999999999,0
0.855,-0.1796875,0
0.855,-0.10781250000000009,6
0.855,-0.03593750000000018,3358
0.855,0.03593750000000018,3546
0.855,0.10781250000000009,13
0.855,0.1796875,0
0.855,0.2515624999999999,0
0.855,0.3234374999999998,0
0.855,0.3953125000000002,0
0.855,0.4671875000000001,0
0.855,0.5390625,0
0.855,0.6109374999999999,0
0.855,0.6828124999999998,0
0.855,0.7546874999999997,0
0.855,0.8265625000000001,0
0.855,0.8984375,0
0.855,0.9703124999999999,0
0.855,1.0421874999999998,0
0.855,1.1140624999999997,0
0.855,1.1859375,0
0.855,1.2578125,0
0.855,1.3296875,0
0.855,1.4015624999999998,0
0.855,1.4734374999999997,0
0.855,1.5453125,0
0.855,1.6171875,0
0.855,1.6890625,0
0.855,1.7609374999999998,0
0.855,1.8328125000000002,0
0.855,1.9046874999999996,0
0.855,1.9765625,0
0.855,2.0484374999999995,0
0.855,2.1203125,0
0.855,2.1921875,0
0.855,2.2640624999999996,0
0.865,-2.2640624999999996,0
0.865,-2.1921874999999997,0
0.865,-2.1203125,0
0.865,-2.0484375,0
0.865,-1.9765624999999998,0
0.865,-1.9046874999999999,0
0.865,-1.8328124999999997,0
0.865,-1.7609374999999998,0
0.865,-1.6890625,0
0.865,-1.6171875,0
0.865,-1.5453124999999999,0
0.865,-1.4734374999999997,0
0.865,-1.4015624999999998,0
0.865,-1.3296875,0
0.865,-1.2578125,0
0.865,-1.1859374999999999,0
0.865,-1.1140625,0
0.865,-1.0421874999999998,0
0.865,-0.9703124999999999,0
0.865,-0.8984375,0
0.865,-0.8265624999999999,0
0.865,-0.7546875,0
0.865,-0.6828125,0
0.865,-0.6109374999999999,0
0.865,-0.5390625,0
0.865,-0.46718749999999987,0
0.865,-0.39531249999999996,0
0.865,-0.32343750000000004,0
0.865,-0.2515624999999999,0
0.865,-0.1796875,0
0.865,-0.10781250000000009,106
0.865,-0.03593750000000018,5902
0.865,0.03593750000000018,5850
0.865,0.10781250000000009,109
0.865,0.1796875,0
0.865,0.2515624999999999,0
0.865,0.3234374999999998,0
0.865,0.3953125000000002,0
0.865,0.4671875000000001,0
0.865,0.5390625,0
0.865,0.6109374999999999,0
0.865,0.6828124999999998,0
0.865,0.7546874999999997,0
0.865,0.8265625000000001,0
0.865,0.8984375,0
0.865,0.9703124999999999,0
0.865,1.0421874999999998,0
0.865,1.1140624999999997,0
0.865,1.1859375,0
0.865,1.2578125,0
0.865,1.3296875,0
0.865,1.4015624999999998,0
0.865,1.4734374999999997,0
0.865,1.5453125,0
0.865,1.6171875,0
0.865,1.6890625,0
0.865,1.7609374999999998,0
0.865,1.8328125000000002,0
0.865,1.9046874999999996,0
0.865,1.9765625,0
0.865,2.0484374999999995,0
0.865,2.1203125,0
0.865,2.1921875,0
0.865,2.2640624999999996,0
0.875,-2.2640624999999996,0
0.875,-2.1921874999999997,0
0.875,-2.1203125,0
0.875,-2.0484375,0
0.875,-1.9765624999999998,0
0.875,-1.9046874999999999,0
0.875,-1.8328124999999997,0
0.875,-1.7609374999999998,0
0.875,-1.6890625,0
0.875,-1.6171875,0
0.875,-1.5453124999999999,0
0.875,-1.4734374999999997,0
0.875,-1.4015624999999998,0
0.875,-1.3296875,0
0.875,-1.2578125,0
0.875,-1.1859374999999999,0
0.875,-1.1140625,0
0.875,-1.0421874999999998,0
0.875,-0.9703124999999999,0
0.875,-0.8984375,0
0.875,-0.8265624999999999,0
0.875,-0.7546875,0
0.875,-0.6828125,0
0.875,-0.6109374999999999,0
0.875,-0.5390625,0
0.875,-0.46718749999999987,0
0.875,-0.39531249999999996,0
0.875,-0.32343750000000004,0
0.875,-0.2515624999999999,0
0.875,-0.1796875,2
0.875,-0.10781250000000009,683
0.875,-0.03593750000000018,8193
0.875,0.03593750000000018,7981
0.875,0.10781250000000009,694
0.875,0.1796875,0
0.875,0.2515624999999999,0
0.875,0.3234374999999998,0
0.875,0.3953125000000002,0
0.875,0.4671875000000001,0
0.875,0.5390625,0
0.875,0.6109374999999999,0
0.875,0.6828124999999998,0
0.875,0.7546874999999997,0
0.875,0.8265625000000001,0
0.875,0.8984375,0
0.875,0.9703124999999999,0
0.875,1.0421874999999998,0
0.875,1.1140624999999997,0
0.875,1.1859375,0
0.875,1.2578125,0
0.875,1.3296875,0
0.875,1.4015624999999998,0
0.875,1.4734374999999997,0
0.875,1.5453125,0
0.875,1.6171875,0
0.875,1.6890625,0
0.875,1.7609374999999998,0
0.875,1.8328125000000002,0
0.875,1.9046874999999996,0
0.875,1.9765625,0
0.875,2.0484374999999995,0
0.875,2.1203125,0
0.875,2.1921875,0
0.875,2.2640624999999996,0
0.885,-2.2640624999999996,0
0.885,-2.1921874999999997,0
0.885,-2.1203125,0
0.885,-2.0484375,0
0.885,-1.9765624999999998,0
0.885,-1.9046874999999999,0
0.885,-1.8328124999999997,0
0.885,-1.7609374999999998,0
0.885,-1.6890625,0
0.885,-1.6171875,0
0.885,-1.5453124999999999,0
0.885,-1.4734374999999997,0
0.885,-1.4015624999999998,0
0.885,-1.3296875,0
0.885,-1.2578125,0
0.885,-1.1859374999999999,0
0.885,-1.1140625,0
0.885,-1.0421874999999998,0
0.885,-0.9703124999999999,0
0.885,-0.8984375,0
0.885,-0.8265624999999999,0
0.885,-0.7546875,0
0.885,-0.6828125,0
0.885,-0.6109374999999999,0
0.885,-0.5390625,0
0.885,-0.46718749999999987,0
0.885,-0.39531249999999996,0
0.885,-0.32343750000000004,0
0.885,-0.2515624999999999,0
0.885,-0.1796875,42
0.885,-0.10781250000000009,1624
0.885,-0.03593750000000018,9454
0.885,0.03593750000000018,9939
0.885,0.10781250000000009,1749
0.885,0.1796875,24
0.885,0.2515624999999999,0
0.885,0.3234374999999998,0
0.885,0.3953125000000002,0
0.885,0.4671875000000001,0
0.885,0.5390625,0
0.885,0.6109374999999999,0
0.885,0.6828124999999998,0
0.885,0.7546874999999997,0
0.885,0.8265625000000001,0
0.885,0.8984375,0
0.885,0.9703124999999999,0
0.885,1.0421874999999998,0
0.885,1.1140624999999997,0
0.885,1.1859375,0
0.885,1.2578125,0
0.885,1.3296875,0
0.885,1.4015624999999998,0
0.885,1.4734374999999997,0
0.885,1.5453125,0
0.885,1.6171875,0
0.885,1.6890625,0
0.885,1.7609374999999998,0
0.885,1.8328125000000002,0
0.885,1.9046874999999996,0
0.885,1.9765625,0
0.885,2.0484374999999995,0
0.885,2.1203125,0
0.885,2.1921875,0
0.885,2.2640624999999996,0
0.895,-2.2640624999999996,0
0.895,-2.1921874999999997,0
0.895,-2.1203125,0
0.895,-2.0484375,0
0.895,-1.9765624999999998,0
0.895,-1.9046874999999999,0
0.895,-1.8328124999999997,0
0.895,-1.7609374999999998,0
0.895,-1.6890625,0
0.895,-1.6171875,0
0.895,-1.5453124999999999,0
0.895,-1.4734374999999997,0
0.895,-1.4015624999999998,0
0.895,-1.3296875,0
0.895,-1.2578125,0
0.895,-1.1859374999999999,0
0.895,-1.1140625,0
0.895,-1.0421874999999998,0
0.895,-0.9703124999999999,0
0.895,-0.8984375,0
0.895,-0.8265624999999999,0
0.895,-0.7546875,0
0.895,-0.6828125,0
0.895,-0.6109374999999999,0
0.895,-0.5390625,0
0.895,-0.46718749999999987,0
0.895,-0.39531249999999996,0
0.895,-0.32343750000000004,0
0.895,-0.2515624999999999,4
0.895,-0.1796875,376
0.895,-0.10781250000000009,2662
0.895,-0.03593750000000018,10318
0.895,0.03593750000000018,10996
0.895,0.10781250000000009,3060
0.895,0.1796875,315
0.895,0.2515624999999999,9
0.895,0.3234374999999998,0
0.895,0.3953125000000002,0
0.895,0.4671875000000001,0
0.895,0.5390625,0
0.895,0.6109374999999999,0
0.895,0.6828124999999998,0
0.895,0.7546874999999997,0
0.895,0.8265625000000001,0
0.895,0.8984375,0
0.895,0.9703124999999999,0
0.895,1.0421874999999998,0
0.895,1.1140624999999997,0
0.895,1.1859375,0
0.895,1.2578125,0
0.895,1.3296875,0
0.895,1.4015624999999998,0
0.895,1.4734374999999997,0
0.895,1.5453125,0
0.895,1.6171875,0
0.895,1.6890625,0
0.895,1.7609374999999998,0
0.895,1.8328125000000002,0
0.895,1.9046874999999996,0
0.895,1.9765625,0
0.895,2.0484374999999995,0
0.895,2.1203125,0
0.895,2.1921875,0
0.895,2.2640624999999996,0
0.905,-2.2640624999999996,0
0.905,-2.1921874999999997,0
0.905,-2.1203125,0
0.905,-2.0484375,0
0.905,-1.9765624999999998,0
0.905,-1.9046874999999999,0
0.905,-1.8328124999999997,0
0.905,-1.7609374999999998,0
0.905,-1.6890625,0
0.905,-1.6171875,0
0.905,-1.5453124999999999,0
0.905,-1.4734374999999997,0
0.905,-1.4015624999999998,0
0.905,-1.3296875,0
0.905,-1.2578125,0
0.905,-1.1859374999999999,0
0.905,-1.1140625,0
0.905,-1.0421874999999998,0
0.905,-0.9703124999999999,0
0.905,-0.8984375,0
0.905,-0.8265624999999999,0
0.905,-0.7546875,0
0.905,-0.6828125,0
0.905,-0.6109374999999999,0
0.905,-0.5390625,0
0.905,-0.46718749999999987,0
0.905,-0.39531249999999996,0
0.905,-0.32343750000000004,1
0.905,-0.2515624999999999,127
0.905,-0.1796875,894
0.905,-0.10781250000000009,3970
0.905,-0.03593750000000018,9919
0.905,0.03593750000000018,10707
0.905,0.10781250000000009,4569
0.905,0.1796875,926
0.905,0.2515624999999999,149
0.905,0.3234374999999998,0
0.905,0.3953125000000002,0
0.905,0.4671875000000001,0
0.905,0.5390625,0
0.905,0.6109374999999999,0
0.905,0.6828124999999998,0
0.905,0.7546874999999997,0
0.905,0.8265625000000001,0
0.905,0.8984375,0
0.905,0.9703124999999999,0
0.905,1.0421874999999998,0
0.905,1.1140624999999997,0
0.905,1.1859375,0
0.905,1.2578125,0
0.905,1.3296875,0
0.905,1.4015624999999998,0
0.905,1.4734374999999997,0
0.905,1.5453125,0
0.905,1.6171875,0
0.905,1.6890625,0
0.905,1.7609374999999998,0
0.905,1.8328125000000002,0
0.905,1.9046874999999996,0
0.905,1.9765625,0
0.905,2.0484374999999995,0
0.905,2.1203125,0
0.905,2.1921875,0
0.905,2.2640624999999996,0
0.915,-2.2640624999999996,0
0.915,-2.1921874999999997,0
0.915,-2.1203125,0
0.915,-2.0484375,0
0.915,-1.9765624999999998,0
0.915,-1.9046874999999999,0
0.915,-1.8328124999999997,0
0.915,-1.7609374999999998,0
0.915,-1.6890625,0
0.915,-1.6171875,0
0.915,-1.5453124999999999,0
0.915,-1.4734374999999997,0
0.915,-1.4015624999999998,0
0.915,-1.3296875,0
0.915,-1.2578125,0
0.915,-1.1859374999999999,0
0.915,-1.1140625,0
0.915,-1.0421874999999998,0
0.915,-0.9703124999999999,0
0.915,-0.8984375,0
0.915,-0.8265624999999999,0
0.915,-0.7546875,0
0.915,-0.6828125,0
0.915,-0.6109374999999999,0
0.915,-0.5390625,0
0.915,-0.46718749999999987,0
0.915,-0.39531249999999996,0
0.915,-0.32343750000000004,101
0.915,-0.2515624999999999,434
0.915,-0.1796875,1613
0.915,-0.10781250000000009,4978
0.915,-0.03593750000000018,9593
0.915,0.03593750000000018,10013
0.915,0.10781250000000009,5854
0.915,0.1796875,1671
0.915,0.2515624999999999,495
0.915,0.3234374999999998,48
0.915,0.3953125000000002,2
0.915,0.4671875000000001,0
0.915,0.5390625,0
0.915,0.6109374999999999,0
0.915,0.6828124999999998,0
0.915,0.7546874999999997,0
0.915,0.8265625000000001,0
0.915,0.8984375,0
0.915,0.9703124999999999,0
0.915,1.0421874999999998,0
0.915,1.1140624999999997,0
0.915,1.1859375,0
0.915,1.2578125,0
0.915,1.3296875,0
0.915,1.4015624999999998,0
0.915,1.4734374999999997,0
0.915,1.5453125,0
0.915,1.6171875,0
0.915,1.6890625,0
0.915,1.7609374999999998,0
0.915,1.8328125000000002,0
0.915,1.9046874999999996,0
0.915,1.9765625,0
0.915,2.0484374999999995,0
0.915,2.1203125,0
0.915,2.1921875,0
0.915,2.2640624999999996,0
0.925,-2.2640624999999996,0
0.925,-2.1921874999999997,0
0.925,-2.1203125,0
0.925,-2.0484375,0
0.925,-1.9765624999999998,0
0.925,-1.9046874999999999,0
0.925,-1.8328124999999997,0
0.925,-1.7609374999999998,0
0.925,-1.6890625,0
0.925,-1.6171875,0
0.925,-1.5453124999999999,0
0.925,-1.4734374999999997,0
0.925,-1.4015624999999998,0
0.925,-1.3296875,0
0.925,-1.2578125,0
0.925,-1.1859374999999999,0
0.925,-1.1140625,0
0.925,-1.0421874999999998,0
0.925,-0.9703124999999999,0
0.925,-0.8984375,0
0.925,-0.8265624999999999,0
0.925,-0.7546875,0
0.925,-0.6828125,0
0.925,-0.6109374999999999,0
0.925,-0.5390625,0
0.925,-0.46718749999999987,2
0.925,-0.39531249999999996,20
0.925,-0.32343750000000004,368
0.925,-0.2515624999999999,874
0.925,-0.1796875,2422
0.925,-0.10781250000000009,5118
0.925,-0.03593750000000018,9316
0.925,0.03593750000000018,9595
0.925,0.10781250000000009,5935
0.925,0.1796875,2721
0.925,0.2515624999999999,1046
0.925,0.3234374999999998,293
0.925,0.3953125000000002,40
0.925,0.4671875000000001,0
0.925,0.5390625,0
0.925,0.6109374999999999,0
0.925,0.6828124999999998,0
0.925,0.7546874999999997,0
0.925,0.8265625000000001,0
0.925,0.8984375,0
0.925,0.9703124999999999,0
0.925,1.0421874999999998,0
0.925,1.1140624999999997,0
0.925,1.1859375,0
0.925,1.2578125,0
0.925,1.3296875,0
0.925,1.4015624999999998,0
0.925,1.4734374999999997,0
0.925,1.5453125,0
0.925,1.6171875,0
0.925,1.6890625,0
0.925,1.7609374999999998,0
0.925,1.8328125000000002,0
0.925,1.9046874999999996,0
0.925,1.9765625,0
0.925,2.0484374999999995,0
0.925,2.1203125,0
0.925,2.1921875,0
0.925,2.2640624999999996,0
0.935,-2.2640624999999996,0
0.935,-2.1921874999999997,0
0.935,-2.1203125,0
0.935,-2.0484375,0
0.935,-1.9765624999999998,0
0.935,-1.9046874999999999,0
0.935,-1.8328124999999997,0
0.935,-1.7609374999999998,0
0.935,-1.6890625,0
0.935,-1.6171875,0
0.935,-1.5453124999999999,0
0.935,-1.4734374999999997,0
0.935,-1.4015624999999998,0
0.935,-1.3296875,0
0.935,-1.2578125,0
0.935,-1.1859374999999999,0
0.935,-1.1140625,0
0.935,-1.0421874999999998,0
0.935,-0.9703124999999999,0
0.935,-0.8984375,0
0.935,-0.8265624999999999,0
0.935,-0.7546875,0
0.935,-0.6828125,0
0.935,-0.6109374999999999,0
0.935,-0.5390625,1
0.935,-0.46718749999999987,25
0.935,-0.39531249999999996,149
0.935,-0.32343750000000004,666
0.935,-0.2515624999999999,1439
0.935,-0.1796875,2826
0.935,-0.10781250000000009,5250
0.935,-0.03593750000000018,9244
0.935,0.03593750000000018,9164
0.935,0.10781250000000009,5796
0.935,0.1796875,3350
0.935,0.2515624999999999,1679
0.935,0.3234374999999998,601
0.935,0.3953125000000002,215
0.935,0.4671875000000001,34
0.935,0.5390625,0
0.935,0.6109374999999999,0
0.935,0.6828124999999998,0
0.935,0.7546874999999997,0
0.935,0.8265625000000001,0
0.935,0.8984375,0
0.935,0.9703124999999999,0
0.935,1.0421874999999998,0
0.935,1.1140624999999997,0
0.935,1.1859375,0
0.935,1.2578125,0
0.935,1.3296875,0
0.935,1.4015624999999998,0
0.935,1.4734374999999997,0
0.935,1.5453125,0
0.935,1.6171875,0
0.935,1.6890625,0
0.935,1.7609374999999998,0
0.935,1.8328125000000002,0
0.935,1.9046874999999996,0
0.935,1.9765625,0
0.935,2.0484374999999995,0
0.935,2.1203125,0
0.935,2.1921875,0
0.935,2.2640624999999996,0
0.945,-2.2640624999999996,0
0.945,-2.1921874999999997,0
0.945,-2.1203125,0
0.945,-2.0484375,0
0.945,-1.9765624999999998,0
0.945,-1.9046874999999999,0
0.945,-1.8328124999999997,0
0.945,-1.7609374999999998,0
0.945,-1.6890625,0
0.945,-1.6171875,0
0.945,-1.5453124999999999,0
0.945,-1.4734374999999997,0
0.945,-1.4015624999999998,0
0.945,-1.3296875,0
0.945,-1.2578125,0
0.945,-1.1859374999999999,0
0.945,-1.1140625,0
0.945,-1.0421874999999998,0
0.945,-0.9703124999999999,0
0.945,-0.8984375,0
0.945,-0.8265624999999999,0
0.945,-0.7546875,0
0.945,-0.6828125,0
0.945,-0.6109374999999999,1
0.945,-0.5390625,37
0.945,-0.46718749999999987,155
0.945,-0.39531249999999996,343
0.945,-0.32343750000000004,1035
0.945,-0.2515624999999999,2062
0.945,-0.1796875,2791
0.945,-0.10781250000000009,5387
0.945,-0.03593750000000018,8773
0.945,0.03593750000000018,8708
0.945,0.10781250000000009,5847
0.945,0.1796875,3563
0.945,0.2515624999999999,2243
0.945,0.3234374999999998,1002
0.945,0.3953125000000002,458
0.945,0.4671875000000001,203
0.945,0.5390625,20
0.945,0.6109374999999999,0
0.945,0.6828124999999998,0
0.945,0.7546874999999997,0
0.945,0.8265625000000001,0
0.945,0.8984375,0
0.945,0.9703124999999999,0
0.945,1.0421874999999998,0
0.945,1.1140624999999997,0
0.945,1.1859375,0
0.945,1.2578125,0
0.945,1.3296875,0
0.945,1.4015624999999998,0
0.945,1.4734374999999997,0
0.945,1.5453125,0
0.945,1.6171875,0
0.945,1.6890625,0
0.945,1.7609374999999998,0
0.945,1.8328125000000002,0
0.945,1.9046874999999996,0
0.945,1.9765625,0
0.945,2.0484374999999995,0
0.945,2.1203125,0
0.945,2.1921875,0
0.945,2.2640624999999996,0
0.955,-2.2640624999999996,0
0.955,-2.1921874999999997,0
0.955,-2.1203125,0
0.955,-2.0484375,0
0.955,-1.9765624999999998,0
0.955,-1.9046874999999999,0
0.955,-1.8328124999999997,0
0.955,-1.7609374999999998,0
0.955,-1.6890625,0
0.955,-1.6171875,0
0.955,-1.5453124999999999,0
0.955,-1.4734374999999997,0
0.955,-1.4015624999999998,0
0.955,-1.3296875,0
0.955,-1.2578125,0
0.955,-1.1859374999999999,0
0.955,-1.1140625,0
0.955,-1.0421874999999998,0
0.955,-0.9703124999999999,0
0.955,-0.8984375,0
0.955,-0.8265624999999999,0
0.955,-0.7546875,1
0.955,-0.6828125,5
0.955,-0.6109374999999999,24
0.955,-0.5390625,201
0.955,-0.46718749999999987,398
0.955,-0.39531249999999996,660
0.955,-0.32343750000000004,1381
0.955,-0.2515624999999999,2177
0.955,-0.1796875,3038
0.955,-0.10781250000000009,5507
0.955,-0.03593750000000018,8362
0.955,0.03593750000000018,7939
0.955,0.10781250000000009,5745
0.955,0.1796875,3911
0.955,0.2515624999999999,2368
0.955,0.3234374999999998,1362
0.955,0.3953125000000002,743
0.955,0.4671875000000001,428
0.955,0.5390625,220
0.955,0.6109374999999999,47
0.955,0.6828124999999998,5
0.955,0.7546874999999997,0
0.955,0.8265625000000001,0
0.955,0.8984375,0
0.955,0.9703124999999999,0
0.955,1.0421874999999998,0
0.955,1.1140624999999997,0
0.955,1.1859375,0
0.955,1.2578125,0
0.955,1.3296875,0
0.955,1.4015624999999998,0
0.955,1.4734374999999997,0
0.955,1.5453125,0
0.955,1.6171875,0
0.955,1.6890625,0
0.955,1.7609374999999998,0
0.955,1.8328125000000002,0
0.955,1.9046874999999996,0
0.955,1.9765625,0
0.955,2.0484374999999995,0
0.955,2.1203125,0
0.955,2.1921875,0
0.955,2.2640624999999996,0
0.965,-2.2640624999999996,0
0.965,-2.1921874999999997,0
0.965,-2.1203125,0
0.965,-2.0484375,0
0.965,-1.9765624999999998,0
0.965,-1.9046874999999999,0
0.965,-1.8328124999999997,0
0.965,-1.7609374999999998,0
0.965,-1.6890625,0
0.965,-1.6171875,0
0.965,-1.5453124999999999,0
0.965,-1.4734374999999997,0
0.965,-1.4015624999999998,0
0.965,-1.3296875,0
0.965,-1.2578125,0
0.965,-1.1859374999999999,0
0.965,-1.1140625,0
0.965,-1.0421874999999998,0
0.965,-0.9703124999999999,0
0.965,-0.8984375,0
0.965,-0.8265624999999999,0
0.965,-0.7546875,13
0.965,-0.6828125,24
0.965,-0.6109374999999999,187
0.965,-0.5390625,351
0.965,-0.46718749999999987,731
0.965,-0.39531249999999996,883
0.965,-0.32343750000000004,1472
0.965,-0.2515624999999999,2269
0.965,-0.1796875,3164
0.965,-0.10781250000000009,5556
0.965,-0.03593750000000018,7854
0.965,0.03593750000000018,7637
0.965,0.10781250000000009,5842
0.965,0.1796875,3699
0.965,0.2515624999999999,2410
0.965,0.3234374999999998,1604
0.965,0.3953125000000002,1059
0.965,0.4671875000000001,677
0.965,0.5390625,600
0.965,0.6109374999999999,179
0.965,0.6828124999999998,20
0.965,0.7546874999999997,4
0.965,0.8265625000000001,0
0.965,0.8984375,0
0.965,0.9703124999999999,0
0.965,1.0421874999999998,0
0.965,1.1140624999999997,0
0.965,1.1859375,0
0.965,1.2578125,0
0.965,1.3296875,0
0.965,1.4015624999999998,0
0.965,1.4734374999999997,0
0.965,1.5453125,0
0.965,1.6171875,0
0.965,1.6890625,0
0.965,1.7609374999999998,0
0.965,1.8328125000000002,0
0.965,1.9046874999999996,0
0.965,1.9765625,0
0.965,2.0484374999999995,0
0.965,2.1203125,0
0.965,2.1921875,0
0.965,2.2640624999999996,0
0.975,-2.2640624999999996,0
0.975,-2.1921874999999997,0
0.975,-2.1203125,0
0.975,-2.0484375,0
0.975,-1.9765624999999998,0
0.975,-1.9046874999999999,0
0.975,-1.8328124999999997,0
0.975,-1.7609374999999998,0
0.975,-1.6890625,0
0.975,-1.6171875,0
0.975,-1.5453124999999999,0
0.975,-1.4734374999999997,0
0.975,-1.4015624999999998,0
0.975,-1.3296875,0
0.975,-1.2578125,0
0.975,-1.1859374999999999,0
0.975,-1.1140625,0
0.975,-1.0421874999999998,0
0.975,-0.9703124999999999,0
0.975,-0.8984375,0
0.975,-0.8265624999999999,10
0.975,-0.7546875,90
0.975,-0.6828125,152
0.975,-0.6109374999999999,433
0.975,-0.5390625,535
0.975,-0.46718749999999987,996
0.975,-0.39531249999999996,980
0.975,-0.32343750000000004,1430
0.975,-0.2515624999999999,2502
0.975,-0.1796875,3483
0.975,-0.10781250000000009,5541
0.975,-0.03593750000000018,7473
0.975,0.03593750000000018,7372
0.975,0.10781250000000009,5741
0.975,0.1796875,3619
0.975,0.2515624999999999,2334
0.975,0.3234374999999998,1791
0.975,0.3953125000000002,971
0.975,0.4671875000000001,968
0.975,0.5390625,707
0.975,0.6109374999999999,349
0.975,0.6828124999999998,128
0.975,0.7546874999999997,44
0.975,0.8265625000000001,7
0.975,0.8984375,0
0.975,0.9703124999999999,0
0.975,1.0421874999999998,0
0.975,1.1140624999999997,0
0.975,1.1859375,0
0.975,1.2578125,0
0.975,1.3296875,0
0.975,1.4015624999999998,0
0.975,1.4734374999999997,0
0.975,1.5453125,0
0.975,1.6171875,0
0.975,1.6890625,0
0.975,1.7609374999999998,0
0.975,1.8328125000000002,0
0.975,1.9046874999999996,0
0.975,1.9765625,0
0.975,2.0484374999999995,0
0.975,2.1203125,0
0.975,2.1921875,0
0.975,2.2640624999999996,0
0.985,-2.2640624999999996,0
0.985,-2.1921874999999997,0
0.985,-2.1203125,0
0.985,-2.0484375,0
0.985,-1.9765624999999998,0
0.985,-1.9046874999999999,0
0.985,-1.8328124999999997,0
0.985,-1.7609374999999998,0
0.985,-1.6890625,0
0.985,-1.6171875,0
0.985,-1.5453124999999999,0
0.985,-1.4734374999999997,0
0.985,-1.4015624999999998,0
0.985,-1.3296875,0
0.985,-1.2578125,0
0.985,-1.1859374999999999,0
0.985,-1.1140625,0
0.985,-1.0421874999999998,0
0.985,-0.9703124999999999,0
0.985,-0.8984375,33
0.985,-0.8265624999999999,116
0.985,-0.7546875,341
0.985,-0.6828125,385
0.985,-0.6109374999999999,688
0.985,-0.5390625,613
0.985,-0.46718749999999987,958
0.985,-0.39531249999999996,923
0.985,-0.32343750000000004,1584
0.985,-0.2515624999999999,2566
0.985,-0.1796875,3478
0.985,-0.10781250000000009,5750
0.985,-0.03593750000000018,7116
0.985,0.03593750000000018,7248
0.985,0.10781250000000009,5689
0.985,0.1796875,3944
0.985,0.2515624999999999,2565
0.985,0.3234374999999998,1666
0.985,0.3953125000000002,1219
0.985,0.4671875000000001,1034
0.985,0.5390625,922
0.985,0.6109374999999999,568
0.985,0.6828124999999998,297
0.985,0.7546874999999997,167
0.985,0.8265625000000001,111
0.985,0.8984375,3
0.985,0.9703124999999999,8
0.985,1.0421874999999998,0
0.985,1.1140624999999997,0
0.985,1.1859375,0
0.985,1.2578125,0
0.985,1.3296875,0
0.985,1.4015624999999998,0
0.985,1.4734374999999997,0
0.985,1.5453125,0
0.985,1.6171875,0
0.985,1.6890625,0
0.985,1.7609374999999998,0
0.985,1.8328125000000002,0
0.985,1.9046874999999996,0
0.985,1.9765625,0
0.985,2.0484374999999995,0
0.985,2.1203125,0
0.985,2.1921875,0
0.985,2.2640624999999996,0
0.995,-2.2640624999999996,0
0.995,-2.1921874999999997,0
0.995,-2.1203125,0
0.995,-2.0484375,0
0.995,-1.9765624999999998,0
0.995,-1.9046874999999999,0
0.995,-1.8328124999999997,0
0.995,-1.7609374999999998,0
0.995,-1.6890625,0
0.995,-1.6171875,0
0.995,-1.5453124999999999,0
0.995,-1.4734374999999997,0
0.995,-1.4015624999999998,0
0.995,-1.3296875,0
0.995,-1.2578125,0
0.995,-1.1859374999999999,0
0.995,-1.1140625,0
0.995,-1.0421874999999998,20
0.995,-0.9703124999999999,44
0.995,-0.8984375,184
0.995,-0.8265624999999999,298
0.995,-0.7546875,689
0.995,-0.6828125,803
0.995,-0.6109374999999999,895
0.995,-0.5390625,569
0.995,-0.46718749999999987,963
0.995,-0.39531249999999996,1035
0.995,-0.32343750000000004,1556
0.995,-0.2515624999999999,2596
0.995,-0.1796875,3499
0.995,-0.10781250000000009,6039
0.995,-0.03593750000000018,7076
0.995,0.03593750000000018,7036
0.995,0.10781250000000009,5748
0.995,0.1796875,4071
0.995,0.2515624999999999,2684
0.995,0.3234374999999998,1797
0.995,0.3953125000000002,1233
0.995,0.4671875000000001,1159
0.995,0.5390625,1004
0.995,0.6109374999999999,704
0.995,0.6828124999999998,627
0.995,0.7546874999999997,318
0.995,0.8265625000000001,240
0.995,0.8984375,87
0.995,0.9703124999999999,51
0.995,1.0421874999999998,0
0.995,1.1140624999999997,1
0.995,1.1859375,0
0.995,1.2578125,0
0.995,1.3296875,0
0.995,1.4015624999999998,0
0.995,1.4734374999999997,0
0.995,1.5453125,0
0.995,1.6171875,0
0.995,1.6890625,0
0.995,1.7609374999999998,0
0.995,1.8328125000000002,0
0.995,1.9046874999999996,0
0.995,1.9765625,0
0.995,2.0484374999999995,0
0.995,2.1203125,0
0.995,2.1921875,0
0.995,2.2640624999999996,0
