x,y,count
0.005,-2.2640624999999996,0
0.005,-2.1921874999999997,0
0.005,-2.1203125,0
0.005,-2.0484375,0
0.005,-1.9765624999999998,0
0.005,-1.9046874999999999,0
0.005,-1.8328124999999997,0
0.005,-1.7609374999999998,0
0.005,-1.6890625,0
0.005,-1.6171875,0
0.005,-1.5453124999999999,0
0.005,-1.4734374999999997,0
0.005,-1.4015624999999998,0
0.005,-1.3296875,0
0.005,-1.2578125,0
0.005,-1.1859374999999999,0
0.005,-1.1140625,3
0.005,-1.0421874999999998,67
0.005,-0.9703124999999999,185
0.005,-0.8984375,329
0.005,-0.8265624999999999,459
0.005,-0.7546875,412
0.005,-0.6828125,335
0.005,-0.6109374999999999,354
0.005,-0.5390625,569
0.005,-0.46718749999999987,614
0.005,-0.39531249999999996,834
0.005,-0.32343750000000004,1146
0.005,-0.2515624999999999,1549
0.005,-0.1796875,2364
0.005,-0.10781250000000009,3866
0.005,-0.03593750000000018,4387
0.005,0.03593750000000018,4824
0.005,0.10781250000000009,3753
0.005,0.1796875,2615
0.005,0.2515624999999999,1531
0.005,0.3234374999999998,1067
0.005,0.3953125000000002,873
0.005,0.4671875000000001,543
0.005,0.5390625,463
0.005,0.6109374999999999,463
0.005,0.6828124999999998,461
0.005,0.7546874999999997,609
0.005,0.8265625000000001,653
0.005,0.8984375,503
0.005,0.9703124999999999,266
0.005,1.0421874999999998,82
0.005,1.1140624999999997,3
0.005,1.1859375,0
0.005,1.2578125,0
0.005,1.3296875,0
0.005,1.4015624999999998,0
0.005,1.4734374999999997,0
0.005,1.5453125,0
0.005,1.6171875,0
0.005,1.6890625,0
0.005,1.7609374999999998,0
0.005,1.8328125000000002,0
0.005,1.9046874999999996,0
0.005,1.9765625,0
0.005,2.0484374999999995,0
0.005,2.1203125,0
0.005,2.1921875,0
0.005,2.2640624999999996,0
0.015,-2.2640624999999996,0
0.015,-2.1921874999999997,0
0.015,-2.1203125,0
0.015,-2.0484375,0
0.015,-1.9765624999999998,0
0.015,-1.9046874999999999,0
0.015,-1.8328124999999997,0
0.015,-1.7609374999999998,0
0.015,-1.6890625,0
0.015,-1.6171875,0
0.015,-1.5453124999999999,0
0.015,-1.4734374999999997,0
0.015,-1.4015624999999998,0
0.015,-1.3296875,0
0.015,-1.2578125,0
0.015,-1.1859374999999999,9
0.015,-1.1140625,54
0.015,-1.0421874999999998,180
0.015,-0.9703124999999999,366
0.015,-0.8984375,401
0.015,-0.8265624999999999,480
0.015,-0.7546875,395
0.015,-0.6828125,355
0.015,-0.6109374999999999,415
0.015,-0.5390625,516
0.015,-0.46718749999999987,611
0.015,-0.39531249999999996,762
0.015,-0.32343750000000004,1222
0.015,-0.2515624999999999,1683
0.015,-0.1796875,2631
0.015,-0.10781250000000009,3756
0.015,-0.03593750000000018,4247
0.015,0.03593750000000018,4504
0.015,0.10781250000000009,3739
0.015,0.1796875,2540
0.015,0.2515624999999999,1534
0.015,0.3234374999999998,1137
0.015,0.3953125000000002,972
0.015,0.4671875000000001,603
0.015,0.5390625,550
0.015,0.6109374999999999,540
0.015,0.6828124999999998,592
0.015,0.7546874999999997,743
0.015,0.8265625000000001,687
0.015,0.8984375,582
0.015,0.9703124999999999,680
0.015,1.0421874999999998,288
0.015,1.1140624999999997,110
0.015,1.1859375,11
0.015,1.2578125,0
0.015,1.3296875,0
0.015,1.4015624999999998,0
0.015,1.4734374999999997,0
0.015,1.5453125,0
0.015,1.6171875,0
0.015,1.6890625,0
0.015,1.7609374999999998,0
0.015,1.8328125000000002,0
0.015,1.9046874999999996,0
0.015,1.9765625,0
0.015,2.0484374999999995,0
0.015,2.1203125,0
0.015,2.1921875,0
0.015,2.2640624999999996,0
0.025,-2.2640624999999996,0
0.025,-2.1921874999999997,0
0.025,-2.1203125,0
0.025,-2.0484375,0
0.025,-1.9765624999999998,0
0.025,-1.9046874999999999,0
0.025,-1.8328124999999997,0
0.025,-1.7609374999999998,0
0.025,-1.6890625,0
0.025,-1.6171875,0
0.025,-1.5453124999999999,0
0.025,-1.4734374999999997,0
0.025,-1.4015624999999998,0
0.025,-1.3296875,3
0.025,-1.2578125,24
0.025,-1.1859374999999999,95
0.025,-1.1140625,232
0.025,-1.0421874999999998,292
0.025,-0.9703124999999999,392
0.025,-0.8984375,451
0.025,-0.8265624999999999,617
0.025,-0.7546875,418
0.025,-0.6828125,405
0.025,-0.6109374999999999,479
0.025,-0.5390625,441
0.025,-0.46718749999999987,615
0.025,-0.39531249999999996,804
0.025,-0.32343750000000004,1242
0.025,-0.2515624999999999,1796
0.025,-0.1796875,2586
0.025,-0.10781250000000009,3443
0.025,-0.03593750000000018,4291
0.025,0.03593750000000018,4596
0.025,0.10781250000000009,3552
0.025,0.1796875,2614
0.025,0.2515624999999999,1615
0.025,0.3234374999999998,1132
0.025,0.3953125000000002,978
0.025,0.4671875000000001,571
0.025,0.5390625,602
0.025,0.6109374999999999,632
0.025,0.6828124999999998,628
0.025,0.7546874999999997,718
0.025,0.8265625000000001,755
0.025,0.8984375,656
0.025,0.9703124999999999,885
0.025,1.0421874999999998,499
0.025,1.1140624999999997,327
0.025,1.1859375,202
0.025,1.2578125,17
0.025,1.3296875,1
0.025,1.4015624999999998,0
0.025,1.4734374999999997,0
0.025,1.5453125,0
0.025,1.6171875,0
0.025,1.6890625,0
0.025,1.7609374999999998,0
0.025,1.8328125000000002,0
0.025,1.9046874999999996,0
0.025,1.9765625,0
0.025,2.0484374999999995,0
0.025,2.1203125,0
0.025,2.1921875,0
0.025,2.2640624999999996,0
0.035,-2.2640624999999996,0
0.035,-2.1921874999999997,0
0.035,-2.1203125,0
0.035,-2.0484375,0
0.035,-1.9765624999999998,0
0.035,-1.9046874999999999,0
0.035,-1.8328124999999997,0
0.035,-1.7609374999999998,0
0.035,-1.6890625,0
0.035,-1.6171875,0
0.035,-1.5453124999999999,0
0.035,-1.4734374999999997,0
0.035,-1.4015624999999998,11
0.035,-1.3296875,100
0.035,-1.2578125,221
0.035,-1.1859374999999999,311
0.035,-1.1140625,373
0.035,-1.0421874999999998,330
0.035,-0.9703124999999999,408
0.035,-0.8984375,526
0.035,-0.8265624999999999,652
0.035,-0.7546875,494
0.035,-0.6828125,440
0.035,-0.6109374999999999,546
0.035,-0.5390625,453
0.035,-0.46718749999999987,662
0.035,-0.39531249999999996,782
0.035,-0.32343750000000004,1335
0.035,-0.2515624999999999,1716
0.035,-0.1796875,2548
0.035,-0.10781250000000009,3342
0.035,-0.03593750000000018,4236
0.035,0.03593750000000018,4727
0.035,0.10781250000000009,3446
0.035,0.1796875,2560
0.035,0.2515624999999999,1692
0.035,0.3234374999999998,1130
0.035,0.3953125000000002,928
0.035,0.4671875000000001,660
0.035,0.5390625,656
0.035,0.6109374999999999,654
0.035,0.6828124999999998,629
0.035,0.7546874999999997,727
0.035,0.8265625000000001,715
0.035,0.8984375,734
0.035,0.9703124999999999,862
0.035,1.0421874999999998,610
0.035,1.1140624999999997,456
0.035,1.1859375,417
0.035,1.2578125,163
0.035,1.3296875,62
0.035,1.4015624999999998,3
0.035,1.4734374999999997,0
0.035,1.5453125,0
0.035,1.6171875,0
0.035,1.6890625,0
0.035,1.7609374999999998,0
0.035,1.8328125000000002,0
0.035,1.9046874999999996,0
0.035,1.9765625,0
0.035,2.0484374999999995,0
0.035,2.1203125,0
0.035,2.1921875,0
0.035,2.2640624999999996,0
0.045,-2.2640624999999996,0
0.045,-2.1921874999999997,0
0.045,-2.1203125,0
0.045,-2.0484375,0
0.045,-1.9765624999999998,0
0.045,-1.9046874999999999,0
0.045,-1.8328124999999997,0
0.045,-1.7609374999999998,0
0.045,-1.6890625,0
0.045,-1.6171875,0
0.045,-1.5453124999999999,0
0.045,-1.4734374999999997,16
0.045,-1.4015624999999998,188
0.045,-1.3296875,485
0.045,-1.2578125,599
0.045,-1.1859374999999999,396
0.045,-1.1140625,392
0.045,-1.0421874999999998,400
0.045,-0.9703124999999999,462
0.045,-0.8984375,579
0.045,-0.8265624999999999,757
0.045,-0.7546875,519
0.045,-0.6828125,489
0.045,-0.6109374999999999,617
0.045,-0.5390625,587
0.045,-0.46718749999999987,686
0.045,-0.39531249999999996,843
0.045,-0.32343750000000004,1278
0.045,-0.2515624999999999,1791
0.045,-0.1796875,2655
0.045,-0.10781250000000009,3330
0.045,-0.03593750000000018,4242
0.045,0.03593750000000018,4811
0.045,0.10781250000000009,3325
0.045,0.1796875,2672
0.045,0.2515624999999999,1784
0.045,0.3234374999999998,1062
0.045,0.3953125000000002,898
0.045,0.4671875000000001,714
0.045,0.5390625,715
0.045,0.6109374999999999,633
0.045,0.6828124999999998,745
0.045,0.7546874999999997,737
0.045,0.8265625000000001,677
0.045,0.8984375,697
0.045,0.9703124999999999,903
0.045,1.0421874999999998,753
0.045,1.1140624999999997,501
0.045,1.1859375,542
0.045,1.2578125,402
0.045,1.3296875,307
0.045,1.4015624999999998,134
0.045,1.4734374999999997,11
0.045,1.5453125,0
0.045,1.6171875,0
0.045,1.6890625,0
0.045,1.7609374999999998,0
0.045,1.8328125000000002,0
0.045,1.9046874999999996,0
0.045,1.9765625,0
0.045,2.0484374999999995,0
0.045,2.1203125,0
0.045,2.1921875,0
0.045,2.2640624999999996,0
0.055,-2.2640624999999996,0
0.055,-2.1921874999999997,0
0.055,-2.1203125,0
0.055,-2.0484375,0
0.055,-1.9765624999999998,0
0.055,-1.9046874999999999,0
0.055,-1.8328124999999997,0
0.055,-1.7609374999999998,0
0.055,-1.6890625,0
0.055,-1.6171875,0
0.055,-1.5453124999999999,30
0.055,-1.4734374999999997,187
0.055,-1.4015624999999998,632
0.055,-1.3296875,812
0.055,-1.2578125,662
0.055,-1.1859374999999999,482
0.055,-1.1140625,479
0.055,-1.0421874999999998,413
0.055,-0.9703124999999999,528
0.055,-0.8984375,674
0.055,-0.8265624999999999,758
0.055,-0.7546875,583
0.055,-0.6828125,578
0.055,-0.6109374999999999,624
0.055,-0.5390625,600
0.055,-0.46718749999999987,704
0.055,-0.39531249999999996,793
0.055,-0.32343750000000004,1337
0.055,-0.2515624999999999,1779
0.055,-0.1796875,2458
0.055,-0.10781250000000009,3255
0.055,-0.03593750000000018,4241
0.055,0.03593750000000018,4629
0.055,0.10781250000000009,3377
0.055,0.1796875,2618
0.055,0.2515624999999999,1756
0.055,0.3234374999999998,1218
0.055,0.3953125000000002,966
0.055,0.4671875000000001,627
0.055,0.5390625,697
0.055,0.6109374999999999,739
0.055,0.6828124999999998,744
0.055,0.7546874999999997,759
0.055,0.8265625000000001,881
0.055,0.8984375,787
0.055,0.9703124999999999,928
0.055,1.0421874999999998,938
0.055,1.1140624999999997,499
0.055,1.1859375,587
0.055,1.2578125,579
0.055,1.3296875,669
0.055,1.4015624999999998,519
0.055,1.4734374999999997,233
0.055,1.5453125,30
0.055,1.6171875,0
0.055,1.6890625,0
0.055,1.7609374999999998,0
0.055,1.8328125000000002,0
0.055,1.9046874999999996,0
0.055,1.9765625,0
0.055,2.0484374999999995,0
0.055,2.1203125,0
0.055,2.1921875,0
0.055,2.2640624999999996,0
0.065,-2.2640624999999996,0
0.065,-2.1921874999999997,0
0.065,-2.1203125,0
0.065,-2.0484375,0
0.065,-1.9765624999999998,0
0.065,-1.9046874999999999,0
0.065,-1.8328124999999997,0
0.065,-1.7609374999999998,0
0.065,-1.6890625,0
0.065,-1.6171875,72
0.065,-1.5453124999999999,311
0.065,-1.4734374999999997,562
0.065,-1.4015624999999998,884
0.065,-1.3296875,895
0.065,-1.2578125,710
0.065,-1.1859374999999999,526
0.065,-1.1140625,492
0.065,-1.0421874999999998,507
0.065,-0.9703124999999999,565
0.065,-0.8984375,743
0.065,-0.8265624999999999,817
0.065,-0.7546875,684
0.065,-0.6828125,664
0.065,-0.6109374999999999,727
0.065,-0.5390625,642
0.065,-0.46718749999999987,691
0.065,-0.39531249999999996,953
0.065,-0.32343750000000004,1425
0.065,-0.2515624999999999,1825
0.065,-0.1796875,2503
0.065,-0.10781250000000009,3211
0.065,-0.03593750000000018,3903
0.065,0.03593750000000018,4337
0.065,0.10781250000000009,3484
0.065,0.1796875,2407
0.065,0.2515624999999999,1910
0.065,0.3234374999999998,1307
0.065,0.3953125000000002,1004
0.065,0.4671875000000001,797
0.065,0.5390625,822
0.065,0.6109374999999999,748
0.065,0.6828124999999998,725
0.065,0.7546874999999997,858
0.065,0.8265625000000001,944
0.065,0.8984375,791
0.065,0.9703124999999999,971
0.065,1.0421874999999998,1018
0.065,1.1140624999999997,635
0.065,1.1859375,698
0.065,1.2578125,627
0.065,1.3296875,754
0.065,1.4015624999999998,860
0.065,1.4734374999999997,587
0.065,1.5453125,288
0.065,1.6171875,61
0.065,1.6890625,0
0.065,1.7609374999999998,0
0.065,1.8328125000000002,0
0.065,1.9046874999999996,0
0.065,1.9765625,0
0.065,2.0484374999999995,0
0.065,2.1203125,0
0.065,2.1921875,0
0.065,2.2640624999999996,0
0.075,-2.2640624999999996,0
0.075,-2.1921874999999997,0
0.075,-2.1203125,0
0.075,-2.0484375,0
0.075,-1.9765624999999998,0
0.075,-1.9046874999999999,0
0.075,-1.8328124999999997,0
0.075,-1.7609374999999998,0
0.075,-1.6890625,56
0.075,-1.6171875,432
0.075,-1.5453124999999999,804
0.075,-1.4734374999999997,882
0.075,-1.4015624999999998,884
0.075,-1.3296875,936
0.075,-1.2578125,754
0.075,-1.1859374999999999,639
0.075,-1.1140625,482
0.075,-1.0421874999999998,607
0.075,-0.9703124999999999,658
0.075,-0.8984375,794
0.075,-0.8265624999999999,843
0.075,-0.7546875,652
0.075,-0.6828125,674
0.075,-0.6109374999999999,847
0.075,-0.5390625,700
0.075,-0.46718749999999987,746
0.075,-0.39531249999999996,1036
0.075,-0.32343750000000004,1363
0.075,-0.2515624999999999,1785
0.075,-0.1796875,2444
0.075,-0.10781250000000009,3341
0.075,-0.03593750000000018,3937
0.075,0.03593750000000018,4096
0.075,0.10781250000000009,3449
0.075,0.1796875,2511
0.075,0.2515624999999999,1996
0.075,0.3234374999999998,1359
0.075,0.3953125000000002,938
0.075,0.4671875000000001,875
0.075,0.5390625,869
0.075,0.6109374999999999,780
0.075,0.6828124999999998,723
0.075,0.7546874999999997,952
0.075,0.8265625000000001,970
0.075,0.8984375,824
0.075,0.9703124999999999,1066
0.075,1.0421874999999998,1027
0.075,1.1140624999999997,783
0.075,1.1859375,758
0.075,1.2578125,725
0.075,1.3296875,770
0.075,1.4015624999999998,867
0.075,1.4734374999999997,931
0.075,1.5453125,805
0.075,1.6171875,461
0.075,1.6890625,101
0.075,1.7609374999999998,1
0.075,1.8328125000000002,0
0.075,1.9046874999999996,0
0.075,1.9765625,0
0.075,2.0484374999999995,0
0.075,2.1203125,0
0.075,2.1921875,0
0.075,2.2640624999999996,0
0.085,-2.2640624999999996,0
0.085,-2.1921874999999997,0
0.085,-2.1203125,0
0.085,-2.0484375,0
0.085,-1.9765624999999998,0
0.085,-1.9046874999999999,0
0.085,-1.8328124999999997,0
0.085,-1.7609374999999998,91
0.085,-1.6890625,421
0.085,-1.6171875,1005
0.085,-1.5453124999999999,978
0.085,-1.4734374999999997,977
0.085,-1.4015624999999998,1053
0.085,-1.3296875,999
0.085,-1.2578125,752
0.085,-1.1859374999999999,766
0.085,-1.1140625,489
0.085,-1.0421874999999998,629
0.085,-0.9703124999999999,644
0.085,-0.8984375,815
0.085,-0.8265624999999999,882
0.085,-0.7546875,684
0.085,-0.6828125,687
0.085,-0.6109374999999999,807
0.085,-0.5390625,833
0.085,-0.46718749999999987,802
0.085,-0.39531249999999996,1103
0.085,-0.32343750000000004,1495
0.085,-0.2515624999999999,1908
0.085,-0.1796875,2636
0.085,-0.10781250000000009,3145
0.085,-0.03593750000000018,3688
0.085,0.03593750000000018,3817
0.085,0.10781250000000009,3431
0.085,0.1796875,2680
0.085,0.2515624999999999,2088
0.085,0.3234374999999998,1238
0.085,0.3953125000000002,1077
0.085,0.4671875000000001,984
0.085,0.5390625,948
0.085,0.6109374999999999,861
0.085,0.6828124999999998,756
0.085,0.7546874999999997,987
0.085,0.8265625000000001,1014
0.085,0.8984375,1054
0.085,0.9703124999999999,1132
0.085,1.0421874999999998,1105
0.085,1.1140624999999997,765
0.085,1.1859375,883
0.085,1.2578125,877
0.085,1.3296875,837
0.085,1.4015624999999998,961
0.085,1.4734374999999997,1029
0.085,1.5453125,1052
0.085,1.6171875,1130
0.085,1.6890625,577
0.085,1.7609374999999998,84
0.085,1.8328125000000002,1
0.085,1.9046874999999996,0
0.085,1.9765625,0
0.085,2.0484374999999995,0
0.085,2.1203125,0
0.085,2.1921875,0
0.085,2.2640624999999996,0
0.095,-2.2640624999999996,0
0.095,-2.1921874999999997,0
0.095,-2.1203125,0
0.095,-2.0484375,0
0.095,-1.9765624999999998,0
0.095,-1.9046874999999999,0
0.095,-1.8328124999999997,133
0.095,-1.7609374999999998,515
0.095,-1.6890625,1025
0.095,-1.6171875,1293
0.095,-1.5453124999999999,1128
0.095,-1.4734374999999997,1214
0.095,-1.4015624999999998,1189
0.095,-1.3296875,1099
0.095,-1.2578125,753
0.095,-1.1859374999999999,887
0.095,-1.1140625,599
0.095,-1.0421874999999998,737
0.095,-0.9703124999999999,665
0.095,-0.8984375,792
0.095,-0.8265624999999999,957
0.095,-0.7546875,746
0.095,-0.6828125,739
0.095,-0.6109374999999999,789
0.095,-0.5390625,876
0.095,-0.46718749999999987,896
0.095,-0.39531249999999996,1268
0.095,-0.32343750000000004,1452
0.095,-0.2515624999999999,2006
0.095,-0.1796875,2716
0.095,-0.10781250000000009,3079
0.095,-0.03593750000000018,3739
0.095,0.03593750000000018,3841
0.095,0.10781250000000009,3305
0.095,0.1796875,2468
0.095,0.2515624999999999,1974
0.095,0.3234374999999998,1176
0.095,0.3953125000000002,1097
0.095,0.4671875000000001,922
0.095,0.5390625,947
0.095,0.6109374999999999,951
0.095,0.6828124999999998,829
0.095,0.7546874999999997,1010
0.095,0.8265625000000001,1130
0.095,0.8984375,1042
0.095,0.9703124999999999,1155
0.095,1.0421874999999998,1183
0.095,1.1140624999999997,841
0.095,1.1859375,1067
0.095,1.2578125,944
0.095,1.3296875,1024
0.095,1.4015624999999998,1026
0.095,1.4734374999999997,1045
0.095,1.5453125,1146
0.095,1.6171875,1341
0.095,1.6890625,1253
0.095,1.7609374999999998,538
0.095,1.8328125000000002,56
0.095,1.9046874999999996,1
0.095,1.9765625,0
0.095,2.0484374999999995,0
0.095,2.1203125,0
0.095,2.1921875,0
0.095,2.2640624999999996,0
0.105,-2.2640624999999996,0
0.105,-2.1921874999999997,0
0.105,-2.1203125,0
0.105,-2.0484375,0
0.105,-1.9765624999999998,0
0.105,-1.9046874999999999,100
0.105,-1.8328124999999997,637
0.105,-1.7609374999999998,1188
0.105,-1.6890625,1189
0.105,-1.6171875,1385
0.105,-1.5453124999999999,1216
0.105,-1.4734374999999997,1298
0.105,-1.4015624999999998,1202
0.105,-1.3296875,1219
0.105,-1.2578125,863
0.105,-1.1859374999999999,862
0.105,-1.1140625,627
0.105,-1.0421874999999998,835
0.105,-0.9703124999999999,769
0.105,-0.8984375,840
0.105,-0.8265624999999999,981
0.105,-0.7546875,777
0.105,-0.6828125,775
0.105,-0.6109374999999999,802
0.105,-0.5390625,852
0.105,-0.46718749999999987,903
0.105,-0.39531249999999996,1229
0.105,-0.32343750000000004,1441
0.105,-0.2515624999999999,1960
0.105,-0.1796875,2751
0.105,-0.10781250000000009,2991
0.105,-0.03593750000000018,3633
0.105,0.03593750000000018,4001
0.105,0.10781250000000009,3311
0.105,0.1796875,2659
0.105,0.2515624999999999,1874
0.105,0.3234374999999998,1356
0.105,0.3953125000000002,1112
0.105,0.4671875000000001,1025
0.105,0.5390625,1052
0.105,0.6109374999999999,949
0.105,0.6828124999999998,916
0.105,0.7546874999999997,965
0.105,0.8265625000000001,1115
0.105,0.8984375,1179
0.105,0.9703124999999999,1365
0.105,1.0421874999999998,1210
0.105,1.1140624999999997,947
0.105,1.1859375,1016
0.105,1.2578125,1081
0.105,1.3296875,1167
0.105,1.4015624999999998,1172
0.105,1.4734374999999997,1294
0.105,1.5453125,1236
0.105,1.6171875,1401
0.105,1.6890625,1384
0.105,1.7609374999999998,1380
0.105,1.8328125000000002,474
0.105,1.9046874999999996,109
0.105,1.9765625,0
0.105,2.0484374999999995,0
0.105,2.1203125,0
0.105,2.1921875,0
0.105,2.2640624999999996,0
0.115,-2.2640624999999996,0
0.115,-2.1921874999999997,0
0.115,-2.1203125,0
0.115,-2.0484375,0
0.115,-1.9765624999999998,74
0.115,-1.9046874999999999,656
0.115,-1.8328124999999997,1321
0.115,-1.7609374999999998,1619
0.115,-1.6890625,1451
0.115,-1.6171875,1565
0.115,-1.5453124999999999,1382
0.115,-1.4734374999999997,1383
0.115,-1.4015624999999998,1275
0.115,-1.3296875,1216
0.115,-1.2578125,1011
0.115,-1.1859374999999999,833
0.115,-1.1140625,722
0.115,-1.0421874999999998,943
0.115,-0.9703124999999999,893
0.115,-0.8984375,878
0.115,-0.8265624999999999,963
0.115,-0.7546875,915
0.115,-0.6828125,774
0.115,-0.6109374999999999,785
0.115,-0.5390625,959
0.115,-0.46718749999999987,1002
0.115,-0.39531249999999996,1225
0.115,-0.32343750000000004,1532
0.115,-0.2515624999999999,2090
0.115,-0.1796875,2746
0.115,-0.10781250000000009,3119
0.115,-0.03593750000000018,3574
0.115,0.03593750000000018,3859
0.115,0.10781250000000009,3439
0.115,0.1796875,2744
0.115,0.2515624999999999,1960
0.115,0.3234374999999998,1523
0.115,0.3953125000000002,1119
0.115,0.4671875000000001,1099
0.115,0.5390625,1200
0.115,0.6109374999999999,1005
0.115,0.6828124999999998,1190
0.115,0.7546874999999997,1109
0.115,0.8265625000000001,1116
0.115,0.8984375,1205
0.115,0.9703124999999999,1543
0.115,1.0421874999999998,1341
0.115,1.1140624999999997,1062
0.115,1.1859375,1259
0.115,1.2578125,1241
0.115,1.3296875,1143
0.115,1.4015624999999998,1228
0.115,1.4734374999999997,1554
0.115,1.5453125,1241
0.115,1.6171875,1455
0.115,1.6890625,1509
0.115,1.7609374999999998,1528
0.115,1.8328125000000002,1110
0.115,1.9046874999999996,534
0.115,1.9765625,71
0.115,2.0484374999999995,0
0.115,2.1203125,0
0.115,2.1921875,0
0.115,2.2640624999999996,0
0.125,-2.2640624999999996,0
0.125,-2.1921874999999997,0
0.125,-2.1203125,0
0.125,-2.0484375,33
0.125,-1.9765624999999998,532
0.125,-1.9046874999999999,1486
0.125,-1.8328124999999997,1723
0.125,-1.7609374999999998,1768
0.125,-1.6890625,1731
0.125,-1.6171875,1696
0.125,-1.5453124999999999,1541
0.125,-1.4734374999999997,1431
0.125,-1.4015624999999998,1386
0.125,-1.3296875,1450
0.125,-1.2578125,1148
0.125,-1.1859374999999999,954
0.125,-1.1140625,830
0.125,-1.0421874999999998,1060
0.125,-0.9703124999999999,978
0.125,-0.8984375,1021
0.125,-0.8265624999999999,966
0.125,-0.7546875,931
0.125,-0.6828125,757
0.125,-0.6109374999999999,911
0.125,-0.5390625,1008
0.125,-0.46718749999999987,1086
0.125,-0.39531249999999996,1180
0.125,-0.32343750000000004,1634
0.125,-0.2515624999999999,2073
0.125,-0.1796875,2801
0.125,-0.10781250000000009,3118
0.125,-0.03593750000000018,3595
0.125,0.03593750000000018,3646
0.125,0.10781250000000009,3431
0.125,0.1796875,2829
0.125,0.2515624999999999,2060
0.125,0.3234374999999998,1510
0.125,0.3953125000000002,1206
0.125,0.4671875000000001,1197
0.125,0.5390625,1173
0.125,0.6109374999999999,1145
0.125,0.6828124999999998,1253
0.125,0.7546874999999997,1105
0.125,0.8265625000000001,1231
0.125,0.8984375,1340
0.125,0.9703124999999999,1606
0.125,1.0421874999999998,1494
0.125,1.1140624999999997,1162
0.125,1.1859375,1366
0.125,1.2578125,1339
0.125,1.3296875,1270
0.125,1.4015624999999998,1283
0.125,1.4734374999999997,1736
0.125,1.5453125,1314
0.125,1.6171875,1460
0.125,1.6890625,1556
0.125,1.7609374999999998,1909
0.125,1.8328125000000002,1460
0.125,1.9046874999999996,1296
0.125,1.9765625,526
0.125,2.0484374999999995,26
0.125,2.1203125,0
0.125,2.1921875,0
0.125,2.2640624999999996,0
0.135,-2.2640624999999996,0
0.135,-2.1921874999999997,0
0.135,-2.1203125,4
0.135,-2.0484375,352
0.135,-1.9765624999999998,1509
0.135,-1.9046874999999999,1940
0.135,-1.8328124999999997,1925
0.135,-1.7609374999999998,2032
0.135,-1.6890625,1636
0.135,-1.6171875,1963
0.135,-1.5453124999999999,1650
0.135,-1.4734374999999997,1572
0.135,-1.4015624999999998,1379
0.135,-1.3296875,1577
0.135,-1.2578125,1385
0.135,-1.1859374999999999,1066
0.135,-1.1140625,919
0.135,-1.0421874999999998,1162
0.135,-0.9703124999999999,981
0.135,-0.8984375,1126
0.135,-0.8265624999999999,1049
0.135,-0.7546875,966
0.135,-0.6828125,878
0.135,-0.6109374999999999,948
0.135,-0.5390625,1146
0.135,-0.46718749999999987,1135
0.135,-0.39531249999999996,1330
0.135,-0.32343750000000004,1632
0.135,-0.2515624999999999,2178
0.135,-0.1796875,2732
0.135,-0.10781250000000009,3092
0.135,-0.03593750000000018,3681
0.135,0.03593750000000018,3649
0.135,0.10781250000000009,3415
0.135,0.1796875,2819
0.135,0.2515624999999999,2000
0.135,0.3234374999999998,1618
0.135,0.3953125000000002,1349
0.135,0.4671875000000001,1337
0.135,0.5390625,1265
0.135,0.6109374999999999,1232
0.135,0.6828124999999998,1434
0.135,0.7546874999999997,1182
0.135,0.8265625000000001,1380
0.135,0.8984375,1359
0.135,0.9703124999999999,1605
0.135,1.0421874999999998,1650
0.135,1.1140624999999997,1178
0.135,1.1859375,1431
0.135,1.2578125,1433
0.135,1.3296875,1467
0.135,1.4015624999999998,1373
0.135,1.4734374999999997,1776
0.135,1.5453125,1418
0.135,1.6171875,1555
0.135,1.6890625,1671
0.135,1.7609374999999998,1804
0.135,1.8328125000000002,1586
0.135,1.9046874999999996,1418
0.135,1.9765625,1343
0.135,2.0484374999999995,318
0.135,2.1203125,5
0.135,2.1921875,0
0.135,2.2640624999999996,0
0.145,-2.2640624999999996,0
0.145,-2.1921874999999997,0
0.145,-2.1203125,81
0.145,-2.0484375,1189
0.145,-1.9765624999999998,2030
0.145,-1.9046874999999999,2052
0.145,-1.8328124999999997,1997
0.145,-1.7609374999999998,2164
0.145,-1.6890625,1781
0.145,-1.6171875,2110
0.145,-1.5453124999999999,1876
0.145,-1.4734374999999997,1738
0.145,-1.4015624999999998,1512
0.145,-1.3296875,1776
0.145,-1.2578125,1501
0.145,-1.1859374999999999,1301
0.145,-1.1140625,1102
0.145,-1.0421874999999998,1396
0.145,-0.9703124999999999,1191
0.145,-0.8984375,1172
0.145,-0.8265624999999999,1093
0.145,-0.7546875,1163
0.145,-0.6828125,1021
0.145,-0.6109374999999999,1082
0.145,-0.5390625,1216
0.145,-0.46718749999999987,1342
0.145,-0.39531249999999996,1442
0.145,-0.32343750000000004,1650
0.145,-0.2515624999999999,2097
0.145,-0.1796875,2696
0.145,-0.10781250000000009,3144
0.145,-0.03593750000000018,3608
0.145,0.03593750000000018,3608
0.145,0.10781250000000009,3423
0.145,0.1796875,2843
0.145,0.2515624999999999,1932
0.145,0.3234374999999998,1626
0.145,0.3953125000000002,1562
0.145,0.4671875000000001,1276
0.145,0.5390625,1227
0.145,0.6109374999999999,1311
0.145,0.6828124999999998,1570
0.145,0.7546874999999997,1351
0.145,0.8265625000000001,1397
0.145,0.8984375,1465
0.145,0.9703124999999999,1799
0.145,1.0421874999999998,1712
0.145,1.1140624999999997,1435
0.145,1.1859375,1509
0.145,1.2578125,1659
0.145,1.3296875,1646
0.145,1.4015624999999998,1606
0.145,1.4734374999999997,1896
0.145,1.5453125,1889
0.145,1.6171875,1863
0.145,1.6890625,1827
0.145,1.7609374999999998,1882
0.145,1.8328125000000002,1698
0.145,1.9046874999999996,1782
0.145,1.9765625,1806
0.145,2.0484374999999995,1257
0.145,2.1203125,107
0.145,2.1921875,0
0.145,2.2640624999999996,0
0.155,-2.2640624999999996,0
0.155,-2.1921874999999997,0
0.155,-2.1203125,466
0.155,-2.0484375,1820
0.155,-1.9765624999999998,2124
0.155,-1.9046874999999999,2181
0.155,-1.8328124999999997,2135
0.155,-1.7609374999999998,2220
0.155,-1.6890625,2084
0.155,-1.6171875,2093
0.155,-1.5453124999999999,2039
0.155,-1.4734374999999997,2001
0.155,-1.4015624999999998,1723
0.155,-1.3296875,1696
0.155,-1.2578125,1609
0.155,-1.1859374999999999,1375
0.155,-1.1140625,1142
0.155,-1.0421874999999998,1456
0.155,-0.9703124999999999,1349
0.155,-0.8984375,1335
0.155,-0.8265624999999999,1054
0.155,-0.7546875,1222
0.155,-0.6828125,1097
0.155,-0.6109374999999999,1241
0.155,-0.5390625,1308
0.155,-0.46718749999999987,1418
0.155,-0.39531249999999996,1538
0.155,-0.32343750000000004,1724
0.155,-0.2515624999999999,1888
0.155,-0.1796875,2758
0.155,-0.10781250000000009,3320
0.155,-0.03593750000000018,3662
0.155,0.03593750000000018,3493
0.155,0.10781250000000009,3278
0.155,0.1796875,2931
0.155,0.2515624999999999,2105
0.155,0.3234374999999998,1785
0.155,0.3953125000000002,1620
0.155,0.4671875000000001,1405
0.155,0.5390625,1229
0.155,0.6109374999999999,1418
0.155,0.6828124999999998,1767
0.155,0.7546874999999997,1471
0.155,0.8265625000000001,1651
0.155,0.8984375,1717
0.155,0.9703124999999999,1739
0.155,1.0421874999999998,1926
0.155,1.1140624999999997,1620
0.155,1.1859375,1635
0.155,1.2578125,1811
0.155,1.3296875,1773
0.155,1.4015624999999998,2032
0.155,1.4734374999999997,2019
0.155,1.5453125,2102
0.155,1.6171875,2078
0.155,1.6890625,1883
0.155,1.7609374999999998,1973
0.155,1.8328125000000002,1800
0.155,1.9046874999999996,2001
0.155,1.9765625,2066
0.155,2.0484374999999995,2053
0.155,2.1203125,692
0.155,2.1921875,2
0.155,2.2640624999999996,0
0.165,-2.2640624999999996,0
0.165,-2.1921874999999997,49
0.165,-2.1203125,1350
0.165,-2.0484375,2069
0.165,-1.9765624999999998,2346
0.165,-1.9046874999999999,2226
0.165,-1.8328124999999997,2369
0.165,-1.7609374999999998,2313
0.165,-1.6890625,2427
0.165,-1.6171875,2357
0.165,-1.5453124999999999,2186
0.165,-1.4734374999999997,2107
0.165,-1.4015624999999998,1975
0.165,-1.3296875,1802
0.165,-1.2578125,1787
0.165,-1.1859374999999999,1505
0.165,-1.1140625,1228
0.165,-1.0421874999999998,1489
0.165,-0.9703124999999999,1430
0.165,-0.8984375,1481
0.165,-0.8265624999999999,1036
0.165,-0.7546875,1327
0.165,-0.6828125,1099
0.165,-0.6109374999999999,1382
0.165,-0.5390625,1550
0.165,-0.46718749999999987,1537
0.165,-0.39531249999999996,1595
0.165,-0.32343750000000004,1833
0.165,-0.2515624999999999,1923
0.165,-0.1796875,2616
0.165,-0.10781250000000009,3064
0.165,-0.03593750000000018,3693
0.165,0.03593750000000018,3507
0.165,0.10781250000000009,3433
0.165,0.1796875,2903
0.165,0.2515624999999999,2266
0.165,0.3234374999999998,1901
0.165,0.3953125000000002,1688
0.165,0.4671875000000001,1453
0.165,0.5390625,1208
0.165,0.6109374999999999,1579
0.165,0.6828124999999998,1772
0.165,0.7546874999999997,1588
0.165,0.8265625000000001,1771
0.165,0.8984375,1878
0.165,0.9703124999999999,1823
0.165,1.0421874999999998,2204
0.165,1.1140624999999997,1946
0.165,1.1859375,1815
0.165,1.2578125,1966
0.165,1.3296875,2033
0.165,1.4015624999999998,2292
0.165,1.4734374999999997,2247
0.165,1.5453125,2276
0.165,1.6171875,2370
0.165,1.6890625,2010
0.165,1.7609374999999998,2245
0.165,1.8328125000000002,1930
0.165,1.9046874999999996,2183
0.165,1.9765625,2328
0.165,2.0484374999999995,2313
0.165,2.1203125,1762
0.165,2.1921875,89
0.165,2.2640624999999996,0
0.175,-2.2640624999999996,0
0.175,-2.1921874999999997,290
0.175,-2.1203125,2071
0.175,-2.0484375,2302
0.175,-1.9765624999999998,2570
0.175,-1.9046874999999999,2385
0.175,-1.8328124999999997,2414
0.175,-1.7609374999999998,2561
0.175,-1.6890625,2466
0.175,-1.6171875,2596
0.175,-1.5453124999999999,2462
0.175,-1.4734374999999997,2413
0.175,-1.4015624999999998,2139
0.175,-1.3296875,1967
0.175,-1.2578125,2096
0.175,-1.1859374999999999,1697
0.175,-1.1140625,1591
0.175,-1.0421874999999998,1844
0.175,-0.9703124999999999,1784
0.175,-0.8984375,1629
0.175,-0.8265624999999999,1192
0.175,-0.7546875,1302
0.175,-0.6828125,1328
0.175,-0.6109374999999999,1481
0.175,-0.5390625,1569
0.175,-0.46718749999999987,1839
0.175,-0.39531249999999996,1801
0.175,-0.32343750000000004,1954
0.175,-0.2515624999999999,1844
0.175,-0.1796875,2708
0.175,-0.10781250000000009,3000
0.175,-0.03593750000000018,3666
0.175,0.03593750000000018,3594
0.175,0.10781250000000009,3523
0.175,0.1796875,2791
0.175,0.2515624999999999,2408
0.175,0.3234374999999998,2168
0.175,0.3953125000000002,1839
0.175,0.4671875000000001,1660
0.175,0.5390625,1390
0.175,0.6109374999999999,1759
0.175,0.6828124999999998,1841
0.175,0.7546874999999997,1794
0.175,0.8265625000000001,2037
0.175,0.8984375,2043
0.175,0.9703124999999999,1985
0.175,1.0421874999999998,2600
0.175,1.1140624999999997,2169
0.175,1.1859375,2173
0.175,1.2578125,2278
0.175,1.3296875,2193
0.175,1.4015624999999998,2379
0.175,1.4734374999999997,2613
0.175,1.5453125,2366
0.175,1.6171875,2592
0.175,1.6890625,2364
0.175,1.7609374999999998,2360
0.175,1.8328125000000002,2049
0.175,1.9046874999999996,2146
0.175,1.9765625,2694
0.175,2.0484374999999995,2590
0.175,2.1203125,2633
0.175,2.1921875,420
0.175,2.2640624999999996,0
0.185,-2.2640624999999996,0
0.185,-2.1921874999999997,761
0.185,-2.1203125,2454
0.185,-2.0484375,2739
0.185,-1.9765624999999998,2804
0.185,-1.9046874999999999,2727
0.185,-1.8328124999999997,2698
0.185,-1.7609374999999998,2845
0.185,-1.6890625,2710
0.185,-1.6171875,2897
0.185,-1.5453124999999999,2792
0.185,-1.4734374999999997,2738
0.185,-1.4015624999999998,2478
0.185,-1.3296875,2257
0.185,-1.2578125,2144
0.185,-1.1859374999999999,1812
0.185,-1.1140625,1780
0.185,-1.0421874999999998,1864
0.185,-0.9703124999999999,1920
0.185,-0.8984375,1778
0.185,-0.8265624999999999,1344
0.185,-0.7546875,1353
0.185,-0.6828125,1387
0.185,-0.6109374999999999,1538
0.185,-0.5390625,1731
0.185,-0.46718749999999987,2043
0.185,-0.39531249999999996,1859
0.185,-0.32343750000000004,2053
0.185,-0.2515624999999999,1976
0.185,-0.1796875,2828
0.185,-0.10781250000000009,3031
0.185,-0.03593750000000018,3647
0.185,0.03593750000000018,3499
0.185,0.10781250000000009,3416
0.185,0.1796875,2845
0.185,0.2515624999999999,2407
0.185,0.3234374999999998,2393
0.185,0.3953125000000002,1853
0.185,0.4671875000000001,1812
0.185,0.5390625,1429
0.185,0.6109374999999999,1898
0.185,0.6828124999999998,2240
0.185,0.7546874999999997,1870
0.185,0.8265625000000001,2194
0.185,0.8984375,2148
0.185,0.9703124999999999,2273
0.185,1.0421874999999998,2832
0.185,1.1140624999999997,2364
0.185,1.1859375,2415
0.185,1.2578125,2393
0.185,1.3296875,2365
0.185,1.4015624999999998,2721
0.185,1.4734374999999997,2679
0.185,1.5453125,2399
0.185,1.6171875,2797
0.185,1.6890625,2613
0.185,1.7609374999999998,2484
0.185,1.8328125000000002,2257
0.185,1.9046874999999996,2366
0.185,1.9765625,3035
0.185,2.0484374999999995,2928
0.185,2.1203125,2959
0.185,2.1921875,1036
0.185,2.2640624999999996,0
0.195,-2.2640624999999996,0
0.195,-2.1921874999999997,901
0.195,-2.1203125,2720
0.195,-2.0484375,3098
0.195,-1.9765624999999998,3264
0.195,-1.9046874999999999,2947
0.195,-1.8328124999999997,2882
0.195,-1.7609374999999998,2959
0.195,-1.6890625,3002
0.195,-1.6171875,3355
0.195,-1.5453124999999999,3242
0.195,-1.4734374999999997,3031
0.195,-1.4015624999999998,2767
0.195,-1.3296875,2402
0.195,-1.2578125,2306
0.195,-1.1859374999999999,2240
0.195,-1.1140625,2025
0.195,-1.0421874999999998,2002
0.195,-0.9703124999999999,2061
0.195,-0.8984375,1963
0.195,-0.8265624999999999,1556
0.195,-0.7546875,1415
0.195,-0.6828125,1663
0.195,-0.6109374999999999,1694
0.195,-0.5390625,1905
0.195,-0.46718749999999987,2414
0.195,-0.39531249999999996,2040
0.195,-0.32343750000000004,2187
0.195,-0.2515624999999999,2029
0.195,-0.1796875,2970
0.195,-0.10781250000000009,2960
0.195,-0.03593750000000018,3889
0.195,0.03593750000000018,3526
0.195,0.10781250000000009,3534
0.195,0.1796875,2999
0.195,0.2515624999999999,2625
0.195,0.3234374999999998,2584
0.195,0.3953125000000002,2088
0.195,0.4671875000000001,2034
0.195,0.5390625,1539
0.195,0.6109374999999999,1991
0.195,0.6828124999999998,2424
0.195,0.7546874999999997,2123
0.195,0.8265625000000001,2417
0.195,0.8984375,2284
0.195,0.9703124999999999,2507
0.195,1.0421874999999998,2828
0.195,1.1140624999999997,2697
0.195,1.1859375,2525
0.195,1.2578125,2543
0.195,1.3296875,2506
0.195,1.4015624999999998,2943
0.195,1.4734374999999997,2890
0.195,1.5453125,2642
0.195,1.6171875,3025
0.195,1.6890625,3097
0.195,1.7609374999999998,2720
0.195,1.8328125000000002,2486
0.195,1.9046874999999996,2419
0.195,1.9765625,3397
0.195,2.0484374999999995,3249
0.195,2.1203125,3254
0.195,2.1921875,1165
0.195,2.2640624999999996,0
0.205,-2.2640624999999996,0
0.205,-2.1921874999999997,526
0.205,-2.1203125,3005
0.205,-2.0484375,3451
0.205,-1.9765624999999998,3641
0.205,-1.9046874999999999,3253
0.205,-1.8328124999999997,3243
0.205,-1.7609374999999998,3409
0.205,-1.6890625,3466
0.205,-1.6171875,3613
0.205,-1.5453124999999999,3432
0.205,-1.4734374999999997,3275
0.205,-1.4015624999999998,3283
0.205,-1.3296875,2607
0.205,-1.2578125,2566
0.205,-1.1859374999999999,2404
0.205,-1.1140625,2149
0.205,-1.0421874999999998,2183
0.205,-0.9703124999999999,2284
0.205,-0.8984375,2172
0.205,-0.8265624999999999,1893
0.205,-0.7546875,1640
0.205,-0.6828125,1920
0.205,-0.6109374999999999,1615
0.205,-0.5390625,1994
0.205,-0.46718749999999987,2562
0.205,-0.39531249999999996,2160
0.205,-0.32343750000000004,2121
0.205,-0.2515624999999999,2410
0.205,-0.1796875,3001
0.205,-0.10781250000000009,3060
0.205,-0.03593750000000018,4112
0.205,0.03593750000000018,3675
0.205,0.10781250000000009,3361
0.205,0.1796875,2969
0.205,0.2515624999999999,2798
0.205,0.3234374999999998,2700
0.205,0.3953125000000002,2267
0.205,0.4671875000000001,2102
0.205,0.5390625,1635
0.205,0.6109374999999999,2011
0.205,0.6828124999999998,2479
0.205,0.7546874999999997,2367
0.205,0.8265625000000001,2292
0.205,0.8984375,2540
0.205,0.9703124999999999,2677
0.205,1.0421874999999998,3021
0.205,1.1140624999999997,2957
0.205,1.1859375,2678
0.205,1.2578125,2857
0.205,1.3296875,2818
0.205,1.4015624999999998,3261
0.205,1.4734374999999997,3406
0.205,1.5453125,2986
0.205,1.6171875,3368
0.205,1.6890625,3265
0.205,1.7609374999999998,3059
0.205,1.8328125000000002,2728
0.205,1.9046874999999996,2820
0.205,1.9765625,3454
0.205,2.0484374999999995,3542
0.205,2.1203125,3470
0.205,2.1921875,812
0.205,2.2640624999999996,0
0.215,-2.2640624999999996,0
0.215,-2.1921874999999997,144
0.215,-2.1203125,2894
0.215,-2.0484375,4046
0.215,-1.9765624999999998,3907
0.215,-1.9046874999999999,3725
0.215,-1.8328124999999997,3463
0.215,-1.7609374999999998,3682
0.215,-1.6890625,3734
0.215,-1.6171875,3950
0.215,-1.5453124999999999,3696
0.215,-1.4734374999999997,3729
0.215,-1.4015624999999998,3584
0.215,-1.3296875,2994
0.215,-1.2578125,2918
0.215,-1.1859374999999999,2665
0.215,-1.1140625,2438
0.215,-1.0421874999999998,2570
0.215,-0.9703124999999999,2375
0.215,-0.8984375,2415
0.215,-0.8265624999999999,2101
0.215,-0.7546875,1894
0.215,-0.6828125,1971
0.215,-0.6109374999999999,1841
0.215,-0.5390625,2132
0.215,-0.46718749999999987,2649
0.215,-0.39531249999999996,2282
0.215,-0.32343750000000004,2172
0.215,-0.2515624999999999,2759
0.215,-0.1796875,3088
0.215,-0.10781250000000009,2957
0.215,-0.03593750000000018,4027
0.215,0.03593750000000018,3669
0.215,0.10781250000000009,3422
0.215,0.1796875,3192
0.215,0.2515624999999999,2899
0.215,0.3234374999999998,2927
0.215,0.3953125000000002,2379
0.215,0.4671875000000001,2273
0.215,0.5390625,1945
0.215,0.6109374999999999,2153
0.215,0.6828124999999998,2497
0.215,0.7546874999999997,2439
0.215,0.8265625000000001,2335
0.215,0.8984375,2742
0.215,0.9703124999999999,2748
0.215,1.0421874999999998,3120
0.215,1.1140624999999997,3070
0.215,1.1859375,2981
0.215,1.2578125,3216
0.215,1.3296875,3255
0.215,1.4015624999999998,3589
0.215,1.4734374999999997,3650
0.215,1.5453125,3504
0.215,1.6171875,3679
0.215,1.6890625,3523
0.215,1.7609374999999998,3310
0.215,1.8328125000000002,3324
0.215,1.9046874999999996,3346
0.215,1.9765625,3650
0.215,2.0484374999999995,3821
0.215,2.1203125,3346
0.215,2.1921875,204
0.215,2.2640624999999996,0
0.225,-2.2640624999999996,0
0.225,-2.1921874999999997,2
0.225,-2.1203125,2007
0.225,-2.0484375,4464
0.225,-1.9765624999999998,4464
0.225,-1.9046874999999999,4070
0.225,-1.8328124999999997,3841
0.225,-1.7609374999999998,3911
0.225,-1.6890625,4106
0.225,-1.6171875,4323
0.225,-1.5453124999999999,3959
0.225,-1.4734374999999997,3917
0.225,-1.4015624999999998,3939
0.225,-1.3296875,3219
0.225,-1.2578125,3249
0.225,-1.1859374999999999,3006
0.225,-1.1140625,2974
0.225,-1.0421874999999998,2760
0.225,-0.9703124999999999,2651
0.225,-0.8984375,2596
0.225,-0.8265624999999999,2390
0.225,-0.7546875,1996
0.225,-0.6828125,2150
0.225,-0.6109374999999999,2066
0.225,-0.5390625,2254
0.225,-0.46718749999999987,2747
0.225,-0.39531249999999996,2451
0.225,-0.32343750000000004,2329
0.225,-0.2515624999999999,2859
0.225,-0.1796875,3077
0.225,-0.10781250000000009,3071
0.225,-0.03593750000000018,4023
0.225,0.03593750000000018,3612
0.225,0.10781250000000009,3460
0.225,0.1796875,3182
0.225,0.2515624999999999,3169
0.225,0.3234374999999998,3098
0.225,0.3953125000000002,2542
0.225,0.4671875000000001,2462
0.225,0.5390625,1983
0.225,0.6109374999999999,2293
0.225,0.6828124999999998,2581
0.225,0.7546874999999997,2463
0.225,0.8265625000000001,2471
0.225,0.8984375,2969
0.225,0.9703124999999999,2867
0.225,1.0421874999999998,3040
0.225,1.1140624999999997,3476
0.225,1.1859375,3340
0.225,1.2578125,3514
0.225,1.3296875,3357
0.225,1.4015624999999998,4069
0.225,1.4734374999999997,4025
0.225,1.5453125,3844
0.225,1.6171875,3992
0.225,1.6890625,4212
0.225,1.7609374999999998,3791
0.225,1.8328125000000002,3637
0.225,1.9046874999999996,3805
0.225,1.9765625,3920
0.225,2.0484374999999995,4177
0.225,2.1203125,2202
0.225,2.1921875,6
0.225,2.2640624999999996,0
0.235,-2.2640624999999996,0
0.235,-2.1921874999999997,0
0.235,-2.1203125,763
0.235,-2.0484375,4587
0.235,-1.9765624999999998,4993
0.235,-1.9046874999999999,4773
0.235,-1.8328124999999997,4284
0.235,-1.7609374999999998,4252
0.235,-1.6890625,4642
0.235,-1.6171875,4797
0.235,-1.5453124999999999,4385
0.235,-1.4734374999999997,4170
0.235,-1.4015624999999998,4183
0.235,-1.3296875,3688
0.235,-1.2578125,3465
0.235,-1.1859374999999999,3473
0.235,-1.1140625,3234
0.235,-1.0421874999999998,2994
0.235,-0.9703124999999999,2703
0.235,-0.8984375,2722
0.235,-0.8265624999999999,2631
0.235,-0.7546875,2296
0.235,-0.6828125,2309
0.235,-0.6109374999999999,2378
0.235,-0.5390625,2198
0.235,-0.46718749999999987,2781
0.235,-0.39531249999999996,2739
0.235,-0.32343750000000004,2535
0.235,-0.2515624999999999,3136
0.235,-0.1796875,3203
0.235,-0.10781250000000009,3154
0.235,-0.03593750000000018,3792
0.235,0.03593750000000018,3578
0.235,0.10781250000000009,3682
0.235,0.1796875,3308
0.235,0.2515624999999999,3226
0.235,0.3234374999999998,3379
0.235,0.3953125000000002,2805
0.235,0.4671875000000001,2555
0.235,0.5390625,2155
0.235,0.6109374999999999,2589
0.235,0.6828124999999998,2662
0.235,0.7546874999999997,2721
0.235,0.8265625000000001,2626
0.235,0.8984375,3216
0.235,0.9703124999999999,3252
0.235,1.0421874999999998,3447
0.235,1.1140624999999997,3783
0.235,1.1859375,3922
0.235,1.2578125,3668
0.235,1.3296875,3594
0.235,1.4015624999999998,4282
0.235,1.4734374999999997,4407
0.235,1.5453125,4203
0.235,1.6171875,4322
0.235,1.6890625,4567
0.235,1.7609374999999998,4079
0.235,1.8328125000000002,4007
0.235,1.9046874999999996,4167
0.235,1.9765625,4363
0.235,2.0484374999999995,3973
0.235,2.1203125,730
0.235,2.1921875,0
0.235,2.2640624999999996,0
0.245,-2.2640624999999996,0
0.245,-2.1921874999999997,0
0.245,-2.1203125,93
0.245,-2.0484375,3099
0.245,-1.9765624999999998,5448
0.245,-1.9046874999999999,4983
0.245,-1.8328124999999997,4828
0.245,-1.7609374999999998,4732
0.245,-1.6890625,5197
0.245,-1.6171875,5201
0.245,-1.5453124999999999,5050
0.245,-1.4734374999999997,4745
0.245,-1.4015624999999998,4469
0.245,-1.3296875,4000
0.245,-1.2578125,3872
0.245,-1.1859374999999999,3872
0.245,-1.1140625,3778
0.245,-1.0421874999999998,3217
0.245,-0.9703124999999999,3032
0.245,-0.8984375,2905
0.245,-0.8265624999999999,2708
0.245,-0.7546875,2733
0.245,-0.6828125,2603
0.245,-0.6109374999999999,2611
0.245,-0.5390625,2343
0.245,-0.46718749999999987,2822
0.245,-0.39531249999999996,2982
0.245,-0.32343750000000004,2715
0.245,-0.2515624999999999,3241
0.245,-0.1796875,3391
0.245,-0.10781250000000009,3348
0.245,-0.03593750000000018,4104
0.245,0.03593750000000018,3952
0.245,0.10781250000000009,3735
0.245,0.1796875,3442
0.245,0.2515624999999999,3433
0.245,0.3234374999999998,3490
0.245,0.3953125000000002,3129
0.245,0.4671875000000001,2723
0.245,0.5390625,2310
0.245,0.6109374999999999,2738
0.245,0.6828124999999998,2953
0.245,0.7546874999999997,2927
0.245,0.8265625000000001,2835
0.245,0.8984375,3642
0.245,0.9703124999999999,3631
0.245,1.0421874999999998,3461
0.245,1.1140624999999997,4042
0.245,1.1859375,4081
0.245,1.2578125,3931
0.245,1.3296875,3850
0.245,1.4015624999999998,4792
0.245,1.4734374999999997,4775
0.245,1.5453125,4512
0.245,1.6171875,5165
0.245,1.6890625,4895
0.245,1.7609374999999998,4469
0.245,1.8328125000000002,4560
0.245,1.9046874999999996,4860
0.245,1.9765625,4521
0.245,2.0484374999999995,2489
0.245,2.1203125,87
0.245,2.1921875,0
0.245,2.2640624999999996,0
0.255,-2.2640624999999996,0
0.255,-2.1921874999999997,0
0.255,-2.1203125,1
0.255,-2.0484375,1095
0.255,-1.9765624999999998,5194
0.255,-1.9046874999999999,5493
0.255,-1.8328124999999997,5138
0.255,-1.7609374999999998,4955
0.255,-1.6890625,5728
0.255,-1.6171875,5622
0.255,-1.5453124999999999,5387
0.255,-1.4734374999999997,5276
0.255,-1.4015624999999998,4845
0.255,-1.3296875,4653
0.255,-1.2578125,4325
0.255,-1.1859374999999999,4253
0.255,-1.1140625,4105
0.255,-1.0421874999999998,3656
0.255,-0.9703124999999999,3251
0.255,-0.8984375,3143
0.255,-0.8265624999999999,3028
0.255,-0.7546875,3136
0.255,-0.6828125,2983
0.255,-0.6109374999999999,2842
0.255,-0.5390625,2783
0.255,-0.46718749999999987,2864
0.255,-0.39531249999999996,3116
0.255,-0.32343750000000004,3032
0.255,-0.2515624999999999,3376
0.255,-0.1796875,3381
0.255,-0.10781250000000009,3611
0.255,-0.03593750000000018,4069
0.255,0.03593750000000018,4149
0.255,0.10781250000000009,3859
0.255,0.1796875,3644
0.255,0.2515624999999999,3770
0.255,0.3234374999999998,3647
0.255,0.3953125000000002,3295
0.255,0.4671875000000001,2899
0.255,0.5390625,2522
0.255,0.6109374999999999,3006
0.255,0.6828124999999998,3262
0.255,0.7546874999999997,3190
0.255,0.8265625000000001,3129
0.255,0.8984375,4255
0.255,0.9703124999999999,3761
0.255,1.0421874999999998,3505
0.255,1.1140624999999997,4432
0.255,1.1859375,4522
0.255,1.2578125,4373
0.255,1.3296875,4191
0.255,1.4015624999999998,5128
0.255,1.4734374999999997,5166
0.255,1.5453125,5068
0.255,1.6171875,5636
0.255,1.6890625,5434
0.255,1.7609374999999998,4744
0.255,1.8328125000000002,5223
0.255,1.9046874999999996,5209
0.255,1.9765625,4554
0.255,2.0484374999999995,884
0.255,2.1203125,0
0.255,2.1921875,0
0.255,2.2640624999999996,0
0.265,-2.2640624999999996,0
0.265,-2.1921874999999997,0
0.265,-2.1203125,0
0.265,-2.0484375,124
0.265,-1.9765624999999998,2900
0.265,-1.9046874999999999,6024
0.265,-1.8328124999999997,5983
0.265,-1.7609374999999998,5538
0.265,-1.6890625,6045
0.265,-1.6171875,6039
0.265,-1.5453124999999999,6232
0.265,-1.4734374999999997,5644
0.265,-1.4015624999999998,5328
0.265,-1.3296875,5019
0.265,-1.2578125,4856
0.265,-1.1859374999999999,4902
0.265,-1.1140625,4493
0.265,-1.0421874999999998,4112
0.265,-0.9703124999999999,3738
0.265,-0.8984375,3591
0.265,-0.8265624999999999,3344
0.265,-0.7546875,3346
0.265,-0.6828125,3231
0.265,-0.6109374999999999,3007
0.265,-0.5390625,3039
0.265,-0.46718749999999987,3076
0.265,-0.39531249999999996,3372
0.265,-0.32343750000000004,3257
0.265,-0.2515624999999999,3651
0.265,-0.1796875,3428
0.265,-0.10781250000000009,3645
0.265,-0.03593750000000018,4189
0.265,0.03593750000000018,4394
0.265,0.10781250000000009,3993
0.265,0.1796875,3853
0.265,0.2515624999999999,4048
0.265,0.3234374999999998,4021
0.265,0.3953125000000002,3466
0.265,0.4671875000000001,3289
0.265,0.5390625,2956
0.265,0.6109374999999999,3062
0.265,0.6828124999999998,3562
0.265,0.7546874999999997,3343
0.265,0.8265625000000001,3364
0.265,0.8984375,4400
0.265,0.9703124999999999,3997
0.265,1.0421874999999998,3702
0.265,1.1140624999999997,4635
0.265,1.1859375,4910
0.265,1.2578125,4674
0.265,1.3296875,4688
0.265,1.4015624999999998,5268
0.265,1.4734374999999997,5732
0.265,1.5453125,5426
0.265,1.6171875,6199
0.265,1.6890625,6128
0.265,1.7609374999999998,5330
0.265,1.8328125000000002,5681
0.265,1.9046874999999996,5724
0.265,1.9765625,2758
0.265,2.0484374999999995,81
0.265,2.1203125,0
0.265,2.1921875,0
0.265,2.2640624999999996,0
0.275,-2.2640624999999996,0
0.275,-2.1921874999999997,0
0.275,-2.1203125,0
0.275,-2.0484375,0
0.275,-1.9765624999999998,734
0.275,-1.9046874999999999,4968
0.275,-1.8328124999999997,6619
0.275,-1.7609374999999998,6075
0.275,-1.6890625,6657
0.275,-1.6171875,6495
0.275,-1.5453124999999999,6821
0.275,-1.4734374999999997,6125
0.275,-1.4015624999999998,5715
0.275,-1.3296875,5711
0.275,-1.2578125,5086
0.275,-1.1859374999999999,5453
0.275,-1.1140625,4925
0.275,-1.0421874999999998,4481
0.275,-0.9703124999999999,4258
0.275,-0.8984375,4133
0.275,-0.8265624999999999,3547
0.275,-0.7546875,3548
0.275,-0.6828125,3601
0.275,-0.6109374999999999,3459
0.275,-0.5390625,3490
0.275,-0.46718749999999987,3522
0.275,-0.39531249999999996,3511
0.275,-0.32343750000000004,3757
0.275,-0.2515624999999999,3663
0.275,-0.1796875,3645
0.275,-0.10781250000000009,3796
0.275,-0.03593750000000018,4380
0.275,0.03593750000000018,4442
0.275,0.10781250000000009,4310
0.275,0.1796875,3842
0.275,0.2515624999999999,4177
0.275,0.3234374999999998,4190
0.275,0.3953125000000002,3813
0.275,0.4671875000000001,3445
0.275,0.5390625,3236
0.275,0.6109374999999999,3481
0.275,0.6828124999999998,3617
0.275,0.7546874999999997,3847
0.275,0.8265625000000001,3663
0.275,0.8984375,4759
0.275,0.9703124999999999,4454
0.275,1.0421874999999998,4052
0.275,1.1140624999999997,5006
0.275,1.1859375,5449
0.275,1.2578125,5339
0.275,1.3296875,5132
0.275,1.4015624999999998,5677
0.275,1.4734374999999997,6211
0.275,1.5453125,6142
0.275,1.6171875,6765
0.275,1.6890625,6743
0.275,1.7609374999999998,5793
0.275,1.8328125000000002,6184
0.275,1.9046874999999996,4755
0.275,1.9765625,697
0.275,2.0484374999999995,0
0.275,2.1203125,0
0.275,2.1921875,0
0.275,2.2640624999999996,0
0.285,-2.2640624999999996,0
0.285,-2.1921874999999997,0
0.285,-2.1203125,0
0.285,-2.0484375,0
0.285,-1.9765624999999998,40
0.285,-1.9046874999999999,2252
0.285,-1.8328124999999997,6587
0.285,-1.7609374999999998,6946
0.285,-1.6890625,7320
0.285,-1.6171875,7248
0.285,-1.5453124999999999,7437
0.285,-1.4734374999999997,6581
0.285,-1.4015624999999998,6350
0.285,-1.3296875,6398
0.285,-1.2578125,5647
0.285,-1.1859374999999999,5778
0.285,-1.1140625,5141
0.285,-1.0421874999999998,4598
0.285,-0.9703124999999999,4910
0.285,-0.8984375,4352
0.285,-0.8265624999999999,3968
0.285,-0.7546875,3790
0.285,-0.6828125,3949
0.285,-0.6109374999999999,3724
0.285,-0.5390625,3428
0.285,-0.46718749999999987,3973
0.285,-0.39531249999999996,3975
0.285,-0.32343750000000004,3931
0.285,-0.2515624999999999,3922
0.285,-0.1796875,3721
0.285,-0.10781250000000009,3991
0.285,-0.03593750000000018,4844
0.285,0.03593750000000018,4640
0.285,0.10781250000000009,4509
0.285,0.1796875,4081
0.285,0.2515624999999999,4207
0.285,0.3234374999999998,4491
0.285,0.3953125000000002,4083
0.285,0.4671875000000001,3767
0.285,0.5390625,3568
0.285,0.6109374999999999,3454
0.285,0.6828124999999998,3776
0.285,0.7546874999999997,4395
0.285,0.8265625000000001,3916
0.285,0.8984375,5052
0.285,0.9703124999999999,4815
0.285,1.0421874999999998,4766
0.285,1.1140624999999997,5469
0.285,1.1859375,5910
0.285,1.2578125,5885
0.285,1.3296875,5797
0.285,1.4015624999999998,6481
0.285,1.4734374999999997,7012
0.285,1.5453125,6520
0.285,1.6171875,7416
0.285,1.6890625,7458
0.285,1.7609374999999998,6418
0.285,1.8328125000000002,6288
0.285,1.9046874999999996,2134
0.285,1.9765625,39
0.285,2.0484374999999995,0
0.285,2.1203125,0
0.285,2.1921875,0
0.285,2.2640624999999996,0
0.295,-2.2640624999999996,0
0.295,-2.1921874999999997,0
0.295,-2.1203125,0
0.295,-2.0484375,0
0.295,-1.9765624999999998,0
0.295,-1.9046874999999999,420
0.295,-1.8328124999999997,4609
0.295,-1.7609374999999998,8080
0.295,-1.6890625,8492
0.295,-1.6171875,8179
0.295,-1.5453124999999999,7719
0.295,-1.4734374999999997,7236
0.295,-1.4015624999999998,6836
0.295,-1.3296875,6917
0.295,-1.2578125,6392
0.295,-1.1859374999999999,6277
0.295,-1.1140625,5686
0.295,-1.0421874999999998,5123
0.295,-0.9703124999999999,5365
0.295,-0.8984375,4843
0.295,-0.8265624999999999,4272
0.295,-0.7546875,4246
0.295,-0.6828125,4342
0.295,-0.6109374999999999,4051
0.295,-0.5390625,3864
0.295,-0.46718749999999987,4319
0.295,-0.39531249999999996,4307
0.295,-0.32343750000000004,4122
0.295,-0.2515624999999999,4194
0.295,-0.1796875,4075
0.295,-0.10781250000000009,3905
0.295,-0.03593750000000018,4793
0.295,0.03593750000000018,4961
0.295,0.10781250000000009,5138
0.295,0.1796875,4576
0.295,0.2515624999999999,4615
0.295,0.3234374999999998,4768
0.295,0.3953125000000002,4313
0.295,0.4671875000000001,3820
0.295,0.5390625,3871
0.295,0.6109374999999999,3823
0.295,0.6828124999999998,4184
0.295,0.7546874999999997,4620
0.295,0.8265625000000001,4417
0.295,0.8984375,5270
0.295,0.9703124999999999,5454
0.295,1.0421874999999998,5328
0.295,1.1140624999999997,6236
0.295,1.1859375,6481
0.295,1.2578125,6522
0.295,1.3296875,6366
0.295,1.4015624999999998,7138
0.295,1.4734374999999997,7749
0.295,1.5453125,7424
0.295,1.6171875,8384
0.295,1.6890625,8451
0.295,1.7609374999999998,7141
0.295,1.8328125000000002,4094
0.295,1.9046874999999996,417
0.295,1.9765625,0
0.295,2.0484374999999995,0
0.295,2.1203125,0
0.295,2.1921875,0
0.295,2.2640624999999996,0
0.305,-2.2640624999999996,0
0.305,-2.1921874999999997,0
0.305,-2.1203125,0
0.305,-2.0484375,0
0.305,-1.9765624999999998,0
0.305,-1.9046874999999999,1
0.305,-1.8328124999999997,1454
0.305,-1.7609374999999998,7293
0.305,-1.6890625,9759
0.305,-1.6171875,8998
0.305,-1.5453124999999999,8548
0.305,-1.4734374999999997,7929
0.305,-1.4015624999999998,7657
0.305,-1.3296875,7695
0.305,-1.2578125,7242
0.305,-1.1859374999999999,6844
0.305,-1.1140625,5979
0.305,-1.0421874999999998,5496
0.305,-0.9703124999999999,5978
0.305,-0.8984375,5234
0.305,-0.8265624999999999,4717
0.305,-0.7546875,4842
0.305,-0.6828125,4727
0.305,-0.6109374999999999,4425
0.305,-0.5390625,4100
0.305,-0.46718749999999987,4594
0.305,-0.39531249999999996,4649
0.305,-0.32343750000000004,4385
0.305,-0.2515624999999999,4499
0.305,-0.1796875,4347
0.305,-0.10781250000000009,4247
0.305,-0.03593750000000018,4874
0.305,0.03593750000000018,5436
0.305,0.10781250000000009,5161
0.305,0.1796875,4829
0.305,0.2515624999999999,4817
0.305,0.3234374999999998,4982
0.305,0.3953125000000002,4368
0.305,0.4671875000000001,4281
0.305,0.5390625,4358
0.305,0.6109374999999999,4397
0.305,0.6828124999999998,4668
0.305,0.7546874999999997,5285
0.305,0.8265625000000001,4904
0.305,0.8984375,5966
0.305,0.9703124999999999,6185
0.305,1.0421874999999998,5812
0.305,1.1140624999999997,6676
0.305,1.1859375,7361
0.305,1.2578125,7149
0.305,1.3296875,7105
0.305,1.4015624999999998,7696
0.305,1.4734374999999997,8437
0.305,1.5453125,8195
0.305,1.6171875,9188
0.305,1.6890625,9210
0.305,1.7609374999999998,6891
0.305,1.8328125000000002,1312
0.305,1.9046874999999996,2
0.305,1.9765625,0
0.305,2.0484374999999995,0
0.305,2.1203125,0
0.305,2.1921875,0
0.305,2.2640624999999996,0
0.315,-2.2640624999999996,0
0.315,-2.1921874999999997,0
0.315,-2.1203125,0
0.315,-2.0484375,0
0.315,-1.9765624999999998,0
0.315,-1.9046874999999999,0
0.315,-1.8328124999999997,122
0.315,-1.7609374999999998,3441
0.315,-1.6890625,10356
0.315,-1.6171875,9769
0.315,-1.5453124999999999,9764
0.315,-1.4734374999999997,8879
0.315,-1.4015624999999998,8795
0.315,-1.3296875,8482
0.315,-1.2578125,7773
0.315,-1.1859374999999999,7332
0.315,-1.1140625,6561
0.315,-1.0421874999999998,6260
0.315,-0.9703124999999999,6631
0.315,-0.8984375,6115
0.315,-0.8265624999999999,5548
0.315,-0.7546875,5435
0.315,-0.6828125,5135
0.315,-0.6109374999999999,4858
0.315,-0.5390625,4628
0.315,-0.46718749999999987,5160
0.315,-0.39531249999999996,5284
0.315,-0.32343750000000004,4805
0.315,-0.2515624999999999,4963
0.315,-0.1796875,4964
0.315,-0.10781250000000009,4650
0.315,-0.03593750000000018,5308
0.315,0.03593750000000018,5841
0.315,0.10781250000000009,5293
0.315,0.1796875,5092
0.315,0.2515624999999999,5320
0.315,0.3234374999999998,5179
0.315,0.3953125000000002,4876
0.315,0.4671875000000001,4826
0.315,0.5390625,4975
0.315,0.6109374999999999,4978
0.315,0.6828124999999998,4938
0.315,0.7546874999999997,5632
0.315,0.8265625000000001,5465
0.315,0.8984375,6413
0.315,0.9703124999999999,6908
0.315,1.0421874999999998,6255
0.315,1.1140624999999997,7363
0.315,1.1859375,8055
0.315,1.2578125,7754
0.315,1.3296875,7906
0.315,1.4015624999999998,8443
0.315,1.4734374999999997,9128
0.315,1.5453125,8795
0.315,1.6171875,10075
0.315,1.6890625,9439
0.315,1.7609374999999998,3390
0.315,1.8328125000000002,85
0.315,1.9046874999999996,0
0.315,1.9765625,0
0.315,2.0484374999999995,0
0.315,2.1203125,0
0.315,2.1921875,0
0.315,2.2640624999999996,0
0.325,-2.2640624999999996,0
0.325,-2.1921874999999997,0
0.325,-2.1203125,0
0.325,-2.0484375,0
0.325,-1.9765624999999998,0
0.325,-1.9046874999999999,0
0.325,-1.8328124999999997,0
0.325,-1.7609374999999998,672
0.325,-1.6890625,7155
0.325,-1.6171875,10838
0.325,-1.5453124999999999,10741
0.325,-1.4734374999999997,10219
0.325,-1.4015624999999998,9382
0.325,-1.3296875,9147
0.325,-1.2578125,8419
0.325,-1.1859374999999999,8049
0.325,-1.1140625,7223
0.325,-1.0421874999999998,7169
0.325,-0.9703124999999999,7403
0.325,-0.8984375,6917
0.325,-0.8265624999999999,6160
0.325,-0.7546875,5847
0.325,-0.6828125,5543
0.325,-0.6109374999999999,5424
0.325,-0.5390625,5198
0.325,-0.46718749999999987,5636
0.325,-0.39531249999999996,5665
0.325,-0.32343750000000004,5433
0.325,-0.2515624999999999,5121
0.325,-0.1796875,5247
0.325,-0.10781250000000009,5042
0.325,-0.03593750000000018,5418
0.325,0.03593750000000018,5821
0.325,0.10781250000000009,5272
0.325,0.1796875,5705
0.325,0.2515624999999999,5471
0.325,0.3234374999999998,5337
0.325,0.3953125000000002,5160
0.325,0.4671875000000001,5173
0.325,0.5390625,5401
0.325,0.6109374999999999,5342
0.325,0.6828124999999998,5558
0.325,0.7546874999999997,6258
0.325,0.8265625000000001,6172
0.325,0.8984375,6959
0.325,0.9703124999999999,7493
0.325,1.0421874999999998,6974
0.325,1.1140624999999997,7977
0.325,1.1859375,8674
0.325,1.2578125,8402
0.325,1.3296875,8936
0.325,1.4015624999999998,9414
0.325,1.4734374999999997,9824
0.325,1.5453125,9562
0.325,1.6171875,10996
0.325,1.6890625,6163
0.325,1.7609374999999998,652
0.325,1.8328125000000002,0
0.325,1.9046874999999996,0
0.325,1.9765625,0
0.325,2.0484374999999995,0
0.325,2.1203125,0
0.325,2.1921875,0
0.325,2.2640624999999996,0
0.335,-2.2640624999999996,0
0.335,-2.1921874999999997,0
0.335,-2.1203125,0
0.335,-2.0484375,0
0.335,-1.9765624999999998,0
0.335,-1.9046874999999999,0
0.335,-1.8328124999999997,0
0.335,-1.7609374999999998,10
0.335,-1.6890625,2337
0.335,-1.6171875,9367
0.335,-1.5453124999999999,11283
0.335,-1.4734374999999997,10891
0.335,-1.4015624999999998,10606
0.335,-1.3296875,10019
0.335,-1.2578125,9424
0.335,-1.1859374999999999,8971
0.335,-1.1140625,8252
0.335,-1.0421874999999998,7983
0.335,-0.9703124999999999,8000
0.335,-0.8984375,7592
0.335,-0.8265624999999999,6740
0.335,-0.7546875,6403
0.335,-0.6828125,6136
0.335,-0.6109374999999999,5825
0.335,-0.5390625,5719
0.335,-0.46718749999999987,6087
0.335,-0.39531249999999996,5972
0.335,-0.32343750000000004,6083
0.335,-0.2515624999999999,5582
0.335,-0.1796875,5523
0.335,-0.10781250000000009,5544
0.335,-0.03593750000000018,5919
0.335,0.03593750000000018,6159
0.335,0.10781250000000009,5609
0.335,0.1796875,6078
0.335,0.2515624999999999,6147
0.335,0.3234374999999998,5664
0.335,0.3953125000000002,5699
0.335,0.4671875000000001,5663
0.335,0.5390625,5970
0.335,0.6109374999999999,5706
0.335,0.6828124999999998,6270
0.335,0.7546874999999997,6734
0.335,0.8265625000000001,6930
0.335,0.8984375,7622
0.335,0.9703124999999999,7827
0.335,1.0421874999999998,7892
0.335,1.1140624999999997,8795
0.335,1.1859375,9751
0.335,1.2578125,9460
0.335,1.3296875,9424
0.335,1.4015624999999998,9968
0.335,1.4734374999999997,10766
0.335,1.5453125,10622
0.335,1.6171875,10082
0.335,1.6890625,2033
0.335,1.7609374999999998,12
0.335,1.8328125000000002,0
0.335,1.9046874999999996,0
0.335,1.9765625,0
0.335,2.0484374999999995,0
0.335,2.1203125,0
0.335,2.1921875,0
0.335,2.2640624999999996,0
0.345,-2.2640624999999996,0
0.345,-2.1921874999999997,0
0.345,-2.1203125,0
0.345,-2.0484375,0
0.345,-1.9765624999999998,0
0.345,-1.9046874999999999,0
0.345,-1.8328124999999997,0
0.345,-1.7609374999999998,0
0.345,-1.6890625,206
0.345,-1.6171875,4652
0.345,-1.5453124999999999,11546
0.345,-1.4734374999999997,11960
0.345,-1.4015624999999998,11831
0.345,-1.3296875,10762
0.345,-1.2578125,10386
0.345,-1.1859374999999999,9668
0.345,-1.1140625,8948
0.345,-1.0421874999999998,8607
0.345,-0.9703124999999999,8918
0.345,-0.8984375,8482
0.345,-0.8265624999999999,7353
0.345,-0.7546875,7130
0.345,-0.6828125,6622
0.345,-0.6109374999999999,6455
0.345,-0.5390625,6306
0.345,-0.46718749999999987,6723
0.345,-0.39531249999999996,6205
0.345,-0.32343750000000004,6631
0.345,-0.2515624999999999,6084
0.345,-0.1796875,6240
0.345,-0.10781250000000009,5751
0.345,-0.03593750000000018,6177
0.345,0.03593750000000018,6722
0.345,0.10781250000000009,6260
0.345,0.1796875,6636
0.345,0.2515624999999999,6495
0.345,0.3234374999999998,6354
0.345,0.3953125000000002,6221
0.345,0.4671875000000001,6446
0.345,0.5390625,6724
0.345,0.6109374999999999,6387
0.345,0.6828124999999998,6839
0.345,0.7546874999999997,7390
0.345,0.8265625000000001,7444
0.345,0.8984375,8158
0.345,0.9703124999999999,8066
0.345,1.0421874999999998,8516
0.345,1.1140624999999997,9804
0.345,1.1859375,10650
0.345,1.2578125,10852
0.345,1.3296875,10298
0.345,1.4015624999999998,10692
0.345,1.4734374999999997,11603
0.345,1.5453125,11329
0.345,1.6171875,4923
0.345,1.6890625,184
0.345,1.7609374999999998,0
0.345,1.8328125000000002,0
0.345,1.9046874999999996,0
0.345,1.9765625,0
0.345,2.0484374999999995,0
0.345,2.1203125,0
0.345,2.1921875,0
0.345,2.2640624999999996,0
0.355,-2.2640624999999996,0
0.355,-2.1921874999999997,0
0.355,-2.1203125,0
0.355,-2.0484375,0
0.355,-1.9765624999999998,0
0.355,-1.9046874999999999,0
0.355,-1.8328124999999997,0
0.355,-1.7609374999999998,0
0.355,-1.6890625,0
0.355,-1.6171875,1036
0.355,-1.5453124999999999,8595
0.355,-1.4734374999999997,13424
0.355,-1.4015624999999998,13237
0.355,-1.3296875,11757
0.355,-1.2578125,11099
0.355,-1.1859374999999999,10163
0.355,-1.1140625,9754
0.355,-1.0421874999999998,9583
0.355,-0.9703124999999999,9541
0.355,-0.8984375,9303
0.355,-0.8265624999999999,8190
0.355,-0.7546875,7981
0.355,-0.6828125,7109
0.355,-0.6109374999999999,7006
0.355,-0.5390625,7085
0.355,-0.46718749999999987,7262
0.355,-0.39531249999999996,6844
0.355,-0.32343750000000004,6923
0.355,-0.2515624999999999,6774
0.355,-0.1796875,6599
0.355,-0.10781250000000009,6362
0.355,-0.03593750000000018,6825
0.355,0.03593750000000018,7088
0.355,0.10781250000000009,6942
0.355,0.1796875,7049
0.355,0.2515624999999999,6834
0.355,0.3234374999999998,7095
0.355,0.3953125000000002,6793
0.355,0.4671875000000001,7499
0.355,0.5390625,7409
0.355,0.6109374999999999,7253
0.355,0.6828124999999998,7368
0.355,0.7546874999999997,8197
0.355,0.8265625000000001,8429
0.355,0.8984375,9166
0.355,0.9703124999999999,8859
0.355,1.0421874999999998,9569
0.355,1.1140624999999997,10669
0.355,1.1859375,11718
0.355,1.2578125,11748
0.355,1.3296875,11498
0.355,1.4015624999999998,11650
0.355,1.4734374999999997,12588
0.355,1.5453125,8598
0.355,1.6171875,945
0.355,1.6890625,0
0.355,1.7609374999999998,0
0.355,1.8328125000000002,0
0.355,1.9046874999999996,0
0.355,1.9765625,0
0.355,2.0484374999999995,0
0.355,2.1203125,0
0.355,2.1921875,0
0.355,2.2640624999999996,0
0.365,-2.2640624999999996,0
0.365,-2.1921874999999997,0
0.365,-2.1203125,0
0.365,-2.0484375,0
0.365,-1.9765624999999998,0
0.365,-1.9046874999999999,0
0.365,-1.8328124999999997,0
0.365,-1.7609374999999998,0
0.365,-1.6890625,0
0.365,-1.6171875,29
0.365,-1.5453124999999999,3232
0.365,-1.4734374999999997,13043
0.365,-1.4015624999999998,14431
0.365,-1.3296875,12550
0.365,-1.2578125,11957
0.365,-1.1859374999999999,11414
0.365,-1.1140625,10867
0.365,-1.0421874999999998,10497
0.365,-0.9703124999999999,10512
0.365,-0.8984375,9804
0.365,-0.8265624999999999,9021
0.365,-0.7546875,8693
0.365,-0.6828125,7968
0.365,-0.6109374999999999,7981
0.365,-0.5390625,7912
0.365,-0.46718749999999987,8127
0.365,-0.39531249999999996,7354
0.365,-0.32343750000000004,7559
0.365,-0.2515624999999999,7147
0.365,-0.1796875,6956
0.365,-0.10781250000000009,7068
0.365,-0.03593750000000018,6953
0.365,0.03593750000000018,7634
0.365,0.10781250000000009,7526
0.365,0.1796875,7521
0.365,0.2515624999999999,7128
0.365,0.3234374999999998,7772
0.365,0.3953125000000002,7377
0.365,0.4671875000000001,7758
0.365,0.5390625,7909
0.365,0.6109374999999999,8309
0.365,0.6828124999999998,8248
0.365,0.7546874999999997,9064
0.365,0.8265625000000001,9139
0.365,0.8984375,9914
0.365,0.9703124999999999,9684
0.365,1.0421874999999998,10407
0.365,1.1140624999999997,11840
0.365,1.1859375,12876
0.365,1.2578125,12685
0.365,1.3296875,12778
0.365,1.4015624999999998,12819
0.365,1.4734374999999997,12336
0.365,1.5453125,3296
0.365,1.6171875,20
0.365,1.6890625,0
0.365,1.7609374999999998,0
0.365,1.8328125000000002,0
0.365,1.9046874999999996,0
0.365,1.9765625,0
0.365,2.0484374999999995,0
0.365,2.1203125,0
0.365,2.1921875,0
0.365,2.2640624999999996,0
0.375,-2.2640624999999996,0
0.375,-2.1921874999999997,0
0.375,-2.1203125,0
0.375,-2.0484375,0
0.375,-1.9765624999999998,0
0.375,-1.9046874999999999,0
0.375,-1.8328124999999997,0
0.375,-1.7609374999999998,0
0.375,-1.6890625,0
0.375,-1.6171875,0
0.375,-1.5453124999999999,439
0.375,-1.4734374999999997,8175
0.375,-1.4015624999999998,15447
0.375,-1.3296875,13851
0.375,-1.2578125,12665
0.375,-1.1859374999999999,12586
0.375,-1.1140625,11944
0.375,-1.0421874999999998,11528
0.375,-0.9703124999999999,11605
0.375,-0.8984375,10828
0.375,-0.8265624999999999,10038
0.375,-0.7546875,9791
0.375,-0.6828125,9014
0.375,-0.6109374999999999,8582
0.375,-0.5390625,8939
0.375,-0.46718749999999987,8706
0.375,-0.39531249999999996,7717
0.375,-0.32343750000000004,8290
0.375,-0.2515624999999999,8098
0.375,-0.1796875,7615
0.375,-0.10781250000000009,7632
0.375,-0.03593750000000018,7392
0.375,0.03593750000000018,8062
0.375,0.10781250000000009,7898
0.375,0.1796875,7937
0.375,0.2515624999999999,7703
0.375,0.3234374999999998,8498
0.375,0.3953125000000002,8196
0.375,0.4671875000000001,8312
0.375,0.5390625,8632
0.375,0.6109374999999999,8679
0.375,0.6828124999999998,9137
0.375,0.7546874999999997,9574
0.375,0.8265625000000001,9675
0.375,0.8984375,10395
0.375,0.9703124999999999,10482
0.375,1.0421874999999998,11499
0.375,1.1140624999999997,12818
0.375,1.1859375,13484
0.375,1.2578125,13696
0.375,1.3296875,13744
0.375,1.4015624999999998,14156
0.375,1.4734374999999997,7830
0.375,1.5453125,446
0.375,1.6171875,0
0.375,1.6890625,0
0.375,1.7609374999999998,0
0.375,1.8328125000000002,0
0.375,1.9046874999999996,0
0.375,1.9765625,0
0.375,2.0484374999999995,0
0.375,2.1203125,0
0.375,2.1921875,0
0.375,2.2640624999999996,0
0.385,-2.2640624999999996,0
0.385,-2.1921874999999997,0
0.385,-2.1203125,0
0.385,-2.0484375,0
0.385,-1.9765624999999998,0
0.385,-1.9046874999999999,0
0.385,-1.8328124999999997,0
0.385,-1.7609374999999998,0
0.385,-1.6890625,0
0.385,-1.6171875,0
0.385,-1.5453124999999999,2
0.385,-1.4734374999999997,2469
0.385,-1.4015624999999998,13837
0.385,-1.3296875,15251
0.385,-1.2578125,14250
0.385,-1.1859374999999999,13829
0.385,-1.1140625,12890
0.385,-1.0421874999999998,12678
0.385,-0.9703124999999999,12399
0.385,-0.8984375,12039
0.385,-0.8265624999999999,11191
0.385,-0.7546875,10576
0.385,-0.6828125,9823
0.385,-0.6109374999999999,9358
0.385,-0.5390625,9491
0.385,-0.46718749999999987,9106
0.385,-0.39531249999999996,8910
0.385,-0.32343750000000004,9127
0.385,-0.2515624999999999,8752
0.385,-0.1796875,8132
0.385,-0.10781250000000009,8064
0.385,-0.03593750000000018,8302
0.385,0.03593750000000018,8403
0.385,0.10781250000000009,8562
0.385,0.1796875,8441
0.385,0.2515624999999999,8691
0.385,0.3234374999999998,9294
0.385,0.3953125000000002,9365
0.385,0.4671875000000001,9444
0.385,0.5390625,9738
0.385,0.6109374999999999,9369
0.385,0.6828124999999998,9896
0.385,0.7546874999999997,10412
0.385,0.8265625000000001,10766
0.385,0.8984375,11177
0.385,0.9703124999999999,11315
0.385,1.0421874999999998,12262
0.385,1.1140624999999997,13901
0.385,1.1859375,14805
0.385,1.2578125,14852
0.385,1.3296875,14757
0.385,1.4015624999999998,12826
0.385,1.4734374999999997,2299
0.385,1.5453125,1
0.385,1.6171875,0
0.385,1.6890625,0
0.385,1.7609374999999998,0
0.385,1.8328125000000002,0
0.385,1.9046874999999996,0
0.385,1.9765625,0
0.385,2.0484374999999995,0
0.385,2.1203125,0
0.385,2.1921875,0
0.385,2.2640624999999996,0
0.395,-2.2640624999999996,0
0.395,-2.1921874999999997,0
0.395,-2.1203125,0
0.395,-2.0484375,0
0.395,-1.9765624999999998,0
0.395,-1.9046874999999999,0
0.395,-1.8328124999999997,0
0.395,-1.7609374999999998,0
0.395,-1.6890625,0
0.395,-1.6171875,0
0.395,-1.5453124999999999,0
0.395,-1.4734374999999997,168
0.395,-1.4015624999999998,7662
0.395,-1.3296875,16273
0.395,-1.2578125,16030
0.395,-1.1859374999999999,14894
0.395,-1.1140625,13688
0.395,-1.0421874999999998,14388
0.395,-0.9703124999999999,13612
0.395,-0.8984375,13104
0.395,-0.8265624999999999,12265
0.395,-0.7546875,11593
0.395,-0.6828125,11112
0.395,-0.6109374999999999,10360
0.395,-0.5390625,10260
0.395,-0.46718749999999987,10127
0.395,-0.39531249999999996,9716
0.395,-0.32343750000000004,10100
0.395,-0.2515624999999999,9435
0.395,-0.1796875,9107
0.395,-0.10781250000000009,8693
0.395,-0.03593750000000018,8942
0.395,0.03593750000000018,8682
0.395,0.10781250000000009,9323
0.395,0.1796875,9445
0.395,0.2515624999999999,9430
0.395,0.3234374999999998,9872
0.395,0.3953125000000002,10778
0.395,0.4671875000000001,10473
0.395,0.5390625,10562
0.395,0.6109374999999999,10312
0.395,0.6828124999999998,10939
0.395,0.7546874999999997,11372
0.395,0.8265625000000001,11892
0.395,0.8984375,12276
0.395,0.9703124999999999,12764
0.395,1.0421874999999998,13273
0.395,1.1140624999999997,15662
0.395,1.1859375,16122
0.395,1.2578125,16233
0.395,1.3296875,16295
0.395,1.4015624999999998,7166
0.395,1.4734374999999997,194
0.395,1.5453125,0
0.395,1.6171875,0
0.395,1.6890625,0
0.395,1.7609374999999998,0
0.395,1.8328125000000002,0
0.395,1.9046874999999996,0
0.395,1.9765625,0
0.395,2.0484374999999995,0
0.395,2.1203125,0
0.395,2.1921875,0
0.395,2.2640624999999996,0
0.405,-2.2640624999999996,0
0.405,-2.1921874999999997,0
0.405,-2.1203125,0
0.405,-2.0484375,0
0.405,-1.9765624999999998,0
0.405,-1.9046874999999999,0
0.405,-1.8328124999999997,0
0.405,-1.7609374999999998,0
0.405,-1.6890625,0
0.405,-1.6171875,0
0.405,-1.5453124999999999,0
0.405,-1.4734374999999997,0
0.405,-1.4015624999999998,1934
0.405,-1.3296875,14599
0.405,-1.2578125,17183
0.405,-1.1859374999999999,16591
0.405,-1.1140625,15288
0.405,-1.0421874999999998,15971
0.405,-0.9703124999999999,15068
0.405,-0.8984375,14282
0.405,-0.8265624999999999,13451
0.405,-0.7546875,12678
0.405,-0.6828125,12261
0.405,-0.6109374999999999,11957
0.405,-0.5390625,11350
0.405,-0.46718749999999987,11267
0.405,-0.39531249999999996,10561
0.405,-0.32343750000000004,10936
0.405,-0.2515624999999999,10083
0.405,-0.1796875,9578
0.405,-0.10781250000000009,9400
0.405,-0.03593750000000018,9299
0.405,0.03593750000000018,9741
0.405,0.10781250000000009,9867
0.405,0.1796875,10272
0.405,0.2515624999999999,10249
0.405,0.3234374999999998,11032
0.405,0.3953125000000002,11520
0.405,0.4671875000000001,11290
0.405,0.5390625,11369
0.405,0.6109374999999999,11424
0.405,0.6828124999999998,12362
0.405,0.7546874999999997,12834
0.405,0.8265625000000001,13353
0.405,0.8984375,13786
0.405,0.9703124999999999,14317
0.405,1.0421874999999998,14321
0.405,1.1140624999999997,16899
0.405,1.1859375,17505
0.405,1.2578125,17875
0.405,1.3296875,14096
0.405,1.4015624999999998,1749
0.405,1.4734374999999997,0
0.405,1.5453125,0
0.405,1.6171875,0
0.405,1.6890625,0
0.405,1.7609374999999998,0
0.405,1.8328125000000002,0
0.405,1.9046874999999996,0
0.405,1.9765625,0
0.405,2.0484374999999995,0
0.405,2.1203125,0
0.405,2.1921875,0
0.405,2.2640624999999996,0
0.415,-2.2640624999999996,0
0.415,-2.1921874999999997,0
0.415,-2.1203125,0
0.415,-2.0484375,0
0.415,-1.9765624999999998,0
0.415,-1.9046874999999999,0
0.415,-1.8328124999999997,0
0.415,-1.7609374999999998,0
0.415,-1.6890625,0
0.415,-1.6171875,0
0.415,-1.5453124999999999,0
0.415,-1.4734374999999997,0
0.415,-1.4015624999999998,117
0.415,-1.3296875,7717
0.415,-1.2578125,18417
0.415,-1.1859374999999999,18280
0.415,-1.1140625,17080
0.415,-1.0421874999999998,17418
0.415,-0.9703124999999999,16382
0.415,-0.8984375,15287
0.415,-0.8265624999999999,14644
0.415,-0.7546875,13438
0.415,-0.6828125,13297
0.415,-0.6109374999999999,12609
0.415,-0.5390625,12642
0.415,-0.46718749999999987,12023
0.415,-0.39531249999999996,11977
0.415,-0.32343750000000004,11935
0.415,-0.2515624999999999,11189
0.415,-0.1796875,10764
0.415,-0.10781250000000009,10470
0.415,-0.03593750000000018,10237
0.415,0.03593750000000018,10480
0.415,0.10781250000000009,10890
0.415,0.1796875,11110
0.415,0.2515624999999999,11138
0.415,0.3234374999999998,12022
0.415,0.3953125000000002,12653
0.415,0.4671875000000001,12033
0.415,0.5390625,13157
0.415,0.6109374999999999,12796
0.415,0.6828124999999998,13431
0.415,0.7546874999999997,14161
0.415,0.8265625000000001,14893
0.415,0.8984375,15327
0.415,0.9703124999999999,15988
0.415,1.0421874999999998,16496
0.415,1.1140624999999997,18385
0.415,1.1859375,19155
0.415,1.2578125,19195
0.415,1.3296875,7927
0.415,1.4015624999999998,116
0.415,1.4734374999999997,0
0.415,1.5453125,0
0.415,1.6171875,0
0.415,1.6890625,0
0.415,1.7609374999999998,0
0.415,1.8328125000000002,0
0.415,1.9046874999999996,0
0.415,1.9765625,0
0.415,2.0484374999999995,0
0.415,2.1203125,0
0.415,2.1921875,0
0.415,2.2640624999999996,0
0.425,-2.2640624999999996,0
0.425,-2.1921874999999997,0
0.425,-2.1203125,0
0.425,-2.0484375,0
0.425,-1.9765624999999998,0
0.425,-1.9046874999999999,0
0.425,-1.8328124999999997,0
0.425,-1.7609374999999998,0
0.425,-1.6890625,0
0.425,-1.6171875,0
0.425,-1.5453124999999999,0
0.425,-1.4734374999999997,0
0.425,-1.4015624999999998,0
0.425,-1.3296875,1977
0.425,-1.2578125,16275
0.425,-1.1859374999999999,19660
0.425,-1.1140625,19559
0.425,-1.0421874999999998,18862
0.425,-0.9703124999999999,17909
0.425,-0.8984375,16449
0.425,-0.8265624999999999,16037
0.425,-0.7546875,15300
0.425,-0.6828125,14317
0.425,-0.6109374999999999,13778
0.425,-0.5390625,13601
0.425,-0.46718749999999987,13095
0.425,-0.39531249999999996,13440
0.425,-0.32343750000000004,13150
0.425,-0.2515624999999999,12213
0.425,-0.1796875,11625
0.425,-0.10781250000000009,11280
0.425,-0.03593750000000018,11321
0.425,0.03593750000000018,11606
0.425,0.10781250000000009,11826
0.425,0.1796875,12546
0.425,0.2515624999999999,12059
0.425,0.3234374999999998,13525
0.425,0.3953125000000002,13816
0.425,0.4671875000000001,13689
0.425,0.5390625,14203
0.425,0.6109374999999999,14573
0.425,0.6828124999999998,15205
0.425,0.7546874999999997,15789
0.425,0.8265625000000001,16437
0.425,0.8984375,16897
0.425,0.9703124999999999,18229
0.425,1.0421874999999998,18335
0.425,1.1140624999999997,20444
0.425,1.1859375,20821
0.425,1.2578125,16723
0.425,1.3296875,1963
0.425,1.4015624999999998,0
0.425,1.4734374999999997,0
0.425,1.5453125,0
0.425,1.6171875,0
0.425,1.6890625,0
0.425,1.7609374999999998,0
0.425,1.8328125000000002,0
0.425,1.9046874999999996,0
0.425,1.9765625,0
0.425,2.0484374999999995,0
0.425,2.1203125,0
0.425,2.1921875,0
0.425,2.2640624999999996,0
0.435,-2.2640624999999996,0
0.435,-2.1921874999999997,0
0.435,-2.1203125,0
0.435,-2.0484375,0
0.435,-1.9765624999999998,0
0.435,-1.9046874999999999,0
0.435,-1.8328124999999997,0
0.435,-1.7609374999999998,0
0.435,-1.6890625,0
0.435,-1.6171875,0
0.435,-1.5453124999999999,0
0.435,-1.4734374999999997,0
0.435,-1.4015624999999998,0
0.435,-1.3296875,91
0.435,-1.2578125,9563
0.435,-1.1859374999999999,21411
0.435,-1.1140625,21942
0.435,-1.0421874999999998,21015
0.435,-0.9703124999999999,19530
0.435,-0.8984375,18238
0.435,-0.8265624999999999,17835
0.435,-0.7546875,16958
0.435,-0.6828125,15468
0.435,-0.6109374999999999,14309
0.435,-0.5390625,15016
0.435,-0.46718749999999987,14396
0.435,-0.39531249999999996,14613
0.435,-0.32343750000000004,14341
0.435,-0.2515624999999999,13629
0.435,-0.1796875,12867
0.435,-0.10781250000000009,12662
0.435,-0.03593750000000018,12350
0.435,0.03593750000000018,12490
0.435,0.10781250000000009,12943
0.435,0.1796875,13738
0.435,0.2515624999999999,13915
0.435,0.3234374999999998,14609
0.435,0.3953125000000002,15013
0.435,0.4671875000000001,14905
0.435,0.5390625,15679
0.435,0.6109374999999999,16614
0.435,0.6828124999999998,16161
0.435,0.7546874999999997,17030
0.435,0.8265625000000001,18166
0.435,0.8984375,18920
0.435,0.9703124999999999,20257
0.435,1.0421874999999998,20388
0.435,1.1140624999999997,22670
0.435,1.1859375,22897
0.435,1.2578125,9385
0.435,1.3296875,79
0.435,1.4015624999999998,0
0.435,1.4734374999999997,0
0.435,1.5453125,0
0.435,1.6171875,0
0.435,1.6890625,0
0.435,1.7609374999999998,0
0.435,1.8328125000000002,0
0.435,1.9046874999999996,0
0.435,1.9765625,0
0.435,2.0484374999999995,0
0.435,2.1203125,0
0.435,2.1921875,0
0.435,2.2640624999999996,0
0.445,-2.2640624999999996,0
0.445,-2.1921874999999997,0
0.445,-2.1203125,0
0.445,-2.0484375,0
0.445,-1.9765624999999998,0
0.445,-1.9046874999999999,0
0.445,-1.8328124999999997,0
0.445,-1.7609374999999998,0
0.445,-1.6890625,0
0.445,-1.6171875,0
0.445,-1.5453124999999999,0
0.445,-1.4734374999999997,0
0.445,-1.4015624999999998,0
0.445,-1.3296875,0
0.445,-1.2578125,2610
0.445,-1.1859374999999999,19960
0.445,-1.1140625,24129
0.445,-1.0421874999999998,23570
0.445,-0.9703124999999999,21566
0.445,-0.8984375,20326
0.445,-0.8265624999999999,19484
0.445,-0.7546875,18642
0.445,-0.6828125,17250
0.445,-0.6109374999999999,15839
0.445,-0.5390625,16364
0.445,-0.46718749999999987,15559
0.445,-0.39531249999999996,16042
0.445,-0.32343750000000004,15831
0.445,-0.2515624999999999,15420
0.445,-0.1796875,13640
0.445,-0.10781250000000009,13835
0.445,-0.03593750000000018,13455
0.445,0.03593750000000018,13598
0.445,0.10781250000000009,14258
0.445,0.1796875,14833
0.445,0.2515624999999999,15413
0.445,0.3234374999999998,15999
0.445,0.3953125000000002,15985
0.445,0.4671875000000001,16472
0.445,0.5390625,17319
0.445,0.6109374999999999,18283
0.445,0.6828124999999998,17734
0.445,0.7546874999999997,19085
0.445,0.8265625000000001,20106
0.445,0.8984375,20916
0.445,0.9703124999999999,21985
0.445,1.0421874999999998,22683
0.445,1.1140624999999997,24404
0.445,1.1859375,21191
0.445,1.2578125,2653
0.445,1.3296875,0
0.445,1.4015624999999998,0
0.445,1.4734374999999997,0
0.445,1.5453125,0
0.445,1.6171875,0
0.445,1.6890625,0
0.445,1.7609374999999998,0
0.445,1.8328125000000002,0
0.445,1.9046874999999996,0
0.445,1.9765625,0
0.445,2.0484374999999995,0
0.445,2.1203125,0
0.445,2.1921875,0
0.445,2.2640624999999996,0
0.455,-2.2640624999999996,0
0.455,-2.1921874999999997,0
0.455,-2.1203125,0
0.455,-2.0484375,0
0.455,-1.9765624999999998,0
0.455,-1.9046874999999999,0
0.455,-1.8328124999999997,0
0.455,-1.7609374999999998,0
0.455,-1.6890625,0
0.455,-1.6171875,0
0.455,-1.5453124999999999,0
0.455,-1.4734374999999997,0
0.455,-1.4015624999999998,0
0.455,-1.3296875,0
0.455,-1.2578125,206
0.455,-1.1859374999999999,12881
0.455,-1.1140625,26564
0.455,-1.0421874999999998,26413
0.455,-0.9703124999999999,23815
0.455,-0.8984375,22543
0.455,-0.8265624999999999,21862
0.455,-0.7546875,20618
0.455,-0.6828125,19201
0.455,-0.6109374999999999,18192
0.455,-0.5390625,18124
0.455,-0.46718749999999987,17156
0.455,-0.39531249999999996,17194
0.455,-0.32343750000000004,17107
0.455,-0.2515624999999999,16837
0.455,-0.1796875,15527
0.455,-0.10781250000000009,14898
0.455,-0.03593750000000018,14707
0.455,0.03593750000000018,15042
0.455,0.10781250000000009,15398
0.455,0.1796875,16338
0.455,0.2515624999999999,16910
0.455,0.3234374999999998,17214
0.455,0.3953125000000002,17427
0.455,0.4671875000000001,18053
0.455,0.5390625,18818
0.455,0.6109374999999999,19972
0.455,0.6828124999999998,19816
0.455,0.7546874999999997,20945
0.455,0.8265625000000001,22341
0.455,0.8984375,23557
0.455,0.9703124999999999,24625
0.455,1.0421874999999998,24902
0.455,1.1140624999999997,26629
0.455,1.1859375,13142
0.455,1.2578125,172
0.455,1.3296875,0
0.455,1.4015624999999998,0
0.455,1.4734374999999997,0
0.455,1.5453125,0
0.455,1.6171875,0
0.455,1.6890625,0
0.455,1.7609374999999998,0
0.455,1.8328125000000002,0
0.455,1.9046874999999996,0
0.455,1.9765625,0
0.455,2.0484374999999995,0
0.455,2.1203125,0
0.455,2.1921875,0
0.455,2.2640624999999996,0
0.465,-2.2640624999999996,0
0.465,-2.1921874999999997,0
0.465,-2.1203125,0
0.465,-2.0484375,0
0.465,-1.9765624999999998,0
0.465,-1.9046874999999999,0
0.465,-1.8328124999999997,0
0.465,-1.7609374999999998,0
0.465,-1.6890625,0
0.465,-1.6171875,0
0.465,-1.5453124999999999,0
0.465,-1.4734374999999997,0
0.465,-1.4015624999999998,0
0.465,-1.3296875,0
0.465,-1.2578125,0
0.465,-1.1859374999999999,4133
0.465,-1.1140625,26560
0.465,-1.0421874999999998,29268
0.465,-0.9703124999999999,26240
0.465,-0.8984375,25121
0.465,-0.8265624999999999,23833
0.465,-0.7546875,22317
0.465,-0.6828125,20559
0.465,-0.6109374999999999,19857
0.465,-0.5390625,20279
0.465,-0.46718749999999987,18717
0.465,-0.39531249999999996,18723
0.465,-0.32343750000000004,19265
0.465,-0.2515624999999999,18063
0.465,-0.1796875,16808
0.465,-0.10781250000000009,16480
0.465,-0.03593750000000018,16481
0.465,0.03593750000000018,16206
0.465,0.10781250000000009,16780
0.465,0.1796875,17661
0.465,0.2515624999999999,18600
0.465,0.3234374999999998,18621
0.465,0.3953125000000002,19429
0.465,0.4671875000000001,19957
0.465,0.5390625,20489
0.465,0.6109374999999999,21979
0.465,0.6828124999999998,22683
0.465,0.7546874999999997,23201
0.465,0.8265625000000001,24539
0.465,0.8984375,25840
0.465,0.9703124999999999,26961
0.465,1.0421874999999998,27611
0.465,1.1140624999999997,26222
0.465,1.1859375,4295
0.465,1.2578125,0
0.465,1.3296875,0
0.465,1.4015624999999998,0
0.465,1.4734374999999997,0
0.465,1.5453125,0
0.465,1.6171875,0
0.465,1.6890625,0
0.465,1.7609374999999998,0
0.465,1.8328125000000002,0
0.465,1.9046874999999996,0
0.465,1.9765625,0
0.465,2.0484374999999995,0
0.465,2.1203125,0
0.465,2.1921875,0
0.465,2.2640624999999996,0
0.475,-2.2640624999999996,0
0.475,-2.1921874999999997,0
0.475,-2.1203125,0
0.475,-2.0484375,0
0.475,-1.9765624999999998,0
0.475,-1.9046874999999999,0
0.475,-1.8328124999999997,0
0.475,-1.7609374999999998,0
0.475,-1.6890625,0
0.475,-1.6171875,0
0.475,-1.5453124999999999,0
0.475,-1.4734374999999997,0
0.475,-1.4015624999999998,0
0.475,-1.3296875,0
0.475,-1.2578125,0
0.475,-1.1859374999999999,514
0.475,-1.1140625,18857
0.475,-1.0421874999999998,31724
0.475,-0.9703124999999999,29562
0.475,-0.8984375,27435
0.475,-0.8265624999999999,26111
0.475,-0.7546875,24691
0.475,-0.6828125,23051
0.475,-0.6109374999999999,21837
0.475,-0.5390625,22418
0.475,-0.46718749999999987,20790
0.475,-0.39531249999999996,20517
0.475,-0.32343750000000004,20943
0.475,-0.2515624999999999,19818
0.475,-0.1796875,18282
0.475,-0.10781250000000009,18099
0.475,-0.03593750000000018,18003
0.475,0.03593750000000018,18314
0.475,0.10781250000000009,18159
0.475,0.1796875,19067
0.475,0.2515624999999999,20114
0.475,0.3234374999999998,20864
0.475,0.3953125000000002,20866
0.475,0.4671875000000001,22143
0.475,0.5390625,22564
0.475,0.6109374999999999,24018
0.475,0.6828124999999998,25080
0.475,0.7546874999999997,25382
0.475,0.8265625000000001,26432
0.475,0.8984375,28527
0.475,0.9703124999999999,29131
0.475,1.0421874999999998,30825
0.475,1.1140624999999997,18598
0.475,1.1859375,525
0.475,1.2578125,0
0.475,1.3296875,0
0.475,1.4015624999999998,0
0.475,1.4734374999999997,0
0.475,1.5453125,0
0.475,1.6171875,0
0.475,1.6890625,0
0.475,1.7609374999999998,0
0.475,1.8328125000000002,0
0.475,1.9046874999999996,0
0.475,1.9765625,0
0.475,2.0484374999999995,0
0.475,2.1203125,0
0.475,2.1921875,0
0.475,2.2640624999999996,0
0.485,-2.2640624999999996,0
0.485,-2.1921874999999997,0
0.485,-2.1203125,0
0.485,-2.0484375,0
0.485,-1.9765624999999998,0
0.485,-1.9046874999999999,0
0.485,-1.8328124999999997,0
0.485,-1.7609374999999998,0
0.485,-1.6890625,0
0.485,-1.6171875,0
0.485,-1.5453124999999999,0
0.485,-1.4734374999999997,0
0.485,-1.4015624999999998,0
0.485,-1.3296875,0
0.485,-1.2578125,0
0.485,-1.1859374999999999,0
0.485,-1.1140625,7437
0.485,-1.0421874999999998,32935
0.485,-0.9703124999999999,32738
0.485,-0.8984375,30147
0.485,-0.8265624999999999,28300
0.485,-0.7546875,27500
0.485,-0.6828125,25139
0.485,-0.6109374999999999,23537
0.485,-0.5390625,24781
0.485,-0.46718749999999987,22920
0.485,-0.39531249999999996,22346
0.485,-0.32343750000000004,22779
0.485,-0.2515624999999999,21431
0.485,-0.1796875,20090
0.485,-0.10781250000000009,19969
0.485,-0.03593750000000018,19628
0.485,0.03593750000000018,20326
0.485,0.10781250000000009,20228
0.485,0.1796875,20691
0.485,0.2515624999999999,22285
0.485,0.3234374999999998,23078
0.485,0.3953125000000002,22447
0.485,0.4671875000000001,23934
0.485,0.5390625,25173
0.485,0.6109374999999999,26095
0.485,0.6828124999999998,27508
0.485,0.7546874999999997,28697
0.485,0.8265625000000001,29255
0.485,0.8984375,31397
0.485,0.9703124999999999,33086
0.485,1.0421874999999998,32292
0.485,1.1140624999999997,7329
0.485,1.1859375,0
0.485,1.2578125,0
0.485,1.3296875,0
0.485,1.4015624999999998,0
0.485,1.4734374999999997,0
0.485,1.5453125,0
0.485,1.6171875,0
0.485,1.6890625,0
0.485,1.7609374999999998,0
0.485,1.8328125000000002,0
0.485,1.9046874999999996,0
0.485,1.9765625,0
0.485,2.0484374999999995,0
0.485,2.1203125,0
0.485,2.1921875,0
0.485,2.2640624999999996,0
0.495,-2.2640624999999996,0
0.495,-2.1921874999999997,0
0.495,-2.1203125,0
0.495,-2.0484375,0
0.495,-1.9765624999999998,0
0.495,-1.9046874999999999,0
0.495,-1.8328124999999997,0
0.495,-1.7609374999999998,0
0.495,-1.6890625,0
0.495,-1.6171875,0
0.495,-1.5453124999999999,0
0.495,-1.4734374999999997,0
0.495,-1.4015624999999998,0
0.495,-1.3296875,0
0.495,-1.2578125,0
0.495,-1.1859374999999999,0
0.495,-1.1140625,1330
0.495,-1.0421874999999998,26032
0.495,-0.9703124999999999,36344
0.495,-0.8984375,33301
0.495,-0.8265624999999999,31392
0.495,-0.7546875,29958
0.495,-0.6828125,28180
0.495,-0.6109374999999999,25843
0.495,-0.5390625,27429
0.495,-0.46718749999999987,24967
0.495,-0.39531249999999996,24941
0.495,-0.32343750000000004,24612
0.495,-0.2515624999999999,23376
0.495,-0.1796875,22559
0.495,-0.10781250000000009,22060
0.495,-0.03593750000000018,21316
0.495,0.03593750000000018,22022
0.495,0.10781250000000009,22230
0.495,0.1796875,22687
0.495,0.2515624999999999,24060
0.495,0.3234374999999998,25583
0.495,0.3953125000000002,24164
0.495,0.4671875000000001,26565
0.495,0.5390625,27952
0.495,0.6109374999999999,28351
0.495,0.6828124999999998,30333
0.495,0.7546874999999997,31658
0.495,0.8265625000000001,32194
0.495,0.8984375,34080
0.495,0.9703124999999999,36244
0.495,1.0421874999999998,25886
0.495,1.1140624999999997,1297
0.495,1.1859375,0
0.495,1.2578125,0
0.495,1.3296875,0
0.495,1.4015624999999998,0
0.495,1.4734374999999997,0
0.495,1.5453125,0
0.495,1.6171875,0
0.495,1.6890625,0
0.495,1.7609374999999998,0
0.495,1.8328125000000002,0
0.495,1.9046874999999996,0
0.495,1.9765625,0
0.495,2.0484374999999995,0
0.495,2.1203125,0
0.495,2.1921875,0
0.495,2.2640624999999996,0
0.505,-2.2640624999999996,0
0.505,-2.1921874999999997,0
0.505,-2.1203125,0
0.505,-2.0484375,0
0.505,-1.9765624999999998,0
0.505,-1.9046874999999999,0
0.505,-1.8328124999999997,0
0.505,-1.7609374999999998,0
0.505,-1.6890625,0
0.505,-1.6171875,0
0.505,-1.5453124999999999,0
0.505,-1.4734374999999997,0
0.505,-1.4015624999999998,0
0.505,-1.3296875,0
0.505,-1.2578125,0
0.505,-1.1859374999999999,0
0.505,-1.1140625,9
0.505,-1.0421874999999998,12606
0.505,-0.9703124999999999,38048
0.505,-0.8984375,36809
0.505,-0.8265624999999999,34860
0.505,-0.7546875,33504
0.505,-0.6828125,30383
0.505,-0.6109374999999999,28995
0.505,-0.5390625,29772
0.505,-0.46718749999999987,27590
0.505,-0.39531249999999996,27590
0.505,-0.32343750000000004,26721
0.505,-0.2515624999999999,25975
0.505,-0.1796875,24593
0.505,-0.10781250000000009,23482
0.505,-0.03593750000000018,22987
0.505,0.03593750000000018,23927
0.505,0.10781250000000009,24165
0.505,0.1796875,25006
0.505,0.2515624999999999,26420
0.505,0.3234374999999998,28176
0.505,0.3953125000000002,26444
0.505,0.4671875000000001,29495
0.505,0.5390625,30702
0.505,0.6109374999999999,31981
0.505,0.6828124999999998,33451
0.505,0.7546874999999997,34605
0.505,0.8265625000000001,35040
0.505,0.8984375,38133
0.505,0.9703124999999999,39299
0.505,1.0421874999999998,12355
0.505,1.1140624999999997,24
0.505,1.1859375,0
0.505,1.2578125,0
0.505,1.3296875,0
0.505,1.4015624999999998,0
0.505,1.4734374999999997,0
0.505,1.5453125,0
0.505,1.6171875,0
0.505,1.6890625,0
0.505,1.7609374999999998,0
0.505,1.8328125000000002,0
0.505,1.9046874999999996,0
0.505,1.9765625,0
0.505,2.0484374999999995,0
0.505,2.1203125,0
0.505,2.1921875,0
0.505,2.2640624999999996,0
0.515,-2.2640624999999996,0
0.515,-2.1921874999999997,0
0.515,-2.1203125,0
0.515,-2.0484375,0
0.515,-1.9765624999999998,0
0.515,-1.9046874999999999,0
0.515,-1.8328124999999997,0
0.515,-1.7609374999999998,0
0.515,-1.6890625,0
0.515,-1.6171875,0
0.515,-1.5453124999999999,0
0.515,-1.4734374999999997,0
0.515,-1.4015624999999998,0
0.515,-1.3296875,0
0.515,-1.2578125,0
0.515,-1.1859374999999999,0
0.515,-1.1140625,0
0.515,-1.0421874999999998,2653
0.515,-0.9703124999999999,32186
0.515,-0.8984375,39766
0.515,-0.8265624999999999,38227
0.515,-0.7546875,36691
0.515,-0.6828125,34711
0.515,-0.6109374999999999,32049
0.515,-0.5390625,32453
0.515,-0.46718749999999987,30572
0.515,-0.39531249999999996,30443
0.515,-0.32343750000000004,29202
0.515,-0.2515624999999999,28001
0.515,-0.1796875,26858
0.515,-0.10781250000000009,25495
0.515,-0.03593750000000018,25551
0.515,0.03593750000000018,26186
0.515,0.10781250000000009,27223
0.515,0.1796875,28058
0.515,0.2515624999999999,28869
0.515,0.3234374999999998,30508
0.515,0.3953125000000002,29126
0.515,0.4671875000000001,32037
0.515,0.5390625,33427
0.515,0.6109374999999999,34962
0.515,0.6828124999999998,36331
0.515,0.7546874999999997,37744
0.515,0.8265625000000001,38791
0.515,0.8984375,42441
0.515,0.9703124999999999,33639
0.515,1.0421874999999998,2789
0.515,1.1140624999999997,0
0.515,1.1859375,0
0.515,1.2578125,0
0.515,1.3296875,0
0.515,1.4015624999999998,0
0.515,1.4734374999999997,0
0.515,1.5453125,0
0.515,1.6171875,0
0.515,1.6890625,0
0.515,1.7609374999999998,0
0.515,1.8328125000000002,0
0.515,1.9046874999999996,0
0.515,1.9765625,0
0.515,2.0484374999999995,0
0.515,2.1203125,0
0.515,2.1921875,0
0.515,2.2640624999999996,0
0.525,-2.2640624999999996,0
0.525,-2.1921874999999997,0
0.525,-2.1203125,0
0.525,-2.0484375,0
0.525,-1.9765624999999998,0
0.525,-1.9046874999999999,0
0.525,-1.8328124999999997,0
0.525,-1.7609374999999998,0
0.525,-1.6890625,0
0.525,-1.6171875,0
0.525,-1.5453124999999999,0
0.525,-1.4734374999999997,0
0.525,-1.4015624999999998,0
0.525,-1.3296875,0
0.525,-1.2578125,0
0.525,-1.1859374999999999,0
0.525,-1.1140625,0
0.525,-1.0421874999999998,98
0.525,-0.9703124999999999,16960
0.525,-0.8984375,42935
0.525,-0.8265624999999999,42228
0.525,-0.7546875,40262
0.525,-0.6828125,37939
0.525,-0.6109374999999999,35910
0.525,-0.5390625,35506
0.525,-0.46718749999999987,33419
0.525,-0.39531249999999996,33004
0.525,-0.32343750000000004,32499
0.525,-0.2515624999999999,30489
0.525,-0.1796875,28951
0.525,-0.10781250000000009,27505
0.525,-0.03593750000000018,27687
0.525,0.03593750000000018,29286
0.525,0.10781250000000009,29480
0.525,0.1796875,29862
0.525,0.2515624999999999,31816
0.525,0.3234374999999998,32225
0.525,0.3953125000000002,33240
0.525,0.4671875000000001,35104
0.525,0.5390625,36322
0.525,0.6109374999999999,38580
0.525,0.6828124999999998,40375
0.525,0.7546874999999997,41653
0.525,0.8265625000000001,42114
0.525,0.8984375,45700
0.525,0.9703124999999999,18242
0.525,1.0421874999999998,98
0.525,1.1140624999999997,0
0.525,1.1859375,0
0.525,1.2578125,0
0.525,1.3296875,0
0.525,1.4015624999999998,0
0.525,1.4734374999999997,0
0.525,1.5453125,0
0.525,1.6171875,0
0.525,1.6890625,0
0.525,1.7609374999999998,0
0.525,1.8328125000000002,0
0.525,1.9046874999999996,0
0.525,1.9765625,0
0.525,2.0484374999999995,0
0.525,2.1203125,0
0.525,2.1921875,0
0.525,2.2640624999999996,0
0.535,-2.2640624999999996,0
0.535,-2.1921874999999997,0
0.535,-2.1203125,0
0.535,-2.0484375,0
0.535,-1.9765624999999998,0
0.535,-1.9046874999999999,0
0.535,-1.8328124999999997,0
0.535,-1.7609374999999998,0
0.535,-1.6890625,0
0.535,-1.6171875,0
0.535,-1.5453124999999999,0
0.535,-1.4734374999999997,0
0.535,-1.4015624999999998,0
0.535,-1.3296875,0
0.535,-1.2578125,0
0.535,-1.1859374999999999,0
0.535,-1.1140625,0
0.535,-1.0421874999999998,0
0.535,-0.9703124999999999,4304
0.535,-0.8984375,37912
0.535,-0.8265624999999999,47090
0.535,-0.7546875,44752
0.535,-0.6828125,41898
0.535,-0.6109374999999999,39540
0.535,-0.5390625,39276
0.535,-0.46718749999999987,36837
0.535,-0.39531249999999996,36176
0.535,-0.32343750000000004,35609
0.535,-0.2515624999999999,33737
0.535,-0.1796875,32423
0.535,-0.10781250000000009,30430
0.535,-0.03593750000000018,29962
0.535,0.03593750000000018,31820
0.535,0.10781250000000009,32426
0.535,0.1796875,32004
0.535,0.2515624999999999,34619
0.535,0.3234374999999998,35592
0.535,0.3953125000000002,36924
0.535,0.4671875000000001,38552
0.535,0.5390625,39636
0.535,0.6109374999999999,42242
0.535,0.6828124999999998,44650
0.535,0.7546874999999997,45734
0.535,0.8265625000000001,46612
0.535,0.8984375,39777
0.535,0.9703124999999999,4765
0.535,1.0421874999999998,0
0.535,1.1140624999999997,0
0.535,1.1859375,0
0.535,1.2578125,0
0.535,1.3296875,0
0.535,1.4015624999999998,0
0.535,1.4734374999999997,0
0.535,1.5453125,0
0.535,1.6171875,0
0.535,1.6890625,0
0.535,1.7609374999999998,0
0.535,1.8328125000000002,0
0.535,1.9046874999999996,0
0.535,1.9765625,0
0.535,2.0484374999999995,0
0.535,2.1203125,0
0.535,2.1921875,0
0.535,2.2640624999999996,0
0.545,-2.2640624999999996,0
0.545,-2.1921874999999997,0
0.545,-2.1203125,0
0.545,-2.0484375,0
0.545,-1.9765624999999998,0
0.545,-1.9046874999999999,0
0.545,-1.8328124999999997,0
0.545,-1.7609374999999998,0
0.545,-1.6890625,0
0.545,-1.6171875,0
0.545,-1.5453124999999999,0
0.545,-1.4734374999999997,0
0.545,-1.4015624999999998,0
0.545,-1.3296875,0
0.545,-1.2578125,0
0.545,-1.1859374999999999,0
0.545,-1.1140625,0
0.545,-1.0421874999999998,0
0.545,-0.9703124999999999,245
0.545,-0.8984375,20764
0.545,-0.8265624999999999,50742
0.545,-0.7546875,49412
0.545,-0.6828125,46541
0.545,-0.6109374999999999,43481
0.545,-0.5390625,43093
0.545,-0.46718749999999987,40407
0.545,-0.39531249999999996,39252
0.545,-0.32343750000000004,38434
0.545,-0.2515624999999999,36822
0.545,-0.1796875,34988
0.545,-0.10781250000000009,33649
0.545,-0.03593750000000018,33175
0.545,0.03593750000000018,34242
0.545,0.10781250000000009,35070
0.545,0.1796875,35021
0.545,0.2515624999999999,37113
0.545,0.3234374999999998,38597
0.545,0.3953125000000002,41082
0.545,0.4671875000000001,42075
0.545,0.5390625,43689
0.545,0.6109374999999999,46623
0.545,0.6828124999999998,49380
0.545,0.7546874999999997,50221
0.545,0.8265625000000001,50643
0.545,0.8984375,21446
0.545,0.9703124999999999,246
0.545,1.0421874999999998,0
0.545,1.1140624999999997,0
0.545,1.1859375,0
0.545,1.2578125,0
0.545,1.3296875,0
0.545,1.4015624999999998,0
0.545,1.4734374999999997,0
0.545,1.5453125,0
0.545,1.6171875,0
0.545,1.6890625,0
0.545,1.7609374999999998,0
0.545,1.8328125000000002,0
0.545,1.9046874999999996,0
0.545,1.9765625,0
0.545,2.0484374999999995,0
0.545,2.1203125,0
0.545,2.1921875,0
0.545,2.2640624999999996,0
0.555,-2.2640624999999996,0
0.555,-2.1921874999999997,0
0.555,-2.1203125,0
0.555,-2.0484375,0
0.555,-1.9765624999999998,0
0.555,-1.9046874999999999,0
0.555,-1.8328124999999997,0
0.555,-1.7609374999999998,0
0.555,-1.6890625,0
0.555,-1.6171875,0
0.555,-1.5453124999999999,0
0.555,-1.4734374999999997,0
0.555,-1.4015624999999998,0
0.555,-1.3296875,0
0.555,-1.2578125,0
0.555,-1.1859374999999999,0
0.555,-1.1140625,0
0.555,-1.0421874999999998,0
0.555,-0.9703124999999999,0
0.555,-0.8984375,5124
0.555,-0.8265624999999999,43699
0.555,-0.7546875,54759
0.555,-0.6828125,51344
0.555,-0.6109374999999999,48485
0.555,-0.5390625,47799
0.555,-0.46718749999999987,44905
0.555,-0.39531249999999996,43204
0.555,-0.32343750000000004,42061
0.555,-0.2515624999999999,40580
0.555,-0.1796875,38805
0.555,-0.10781250000000009,37854
0.555,-0.03593750000000018,36231
0.555,0.03593750000000018,37639
0.555,0.10781250000000009,38706
0.555,0.1796875,38712
0.555,0.2515624999999999,40560
0.555,0.3234374999999998,42779
0.555,0.3953125000000002,45667
0.555,0.4671875000000001,45965
0.555,0.5390625,48595
0.555,0.6109374999999999,51419
0.555,0.6828124999999998,53991
0.555,0.7546874999999997,55820
0.555,0.8265625000000001,43424
0.555,0.8984375,5346
0.555,0.9703124999999999,0
0.555,1.0421874999999998,0
0.555,1.1140624999999997,0
0.555,1.1859375,0
0.555,1.2578125,0
0.555,1.3296875,0
0.555,1.4015624999999998,0
0.555,1.4734374999999997,0
0.555,1.5453125,0
0.555,1.6171875,0
0.555,1.6890625,0
0.555,1.7609374999999998,0
0.555,1.8328125000000002,0
0.555,1.9046874999999996,0
0.555,1.9765625,0
0.555,2.0484374999999995,0
0.555,2.1203125,0
0.555,2.1921875,0
0.555,2.2640624999999996,0
0.565,-2.2640624999999996,0
0.565,-2.1921874999999997,0
0.565,-2.1203125,0
0.565,-2.0484375,0
0.565,-1.9765624999999998,0
0.565,-1.9046874999999999,0
0.565,-1.8328124999999997,0
0.565,-1.7609374999999998,0
0.565,-1.6890625,0
0.565,-1.6171875,0
0.565,-1.5453124999999999,0
0.565,-1.4734374999999997,0
0.565,-1.4015624999999998,0
0.565,-1.3296875,0
0.565,-1.2578125,0
0.565,-1.1859374999999999,0
0.565,-1.1140625,0
0.565,-1.0421874999999998,0
0.565,-0.9703124999999999,0
0.565,-0.8984375,261
0.565,-0.8265624999999999,21407
0.565,-0.7546875,58032
0.565,-0.6828125,56647
0.565,-0.6109374999999999,53557
0.565,-0.5390625,52131
0.565,-0.46718749999999987,49322
0.565,-0.39531249999999996,48244
0.565,-0.32343750000000004,46547
0.565,-0.2515624999999999,44433
0.565,-0.1796875,43032
0.565,-0.10781250000000009,41390
0.565,-0.03593750000000018,39206
0.565,0.03593750000000018,41498
0.565,0.10781250000000009,42404
0.565,0.1796875,42726
0.565,0.2515624999999999,44224
0.565,0.3234374999999998,47203
0.565,0.3953125000000002,50370
0.565,0.4671875000000001,51173
0.565,0.5390625,53564
0.565,0.6109374999999999,56308
0.565,0.6828124999999998,59122
0.565,0.7546874999999997,59129
0.565,0.8265625000000001,22038
0.565,0.8984375,269
0.565,0.9703124999999999,0
0.565,1.0421874999999998,0
0.565,1.1140624999999997,0
0.565,1.1859375,0
0.565,1.2578125,0
0.565,1.3296875,0
0.565,1.4015624999999998,0
0.565,1.4734374999999997,0
0.565,1.5453125,0
0.565,1.6171875,0
0.565,1.6890625,0
0.565,1.7609374999999998,0
0.565,1.8328125000000002,0
0.565,1.9046874999999996,0
0.565,1.9765625,0
0.565,2.0484374999999995,0
0.565,2.1203125,0
0.565,2.1921875,0
0.565,2.2640624999999996,0
0.575,-2.2640624999999996,0
0.575,-2.1921874999999997,0
0.575,-2.1203125,0
0.575,-2.0484375,0
0.575,-1.9765624999999998,0
0.575,-1.9046874999999999,0
0.575,-1.8328124999999997,0
0.575,-1.7609374999999998,0
0.575,-1.6890625,0
0.575,-1.6171875,0
0.575,-1.5453124999999999,0
0.575,-1.4734374999999997,0
0.575,-1.4015624999999998,0
0.575,-1.3296875,0
0.575,-1.2578125,0
0.575,-1.1859374999999999,0
0.575,-1.1140625,0
0.575,-1.0421874999999998,0
0.575,-0.9703124999999999,0
0.575,-0.8984375,0
0.575,-0.8265624999999999,4797
0.575,-0.7546875,46273
0.575,-0.6828125,62114
0.575,-0.6109374999999999,59112
0.575,-0.5390625,57983
0.575,-0.46718749999999987,54990
0.575,-0.39531249999999996,53956
0.575,-0.32343750000000004,50911
0.575,-0.2515624999999999,49618
0.575,-0.1796875,47526
0.575,-0.10781250000000009,44858
0.575,-0.03593750000000018,43615
0.575,0.03593750000000018,45438
0.575,0.10781250000000009,46572
0.575,0.1796875,46540
0.575,0.2515624999999999,48544
0.575,0.3234374999999998,51952
0.575,0.3953125000000002,55238
0.575,0.4671875000000001,56590
0.575,0.5390625,58428
0.575,0.6109374999999999,62088
0.575,0.6828124999999998,64071
0.575,0.7546874999999997,47073
0.575,0.8265625000000001,4757
0.575,0.8984375,0
0.575,0.9703124999999999,0
0.575,1.0421874999999998,0
0.575,1.1140624999999997,0
0.575,1.1859375,0
0.575,1.2578125,0
0.575,1.3296875,0
0.575,1.4015624999999998,0
0.575,1.4734374999999997,0
0.575,1.5453125,0
0.575,1.6171875,0
0.575,1.6890625,0
0.575,1.7609374999999998,0
0.575,1.8328125000000002,0
0.575,1.9046874999999996,0
0.575,1.9765625,0
0.575,2.0484374999999995,0
0.575,2.1203125,0
0.575,2.1921875,0
0.575,2.2640624999999996,0
0.585,-2.2640624999999996,0
0.585,-2.1921874999999997,0
0.585,-2.1203125,0
0.585,-2.0484375,0
0.585,-1.9765624999999998,0
0.585,-1.9046874999999999,0
0.585,-1.8328124999999997,0
0.585,-1.7609374999999998,0
0.585,-1.6890625,0
0.585,-1.6171875,0
0.585,-1.5453124999999999,0
0.585,-1.4734374999999997,0
0.585,-1.4015624999999998,0
0.585,-1.3296875,0
0.585,-1.2578125,0
0.585,-1.1859374999999999,0
0.585,-1.1140625,0
0.585,-1.0421874999999998,0
0.585,-0.9703124999999999,0
0.585,-0.8984375,0
0.585,-0.8265624999999999,139
0.585,-0.7546875,19450
0.585,-0.6828125,63768
0.585,-0.6109374999999999,65928
0.585,-0.5390625,63817
0.585,-0.46718749999999987,60687
0.585,-0.39531249999999996,59632
0.585,-0.32343750000000004,56284
0.585,-0.2515624999999999,54676
0.585,-0.1796875,52234
0.585,-0.10781250000000009,49972
0.585,-0.03593750000000018,47270
0.585,0.03593750000000018,49780
0.585,0.10781250000000009,51283
0.585,0.1796875,51535
0.585,0.2515624999999999,54070
0.585,0.3234374999999998,57175
0.585,0.3953125000000002,60735
0.585,0.4671875000000001,63558
0.585,0.5390625,64646
0.585,0.6109374999999999,68650
0.585,0.6828124999999998,66009
0.585,0.7546874999999997,19650
0.585,0.8265625000000001,145
0.585,0.8984375,0
0.585,0.9703124999999999,0
0.585,1.0421874999999998,0
0.585,1.1140624999999997,0
0.585,1.1859375,0
0.585,1.2578125,0
0.585,1.3296875,0
0.585,1.4015624999999998,0
0.585,1.4734374999999997,0
0.585,1.5453125,0
0.585,1.6171875,0
0.585,1.6890625,0
0.585,1.7609374999999998,0
0.585,1.8328125000000002,0
0.585,1.9046874999999996,0
0.585,1.9765625,0
0.585,2.0484374999999995,0
0.585,2.1203125,0
0.585,2.1921875,0
0.585,2.2640624999999996,0
0.595,-2.2640624999999996,0
0.595,-2.1921874999999997,0
0.595,-2.1203125,0
0.595,-2.0484375,0
0.595,-1.9765624999999998,0
0.595,-1.9046874999999999,0
0.595,-1.8328124999999997,0
0.595,-1.7609374999999998,0
0.595,-1.6890625,0
0.595,-1.6171875,0
0.595,-1.5453124999999999,0
0.595,-1.4734374999999997,0
0.595,-1.4015624999999998,0
0.595,-1.3296875,0
0.595,-1.2578125,0
0.595,-1.1859374999999999,0
0.595,-1.1140625,0
0.595,-1.0421874999999998,0
0.595,-0.9703124999999999,0
0.595,-0.8984375,0
0.595,-0.8265624999999999,0
0.595,-0.7546875,3272
0.595,-0.6828125,43587
0.595,-0.6109374999999999,72237
0.595,-0.5390625,70549
0.595,-0.46718749999999987,67451
0.595,-0.39531249999999996,65134
0.595,-0.32343750000000004,61897
0.595,-0.2515624999999999,59635
0.595,-0.1796875,57874
0.595,-0.10781250000000009,54930
0.595,-0.03593750000000018,52808
0.595,0.03593750000000018,55273
0.595,0.10781250000000009,56702
0.595,0.1796875,56383
0.595,0.2515624999999999,58926
0.595,0.3234374999999998,62767
0.595,0.3953125000000002,67040
0.595,0.4671875000000001,70340
0.595,0.5390625,71996
0.595,0.6109374999999999,75086
0.595,0.6828124999999998,44977
0.595,0.7546874999999997,3200
0.595,0.8265625000000001,0
0.595,0.8984375,0
0.595,0.9703124999999999,0
0.595,1.0421874999999998,0
0.595,1.1140624999999997,0
0.595,1.1859375,0
0.595,1.2578125,0
0.595,1.3296875,0
0.595,1.4015624999999998,0
0.595,1.4734374999999997,0
0.595,1.5453125,0
0.595,1.6171875,0
0.595,1.6890625,0
0.595,1.7609374999999998,0
0.595,1.8328125000000002,0
0.595,1.9046874999999996,0
0.595,1.9765625,0
0.595,2.0484374999999995,0
0.595,2.1203125,0
0.595,2.1921875,0
0.595,2.2640624999999996,0
0.605,-2.2640624999999996,0
0.605,-2.1921874999999997,0
0.605,-2.1203125,0
0.605,-2.0484375,0
0.605,-1.9765624999999998,0
0.605,-1.9046874999999999,0
0.605,-1.8328124999999997,0
0.605,-1.7609374999999998,0
0.605,-1.6890625,0
0.605,-1.6171875,0
0.605,-1.5453124999999999,0
0.605,-1.4734374999999997,0
0.605,-1.4015624999999998,0
0.605,-1.3296875,0
0.605,-1.2578125,0
0.605,-1.1859374999999999,0
0.605,-1.1140625,0
0.605,-1.0421874999999998,0
0.605,-0.9703124999999999,0
0.605,-0.8984375,0
0.605,-0.8265624999999999,0
0.605,-0.7546875,26
0.605,-0.6828125,13936
0.605,-0.6109374999999999,67588
0.605,-0.5390625,77825
0.605,-0.46718749999999987,74861
0.605,-0.39531249999999996,71660
0.605,-0.32343750000000004,68546
0.605,-0.2515624999999999,65832
0.605,-0.1796875,63010
0.605,-0.10781250000000009,60721
0.605,-0.03593750000000018,58812
0.605,0.03593750000000018,61053
0.605,0.10781250000000009,62321
0.605,0.1796875,62785
0.605,0.2515624999999999,65707
0.605,0.3234374999999998,69205
0.605,0.3953125000000002,73731
0.605,0.4671875000000001,78020
0.605,0.5390625,79601
0.605,0.6109374999999999,69412
0.605,0.6828124999999998,14271
0.605,0.7546874999999997,22
0.605,0.8265625000000001,0
0.605,0.8984375,0
0.605,0.9703124999999999,0
0.605,1.0421874999999998,0
0.605,1.1140624999999997,0
0.605,1.1859375,0
0.605,1.2578125,0
0.605,1.3296875,0
0.605,1.4015624999999998,0
0.605,1.4734374999999997,0
0.605,1.5453125,0
0.605,1.6171875,0
0.605,1.6890625,0
0.605,1.7609374999999998,0
0.605,1.8328125000000002,0
0.605,1.9046874999999996,0
0.605,1.9765625,0
0.605,2.0484374999999995,0
0.605,2.1203125,0
0.605,2.1921875,0
0.605,2.2640624999999996,0
0.615,-2.2640624999999996,0
0.615,-2.1921874999999997,0
0.615,-2.1203125,0
0.615,-2.0484375,0
0.615,-1.9765624999999998,0
0.615,-1.9046874999999999,0
0.615,-1.8328124999999997,0
0.615,-1.7609374999999998,0
0.615,-1.6890625,0
0.615,-1.6171875,0
0.615,-1.5453124999999999,0
0.615,-1.4734374999999997,0
0.615,-1.4015624999999998,0
0.615,-1.3296875,0
0.615,-1.2578125,0
0.615,-1.1859374999999999,0
0.615,-1.1140625,0
0.615,-1.0421874999999998,0
0.615,-0.9703124999999999,0
0.615,-0.8984375,0
0.615,-0.8265624999999999,0
0.615,-0.7546875,0
0.615,-0.6828125,1366
0.615,-0.6109374999999999,35602
0.615,-0.5390625,83991
0.615,-0.46718749999999987,82776
0.615,-0.39531249999999996,78917
0.615,-0.32343750000000004,75290
0.615,-0.2515624999999999,72368
0.615,-0.1796875,69490
0.615,-0.10781250000000009,66594
0.615,-0.03593750000000018,65934
0.615,0.03593750000000018,66751
0.615,0.10781250000000009,68512
0.615,0.1796875,70659
0.615,0.2515624999999999,72759
0.615,0.3234374999999998,77224
0.615,0.3953125000000002,80884
0.615,0.4671875000000001,85450
0.615,0.5390625,84631
0.615,0.6109374999999999,36410
0.615,0.6828124999999998,1376
0.615,0.7546874999999997,0
0.615,0.8265625000000001,0
0.615,0.8984375,0
0.615,0.9703124999999999,0
0.615,1.0421874999999998,0
0.615,1.1140624999999997,0
0.615,1.1859375,0
0.615,1.2578125,0
0.615,1.3296875,0
0.615,1.4015624999999998,0
0.615,1.4734374999999997,0
0.615,1.5453125,0
0.615,1.6171875,0
0.615,1.6890625,0
0.615,1.7609374999999998,0
0.615,1.8328125000000002,0
0.615,1.9046874999999996,0
0.615,1.9765625,0
0.615,2.0484374999999995,0
0.615,2.1203125,0
0.615,2.1921875,0
0.615,2.2640624999999996,0
0.625,-2.2640624999999996,0
0.625,-2.1921874999999997,0
0.625,-2.1203125,0
0.625,-2.0484375,0
0.625,-1.9765624999999998,0
0.625,-1.9046874999999999,0
0.625,-1.8328124999999997,0
0.625,-1.7609374999999998,0
0.625,-1.6890625,0
0.625,-1.6171875,0
0.625,-1.5453124999999999,0
0.625,-1.4734374999999997,0
0.625,-1.4015624999999998,0
0.625,-1.3296875,0
0.625,-1.2578125,0
0.625,-1.1859374999999999,0
0.625,-1.1140625,0
0.625,-1.0421874999999998,0
0.625,-0.9703124999999999,0
0.625,-0.8984375,0
0.625,-0.8265624999999999,0
0.625,-0.7546875,0
0.625,-0.6828125,0
0.625,-0.6109374999999999,7883
0.625,-0.5390625,63059
0.625,-0.46718749999999987,90291
0.625,-0.39531249999999996,86974
0.625,-0.32343750000000004,82944
0.625,-0.2515624999999999,79786
0.625,-0.1796875,76355
0.625,-0.10781250000000009,73728
0.625,-0.03593750000000018,72786
0.625,0.03593750000000018,74056
0.625,0.10781250000000009,75593
0.625,0.1796875,78104
0.625,0.2515624999999999,81615
0.625,0.3234374999999998,84737
0.625,0.3953125000000002,88699
0.625,0.4671875000000001,93600
0.625,0.5390625,63965
0.625,0.6109374999999999,8009
0.625,0.6828124999999998,0
0.625,0.7546874999999997,0
0.625,0.8265625000000001,0
0.625,0.8984375,0
0.625,0.9703124999999999,0
0.625,1.0421874999999998,0
0.625,1.1140624999999997,0
0.625,1.1859375,0
0.625,1.2578125,0
0.625,1.3296875,0
0.625,1.4015624999999998,0
0.625,1.4734374999999997,0
0.625,1.5453125,0
0.625,1.6171875,0
0.625,1.6890625,0
0.625,1.7609374999999998,0
0.625,1.8328125000000002,0
0.625,1.9046874999999996,0
0.625,1.9765625,0
0.625,2.0484374999999995,0
0.625,2.1203125,0
0.625,2.1921875,0
0.625,2.2640624999999996,0
0.635,-2.2640624999999996,0
0.635,-2.1921874999999997,0
0.635,-2.1203125,0
0.635,-2.0484375,0
0.635,-1.9765624999999998,0
0.635,-1.9046874999999999,0
0.635,-1.8328124999999997,0
0.635,-1.7609374999999998,0
0.635,-1.6890625,0
0.635,-1.6171875,0
0.635,-1.5453124999999999,0
0.635,-1.4734374999999997,0
0.635,-1.4015624999999998,0
0.635,-1.3296875,0
0.635,-1.2578125,0
0.635,-1.1859374999999999,0
0.635,-1.1140625,0
0.635,-1.0421874999999998,0
0.635,-0.9703124999999999,0
0.635,-0.8984375,0
0.635,-0.8265624999999999,0
0.635,-0.7546875,0
0.635,-0.6828125,0
0.635,-0.6109374999999999,220
0.635,-0.5390625,23182
0.635,-0.46718749999999987,85868
0.635,-0.39531249999999996,96246
0.635,-0.32343750000000004,93168
0.635,-0.2515624999999999,88646
0.635,-0.1796875,83803
0.635,-0.10781250000000009,80705
0.635,-0.03593750000000018,80402
0.635,0.03593750000000018,82316
0.635,0.10781250000000009,82942
0.635,0.1796875,85041
0.635,0.2515624999999999,90145
0.635,0.3234374999999998,93465
0.635,0.3953125000000002,97865
0.635,0.4671875000000001,88841
0.635,0.5390625,23822
0.635,0.6109374999999999,195
0.635,0.6828124999999998,0
0.635,0.7546874999999997,0
0.635,0.8265625000000001,0
0.635,0.8984375,0
0.635,0.9703124999999999,0
0.635,1.0421874999999998,0
0.635,1.1140624999999997,0
0.635,1.1859375,0
0.635,1.2578125,0
0.635,1.3296875,0
0.635,1.4015624999999998,0
0.635,1.4734374999999997,0
0.635,1.5453125,0
0.635,1.6171875,0
0.635,1.6890625,0
0.635,1.7609374999999998,0
0.635,1.8328125000000002,0
0.635,1.9046874999999996,0
0.635,1.9765625,0
0.635,2.0484374999999995,0
0.635,2.1203125,0
0.635,2.1921875,0
0.635,2.2640624999999996,0
0.645,-2.2640624999999996,0
0.645,-2.1921874999999997,0
0.645,-2.1203125,0
0.645,-2.0484375,0
0.645,-1.9765624999999998,0
0.645,-1.9046874999999999,0
0.645,-1.8328124999999997,0
0.645,-1.7609374999999998,0
0.645,-1.6890625,0
0.645,-1.6171875,0
0.645,-1.5453124999999999,0
0.645,-1.4734374999999997,0
0.645,-1.4015624999999998,0
0.645,-1.3296875,0
0.645,-1.2578125,0
0.645,-1.1859374999999999,0
0.645,-1.1140625,0
0.645,-1.0421874999999998,0
0.645,-0.9703124999999999,0
0.645,-0.8984375,0
0.645,-0.8265624999999999,0
0.645,-0.7546875,0
0.645,-0.6828125,0
0.645,-0.6109374999999999,0
0.645,-0.5390625,2858
0.645,-0.46718749999999987,47551
0.645,-0.39531249999999996,105178
0.645,-0.32343750000000004,102654
0.645,-0.2515624999999999,97457
0.645,-0.1796875,91053
0.645,-0.10781250000000009,88668
0.645,-0.03593750000000018,89060
0.645,0.03593750000000018,91023
0.645,0.10781250000000009,92219
0.645,0.1796875,93532
0.645,0.2515624999999999,98921
0.645,0.3234374999999998,103294
0.645,0.3953125000000002,104761
0.645,0.4671875000000001,48526
0.645,0.5390625,2911
0.645,0.6109374999999999,0
0.645,0.6828124999999998,0
0.645,0.7546874999999997,0
0.645,0.8265625000000001,0
0.645,0.8984375,0
0.645,0.9703124999999999,0
0.645,1.0421874999999998,0
0.645,1.1140624999999997,0
0.645,1.1859375,0
0.645,1.2578125,0
0.645,1.3296875,0
0.645,1.4015624999999998,0
0.645,1.4734374999999997,0
0.645,1.5453125,0
0.645,1.6171875,0
0.645,1.6890625,0
0.645,1.7609374999999998,0
0.645,1.8328125000000002,0
0.645,1.9046874999999996,0
0.645,1.9765625,0
0.645,2.0484374999999995,0
0.645,2.1203125,0
0.645,2.1921875,0
0.645,2.2640624999999996,0
0.655,-2.2640624999999996,0
0.655,-2.1921874999999997,0
0.655,-2.1203125,0
0.655,-2.0484375,0
0.655,-1.9765624999999998,0
0.655,-1.9046874999999999,0
0.655,-1.8328124999999997,0
0.655,-1.7609374999999998,0
0.655,-1.6890625,0
0.655,-1.6171875,0
0.655,-1.5453124999999999,0
0.655,-1.4734374999999997,0
0.655,-1.4015624999999998,0
0.655,-1.3296875,0
0.655,-1.2578125,0
0.655,-1.1859374999999999,0
0.655,-1.1140625,0
0.655,-1.0421874999999998,0
0.655,-0.9703124999999999,0
0.655,-0.8984375,0
0.655,-0.8265624999999999,0
0.655,-0.7546875,0
0.655,-0.6828125,0
0.655,-0.6109374999999999,0
0.655,-0.5390625,0
0.655,-0.46718749999999987,11749
0.655,-0.39531249999999996,80851
0.655,-0.32343750000000004,113695
0.655,-0.2515624999999999,107379
0.655,-0.1796875,100688
0.655,-0.10781250000000009,98002
0.655,-0.03593750000000018,96424
0.655,0.03593750000000018,100930
0.655,0.10781250000000009,100995
0.655,0.1796875,102266
0.655,0.2515624999999999,109328
0.655,0.3234374999999998,114878
0.655,0.3953125000000002,80590
0.655,0.4671875000000001,11767
0.655,0.5390625,1
0.655,0.6109374999999999,0
0.655,0.6828124999999998,0
0.655,0.7546874999999997,0
0.655,0.8265625000000001,0
0.655,0.8984375,0
0.655,0.9703124999999999,0
0.655,1.0421874999999998,0
0.655,1.1140624999999997,0
0.655,1.1859375,0
0.655,1.2578125,0
0.655,1.3296875,0
0.655,1.4015624999999998,0
0.655,1.4734374999999997,0
0.655,1.5453125,0
0.655,1.6171875,0
0.655,1.6890625,0
0.655,1.7609374999999998,0
0.655,1.8328125000000002,0
0.655,1.9046874999999996,0
0.655,1.9765625,0
0.655,2.0484374999999995,0
0.655,2.1203125,0
0.655,2.1921875,0
0.655,2.2640624999999996,0
0.665,-2.2640624999999996,0
0.665,-2.1921874999999997,0
0.665,-2.1203125,0
0.665,-2.0484375,0
0.665,-1.9765624999999998,0
0.665,-1.9046874999999999,0
0.665,-1.8328124999999997,0
0.665,-1.7609374999999998,0
0.665,-1.6890625,0
0.665,-1.6171875,0
0.665,-1.5453124999999999,0
0.665,-1.4734374999999997,0
0.665,-1.4015624999999998,0
0.665,-1.3296875,0
0.665,-1.2578125,0
0.665,-1.1859374999999999,0
0.665,-1.1140625,0
0.665,-1.0421874999999998,0
0.665,-0.9703124999999999,0
0.665,-0.8984375,0
0.665,-0.8265624999999999,0
0.665,-0.7546875,0
0.665,-0.6828125,0
0.665,-0.6109374999999999,0
0.665,-0.5390625,0
0.665,-0.46718749999999987,419
0.665,-0.39531249999999996,31929
0.665,-0.32343750000000004,110562
0.665,-0.2515624999999999,118458
0.665,-0.1796875,110569
0.665,-0.10781250000000009,106753
0.665,-0.03593750000000018,106144
0.665,0.03593750000000018,110526
0.665,0.10781250000000009,110896
0.665,0.1796875,113996
0.665,0.2515624999999999,120281
0.665,0.3234374999999998,110977
0.665,0.3953125000000002,30970
0.665,0.4671875000000001,417
0.665,0.5390625,0
0.665,0.6109374999999999,0
0.665,0.6828124999999998,0
0.665,0.7546874999999997,0
0.665,0.8265625000000001,0
0.665,0.8984375,0
0.665,0.9703124999999999,0
0.665,1.0421874999999998,0
0.665,1.1140624999999997,0
0.665,1.1859375,0
0.665,1.2578125,0
0.665,1.3296875,0
0.665,1.4015624999999998,0
0.665,1.4734374999999997,0
0.665,1.5453125,0
0.665,1.6171875,0
0.665,1.6890625,0
0.665,1.7609374999999998,0
0.665,1.8328125000000002,0
0.665,1.9046874999999996,0
0.665,1.9765625,0
0.665,2.0484374999999995,0
0.665,2.1203125,0
0.665,2.1921875,0
0.665,2.2640624999999996,0
0.675,-2.2640624999999996,0
0.675,-2.1921874999999997,0
0.675,-2.1203125,0
0.675,-2.0484375,0
0.675,-1.9765624999999998,0
0.675,-1.9046874999999999,0
0.675,-1.8328124999999997,0
0.675,-1.7609374999999998,0
0.675,-1.6890625,0
0.675,-1.6171875,0
0.675,-1.5453124999999999,0
0.675,-1.4734374999999997,0
0.675,-1.4015624999999998,0
0.675,-1.3296875,0
0.675,-1.2578125,0
0.675,-1.1859374999999999,0
0.675,-1.1140625,0
0.675,-1.0421874999999998,0
0.675,-0.9703124999999999,0
0.675,-0.8984375,0
0.675,-0.8265624999999999,0
0.675,-0.7546875,0
0.675,-0.6828125,0
0.675,-0.6109374999999999,0
0.675,-0.5390625,0
0.675,-0.46718749999999987,0
0.675,-0.39531249999999996,4287
0.675,-0.32343750000000004,65301
0.675,-0.2515624999999999,127414
0.675,-0.1796875,122104
0.675,-0.10781250000000009,117360
0.675,-0.03593750000000018,116705
0.675,0.03593750000000018,121098
0.675,0.10781250000000009,121974
0.675,0.1796875,126334
0.675,0.2515624999999999,131376
0.675,0.3234374999999998,65910
0.675,0.3953125000000002,4182
0.675,0.4671875000000001,0
0.675,0.5390625,0
0.675,0.6109374999999999,0
0.675,0.6828124999999998,0
0.675,0.7546874999999997,0
0.675,0.8265625000000001,0
0.675,0.8984375,0
0.675,0.9703124999999999,0
0.675,1.0421874999999998,0
0.675,1.1140624999999997,0
0.675,1.1859375,0
0.675,1.2578125,0
0.675,1.3296875,0
0.675,1.4015624999999998,0
0.675,1.4734374999999997,0
0.675,1.5453125,0
0.675,1.6171875,0
0.675,1.6890625,0
0.675,1.7609374999999998,0
0.675,1.8328125000000002,0
0.675,1.9046874999999996,0
0.675,1.9765625,0
0.675,2.0484374999999995,0
0.675,2.1203125,0
0.675,2.1921875,0
0.675,2.2640624999999996,0
0.685,-2.2640624999999996,0
0.685,-2.1921874999999997,0
0.685,-2.1203125,0
0.685,-2.0484375,0
0.685,-1.9765624999999998,0
0.685,-1.9046874999999999,0
0.685,-1.8328124999999997,0
0.685,-1.7609374999999998,0
0.685,-1.6890625,0
0.685,-1.6171875,0
0.685,-1.5453124999999999,0
0.685,-1.4734374999999997,0
0.685,-1.4015624999999998,0
0.685,-1.3296875,0
0.685,-1.2578125,0
0.685,-1.1859374999999999,0
0.685,-1.1140625,0
0.685,-1.0421874999999998,0
0.685,-0.9703124999999999,0
0.685,-0.8984375,0
0.685,-0.8265624999999999,0
0.685,-0.7546875,0
0.685,-0.6828125,0
0.685,-0.6109374999999999,0
0.685,-0.5390625,0
0.685,-0.46718749999999987,0
0.685,-0.39531249999999996,4
0.685,-0.32343750000000004,17400
0.685,-0.2515624999999999,107517
0.685,-0.1796875,135081
0.685,-0.10781250000000009,129187
0.685,-0.03593750000000018,128622
0.685,0.03593750000000018,132483
0.685,0.10781250000000009,133446
0.685,0.1796875,140275
0.685,0.2515624999999999,112420
0.685,0.3234374999999998,17498
0.685,0.3953125000000002,2
0.685,0.4671875000000001,0
0.685,0.5390625,0
0.685,0.6109374999999999,0
0.685,0.6828124999999998,0
0.685,0.7546874999999997,0
0.685,0.8265625000000001,0
0.685,0.8984375,0
0.685,0.9703124999999999,0
0.685,1.0421874999999998,0
0.685,1.1140624999999997,0
0.685,1.1859375,0
0.685,1.2578125,0
0.685,1.3296875,0
0.685,1.4015624999999998,0
0.685,1.4734374999999997,0
0.685,1.5453125,0
0.685,1.6171875,0
0.685,1.6890625,0
0.685,1.7609374999999998,0
0.685,1.8328125000000002,0
0.685,1.9046874999999996,0
0.685,1.9765625,0
0.685,2.0484374999999995,0
0.685,2.1203125,0
0.685,2.1921875,0
0.685,2.2640624999999996,0
0.695,-2.2640624999999996,0
0.695,-2.1921874999999997,0
0.695,-2.1203125,0
0.695,-2.0484375,0
0.695,-1.9765624999999998,0
0.695,-1.9046874999999999,0
0.695,-1.8328124999999997,0
0.695,-1.7609374999999998,0
0.695,-1.6890625,0
0.695,-1.6171875,0
0.695,-1.5453124999999999,0
0.695,-1.4734374999999997,0
0.695,-1.4015624999999998,0
0.695,-1.3296875,0
0.695,-1.2578125,0
0.695,-1.1859374999999999,0
0.695,-1.1140625,0
0.695,-1.0421874999999998,0
0.695,-0.9703124999999999,0
0.695,-0.8984375,0
0.695,-0.8265624999999999,0
0.695,-0.7546875,0
0.695,-0.6828125,0
0.695,-0.6109374999999999,0
0.695,-0.5390625,0
0.695,-0.46718749999999987,0
0.695,-0.39531249999999996,0
0.695,-0.32343750000000004,1007
0.695,-0.2515624999999999,50374
0.695,-0.1796875,140643
0.695,-0.10781250000000009,142438
0.695,-0.03593750000000018,141993
0.695,0.03593750000000018,145829
0.695,0.10781250000000009,146028
0.695,0.1796875,147497
0.695,0.2515624999999999,51912
0.695,0.3234374999999998,1005
0.695,0.3953125000000002,0
0.695,0.4671875000000001,0
0.695,0.5390625,0
0.695,0.6109374999999999,0
0.695,0.6828124999999998,0
0.695,0.7546874999999997,0
0.695,0.8265625000000001,0
0.695,0.8984375,0
0.695,0.9703124999999999,0
0.695,1.0421874999999998,0
0.695,1.1140624999999997,0
0.695,1.1859375,0
0.695,1.2578125,0
0.695,1.3296875,0
0.695,1.4015624999999998,0
0.695,1.4734374999999997,0
0.695,1.5453125,0
0.695,1.6171875,0
0.695,1.6890625,0
0.695,1.7609374999999998,0
0.695,1.8328125000000002,0
0.695,1.9046874999999996,0
0.695,1.9765625,0
0.695,2.0484374999999995,0
0.695,2.1203125,0
0.695,2.1921875,0
0.695,2.2640624999999996,0
0.705,-2.2640624999999996,0
0.705,-2.1921874999999997,0
0.705,-2.1203125,0
0.705,-2.0484375,0
0.705,-1.9765624999999998,0
0.705,-1.9046874999999999,0
0.705,-1.8328124999999997,0
0.705,-1.7609374999999998,0
0.705,-1.6890625,0
0.705,-1.6171875,0
0.705,-1.5453124999999999,0
0.705,-1.4734374999999997,0
0.705,-1.4015624999999998,0
0.705,-1.3296875,0
0.705,-1.2578125,0
0.705,-1.1859374999999999,0
0.705,-1.1140625,0
0.705,-1.0421874999999998,0
0.705,-0.9703124999999999,0
0.705,-0.8984375,0
0.705,-0.8265624999999999,0
0.705,-0.7546875,0
0.705,-0.6828125,0
0.705,-0.6109374999999999,0
0.705,-0.5390625,0
0.705,-0.46718749999999987,0
0.705,-0.39531249999999996,0
0.705,-0.32343750000000004,0
0.705,-0.2515624999999999,9313
0.705,-0.1796875,105881
0.705,-0.10781250000000009,157206
0.705,-0.03593750000000018,155524
0.705,0.03593750000000018,158135
0.705,0.10781250000000009,160617
0.705,0.1796875,111877
0.705,0.2515624999999999,9860
0.705,0.3234374999999998,0
0.705,0.3953125000000002,0
0.705,0.4671875000000001,0
0.705,0.5390625,0
0.705,0.6109374999999999,0
0.705,0.6828124999999998,0
0.705,0.7546874999999997,0
0.705,0.8265625000000001,0
0.705,0.8984375,0
0.705,0.9703124999999999,0
0.705,1.0421874999999998,0
0.705,1.1140624999999997,0
0.705,1.1859375,0
0.705,1.2578125,0
0.705,1.3296875,0
0.705,1.4015624999999998,0
0.705,1.4734374999999997,0
0.705,1.5453125,0
0.705,1.6171875,0
0.705,1.6890625,0
0.705,1.7609374999999998,0
0.705,1.8328125000000002,0
0.705,1.9046874999999996,0
0.705,1.9765625,0
0.705,2.0484374999999995,0
0.705,2.1203125,0
0.705,2.1921875,0
0.705,2.2640624999999996,0
0.715,-2.2640624999999996,0
0.715,-2.1921874999999997,0
0.715,-2.1203125,0
0.715,-2.0484375,0
0.715,-1.9765624999999998,0
0.715,-1.9046874999999999,0
0.715,-1.8328124999999997,0
0.715,-1.7609374999999998,0
0.715,-1.6890625,0
0.715,-1.6171875,0
0.715,-1.5453124999999999,0
0.715,-1.4734374999999997,0
0.715,-1.4015624999999998,0
0.715,-1.3296875,0
0.715,-1.2578125,0
0.715,-1.1859374999999999,0
0.715,-1.1140625,0
0.715,-1.0421874999999998,0
0.715,-0.9703124999999999,0
0.715,-0.8984375,0
0.715,-0.8265624999999999,0
0.715,-0.7546875,0
0.715,-0.6828125,0
0.715,-0.6109374999999999,0
0.715,-0.5390625,0
0.715,-0.46718749999999987,0
0.715,-0.39531249999999996,0
0.715,-0.32343750000000004,0
0.715,-0.2515624999999999,145
0.715,-0.1796875,42379
0.715,-0.10781250000000009,162723
0.715,-0.03593750000000018,170562
0.715,0.03593750000000018,172179
0.715,0.10781250000000009,166095
0.715,0.1796875,45327
0.715,0.2515624999999999,166
0.715,0.3234374999999998,0
0.715,0.3953125000000002,0
0.715,0.4671875000000001,0
0.715,0.5390625,0
0.715,0.6109374999999999,0
0.715,0.6828124999999998,0
0.715,0.7546874999999997,0
0.715,0.8265625000000001,0
0.715,0.8984375,0
0.715,0.9703124999999999,0
0.715,1.0421874999999998,0
0.715,1.1140624999999997,0
0.715,1.1859375,0
0.715,1.2578125,0
0.715,1.3296875,0
0.715,1.4015624999999998,0
0.715,1.4734374999999997,0
0.715,1.5453125,0
0.715,1.6171875,0
0.715,1.6890625,0
0.715,1.7609374999999998,0
0.715,1.8328125000000002,0
0.715,1.9046874999999996,0
0.715,1.9765625,0
0.715,2.0484374999999995,0
0.715,2.1203125,0
0.715,2.1921875,0
0.715,2.2640624999999996,0
0.725,-2.2640624999999996,0
0.725,-2.1921874999999997,0
0.725,-2.1203125,0
0.725,-2.0484375,0
0.725,-1.9765624999999998,0
0.725,-1.9046874999999999,0
0.725,-1.8328124999999997,0
0.725,-1.7609374999999998,0
0.725,-1.6890625,0
0.725,-1.6171875,0
0.725,-1.5453124999999999,0
0.725,-1.4734374999999997,0
0.725,-1.4015624999999998,0
0.725,-1.3296875,0
0.725,-1.2578125,0
0.725,-1.1859374999999999,0
0.725,-1.1140625,0
0.725,-1.0421874999999998,0
0.725,-0.9703124999999999,0
0.725,-0.8984375,0
0.725,-0.8265624999999999,0
0.725,-0.7546875,0
0.725,-0.6828125,0
0.725,-0.6109374999999999,0
0.725,-0.5390625,0
0.725,-0.46718749999999987,0
0.725,-0.39531249999999996,0
0.725,-0.32343750000000004,0
0.725,-0.2515624999999999,0
0.725,-0.1796875,7128
0.725,-0.10781250000000009,126622
0.725,-0.03593750000000018,187674
0.725,0.03593750000000018,189518
0.725,0.10781250000000009,128778
0.725,0.1796875,7389
0.725,0.2515624999999999,0
0.725,0.3234374999999998,0
0.725,0.3953125000000002,0
0.725,0.4671875000000001,0
0.725,0.5390625,0
0.725,0.6109374999999999,0
0.725,0.6828124999999998,0
0.725,0.7546874999999997,0
0.725,0.8265625000000001,0
0.725,0.8984375,0
0.725,0.9703124999999999,0
0.725,1.0421874999999998,0
0.725,1.1140624999999997,0
0.725,1.1859375,0
0.725,1.2578125,0
0.725,1.3296875,0
0.725,1.4015624999999998,0
0.725,1.4734374999999997,0
0.725,1.5453125,0
0.725,1.6171875,0
0.725,1.6890625,0
0.725,1.7609374999999998,0
0.725,1.8328125000000002,0
0.725,1.9046874999999996,0
0.725,1.9765625,0
0.725,2.0484374999999995,0
0.725,2.1203125,0
0.725,2.1921875,0
0.725,2.2640624999999996,0
0.735,-2.2640624999999996,0
0.735,-2.1921874999999997,0
0.735,-2.1203125,0
0.735,-2.0484375,0
0.735,-1.9765624999999998,0
0.735,-1.9046874999999999,0
0.735,-1.8328124999999997,0
0.735,-1.7609374999999998,0
0.735,-1.6890625,0
0.735,-1.6171875,0
0.735,-1.5453124999999999,0
0.735,-1.4734374999999997,0
0.735,-1.4015624999999998,0
0.735,-1.3296875,0
0.735,-1.2578125,0
0.735,-1.1859374999999999,0
0.735,-1.1140625,0
0.735,-1.0421874999999998,0
0.735,-0.9703124999999999,0
0.735,-0.8984375,0
0.735,-0.8265624999999999,0
0.735,-0.7546875,0
0.735,-0.6828125,0
0.735,-0.6109374999999999,0
0.735,-0.5390625,0
0.735,-0.46718749999999987,0
0.735,-0.39531249999999996,0
0.735,-0.32343750000000004,0
0.735,-0.2515624999999999,0
0.735,-0.1796875,67
0.735,-0.10781250000000009,60125
0.735,-0.03593750000000018,201561
0.735,0.03593750000000018,203832
0.735,0.10781250000000009,62088
0.735,0.1796875,79
0.735,0.2515624999999999,0
0.735,0.3234374999999998,0
0.735,0.3953125000000002,0
0.735,0.4671875000000001,0
0.735,0.5390625,0
0.735,0.6109374999999999,0
0.735,0.6828124999999998,0
0.735,0.7546874999999997,0
0.735,0.8265625000000001,0
0.735,0.8984375,0
0.735,0.9703124999999999,0
0.735,1.0421874999999998,0
0.735,1.1140624999999997,0
0.735,1.1859375,0
0.735,1.2578125,0
0.735,1.3296875,0
0.735,1.4015624999999998,0
0.735,1.4734374999999997,0
0.735,1.5453125,0
0.735,1.6171875,0
0.735,1.6890625,0
0.735,1.7609374999999998,0
0.735,1.8328125000000002,0
0.735,1.9046874999999996,0
0.735,1.9765625,0
0.735,2.0484374999999995,0
0.735,2.1203125,0
0.735,2.1921875,0
0.735,2.2640624999999996,0
0.745,-2.2640624999999996,0
0.745,-2.1921874999999997,0
0.745,-2.1203125,0
0.745,-2.0484375,0
0.745,-1.9765624999999998,0
0.745,-1.9046874999999999,0
0.745,-1.8328124999999997,0
0.745,-1.7609374999999998,0
0.745,-1.6890625,0
0.745,-1.6171875,0
0.745,-1.5453124999999999,0
0.745,-1.4734374999999997,0
0.745,-1.4015624999999998,0
0.745,-1.3296875,0
0.745,-1.2578125,0
0.745,-1.1859374999999999,0
0.745,-1.1140625,0
0.745,-1.0421874999999998,0
0.745,-0.9703124999999999,0
0.745,-0.8984375,0
0.745,-0.8265624999999999,0
0.745,-0.7546875,0
0.745,-0.6828125,0
0.745,-0.6109374999999999,0
0.745,-0.5390625,0
0.745,-0.46718749999999987,0
0.745,-0.39531249999999996,0
0.745,-0.32343750000000004,0
0.745,-0.2515624999999999,0
0.745,-0.1796875,0
0.745,-0.10781250000000009,14260
0.745,-0.03593750000000018,186318
0.745,0.03593750000000018,189377
0.745,0.10781250000000009,14794
0.745,0.1796875,0
0.745,0.2515624999999999,0
0.745,0.3234374999999998,0
0.745,0.3953125000000002,0
0.745,0.4671875000000001,0
0.745,0.5390625,0
0.745,0.6109374999999999,0
0.745,0.6828124999999998,0
0.745,0.7546874999999997,0
0.745,0.8265625000000001,0
0.745,0.8984375,0
0.745,0.9703124999999999,0
0.745,1.0421874999999998,0
0.745,1.1140624999999997,0
0.745,1.1859375,0
0.745,1.2578125,0
0.745,1.3296875,0
0.745,1.4015624999999998,0
0.745,1.4734374999999997,0
0.745,1.5453125,0
0.745,1.6171875,0
0.745,1.6890625,0
0.745,1.7609374999999998,0
0.745,1.8328125000000002,0
0.745,1.9046874999999996,0
0.745,1.9765625,0
0.745,2.0484374999999995,0
0.745,2.1203125,0
0.745,2.1921875,0
0.745,2.2640624999999996,0
0.755,-2.2640624999999996,0
0.755,-2.1921874999999997,0
0.755,-2.1203125,0
0.755,-2.0484375,0
0.755,-1.9765624999999998,0
0.755,-1.9046874999999999,0
0.755,-1.8328124999999997,0
0.755,-1.7609374999999998,0
0.755,-1.6890625,0
0.755,-1.6171875,0
0.755,-1.5453124999999999,0
0.755,-1.4734374999999997,0
0.755,-1.4015624999999998,0
0.755,-1.3296875,0
0.755,-1.2578125,0
0.755,-1.1859374999999999,0
0.755,-1.1140625,0
0.755,-1.0421874999999998,0
0.755,-0.9703124999999999,0
0.755,-0.8984375,0
0.755,-0.8265624999999999,0
0.755,-0.7546875,0
0.755,-0.6828125,0
0.755,-0.6109374999999999,0
0.755,-0.5390625,0
0.755,-0.46718749999999987,0
0.755,-0.39531249999999996,0
0.755,-0.32343750000000004,0
0.755,-0.2515624999999999,0
0.755,-0.1796875,0
0.755,-0.10781250000000009,768
0.755,-0.03593750000000018,141435
0.755,0.03593750000000018,142398
0.755,0.10781250000000009,832
0.755,0.1796875,0
0.755,0.2515624999999999,0
0.755,0.3234374999999998,0
0.755,0.3953125000000002,0
0.755,0.4671875000000001,0
0.755,0.5390625,0
0.755,0.6109374999999999,0
0.755,0.6828124999999998,0
0.755,0.7546874999999997,0
0.755,0.8265625000000001,0
0.755,0.8984375,0
0.755,0.9703124999999999,0
0.755,1.0421874999999998,0
0.755,1.1140624999999997,0
0.755,1.1859375,0
0.755,1.2578125,0
0.755,1.3296875,0
0.755,1.4015624999999998,0
0.755,1.4734374999999997,0
0.755,1.5453125,0
0.755,1.6171875,0
0.755,1.6890625,0
0.755,1.7609374999999998,0
0.755,1.8328125000000002,0
0.755,1.9046874999999996,0
0.755,1.9765625,0
0.755,2.0484374999999995,0
0.755,2.1203125,0
0.755,2.1921875,0
0.755,2.2640624999999996,0
0.765,-2.2640624999999996,0
0.765,-2.1921874999999997,0
0.765,-2.1203125,0
0.765,-2.0484375,0
0.765,-1.9765624999999998,0
0.765,-1.9046874999999999,0
0.765,-1.8328124999999997,0
0.765,-1.7609374999999998,0
0.765,-1.6890625,0
0.765,-1.6171875,0
0.765,-1.5453124999999999,0
0.765,-1.4734374999999997,0
0.765,-1.4015624999999998,0
0.765,-1.3296875,0
0.765,-1.2578125,0
0.765,-1.1859374999999999,0
0.765,-1.1140625,0
0.765,-1.0421874999999998,0
0.765,-0.9703124999999999,0
0.765,-0.8984375,0
0.765,-0.8265624999999999,0
0.765,-0.7546875,0
0.765,-0.6828125,0
0.765,-0.6109374999999999,0
0.765,-0.5390625,0
0.765,-0.46718749999999987,0
0.765,-0.39531249999999996,0
0.765,-0.32343750000000004,0
0.765,-0.2515624999999999,0
0.765,-0.1796875,0
0.765,-0.10781250000000009,0
0.765,-0.03593750000000018,88623
0.765,0.03593750000000018,88545
0.765,0.10781250000000009,2
0.765,0.1796875,0
0.765,0.2515624999999999,0
0.765,0.3234374999999998,0
0.765,0.3953125000000002,0
0.765,0.4671875000000001,0
0.765,0.5390625,0
0.765,0.6109374999999999,0
0.765,0.6828124999999998,0
0.765,0.7546874999999997,0
0.765,0.8265625000000001,0
0.765,0.8984375,0
0.765,0.9703124999999999,0
0.765,1.0421874999999998,0
0.765,1.1140624999999997,0
0.765,1.1859375,0
0.765,1.2578125,0
0.765,1.3296875,0
0.765,1.4015624999999998,0
0.765,1.4734374999999997,0
0.765,1.5453125,0
0.765,1.6171875,0
0.765,1.6890625,0
0.765,1.7609374999999998,0
0.765,1.8328125000000002,0
0.765,1.9046874999999996,0
0.765,1.9765625,0
0.765,2.0484374999999995,0
0.765,2.1203125,0
0.765,2.1921875,0
0.765,2.2640624999999996,0
0.775,-2.2640624999999996,0
0.775,-2.1921874999999997,0
0.775,-2.1203125,0
0.775,-2.0484375,0
0.775,-1.9765624999999998,0
0.775,-1.9046874999999999,0
0.775,-1.8328124999999997,0
0.775,-1.7609374999999998,0
0.775,-1.6890625,0
0.775,-1.6171875,0
0.775,-1.5453124999999999,0
0.775,-1.4734374999999997,0
0.775,-1.4015624999999998,0
0.775,-1.3296875,0
0.775,-1.2578125,0
0.775,-1.1859374999999999,0
0.775,-1.1140625,0
0.775,-1.0421874999999998,0
0.775,-0.9703124999999999,0
0.775,-0.8984375,0
0.775,-0.8265624999999999,0
0.775,-0.7546875,0
0.775,-0.6828125,0
0.775,-0.6109374999999999,0
0.775,-0.5390625,0
0.775,-0.46718749999999987,0
0.775,-0.39531249999999996,0
0.775,-0.32343750000000004,0
0.775,-0.2515624999999999,0
0.775,-0.1796875,0
0.775,-0.10781250000000009,0
0.775,-0.03593750000000018,44072
0.775,0.03593750000000018,45237
0.775,0.10781250000000009,0
0.775,0.1796875,0
0.775,0.2515624999999999,0
0.775,0.3234374999999998,0
0.775,0.3953125000000002,0
0.775,0.4671875000000001,0
0.775,0.5390625,0
0.775,0.6109374999999999,0
0.775,0.6828124999999998,0
0.775,0.7546874999999997,0
0.775,0.8265625000000001,0
0.775,0.8984375,0
0.775,0.9703124999999999,0
0.775,1.0421874999999998,0
0.775,1.1140624999999997,0
0.775,1.1859375,0
0.775,1.2578125,0
0.775,1.3296875,0
0.775,1.4015624999999998,0
0.775,1.4734374999999997,0
0.775,1.5453125,0
0.775,1.6171875,0
0.775,1.6890625,0
0.775,1.7609374999999998,0
0.775,1.8328125000000002,0
0.775,1.9046874999999996,0
0.775,1.9765625,0
0.775,2.0484374999999995,0
0.775,2.1203125,0
0.775,2.1921875,0
0.775,2.2640624999999996,0
0.785,-2.2640624999999996,0
0.785,-2.1921874999999997,0
0.785,-2.1203125,0
0.785,-2.0484375,0
0.785,-1.9765624999999998,0
0.785,-1.9046874999999999,0
0.785,-1.8328124999999997,0
0.785,-1.7609374999999998,0
0.785,-1.6890625,0
0.785,-1.6171875,0
0.785,-1.5453124999999999,0
0.785,-1.4734374999999997,0
0.785,-1.4015624999999998,0
0.785,-1.3296875,0
0.785,-1.2578125,0
0.785,-1.1859374999999999,0
0.785,-1.1140625,0
0.785,-1.0421874999999998,0
0.785,-0.9703124999999999,0
0.785,-0.8984375,0
0.785,-0.8265624999999999,0
0.785,-0.7546875,0
0.785,-0.6828125,0
0.785,-0.6109374999999999,0
0.785,-0.5390625,0
0.785,-0.46718749999999987,0
0.785,-0.39531249999999996,0
0.785,-0.32343750000000004,0
0.785,-0.2515624999999999,0
0.785,-0.1796875,0
0.785,-0.10781250000000009,0
0.785,-0.03593750000000018,15776
0.785,0.03593750000000018,16342
0.785,0.10781250000000009,0
0.785,0.1796875,0
0.785,0.2515624999999999,0
0.785,0.3234374999999998,0
0.785,0.3953125000000002,0
0.785,0.4671875000000001,0
0.785,0.5390625,0
0.785,0.6109374999999999,0
0.785,0.6828124999999998,0
0.785,0.7546874999999997,0
0.785,0.8265625000000001,0
0.785,0.8984375,0
0.785,0.9703124999999999,0
0.785,1.0421874999999998,0
0.785,1.1140624999999997,0
0.785,1.1859375,0
0.785,1.2578125,0
0.785,1.3296875,0
0.785,1.4015624999999998,0
0.785,1.4734374999999997,0
0.785,1.5453125,0
0.785,1.6171875,0
0.785,1.6890625,0
0.785,1.7609374999999998,0
0.785,1.8328125000000002,0
0.785,1.9046874999999996,0
0.785,1.9765625,0
0.785,2.0484374999999995,0
0.785,2.1203125,0
0.785,2.1921875,0
0.785,2.2640624999999996,0
0.795,-2.2640624999999996,0
0.795,-2.1921874999999997,0
0.795,-2.1203125,0
0.795,-2.0484375,0
0.795,-1.9765624999999998,0
0.795,-1.9046874999999999,0
0.795,-1.8328124999999997,0
0.795,-1.7609374999999998,0
0.795,-1.6890625,0
0.795,-1.6171875,0
0.795,-1.5453124999999999,0
0.795,-1.4734374999999997,0
0.795,-1.4015624999999998,0
0.795,-1.3296875,0
0.795,-1.2578125,0
0.795,-1.1859374999999999,0
0.795,-1.1140625,0
0.795,-1.0421874999999998,0
0.795,-0.9703124999999999,0
0.795,-0.8984375,0
0.795,-0.8265624999999999,0
0.795,-0.7546875,0
0.795,-0.6828125,0
0.795,-0.6109374999999999,0
0.795,-0.5390625,0
0.795,-0.46718749999999987,0
0.795,-0.39531249999999996,0
0.795,-0.32343750000000004,0
0.795,-0.2515624999999999,0
0.795,-0.1796875,0
0.795,-0.10781250000000009,0
0.795,-0.03593750000000018,5516
0.795,0.03593750000000018,5463
0.795,0.10781250000000009,0
0.795,0.1796875,0
0.795,0.2515624999999999,0
0.795,0.3234374999999998,0
0.795,0.3953125000000002,0
0.795,0.4671875000000001,0
0.795,0.5390625,0
0.795,0.6109374999999999,0
0.795,0.6828124999999998,0
0.795,0.7546874999999997,0
0.795,0.8265625000000001,0
0.795,0.8984375,0
0.795,0.9703124999999999,0
0.795,1.0421874999999998,0
0.795,1.1140624999999997,0
0.795,1.1859375,0
0.795,1.2578125,0
0.795,1.3296875,0
0.795,1.4015624999999998,0
0.795,1.4734374999999997,0
0.795,1.5453125,0
0.795,1.6171875,0
0.795,1.6890625,0
0.795,1.7609374999999998,0
0.795,1.8328125000000002,0
0.795,1.9046874999999996,0
0.795,1.9765625,0
0.795,2.0484374999999995,0
0.795,2.1203125,0
0.795,2.1921875,0
0.795,2.2640624999999996,0
0.805,-2.2640624999999996,0
0.805,-2.1921874999999997,0
0.805,-2.1203125,0
0.805,-2.0484375,0
0.805,-1.9765624999999998,0
0.805,-1.9046874999999999,0
0.805,-1.8328124999999997,0
0.805,-1.7609374999999998,0
0.805,-1.6890625,0
0.805,-1.6171875,0
0.805,-1.5453124999999999,0
0.805,-1.4734374999999997,0
0.805,-1.4015624999999998,0
0.805,-1.3296875,0
0.805,-1.2578125,0
0.805,-1.1859374999999999,0
0.805,-1.1140625,0
0.805,-1.0421874999999998,0
0.805,-0.9703124999999999,0
0.805,-0.8984375,0
0.805,-0.8265624999999999,0
0.805,-0.7546875,0
0.805,-0.6828125,0
0.805,-0.6109374999999999,0
0.805,-0.5390625,0
0.805,-0.46718749999999987,0
0.805,-0.39531249999999996,0
0.805,-0.32343750000000004,0
0.805,-0.2515624999999999,0
0.805,-0.1796875,0
0.805,-0.10781250000000009,0
0.805,-0.03593750000000018,2971
0.805,0.03593750000000018,2952
0.805,0.10781250000000009,0
0.805,0.1796875,0
0.805,0.2515624999999999,0
0.805,0.3234374999999998,0
0.805,0.3953125000000002,0
0.805,0.4671875000000001,0
0.805,0.5390625,0
0.805,0.6109374999999999,0
0.805,0.6828124999999998,0
0.805,0.7546874999999997,0
0.805,0.8265625000000001,0
0.805,0.8984375,0
0.805,0.9703124999999999,0
0.805,1.0421874999999998,0
0.805,1.1140624999999997,0
0.805,1.1859375,0
0.805,1.2578125,0
0.805,1.3296875,0
0.805,1.4015624999999998,0
0.805,1.4734374999999997,0
0.805,1.5453125,0
0.805,1.6171875,0
0.805,1.6890625,0
0.805,1.7609374999999998,0
0.805,1.8328125000000002,0
0.805,1.9046874999999996,0
0.805,1.9765625,0
0.805,2.0484374999999995,0
0.805,2.1203125,0
0.805,2.1921875,0
0.805,2.2640624999999996,0
0.815,-2.2640624999999996,0
0.815,-2.1921874999999997,0
0.815,-2.1203125,0
0.815,-2.0484375,0
0.815,-1.9765624999999998,0
0.815,-1.9046874999999999,0
0.815,-1.8328124999999997,0
0.815,-1.7609374999999998,0
0.815,-1.6890625,0
0.815,-1.6171875,0
0.815,-1.5453124999999999,0
0.815,-1.4734374999999997,0
0.815,-1.4015624999999998,0
0.815,-1.3296875,0
0.815,-1.2578125,0
0.815,-1.1859374999999999,0
0.815,-1.1140625,0
0.815,-1.0421874999999998,0
0.815,-0.9703124999999999,0
0.815,-0.8984375,0
0.815,-0.8265624999999999,0
0.815,-0.7546875,0
0.815,-0.6828125,0
0.815,-0.6109374999999999,0
0.815,-0.5390625,0
0.815,-0.46718749999999987,0
0.815,-0.39531249999999996,0
0.815,-0.32343750000000004,0
0.815,-0.2515624999999999,0
0.815,-0.1796875,0
0.815,-0.10781250000000009,0
0.815,-0.03593750000000018,1883
0.815,0.03593750000000018,1867
0.815,0.10781250000000009,0
0.815,0.1796875,0
0.815,0.2515624999999999,0
0.815,0.3234374999999998,0
0.815,0.3953125000000002,0
0.815,0.4671875000000001,0
0.815,0.5390625,0
0.815,0.6109374999999999,0
0.815,0.6828124999999998,0
0.815,0.7546874999999997,0
0.815,0.8265625000000001,0
0.815,0.8984375,0
0.815,0.9703124999999999,0
0.815,1.0421874999999998,0
0.815,1.1140624999999997,0
0.815,1.1859375,0
0.815,1.2578125,0
0.815,1.3296875,0
0.815,1.4015624999999998,0
0.815,1.4734374999999997,0
0.815,1.5453125,0
0.815,1.6171875,0
0.815,1.6890625,0
0.815,1.7609374999999998,0
0.815,1.8328125000000002,0
0.815,1.9046874999999996,0
0.815,1.9765625,0
0.815,2.0484374999999995,0
0.815,2.1203125,0
0.815,2.1921875,0
0.815,2.2640624999999996,0
0.825,-2.2640624999999996,0
0.825,-2.1921874999999997,0
0.825,-2.1203125,0
0.825,-2.0484375,0
0.825,-1.9765624999999998,0
0.825,-1.9046874999999999,0
0.825,-1.8328124999999997,0
0.825,-1.7609374999999998,0
0.825,-1.6890625,0
0.825,-1.6171875,0
0.825,-1.5453124999999999,0
0.825,-1.4734374999999997,0
0.825,-1.4015624999999998,0
0.825,-1.3296875,0
0.825,-1.2578125,0
0.825,-1.1859374999999999,0
0.825,-1.1140625,0
0.825,-1.0421874999999998,0
0.825,-0.9703124999999999,0
0.825,-0.8984375,0
0.825,-0.8265624999999999,0
0.825,-0.7546875,0
0.825,-0.6828125,0
0.825,-0.6109374999999999,0
0.825,-0.5390625,0
0.825,-0.46718749999999987,0
0.825,-0.39531249999999996,0
0.825,-0.32343750000000004,0
0.825,-0.2515624999999999,0
0.825,-0.1796875,0
0.825,-0.10781250000000009,0
0.825,-0.03593750000000018,1401
0.825,0.03593750000000018,1370
0.825,0.10781250000000009,0
0.825,0.1796875,0
0.825,0.2515624999999999,0
0.825,0.3234374999999998,0
0.825,0.3953125000000002,0
0.825,0.4671875000000001,0
0.825,0.5390625,0
0.825,0.6109374999999999,0
0.825,0.6828124999999998,0
0.825,0.7546874999999997,0
0.825,0.8265625000000001,0
0.825,0.8984375,0
0.825,0.9703124999999999,0
0.825,1.0421874999999998,0
0.825,1.1140624999999997,0
0.825,1.1859375,0
0.825,1.2578125,0
0.825,1.3296875,0
0.825,1.4015624999999998,0
0.825,1.4734374999999997,0
0.825,1.5453125,0
0.825,1.6171875,0
0.825,1.6890625,0
0.825,1.7609374999999998,0
0.825,1.8328125000000002,0
0.825,1.9046874999999996,0
0.825,1.9765625,0
0.825,2.0484374999999995,0
0.825,2.1203125,0
0.825,2.1921875,0
0.825,2.2640624999999996,0
0.835,-2.2640624999999996,0
0.835,-2.1921874999999997,0
0.835,-2.1203125,0
0.835,-2.0484375,0
0.835,-1.9765624999999998,0
0.835,-1.9046874999999999,0
0.835,-1.8328124999999997,0
0.835,-1.7609374999999998,0
0.835,-1.6890625,0
0.835,-1.6171875,0
0.835,-1.5453124999999999,0
0.835,-1.4734374999999997,0
0.835,-1.4015624999999998,0
0.835,-1.3296875,0
0.835,-1.2578125,0
0.835,-1.1859374999999999,0
0.835,-1.1140625,0
0.835,-1.0421874999999998,0
0.835,-0.9703124999999999,0
0.835,-0.8984375,0
0.835,-0.8265624999999999,0
0.835,-0.7546875,0
0.835,-0.6828125,0
0.835,-0.6109374999999999,0
0.835,-0.5390625,0
0.835,-0.46718749999999987,0
0.835,-0.39531249999999996,0
0.835,-0.32343750000000004,0
0.835,-0.2515624999999999,0
0.835,-0.1796875,0
0.835,-0.10781250000000009,0
0.835,-0.03593750000000018,1760
0.835,0.03593750000000018,1797
0.835,0.10781250000000009,0
0.835,0.1796875,0
0.835,0.2515624999999999,0
0.835,0.3234374999999998,0
0.835,0.3953125000000002,0
0.835,0.4671875000000001,0
0.835,0.5390625,0
0.835,0.6109374999999999,0
0.835,0.6828124999999998,0
0.835,0.7546874999999997,0
0.835,0.8265625000000001,0
0.835,0.8984375,0
0.835,0.9703124999999999,0
0.835,1.0421874999999998,0
0.835,1.1140624999999997,0
0.835,1.1859375,0
0.835,1.2578125,0
0.835,1.3296875,0
0.835,1.4015624999999998,0
0.835,1.4734374999999997,0
0.835,1.5453125,0
0.835,1.6171875,0
0.835,1.6890625,0
0.835,1.7609374999999998,0
0.835,1.8328125000000002,0
0.835,1.9046874999999996,0
0.835,1.9765625,0
0.835,2.0484374999999995,0
0.835,2.1203125,0
0.835,2.1921875,0
0.835,2.2640624999999996,0
0.845,-2.2640624999999996,0
0.845,-2.1921874999999997,0
0.845,-2.1203125,0
0.845,-2.0484375,0
0.845,-1.9765624999999998,0
0.845,-1.9046874999999999,0
0.845,-1.8328124999999997,0
0.845,-1.7609374999999998,0
0.845,-1.6890625,0
0.845,-1.6171875,0
0.845,-1.5453124999999999,0
0.845,-1.4734374999999997,0
0.845,-1.4015624999999998,0
0.845,-1.3296875,0
0.845,-1.2578125,0
0.845,-1.1859374999999999,0
0.845,-1.1140625,0
0.845,-1.0421874999999998,0
0.845,-0.9703124999999999,0
0.845,-0.8984375,0
0.845,-0.8265624999999999,0
0.845,-0.7546875,0
0.845,-0.6828125,0
0.845,-0.6109374999999999,0
0.845,-0.5390625,0
0.845,-0.46718749999999987,0
0.845,-0.39531249999999996,0
0.845,-0.32343750000000004,0
0.845,-0.2515624999999999,0
0.845,-0.1796875,0
0.845,-0.10781250000000009,0
0.845,-0.03593750000000018,3323
0.845,0.03593750000000018,3448
0.845,0.10781250000000009,0
0.845,0.1796875,0
0.845,0.2515624999999999,0
0.845,0.3234374999999998,0
0.845,0.3953125000000002,0
0.845,0.4671875000000001,0
0.845,0.5390625,0
0.845,0.6109374999999999,0
0.845,0.6828124999999998,0
0.845,0.7546874999999997,0
0.845,0.8265625000000001,0
0.845,0.8984375,0
0.845,0.9703124999999999,0
0.845,1.0421874999999998,0
0.845,1.1140624999999997,0
0.845,1.1859375,0
0.845,1.2578125,0
0.845,1.3296875,0
0.845,1.4015624999999998,0
0.845,1.4734374999999997,0
0.845,1.5453125,0
0.845,1.6171875,0
0.845,1.6890625,0
0.845,1.7609374999999998,0
0.845,1.8328125000000002,0
0.845,1.9046874999999996,0
0.845,1.9765625,0
0.845,2.0484374999999995,0
0.845,2.1203125,0
0.845,2.1921875,0
0.845,2.2640624999999996,0
0.855,-2.2640624999999996,0
0.855,-2.1921874999999997,0
0.855,-2.1203125,0
0.855,-2.0484375,0
0.855,-1.9765624999999998,0
0.855,-1.9046874999999999,0
0.855,-1.8328124999999997,0
0.855,-1.7609374999999998,0
0.855,-1.6890625,0
0.855,-1.6171875,0
0.855,-1.5453124999999999,0
0.855,-1.4734374999999997,0
0.855,-1.4015624999999998,0
0.855,-1.3296875,0
0.855,-1.2578125,0
0.855,-1.1859374999999999,0
0.855,-1.1140625,0
0.855,-1.0421874999999998,0
0.855,-0.9703124999999999,0
0.855,-0.8984375,0
0.855,-0.8265624999999999,0
0.855,-0.7546875,0
0.855,-0.6828125,0
0.855,-0.6109374999999999,0
0.855,-0.5390625,0
0.855,-0.46718749999999987,0
0.855,-0.39531249999999996,0
0.855,-0.32343750000000004,0
0.855,-0.2515624999999999,0
0.855,-0.1796875,0
0.855,-0.10781250000000009,1
0.855,-0.03593750000000018,5235
0.855,0.03593750000000018,5453
0.855,0.10781250000000009,0
0.855,0.1796875,0
0.855,0.2515624999999999,0
0.855,0.3234374999999998,0
0.855,0.3953125000000002,0
0.855,0.4671875000000001,0
0.855,0.5390625,0
0.855,0.6109374999999999,0
0.855,0.6828124999999998,0
0.855,0.7546874999999997,0
0.855,0.8265625000000001,0
0.855,0.8984375,0
0.855,0.9703124999999999,0
0.855,1.0421874999999998,0
0.855,1.1140624999999997,0
0.855,1.1859375,0
0.855,1.2578125,0
0.855,1.3296875,0
0.855,1.4015624999999998,0
0.855,1.4734374999999997,0
0.855,1.5453125,0
0.855,1.6171875,0
0.855,1.6890625,0
0.855,1.7609374999999998,0
0.855,1.8328125000000002,0
0.855,1.9046874999999996,0
0.855,1.9765625,0
0.855,2.0484374999999995,0
0.855,2.1203125,0
0.855,2.1921875,0
0.855,2.2640624999999996,0
0.865,-2.2640624999999996,0
0.865,-2.1921874999999997,0
0.865,-2.1203125,0
0.865,-2.0484375,0
0.865,-1.9765624999999998,0
0.865,-1.9046874999999999,0
0.865,-1.8328124999999997,0
0.865,-1.7609374999999998,0
0.865,-1.6890625,0
0.865,-1.6171875,0
0.865,-1.5453124999999999,0
0.865,-1.4734374999999997,0
0.865,-1.4015624999999998,0
0.865,-1.3296875,0
0.865,-1.2578125,0
0.865,-1.1859374999999999,0
0.865,-1.1140625,0
0.865,-1.0421874999999998,0
0.865,-0.9703124999999999,0
0.865,-0.8984375,0
0.865,-0.8265624999999999,0
0.865,-0.7546875,0
0.865,-0.6828125,0
0.865,-0.6109374999999999,0
0.865,-0.5390625,0
0.865,-0.46718749999999987,0
0.865,-0.39531249999999996,0
0.865,-0.32343750000000004,0
0.865,-0.2515624999999999,0
0.865,-0.1796875,0
0.865,-0.10781250000000009,67
0.865,-0.03593750000000018,7474
0.865,0.03593750000000018,7489
0.865,0.10781250000000009,83
0.865,0.1796875,0
0.865,0.2515624999999999,0
0.865,0.3234374999999998,0
0.865,0.3953125000000002,0
0.865,0.4671875000000001,0
0.865,0.5390625,0
0.865,0.6109374999999999,0
0.865,0.6828124999999998,0
0.865,0.7546874999999997,0
0.865,0.8265625000000001,0
0.865,0.8984375,0
0.865,0.9703124999999999,0
0.865,1.0421874999999998,0
0.865,1.1140624999999997,0
0.865,1.1859375,0
0.865,1.2578125,0
0.865,1.3296875,0
0.865,1.4015624999999998,0
0.865,1.4734374999999997,0
0.865,1.5453125,0
0.865,1.6171875,0
0.865,1.6890625,0
0.865,1.7609374999999998,0
0.865,1.8328125000000002,0
0.865,1.9046874999999996,0
0.865,1.9765625,0
0.865,2.0484374999999995,0
0.865,2.1203125,0
0.865,2.1921875,0
0.865,2.2640624999999996,0
0.875,-2.2640624999999996,0
0.875,-2.1921874999999997,0
0.875,-2.1203125,0
0.875,-2.0484375,0
0.875,-1.9765624999999998,0
0.875,-1.9046874999999999,0
0.875,-1.8328124999999997,0
0.875,-1.7609374999999998,0
0.875,-1.6890625,0
0.875,-1.6171875,0
0.875,-1.5453124999999999,0
0.875,-1.4734374999999997,0
0.875,-1.4015624999999998,0
0.875,-1.3296875,0
0.875,-1.2578125,0
0.875,-1.1859374999999999,0
0.875,-1.1140625,0
0.875,-1.0421874999999998,0
0.875,-0.9703124999999999,0
0.875,-0.8984375,0
0.875,-0.8265624999999999,0
0.875,-0.7546875,0
0.875,-0.6828125,0
0.875,-0.6109374999999999,0
0.875,-0.5390625,0
0.875,-0.46718749999999987,0
0.875,-0.39531249999999996,0
0.875,-0.32343750000000004,0
0.875,-0.2515624999999999,0
0.875,-0.1796875,0
0.875,-0.10781250000000009,671
0.875,-0.03593750000000018,8447
0.875,0.03593750000000018,8652
0.875,0.10781250000000009,631
0.875,0.1796875,0
0.875,0.2515624999999999,0
0.875,0.3234374999999998,0
0.875,0.3953125000000002,0
0.875,0.4671875000000001,0
0.875,0.5390625,0
0.875,0.6109374999999999,0
0.875,0.6828124999999998,0
0.875,0.7546874999999997,0
0.875,0.8265625000000001,0
0.875,0.8984375,0
0.875,0.9703124999999999,0
0.875,1.0421874999999998,0
0.875,1.1140624999999997,0
0.875,1.1859375,0
0.875,1.2578125,0
0.875,1.3296875,0
0.875,1.4015624999999998,0
0.875,1.4734374999999997,0
0.875,1.5453125,0
0.875,1.6171875,0
0.875,1.6890625,0
0.875,1.7609374999999998,0
0.875,1.8328125000000002,0
0.875,1.9046874999999996,0
0.875,1.9765625,0
0.875,2.0484374999999995,0
0.875,2.1203125,0
0.875,2.1921875,0
0.875,2.2640624999999996,0
0.885,-2.2640624999999996,0
0.885,-2.1921874999999997,0
0.885,-2.1203125,0
0.885,-2.0484375,0
0.885,-1.9765624999999998,0
0.885,-1.9046874999999999,0
0.885,-1.8328124999999997,0
0.885,-1.7609374999999998,0
0.885,-1.6890625,0
0.885,-1.6171875,0
0.885,-1.5453124999999999,0
0.885,-1.4734374999999997,0
0.885,-1.4015624999999998,0
0.885,-1.3296875,0
0.885,-1.2578125,0
0.885,-1.1859374999999999,0
0.885,-1.1140625,0
0.885,-1.0421874999999998,0
0.885,-0.9703124999999999,0
0.885,-0.8984375,0
0.885,-0.8265624999999999,0
0.885,-0.7546875,0
0.885,-0.6828125,0
0.885,-0.6109374999999999,0
0.885,-0.5390625,0
0.885,-0.46718749999999987,0
0.885,-0.39531249999999996,0
0.885,-0.32343750000000004,0
0.885,-0.2515624999999999,0
0.885,-0.1796875,32
0.885,-0.10781250000000009,2203
0.885,-0.03593750000000018,8640
0.885,0.03593750000000018,8701
0.885,0.10781250000000009,2159
0.885,0.1796875,47
0.885,0.2515624999999999,0
0.885,0.3234374999999998,0
0.885,0.3953125000000002,0
0.885,0.4671875000000001,0
0.885,0.5390625,0
0.885,0.6109374999999999,0
0.885,0.6828124999999998,0
0.885,0.7546874999999997,0
0.885,0.8265625000000001,0
0.885,0.8984375,0
0.885,0.9703124999999999,0
0.885,1.0421874999999998,0
0.885,1.1140624999999997,0
0.885,1.1859375,0
0.885,1.2578125,0
0.885,1.3296875,0
0.885,1.4015624999999998,0
0.885,1.4734374999999997,0
0.885,1.5453125,0
0.885,1.6171875,0
0.885,1.6890625,0
0.885,1.7609374999999998,0
0.885,1.8328125000000002,0
0.885,1.9046874999999996,0
0.885,1.9765625,0
0.885,2.0484374999999995,0
0.885,2.1203125,0
0.885,2.1921875,0
0.885,2.2640624999999996,0
0.895,-2.2640624999999996,0
0.895,-2.1921874999999997,0
0.895,-2.1203125,0
0.895,-2.0484375,0
0.895,-1.9765624999999998,0
0.895,-1.9046874999999999,0
0.895,-1.8328124999999997,0
0.895,-1.7609374999999998,0
0.895,-1.6890625,0
0.895,-1.6171875,0
0.895,-1.5453124999999999,0
0.895,-1.4734374999999997,0
0.895,-1.4015624999999998,0
0.895,-1.3296875,0
0.895,-1.2578125,0
0.895,-1.1859374999999999,0
0.895,-1.1140625,0
0.895,-1.0421874999999998,0
0.895,-0.9703124999999999,0
0.895,-0.8984375,0
0.895,-0.8265624999999999,0
0.895,-0.7546875,0
0.895,-0.6828125,0
0.895,-0.6109374999999999,0
0.895,-0.5390625,0
0.895,-0.46718749999999987,0
0.895,-0.39531249999999996,0
0.895,-0.32343750000000004,0
0.895,-0.2515624999999999,3
0.895,-0.1796875,319
0.895,-0.10781250000000009,3374
0.895,-0.03593750000000018,8118
0.895,0.03593750000000018,8442
0.895,0.10781250000000009,3260
0.895,0.1796875,374
0.895,0.2515624999999999,3
0.895,0.3234374999999998,0
0.895,0.3953125000000002,0
0.895,0.4671875000000001,0
0.895,0.5390625,0
0.895,0.6109374999999999,0
0.895,0.6828124999999998,0
0.895,0.7546874999999997,0
0.895,0.8265625000000001,0
0.895,0.8984375,0
0.895,0.9703124999999999,0
0.895,1.0421874999999998,0
0.895,1.1140624999999997,0
0.895,1.1859375,0
0.895,1.2578125,0
0.895,1.3296875,0
0.895,1.4015624999999998,0
0.895,1.4734374999999997,0
0.895,1.5453125,0
0.895,1.6171875,0
0.895,1.6890625,0
0.895,1.7609374999999998,0
0.895,1.8328125000000002,0
0.895,1.9046874999999996,0
0.895,1.9765625,0
0.895,2.0484374999999995,0
0.895,2.1203125,0
0.895,2.1921875,0
0.895,2.2640624999999996,0
0.905,-2.2640624999999996,0
0.905,-2.1921874999999997,0
0.905,-2.1203125,0
0.905,-2.0484375,0
0.905,-1.9765624999999998,0
0.905,-1.9046874999999999,0
0.905,-1.8328124999999997,0
0.905,-1.7609374999999998,0
0.905,-1.6890625,0
0.905,-1.6171875,0
0.905,-1.5453124999999999,0
0.905,-1.4734374999999997,0
0.905,-1.4015624999999998,0
0.905,-1.3296875,0
0.905,-1.2578125,0
0.905,-1.1859374999999999,0
0.905,-1.1140625,0
0.905,-1.0421874999999998,0
0.905,-0.9703124999999999,0
0.905,-0.8984375,0
0.905,-0.8265624999999999,0
0.905,-0.7546875,0
0.905,-0.6828125,0
0.905,-0.6109374999999999,0
0.905,-0.5390625,0
0.905,-0.46718749999999987,0
0.905,-0.39531249999999996,0
0.905,-0.32343750000000004,0
0.905,-0.2515624999999999,86
0.905,-0.1796875,1072
0.905,-0.10781250000000009,3825
0.905,-0.03593750000000018,7605
0.905,0.03593750000000018,7996
0.905,0.10781250000000009,3769
0.905,0.1796875,1245
0.905,0.2515624999999999,112
0.905,0.3234374999999998,0
0.905,0.3953125000000002,0
0.905,0.4671875000000001,0
0.905,0.5390625,0
0.905,0.6109374999999999,0
0.905,0.6828124999999998,0
0.905,0.7546874999999997,0
0.905,0.8265625000000001,0
0.905,0.8984375,0
0.905,0.9703124999999999,0
0.905,1.0421874999999998,0
0.905,1.1140624999999997,0
0.905,1.1859375,0
0.905,1.2578125,0
0.905,1.3296875,0
0.905,1.4015624999999998,0
0.905,1.4734374999999997,0
0.905,1.5453125,0
0.905,1.6171875,0
0.905,1.6890625,0
0.905,1.7609374999999998,0
0.905,1.8328125000000002,0
0.905,1.9046874999999996,0
0.905,1.9765625,0
0.905,2.0484374999999995,0
0.905,2.1203125,0
0.905,2.1921875,0
0.905,2.2640624999999996,0
0.915,-2.2640624999999996,0
0.915,-2.1921874999999997,0
0.915,-2.1203125,0
0.915,-2.0484375,0
0.915,-1.9765624999999998,0
0.915,-1.9046874999999999,0
0.915,-1.8328124999999997,0
0.915,-1.7609374999999998,0
0.915,-1.6890625,0
0.915,-1.6171875,0
0.915,-1.5453124999999999,0
0.915,-1.4734374999999997,0
0.915,-1.4015624999999998,0
0.915,-1.3296875,0
0.915,-1.2578125,0
0.915,-1.1859374999999999,0
0.915,-1.1140625,0
0.915,-1.0421874999999998,0
0.915,-0.9703124999999999,0
0.915,-0.8984375,0
0.915,-0.8265624999999999,0
0.915,-0.7546875,0
0.915,-0.6828125,0
0.915,-0.6109374999999999,0
0.915,-0.5390625,0
0.915,-0.46718749999999987,0
0.915,-0.39531249999999996,0
0.915,-0.32343750000000004,41
0.915,-0.2515624999999999,434
0.915,-0.1796875,1570
0.915,-0.10781250000000009,3898
0.915,-0.03593750000000018,7202
0.915,0.03593750000000018,7658
0.915,0.10781250000000009,3854
0.915,0.1796875,1953
0.915,0.2515624999999999,504
0.915,0.3234374999999998,64
0.915,0.3953125000000002,0
0.915,0.4671875000000001,0
0.915,0.5390625,0
0.915,0.6109374999999999,0
0.915,0.6828124999999998,0
0.915,0.7546874999999997,0
0.915,0.8265625000000001,0
0.915,0.8984375,0
0.915,0.9703124999999999,0
0.915,1.0421874999999998,0
0.915,1.1140624999999997,0
0.915,1.1859375,0
0.915,1.2578125,0
0.915,1.3296875,0
0.915,1.4015624999999998,0
0.915,1.4734374999999997,0
0.915,1.5453125,0
0.915,1.6171875,0
0.915,1.6890625,0
0.915,1.7609374999999998,0
0.915,1.8328125000000002,0
0.915,1.9046874999999996,0
0.915,1.9765625,0
0.915,2.0484374999999995,0
0.915,2.1203125,0
0.915,2.1921875,0
0.915,2.2640624999999996,0
0.925,-2.2640624999999996,0
0.925,-2.1921874999999997,0
0.925,-2.1203125,0
0.925,-2.0484375,0
0.925,-1.9765624999999998,0
0.925,-1.9046874999999999,0
0.925,-1.8328124999999997,0
0.925,-1.7609374999999998,0
0.925,-1.6890625,0
0.925,-1.6171875,0
0.925,-1.5453124999999999,0
0.925,-1.4734374999999997,0
0.925,-1.4015624999999998,0
0.925,-1.3296875,0
0.925,-1.2578125,0
0.925,-1.1859374999999999,0
0.925,-1.1140625,0
0.925,-1.0421874999999998,0
0.925,-0.9703124999999999,0
0.925,-0.8984375,0
0.925,-0.8265624999999999,0
0.925,-0.7546875,0
0.925,-0.6828125,0
0.925,-0.6109374999999999,0
0.925,-0.5390625,0
0.925,-0.46718749999999987,0
0.925,-0.39531249999999996,27
0.925,-0.32343750000000004,248
0.925,-0.2515624999999999,813
0.925,-0.1796875,1665
0.925,-0.10781250000000009,3882
0.925,-0.03593750000000018,6997
0.925,0.03593750000000018,7468
0.925,0.10781250000000009,3806
0.925,0.1796875,2108
0.925,0.2515624999999999,854
0.925,0.3234374999999998,295
0.925,0.3953125000000002,22
0.925,0.4671875000000001,0
0.925,0.5390625,0
0.925,0.6109374999999999,0
0.925,0.6828124999999998,0
0.925,0.7546874999999997,0
0.925,0.8265625000000001,0
0.925,0.8984375,0
0.925,0.9703124999999999,0
0.925,1.0421874999999998,0
0.925,1.1140624999999997,0
0.925,1.1859375,0
0.925,1.2578125,0
0.925,1.3296875,0
0.925,1.4015624999999998,0
0.925,1.4734374999999997,0
0.925,1.5453125,0
0.925,1.6171875,0
0.925,1.6890625,0
0.925,1.7609374999999998,0
0.925,1.8328125000000002,0
0.925,1.9046874999999996,0
0.925,1.9765625,0
0.925,2.0484374999999995,0
0.925,2.1203125,0
0.925,2.1921875,0
0.925,2.2640624999999996,0
0.935,-2.2640624999999996,0
0.935,-2.1921874999999997,0
0.935,-2.1203125,0
0.935,-2.0484375,0
0.935,-1.9765624999999998,0
0.935,-1.9046874999999999,0
0.935,-1.8328124999999997,0
0.935,-1.7609374999999998,0
0.935,-1.6890625,0
0.935,-1.6171875,0
0.935,-1.5453124999999999,0
0.935,-1.4734374999999997,0
0.935,-1.4015624999999998,0
0.935,-1.3296875,0
0.935,-1.2578125,0
0.935,-1.1859374999999999,0
0.935,-1.1140625,0
0.935,-1.0421874999999998,0
0.935,-0.9703124999999999,0
0.935,-0.8984375,0
0.935,-0.8265624999999999,0
0.935,-0.7546875,0
0.935,-0.6828125,0
0.935,-0.6109374999999999,0
0.935,-0.5390625,0
0.935,-0.46718749999999987,14
0.935,-0.39531249999999996,193
0.935,-0.32343750000000004,574
0.935,-0.2515624999999999,960
0.935,-0.1796875,1784
0.935,-0.10781250000000009,4101
0.935,-0.03593750000000018,6688
0.935,0.03593750000000018,6921
0.935,0.10781250000000009,3943
0.935,0.1796875,2153
0.935,0.2515624999999999,912
0.935,0.3234374999999998,697
0.935,0.3953125000000002,209
0.935,0.4671875000000001,16
0.935,0.5390625,0
0.935,0.6109374999999999,0
0.935,0.6828124999999998,0
0.935,0.7546874999999997,0
0.935,0.8265625000000001,0
0.935,0.8984375,0
0.935,0.9703124999999999,0
0.935,1.0421874999999998,0
0.935,1.1140624999999997,0
0.935,1.1859375,0
0.935,1.2578125,0
0.935,1.3296875,0
0.935,1.4015624999999998,0
0.935,1.4734374999999997,0
0.935,1.5453125,0
0.935,1.6171875,0
0.935,1.6890625,0
0.935,1.7609374999999998,0
0.935,1.8328125000000002,0
0.935,1.9046874999999996,0
0.935,1.9765625,0
0.935,2.0484374999999995,0
0.935,2.1203125,0
0.935,2.1921875,0
0.935,2.2640624999999996,0
0.945,-2.2640624999999996,0
0.945,-2.1921874999999997,0
0.945,-2.1203125,0
0.945,-2.0484375,0
0.945,-1.9765624999999998,0
0.945,-1.9046874999999999,0
0.945,-1.8328124999999997,0
0.945,-1.7609374999999998,0
0.945,-1.6890625,0
0.945,-1.6171875,0
0.945,-1.5453124999999999,0
0.945,-1.4734374999999997,0
0.945,-1.4015624999999998,0
0.945,-1.3296875,0
0.945,-1.2578125,0
0.945,-1.1859374999999999,0
0.945,-1.1140625,0
0.945,-1.0421874999999998,0
0.945,-0.9703124999999999,0
0.945,-0.8984375,0
0.945,-0.8265624999999999,0
0.945,-0.7546875,0
0.945,-0.6828125,0
0.945,-0.6109374999999999,0
0.945,-0.5390625,19
0.945,-0.46718749999999987,135
0.945,-0.39531249999999996,448
0.945,-0.32343750000000004,731
0.945,-0.2515624999999999,1096
0.945,-0.1796875,1742
0.945,-0.10781250000000009,4053
0.945,-0.03593750000000018,6339
0.945,0.03593750000000018,6748
0.945,0.10781250000000009,3879
0.945,0.1796875,2305
0.945,0.2515624999999999,1036
0.945,0.3234374999999998,770
0.945,0.3953125000000002,535
0.945,0.4671875000000001,157
0.945,0.5390625,26
0.945,0.6109374999999999,0
0.945,0.6828124999999998,0
0.945,0.7546874999999997,0
0.945,0.8265625000000001,0
0.945,0.8984375,0
0.945,0.9703124999999999,0
0.945,1.0421874999999998,0
0.945,1.1140624999999997,0
0.945,1.1859375,0
0.945,1.2578125,0
0.945,1.3296875,0
0.945,1.4015624999999998,0
0.945,1.4734374999999997,0
0.945,1.5453125,0
0.945,1.6171875,0
0.945,1.6890625,0
0.945,1.7609374999999998,0
0.945,1.8328125000000002,0
0.945,1.9046874999999996,0
0.945,1.9765625,0
0.945,2.0484374999999995,0
0.945,2.1203125,0
0.945,2.1921875,0
0.945,2.2640624999999996,0
0.955,-2.2640624999999996,0
0.955,-2.1921874999999997,0
0.955,-2.1203125,0
0.955,-2.0484375,0
0.955,-1.9765624999999998,0
0.955,-1.9046874999999999,0
0.955,-1.8328124999999997,0
0.955,-1.7609374999999998,0
0.955,-1.6890625,0
0.955,-1.6171875,0
0.955,-1.5453124999999999,0
0.955,-1.4734374999999997,0
0.955,-1.4015624999999998,0
0.955,-1.3296875,0
0.955,-1.2578125,0
0.955,-1.1859374999999999,0
0.955,-1.1140625,0
0.955,-1.0421874999999998,0
0.955,-0.9703124999999999,0
0.955,-0.8984375,0
0.955,-0.8265624999999999,0
0.955,-0.7546875,0
0.955,-0.6828125,1
0.955,-0.6109374999999999,22
0.955,-0.5390625,173
0.955,-0.46718749999999987,346
0.955,-0.39531249999999996,498
0.955,-0.32343750000000004,811
0.955,-0.2515624999999999,1228
0.955,-0.1796875,1836
0.955,-0.10781250000000009,4205
0.955,-0.03593750000000018,6036
0.955,0.03593750000000018,6427
0.955,0.10781250000000009,4193
0.955,0.1796875,2371
0.955,0.2515624999999999,1147
0.955,0.3234374999999998,835
0.955,0.3953125000000002,606
0.955,0.4671875000000001,413
0.955,0.5390625,146
0.955,0.6109374999999999,25
0.955,0.6828124999999998,0
0.955,0.7546874999999997,0
0.955,0.8265625000000001,0
0.955,0.8984375,0
0.955,0.9703124999999999,0
0.955,1.0421874999999998,0
0.955,1.1140624999999997,0
0.955,1.1859375,0
0.955,1.2578125,0
0.955,1.3296875,0
0.955,1.4015624999999998,0
0.955,1.4734374999999997,0
0.955,1.5453125,0
0.955,1.6171875,0
0.955,1.6890625,0
0.955,1.7609374999999998,0
0.955,1.8328125000000002,0
0.955,1.9046874999999996,0
0.955,1.9765625,0
0.955,2.0484374999999995,0
0.955,2.1203125,0
0.955,2.1921875,0
0.955,2.2640624999999996,0
0.965,-2.2640624999999996,0
0.965,-2.1921874999999997,0
0.965,-2.1203125,0
0.965,-2.0484375,0
0.965,-1.9765624999999998,0
0.965,-1.9046874999999999,0
0.965,-1.8328124999999997,0
0.965,-1.7609374999999998,0
0.965,-1.6890625,0
0.965,-1.6171875,0
0.965,-1.5453124999999999,0
0.965,-1.4734374999999997,0
0.965,-1.4015624999999998,0
0.965,-1.3296875,0
0.965,-1.2578125,0
0.965,-1.1859374999999999,0
0.965,-1.1140625,0
0.965,-1.0421874999999998,0
0.965,-0.9703124999999999,0
0.965,-0.8984375,0
0.965,-0.8265624999999999,0
0.965,-0.7546875,4
0.965,-0.6828125,59
0.965,-0.6109374999999999,155
0.965,-0.5390625,365
0.965,-0.46718749999999987,513
0.965,-0.39531249999999996,507
0.965,-0.32343750000000004,867
0.965,-0.2515624999999999,1219
0.965,-0.1796875,1985
0.965,-0.10781250000000009,4269
0.965,-0.03593750000000018,5703
0.965,0.03593750000000018,6125
0.965,0.10781250000000009,3980
0.965,0.1796875,2485
0.965,0.2515624999999999,1301
0.965,0.3234374999999998,906
0.965,0.3953125000000002,702
0.965,0.4671875000000001,548
0.965,0.5390625,323
0.965,0.6109374999999999,152
0.965,0.6828124999999998,44
0.965,0.7546874999999997,1
0.965,0.8265625000000001,0
0.965,0.8984375,0
0.965,0.9703124999999999,0
0.965,1.0421874999999998,0
0.965,1.1140624999999997,0
0.965,1.1859375,0
0.965,1.2578125,0
0.965,1.3296875,0
0.965,1.4015624999999998,0
0.965,1.4734374999999997,0
0.965,1.5453125,0
0.965,1.6171875,0
0.965,1.6890625,0
0.965,1.7609374999999998,0
0.965,1.8328125000000002,0
0.965,1.9046874999999996,0
0.965,1.9765625,0
0.965,2.0484374999999995,0
0.965,2.1203125,0
0.965,2.1921875,0
0.965,2.2640624999999996,0
0.975,-2.2640624999999996,0
0.975,-2.1921874999999997,0
0.975,-2.1203125,0
0.975,-2.0484375,0
0.975,-1.9765624999999998,0
0.975,-1.9046874999999999,0
0.975,-1.8328124999999997,0
0.975,-1.7609374999999998,0
0.975,-1.6890625,0
0.975,-1.6171875,0
0.975,-1.5453124999999999,0
0.975,-1.4734374999999997,0
0.975,-1.4015624999999998,0
0.975,-1.3296875,0
0.975,-1.2578125,0
0.975,-1.1859374999999999,0
0.975,-1.1140625,0
0.975,-1.0421874999999998,0
0.975,-0.9703124999999999,0
0.975,-0.8984375,0
0.975,-0.8265624999999999,5
0.975,-0.7546875,55
0.975,-0.6828125,215
0.975,-0.6109374999999999,354
0.975,-0.5390625,426
0.975,-0.46718749999999987,612
0.975,-0.39531249999999996,589
0.975,-0.32343750000000004,909
0.975,-0.2515624999999999,1240
0.975,-0.1796875,2169
0.975,-0.10781250000000009,4137
0.975,-0.03593750000000018,5382
0.975,0.03593750000000018,5707
0.975,0.10781250000000009,4051
0.975,0.1796875,2605
0.975,0.2515624999999999,1399
0.975,0.3234374999999998,981
0.975,0.3953125000000002,759
0.975,0.4671875000000001,553
0.975,0.5390625,428
0.975,0.6109374999999999,315
0.975,0.6828124999999998,238
0.975,0.7546874999999997,53
0.975,0.8265625000000001,4
0.975,0.8984375,0
0.975,0.9703124999999999,0
0.975,1.0421874999999998,0
0.975,1.1140624999999997,0
0.975,1.1859375,0
0.975,1.2578125,0
0.975,1.3296875,0
0.975,1.4015624999999998,0
0.975,1.4734374999999997,0
0.975,1.5453125,0
0.975,1.6171875,0
0.975,1.6890625,0
0.975,1.7609374999999998,0
0.975,1.8328125000000002,0
0.975,1.9046874999999996,0
0.975,1.9765625,0
0.975,2.0484374999999995,0
0.975,2.1203125,0
0.975,2.1921875,0
0.975,2.2640624999999996,0
0.985,-2.2640624999999996,0
0.985,-2.1921874999999997,0
0.985,-2.1203125,0
0.985,-2.0484375,0
0.985,-1.9765624999999998,0
0.985,-1.9046874999999999,0
0.985,-1.8328124999999997,0
0.985,-1.7609374999999998,0
0.985,-1.6890625,0
0.985,-1.6171875,0
0.985,-1.5453124999999999,0
0.985,-1.4734374999999997,0
0.985,-1.4015624999999998,0
0.985,-1.3296875,0
0.985,-1.2578125,0
0.985,-1.1859374999999999,0
0.985,-1.1140625,0
0.985,-1.0421874999999998,0
0.985,-0.9703124999999999,0
0.985,-0.8984375,13
0.985,-0.8265624999999999,95
0.985,-0.7546875,191
0.985,-0.6828125,322
0.985,-0.6109374999999999,386
0.985,-0.5390625,495
0.985,-0.46718749999999987,507
0.985,-0.39531249999999996,666
0.985,-0.32343750000000004,1063
0.985,-0.2515624999999999,1276
0.985,-0.1796875,2236
0.985,-0.10781250000000009,4109
0.985,-0.03593750000000018,5116
0.985,0.03593750000000018,5264
0.985,0.10781250000000009,4063
0.985,0.1796875,2543
0.985,0.2515624999999999,1322
0.985,0.3234374999999998,1095
0.985,0.3953125000000002,904
0.985,0.4671875000000001,588
0.985,0.5390625,437
0.985,0.6109374999999999,399
0.985,0.6828124999999998,440
0.985,0.7546874999999997,287
0.985,0.8265625000000001,127
0.985,0.8984375,17
0.985,0.9703124999999999,0
0.985,1.0421874999999998,0
0.985,1.1140624999999997,0
0.985,1.1859375,0
0.985,1.2578125,0
0.985,1.3296875,0
0.985,1.4015624999999998,0
0.985,1.4734374999999997,0
0.985,1.5453125,0
0.985,1.6171875,0
0.985,1.6890625,0
0.985,1.7609374999999998,0
0.985,1.8328125000000002,0
0.985,1.9046874999999996,0
0.985,1.9765625,0
0.985,2.0484374999999995,0
0.985,2.1203125,0
0.985,2.1921875,0
0.985,2.2640624999999996,0
0.995,-2.2640624999999996,0
0.995,-2.1921874999999997,0
0.995,-2.1203125,0
0.995,-2.0484375,0
0.995,-1.9765624999999998,0
0.995,-1.9046874999999999,0
0.995,-1.8328124999999997,0
0.995,-1.7609374999999998,0
0.995,-1.6890625,0
0.995,-1.6171875,0
0.995,-1.5453124999999999,0
0.995,-1.4734374999999997,0
0.995,-1.4015624999999998,0
0.995,-1.3296875,0
0.995,-1.2578125,0
0.995,-1.1859374999999999,0
0.995,-1.1140625,0
0.995,-1.0421874999999998,0
0.995,-0.9703124999999999,45
0.995,-0.8984375,94
0.995,-0.8265624999999999,332
0.995,-0.7546875,321
0.995,-0.6828125,304
0.995,-0.6109374999999999,362
0.995,-0.5390625,632
0.995,-0.46718749999999987,564
0.995,-0.39531249999999996,752
0.995,-0.32343750000000004,1040
0.995,-0.2515624999999999,1414
0.995,-0.1796875,2310
0.995,-0.10781250000000009,3869
0.995,-0.03593750000000018,4840
0.995,0.03593750000000018,5023
0.995,0.10781250000000009,3934
0.995,0.1796875,2589
0.995,0.2515624999999999,1451
0.995,0.3234374999999998,1089
0.995,0.3953125000000002,909
0.995,0.4671875000000001,578
0.995,0.5390625,437
0.995,0.6109374999999999,443
0.995,0.6828124999999998,507
0.995,0.7546874999999997,523
0.995,0.8265625000000001,503
0.995,0.8984375,233
0.995,0.9703124999999999,46
0.995,1.0421874999999998,0
0.995,1.1140624999999997,0
0.995,1.1859375,0
0.995,1.2578125,0
0.995,1.3296875,0
0.995,1.4015624999999998,0
0.995,1.4734374999999997,0
0.995,1.5453125,0
0.995,1.6171875,0
0.995,1.6890625,0
0.995,1.7609374999999998,0
0.995,1.8328125000000002,0
0.995,1.9046874999999996,0
0.995,1.9765625,0
0.995,2.0484374999999995,0
0.995,2.1203125,0
0.995,2.1921875,0
0.995,2.2640624999999996,0
