combo_id,trial_id,device_id,m,l,beta_pe,abs_delta_alpha_e_over_p,f,x0,y0,phi0,x_end,y_end,phi_end,T,steps,status,pass_direction
4,38,0,3,0.038400000000000004,0.5,5.0,10.0,0.17555104326456786,-0.15741687020628553,5.904831800585932,1.1760066153380067,0.15551371427118707,-31.124264097820575,0.064094,160235,ok,right
4,845,0,3,0.038400000000000004,0.5,5.0,10.0,0.6656269535422326,0.01672201282597202,5.291168062845211,1.6662765905562755,-0.29381428134049287,27.581750809079264,0.0671044,167761,ok,right
4,324,0,3,0.038400000000000004,0.5,5.0,10.0,0.437086071446538,0.36189098534892067,0.34508843914149984,1.4375399301497254,0.12719315564405898,0.24360427861716558,0.0730504,182626,ok,right
4,299,0,3,0.038400000000000004,0.5,5.0,10.0,0.047543403506278996,0.02993480053714468,0.28874015116341456,1.0482114602652775,-0.04822925436966566,19.429723262414214,0.083948,209870,ok,right
4,849,0,3,0.038400000000000004,0.5,5.0,10.0,0.3328434724360705,0.2474152450211951,5.80869604830597,1.3336839144978776,0.02492364596428611,9.183830075047354,0.0831252,207813,ok,right
4,332,0,3,0.038400000000000004,0.5,5.0,10.0,-0.0836466932669282,-0.07966639753477511,4.484388716812826,0.9170307883526295,-0.02299303250562136,-5.66914896506653,0.0847576,211894,ok,right
4,474,0,3,0.038400000000000004,0.5,5.0,10.0,0.015850691124796867,0.2277234818908306,2.1709875004235317,1.0159159981660317,0.06971828140495827,23.365414391618724,0.08613359999999999,215334,ok,right
4,87,0,3,0.038400000000000004,0.5,5.0,10.0,-0.0012968176975846292,0.050021974874403526,0.2787991868652066,0.9995308675934711,0.006872110465341732,-2.564949571163598,0.089918,224795,ok,right
4,57,0,3,0.038400000000000004,0.5,5.0,10.0,0.6196055496111512,-0.26840606140980433,1.1192243701303342,1.6197166390147135,0.6139614013732935,17.815585189704098,0.09421919999999999,235548,ok,right
4,352,0,3,0.038400000000000004,0.5,5.0,10.0,0.6576962543651462,0.01445545797255612,3.477100285697938,1.6577574512950406,-0.05007901007188258,2.8934915328900472,0.09659519999999999,241488,ok,right
4,59,0,3,0.038400000000000004,0.5,5.0,10.0,0.37408397253602743,0.752224844838494,2.676308383946641,1.374265204870393,-0.14983416637307057,6.214495752352351,0.10135319999999999,253383,ok,right
4,200,0,3,0.038400000000000004,0.5,5.0,10.0,0.269425362534821,0.021831523536097047,0.2671449699460073,1.2711066037474126,-0.08464709058857375,24.811412017899627,0.1031488,257872,ok,right
4,882,0,3,0.038400000000000004,0.5,5.0,10.0,0.34521789308637385,0.16088381120784628,3.220889683349373,1.3466298371282386,-0.07158557551675282,16.433269965236178,0.10110279999999999,252757,ok,right
4,398,0,3,0.038400000000000004,0.5,5.0,10.0,-0.06235227268189192,0.06533771057887153,3.7763381190233796,0.937824306569246,-0.06530856286070895,11.024773334454014,0.10925599999999999,273140,ok,right
4,904,0,3,0.038400000000000004,0.5,5.0,10.0,-0.007694171555340291,0.7371274962658808,1.8584668507754742,0.992364786668169,-0.010302212653327609,-22.582517784500844,0.1109912,277478,ok,right
4,67,0,3,0.038400000000000004,0.5,5.0,10.0,-0.027926171571016314,-0.10615602682903989,3.8988715551014015,0.9721158965520137,0.015405534374534128,-2.697207833130042,0.1146504,286626,ok,right
4,140,0,3,0.038400000000000004,0.5,5.0,10.0,0.5517790174111724,0.5047853122684833,5.3143799718858205,1.5520977191003598,0.020946171004744815,-6.895261248107558,0.1168188,292047,ok,right
4,727,0,3,0.038400000000000004,0.5,5.0,10.0,-0.008229461126029491,0.40395044578632416,5.618659164278389,0.9919173132603994,-0.002939915912509714,41.31043415775724,0.11614239999999999,290356,ok,right
4,251,0,3,0.038400000000000004,0.5,5.0,10.0,0.6361722614616157,-0.3788977714076925,4.715084279671866,1.6370027986101292,0.44330342375739057,-3.326108101594325,0.121768,304420,ok,right
4,186,0,3,0.038400000000000004,0.5,5.0,10.0,0.5470997866243125,-0.300617947440644,3.742383309103541,1.5481007852678998,0.15535643366617183,15.437339772968269,0.1315604,328901,ok,right
4,411,0,3,0.038400000000000004,0.5,5.0,10.0,0.6424582919105888,-0.3462441939238469,3.5977918830445548,1.6426429342170108,-0.05920651624350209,-1.8015922420355308,0.1294016,323504,ok,right
4,928,0,3,0.038400000000000004,0.5,5.0,10.0,0.5527727369219065,0.33564113865911904,5.447156558472177,1.5534254507250242,0.3655014108405098,-2.7138532209313038,0.1300192,325048,ok,right
4,560,0,3,0.038400000000000004,0.5,5.0,10.0,0.6331139482557774,0.15298044659684365,3.763799192155317,1.633716695222811,0.2569366497145709,31.979875637606586,0.1412912,353228,ok,right
4,570,0,3,0.038400000000000004,0.5,5.0,10.0,0.5727380692958832,-0.282229387679944,0.7275876185790676,1.5730706993646133,-0.1397574414098881,-22.288861151721047,0.1405412,351353,ok,right
4,944,0,3,0.038400000000000004,0.5,5.0,10.0,0.10516065154224635,-0.7558457030509593,2.051527501623652,1.1055301678505773,0.0441128515448945,31.489984166949846,0.1423784,355946,ok,right
4,698,0,3,0.038400000000000004,0.5,5.0,10.0,0.6186083812266588,-0.1864979427957688,1.3422053837160033,1.619668039829209,0.1134900594344089,6.519286073547428,0.1459008,364752,ok,right
4,564,0,3,0.038400000000000004,0.5,5.0,10.0,0.6640379577875137,0.1124600036056434,4.521297705466067,1.6649306811648326,-0.3736935881690359,19.58061456810809,0.15109,377725,ok,right
4,732,0,3,0.038400000000000004,0.5,5.0,10.0,0.03061538338661194,0.2601732187504743,0.6119464898904566,1.0308678937477012,0.013528431460367888,0.705193748253228,0.1485956,371489,ok,right
4,838,0,3,0.038400000000000004,0.5,5.0,10.0,0.34786978252232076,-0.1509614331245544,6.274685990131773,1.3484215098389924,-0.17595603877628938,17.006955369143117,0.151324,378310,ok,right
4,190,0,3,0.038400000000000004,0.5,5.0,10.0,0.6236828569322825,-0.41761150655707624,2.0576090349439258,1.6240050564363868,0.1417014940596671,-21.902361759788366,0.1554528,388632,ok,right
4,268,0,3,0.038400000000000004,0.5,5.0,10.0,-0.06849960833787919,0.18832183278237172,4.3558601810034085,0.9317113042360737,-0.036665924041371256,-3.5010980020241322,0.15916039999999998,397901,ok,right
4,272,0,3,0.038400000000000004,0.5,5.0,10.0,0.2544115537777543,-0.08671499966619406,4.416094886409236,1.2547162689296654,-0.006279829836163543,-49.095985164278325,0.15765759999999998,394144,ok,right
4,731,0,3,0.038400000000000004,0.5,5.0,10.0,0.5903328834101558,0.14681127913476555,3.5720937227844587,1.591116195021149,0.14529013929279777,15.268682858999847,0.1572412,393103,ok,right
4,21,0,3,0.038400000000000004,0.5,5.0,10.0,0.6464119892567397,-0.21516808241331978,2.807508215483391,1.6465311195750927,-0.06724368939189636,0.6363881807035161,0.160166,400415,ok,right
4,575,0,3,0.038400000000000004,0.5,5.0,10.0,0.18538112044334412,-0.031633813080332716,2.072561151976759,1.186319325116521,-0.04456459331147455,-47.50307770427486,0.1655944,413986,ok,right
4,699,0,3,0.038400000000000004,0.5,5.0,10.0,0.45623095557093624,0.3176211305403791,1.232236115694584,1.4564183702015965,-0.001707133475853586,-15.291052560520772,0.1704016,426004,ok,right
4,867,0,3,0.038400000000000004,0.5,5.0,10.0,-0.08405652027577162,0.058490349941829625,0.5097699187632849,0.9162001911254428,0.013096809216877265,4.09992132051832,0.17076439999999998,426911,ok,right
4,685,0,3,0.038400000000000004,0.5,5.0,10.0,0.18594783227890732,-0.006311813131012834,1.01131616496617,1.1875902775894294,0.08912222681201719,2.48516396099068,0.174434,436085,ok,right
4,187,0,3,0.038400000000000004,0.5,5.0,10.0,0.49719596039503816,-0.316959404117836,2.708288827923356,1.4972669121031084,0.10908242642665827,-3.170276338365585,0.1772512,443128,ok,right
4,280,0,3,0.038400000000000004,0.5,5.0,10.0,0.08061775285750628,-0.02491779228036262,0.9314818127106653,1.0809272127019676,0.009581893410112355,44.389242397409696,0.1792128,448032,ok,right
4,350,0,3,0.038400000000000004,0.5,5.0,10.0,0.006116615794599056,-1.0345065614722473,3.248748121570861,1.0066509359044773,-0.12556371245696585,-6.882894868175756,0.1769536,442384,ok,right
4,419,0,3,0.038400000000000004,0.5,5.0,10.0,0.09863116201013328,-0.4852078126199207,1.7921432623489424,1.0993206165753922,0.1155514372985732,-9.777968475158335,0.1784868,446217,ok,right
4,522,0,3,0.038400000000000004,0.5,5.0,10.0,0.5958923233672977,0.11366706908436501,0.5185953495093285,1.5968255062897874,0.42430487649966514,-28.045859718684465,0.17676319999999998,441908,ok,right
4,720,0,3,0.038400000000000004,0.5,5.0,10.0,0.47167004570364957,-0.021475891716801466,3.683959257404422,1.4721232999096299,0.09103625156217406,29.350310562227378,0.17656719999999998,441418,ok,right
4,231,0,3,0.038400000000000004,0.5,5.0,10.0,0.1314826063811779,-0.5629915263138978,5.219141390690921,1.13182049521078,-0.13397328351016985,21.20984041698697,0.18042719999999998,451068,ok,right
4,242,0,3,0.038400000000000004,0.5,5.0,10.0,0.4431944772601128,0.9955884639055232,3.71125186085662,1.443666089818138,0.1351972040488588,-0.19610405709997492,0.1800532,450133,ok,right
4,274,0,3,0.038400000000000004,0.5,5.0,10.0,0.5138763533905149,0.18782206054560027,2.4546561520186327,1.5148087059783681,0.01452809952047687,-2.85486196861409,0.1828148,457037,ok,right
4,360,0,3,0.038400000000000004,0.5,5.0,10.0,-0.027838281728327276,-0.2660232639649251,0.2538780701720939,0.9726203412949432,-0.04490057956689873,-31.225873576834722,0.18095239999999999,452381,ok,right
4,509,0,3,0.038400000000000004,0.5,5.0,10.0,0.01482761111110449,0.25489770701997705,0.5403921603368469,1.0150875249676485,0.0016850411675542933,-2.773644188527561,0.182214,455535,ok,right
4,667,0,3,0.038400000000000004,0.5,5.0,10.0,0.6761805826798082,-0.3389406195361374,0.5043495190847385,1.6762631831024228,0.2958200687622909,-37.338569802467156,0.18253239999999998,456331,ok,right
4,894,0,3,0.038400000000000004,0.5,5.0,10.0,0.27419163566082716,0.028313119166024487,3.7865902577003925,1.2745010091711602,-0.3563524392760589,15.179024934909858,0.1836668,459167,ok,right
4,916,0,3,0.038400000000000004,0.5,5.0,10.0,0.31537583842873573,0.8584762930368508,5.830854063847687,1.3155653261438116,0.22053669827899156,9.793788803724174,0.1837516,459379,ok,right
4,905,0,3,0.038400000000000004,0.5,5.0,10.0,0.010518513433635236,-0.4248304362438011,0.729500799436444,1.0111146342237336,0.019651951536048297,-6.115800146338715,0.1841324,460331,ok,right
4,985,0,3,0.038400000000000004,0.5,5.0,10.0,0.569333023019135,-0.46161899782236626,0.11101735812429338,1.5695025971247545,-0.03676747204633769,0.46198616722158364,0.18768479999999998,469212,ok,right
4,830,0,3,0.038400000000000004,0.5,5.0,10.0,0.4821069579571486,0.0981513230161677,1.3997746319005535,1.4822123174515762,-0.19305382422551576,6.709759686798682,0.188274,470685,ok,right
4,175,0,3,0.038400000000000004,0.5,5.0,10.0,0.25757880546152595,0.12381721095188948,0.9035187831611008,1.2580817830360633,0.04094903185571144,5.990546442240606,0.1951192,487798,ok,right
4,409,0,3,0.038400000000000004,0.5,5.0,10.0,0.6420115362852812,-0.5365340149628844,0.5926943548417556,1.6424049716123696,0.46279133190497684,-35.70233042279515,0.1949988,487497,ok,right
4,696,0,3,0.038400000000000004,0.5,5.0,10.0,-0.00379272997379303,0.8712168782004079,0.5410654596053212,0.9966082347304668,-0.043293674680608435,-9.699780785420803,0.19211,480275,ok,right
4,820,0,3,0.038400000000000004,0.5,5.0,10.0,0.05248185228556395,-0.25642300591173556,0.23435153265342856,1.0526113382236815,0.04549208379583083,-24.746143302417074,0.1941116,485279,ok,right
4,868,0,3,0.038400000000000004,0.5,5.0,10.0,0.56477305367589,0.1859591807788357,4.955377464344665,1.5653019147182086,-0.2686359311645853,-18.669102845873528,0.19505319999999998,487633,ok,right
4,502,0,3,0.038400000000000004,0.5,5.0,10.0,-0.03941223453730345,-0.33279167694456013,0.645029375765445,0.9606021272957553,-0.017116800273051132,8.054137365425522,0.19702,492550,ok,right
4,898,0,3,0.038400000000000004,0.5,5.0,10.0,0.10279117412865163,0.2148856148682983,2.814157078675231,1.103056430959098,-0.23144702455043734,3.474430000452631,0.1975924,493981,ok,right
4,184,0,3,0.038400000000000004,0.5,5.0,10.0,0.6702761869877577,-0.059229304458165266,5.195701867689276,1.6716986932118771,0.06534885358009997,-28.323731058990088,0.2000412,500103,ok,right
4,414,0,3,0.038400000000000004,0.5,5.0,10.0,0.30895472634583715,-0.7415630035891129,2.1408026479489815,1.3092577968060521,-0.3457928845820446,5.608327605592157,0.2008644,502161,ok,right
4,220,0,3,0.038400000000000004,0.5,5.0,10.0,-0.09219866711646318,-0.2045516045434096,6.041583223368741,0.9079399262485446,0.02829362143664699,5.9089859660154795,0.204652,511630,ok,right
4,185,0,3,0.038400000000000004,0.5,5.0,10.0,0.009694945253431798,-0.1392121475340686,0.8032119734827127,1.0104062375151441,-0.10234795575152543,-10.571839906653041,0.20845239999999998,521131,ok,right
4,925,0,3,0.038400000000000004,0.5,5.0,10.0,0.6396614709869027,0.32303986223246794,3.259247295909329,1.639755372953375,0.05490800030231534,5.883986088087964,0.2094576,523644,ok,right
4,357,0,3,0.038400000000000004,0.5,5.0,10.0,-0.06586754973977804,0.16225798574328126,5.0491257035979835,0.9344859266857272,-0.05358679413689517,-28.81114247904934,0.215936,539840,ok,right
4,909,0,3,0.038400000000000004,0.5,5.0,10.0,0.14681949149817228,0.13957448967214772,1.2817023864490282,1.1477800301631467,-0.18047962171434198,-37.05332254883514,0.2130048,532512,ok,right
4,523,0,3,0.038400000000000004,0.5,5.0,10.0,0.30147718302905563,0.5537530713012326,2.5276717758124416,1.301706793673769,0.07043774804729429,22.882927520216157,0.218694,546735,ok,right
4,768,0,3,0.038400000000000004,0.5,5.0,10.0,0.09300953298807145,0.27283352091530116,1.6252415221986802,1.0930424278457527,-0.17232215941187584,-28.10144030818034,0.21831679999999998,545792,ok,right
4,7,0,3,0.038400000000000004,0.5,5.0,10.0,0.2775652423501015,0.3057570529193441,6.091168948698948,1.279141203100085,-0.4142109033370715,40.64793248397611,0.2218656,554664,ok,right
4,34,0,3,0.038400000000000004,0.5,5.0,10.0,0.3191351428627968,1.3014012119864204,2.808370646652825,1.320446402519259,-0.0914771258221911,16.128781879761533,0.221412,553530,ok,right
4,587,0,3,0.038400000000000004,0.5,5.0,10.0,-0.03382709007710218,0.038393826098677065,1.376011419255935,0.9666016095195685,-0.06800383091245953,12.160517704259417,0.2221472,555368,ok,right
4,855,0,3,0.038400000000000004,0.5,5.0,10.0,0.6825516622513533,-0.3039705194662106,4.884743137638581,1.6826102053355603,-0.3263125060422323,29.498451806908303,0.2210844,552711,ok,right
4,161,0,3,0.038400000000000004,0.5,5.0,10.0,0.6031760599464179,0.6013985219540042,3.1583230558039137,1.604034931250584,0.10638408644008927,3.1532469364162266,0.22524919999999998,563123,ok,right
4,665,0,3,0.038400000000000004,0.5,5.0,10.0,-0.03143317475914955,-0.17544874290338108,0.5068255664506213,0.9692195241256522,-0.028342595085362025,31.723578394274924,0.224966,562415,ok,right
4,795,0,3,0.038400000000000004,0.5,5.0,10.0,0.5526074064895511,-0.2144341134933964,5.5454311028357,1.5526407621690608,0.4041043373684843,-30.54459067867869,0.2249564,562391,ok,right
4,802,0,3,0.038400000000000004,0.5,5.0,10.0,0.29870616216212514,-0.15187917068306778,2.3529863547320544,1.298953568844266,-0.08935994260036349,25.403124294690905,0.2254928,563732,ok,right
4,973,0,3,0.038400000000000004,0.5,5.0,10.0,0.5440701967105269,0.1874621549376333,4.855800678583275,1.5447876600449717,0.07809267893963943,-5.719212690935596,0.2266204,566551,ok,right
4,717,0,3,0.038400000000000004,0.5,5.0,10.0,-0.07437917646020652,-0.07593027377426567,3.7932470820924196,0.9260669031751395,0.06383391292564851,-5.476726631415837,0.2287348,571837,ok,right
4,403,0,3,0.038400000000000004,0.5,5.0,10.0,0.4693967018276453,-0.3489364169235204,6.076433824841894,1.4706246451082918,-0.08946781811634293,1.8403836684356223,0.23222679999999998,580567,ok,right
4,807,0,3,0.038400000000000004,0.5,5.0,10.0,0.5906689032912255,0.19149903104015376,0.9862979880472522,1.590824822619335,-0.09702581329427502,30.971553390858602,0.2343892,585973,ok,right
4,854,0,3,0.038400000000000004,0.5,5.0,10.0,-0.09138819947838783,0.22219490186902274,1.2296539775095927,0.9093297686783374,-0.047027558609354515,25.52811362387501,0.23547479999999998,588687,ok,right
4,18,0,3,0.038400000000000004,0.5,5.0,10.0,0.1333999378606677,0.4610606389328991,2.953931411008642,1.1338080039323124,-0.17509594626301134,2.432668628597411,0.23751919999999999,593798,ok,right
4,168,0,3,0.038400000000000004,0.5,5.0,10.0,0.015630325675010683,0.22827976056294016,2.258602565348379,1.016266024949132,0.09076224056311966,-10.302863646367369,0.238976,597440,ok,right
4,423,0,3,0.038400000000000004,0.5,5.0,10.0,0.1384607296437025,0.3074251703535405,2.3920010340214763,1.1391409968319646,0.06970105142271034,-11.248242355410655,0.23707679999999998,592692,ok,right
4,440,0,3,0.038400000000000004,0.5,5.0,10.0,0.6946411740034819,-0.0702618681667208,0.2015049724166374,1.6953094330905194,-0.08706121870994185,-44.01388330873401,0.23606839999999998,590171,ok,right
4,780,0,3,0.038400000000000004,0.5,5.0,10.0,0.1030576664954424,-0.5460020553075873,4.891775286830107,1.1032930373609853,0.13873120668290903,-30.88144746174647,0.23692839999999998,592321,ok,right
4,155,0,3,0.038400000000000004,0.5,5.0,10.0,0.14221069402992725,0.3890141939167618,4.005906626387463,1.1435791216593805,-0.06011687552912551,-6.286818518500038,0.241892,604730,ok,right
4,571,0,3,0.038400000000000004,0.5,5.0,10.0,0.2678748443722725,-0.9432321919590353,4.789308493236862,1.2682010421592749,-0.11955741877507722,15.14956824201966,0.2511932,627983,ok,right
4,624,0,3,0.038400000000000004,0.5,5.0,10.0,0.26584588531404735,0.4557164077577328,3.944269601357966,1.265918780378518,-0.04333564891767454,40.996040632632756,0.2507064,626766,ok,right
4,930,0,3,0.038400000000000004,0.5,5.0,10.0,-0.08692779429256917,-0.18967951774782127,0.6925329839213996,0.9133748004987319,0.03970120644554566,-45.344525211358594,0.2552512,638128,ok,right
4,226,0,3,0.038400000000000004,0.5,5.0,10.0,0.582048897817731,0.4877714565204051,3.2002697550065915,1.5820502222076889,-0.7041770433124382,-25.24116209345688,0.2584688,646172,ok,right
4,929,0,3,0.038400000000000004,0.5,5.0,10.0,0.025148442387580874,0.4798990113376882,1.4111260964603305,1.02540698358386,-0.0030280275036444733,32.13590770101018,0.25823999999999997,645600,ok,right
4,99,0,3,0.038400000000000004,0.5,5.0,10.0,0.275479025952518,0.0035835286114450455,5.874353309731593,1.2762207857801244,0.21573324730367427,-6.624438472365641,0.26070879999999996,651772,ok,right
4,167,0,3,0.038400000000000004,0.5,5.0,10.0,0.05051300041377545,0.3497044323221727,2.402926760161825,1.0510457694927058,-0.002473722884791993,12.580405769578892,0.26377439999999996,659436,ok,right
4,260,0,3,0.038400000000000004,0.5,5.0,10.0,0.0011369137093424797,-0.574416628622122,5.096808400722284,1.0018044671625064,0.22661624786196402,13.314581325230831,0.2613696,653424,ok,right
4,642,0,3,0.038400000000000004,0.5,5.0,10.0,0.11020398158580065,0.7667310463044192,2.269467140050096,1.110753086583007,-0.145869834662894,37.47044095865763,0.2620856,655214,ok,right
4,966,0,3,0.038400000000000004,0.5,5.0,10.0,0.31108764670789246,0.8119317683214471,1.6157057964488557,1.3115728603284444,-0.04625158697609623,34.45608056167376,0.2633408,658352,ok,right
4,19,0,3,0.038400000000000004,0.5,5.0,10.0,0.6995524737983942,-0.10854182901382547,2.7386237597007406,1.6997000762935426,-0.1770017441733403,-30.42456502684908,0.2649392,662348,ok,right
4,163,0,3,0.038400000000000004,0.5,5.0,10.0,0.06157038789242506,-0.4691596468763393,1.1052424062397015,1.061705580305929,0.1530009127760207,-37.32504590537743,0.2715628,678907,ok,right
4,0,0,3,0.038400000000000004,0.5,5.0,10.0,0.6230325611308217,0.05573990624304351,4.895974302055945,1.6242893682721338,0.3099547214174927,-28.516823365713325,0.2752792,688198,ok,right
4,585,0,3,0.038400000000000004,0.5,5.0,10.0,0.6336426528170706,0.3148189572821646,4.979511580850347,1.633899889256973,-0.13075118943653888,-10.422728593193533,0.27343439999999997,683586,ok,right
4,809,0,3,0.038400000000000004,0.5,5.0,10.0,0.030126292258501053,1.3643308411881274,1.6407346512068341,1.0309152774282726,0.21997459653189586,-2.6924043160312428,0.27341879999999996,683547,ok,right
4,572,0,3,0.038400000000000004,0.5,5.0,10.0,0.33447456862777475,-0.583367264636424,5.282280599983851,1.3351370139253633,0.10995984449408305,68.96439274127727,0.2777048,694262,ok,right
4,142,0,3,0.038400000000000004,0.5,5.0,10.0,0.113944610953331,0.17172022715486124,2.939349555615835,1.1140980588798535,-0.08813072403289107,15.426258773430753,0.281588,703970,ok,right
4,371,0,3,0.038400000000000004,0.5,5.0,10.0,0.3485794734209776,-0.9672532313979729,4.898123428192819,1.348649352240415,0.31368753134081734,3.150083915850746,0.281192,702980,ok,right
4,63,0,3,0.038400000000000004,0.5,5.0,10.0,0.4216631304472685,-0.3831850212902716,6.217769355554056,1.4217033884364954,-0.20225173079113504,-30.49279194078046,0.28501,712525,ok,right
4,279,0,3,0.038400000000000004,0.5,5.0,10.0,0.3312492420896888,-0.2146344641228055,1.8259064534070866,1.3318331342782428,-0.09584031069824876,20.852794361189297,0.2852036,713009,ok,right
4,804,0,3,0.038400000000000004,0.5,5.0,10.0,0.4531709933653474,-0.18545294676169258,4.431599802148355,1.4533291743602466,-0.2746288235274394,18.498800717758666,0.2858564,714641,ok,right
4,955,0,3,0.038400000000000004,0.5,5.0,10.0,0.4374103283509612,-0.5204701339124523,4.374080411674864,1.4377042953408947,0.371830148583478,51.9449964390085,0.2852068,713017,ok,right
4,58,0,3,0.038400000000000004,0.5,5.0,10.0,0.36297366041690116,0.23752627741293794,1.2494442001603736,1.363168600687669,-0.15226788583394202,10.085016053224123,0.28973119999999997,724328,ok,right
4,596,0,3,0.038400000000000004,0.5,5.0,10.0,0.2912690281867981,-0.09874457018488418,4.271028484497028,1.2913529693139765,0.05586951081076841,44.34101040160695,0.29115959999999996,727899,ok,right
4,998,0,3,0.038400000000000004,0.5,5.0,10.0,0.05969058629125357,0.2747351314211075,1.6309482222599296,1.0604897206322226,-0.11844352975859984,19.216846243608746,0.288444,721110,ok,right
4,289,0,3,0.038400000000000004,0.5,5.0,10.0,0.48878451567143205,0.22663740490911186,5.076591351241024,1.4895325209034966,0.14755660378899094,-18.63246187519522,0.29391839999999997,734796,ok,right
4,26,0,3,0.038400000000000004,0.5,5.0,10.0,0.185416098497808,-0.6208376239316477,3.6892656255445258,1.1855591826695204,-0.1906008616064119,-36.73881167978311,0.29697039999999997,742426,ok,right
4,170,0,3,0.038400000000000004,0.5,5.0,10.0,0.4693933753296733,0.8205690751317332,2.051036272750569,1.4702309868960064,0.03030100417838329,-88.01308834042688,0.298572,746430,ok,right
4,948,0,3,0.038400000000000004,0.5,5.0,10.0,0.3937477780506015,-0.866257985119186,6.273416111407656,1.3943681607680192,0.18148935282140427,-16.53480048070393,0.29653199999999996,741330,ok,right
4,967,0,3,0.038400000000000004,0.5,5.0,10.0,-0.06628066785633564,-0.25853001605496573,3.0348203282424397,0.9339765264733361,-0.05682918379551698,-6.055720933322728,0.298548,746370,ok,right
4,303,0,3,0.038400000000000004,0.5,5.0,10.0,-0.04344427101314068,0.5416299309217025,3.2269964754132037,0.9569656503576369,-0.051953984515776486,5.491297741061782,0.3038584,759646,ok,right
4,555,0,3,0.038400000000000004,0.5,5.0,10.0,-0.05942160710692406,-0.46167328215061665,4.350658003351828,0.9411089521071218,0.0209946792996794,19.39109025346802,0.301446,753615,ok,right
4,818,0,3,0.038400000000000004,0.5,5.0,10.0,0.34663198217749597,0.28930038574660544,5.3786894015345545,1.3473609405812232,-0.006576631693564593,-2.5474490131949663,0.30149919999999997,753748,ok,right
4,375,0,3,0.038400000000000004,0.5,5.0,10.0,0.06030183415859938,-0.11529625099953784,5.403529115614065,1.0603695779553743,0.06595882508814749,50.149379058684815,0.3077472,769368,ok,right
4,396,0,3,0.038400000000000004,0.5,5.0,10.0,0.6530127633363009,0.04461632665938112,5.450225745973298,1.6542632751782398,0.18477647911151235,63.24038424901871,0.3061332,765333,ok,right
4,526,0,3,0.038400000000000004,0.5,5.0,10.0,0.04231434054672718,-0.1841943117883793,4.574223960342738,1.044622142982967,0.02294803551024986,59.67366926870213,0.3067292,766823,ok,right
4,651,0,3,0.038400000000000004,0.5,5.0,10.0,0.4693962804973126,0.008266451209136095,3.956439591989782,1.4695130060417498,0.3263595720418996,8.225826676390781,0.3068612,767153,ok,right
4,980,0,3,0.038400000000000004,0.5,5.0,10.0,0.09555435050278903,0.8448786280849776,0.004285374205893907,1.095659896639996,0.0526707089283331,22.39562028999804,0.3072448,768112,ok,right
4,130,0,3,0.038400000000000004,0.5,5.0,10.0,0.13522553872317075,-0.7678737105480199,0.4176120382347907,1.13539412755016,-0.013919357190738767,6.416878858285372,0.310786,776965,ok,right
4,541,0,3,0.038400000000000004,0.5,5.0,10.0,0.5765361521393061,-0.4583789720806498,4.226964846281057,1.5766333577393055,0.2531842888119344,22.359671578858823,0.31030959999999996,775774,ok,right
4,591,0,3,0.038400000000000004,0.5,5.0,10.0,0.013417019508779049,-0.18351762577052394,5.094152407118061,1.0137135498648777,-0.07178652426042528,-1.3619601887448005,0.3088256,772064,ok,right
4,249,0,3,0.038400000000000004,0.5,5.0,10.0,0.2879073526710272,1.2245541099626505,0.7492241989152001,1.288275987511646,-0.27502753596095497,28.349973350188435,0.3150616,787654,ok,right
4,915,0,3,0.038400000000000004,0.5,5.0,10.0,0.6344831235706807,-0.09963818715095193,3.9105076406139263,1.6351505967428008,-0.38165234663227565,-47.37038349053775,0.3134808,783702,ok,right
4,45,0,3,0.038400000000000004,0.5,5.0,10.0,0.03954298552125693,0.3317494917862034,2.754121963571712,1.0399999326976122,-0.06944742733373527,-4.338389087336738,0.3168568,792142,ok,right
4,183,0,3,0.038400000000000004,0.5,5.0,10.0,-0.04899402800947428,0.015898483924715153,0.8813672673644108,0.9515136248762313,0.0341907073490826,-68.7270508922355,0.31666,791650,ok,right
4,255,0,3,0.038400000000000004,0.5,5.0,10.0,-0.060399111732840544,-0.056360322969773,2.463137599522108,0.9401243576503289,-0.13034298387254484,71.52726270836554,0.318542,796355,ok,right
4,214,0,3,0.038400000000000004,0.5,5.0,10.0,0.5441925536841155,-0.7734252823035165,4.831792765094455,1.5446258511938333,-0.09706113657272186,-18.67265554270383,0.32283439999999997,807086,ok,right
4,621,0,3,0.038400000000000004,0.5,5.0,10.0,0.6226506218314172,-0.5829282148155032,3.0158291280398655,1.6227685323116892,0.07221129244998686,53.07981488767377,0.320254,800635,ok,right
4,775,0,3,0.038400000000000004,0.5,5.0,10.0,0.029673036001622678,-0.8474452451823946,1.9567913815868478,1.0296825143539095,0.0024076632174576404,9.532141014822454,0.32387079999999996,809677,ok,right
4,829,0,3,0.038400000000000004,0.5,5.0,10.0,0.1451203428208828,0.991459171269779,5.3639558386110915,1.1454907233699487,0.00525108662546081,-44.061289235087024,0.3202336,800584,ok,right
4,961,0,3,0.038400000000000004,0.5,5.0,10.0,-0.045291614904999736,-0.10257749858927094,4.516511486626555,0.9549976328855619,0.007305604867355446,-4.154265541715223,0.32011439999999997,800286,ok,right
4,68,0,3,0.038400000000000004,0.5,5.0,10.0,0.44738792423158885,-0.42130708680180334,1.9236025248520336,1.4479456121499856,-0.11016958093920222,-15.980128166746224,0.3277176,819294,ok,right
4,72,0,3,0.038400000000000004,0.5,5.0,10.0,0.5284573309123516,-0.15566825194657918,4.4324171491084225,1.5291447606593176,0.004441078954257476,63.340528542718666,0.325306,813265,ok,right
4,182,0,3,0.038400000000000004,0.5,5.0,10.0,0.6866973133757711,0.2900098089750577,4.627223050984739,1.6868339081993067,0.07625632549456615,-48.50341154552736,0.3242828,810707,ok,right
4,198,0,3,0.038400000000000004,0.5,5.0,10.0,0.3449760146439076,-0.1625478593236515,3.5638886643936996,1.3458063513077365,-0.08089543986892912,-6.555513856598353,0.3306384,826596,ok,right
4,306,0,3,0.038400000000000004,0.5,5.0,10.0,0.46025886069983246,-0.4533105099342078,4.474320178743516,1.4607036886699842,0.3928776864961879,-22.900185173246186,0.3294156,823539,ok,right
4,708,0,3,0.038400000000000004,0.5,5.0,10.0,0.2775850037112832,-0.8069110304108461,0.2609063309273651,1.2778094181342063,0.11853042114955432,29.135561800238325,0.33198479999999997,829962,ok,right
4,94,0,3,0.038400000000000004,0.5,5.0,10.0,0.21852430496364833,-0.17719803525352548,4.033264042962245,1.2190516047243445,-0.441955824554896,-49.61976573587977,0.33295159999999996,832379,ok,right
4,786,0,3,0.038400000000000004,0.5,5.0,10.0,0.4554830752313137,-0.031148791583096587,0.6911046667805433,1.4564015910232273,0.3087668587729822,6.302069353417136,0.333212,833030,ok,right
4,17,0,3,0.038400000000000004,0.5,5.0,10.0,0.6832522923126817,-0.2033583428007995,6.208320764130869,1.6838359447226072,-0.04405555267434745,-22.311377862841837,0.3389968,847492,ok,right
4,527,0,3,0.038400000000000004,0.5,5.0,10.0,0.37641176003962756,-0.5615821882432873,3.644464092912291,1.3765388958915323,-0.2854710554312882,-15.507872325420495,0.33738399999999996,843460,ok,right
4,706,0,3,0.038400000000000004,0.5,5.0,10.0,0.4703408915549517,0.49745638845866286,0.26788149068219513,1.4714282650474044,-0.05724599733753604,-12.740802778345463,0.3368656,842164,ok,right
4,718,0,3,0.038400000000000004,0.5,5.0,10.0,0.6637174349278212,-0.23040360552495245,5.923919219836416,1.6639620787870955,-0.11441057121160494,-15.629049889312645,0.3397944,849486,ok,right
4,105,0,3,0.038400000000000004,0.5,5.0,10.0,0.36975630186498165,-0.5788555656742946,3.5197774520817915,1.371622431677636,-0.056435473663177534,50.6082873849555,0.3406668,851667,ok,right
4,863,0,3,0.038400000000000004,0.5,5.0,10.0,0.5840847158804536,0.4657170100316411,2.7634152896474737,1.5842659661462832,-0.14584619868640283,50.355030507799775,0.3414876,853719,ok,right
4,466,0,3,0.038400000000000004,0.5,5.0,10.0,0.27179528903216127,-0.744260110276378,3.660827340724386,1.27212905639438,-0.2769788349995004,39.02635202642323,0.3442108,860527,ok,right
4,192,0,3,0.038400000000000004,0.5,5.0,10.0,0.07321673650294543,0.44506236017931206,4.605387930721479,1.0737410985445928,-0.0694005028108183,-5.213597302884336,0.3538016,884504,ok,right
4,271,0,3,0.038400000000000004,0.5,5.0,10.0,0.11658995002508164,-0.648615955785181,4.8094962858194545,1.1167987772297832,0.047340712504952934,-3.7517720462909745,0.3527164,881791,ok,right
4,313,0,3,0.038400000000000004,0.5,5.0,10.0,0.22548116203397514,0.836735823214136,4.542659684375376,1.2260145750165412,-0.095552030942632,2.2441684980085395,0.355282,888205,ok,right
4,336,0,3,0.038400000000000004,0.5,5.0,10.0,-0.08571650795638562,-0.28692596105312496,4.2808279436552645,0.9146307685699565,-0.0674587356069716,21.653707989125255,0.35527159999999997,888179,ok,right
4,520,0,3,0.038400000000000004,0.5,5.0,10.0,-0.04538120869547129,-0.4751199336984486,2.0706482739434255,0.9547201374547921,0.04419539491535086,-17.773013923068323,0.3539756,884939,ok,right
4,216,0,3,0.038400000000000004,0.5,5.0,10.0,0.6333874430507422,0.18882221286190554,3.238471992500266,1.633465357303363,0.2389482921337301,-59.611865432108324,0.35624,890600,ok,right
4,823,0,3,0.038400000000000004,0.5,5.0,10.0,0.4343311201781035,-0.39931897709725234,4.475643228688142,1.434333770125088,0.24387071583118747,21.871428029886776,0.3576124,894031,ok,right
4,763,0,3,0.038400000000000004,0.5,5.0,10.0,0.5448748743161559,-0.1913925112633117,5.353694742486679,1.5459290204929648,-0.30245961573575814,-58.8666784684845,0.36293519999999996,907338,ok,right
4,971,0,3,0.038400000000000004,0.5,5.0,10.0,0.5149382904171944,0.4353335786598077,1.8842103454039287,1.515802955775257,-0.40045620353191974,-43.1421462065203,0.3636936,909234,ok,right
4,581,0,3,0.038400000000000004,0.5,5.0,10.0,0.6582876915112138,0.3012576260266721,0.41547396883276094,1.6583554663345712,0.3682036360506102,33.70126301692326,0.36613599999999996,915340,ok,right
4,333,0,3,0.038400000000000004,0.5,5.0,10.0,0.1611998314037919,-0.6800877559437626,6.243142838701476,1.1612858686859608,0.02791669053210858,22.5870587728019,0.36977519999999997,924438,ok,right
4,465,0,3,0.038400000000000004,0.5,5.0,10.0,0.4584894629195333,0.7189798080192237,2.2880573924430134,1.4588722553110767,0.15789807293899485,2.7333134844655347,0.3715768,928942,ok,right
4,552,0,3,0.038400000000000004,0.5,5.0,10.0,0.6127054451033473,0.30596409757442006,6.260616918247028,1.613786917968736,0.5146742787677765,-53.495675745619664,0.3708912,927228,ok,right
4,874,0,3,0.038400000000000004,0.5,5.0,10.0,0.5313196659088135,-0.6733904889103631,2.9111063128856953,1.5313388898694835,-0.11030741576510883,18.968662720333665,0.3717804,929451,ok,right
4,228,0,3,0.038400000000000004,0.5,5.0,10.0,-0.09687653668224812,0.03496324694681822,4.3803574932547935,0.9040975346100407,-0.03787536105692208,-22.553484634471975,0.373234,933085,ok,right
4,264,0,3,0.038400000000000004,0.5,5.0,10.0,-0.06877741981297732,0.4840614330650925,4.118242045905733,0.931430180133844,-0.033471967658869825,2.581371815845936,0.3753104,938276,ok,right
4,781,0,3,0.038400000000000004,0.5,5.0,10.0,0.5717582937330008,-0.6015276555652219,3.1566401645847395,1.5723889837666247,-0.54913069277022,-43.48171874290167,0.374718,936795,ok,right
4,204,0,3,0.038400000000000004,0.5,5.0,10.0,0.23397884946316483,-0.5889021007125055,2.58147495352504,1.2345790335342777,-0.24649546182276677,-26.012671965537468,0.37626,940650,ok,right
4,694,0,3,0.038400000000000004,0.5,5.0,10.0,0.02316455114632845,1.0055784217037962,4.147424897511497,1.023417290279654,-0.19069687226087903,-35.225460181583486,0.3767064,941766,ok,right
4,89,0,3,0.038400000000000004,0.5,5.0,10.0,0.6617822270840407,0.08518459767262482,0.9377602284718828,1.6621404387639647,0.0647251538455027,-5.7648791203244185,0.3820228,955057,ok,right
4,112,0,3,0.038400000000000004,0.5,5.0,10.0,-0.053875271975994114,-0.03255531079141522,5.981246633033283,0.9463968561912381,-0.026330542606062615,-44.2474870538687,0.3825492,956373,ok,right
4,785,0,3,0.038400000000000004,0.5,5.0,10.0,0.6617739148437978,-0.08958359397880969,5.403917757356839,1.6619180135650953,-0.21586159278260708,-32.71394959360368,0.3875376,968844,ok,right
4,234,0,3,0.038400000000000004,0.5,5.0,10.0,0.6331172054633498,0.11530728969019612,2.5174700141824067,1.633564090500342,-0.1451546909919523,-15.105160885899723,0.3896492,974123,ok,right
4,794,0,3,0.038400000000000004,0.5,5.0,10.0,-0.007354081049561501,-0.758666744437638,0.6145969902372921,0.993199331326706,0.06412896420683002,-5.280425821351494,0.3885808,971452,ok,right
4,37,0,3,0.038400000000000004,0.5,5.0,10.0,0.6328989826142788,0.23709272179240443,1.171465242035196,1.6334092614482452,-0.11268760905570707,-43.389868479928495,0.3929144,982286,ok,right
4,70,0,3,0.038400000000000004,0.5,5.0,10.0,0.3149268945679069,0.4936446378523033,2.9040543484687857,1.3149447094859938,-0.11803081969990371,16.287514531781433,0.3934508,983627,ok,right
4,715,0,3,0.038400000000000004,0.5,5.0,10.0,0.4915684048086405,0.08596099117379655,3.187352017205247,1.4922245849852873,-0.21511758863421887,16.276238634079384,0.3923944,980986,ok,right
4,808,0,3,0.038400000000000004,0.5,5.0,10.0,0.6022857550531626,0.7014008748901734,4.270122834338778,1.602606675550915,-0.5841407428139677,-38.16615626514548,0.392904,982260,ok,right
4,981,0,3,0.038400000000000004,0.5,5.0,10.0,0.04448788650333882,0.7907437024172735,5.75071811640096,1.0455571334499483,0.11636923411877084,6.5626606935066905,0.3922516,980629,ok,right
4,443,0,3,0.038400000000000004,0.5,5.0,10.0,0.3087698567658663,-1.0883017796463783,3.478397690688635,1.3087890616105968,0.07767529013968218,40.932902295934895,0.4034952,1008738,ok,right
4,631,0,3,0.038400000000000004,0.5,5.0,10.0,0.4225230934098363,-0.6743453632755219,0.030340590344514976,1.4225981584987961,-0.28230679601018904,-2.7057712758959664,0.4028448,1007112,ok,right
4,166,0,3,0.038400000000000004,0.5,5.0,10.0,0.5100064037367702,0.8336867777177548,4.329032317366631,1.510499038863783,0.0694512564972287,5.986917412535162,0.407128,1017820,ok,right
4,397,0,3,0.038400000000000004,0.5,5.0,10.0,0.658294758759439,-0.1436513330971761,5.967684308656606,1.6586750492550648,-0.17871157198952747,-4.256762408436789,0.4055476,1013869,ok,right
4,518,0,3,0.038400000000000004,0.5,5.0,10.0,0.23672657627612353,0.24457279882374955,4.3649741006576015,1.2372937184893522,-0.2392369568013741,53.209875221115084,0.4068652,1017163,ok,right
4,13,0,3,0.038400000000000004,0.5,5.0,10.0,0.3282285736873746,0.4291865978838705,0.6800762262360132,1.3282990629165128,0.02089552706922744,-22.46279798197718,0.41192039999999996,1029801,ok,right
4,221,0,3,0.038400000000000004,0.5,5.0,10.0,-0.06205831114202738,-0.23434173338484343,5.732070369864609,0.9384745582718728,0.008351107817952341,-11.928893781931825,0.4090856,1022714,ok,right
4,476,0,3,0.038400000000000004,0.5,5.0,10.0,0.3937631327658892,0.455760653247308,1.0380329126602357,1.3942115072577344,0.025360539762632944,-37.89242544987141,0.4080856,1020214,ok,right
4,907,0,3,0.038400000000000004,0.5,5.0,10.0,-0.03965863231569529,0.5608397083104195,2.3771710867403604,0.9604009337547315,-0.018538560196827727,71.90341035349088,0.4085432,1021358,ok,right
4,986,0,3,0.038400000000000004,0.5,5.0,10.0,0.2398750685155392,0.008264916972525195,4.134151743762795,1.2400319962027928,-0.1943038188236571,19.64124667481789,0.41014999999999996,1025375,ok,right
4,276,0,3,0.038400000000000004,0.5,5.0,10.0,0.29865382239222527,-0.6461797702263936,5.680968142691728,1.3004732329615933,-0.14712282623428186,6.273819663252328,0.4133464,1033366,ok,right
4,368,0,3,0.038400000000000004,0.5,5.0,10.0,0.27444407120347025,-0.03421312016688064,1.6704896222779557,1.274490273902193,-0.16606377529739794,-44.64833770376226,0.41496439999999996,1037411,ok,right
4,446,0,3,0.038400000000000004,0.5,5.0,10.0,0.2781648728996515,-0.3227905183510277,1.6676609604528367,1.2788133767033416,0.31056495924071614,-5.029053284190266,0.41872,1046800,ok,right
4,104,0,3,0.038400000000000004,0.5,5.0,10.0,0.5454339353367686,-0.6094858097057737,3.017719153829883,1.5455975976951384,-0.3585808378726427,24.49173599607503,0.42303599999999997,1057590,ok,right
4,156,0,3,0.038400000000000004,0.5,5.0,10.0,0.07296707965433598,0.42837206382108733,3.0199268288741243,1.0731691463125628,0.03956625520586364,-30.55449218931304,0.42092399999999996,1052310,ok,right
4,861,0,3,0.038400000000000004,0.5,5.0,10.0,0.07933523580431939,-0.021806376024830744,1.34468489380898,1.080221874430236,-0.08571115758064159,16.368473848351236,0.4269908,1067477,ok,right
4,946,0,3,0.038400000000000004,0.5,5.0,10.0,-0.07282436396926642,0.37469075622447656,4.532504921914474,0.9271888077218741,0.033050670452041894,-0.5301257715328141,0.42786759999999996,1069669,ok,right
4,392,0,3,0.038400000000000004,0.5,5.0,10.0,0.0811376366764307,0.7345987180917567,2.330329153505822,1.081220817351238,0.09404930681056312,71.40602503945898,0.43049,1076225,ok,right
4,487,0,3,0.038400000000000004,0.5,5.0,10.0,0.43960492145270114,-0.2505262680144264,2.1710501659823755,1.440935802743719,-0.06888947623348655,-28.868440959127,0.4313508,1078377,ok,right
4,144,0,3,0.038400000000000004,0.5,5.0,10.0,0.20487998332828283,-0.48040458998098684,2.848487978500724,1.20556036557277,0.34017108442628585,112.68645954721589,0.43205119999999997,1080128,ok,right
4,407,0,3,0.038400000000000004,0.5,5.0,10.0,0.5928774679079652,0.5211449049897513,0.6103147803232036,1.5938404724032056,0.1411664243652981,21.716353874680056,0.43354719999999997,1083868,ok,right
4,6,0,3,0.038400000000000004,0.5,5.0,10.0,0.573809122107923,-0.604459752467386,3.691951114503063,1.5744025103503436,-0.23189698189965074,-56.300177903453864,0.4379012,1094753,ok,right
4,554,0,3,0.038400000000000004,0.5,5.0,10.0,0.6006729355081917,0.4150057047254225,2.7387866512401127,1.600762292900481,0.20381216558285745,-12.863178477133681,0.43953319999999996,1098833,ok,right
4,606,0,3,0.038400000000000004,0.5,5.0,10.0,0.5362593773752451,-0.24180785995055262,2.3054408705460805,1.537114033382594,0.18185872553633195,13.071848589711381,0.4398684,1099671,ok,right
4,742,0,3,0.038400000000000004,0.5,5.0,10.0,0.38705853857100014,-0.12514348895414704,0.7835409859699825,1.3875702779356072,0.2184559741010898,-15.488981399568182,0.4376904,1094226,ok,right
4,927,0,3,0.038400000000000004,0.5,5.0,10.0,0.5320029675960541,-0.9126191929381867,1.8736324689986321,1.5322419428606955,0.25156370675529227,25.956528792711115,0.43644239999999995,1091106,ok,right
4,976,0,3,0.038400000000000004,0.5,5.0,10.0,0.6643062178045511,-0.176902601259267,0.8791078576852144,1.6644625769917802,0.10179369316445828,19.38910559950572,0.4419884,1104971,ok,right
4,499,0,3,0.038400000000000004,0.5,5.0,10.0,-0.028019684553146365,0.3400917898249961,2.8267099530042614,0.9728513542236393,-0.21539998551173736,34.40488721013554,0.44519919999999996,1112998,ok,right
4,895,0,3,0.038400000000000004,0.5,5.0,10.0,0.23932901807129384,0.16143631925321963,4.8495506273406965,1.239809164389811,0.0778239114146217,9.254834578524124,0.44415279999999996,1110382,ok,right
4,14,0,3,0.038400000000000004,0.5,5.0,10.0,0.6233490342274308,-0.105774659499749,0.12282216490473631,1.6234865109270513,0.0031805018362328456,65.65049935012793,0.4516752,1129188,ok,right
4,69,0,3,0.038400000000000004,0.5,5.0,10.0,0.04112621247768403,1.122987396445546,1.520458999506023,1.0415454249632465,-0.06537674606734938,31.253760082782197,0.45097879999999996,1127447,ok,right
4,218,0,3,0.038400000000000004,0.5,5.0,10.0,0.5231935944408178,-0.6585383543580487,5.53944443682703,1.5239657943103888,0.11276156462690239,50.30415084312496,0.44821839999999996,1120546,ok,right
4,719,0,3,0.038400000000000004,0.5,5.0,10.0,-0.099863307364285,-0.1286536103573056,5.469686678930699,0.9008474858899018,-0.06170447034580275,-28.773786761217888,0.4495064,1123766,ok,right
4,996,0,3,0.038400000000000004,0.5,5.0,10.0,0.2533332094550133,0.3384120561067148,1.0014093188434068,1.2537767872630527,-0.19760299580251553,-10.142266224936671,0.44939759999999995,1123494,ok,right
4,287,0,3,0.038400000000000004,0.5,5.0,10.0,0.0813876323401928,-0.5166529724424097,3.1164601627892434,1.0817182781464005,0.06447539162178792,38.07966207303932,0.4532968,1133242,ok,right
4,597,0,3,0.038400000000000004,0.5,5.0,10.0,0.39752226341515784,-1.147755219445224,4.336960206909339,1.397797071718615,-0.2082113803216997,-44.230309760188675,0.452538,1131345,ok,right
4,136,0,3,0.038400000000000004,0.5,5.0,10.0,0.481669832020998,-1.0016380863187937,2.5124635047497645,1.4819355194924229,0.32391788593079296,-33.81487049890801,0.459874,1149685,ok,right
4,812,0,3,0.038400000000000004,0.5,5.0,10.0,0.05450063180178404,-0.864682896503722,5.3135805295801255,1.0545360139110178,0.037263740273759054,-25.278483577554812,0.463854,1159635,ok,right
4,856,0,3,0.038400000000000004,0.5,5.0,10.0,0.6766140414401889,0.33334543288899976,2.9229526899462788,1.6781696400901591,0.14934615818398156,-49.12859640189277,0.4612136,1153034,ok,right
4,451,0,3,0.038400000000000004,0.5,5.0,10.0,0.13669889718294145,-1.5386714419365266,5.801096266418836,1.137280882310511,0.004537422407191397,-40.6400264494578,0.46638959999999996,1165974,ok,right
4,462,0,3,0.038400000000000004,0.5,5.0,10.0,0.1517344841733575,0.7955757138434009,3.769599102041987,1.1524871003956494,0.17604519091409662,19.33729140975966,0.466336,1165840,ok,right
4,519,0,3,0.038400000000000004,0.5,5.0,10.0,0.10211503002792598,-1.0953194614856234,1.7536649707507919,1.1033573869690145,0.17738504466108368,22.137478270715363,0.46739159999999996,1168479,ok,right
4,947,0,3,0.038400000000000004,0.5,5.0,10.0,0.17456747610121967,0.5193378032853352,0.1414926598172196,1.1753315369221222,-0.021228406404995886,12.74603644451834,0.4704468,1176117,ok,right
4,76,0,3,0.038400000000000004,0.5,5.0,10.0,0.5214567556977272,0.08395042354514025,5.330120123389167,1.5216412818099339,-0.2773673641003297,18.358394601449707,0.47544559999999997,1188614,ok,right
4,157,0,3,0.038400000000000004,0.5,5.0,10.0,0.4504557890817523,0.02644387539837622,1.0798279423681272,1.450477631453325,-0.605390540181187,-30.874283895860955,0.473072,1182680,ok,right
4,864,0,3,0.038400000000000004,0.5,5.0,10.0,0.25134653467684986,2.0658471615995997,1.9321859333568794,1.2514594161740804,-0.032817830990322115,12.164623767892715,0.47557,1188925,ok,right
4,660,0,3,0.038400000000000004,0.5,5.0,10.0,0.15234061423689127,-0.693839697390211,5.345871286276897,1.1524130386825988,-0.14219203320184706,12.677713237704943,0.4774288,1193572,ok,right
4,695,0,3,0.038400000000000004,0.5,5.0,10.0,-0.05675385314971209,0.16091972324114914,1.8000949184587651,0.943608574887302,-0.04871585068510011,-6.349553603701077,0.4816776,1204194,ok,right
4,246,0,3,0.038400000000000004,0.5,5.0,10.0,0.43165244050323964,-0.7943088962669435,0.3064140404489875,1.4320847933975906,-0.22186731014679326,15.70899047678558,0.48720559999999996,1218014,ok,right
4,439,0,3,0.038400000000000004,0.5,5.0,10.0,0.23724600672721863,-0.522193829102285,5.73807366925184,1.2383578277965648,0.22236464601424674,22.101320065996745,0.4843748,1210937,ok,right
4,828,0,3,0.038400000000000004,0.5,5.0,10.0,-0.019697070308029654,-0.7987711265823281,4.666922945010391,0.981453918848884,0.05809583317346626,18.30985769474423,0.4857628,1214407,ok,right
4,113,0,3,0.038400000000000004,0.5,5.0,10.0,0.5545526256784797,0.048707893890058376,1.5820203785045597,1.554935483910138,-0.3879647452533013,12.976623270638134,0.48827319999999996,1220683,ok,right
4,799,0,3,0.038400000000000004,0.5,5.0,10.0,0.302419500797987,-1.2607629626982542,5.748961516054362,1.3027069027000526,-0.2386871755331993,0.426425281330588,0.4904752,1226188,ok,right
4,943,0,3,0.038400000000000004,0.5,5.0,10.0,0.6517006749287249,-0.15696763017500603,1.0734013271538076,1.652545793061102,0.21971622693994933,-103.80441752287557,0.48872279999999996,1221807,ok,right
4,612,0,3,0.038400000000000004,0.5,5.0,10.0,-0.038396783731877805,-0.049097892327106825,1.4674564710065352,0.9638067941073987,0.045490735295700545,18.679611666858307,0.49308759999999996,1232719,ok,right
4,876,0,3,0.038400000000000004,0.5,5.0,10.0,0.33710057083517314,0.4333088474592331,5.843167799347054,1.337121840764874,-0.06240337979910617,31.703059536711034,0.49584599999999995,1239615,ok,right
4,49,0,3,0.038400000000000004,0.5,5.0,10.0,0.28127081599086523,-1.3676641673071679,4.269689490208256,1.2814078839037113,0.4836778348220857,34.40694119340867,0.49850839999999996,1246271,ok,right
4,323,0,3,0.038400000000000004,0.5,5.0,10.0,0.6423257442191244,0.04318535704071205,0.32523029174138046,1.6429755250376983,0.11139715682037817,-15.58262235634935,0.49831359999999997,1245784,ok,right
4,472,0,3,0.038400000000000004,0.5,5.0,10.0,0.05406813882291317,1.0476277200192494,0.09638405775431057,1.054121208397783,0.23560941025571283,63.30814975266732,0.4998816,1249704,ok,right
4,106,0,3,0.038400000000000004,0.5,5.0,10.0,-0.004157011024653912,0.6426035687932905,3.4333893716600596,0.9965387250287112,0.0024534860143113364,40.85450002122199,0.5017404,1254351,ok,right
4,435,0,3,0.038400000000000004,0.5,5.0,10.0,0.3437421951442957,-1.5838626183943187,5.103620648456889,1.3445946140089002,0.21178248485305418,-66.96090856194633,0.5026584,1256646,ok,right
4,917,0,3,0.038400000000000004,0.5,5.0,10.0,0.489623941667378,-0.7070688786770665,3.0829921315456903,1.4900342321346538,-0.0715500364456249,-34.804087436543576,0.5007912,1251978,ok,right
4,235,0,3,0.038400000000000004,0.5,5.0,10.0,0.36488816123455764,-1.295813055283413,0.4271261464441578,1.3669408084553627,0.24375691266646934,25.756572911444024,0.5116307999999999,1279077,ok,right
4,666,0,3,0.038400000000000004,0.5,5.0,10.0,-0.04801037032157183,0.6239893215265812,0.7291729331623548,0.9522528561874175,0.13031008041148137,0.9417362221551567,0.5098547999999999,1274637,ok,right
4,30,0,3,0.038400000000000004,0.5,5.0,10.0,0.1611763270571828,0.7598474397639617,2.772254795128358,1.1616368542329518,-0.12366638139196318,37.994103814485804,0.512238,1280595,ok,right
4,568,0,3,0.038400000000000004,0.5,5.0,10.0,-0.08768853470683098,-0.27654476203203754,1.1213407898077088,0.9138438374129371,0.024037876844924325,6.6756085931424325,0.5141104,1285276,ok,right
4,546,0,3,0.038400000000000004,0.5,5.0,10.0,0.5461544824764133,0.05675528935824132,3.523893936784188,1.547141976144416,0.45305099738818005,12.801544220426097,0.5196183999999999,1299046,ok,right
4,762,0,3,0.038400000000000004,0.5,5.0,10.0,0.6081012183800341,-0.17828521328771696,5.42129550520979,1.608426436283502,0.09803045482281546,15.783932027908989,0.5237684,1309421,ok,right
4,209,0,3,0.038400000000000004,0.5,5.0,10.0,0.6810849208384753,0.12586366593875353,6.1134503350481255,1.681747818982708,0.2929520556470188,-69.80298238147724,0.5271752,1317938,ok,right
4,604,0,3,0.038400000000000004,0.5,5.0,10.0,0.17423712275922298,-0.4993853110043655,3.4042714663024247,1.1746990256607817,-0.015651560945297575,-37.40976847553376,0.5266803999999999,1316701,ok,right
4,469,0,3,0.038400000000000004,0.5,5.0,10.0,0.4903280265629292,-1.1177189514677313,2.951335762775189,1.4905927824683258,0.19244589692380662,37.602006920613775,0.5288648,1322162,ok,right
4,16,0,3,0.038400000000000004,0.5,5.0,10.0,-0.00135857705026865,-1.01525417262271,2.6800320019988506,0.9993070128643373,-0.09541775383243424,-2.406600031612462,0.5325432,1331358,ok,right
4,843,0,3,0.038400000000000004,0.5,5.0,10.0,0.5117135187610984,0.33592876967202384,3.337404171205471,1.5126892186331218,0.029937499794479988,-4.132972665457062,0.5329548,1332387,ok,right
4,346,0,3,0.038400000000000004,0.5,5.0,10.0,0.26595209017395977,-1.2910452402448234,0.5905268134921009,1.2660265974118567,-0.21009898829815032,33.24368111349789,0.5386316,1346579,ok,right
4,427,0,3,0.038400000000000004,0.5,5.0,10.0,0.4133574239909649,0.7168767049883383,1.7846886677665845,1.4135288636437973,0.1735945615314886,82.77924068426672,0.5364791999999999,1341198,ok,right
4,444,0,3,0.038400000000000004,0.5,5.0,10.0,0.2338289186358452,-1.9196385984440454,4.151593605463487,1.2346694049181681,-0.031165426960735484,-35.664727679188196,0.5364704,1341176,ok,right
4,682,0,3,0.038400000000000004,0.5,5.0,10.0,0.4450540356338024,-1.0223303691872376,1.997763401378787,1.4455549612624836,0.14947924704087492,89.62324141143976,0.5387508,1346877,ok,right
4,33,0,3,0.038400000000000004,0.5,5.0,10.0,0.49568929709494114,-0.5846611014128185,1.92700366455744,1.4961646349938094,-0.2704158128185192,34.42342034860088,0.5415588,1353897,ok,right
4,301,0,3,0.038400000000000004,0.5,5.0,10.0,0.4811885461211205,-0.11968096752810274,1.9814518823499752,1.4834860899954765,-0.23158130937744512,31.84627234904163,0.5462024,1365506,ok,right
4,47,0,3,0.038400000000000004,0.5,5.0,10.0,0.1652250599116087,1.3563617572067443,2.603328986393229,1.1652441295214337,-0.18325173540595324,2.2569232442237737,0.5505144,1376286,ok,right
4,241,0,3,0.038400000000000004,0.5,5.0,10.0,0.6154697032645345,0.20385779092744447,1.3297023393025889,1.6159345651475154,-0.026674212722035757,-25.74462501144303,0.551392,1378480,ok,right
4,703,0,3,0.038400000000000004,0.5,5.0,10.0,0.572082063741982,0.2078164431528117,4.505394576111182,1.5727950433386588,0.04934172161997644,103.51083405259202,0.55159,1378975,ok,right
4,98,0,3,0.038400000000000004,0.5,5.0,10.0,0.546498596854508,-0.3002879134896512,5.722053131943585,1.5466576307508975,0.09878364522979775,-11.719413370689729,0.5521864,1380466,ok,right
4,119,0,3,0.038400000000000004,0.5,5.0,10.0,0.5392437303438783,0.7686196839434123,0.7131733843397828,1.5393951304329458,-0.19506571192057293,-79.44395558931093,0.5557156,1389289,ok,right
4,413,0,3,0.038400000000000004,0.5,5.0,10.0,0.22675183285027745,0.27068241413179833,5.8099248190320605,1.226927065667277,0.09304819558827579,45.87938799493616,0.554446,1386115,ok,right
4,521,0,3,0.038400000000000004,0.5,5.0,10.0,0.6623140266165137,0.019767636614423868,0.16451547645565828,1.662815014244879,-0.13421555620504522,19.057505396428322,0.5545152,1386288,ok,right
4,635,0,3,0.038400000000000004,0.5,5.0,10.0,0.26096613593399526,1.674629098162459,3.940836245270618,1.2615526698378705,0.06749583311552244,20.611939052224034,0.553014,1382535,ok,right
4,691,0,3,0.038400000000000004,0.5,5.0,10.0,0.24961020052433014,1.0365557177161182,2.5584235119685443,1.2505306566784136,0.06919409057703102,-3.215273673062267,0.553242,1383105,ok,right
4,870,0,3,0.038400000000000004,0.5,5.0,10.0,-0.007746765017509461,-0.7726462132969193,3.395948090023251,0.9925501398830371,-0.21375083923355045,38.15315340257699,0.5623739999999999,1405935,ok,right
4,972,0,3,0.038400000000000004,0.5,5.0,10.0,0.6715539377182722,-0.33337889833966544,3.5689720209130456,1.6716475108729911,-0.06821851538923937,20.985216073350838,0.5604652,1401163,ok,right
4,449,0,3,0.038400000000000004,0.5,5.0,10.0,0.44929810874164106,1.2360936606078918,6.24870134955005,1.450025028572725,-0.14262639495202992,7.174389019667998,0.5659236,1414809,ok,right
4,743,0,3,0.038400000000000004,0.5,5.0,10.0,0.4189253240823746,-0.35433714958316115,0.3524205245751456,1.4192059798513308,0.19705585530837508,-43.1686615842893,0.5669856,1417464,ok,right
4,412,0,3,0.038400000000000004,0.5,5.0,10.0,0.136586856469512,-0.07041318616170483,4.635062485185784,1.1368271999992938,0.2620375176318582,-24.50078177165388,0.5703304,1425826,ok,right
4,609,0,3,0.038400000000000004,0.5,5.0,10.0,0.6150317095220089,0.22572244318792617,1.7968155476655228,1.6154830957930197,0.15275655609748523,-31.20637486644326,0.5698388,1424597,ok,right
4,749,0,3,0.038400000000000004,0.5,5.0,10.0,0.060147670283913615,0.8484273579570577,6.081249527332376,1.060557929460874,0.03944558712768362,9.842237981785674,0.5708915999999999,1427229,ok,right
4,782,0,3,0.038400000000000004,0.5,5.0,10.0,0.3838943373411894,1.14479884466371,2.3299513724668683,1.3839921944346758,0.1098689994097691,-12.201995432801406,0.56863,1421575,ok,right
4,394,0,3,0.038400000000000004,0.5,5.0,10.0,0.11667186357080937,1.4084994688557262,0.9739035228765991,1.1176739370159785,-0.0672725282147019,72.92989273102071,0.5777635999999999,1444409,ok,right
4,100,0,3,0.038400000000000004,0.5,5.0,10.0,0.16817604061216118,0.8630076180318764,0.2838014216512211,1.1687602130943964,-0.1482903721752186,-39.86522171742875,0.5904184,1476046,ok,right
4,588,0,3,0.038400000000000004,0.5,5.0,10.0,0.5748671647161245,0.6269478520318887,5.4626661014211795,1.5754774714020623,-0.30205379653814884,74.99889798724514,0.5958384,1489596,ok,right
4,675,0,3,0.038400000000000004,0.5,5.0,10.0,0.10840844176709652,-0.15291117935200838,1.9741171812188039,1.108804129786833,0.014134225080992777,-38.97987938322402,0.594908,1487270,ok,right
4,940,0,3,0.038400000000000004,0.5,5.0,10.0,0.4773479426279664,0.07143467253754655,3.5752141372879622,1.4776421021691981,-0.7540535629306608,21.88260259119053,0.5950132,1487533,ok,right
4,531,0,3,0.038400000000000004,0.5,5.0,10.0,0.09100113604217769,0.9742566704536232,4.399019318914739,1.0910871008358014,0.029773035879009046,41.34075020941851,0.5969584,1492396,ok,right
4,886,0,3,0.038400000000000004,0.5,5.0,10.0,0.3473809311166406,-0.9293442389375081,5.136274151783514,1.348046798994048,0.09892447030969061,-107.88668051913963,0.5978332,1494583,ok,right
4,964,0,3,0.038400000000000004,0.5,5.0,10.0,-0.04887707345187664,-0.4980282706972802,2.215841107087716,0.9532075702258899,0.03672648761790002,6.18744066330471,0.5964044,1491011,ok,right
4,121,0,3,0.038400000000000004,0.5,5.0,10.0,0.11349025797098876,-0.9744442115772068,0.8109258922383918,1.1135543949235835,-0.16882790852319807,69.64934589054832,0.6031944,1507986,ok,right
4,128,0,3,0.038400000000000004,0.5,5.0,10.0,0.6619906952604652,-0.29289738187728165,1.5319186688015327,1.6624566515511494,0.16355346055896255,-15.738550975617038,0.6017895999999999,1504474,ok,right
4,760,0,3,0.038400000000000004,0.5,5.0,10.0,0.6997421832755208,-0.017090221322460474,1.8519799150599923,1.699827815551379,-0.03087413386713108,-63.59750391400591,0.600036,1500090,ok,right
4,982,0,3,0.038400000000000004,0.5,5.0,10.0,0.35238877236843114,-0.45266158380693733,5.660618892229481,1.3531280300041992,-0.25002782798377254,-37.70077835656507,0.6018272,1504568,ok,right
4,318,0,3,0.038400000000000004,0.5,5.0,10.0,0.2821377605199814,0.8540212940217631,0.043119940484314834,1.2826397943764651,0.211743663505638,30.425191624017366,0.6066768,1516692,ok,right
4,848,0,3,0.038400000000000004,0.5,5.0,10.0,0.458056659065187,-0.11162852991299113,6.193253613460708,1.459056276420039,-0.5526180055089164,-6.393617256494158,0.6061784,1515446,ok,right
4,201,0,3,0.038400000000000004,0.5,5.0,10.0,-0.0038932450115680695,0.11199179812698075,3.45426934978353,0.996523911441383,0.009241783739602312,-61.20303281101435,0.6105459999999999,1526365,ok,right
4,293,0,3,0.038400000000000004,0.5,5.0,10.0,0.09210585951805116,-0.576657823664831,2.3207126015321182,1.0928636998836236,-0.11259385952143224,-4.037174297299065,0.6084868,1521217,ok,right
4,428,0,3,0.038400000000000004,0.5,5.0,10.0,0.5862793793901802,-0.7055104712262703,4.85658176565583,1.5865586006560415,0.3543219945724026,-9.823850424944961,0.609776,1524440,ok,right
4,456,0,3,0.038400000000000004,0.5,5.0,10.0,0.41813186015933757,-1.2840432105871669,3.0771365854215476,1.4189534355373001,-0.27234799705235446,-15.852593908986085,0.6091648,1522912,ok,right
4,179,0,3,0.038400000000000004,0.5,5.0,10.0,0.2645991599187255,0.751608537455724,4.15695063153084,1.2646529834604112,0.14326346358648365,-8.29847622031366,0.6121936,1530484,ok,right
4,592,0,3,0.038400000000000004,0.5,5.0,10.0,0.4268122844398022,0.7981123096128666,2.1000463939445533,1.4275505726214257,0.023521585697936328,-66.26257870662623,0.6139424,1534856,ok,right
4,647,0,3,0.038400000000000004,0.5,5.0,10.0,0.4837620904669166,-0.17868675248692548,0.8980501393701362,1.4839350576593215,-0.2162686935052845,19.851402344754568,0.6125084,1531271,ok,right
4,765,0,3,0.038400000000000004,0.5,5.0,10.0,0.37839019298553467,-0.5821840457079537,2.5755811696481414,1.3787382936272796,0.24031747419986896,21.50864581791504,0.6152312,1538078,ok,right
4,418,0,3,0.038400000000000004,0.5,5.0,10.0,0.5754412043839693,0.7992107928068632,5.264778659163479,1.576738445379969,-0.10133387747709034,2.447104427027117,0.619304,1548260,ok,right
4,620,0,3,0.038400000000000004,0.5,5.0,10.0,0.6685879325494171,0.022117874072012447,5.982397412670731,1.6687834421472296,-0.024277516793051533,16.591267816067734,0.6174495999999999,1543624,ok,right
4,893,0,3,0.038400000000000004,0.5,5.0,10.0,0.1341299256309867,-1.1209551870876304,2.548545271745903,1.134347303801601,0.04512975662299012,2.0904808430230135,0.6163356,1540839,ok,right
4,328,0,3,0.038400000000000004,0.5,5.0,10.0,0.6433594021946192,0.41597172758729006,1.7863217246813885,1.6437496917875092,-0.2516155654576273,27.53763011949196,0.6231156,1557789,ok,right
4,329,0,3,0.038400000000000004,0.5,5.0,10.0,0.4373859316110611,-1.1310471540255518,5.2868330576805596,1.4377879549551775,0.12368605919724011,-28.739327109690578,0.6251903999999999,1562976,ok,right
4,365,0,3,0.038400000000000004,0.5,5.0,10.0,0.451599182933569,-0.36184851993622263,5.4676329584592835,1.4516900795977805,-0.20070470254309733,13.049032142751152,0.6241308,1560327,ok,right
4,434,0,3,0.038400000000000004,0.5,5.0,10.0,0.4602632876485586,-1.1829158279970855,6.083343479513889,1.4604065742086692,0.22827058987466228,0.011564410064738429,0.6272764,1568191,ok,right
4,530,0,3,0.038400000000000004,0.5,5.0,10.0,0.07438118476420641,-0.22992194109731692,4.317726359799547,1.0749953585796521,0.024864367927868614,-22.017064829544505,0.6254995999999999,1563749,ok,right
4,189,0,3,0.038400000000000004,0.5,5.0,10.0,0.4163370313122869,-0.0004725988918845815,3.659057005039941,1.4167004123779303,0.008346395296941828,-47.073727706082785,0.6313968,1578492,ok,right
4,269,0,3,0.038400000000000004,0.5,5.0,10.0,-0.015184602700173855,-0.6194779382155556,0.5765145803634902,0.9855540048894879,0.058642606355345316,5.962828783249538,0.6302331999999999,1575583,ok,right
4,330,0,3,0.038400000000000004,0.5,5.0,10.0,0.48856327142566447,-0.7069158880338734,1.981144075608589,1.4887680569457633,0.28494776739452005,119.84606597992668,0.6286056,1571514,ok,right
4,750,0,3,0.038400000000000004,0.5,5.0,10.0,0.036978188902139664,-0.7136045432984293,3.9981551398955086,1.0372446342435844,0.012021410415260707,-29.422765068842576,0.6291972,1572993,ok,right
4,832,0,3,0.038400000000000004,0.5,5.0,10.0,0.6736212190240622,-0.2608535709649259,3.739367660015366,1.6737924840268554,-0.24156736425534456,-12.237490573252174,0.6283196,1570799,ok,right
4,899,0,3,0.038400000000000004,0.5,5.0,10.0,0.673237775452435,0.2679039656022029,6.23914201669118,1.6738031292362987,0.36631058010114237,-48.777130958333444,0.6313068,1578267,ok,right
4,983,0,3,0.038400000000000004,0.5,5.0,10.0,-0.0010858068242669105,0.4301101330454292,2.7144673936739916,0.9991242536170544,-0.08792921300422847,28.079328423606245,0.6310631999999999,1577658,ok,right
4,844,0,3,0.038400000000000004,0.5,5.0,10.0,0.5866854602470994,-0.3387161394683409,4.554563350770862,1.587114949347717,0.17810715778242303,-49.59985895441664,0.6398644,1599661,ok,right
4,847,0,3,0.038400000000000004,0.5,5.0,10.0,0.31951708495616915,1.6122101045530532,3.043308648535051,1.320431392612306,0.10036749205554896,46.56744855274889,0.638864,1597160,ok,right
4,15,0,3,0.038400000000000004,0.5,5.0,10.0,0.3432787157595158,0.2322496876979956,4.441280624502035,1.3443916337338107,-0.34562530343421677,18.803604340818172,0.640598,1601495,ok,right
4,173,0,3,0.038400000000000004,0.5,5.0,10.0,0.057002690806984904,-1.2880882142220467,2.6485348359354575,1.0572606668003435,0.19615735081327473,83.65541155911696,0.6421336,1605334,ok,right
4,316,0,3,0.038400000000000004,0.5,5.0,10.0,0.12953197807073594,-0.31819493815685773,0.0429849745881578,1.1299262475369856,0.01745417979912154,-15.8746451694826,0.6429868,1607467,ok,right
4,341,0,3,0.038400000000000004,0.5,5.0,10.0,0.35504894070327286,1.3993277055478146,3.448984530426734,1.35584684362601,-0.5201690314701897,-3.7371709140589147,0.6424692,1606173,ok,right
4,714,0,3,0.038400000000000004,0.5,5.0,10.0,0.28245614673942326,1.5077382897025162,5.913977124702534,1.282999586915074,0.018174122841497855,12.776206020174357,0.6401212,1600303,ok,right
4,840,0,3,0.038400000000000004,0.5,5.0,10.0,0.3085776060819626,1.7346685612504038,5.403234081610429,1.308603056522954,0.008166979953090492,-18.002844784234313,0.6407132,1601783,ok,right
4,78,0,3,0.038400000000000004,0.5,5.0,10.0,0.24094485454261305,-1.5301956917847042,5.283007073398671,1.241070807148966,0.11402586436682753,9.0394290706769,0.6442435999999999,1610609,ok,right
4,862,0,3,0.038400000000000004,0.5,5.0,10.0,0.35794855989515784,-1.5260235904379558,5.966399734920382,1.358081299793478,-0.34423907261911885,24.335273323584204,0.647782,1619455,ok,right
4,987,0,3,0.038400000000000004,0.5,5.0,10.0,0.5006972352042794,-0.8556526882084274,1.9753734079914056,1.5009164958086867,0.21903167594531867,38.33069404038765,0.6455844,1613961,ok,right
4,406,0,3,0.038400000000000004,0.5,5.0,10.0,0.26655597500503064,1.4454172038250164,2.849992626318202,1.2665569593948898,0.21851085084683475,-10.904150900262454,0.6497296,1624324,ok,right
4,793,0,3,0.038400000000000004,0.5,5.0,10.0,0.36685048956424,-1.0601116905440446,5.615469818537909,1.3668862119212521,-0.1690353515822021,31.057462942880576,0.6493447999999999,1623362,ok,right
4,813,0,3,0.038400000000000004,0.5,5.0,10.0,0.3025894610211253,0.30903753024416775,5.029921436691755,1.302777546432275,-0.2699589896744403,16.01409910004096,0.6528579999999999,1632145,ok,right
4,563,0,3,0.038400000000000004,0.5,5.0,10.0,0.5217974994331599,0.42918406758862476,3.2539598155045466,1.5223099896116736,0.2033375593804105,-29.854691109070934,0.6574831999999999,1643708,ok,right
4,590,0,3,0.038400000000000004,0.5,5.0,10.0,0.31313788034021856,-1.129801392987955,3.208346486223437,1.3132830491284302,0.028926199748328857,12.431934988615598,0.6573711999999999,1643428,ok,right
4,579,0,3,0.038400000000000004,0.5,5.0,10.0,0.2890758506953716,0.692954287171461,6.077861583148045,1.289104566136401,-0.23738688359882876,21.38746537309158,0.6643,1660750,ok,right
4,361,0,3,0.038400000000000004,0.5,5.0,10.0,0.4913983786478639,0.7638554962141607,0.3992496411843915,1.492129424479428,0.20948669439078407,30.961086420221555,0.6717384,1679346,ok,right
4,644,0,3,0.038400000000000004,0.5,5.0,10.0,0.3037624353542924,-1.5656514035561093,3.56470329764073,1.304354558545108,0.204784709967031,12.437028648383022,0.6690096,1672524,ok,right
4,758,0,3,0.038400000000000004,0.5,5.0,10.0,0.5171414466574789,-0.8862591445447942,6.274761176806456,1.5172103960291348,-0.2833864575462094,8.922701022253651,0.6695019999999999,1673755,ok,right
4,529,0,3,0.038400000000000004,0.5,5.0,10.0,0.5857416009530425,0.2941177245171703,3.0916908428647893,1.5864375528653114,0.15511441174706714,23.389968446869165,0.6726447999999999,1681612,ok,right
4,959,0,3,0.038400000000000004,0.5,5.0,10.0,0.05937179941684008,-1.2778733380957745,5.229184471059816,1.0608802507025632,-0.1890954548467348,40.153814979966356,0.6722007999999999,1680502,ok,right
4,207,0,3,0.038400000000000004,0.5,5.0,10.0,0.25138443093746904,-0.6969129967588437,5.557408512005725,1.251691998934228,0.07398561398910691,60.24632787261479,0.6763132,1690783,ok,right
4,826,0,3,0.038400000000000004,0.5,5.0,10.0,0.33795100022107366,-1.4704091332568034,6.122524216097407,1.338189634798502,0.009545996759120864,-0.005004673385219394,0.6776179999999999,1694045,ok,right
4,779,0,3,0.038400000000000004,0.5,5.0,10.0,0.5383137471973897,-0.18854512157312459,4.025575821825547,1.5385788277618715,-0.02617616262631511,2.9082911566800136,0.6836515999999999,1709129,ok,right
4,300,0,3,0.038400000000000004,0.5,5.0,10.0,0.16812528148293496,0.3776439535619114,3.0700239991423515,1.16854056669075,0.07660603077092382,-55.39909676641735,0.6845551999999999,1711388,ok,right
4,872,0,3,0.038400000000000004,0.5,5.0,10.0,0.45303071402013306,0.04722463968954496,1.099954403573165,1.4532529222127624,-0.02459731067076092,-120.57196932284499,0.6847864,1711966,ok,right
4,903,0,3,0.038400000000000004,0.5,5.0,10.0,0.46565196700394157,0.2715841124015306,2.2320380796309216,1.46691677486231,0.01573418342474263,-15.559768228021415,0.689338,1723345,ok,right
4,35,0,3,0.038400000000000004,0.5,5.0,10.0,0.5449248109012842,-0.764692915881172,0.47172699012260627,1.5452225376627122,-0.7019915781841395,12.844618762986999,0.6927207999999999,1731802,ok,right
4,42,0,3,0.038400000000000004,0.5,5.0,10.0,0.32005727384239435,1.1997288735416927,1.881005620005681,1.3204658251133168,0.21110252076640018,37.90040187367117,0.6950632,1737658,ok,right
4,154,0,3,0.038400000000000004,0.5,5.0,10.0,0.277576451189816,-0.13133612323948257,0.03921863493927941,1.2782014020062957,0.3881483489555485,28.104017643378736,0.6943184,1735796,ok,right
4,484,0,3,0.038400000000000004,0.5,5.0,10.0,0.5409282201901079,0.7468790711871056,4.667994731460313,1.5413024758907745,0.8312846262595435,9.43632298102103,0.6952356,1738089,ok,right
4,754,0,3,0.038400000000000004,0.5,5.0,10.0,0.6548996916040779,0.04578045727338838,1.6401055642485516,1.6551122618951661,0.0341611150713445,-20.740527998916857,0.6947452,1736863,ok,right
4,896,0,3,0.038400000000000004,0.5,5.0,10.0,0.39403315875679257,0.9267462359412795,4.432578533842173,1.3946966896293223,-0.1396419357302575,-57.46092468382602,0.6935416,1733854,ok,right
4,949,0,3,0.038400000000000004,0.5,5.0,10.0,0.12413987908512354,-1.9919174881291823,0.4846888027198427,1.12421554311661,-0.0037930852146472794,15.39436686662544,0.6934159999999999,1733540,ok,right
4,123,0,3,0.038400000000000004,0.5,5.0,10.0,0.5173957575112581,0.48591995577358743,2.632564823428906,1.5176617489776008,0.020320648374998106,-10.084676916145696,0.6960176,1740044,ok,right
4,109,0,3,0.038400000000000004,0.5,5.0,10.0,0.6704634746536613,0.35869001543338613,3.8539607746728435,1.6707825865780366,0.02602764045326244,57.97284674453358,0.7007968,1751992,ok,right
4,224,0,3,0.038400000000000004,0.5,5.0,10.0,0.5045869464054704,0.47408041745749385,3.0919350697235326,1.50488017377874,0.06536808291703115,0.41108214285161776,0.705222,1763055,ok,right
4,399,0,3,0.038400000000000004,0.5,5.0,10.0,0.5710424892604351,-0.7370495911620567,4.42600001067742,1.5717040107899218,-0.10199612578517478,50.56567673371625,0.7049308,1762327,ok,right
4,436,0,3,0.038400000000000004,0.5,5.0,10.0,0.4077437806874514,-0.30017287837244977,5.3919115813657035,1.4084692263514391,0.2708732428143959,12.36758164569616,0.706008,1765020,ok,right
4,558,0,3,0.038400000000000004,0.5,5.0,10.0,0.3751726346090436,-1.1265883950283777,2.838158710393818,1.3752512792920273,0.3279592629152169,18.83007065033764,0.7060531999999999,1765133,ok,right
4,376,0,3,0.038400000000000004,0.5,5.0,10.0,0.5766359526664019,-0.6745182104425383,3.090932918174184,1.5767264480501788,0.4841670102152792,57.486674475030675,0.709764,1774410,ok,right
4,614,0,3,0.038400000000000004,0.5,5.0,10.0,0.004638624377548695,-0.658141837125852,0.3133588636716077,1.0049762766695005,0.02738542336234074,88.17206390302984,0.7154771999999999,1788693,ok,right
4,816,0,3,0.038400000000000004,0.5,5.0,10.0,0.009084612689912319,-0.35471966094074364,0.949377772960671,1.0092221996441246,-0.05948896842786522,-34.736028969124604,0.7139108,1784777,ok,right
4,918,0,3,0.038400000000000004,0.5,5.0,10.0,0.351248181052506,0.5612363178201156,2.6502056800242486,1.3518339710381544,-0.2537771962670712,-32.31633709376439,0.7140848,1785212,ok,right
4,159,0,3,0.038400000000000004,0.5,5.0,10.0,0.4711687099188566,0.5926697073771826,0.06829373238807857,1.4713359782224644,0.28619145332515206,14.946817530757617,0.7181683999999999,1795421,ok,right
4,165,0,3,0.038400000000000004,0.5,5.0,10.0,0.0716884445399046,-1.70803727281022,2.5215668665241795,1.0727879360324117,0.010689539080739385,-60.95707598109471,0.7180603999999999,1795151,ok,right
4,553,0,3,0.038400000000000004,0.5,5.0,10.0,-0.04798232037574053,0.351854610532123,2.1725242549040957,0.9529829064850529,-0.041274385779578676,82.65589066698615,0.7209192,1802298,ok,right
4,751,0,3,0.038400000000000004,0.5,5.0,10.0,0.06412615794688463,1.5788547447176602,2.0883313269478467,1.0646152201093475,-0.15797489095037856,-19.086745630108265,0.7226148,1806537,ok,right
4,778,0,3,0.038400000000000004,0.5,5.0,10.0,0.601334178633988,0.3222720709372878,2.4568752012509405,1.6014608210706511,0.37849104292454033,-30.696144044887358,0.7201951999999999,1800488,ok,right
4,52,0,3,0.038400000000000004,0.5,5.0,10.0,0.6469851478934289,-0.03394605330911481,1.4556053657947194,1.6471049311596737,0.09617319381707959,34.09639115916016,0.727668,1819170,ok,right
4,115,0,3,0.038400000000000004,0.5,5.0,10.0,-0.08632305320352317,-0.031224606652779062,0.3033445969372019,0.9140929573209098,-0.03541596796836242,-59.40072895332734,0.7277456,1819364,ok,right
4,468,0,3,0.038400000000000004,0.5,5.0,10.0,0.14748255498707294,-1.3626186290767417,1.4211321898714273,1.1479518845581191,0.46446954311231736,-15.811384305258507,0.7265708,1816427,ok,right
4,969,0,3,0.038400000000000004,0.5,5.0,10.0,0.5349972136318684,0.8760202557571651,5.623793860444809,1.53545623987262,-0.26471327334034167,38.63538326988892,0.7277876,1819469,ok,right
4,421,0,3,0.038400000000000004,0.5,5.0,10.0,0.1781486677005887,-0.05470709094330879,3.359544839464603,1.1784695156735796,0.1747393543483617,-9.843989871625745,0.7306144,1826536,ok,right
4,787,0,3,0.038400000000000004,0.5,5.0,10.0,0.47376951500773434,0.8371366986661449,6.139640272775584,1.474067474258073,0.5620837323444955,-37.41501395610895,0.7297239999999999,1824310,ok,right
4,888,0,3,0.038400000000000004,0.5,5.0,10.0,-0.03604978881776333,-0.529725940724657,2.5448471040795186,0.9652278775953699,0.045867162082497394,15.429358201817998,0.7315419999999999,1828855,ok,right
4,535,0,3,0.038400000000000004,0.5,5.0,10.0,0.2877510624006391,-1.4227971083408524,4.60862725559522,1.2885747202061608,0.10921552288113066,73.80557026708463,0.7337728,1834432,ok,right
4,669,0,3,0.038400000000000004,0.5,5.0,10.0,0.08513344991952182,-0.16538082614427607,4.268813079393656,1.0853478931582867,0.15654060550579524,-46.56594179179393,0.7356292,1839073,ok,right
4,97,0,3,0.038400000000000004,0.5,5.0,10.0,0.5834646120667458,-0.47143294123500573,1.7032729698245417,1.583888029844036,-0.33015648728990216,-87.71944168216922,0.7382344,1845586,ok,right
4,338,0,3,0.038400000000000004,0.5,5.0,10.0,0.3039689961820841,1.6024431036589617,3.811054709885881,1.3050565096604974,0.10220269310688063,5.807981543497723,0.7381964,1845491,ok,right
4,447,0,3,0.038400000000000004,0.5,5.0,10.0,0.25466463137418033,-0.9019166159668073,4.451287270896166,1.2548551554386744,-0.020773049036548245,37.873063308796695,0.7378556,1844639,ok,right
4,811,0,3,0.038400000000000004,0.5,5.0,10.0,0.09102348610758781,1.8193662687293564,5.436900562080188,1.0911122287403359,-0.007896206836965868,32.16271161402903,0.7362168,1840542,ok,right
4,950,0,3,0.038400000000000004,0.5,5.0,10.0,0.5470325579866767,0.17581434667459692,0.8709580756540803,1.5472870129696632,-0.1911925978316843,6.212626489014583,0.739636,1849090,ok,right
4,369,0,3,0.038400000000000004,0.5,5.0,10.0,0.3600515402853489,-0.08716088310288968,0.08575798990164675,1.360761899626552,-0.42364661159995587,15.229457848838747,0.7423076,1855769,ok,right
4,139,0,3,0.038400000000000004,0.5,5.0,10.0,0.48495893944054846,0.03900475209535375,5.945861825079715,1.4849935241125292,-0.012123338812796666,12.83292589252513,0.7446387999999999,1861597,ok,right
4,312,0,3,0.038400000000000004,0.5,5.0,10.0,0.12177764102816582,-0.5881323652078178,0.4781921751720857,1.1218003851575458,0.10168598279295993,-21.91957921326147,0.7457516,1864379,ok,right
4,551,0,3,0.038400000000000004,0.5,5.0,10.0,-0.062356709316372876,0.39682763564966606,1.563921018513567,0.9381300626275281,-0.034154103568969016,-43.950361215723944,0.747562,1868905,ok,right
4,273,0,3,0.038400000000000004,0.5,5.0,10.0,0.046757133305072786,-0.3518099963288847,4.288877773271551,1.0468249562159768,-0.1600400252983818,-37.36103237495158,0.7499528,1874882,ok,right
4,626,0,3,0.038400000000000004,0.5,5.0,10.0,0.10838425960391761,-0.5033046440089919,5.133102473704676,1.1093618526701368,-0.2545186481137777,104.71609542309812,0.7507008,1876752,ok,right
4,387,0,3,0.038400000000000004,0.5,5.0,10.0,0.20412392150610686,0.5203552555512101,4.716435334257285,1.2042531809406098,0.1726674686262174,-28.259469419095,0.7550547999999999,1887637,ok,right
4,664,0,3,0.038400000000000004,0.5,5.0,10.0,-0.07057391032576561,-0.02989816033193378,5.815028153160697,0.9305338306572364,0.013788712230935373,47.78476692568143,0.7543556,1885889,ok,right
4,683,0,3,0.038400000000000004,0.5,5.0,10.0,0.27429401185363533,-0.5149948270703383,3.3433598072587607,1.2760786579336272,0.4561759678744086,81.43029606849751,0.7579667999999999,1894917,ok,right
4,735,0,3,0.038400000000000004,0.5,5.0,10.0,0.14010193515568972,0.7209473299245369,1.3910826046541582,1.1405633830915087,-0.0750859384802097,-34.40702239372232,0.7569564,1892391,ok,right
4,974,0,3,0.038400000000000004,0.5,5.0,10.0,0.3000726088881493,-0.9962331264336775,4.447446995367562,1.3003452167505292,0.036741647417654004,-11.888652627782463,0.7589543999999999,1897386,ok,right
4,197,0,3,0.038400000000000004,0.5,5.0,10.0,0.613121285662055,0.5901661183446967,5.342871356243484,1.613669118729668,0.524521070483055,43.65022225273182,0.7634204,1908551,ok,right
4,205,0,3,0.038400000000000004,0.5,5.0,10.0,0.14516353141516447,0.44141967703925683,2.1544837759028757,1.1455314387389677,0.08705578826095303,-48.77409840805577,0.7614052,1903513,ok,right
4,957,0,3,0.038400000000000004,0.5,5.0,10.0,0.6467815650627018,-0.2187641677935704,6.260468541780838,1.6473222463955348,-0.131579800076872,63.22268767365726,0.7653519999999999,1913380,ok,right
4,963,0,3,0.038400000000000004,0.5,5.0,10.0,0.08167948573827744,-1.669013054131591,5.7217535950781,1.0819445679812314,-0.048271964503066006,81.81940780761067,0.7664519999999999,1916130,ok,right
4,988,0,3,0.038400000000000004,0.5,5.0,10.0,0.3123786006122828,-1.5312676219543389,5.90006834767757,1.312606138032222,0.019747733239479003,12.200127473584676,0.7674715999999999,1918679,ok,right
4,195,0,3,0.038400000000000004,0.5,5.0,10.0,-0.036149813607335095,-0.27899962874851225,0.1870867034492899,0.9649293795850771,-0.08098683360576972,-50.477763586156996,0.7793148,1948287,ok,right
4,215,0,3,0.038400000000000004,0.5,5.0,10.0,0.34799128361046316,-0.8023752006486966,1.508080705431818,1.3498177816604244,-0.3966851317379587,16.29742134696784,0.7769212,1942303,ok,right
4,417,0,3,0.038400000000000004,0.5,5.0,10.0,0.25171023290604355,-1.5886888174641254,5.138950131774536,1.2525954279110891,0.16529300100186511,-3.5423869425207553,0.7819611999999999,1954903,ok,right
4,516,0,3,0.038400000000000004,0.5,5.0,10.0,0.43791351020336156,0.36088218619632806,0.1808644535018898,1.4380526550041552,0.5157475008983048,44.08529642859096,0.782032,1955080,ok,right
4,638,0,3,0.038400000000000004,0.5,5.0,10.0,0.06940760631114244,0.7473447059539083,5.6287400376729435,1.0699263646920385,0.1890444633203551,-18.57863474642623,0.7872439999999999,1968110,ok,right
4,415,0,3,0.038400000000000004,0.5,5.0,10.0,0.4177344642579556,-0.3335721026234127,0.8680710287684178,1.4177950090853098,-0.1496930951266878,50.80313487090404,0.79064,1976600,ok,right
4,528,0,3,0.038400000000000004,0.5,5.0,10.0,0.11020766329020262,1.5146242165788495,0.11628760681702,1.1119279855662805,0.041268278785529716,-18.248080832483527,0.7902532,1975633,ok,right
4,657,0,3,0.038400000000000004,0.5,5.0,10.0,0.4576326282694936,0.679246765562576,2.8679770726311506,1.4582036951068706,0.1336098396612428,-28.453729845955674,0.7912899999999999,1978225,ok,right
4,81,0,3,0.038400000000000004,0.5,5.0,10.0,0.45143372956663375,1.2037824679573732,0.1038084299120688,1.4518130637092024,0.21927036813048106,47.83785453713823,0.7931547999999999,1982887,ok,right
4,431,0,3,0.038400000000000004,0.5,5.0,10.0,0.5916481342166663,-0.6705138833830104,3.0245672064844777,1.5921943344205962,-0.39773068915764176,-75.81914739040562,0.7959828,1989957,ok,right
4,452,0,3,0.038400000000000004,0.5,5.0,10.0,0.29518653228878977,-0.38771330547819194,1.1554058876586255,1.2969497948631763,0.2655348111026373,-10.184923954720153,0.7956483999999999,1989121,ok,right
4,851,0,3,0.038400000000000004,0.5,5.0,10.0,0.2463521970435977,-0.758707993531423,0.19811636260458004,1.2473660434345206,-0.03973245848629575,31.448218126239563,0.7997567999999999,1999392,ok,right
4,196,0,3,0.038400000000000004,0.5,5.0,10.0,0.5501148644834757,-0.8138587915256444,6.130116613174078,1.5511665035549531,-0.25014853320751806,44.411313491670505,0.8006979999999999,2001745,ok,right
4,391,0,3,0.038400000000000004,0.5,5.0,10.0,0.6183752316981554,-0.2003330395653586,2.4458676219182207,1.6190024008432153,-0.264468511604092,41.24613109820646,0.8036812,2009203,ok,right
4,889,0,3,0.038400000000000004,0.5,5.0,10.0,0.3853920724242926,-1.1021351435024591,4.369366156701508,1.3861122293566766,0.19106449064807254,43.65822368762815,0.8036104,2009026,ok,right
4,108,0,3,0.038400000000000004,0.5,5.0,10.0,0.03584656435996294,0.8066938169617207,2.785956093796729,1.0363321491691424,0.1534109824362824,97.52838691173956,0.8047472,2011868,ok,right
4,362,0,3,0.038400000000000004,0.5,5.0,10.0,0.16698166728019714,-1.548154855527138,5.076526421084994,1.1674816773692933,0.07885864908676346,-36.428429190264474,0.8045287999999999,2011322,ok,right
4,473,0,3,0.038400000000000004,0.5,5.0,10.0,0.2209727019071579,-0.7100614269577366,1.8066088523274,1.2211356378297316,0.10673807369859631,12.889913728938845,0.8115584,2028896,ok,right
4,881,0,3,0.038400000000000004,0.5,5.0,10.0,0.42712430953979497,0.5732886045992901,4.160543120921014,1.427874201408756,-0.4299900658608643,16.19975710465636,0.8110847999999999,2027712,ok,right
4,574,0,3,0.038400000000000004,0.5,5.0,10.0,0.101423529535532,-0.09623133378683245,5.353795806719267,1.1015098634335494,0.09644314483323006,21.18545315317614,0.813168,2032920,ok,right
4,566,0,3,0.038400000000000004,0.5,5.0,10.0,0.6520997056737543,0.4839571413714154,0.8821220482440641,1.6523341176028976,0.025494259925976013,5.355120518976608,0.8195256,2048814,ok,right
4,866,0,3,0.038400000000000004,0.5,5.0,10.0,0.6943534627556801,-0.19579881188557796,2.2704326835374293,1.6955052150321333,0.25675344132561867,-16.606776299123748,0.8167443999999999,2041861,ok,right
4,71,0,3,0.038400000000000004,0.5,5.0,10.0,0.5606143288314342,-0.03701655745400339,5.298458339543068,1.5606942426700874,0.2045327330037645,-7.015721697610326,0.8228624,2057156,ok,right
4,118,0,3,0.038400000000000004,0.5,5.0,10.0,0.670833851210773,-0.19636444784482435,3.5478836501091835,1.670992275767874,-0.3866366419376046,-118.2388934209247,0.8248116,2062029,ok,right
4,176,0,3,0.038400000000000004,0.5,5.0,10.0,-0.029020510613918304,0.5629798259719565,1.7850407248540325,0.9711674737548796,0.03289427837715134,-11.556864279488675,0.8244007999999999,2061002,ok,right
4,496,0,3,0.038400000000000004,0.5,5.0,10.0,0.30601138677448037,-1.719507235167991,0.5432858254639001,1.306099787553867,0.21359658054089017,56.74727628693631,0.8244975999999999,2061244,ok,right
4,819,0,3,0.038400000000000004,0.5,5.0,10.0,0.5448102731257677,-0.10188226024662594,2.7523115000443528,1.5461590009111101,-0.7535748712578412,-19.562357206960307,0.82773,2069325,ok,right
4,256,0,3,0.038400000000000004,0.5,5.0,10.0,0.5104416346177459,-0.8377310656764871,0.9406218600817542,1.510495764787688,-0.26248311386175305,65.41709941871514,0.8282752,2070688,ok,right
4,9,0,3,0.038400000000000004,0.5,5.0,10.0,-0.04022128209471703,0.45253549935272563,4.453707525492342,0.9605365494652405,-0.1472882653965521,-81.27784819941417,0.8388664,2097166,ok,right
4,756,0,3,0.038400000000000004,0.5,5.0,10.0,0.2685382625088096,1.555955568818005,2.0643646677488627,1.269119192272482,0.23046374395114713,2.2235457503767946,0.8387047999999999,2096762,ok,right
4,60,0,3,0.038400000000000004,0.5,5.0,10.0,0.2760173471644521,0.3584851207214724,4.886890364907787,1.2764113997867976,-0.7211880236470035,25.589688099561265,0.8456431999999999,2114108,ok,right
4,90,0,3,0.038400000000000004,0.5,5.0,10.0,-0.01937441658228636,0.46649917852719947,1.4999941887559398,0.9808825399401264,0.03882905569658327,47.561347563501094,0.8453356,2113339,ok,right
4,374,0,3,0.038400000000000004,0.5,5.0,10.0,0.4123050086200237,0.9370875659228497,3.9168194123702693,1.41260587592672,-0.016619701615786915,13.25904949657583,0.8472048,2118012,ok,right
4,460,0,3,0.038400000000000004,0.5,5.0,10.0,0.4909236723557115,-0.7598619150443994,4.374312777193821,1.4916754815741302,0.1586067888045531,14.548875410449147,0.8448776,2112194,ok,right
4,534,0,3,0.038400000000000004,0.5,5.0,10.0,0.0215052941814065,0.32511377345518777,4.727579984625277,1.022020349387857,0.07279653339501821,-25.693598878031136,0.8457479999999999,2114370,ok,right
4,839,0,3,0.038400000000000004,0.5,5.0,10.0,0.6842717405408622,-0.2533574291822609,4.568168662995298,1.684411181173808,-0.26762845346794734,-42.96339448996755,0.8456271999999999,2114068,ok,right
4,934,0,3,0.038400000000000004,0.5,5.0,10.0,0.16699437629431488,0.28354802923497535,4.7358247217431,1.1670447332439249,-0.028689970896346905,25.38199341318107,0.8462567999999999,2115642,ok,right
4,752,0,3,0.038400000000000004,0.5,5.0,10.0,0.18869622610509396,-0.5644115504450974,3.923139935302562,1.1892351651867372,0.272642517364406,46.40721429286094,0.8507163999999999,2126791,ok,right
4,962,0,3,0.038400000000000004,0.5,5.0,10.0,0.5149781230837107,-0.42667444549552835,4.621603960698503,1.5157033965143598,0.3567353766194381,2.7605238217750783,0.849814,2124535,ok,right
4,253,0,3,0.038400000000000004,0.5,5.0,10.0,0.02520663719624281,1.2870323618549526,1.2576600548865577,1.0256858925857633,0.0949467132099382,59.93771240657287,0.8659924,2164981,ok,right
4,325,0,3,0.038400000000000004,0.5,5.0,10.0,0.23543267082422972,-0.2844944122583608,1.0423053093198484,1.235903945324287,-0.3569092545296908,70.2588860062953,0.865922,2164805,ok,right
4,801,0,3,0.038400000000000004,0.5,5.0,10.0,0.3774997334927321,0.007351394097848293,0.7861092483769919,1.378383795144697,-0.12386609477052893,21.880817029433754,0.8646804,2161701,ok,right
4,239,0,3,0.038400000000000004,0.5,5.0,10.0,0.23310588840395213,0.7277187768688408,3.4678976532285,1.2336082084235682,0.054269756781979775,-31.375353392060426,0.8706552,2176638,ok,right
4,426,0,3,0.038400000000000004,0.5,5.0,10.0,0.5449769167229533,0.35279175361088544,1.4410409132753832,1.545193728965435,0.10359771022358354,-41.16798886895871,0.8704176,2176044,ok,right
4,584,0,3,0.038400000000000004,0.5,5.0,10.0,0.32937481962144377,1.457311627816055,2.6633117275665925,1.3298470987783417,-0.041494622205936985,-46.39997448161185,0.8718224,2179556,ok,right
4,101,0,3,0.038400000000000004,0.5,5.0,10.0,0.5414737217128277,0.8579956913802314,1.7482728770741613,1.5417306924269556,-0.3749802753004921,-76.65458541497881,0.8753683999999999,2188421,ok,right
4,120,0,3,0.038400000000000004,0.5,5.0,10.0,0.015233168192207814,-1.0345436649248374,1.41162896577257,1.015448672456214,0.04589382391218028,95.44687856262664,0.8757988,2189497,ok,right
4,402,0,3,0.038400000000000004,0.5,5.0,10.0,0.45345688331872225,0.5565973722754521,2.0395691118515753,1.4544498121616865,-0.7422912820360521,-13.031638295074844,0.8740747999999999,2185187,ok,right
4,729,0,3,0.038400000000000004,0.5,5.0,10.0,0.0982324056327343,1.4511713946309555,3.9692242086346674,1.0983021206601322,0.08739137153698265,-3.279967455490444,0.8740095999999999,2185024,ok,right
4,920,0,3,0.038400000000000004,0.5,5.0,10.0,0.13203931599855423,0.6415101435885462,4.932146154084488,1.1337411755937803,0.16178516264223539,62.629320189325796,0.8720167999999999,2180042,ok,right
4,965,0,3,0.038400000000000004,0.5,5.0,10.0,0.4768595114350319,0.8708542772712857,4.271366313243237,1.477399446704196,-0.16003192507369493,-67.47677393109583,0.8798908,2199727,ok,right
4,999,0,3,0.038400000000000004,0.5,5.0,10.0,0.2932416306808591,1.73804860256416,2.537337413076459,1.2936424939895455,0.19535900214016816,-43.744237804947346,0.8797119999999999,2199280,ok,right
4,116,0,3,0.038400000000000004,0.5,5.0,10.0,0.5240706702694297,-0.8791505465021537,3.9549074574045124,1.5241698801840573,-0.4188611354083947,-54.04112251260598,0.8827455999999999,2206864,ok,right
4,479,0,3,0.038400000000000004,0.5,5.0,10.0,-0.08569524046033622,0.2417692499261148,0.744555369011123,0.914734241399019,0.015159946750026094,-56.44062720214323,0.8862011999999999,2215503,ok,right
4,630,0,3,0.038400000000000004,0.5,5.0,10.0,0.5992674710229039,0.1602358019693108,4.039637884869774,1.5995960734609382,-0.056511809134034766,-36.80776577891395,0.8862076,2215519,ok,right
4,733,0,3,0.038400000000000004,0.5,5.0,10.0,0.07558388356119394,1.1508439311379506,0.5790571144302396,1.0761790784398748,0.03123470176931762,-24.804699484084313,0.8870216,2217554,ok,right
4,410,0,3,0.038400000000000004,0.5,5.0,10.0,0.2598225586116314,1.8536605815650584,2.0243609548965082,1.260262704002267,-0.1592874319569431,49.13987477390637,0.8916968,2229242,ok,right
4,815,0,3,0.038400000000000004,0.5,5.0,10.0,0.5330373648554086,0.06431183609257682,2.316571081912631,1.5334160448328393,0.3077894656173956,-80.91621461390092,0.8895379999999999,2223845,ok,right
4,51,0,3,0.038400000000000004,0.5,5.0,10.0,0.46722822804003955,-0.1972045446456427,2.6958654920644087,1.4672728055300452,0.1862644881714643,-19.127000779082284,0.8942224,2235556,ok,right
4,153,0,3,0.038400000000000004,0.5,5.0,10.0,-0.07404833808541299,0.19127638761608617,3.352164408977192,0.9269134860688717,-0.035099997881602785,6.1177370155571085,0.8924776,2231194,ok,right
4,263,0,3,0.038400000000000004,0.5,5.0,10.0,0.11598417144268752,-0.3573857920767434,2.592159508842513,1.1165610964628203,0.09478399288007404,-5.764523496183349,0.8940695999999999,2235174,ok,right
4,686,0,3,0.038400000000000004,0.5,5.0,10.0,0.22088852152228355,1.9876907209834591,3.761774286781309,1.2219014751404274,-0.07345966870206433,-78.83980450763508,0.8947564,2236891,ok,right
4,593,0,3,0.038400000000000004,0.5,5.0,10.0,0.5495477164164185,0.8368624434193893,3.335365129654063,1.5514924896542466,-0.01683556905178934,-73.16399326749274,0.8990984,2247746,ok,right
4,111,0,3,0.038400000000000004,0.5,5.0,10.0,0.037807516194880014,0.20699597801491576,5.594136556710495,1.0396278008689774,-0.05375120717610519,31.522382067791753,0.9004023999999999,2251006,ok,right
4,748,0,3,0.038400000000000004,0.5,5.0,10.0,0.1767918447032571,0.7925635874764057,2.057486613570298,1.177138795570381,0.033430819766830606,14.912028295579757,0.902338,2255845,ok,right
4,137,0,3,0.038400000000000004,0.5,5.0,10.0,0.1792173406109214,0.8816730525684475,2.02252835010402,1.179521347721564,-0.18209008938525378,46.59273615416423,0.9087276,2271819,ok,right
4,278,0,3,0.038400000000000004,0.5,5.0,10.0,0.1419614516198635,-1.5397055031254196,0.6371075719619477,1.142370266404681,-0.02884880628271822,96.68546620520507,0.9105631999999999,2276408,ok,right
4,356,0,3,0.038400000000000004,0.5,5.0,10.0,0.13433242142200472,1.288637859840789,5.008413266915865,1.1343972329009755,-0.055403827789047934,53.74094053711687,0.9103859999999999,2275965,ok,right
4,286,0,3,0.038400000000000004,0.5,5.0,10.0,0.526209499500692,0.6289540500319756,6.148886001348719,1.5262168642476828,0.13336696515246216,15.431994240956845,0.9123203999999999,2280801,ok,right
4,145,0,3,0.038400000000000004,0.5,5.0,10.0,0.6376758398488165,-0.503407040107528,3.254928731018053,1.6377463178938014,-0.4671263098570121,-5.206386851070309,0.9179124,2294781,ok,right
4,540,0,3,0.038400000000000004,0.5,5.0,10.0,0.5649752741679549,-0.009265423701065282,6.04247802891527,1.5656121808566192,0.43412692235654526,-36.815774044034,0.9221248,2305312,ok,right
4,618,0,3,0.038400000000000004,0.5,5.0,10.0,-0.08805008325725794,-0.2064404894958627,5.33786515256072,0.912125829921035,-0.0047388536022319,-67.80553148099594,0.9277932,2319483,ok,right
4,317,0,3,0.038400000000000004,0.5,5.0,10.0,0.35250980872660875,0.9646774158511416,6.026681638452202,1.352951501429234,-0.08867138465371886,53.33320584579927,0.9303811999999999,2325953,ok,right
4,339,0,3,0.038400000000000004,0.5,5.0,10.0,-0.06500709038227796,0.44880765749375096,4.8021540623635195,0.9355966760727994,-0.006420055675840259,20.730124202972934,0.9287411999999999,2321853,ok,right
4,561,0,3,0.038400000000000004,0.5,5.0,10.0,0.09786859843879939,-0.11442352648153532,4.529429695487521,1.0982603024836999,-0.012140425139818296,78.28714661426027,0.9316255999999999,2329064,ok,right
4,841,0,3,0.038400000000000004,0.5,5.0,10.0,0.24433103576302528,-1.3217767363869954,1.3524565905141996,1.2456465449497098,0.2916469512226602,-81.7515278694894,0.9302364,2325591,ok,right
4,180,0,3,0.038400000000000004,0.5,5.0,10.0,0.5968754831701517,-0.6143945168004604,3.005866268246765,1.596913266197187,-0.26184297985318844,95.55703723352981,0.935596,2338990,ok,right
4,379,0,3,0.038400000000000004,0.5,5.0,10.0,0.10700113866478206,-1.2863354437389611,0.19815643339368924,1.1075570524887428,-0.23856118972338627,-0.7618478554067619,0.9341396,2335349,ok,right
4,40,0,3,0.038400000000000004,0.5,5.0,10.0,0.07226548735052347,0.1841511628757664,0.618044188455506,1.0723895901811127,0.021279322393492634,13.742183295495204,0.9387255999999999,2346814,ok,right
4,225,0,3,0.038400000000000004,0.5,5.0,10.0,0.4573642494156957,0.733790851127849,2.1890492839007405,1.4575372376677351,-0.3278475000352259,-4.305088967590491,0.9369268,2342317,ok,right
4,259,0,3,0.038400000000000004,0.5,5.0,10.0,0.4689990229904652,-0.4355203357464045,3.799517633206043,1.4697745631688501,-0.12172111136804867,-6.033345870408721,0.93765,2344125,ok,right
4,710,0,3,0.038400000000000004,0.5,5.0,10.0,0.08515153359621763,1.4479339895620935,1.6382436630586077,1.0854893156060355,0.10338470946035429,-4.865007850728063,0.9475163999999999,2368791,ok,right
4,162,0,3,0.038400000000000004,0.5,5.0,10.0,0.39847398903220893,-1.399786135632795,4.8983024425523425,1.3998846009867147,-0.12281768131193388,90.95681501426972,0.9495216,2373804,ok,right
4,388,0,3,0.038400000000000004,0.5,5.0,10.0,-0.07199954632669688,-0.3656037969469813,3.091034842602603,0.928089735649112,0.0015942467479112695,50.32888244081501,0.9482932,2370733,ok,right
4,543,0,3,0.038400000000000004,0.5,5.0,10.0,0.21928738597780467,-0.27477746019491917,1.5189063606609543,1.219662909001788,-0.11432750315747364,-34.71813406170401,0.9517688,2379422,ok,right
4,741,0,3,0.038400000000000004,0.5,5.0,10.0,0.43136675320565704,0.8644732369583814,1.2249095396104248,1.4318868975050998,0.14853317614377298,50.35462986698132,0.9494583999999999,2373646,ok,right
4,958,0,3,0.038400000000000004,0.5,5.0,10.0,0.3945779712870717,-1.236605101157076,3.970993432501371,1.3947084890562966,0.20152033381893047,-37.76050811564245,0.9513111999999999,2378278,ok,right
4,320,0,3,0.038400000000000004,0.5,5.0,10.0,-0.09316156301647426,-0.192619101061173,3.1711820398893584,0.9074151222639273,0.009792495022254273,-120.12419913885857,0.9529143999999999,2382286,ok,right
4,370,0,3,0.038400000000000004,0.5,5.0,10.0,0.08204894121736289,0.14666493893646657,5.858102629076944,1.0828856139405052,-0.21300281045178607,-94.38560718563848,0.952654,2381635,ok,right
4,404,0,3,0.038400000000000004,0.5,5.0,10.0,0.15693393535912037,-1.5355420676992453,1.5423862046107006,1.1575248054386273,0.014513080593950714,40.722752494401405,0.95554,2388850,ok,right
4,483,0,3,0.038400000000000004,0.5,5.0,10.0,0.20908087454736235,-1.9796350389052788,3.318403722434799,1.209160555406617,0.43267398364208465,-40.879149339156264,0.9530584,2382646,ok,right
4,952,0,3,0.038400000000000004,0.5,5.0,10.0,0.37512630596756935,1.1469540104057812,3.7087958291358976,1.3754795199288843,-0.21594640440213334,-24.044090485135687,0.9573056,2393264,ok,right
4,233,0,3,0.038400000000000004,0.5,5.0,10.0,0.46993372142314915,0.9287218749107059,4.627795449867451,1.470149320465284,0.09680353306587548,-63.69673110845891,0.9627996,2406999,ok,right
4,772,0,3,0.038400000000000004,0.5,5.0,10.0,0.23208976052701474,0.5581662094463493,1.007401836524393,1.2322776581547212,-0.16349229530725085,25.945206561021813,0.9619475999999999,2404869,ok,right
4,309,0,3,0.038400000000000004,0.5,5.0,10.0,0.16567738093435766,1.4623327153232561,0.7792863242662447,1.1659141999300782,0.12021144197701894,97.02959996517033,0.9666591999999999,2416648,ok,right
4,343,0,3,0.038400000000000004,0.5,5.0,10.0,0.33268892355263235,-0.42235160189525167,0.11130248524669678,1.3338795042693294,-0.10123659877379271,-75.64956584005044,0.9665039999999999,2416260,ok,right
4,538,0,3,0.038400000000000004,0.5,5.0,10.0,0.3320618994534016,0.6277547292617648,5.5872219237282765,1.3323164943096577,-0.1958384384086694,-47.348470673087874,0.9640668,2410167,ok,right
4,252,0,3,0.038400000000000004,0.5,5.0,10.0,0.6926382772624493,-0.08624166793210203,2.1240946137522925,1.6928251234103862,-0.23709016444103476,63.32860866075558,0.9693128,2423282,ok,right
4,429,0,3,0.038400000000000004,0.5,5.0,10.0,0.38941663913428787,-0.9926158783769993,4.144752089126871,1.3905949399403794,-0.4103334736787127,-32.900179642887124,0.9707283999999999,2426821,ok,right
4,730,0,3,0.038400000000000004,0.5,5.0,10.0,0.2825992437079549,1.3120333852790398,2.2065076400027768,1.2830565389334059,-0.030856999275345222,-47.93484435871263,0.97168,2429200,ok,right
4,169,0,3,0.038400000000000004,0.5,5.0,10.0,0.6170576937496662,0.3525589457782818,0.1840047315070735,1.6174388020063566,-0.12015933436445815,-72.77384415481436,0.9743959999999999,2435990,ok,right
4,911,0,3,0.038400000000000004,0.5,5.0,10.0,0.18262776546180248,-1.4713472248741348,5.342573577805531,1.1829182475684037,0.06515363299257727,-49.13317343248409,0.9741188,2435297,ok,right
4,335,0,3,0.038400000000000004,0.5,5.0,10.0,-0.09534703101962805,0.15058442023517948,0.09406803753420068,0.9055607854868201,0.08373367889529684,-71.74124610118889,0.9761639999999999,2440410,ok,right
4,345,0,3,0.038400000000000004,0.5,5.0,10.0,0.13023976739495993,-1.8985967716303849,2.2483420207440825,1.1303521907261733,0.19447107323514304,56.075821198419085,0.9786708,2446677,ok,right
4,378,0,3,0.038400000000000004,0.5,5.0,10.0,0.43419150095433,-0.5420356126547742,2.7436236742986813,1.434905653372905,-0.08689595111120998,-54.564331243484695,0.9789884,2447471,ok,right
4,912,0,3,0.038400000000000004,0.5,5.0,10.0,0.3192715056240559,-0.4182973589779491,0.6314543678890209,1.3200198611582927,0.015235515619862413,62.99835314542901,0.9792415999999999,2448104,ok,right
4,117,0,3,0.038400000000000004,0.5,5.0,10.0,0.15573800429701806,-0.8988124959822069,5.846009353869205,1.156636344662038,-0.14928899786301594,-6.61741009443638,0.9845472,2461368,ok,right
4,773,0,3,0.038400000000000004,0.5,5.0,10.0,0.45714188646525145,-0.8806371852628228,3.7301711001188753,1.4571464982582683,0.3261768270184134,31.725953865459598,0.9858216,2464554,ok,right
4,834,0,3,0.038400000000000004,0.5,5.0,10.0,0.5008402451872825,-0.9472988208589607,5.9544667223882275,1.501989770779242,0.1641339342467939,-46.22977067368223,0.9840291999999999,2460073,ok,right
4,331,0,3,0.038400000000000004,0.5,5.0,10.0,0.6575134586542846,0.42752040154784204,0.4483788365954374,1.6576617038863046,0.15889096658803065,54.03417954918864,0.990672,2476680,ok,right
4,883,0,3,0.038400000000000004,0.5,5.0,10.0,0.09215272907167674,-0.20436020811765135,4.472747402831086,1.0924110143069603,0.04683777302040442,18.530206980735535,0.9892192,2473048,ok,right
4,138,0,3,0.038400000000000004,0.5,5.0,10.0,-0.00995473600924015,-0.00363153667496258,1.5702409226315124,0.9902183228246701,0.027163886369589035,19.37536259549036,0.9943652,2485913,ok,right
4,281,0,3,0.038400000000000004,0.5,5.0,10.0,0.23196187578141692,-1.1329020478986542,5.046545857805623,1.2323549592199743,-0.4286189126385932,-62.02101951619332,0.993054,2482635,ok,right
4,774,0,3,0.038400000000000004,0.5,5.0,10.0,0.2583446515724063,-0.7159707075260151,1.9424820297963379,1.258800728330307,-0.1006254199333769,-78.99263490895498,0.992698,2481745,ok,right
4,103,0,3,0.038400000000000004,0.5,5.0,10.0,0.6262934168800712,-0.4162244904993786,2.184300477728188,1.6264652955976324,-0.06337632067106831,70.32445041213848,0.9988408,2497102,ok,right
4,135,0,3,0.038400000000000004,0.5,5.0,10.0,0.10852274261415006,1.2294598332780942,0.6945004141699094,1.108680496451499,0.060424421179078695,-47.41527764821135,1.0015736,2503934,ok,right
4,661,0,3,0.038400000000000004,0.5,5.0,10.0,0.16270269732922316,0.7490899734740248,5.880222550231876,1.1627466302105711,-0.2315184939168183,40.38755957113488,1.0030176,2507544,ok,right
4,122,0,3,0.038400000000000004,0.5,5.0,10.0,-0.08278414998203516,-0.29112192427269995,5.634447102000795,0.918222427961514,0.043979229852087784,-49.85151854584672,1.0049184,2512296,ok,right
4,776,0,3,0.038400000000000004,0.5,5.0,10.0,0.46537580825388436,0.7896520659505616,5.273878129575804,1.4660931524842211,0.022743201866222865,116.16440829875246,1.00722,2518050,ok,right
4,989,0,3,0.038400000000000004,0.5,5.0,10.0,-0.014192702434957028,0.31792286187290275,0.49911564731297087,0.9869015324746293,-0.08852246830414016,-62.87252912264444,1.0075956,2518989,ok,right
4,650,0,3,0.038400000000000004,0.5,5.0,10.0,0.025855054520070555,-1.0938181732541097,4.172808828819839,1.0264373769274622,0.06471322895253162,40.12454697592251,1.0086996,2521749,ok,right
4,767,0,3,0.038400000000000004,0.5,5.0,10.0,0.23229655101895333,0.7656474715977802,3.0134024497704033,1.2324132691471827,-0.2323321053963711,107.750892907835,1.0110568,2527642,ok,right
4,464,0,3,0.038400000000000004,0.5,5.0,10.0,0.40283358823508025,-0.5515834959433216,0.8035552603762754,1.4028465136249468,-0.06585601949233741,18.58655681525302,1.0123655999999999,2530914,ok,right
4,673,0,3,0.038400000000000004,0.5,5.0,10.0,0.08839157354086638,-0.9525874792865743,6.222116513179191,1.0891522046501905,0.07094945286476564,60.89018877063325,1.0187612,2546903,ok,right
4,674,0,3,0.038400000000000004,0.5,5.0,10.0,-0.07401360329240561,0.011918549548762286,5.68726656385768,2.669979112160942,0.2505138050988848,12.224503260789199,1.0225616,2556404,ok,right
4,877,0,3,0.038400000000000004,0.5,5.0,10.0,0.5003965394571424,1.0305711087979676,1.9762459625539484,1.5006999434457706,0.08088856000994477,-12.07864753584844,1.0236328,2559082,ok,right
4,745,0,3,0.038400000000000004,0.5,5.0,10.0,-0.06903770342469216,-0.3254980626584371,3.5038417245233453,0.931095415850753,-0.012422982848606469,5.280612102967119,1.0298388,2574597,ok,right
4,605,0,3,0.038400000000000004,0.5,5.0,10.0,0.35533651839941743,1.236134832320221,6.058351045564412,1.3553445149143875,0.07037568854436975,4.767739215860776,1.0363339999999999,2590835,ok,right
4,672,0,3,0.038400000000000004,0.5,5.0,10.0,0.5711295301094651,-0.6257454368864291,6.205628234147616,1.571615600781034,-0.7158221341169494,12.622394170358175,1.038948,2597370,ok,right
4,450,0,3,0.038400000000000004,0.5,5.0,10.0,0.11910968329757453,-1.8233483642432016,2.768101946671265,1.1194200836040258,0.05767504020566419,50.3782743514117,1.0403392,2600848,ok,right
4,837,0,3,0.038400000000000004,0.5,5.0,10.0,-0.09804698545485735,-0.015005015845181768,3.8629036411677,0.9023993212555419,-0.04388508205583288,-5.970398300899998,1.0413,2603250,ok,right
4,22,0,3,0.038400000000000004,0.5,5.0,10.0,0.03012078292667866,-0.27438510039086533,0.08454143161568242,1.0308504862269716,0.03258851278110562,28.40811766108456,1.0580007999999999,2645002,ok,right
4,619,0,3,0.038400000000000004,0.5,5.0,10.0,0.13633440509438516,1.2718739613293637,2.3022348460765785,1.1367239060252203,0.35115869893627083,29.16352766478038,1.0577712,2644428,ok,right
4,871,0,3,0.038400000000000004,0.5,5.0,10.0,0.16877019181847575,0.9710712494315838,2.518804553885628,1.1694622297539596,0.09154728650745605,66.18091661306536,1.0562167999999998,2640542,ok,right
4,191,0,3,0.038400000000000004,0.5,5.0,10.0,0.07039643842726946,0.7598858300907708,3.962998819265069,1.0708889560291481,-0.009159900017436787,28.725794372415262,1.0625723999999999,2656431,ok,right
4,377,0,3,0.038400000000000004,0.5,5.0,10.0,0.22666652575135232,-0.8848811370406894,5.9845980086543875,1.2270842996399982,0.0971998412547952,90.53651545845952,1.0622604,2655651,ok,right
4,753,0,3,0.038400000000000004,0.5,5.0,10.0,0.1636361224576831,-1.8020260027095403,1.6810211768451904,1.164292143829837,-0.11139416322589704,164.10616970195338,1.0626664,2656666,ok,right
4,340,0,3,0.038400000000000004,0.5,5.0,10.0,0.39691347908228636,0.5318667935057604,3.7452225726959805,1.39781002441885,0.34741595842169626,23.887583894960663,1.0674308,2668577,ok,right
4,923,0,3,0.038400000000000004,0.5,5.0,10.0,0.1745283043012023,-1.3880666433828632,5.1687877913642515,1.174633802332492,0.2651060783059883,-94.06562376349926,1.0677184,2669296,ok,right
4,932,0,3,0.038400000000000004,0.5,5.0,10.0,0.269499085098505,1.9338786890661948,5.107492729287455,1.2695602429909385,0.03767544228651465,-47.75311254851403,1.0658968,2664742,ok,right
4,55,0,3,0.038400000000000004,0.5,5.0,10.0,0.5125564781948925,0.9817726571704796,0.554993592499391,1.5126074288630913,0.5510781855316768,34.35900497603543,1.0754412,2688603,ok,right
4,506,0,3,0.038400000000000004,0.5,5.0,10.0,0.5180620038881898,-0.6309965945719967,5.6709662580959455,1.519049617786008,-0.18913540923275493,-37.628822949278465,1.077376,2693440,ok,right
4,524,0,3,0.038400000000000004,0.5,5.0,10.0,0.31410653628408913,1.7646777481113751,3.3475924681375044,1.314154633463533,0.10296152202115787,-154.73154361622758,1.0762091999999999,2690523,ok,right
4,858,0,3,0.038400000000000004,0.5,5.0,10.0,0.5278559867292643,-0.12458176249389205,2.277989506835166,1.5279837696642464,-0.34386334919178857,57.274718251736545,1.076398,2690995,ok,right
4,702,0,3,0.038400000000000004,0.5,5.0,10.0,0.5631630850955844,0.8019132090405787,2.9537491709147536,1.564528258971916,0.5239420856763171,111.10896831569406,1.083512,2708780,ok,right
4,174,0,3,0.038400000000000004,0.5,5.0,10.0,0.4257163926959038,0.8889409864625735,1.2026972000687532,1.4258807441103987,0.500379657685583,12.673415146972635,1.0895911999999999,2723978,ok,right
4,738,0,3,0.038400000000000004,0.5,5.0,10.0,0.15737640522420407,1.1209563636075641,5.390972145114413,1.1574492970093442,-0.05860990983818055,69.4525393465934,1.0948423999999999,2737106,ok,right
4,792,0,3,0.038400000000000004,0.5,5.0,10.0,-0.07425238713622094,-0.02472195500404035,0.8363620321671467,0.9262850087450863,0.02539862033453654,-67.65798077876327,1.0924444,2731111,ok,right
4,921,0,3,0.038400000000000004,0.5,5.0,10.0,0.19076308831572533,1.0589806196120959,5.169681179343161,1.1909287707707672,-0.22665406573107796,-76.76217293282448,1.09409,2735225,ok,right
4,3,0,3,0.038400000000000004,0.5,5.0,10.0,-0.017259950749576092,-0.752926947575268,1.6662644734835492,0.9831606007247963,-0.0015762540069704212,46.122461150940744,1.0970568,2742642,ok,right
4,107,0,3,0.038400000000000004,0.5,5.0,10.0,0.5092117089778185,0.8062274987657103,5.444782336056282,1.5101040047322616,-0.06077180426105453,44.54850635415878,1.0982152,2745538,ok,right
4,348,0,3,0.038400000000000004,0.5,5.0,10.0,0.3186580564826727,-0.8925418224687426,3.9139930122165008,1.3188430214413653,-0.1020790678623337,-59.46380992444819,1.1009604,2752401,ok,right
4,580,0,3,0.038400000000000004,0.5,5.0,10.0,0.4563132464885712,-0.9863000752742079,4.614331486250751,1.45647746937966,-0.16607388938768003,-48.535043035283906,1.1022292,2755573,ok,right
4,951,0,3,0.038400000000000004,0.5,5.0,10.0,0.4971766648814082,-0.013849527467146988,1.5915311717415592,1.4972215668847666,-0.7337205779598134,-6.97556949847851,1.1032047999999999,2758012,ok,right
4,4,0,3,0.038400000000000004,0.5,5.0,10.0,0.6529660550877452,-0.2923425743074845,4.854409128962505,2.8316764996817456,-0.0026840249843141095,-14.713877865056734,1.1073355999999999,2768339,ok,right
4,92,0,3,0.038400000000000004,0.5,5.0,10.0,0.08005864582955838,1.425641991076456,1.50321796866217,1.0807238292054415,0.2484657228497281,-11.094757823871278,1.1148652,2787163,ok,right
4,358,0,3,0.038400000000000004,0.5,5.0,10.0,0.060805742442607884,1.3507210919432548,1.1117543051892882,1.0608666368957624,-0.08171055238557749,25.145059557614278,1.1153728,2788432,ok,right
4,459,0,3,0.038400000000000004,0.5,5.0,10.0,0.4045492120087147,0.2031579643447066,3.4364304506532064,1.4051098423893607,0.3446209638833132,-59.25572643757759,1.1145124,2786281,ok,right
4,62,0,3,0.038400000000000004,0.5,5.0,10.0,-0.07168074660003186,-0.4303208691506007,5.955028898399401,0.928932392969374,-0.01132165209192156,34.22464804323734,1.1185804,2796451,ok,right
4,771,0,3,0.038400000000000004,0.5,5.0,10.0,0.13535035774111748,-1.4486644236396573,5.351053182032226,1.1359478526589857,-0.004823495486184204,-55.624999942730994,1.1195236,2798809,ok,right
4,663,0,3,0.038400000000000004,0.5,5.0,10.0,0.26065995655953883,0.5748864173986863,2.1413444893988527,1.2617522344451002,-0.19364826074116176,-15.96287752474773,1.1229428,2807357,ok,right
4,668,0,3,0.038400000000000004,0.5,5.0,10.0,0.351900595985353,-0.5937819202933612,0.507848273461902,1.352396813699485,0.13754220069174514,65.65316059743779,1.1269732,2817433,ok,right
4,595,0,3,0.038400000000000004,0.5,5.0,10.0,0.07032101340591908,-1.1584315309759803,4.698914226284238,1.0710684816616876,-0.056064815704674066,-29.072869680380926,1.1293404,2823351,ok,right
4,937,0,3,0.038400000000000004,0.5,5.0,10.0,-0.05882670860737563,-0.0739344715825488,5.945087615185051,0.941716915126122,-0.03536110936477814,37.69996071140815,1.1297168,2824292,ok,right
4,227,0,3,0.038400000000000004,0.5,5.0,10.0,0.3089662810787559,1.8478835012555568,6.26288620262326,1.3091572642629792,-0.06863361926568004,-91.17781699028737,1.13787,2844675,ok,right
4,990,0,3,0.038400000000000004,0.5,5.0,10.0,0.1866419339552522,0.6327512354874606,6.198910021324228,1.1873368946268525,-0.06443122393873242,-3.6773868368878175,1.1507083999999999,2876771,ok,right
4,875,0,3,0.038400000000000004,0.5,5.0,10.0,0.08358956743031741,-1.2806220849446979,0.1741089830808595,1.0841189585521906,-0.08809158685515744,-79.32559037956617,1.1534423999999999,2883606,ok,right
4,282,0,3,0.038400000000000004,0.5,5.0,10.0,0.15719721615314486,-1.7741147339270504,2.7402715525893573,1.15770179075401,-0.12858169024262286,59.413006962673364,1.1562044,2890511,ok,right
4,308,0,3,0.038400000000000004,0.5,5.0,10.0,0.02218463495373726,-0.6591257876633008,0.23570942638086703,1.0224512913256105,-0.08039006367473331,-67.66887149003539,1.1596511999999999,2899128,ok,right
4,381,0,3,0.038400000000000004,0.5,5.0,10.0,-0.04993312973529101,0.5253852163300415,3.185746457298661,0.950703448120437,0.0320083660219345,20.13587925526182,1.1580108,2895027,ok,right
4,873,0,3,0.038400000000000004,0.5,5.0,10.0,0.3751019094139338,1.26404399453744,0.8882549592472815,1.3754410062777342,-0.28618323426235437,9.752997407180752,1.1585328,2896332,ok,right
4,557,0,3,0.038400000000000004,0.5,5.0,10.0,0.6210663110017777,-0.1754812940160193,0.47129963371578226,1.621611164605594,-0.06093095762845152,-34.87426687113276,1.1654723999999999,2913681,ok,right
4,64,0,3,0.038400000000000004,0.5,5.0,10.0,0.17331059016287328,-1.3833238986794874,4.1915266798534665,1.174387237658939,0.05065947542679599,53.94991043271875,1.1718903999999999,2929726,ok,right
4,766,0,3,0.038400000000000004,0.5,5.0,10.0,0.23163141980767252,-0.9270949384272449,4.478134867834914,1.232060235986547,0.08926474247138702,78.19735440445075,1.1687028,2921757,ok,right
4,24,0,3,0.038400000000000004,0.5,5.0,10.0,0.2024101257324219,1.2615415093169933,0.9567077649585454,1.2027286683173224,0.14021450891555426,9.701747675698055,1.1748348,2937087,ok,right
4,482,0,3,0.038400000000000004,0.5,5.0,10.0,0.12327575068920851,-1.6810866179338402,5.223226542613896,1.1240980535215883,0.02846063825260938,2.793808318679541,1.1769812,2942453,ok,right
4,56,0,3,0.038400000000000004,0.5,5.0,10.0,0.5249641386792064,-0.40468769813615807,2.3158277717736375,1.52522709092368,-0.1796431739541404,-85.44501776085055,1.1805155999999999,2951289,ok,right
4,493,0,3,0.038400000000000004,0.5,5.0,10.0,0.38466227445751433,-1.265070605576405,4.956055360101744,1.386237545021748,-0.9704716391390334,-103.80673540945779,1.1828779999999999,2957195,ok,right
4,382,0,3,0.038400000000000004,0.5,5.0,10.0,-0.017335001192986966,0.6869182159870093,2.7009939503481384,0.9836492445424369,-0.1776506838884129,-20.418736446827502,1.1847619999999999,2961905,ok,right
4,141,0,3,0.038400000000000004,0.5,5.0,10.0,-0.054863756708800795,-0.3593571031720493,4.183530030235198,0.945265506240756,0.09838409404784292,66.36621413859577,1.1907944,2976986,ok,right
4,212,0,3,0.038400000000000004,0.5,5.0,10.0,0.5013641247525812,-0.19739482118441304,5.168525332157486,1.5019438235601834,0.04801894824149669,-43.371966866119614,1.1911908,2977977,ok,right
4,740,0,3,0.038400000000000004,0.5,5.0,10.0,0.6404237218201161,0.5309050076368027,6.09931915936508,1.640612706158475,0.1017230961296529,-68.6956187748452,1.1931395999999999,2982849,ok,right
4,887,0,3,0.038400000000000004,0.5,5.0,10.0,-0.009420190565288068,0.9645828597555121,5.309557447808336,0.9906429663275429,-0.09133828806607938,9.023692516299732,1.202578,3006445,ok,right
4,265,0,3,0.038400000000000004,0.5,5.0,10.0,-0.0310661543160677,-0.5845418014174482,5.720769858741534,0.9692015601217137,0.06711285716653581,0.15147294847766443,1.2058616,3014654,ok,right
4,315,0,3,0.038400000000000004,0.5,5.0,10.0,0.5375813785940409,0.8952852549334033,4.848513409644988,1.5377968226543572,0.1083409349756985,-86.36678306849754,1.2048856,3012214,ok,right
4,611,0,3,0.038400000000000004,0.5,5.0,10.0,0.1615016419440508,-0.640130436811657,3.1420976982612165,1.1619262261885879,0.08571775981781507,-46.247133628883965,1.2044164,3011041,ok,right
4,616,0,3,0.038400000000000004,0.5,5.0,10.0,0.38089423161000013,-1.3798269185412773,1.2099215342712706,1.3822645027211133,-0.17239819943075327,50.31900079538188,1.2052524,3013131,ok,right
4,677,0,3,0.038400000000000004,0.5,5.0,10.0,0.5728852607309819,0.16137316631031737,1.9513767355651073,1.5733653087979032,0.2682646538033584,-75.0123280232166,1.208588,3021470,ok,right
4,425,0,3,0.038400000000000004,0.5,5.0,10.0,0.31963158007711173,0.7585815774339505,0.15116494604390743,1.3203366764100355,0.2796204081834042,-41.820635754146366,1.2125072,3031268,ok,right
4,160,0,3,0.038400000000000004,0.5,5.0,10.0,0.058064141869544984,1.1198020121699275,2.3629607423196193,1.0592728043416082,0.047783148105518244,-38.642605653859945,1.2191656,3047914,ok,right
4,599,0,3,0.038400000000000004,0.5,5.0,10.0,0.4978067755699158,-0.5114049301408303,3.4523315216823542,1.4985922255478936,0.993557871895015,32.34274193399325,1.2160008,3040002,ok,right
4,10,0,3,0.038400000000000004,0.5,5.0,10.0,0.13758435398340227,2.0740927796127604,2.6214375291210055,1.1388120231379293,-0.08036027192181654,-104.46465094595001,1.2228548,3057137,ok,right
4,32,0,3,0.038400000000000004,0.5,5.0,10.0,0.20550203155726196,1.2311879863677497,4.153807203863032,1.2056588603269316,-0.12012933428889894,-148.33099538766044,1.2222663999999999,3055666,ok,right
4,653,0,3,0.038400000000000004,0.5,5.0,10.0,0.18817656952887774,1.9289599775100488,4.802910145240264,1.1898833415732541,-0.13021920787928146,44.81872360611839,1.226818,3067045,ok,right
4,83,0,3,0.038400000000000004,0.5,5.0,10.0,0.11601726561784745,1.9738324709943489,4.829306474376182,1.1166643787411585,0.08887365252181699,-82.60860486317918,1.2321172,3080293,ok,right
4,66,0,3,0.038400000000000004,0.5,5.0,10.0,0.663857414200902,-0.28153825251915626,1.9238931232880534,1.6640631040133615,0.29347047791424424,65.74909421113959,1.247958,3119895,ok,right
4,393,0,3,0.038400000000000004,0.5,5.0,10.0,0.21668168790638448,0.8347496671315533,3.9873330702785847,1.217830652036722,0.32985605324451844,-22.39957860206584,1.2487139999999999,3121785,ok,right
4,713,0,3,0.038400000000000004,0.5,5.0,10.0,0.5026997365057468,-0.18299032714281235,4.432541846782581,1.502775548154131,-0.22989875898529466,-28.53760482521784,1.2534627999999999,3133657,ok,right
4,869,0,3,0.038400000000000004,0.5,5.0,10.0,0.2590235183015466,-0.731249505368412,5.432267036778118,1.259287218783341,-0.010314222040236668,63.061494411795785,1.2549744,3137436,ok,right
4,711,0,3,0.038400000000000004,0.5,5.0,10.0,0.5786783779039979,0.5273556886174845,0.6950157709508736,1.578699203012814,-0.35203251697728194,126.24880994089631,1.2592252,3148063,ok,right
4,936,0,3,0.038400000000000004,0.5,5.0,10.0,0.03775996677577496,0.9824294277001895,4.741708156937506,1.0381691165524627,0.2409463211506407,16.31879918894411,1.2617652,3154413,ok,right
4,367,0,3,0.038400000000000004,0.5,5.0,10.0,0.5558939512819052,-0.6314318203907985,4.253911610047645,1.5570309750777875,-0.2689700261331029,100.81401203048807,1.2646324,3161581,ok,right
4,232,0,3,0.038400000000000004,0.5,5.0,10.0,0.5531204169616103,0.17004644476104383,4.799248493472056,1.5534133468738665,-0.28704572618095064,-47.6039238998663,1.275202,3188005,ok,right
4,395,0,3,0.038400000000000004,0.5,5.0,10.0,0.17093816604465248,0.33802885981252456,5.212684525256559,1.1712036228804774,-0.17396594946474947,-37.59746800632898,1.2726427999999999,3181607,ok,right
4,994,0,3,0.038400000000000004,0.5,5.0,10.0,0.057712855562567715,0.6317696143232564,0.42138912740571555,2.792859393077603,-0.0018454033825828844,5.826794793948818,1.27868,3196700,ok,right
4,82,0,3,0.038400000000000004,0.5,5.0,10.0,-0.07089246958494187,0.034415678293175815,0.025775589588195705,0.9292660673626665,0.02861630379931408,33.45616508649436,1.2807112,3201778,ok,right
4,556,0,3,0.038400000000000004,0.5,5.0,10.0,0.06220613215118647,0.980065080671335,4.102212540909652,1.062878989996137,0.11179662230379878,-99.87952539770238,1.2812923999999999,3203231,ok,right
4,790,0,3,0.038400000000000004,0.5,5.0,10.0,0.3955964041873813,0.7018897686313663,4.82175410273816,1.3967278204248375,-0.07320114196131315,-3.2092437105346394,1.2830232,3207558,ok,right
4,798,0,3,0.038400000000000004,0.5,5.0,10.0,0.42447020653635265,-1.1716779913080435,2.362880129681779,1.4248943703419534,0.2628489774542703,2.982571254497537,1.2839604,3209901,ok,right
4,850,0,3,0.038400000000000004,0.5,5.0,10.0,0.0866954842582345,-0.01852190125991676,5.719005857492372,1.0867422287646027,-0.22983735574803957,-95.07390026140509,1.2853244,3213311,ok,right
4,865,0,3,0.038400000000000004,0.5,5.0,10.0,0.3320814540609718,-1.3662838141812665,5.983225784181444,1.3324616004406644,0.0437389554669688,1.2689232559172896,1.2848127999999999,3212032,ok,right
4,193,0,3,0.038400000000000004,0.5,5.0,10.0,0.12074898201972246,1.2617022555008826,0.013025345666500949,1.1218347016712265,-0.16564827690608735,-25.426863680476192,1.2904099999999998,3226025,ok,right
4,420,0,3,0.038400000000000004,0.5,5.0,10.0,0.04876596052199603,-1.1147060891169749,1.439730159157213,1.049951819156576,0.02083336298161099,112.74992656877066,1.2917336,3229334,ok,right
4,939,0,3,0.038400000000000004,0.5,5.0,10.0,0.08682712819427252,0.3541389119539322,5.541113342549367,1.0890375078201886,0.06592369957711122,-28.364550002630125,1.2928844,3232211,ok,right
4,533,0,3,0.038400000000000004,0.5,5.0,10.0,0.6116041300818325,0.5654893249697116,4.0634094478507885,1.6128326850015473,-0.3850555113851386,24.75311276134704,1.2999424,3249856,ok,right
4,649,0,3,0.038400000000000004,0.5,5.0,10.0,0.30698669571429493,-1.5575505880638378,5.917829088946592,1.3073647212865758,0.17575789688252907,9.406591035086464,1.2983088,3245772,ok,right
4,266,0,3,0.038400000000000004,0.5,5.0,10.0,0.1118369983509183,1.1230117885890378,0.1333804967244939,1.1128396189900418,0.01415277949635357,-69.50428439039929,1.302096,3255240,ok,right
4,755,0,3,0.038400000000000004,0.5,5.0,10.0,0.3286609873175621,-1.3472975591799095,0.5200056361848578,1.3287808456187424,0.32031778225666974,103.8408040451051,1.309024,3272560,ok,right
4,880,0,3,0.038400000000000004,0.5,5.0,10.0,0.6593764487653971,-0.06862968824516269,1.079788869289148,1.6599390017116071,0.3281544170769004,-97.1952207757482,1.3116404,3279101,ok,right
4,956,0,3,0.038400000000000004,0.5,5.0,10.0,0.004255085065960884,0.9781885269253459,5.594563850211842,1.0043457377943434,-0.17980236106617412,-18.37501048266919,1.3100044,3275011,ok,right
4,334,0,3,0.038400000000000004,0.5,5.0,10.0,0.43170647490769626,0.9595179331058601,5.424509989734545,1.4319852031883156,0.4269306071421218,-6.5779431464108375,1.3120132,3280033,ok,right
4,495,0,3,0.038400000000000004,0.5,5.0,10.0,0.21482926327735186,2.0190155283823352,1.4613212880915407,1.2150232911886987,0.012338405384243415,-38.00843210288585,1.3352819999999999,3338205,ok,right
4,890,0,3,0.038400000000000004,0.5,5.0,10.0,0.4818990321829915,0.7029379227699224,4.869737687001332,1.4821750695040448,-0.14833590965877866,90.88706562235959,1.3337223999999999,3334306,ok,right
4,814,0,3,0.038400000000000004,0.5,5.0,10.0,0.43231159523129464,-0.780592699120513,1.2650314752615188,1.4337866335722058,-0.041047541860834896,-60.615291600275555,1.3398835999999998,3349709,ok,right
4,1,0,3,0.038400000000000004,0.5,5.0,10.0,0.3688311632722616,-0.49957567668626784,1.6945468741419165,1.3688532881582405,0.1238673077913987,88.19343550400556,1.3405276,3351319,ok,right
4,728,0,3,0.038400000000000004,0.5,5.0,10.0,0.5145895848050713,0.8578033206241599,2.005225171574324,1.5149990235876032,-0.3708622791388724,15.96630724173623,1.3473503999999998,3368376,ok,right
4,835,0,3,0.038400000000000004,0.5,5.0,10.0,-0.08818824067711831,0.215009614424747,5.2202979664098,0.9118847819341629,-0.028545639940407708,-72.23757903683807,1.3463079999999998,3365770,ok,right
4,432,0,3,0.038400000000000004,0.5,5.0,10.0,0.3242575336247683,0.9557029440319879,2.3744461224003723,1.3250131208533913,-0.3938703311930053,-12.348968911487379,1.35032,3375800,ok,right
4,822,0,3,0.038400000000000004,0.5,5.0,10.0,-0.0021615812554955484,0.8767870305536689,4.115804293346411,0.9982129889621606,-0.00855708818258853,-25.684156932646392,1.3518708,3379677,ok,right
4,470,0,3,0.038400000000000004,0.5,5.0,10.0,0.022928896546363833,-0.9907598688719066,2.5771945678697965,1.0229334401630312,0.09466648900237189,32.1564133664533,1.3529655999999999,3382414,ok,right
4,919,0,3,0.038400000000000004,0.5,5.0,10.0,0.5376685619354248,0.7703242674633538,2.5082203342675395,1.5378200033128233,-0.030554057968912186,-59.33720026641278,1.3556184,3389046,ok,right
4,511,0,3,0.038400000000000004,0.5,5.0,10.0,0.47990830298513176,0.47822620540585914,1.8664989849346736,1.4799142063724509,0.11854483954846734,27.655492256531435,1.3573608,3393402,ok,right
4,562,0,3,0.038400000000000004,0.5,5.0,10.0,0.1460460286587477,2.1302957568539456,3.030174903564713,1.146140887342378,-0.044303110711503085,-26.85465718652814,1.3574131999999999,3393533,ok,right
4,576,0,3,0.038400000000000004,0.5,5.0,10.0,0.0636797258630395,-0.8108861639982674,1.2915891540211535,1.0640062863146451,0.14878954702079814,-0.39146384675488133,1.362738,3406845,ok,right
4,494,0,3,0.038400000000000004,0.5,5.0,10.0,0.4021798748522997,-0.0004451961427191644,6.205240904642359,1.4025562142289347,0.12473798315381873,-13.03998260519582,1.3670107999999999,3417527,ok,right
4,146,0,3,0.038400000000000004,0.5,5.0,10.0,0.5118131440132857,0.5320701001989426,1.5992339445243924,1.5119702037762794,-0.45358692947526263,-24.640515987212073,1.3695104,3423776,ok,right
4,833,0,3,0.038400000000000004,0.5,5.0,10.0,0.4556896433234215,-0.05308968116769239,0.23746774858204447,1.4565287694304867,-0.1328549472879237,0.9098903984448783,1.3715696,3428924,ok,right
4,953,0,3,0.038400000000000004,0.5,5.0,10.0,0.20981891695410015,-1.9876953067763126,5.630812919445361,1.2105846898627997,-0.19398705128589516,74.91809626027373,1.3695308,3423827,ok,right
4,77,0,3,0.038400000000000004,0.5,5.0,10.0,-0.05989433936774731,0.05984699468105083,2.799769655335585,0.9401985004757677,-0.006352001837557334,-38.0528838350139,1.3754224,3438556,ok,right
4,158,0,3,0.038400000000000004,0.5,5.0,10.0,0.18415077831596138,-1.9574269047673132,1.0978266872423823,1.184282363182407,0.005589429912994785,-36.8475017753309,1.3744699999999999,3436175,ok,right
4,504,0,3,0.038400000000000004,0.5,5.0,10.0,0.6439593167975546,-0.5475192232099525,3.2151947919628596,1.6440529596799258,0.13571018794048093,-47.3207824876969,1.373818,3434545,ok,right
4,442,0,3,0.038400000000000004,0.5,5.0,10.0,0.047854847460985186,-0.08000958453058006,5.60311947936528,1.0479808175115013,-0.03216990003776316,-68.34113753432916,1.3769836,3442459,ok,right
4,491,0,3,0.038400000000000004,0.5,5.0,10.0,0.34496407862752676,-0.7199186017488326,6.242186299474921,1.3453011151276006,-0.35799901920419236,-49.21010636608181,1.3769403999999998,3442351,ok,right
4,859,0,3,0.038400000000000004,0.5,5.0,10.0,0.25027888957411054,-1.0811187668194315,3.3210690787147295,1.250439725575728,-0.10192299455147627,-106.41416492595874,1.3806159999999998,3451540,ok,right
4,284,0,3,0.038400000000000004,0.5,5.0,10.0,0.01842881105840206,-0.9066625138178807,4.957978083573752,1.0184312850838353,0.07182619554892282,1.1897944635616375,1.3879968,3469992,ok,right
4,589,0,3,0.038400000000000004,0.5,5.0,10.0,0.2473778432235122,-0.5499936447469068,2.7469892519284986,1.2477927360593457,-0.0037308724554954873,-32.0178229052024,1.3879028,3469757,ok,right
4,879,0,3,0.038400000000000004,0.5,5.0,10.0,0.2541004756465554,-1.3619995605423627,5.771522782038792,1.2541540629995511,-0.19310437332296404,-52.95529464858043,1.3843668,3460917,ok,right
4,129,0,3,0.038400000000000004,0.5,5.0,10.0,0.4401678847149015,-0.1918722732386312,4.743254022471867,1.440323143557719,-0.27163643918950786,30.503268540760438,1.3897591999999999,3474398,ok,right
4,687,0,3,0.038400000000000004,0.5,5.0,10.0,0.6828175624832511,-0.030194785034281288,4.101321571134328,1.6834090652136053,0.18779841454644464,-118.79869022093536,1.3891816,3472954,ok,right
4,441,0,3,0.038400000000000004,0.5,5.0,10.0,0.40385511219501496,-1.343963292017416,1.3181766616804245,1.4047905786954322,0.47658407592135477,69.95118299566693,1.3981375999999999,3495344,ok,right
4,508,0,3,0.038400000000000004,0.5,5.0,10.0,-0.035446207225322726,-0.7302249450641495,5.485134930000935,0.9645734138217662,-0.06556693570524073,45.75820995605347,1.4076203999999999,3519051,ok,right
4,91,0,3,0.038400000000000004,0.5,5.0,10.0,0.6365466857329012,-0.43887410832398877,4.5576316575953,1.6374711555258015,-0.4457642129784596,-98.31114929944974,1.4080112,3520028,ok,right
4,270,0,3,0.038400000000000004,0.5,5.0,10.0,0.6380367856472731,0.5552498076547635,4.941357824461819,1.6381430973647662,-0.09208539261477552,109.38094754165233,1.415036,3537590,ok,right
4,244,0,3,0.038400000000000004,0.5,5.0,10.0,0.548071813210845,-0.5125258869563326,0.17568245680521305,1.5485053040617494,0.621807692707874,103.09635539883612,1.4165375999999998,3541344,ok,right
4,311,0,3,0.038400000000000004,0.5,5.0,10.0,0.43141702022403483,-1.1537825965802349,2.9683665064597373,1.432000656836225,0.019677164792958207,38.746361644424525,1.4259735999999998,3564934,ok,right
4,697,0,3,0.038400000000000004,0.5,5.0,10.0,0.5757406910881401,-0.00415793686703157,2.6256732621277155,1.576974394887817,0.6516806937801982,-100.12562951005296,1.4259456,3564864,ok,right
4,761,0,3,0.038400000000000004,0.5,5.0,10.0,0.029644901864230633,-0.18544540964086803,2.1402861515548333,1.0298228088157242,-0.16882581851992898,-61.82629867561034,1.4252624,3563156,ok,right
4,676,0,3,0.038400000000000004,0.5,5.0,10.0,0.5249955046921969,0.30671401969843226,0.9197675020426058,1.5255602220644444,-0.07170613120284292,28.713550033281255,1.43102,3577550,ok,right
4,131,0,3,0.038400000000000004,0.5,5.0,10.0,0.2607348309829831,1.0259426287142515,3.1724713549430774,1.2611839361516326,-0.053384288050043735,-139.57353791161032,1.4402304,3600576,ok,right
4,693,0,3,0.038400000000000004,0.5,5.0,10.0,0.3021578431129456,-1.874852183926072,3.031229304696181,1.3031354337665177,-0.08644147398823995,-16.897666228299794,1.4420228,3605057,ok,right
4,275,0,3,0.038400000000000004,0.5,5.0,10.0,0.05787321869283915,0.8114710095051096,0.3637465680074591,1.0583534722133556,0.07524578969588674,11.811257612858261,1.4467535999999999,3616884,ok,right
4,628,0,3,0.038400000000000004,0.5,5.0,10.0,0.5271338740363717,-0.9566093271596946,1.3720312580376728,1.5277688489687773,0.05096297310913512,-150.48645393636278,1.4507116,3626779,ok,right
4,292,0,3,0.038400000000000004,0.5,5.0,10.0,0.053129759989678865,-0.7323278584119908,4.367279078772049,1.053374943159925,0.05728808708378581,-59.91504537176392,1.4549708,3637427,ok,right
4,416,0,3,0.038400000000000004,0.5,5.0,10.0,-0.015189532563090325,-0.5184561637204653,3.6637066765688524,0.985059734832993,0.06170510125679591,-53.38934528948935,1.4574783999999998,3643696,ok,right
4,831,0,3,0.038400000000000004,0.5,5.0,10.0,0.2875420618802309,1.4142961109730687,0.7549606708222807,1.2878914073409458,-0.054147736380374775,75.22315537761281,1.4585375999999999,3646344,ok,right
4,152,0,3,0.038400000000000004,0.5,5.0,10.0,0.22103412058204414,2.0280858220125193,4.992505582034082,1.2216244799955274,0.0730693820064858,119.0021759375131,1.4737867999999998,3684467,ok,right
4,800,0,3,0.038400000000000004,0.5,5.0,10.0,0.24707616697996856,0.13180520115752703,1.3425268950739562,1.2478340880836776,-0.17369682738709918,34.64861581006832,1.4817976,3704494,ok,right
4,914,0,3,0.038400000000000004,0.5,5.0,10.0,0.009776325710117818,0.6786947348224196,4.295889851227029,1.0099038100251057,-0.037261064853414294,18.40713897698262,1.4835292,3708823,ok,right
4,453,0,3,0.038400000000000004,0.5,5.0,10.0,-0.040622068941593176,-0.5325404828802386,2.004589811623317,0.9596026721105336,0.07589864764292932,-47.82387651251468,1.4874204,3718551,ok,right
4,892,0,3,0.038400000000000004,0.5,5.0,10.0,0.6020128650590778,0.6251090757141197,2.7848803121175325,1.6027582689641522,0.14654090994925925,-15.777078750552612,1.4870392,3717598,ok,right
4,5,0,3,0.038400000000000004,0.5,5.0,10.0,0.272362744063139,-0.2752724995403361,3.8188850564398167,1.272599716909549,-0.00613086039560678,6.54589479531872,1.4916448,3729112,ok,right
4,75,0,3,0.038400000000000004,0.5,5.0,10.0,-0.08156817182898522,-0.3877940389668268,3.8209913775936903,0.9184918171446913,0.01870680487412513,65.68833355444634,1.4920088,3730022,ok,right
4,386,0,3,0.038400000000000004,0.5,5.0,10.0,0.4135738398879767,-0.4866390776695301,1.3321497368808075,1.414823150953078,-0.482070972889386,-53.80902233633465,1.5024644,3756161,ok,right
4,659,0,3,0.038400000000000004,0.5,5.0,10.0,0.677449574135244,0.02267174501007099,2.2009380651047694,1.6779077595558598,-0.29661448405050705,-18.213229863432346,1.5084347999999999,3771087,ok,right
4,353,0,3,0.038400000000000004,0.5,5.0,10.0,0.15431386642158032,-1.3772395951911367,2.90168750793752,1.1543452768348026,-0.2417909834366335,65.53026212054577,1.5143099999999998,3785775,ok,right
4,380,0,3,0.038400000000000004,0.5,5.0,10.0,0.19226952344179155,0.7561017560835878,3.1205495659521567,1.192502715305122,0.3467312798387008,-88.00910127529882,1.5140456,3785114,ok,right
4,46,0,3,0.038400000000000004,0.5,5.0,10.0,0.5973159447312355,0.42377128362588223,3.3846748740256976,1.5977709685230217,-0.5882862349618072,19.151744404534917,1.5170536,3792634,ok,right
4,433,0,3,0.038400000000000004,0.5,5.0,10.0,0.164641834795475,0.8030911295206028,3.7647118657832657,1.1655972489085993,-0.05782141992087178,114.51949706005205,1.5193231999999999,3798308,ok,right
4,600,0,3,0.038400000000000004,0.5,5.0,10.0,0.1478610510006547,-0.3380738065517194,3.819033206153704,1.1482438170113274,-0.02195218064036637,-87.65964601309852,1.5172048,3793012,ok,right
4,8,0,3,0.038400000000000004,0.5,5.0,10.0,0.5732947856187821,0.6425961994392744,5.845416655535226,1.5734399043300278,0.017954878462800278,182.49296404112985,1.5218112,3804528,ok,right
4,827,0,3,0.038400000000000004,0.5,5.0,10.0,0.10328441597521305,-1.446809288358412,6.239483464696717,1.1037111446692867,-0.04361956428249241,-44.49579954737429,1.5247047999999999,3811762,ok,right
4,759,0,3,0.038400000000000004,0.5,5.0,10.0,0.2584317358210683,-0.7436453367602794,2.7006764547003135,1.259611078817615,0.17268841902611348,63.06103111608657,1.5281672,3820418,ok,right
4,857,0,3,0.038400000000000004,0.5,5.0,10.0,0.44183751028031115,-0.7412555687319026,1.746458008700466,1.4421082383449928,0.12294351031835497,-55.173047971445385,1.5302612,3825653,ok,right
4,938,0,3,0.038400000000000004,0.5,5.0,10.0,0.20826230961829426,0.3560143348308619,5.145301525204137,1.2086908893644774,-0.2330275406892163,166.16185956165504,1.5298892,3824723,ok,right
4,74,0,3,0.038400000000000004,0.5,5.0,10.0,0.6212072854861618,-0.20454854163206454,2.319045397183508,1.6214662263035122,0.11362946684885383,-128.56845531469259,1.5488031999999998,3872008,ok,right
4,178,0,3,0.038400000000000004,0.5,5.0,10.0,0.5257681898772717,0.7065878332802088,3.5486635844022913,1.5268581876077019,0.4472999684142843,-16.04769134300377,1.5549,3887250,ok,right
4,625,0,3,0.038400000000000004,0.5,5.0,10.0,0.6974531644955277,-0.05618320657493642,3.4195370018303968,1.6984045454389325,0.14577229703621983,75.4868644273132,1.5520627999999999,3880157,ok,right
4,671,0,3,0.038400000000000004,0.5,5.0,10.0,0.6146809095516801,0.5795607341029109,0.6377064672169104,1.614897232348104,0.16529747510345266,-19.71231284646035,1.5539779999999999,3884945,ok,right
4,319,0,3,0.038400000000000004,0.5,5.0,10.0,0.3786637932062149,0.4734839943784878,1.9055237568959247,1.3793537199351706,-0.012354855716935445,-65.8504049214625,1.5586168,3896542,ok,right
4,295,0,3,0.038400000000000004,0.5,5.0,10.0,0.1364299550652504,-1.5259690827247139,5.2149286372014,1.1365273597298724,-0.36744074549910244,40.75209816113573,1.5614716,3903679,ok,right
4,250,0,3,0.038400000000000004,0.5,5.0,10.0,0.05499024968594313,1.0472500018103337,6.000754297445808,1.0555378553733281,0.11806781886506172,-69.6854871836855,1.5689435999999999,3922359,ok,right
4,372,0,3,0.038400000000000004,0.5,5.0,10.0,0.47379803359508516,-0.6456446581032402,0.2729774282970228,1.4740192773242702,0.2863243402141887,-123.64955386687748,1.5829084,3957271,ok,right
4,679,0,3,0.038400000000000004,0.5,5.0,10.0,0.1482502266764641,1.883469297043297,0.6351071909466205,1.1485350880926966,-0.24868848602059432,-69.1440222269825,1.5853316,3963329,ok,right
4,725,0,3,0.038400000000000004,0.5,5.0,10.0,0.31998751126229763,0.2840088042021723,5.300548177998943,1.320733555719956,0.09705463014579051,97.00489614448942,1.5881948,3970487,ok,right
4,247,0,3,0.038400000000000004,0.5,5.0,10.0,0.3157885087653995,-1.233463621919202,0.3754584897302951,1.3159070413231044,0.20962615496551154,-22.18558408371989,1.5945756,3986439,ok,right
4,194,0,3,0.038400000000000004,0.5,5.0,10.0,0.6973017657175661,0.05675832005432033,4.8352518977983605,1.697572365629828,0.18280736817819687,0.7252810282838825,1.6041648,4010412,ok,right
4,297,0,3,0.038400000000000004,0.5,5.0,10.0,-0.0603838523849845,-0.5363814931883335,0.34615659316583103,0.9400884495112467,0.04433826743973433,-22.366671085881258,1.6115496,4028874,ok,right
4,86,0,3,0.038400000000000004,0.5,5.0,10.0,0.2528115352615714,-1.2764705035889845,1.324977113906556,1.2532511965848625,0.23042949713168664,53.350123683112685,1.6198544,4049636,ok,right
4,891,0,3,0.038400000000000004,0.5,5.0,10.0,0.13788432013243437,1.8638409977194597,5.4425197767144615,1.1381084243753574,0.05227008443611514,-15.586364367300774,1.6192267999999999,4048067,ok,right
4,12,0,3,0.038400000000000004,0.5,5.0,10.0,0.2558463647961617,-1.5790607221311843,1.211886929600732,1.2564406882379435,0.2980551001180468,25.672911173913494,1.623794,4059485,ok,right
4,821,0,3,0.038400000000000004,0.5,5.0,10.0,0.2622615462169051,0.43334325417326053,5.524258808810384,1.2624912748122403,-0.45821393462693294,24.852830845504382,1.6224204,4056051,ok,right
4,53,0,3,0.038400000000000004,0.5,5.0,10.0,0.0549433670938015,0.707598407184824,4.4052104745383645,1.055174382029566,-0.09633276935074887,36.36724940161593,1.6262576,4065644,ok,right
4,991,0,3,0.038400000000000004,0.5,5.0,10.0,-0.011446532420814039,0.3410313919264098,3.8996718941758792,0.9891938487517431,0.027963173836700637,-0.25915745355325975,1.6240063999999999,4060016,ok,right
4,500,0,3,0.038400000000000004,0.5,5.0,10.0,0.08989147227257491,0.27562526484403943,4.26029294063282,1.0905105958583263,-0.09068947488441981,-113.42447770046623,1.6321012,4080253,ok,right
4,48,0,3,0.038400000000000004,0.5,5.0,10.0,0.5459586184471846,0.8237189480163265,0.8672699201990303,1.5468801223351363,0.05478269783818435,-71.89635556853376,1.64554,4113850,ok,right
4,461,0,3,0.038400000000000004,0.5,5.0,10.0,-0.04419653117656708,0.3969182353092089,2.571774182820431,0.956754177277907,-0.0941457816308863,-28.558357610716115,1.6473228,4118307,ok,right
4,181,0,3,0.038400000000000004,0.5,5.0,10.0,0.5974352478981019,-0.7113245143046625,1.6261235974320827,1.5983037182729924,0.07328441646982803,-65.90251016941312,1.654604,4136510,ok,right
4,532,0,3,0.038400000000000004,0.5,5.0,10.0,0.5213322840631008,-0.23410862551183406,4.3284814497122115,1.5216170333270518,0.10389045036880318,7.943029834605776,1.653932,4134830,ok,right
4,662,0,3,0.038400000000000004,0.5,5.0,10.0,0.32340101748704914,-1.5338675236020647,4.0077561849375725,1.3239038042316638,-0.18219704183662325,-48.46224735752092,1.6528691999999998,4132173,ok,right
4,373,0,3,0.038400000000000004,0.5,5.0,10.0,0.029004625044763088,0.14223666347299563,6.02090084012732,1.029189473912326,0.02654537225447691,45.43824000894288,1.6598616,4149654,ok,right
4,510,0,3,0.038400000000000004,0.5,5.0,10.0,0.3024492271244526,-1.748744075030167,0.031139529406390913,1.3026384796665653,0.04452478562378387,59.489663251903934,1.6584775999999999,4146194,ok,right
4,41,0,3,0.038400000000000004,0.5,5.0,10.0,0.4893534015864134,1.0466871105906645,3.1473281965438935,1.4895180433393338,-0.35493160316872546,-6.51110524900826,1.6606375999999998,4151594,ok,right
4,721,0,3,0.038400000000000004,0.5,5.0,10.0,0.5400860285386443,-0.8555035138097963,1.6196952486598393,1.5410739137246972,-0.47033293125359915,-36.613621457535615,1.6600096,4150024,ok,right
4,764,0,3,0.038400000000000004,0.5,5.0,10.0,-0.0019962651655077933,0.6847044780136277,5.551408533442534,0.9984063014513941,-0.07589721578364841,-53.707338684090494,1.6656864,4164216,ok,right
4,222,0,3,0.038400000000000004,0.5,5.0,10.0,-0.08353894501924515,-0.13977229644716468,5.434372298779302,0.9173767561628219,0.06378554630657565,157.39974387582475,1.669984,4174960,ok,right
4,267,0,3,0.038400000000000004,0.5,5.0,10.0,-0.08780971057713033,0.14306224341051602,0.46399145382646984,0.912328592738487,0.031943404606558125,-61.08115374893162,1.6700224,4175056,ok,right
4,437,0,3,0.038400000000000004,0.5,5.0,10.0,0.1936905113980174,-1.6065350854665945,3.5631850300559336,1.1938252359388057,-0.12074087220451213,-28.607452528799026,1.6682283999999998,4170571,ok,right
4,489,0,3,0.038400000000000004,0.5,5.0,10.0,0.48706408105790616,0.04679800917918129,4.449569249162236,1.4873327382668593,0.18134716923856345,-103.65896051696438,1.6682412,4170603,ok,right
4,240,0,3,0.038400000000000004,0.5,5.0,10.0,0.08263198733329774,1.205394654077202,3.9706911892374404,1.0836890179622047,-0.5128821519485368,-174.77690876805144,1.681304,4203260,ok,right
4,825,0,3,0.038400000000000004,0.5,5.0,10.0,0.2300359267741442,1.6337846311460638,4.098654814841795,1.230036663356172,0.030382898821686138,-42.576440696424925,1.6802652,4200663,ok,right
4,84,0,3,0.038400000000000004,0.5,5.0,10.0,0.42406324576586485,-0.18986474021683206,3.994463922552919,1.424137373214851,0.3784480255276443,-47.512001850664674,1.6850568,4212642,ok,right
4,114,0,3,0.038400000000000004,0.5,5.0,10.0,0.3006323562934995,-0.80356296273575,3.2419693219952204,1.3020196833444269,-0.4362845653375958,-69.89849315751606,1.6886079999999999,4221520,ok,right
4,248,0,3,0.038400000000000004,0.5,5.0,10.0,0.21462008208036423,-1.9727676216257677,1.2259938003628086,1.2147299643350813,-0.07432000630829716,2.8535774770276308,1.6892452,4223113,ok,right
4,471,0,3,0.038400000000000004,0.5,5.0,10.0,0.6852886393666268,0.3143674997124837,1.8000581787341223,1.6856363469913627,-0.2675453481969463,45.79656259552416,1.6919872,4229968,ok,right
4,492,0,3,0.038400000000000004,0.5,5.0,10.0,0.49896854627877474,-0.5187815854283253,5.376431222169463,1.4993874683328832,0.7125139095536567,23.942812074616,1.6888988,4222247,ok,right
4,545,0,3,0.038400000000000004,0.5,5.0,10.0,0.3666039848700166,-1.3065864307925277,5.746066739109568,1.3668672683766057,0.10843067580792927,0.2721783499965545,1.6900876,4225219,ok,right
4,723,0,3,0.038400000000000004,0.5,5.0,10.0,0.35118329133838416,1.5986979590170929,4.418326572327913,1.35147318818914,0.19169020446969207,28.83136791005219,1.6915048,4228762,ok,right
4,2,0,3,0.038400000000000004,0.5,5.0,10.0,0.06784591767936946,-1.0579105843067649,4.858395100891378,1.068168385686347,0.05553965684182196,12.091601167679697,1.6943348,4235837,ok,right
4,23,0,3,0.038400000000000004,0.5,5.0,10.0,0.1785261232405901,2.1847910693678347,5.96093658877556,1.1787204754541274,0.017210929930599906,16.603535058279427,1.6935388,4233847,ok,right
4,583,0,3,0.038400000000000004,0.5,5.0,10.0,0.023371829465031625,-0.608097921039657,3.962091546730669,1.0235406461228123,-0.038316427078733256,125.67734733981406,1.6936963999999999,4234241,ok,right
4,935,0,3,0.038400000000000004,0.5,5.0,10.0,0.5365605615079403,0.7941091547689463,3.735039224815809,1.536623174441503,0.2289667375556487,-87.81753048877516,1.6952692,4238173,ok,right
4,933,0,3,0.038400000000000004,0.5,5.0,10.0,0.1088319592177868,-0.040561174534181385,2.4392608849153916,1.1089458119189575,-0.21072603374208765,157.8183154268894,1.7065116,4266279,ok,right
4,93,0,3,0.038400000000000004,0.5,5.0,10.0,0.19402311649173498,-1.4765030735174345,5.053430189365665,1.1942996110195119,0.1001237362656116,21.0624498263825,1.7111444,4277861,ok,right
4,85,0,3,0.038400000000000004,0.5,5.0,10.0,0.15095190946012738,-1.7552666589950532,4.530357606870183,1.1515922833617809,0.03215900564637717,-119.36251994733112,1.7135192,4283798,ok,right
4,565,0,3,0.038400000000000004,0.5,5.0,10.0,-0.06169534996151924,0.2551926680845125,3.8045493370138463,0.9384093210545346,0.0412208727767941,-0.1915226920704675,1.7260636,4315159,ok,right
4,853,0,3,0.038400000000000004,0.5,5.0,10.0,0.4604783965274692,-0.7928534678540241,0.39264808291156283,1.4620050590708331,0.5135754505488731,-147.86023498064833,1.7319056,4329764,ok,right
4,922,0,3,0.038400000000000004,0.5,5.0,10.0,0.3374661929905415,-0.014434264567273184,1.9013783137301488,1.3380241432207365,0.07946444509827053,-33.95156724984809,1.7345731999999998,4336433,ok,right
4,73,0,3,0.038400000000000004,0.5,5.0,10.0,0.49677389562129975,-0.2137492051529762,0.5948408418744134,1.4979412518055755,0.506501302222028,-30.958735391581886,1.7371291999999998,4342823,ok,right
4,548,0,3,0.038400000000000004,0.5,5.0,10.0,0.04476566463708878,0.8123764461297086,3.61703035882715,1.044981002140474,0.16710752691314812,-35.479837020174116,1.7382292,4345573,ok,right
4,79,0,3,0.038400000000000004,0.5,5.0,10.0,0.4259982630610466,-0.8150034763476008,0.19732809260425618,1.4260164819593444,0.10474293584653205,36.77002334606616,1.7407336,4351834,ok,right
4,567,0,3,0.038400000000000004,0.5,5.0,10.0,0.2835895765572786,-0.49387829051991483,0.6060522203247559,1.28400650202469,0.5510381133892982,2.8753609367035082,1.7421411999999998,4355353,ok,right
4,206,0,3,0.038400000000000004,0.5,5.0,10.0,0.1981387659907341,0.1680652310918958,0.9955785238302474,1.1989125602917194,-0.15308352135150866,-74.70716629873492,1.7493516,4373379,ok,right
4,805,0,3,0.038400000000000004,0.5,5.0,10.0,0.31072256043553353,-0.7535363768512621,0.9016517193332553,1.311124656430381,-0.11143716212826921,-74.65062317766986,1.7543984,4385996,ok,right
4,27,0,3,0.038400000000000004,0.5,5.0,10.0,0.3773736832663417,0.8009899952829392,3.6596399091373795,1.3786221486128352,-0.0721879745794212,-12.325370441955462,1.7637524,4409381,ok,right
4,245,0,3,0.038400000000000004,0.5,5.0,10.0,0.3245870724320412,0.956767300769205,5.889011083258125,1.324876417587148,-0.3349248336802761,-97.94051651265413,1.764422,4411055,ok,right
4,296,0,3,0.038400000000000004,0.5,5.0,10.0,0.5670159589499235,-0.07784422159319966,5.425608987923659,1.567026049354324,0.04702474885664392,122.35143278085934,1.7650915999999999,4412729,ok,right
4,383,0,3,0.038400000000000004,0.5,5.0,10.0,0.47270307689905167,1.1692834499417333,4.040603987191813,1.4729496593116083,0.5601121433511006,157.42136917866748,1.7707332,4426833,ok,right
4,634,0,3,0.038400000000000004,0.5,5.0,10.0,-0.06390623226761818,-0.30736220318047675,4.834294008298418,0.9376739992503599,-0.05996155786328259,20.899631978555007,1.7775387999999999,4443847,ok,right
4,724,0,3,0.038400000000000004,0.5,5.0,10.0,-0.09692083578556776,0.2557601433456975,5.903717525143317,0.9031304846525989,-0.05367112349805128,50.71143152651402,1.7768856,4442214,ok,right
4,633,0,3,0.038400000000000004,0.5,5.0,10.0,0.6113959221169353,-0.5086210988854066,5.622268415783916,1.6120645109360427,-0.08552196071335956,-18.067712110492227,1.7858711999999999,4464678,ok,right
4,25,0,3,0.038400000000000004,0.5,5.0,10.0,0.49538553543388847,-0.24846353757651424,6.070748407312863,1.4964393664267344,0.17276623079447692,25.57653352930641,1.7966536,4491634,ok,right
4,151,0,3,0.038400000000000004,0.5,5.0,10.0,0.5784146720543504,0.12681476760063823,4.6789170533902915,1.5787657592533804,-0.05619969119612921,44.699687267937804,1.7963339999999999,4490835,ok,right
4,549,0,3,0.038400000000000004,0.5,5.0,10.0,0.0019815316423773765,-0.7738997932248277,5.760657780164996,1.0022337089222368,0.07339880131098751,91.06574358191061,1.7993123999999998,4498281,ok,right
4,550,0,3,0.038400000000000004,0.5,5.0,10.0,-0.025318937189877034,0.2736791648949343,3.589137749765167,0.9750888255882323,-0.09001518027712838,53.37650516290413,1.7965992,4491498,ok,right
4,505,0,3,0.038400000000000004,0.5,5.0,10.0,-0.02130398489534855,-0.19527995643838247,1.9440628971086642,0.9788306862315195,-0.05975324148760803,96.81707588804632,1.8055055999999998,4513764,ok,right
4,486,0,3,0.038400000000000004,0.5,5.0,10.0,-0.05273307263851166,-0.37503435381596356,1.341732031701849,0.9484385408024268,-0.06622672451182142,85.60276196265814,1.8082715999999999,4520679,ok,right
4,438,0,3,0.038400000000000004,0.5,5.0,10.0,0.4369891218841076,-0.7089166325664898,4.359011398709988,1.4370294767580791,0.2138546714349653,-37.49156507639651,1.8157876,4539469,ok,right
4,739,0,3,0.038400000000000004,0.5,5.0,10.0,0.29851296301931146,-0.9452138062345302,0.059196693345602076,1.298877311777808,0.47945722504211713,-222.96586198687854,1.8137036,4534259,ok,right
4,842,0,3,0.038400000000000004,0.5,5.0,10.0,0.1806001326069236,2.004198618820174,1.566931930673001,1.1808524368829347,-0.049587380850195636,5.064147475896205,1.8138804,4534701,ok,right
4,171,0,3,0.038400000000000004,0.5,5.0,10.0,-0.06385660599917174,-0.25799936694724324,1.669076651147751,0.9361667777076785,0.004783035352773769,21.393019185172,1.8196695999999999,4549174,ok,right
4,701,0,3,0.038400000000000004,0.5,5.0,10.0,0.4928407292813063,0.4959917022539587,2.9232288932683983,1.4931838739168275,0.12571890468456534,1.6068867079177704,1.8170435999999999,4542609,ok,right
4,285,0,3,0.038400000000000004,0.5,5.0,10.0,0.21261648647487164,-1.7552246315080253,2.250705141074673,1.2134192624808857,-0.03839194779214447,5.231918453807111,1.822298,4555745,ok,right
4,422,0,3,0.038400000000000004,0.5,5.0,10.0,0.42915579304099083,0.680804171592418,4.803014670737027,1.4295016944165269,0.4511788977892216,-41.35880616476462,1.8227327999999998,4556832,ok,right
4,846,0,3,0.038400000000000004,0.5,5.0,10.0,0.13020572811365128,1.7929836306652,1.3077238179575266,1.1307994527378677,0.07033301475160353,63.30140236623883,1.8212544,4553136,ok,right
4,656,0,3,0.038400000000000004,0.5,5.0,10.0,0.2819701643660665,-0.40063476488670097,0.1749941582376721,1.2820767100183696,-0.02152495352347592,-54.92965122118088,1.824784,4561960,ok,right
4,188,0,3,0.038400000000000004,0.5,5.0,10.0,0.10832859128713608,0.22313848667842992,5.618242677352894,1.1084555496265731,0.08359322928463139,-78.76825366580748,1.8324311999999998,4581078,ok,right
4,902,0,3,0.038400000000000004,0.5,5.0,10.0,0.30962703190743923,1.6346194956009477,1.7529837658730174,1.3096698819208878,0.30592399317875,-15.951894064256106,1.8398552,4599638,ok,right
4,50,0,3,0.038400000000000004,0.5,5.0,10.0,0.0010105257853865624,-0.8122056876765706,3.969276743485812,1.001328623160574,0.0887400058513045,47.190039489908685,1.8412051999999999,4603013,ok,right
4,747,0,3,0.038400000000000004,0.5,5.0,10.0,0.04193270187824965,1.3155202249537468,2.5486571367026705,1.0424538668410892,0.09866540325779423,-0.4944474040785218,1.847864,4619660,ok,right
4,997,0,3,0.038400000000000004,0.5,5.0,10.0,0.34331939071416856,0.003986496881387177,0.8770942109287444,1.343320024782708,0.04894470363633707,-55.173285300182705,1.8460168,4615042,ok,right
4,110,0,3,0.038400000000000004,0.5,5.0,10.0,0.21344139613211155,1.37641236106481,3.3876187655191665,1.2137733165380535,0.3233920525660506,90.80344087902725,1.853588,4633970,ok,right
4,302,0,3,0.038400000000000004,0.5,5.0,10.0,0.15300000458955765,1.5431031698953033,0.0897142602047564,1.1539679397538634,-0.30646694273789643,24.335253887680878,1.8671208,4667802,ok,right
4,900,0,3,0.038400000000000004,0.5,5.0,10.0,0.33154653981328014,-1.209019402834614,0.8452841969082637,1.3335871847534972,0.005327809246112284,2.772889541934756,1.8714579999999998,4678645,ok,right
4,298,0,3,0.038400000000000004,0.5,5.0,10.0,0.16273030899465085,-1.1810604405916434,5.934564203219845,1.1629851596808651,-0.021484800224052365,-4.123911607638277,1.8776792,4694198,ok,right
4,400,0,3,0.038400000000000004,0.5,5.0,10.0,0.37651173993945125,0.3009083640409957,1.1919214201056934,1.377059689913191,0.5505554415125115,37.70764763270476,1.8826488,4706622,ok,right
4,769,0,3,0.038400000000000004,0.5,5.0,10.0,0.0368355505168438,-0.7606928045024897,3.612656769198158,1.037372626642806,-0.08974250839274535,-122.18618775303838,1.8807816,4701954,ok,right
4,219,0,3,0.038400000000000004,0.5,5.0,10.0,0.4951018510386348,0.24048953931224185,4.324920663219733,1.4952749235086258,-0.14456529070294805,90.86583209266543,1.8992559999999998,4748140,ok,right
4,536,0,3,0.038400000000000004,0.5,5.0,10.0,0.5046671900898219,0.071358384663519,4.021206110392383,1.504892969746206,-0.39088702691530636,110.89368174992852,1.9055431999999999,4763858,ok,right
4,304,0,3,0.038400000000000004,0.5,5.0,10.0,0.14617033451795577,-0.07746423599771535,0.7669857755104443,1.147548442503983,-0.022899604919242283,78.31155442327886,1.9089828,4772457,ok,right
4,544,0,3,0.038400000000000004,0.5,5.0,10.0,0.49333029184490446,-0.8343668124012338,0.3442283647330913,1.4944569170752804,0.1023458187952854,-161.7667905937624,1.9104584,4776146,ok,right
4,237,0,3,0.038400000000000004,0.5,5.0,10.0,0.4344479098916054,-0.5159338844626092,3.5137959121380717,1.4344757440825988,-0.3895985922931253,-72.36165831277835,1.9192848,4798212,ok,right
4,945,0,3,0.038400000000000004,0.5,5.0,10.0,0.1679418496787548,-1.510480412556911,3.2485833106829687,1.1689669172662234,0.2735840925586176,68.99762152788357,1.9254968,4813742,ok,right
4,363,0,3,0.038400000000000004,0.5,5.0,10.0,0.06975783128291368,0.6399506547392513,4.287517430619247,1.0700250903705741,-0.0016397897067341397,81.23923455193587,1.9299807999999998,4824952,ok,right
4,364,0,3,0.038400000000000004,0.5,5.0,10.0,0.4220278045162559,0.0692147739711621,4.51220885437608,1.422692127380589,-0.015552267386570328,60.06493308006567,1.9285948,4821487,ok,right
4,885,0,3,0.038400000000000004,0.5,5.0,10.0,0.3625576673075557,0.9405309462731005,3.7984453361977115,1.3631109988875958,0.10765925991880795,40.28393534980212,1.9319567999999998,4829892,ok,right
4,897,0,3,0.038400000000000004,0.5,5.0,10.0,-0.06881571132689715,-0.21465940493524277,5.1480550603342135,0.9314077651485514,0.0022469037705762336,85.62465671455828,1.9305416,4826354,ok,right
4,149,0,3,0.038400000000000004,0.5,5.0,10.0,-0.05927146393805743,0.3777254351342135,4.33341721242654,0.9415600039104182,0.043856354352387585,-19.028222073117817,1.9421944,4855486,ok,right
4,147,0,3,0.038400000000000004,0.5,5.0,10.0,0.047159547172486785,-1.0134803968407304,0.33342229505120025,1.047665169488198,0.14025215941739527,-47.71736031570614,1.951654,4879135,ok,right
4,942,0,3,0.038400000000000004,0.5,5.0,10.0,0.4310335716232658,-1.1860160348852076,2.296956143180272,1.4316198701330876,0.01439639801452992,87.69340878514946,1.9491028,4872757,ok,right
4,390,0,3,0.038400000000000004,0.5,5.0,10.0,0.6976790266111493,0.014409270716704142,1.0386546499180882,1.6981962395998729,-0.21058604113579843,-65.16949252149313,1.961058,4902645,ok,right
4,294,0,3,0.038400000000000004,0.5,5.0,10.0,0.45919416882097724,1.2121424469396231,2.222503012194233,1.4594232649353316,0.18120516002151274,45.34603454919948,1.9680612,4920153,ok,right
4,797,0,3,0.038400000000000004,0.5,5.0,10.0,0.08161407858133317,0.38573176033313594,0.18317528914032674,1.081755519327697,0.1305006892724839,-47.11960117449089,1.9776844,4944211,ok,right
4,61,0,3,0.038400000000000004,0.5,5.0,10.0,0.558672253601253,0.4883666744887455,2.089427187177681,1.559020541034559,0.4623676500872447,-88.47738863871734,1.9848268,4962067,ok,right
4,707,0,3,0.038400000000000004,0.5,5.0,10.0,0.07923899069428444,1.3061674205969793,0.49459272739520177,1.0795913789408633,0.009876278769954209,101.04954175209313,1.9888123999999998,4972031,ok,right
4,796,0,3,0.038400000000000004,0.5,5.0,10.0,0.37649886626750234,-0.4958985936716441,3.6887906496913034,1.3781681691828103,-0.013060502446170777,-40.34605680948451,1.9956235999999998,4989059,ok,right
4,684,0,3,0.038400000000000004,0.5,5.0,10.0,-0.005358339101076127,-1.0249697782932532,0.09069028403720955,0.9948701358888359,-0.13097643335594478,147.67943747133103,1.9982555999999998,4995639,ok,right
4,507,0,3,0.038400000000000004,0.5,5.0,10.0,0.45521470047533513,0.7216475585556202,2.901570607616724,1.4556377862351724,-0.023748705686579455,94.85004098173455,2.0056712,5014178,ok,right
4,512,0,3,0.038400000000000004,0.5,5.0,10.0,0.583217609860003,0.6213082231597604,5.447248791068319,1.5841150684293803,-0.11783027172852686,6.604419738622875,2.0070776,5017694,ok,right
4,594,0,3,0.038400000000000004,0.5,5.0,10.0,0.21297517828643323,-0.48256924423694664,0.4078976126528296,1.2132749105429315,0.11422171929265734,19.27346482999801,2.0057532,5014383,ok,right
4,586,0,3,0.038400000000000004,0.5,5.0,10.0,0.26557399407029153,1.3264141761626091,2.6124449278002078,1.266490270800938,0.12275028677951605,-87.56813330118538,2.0186584,5046646,ok,right
4,539,0,3,0.038400000000000004,0.5,5.0,10.0,0.272288672067225,0.4917974690436538,5.047022795431989,1.27310441853748,0.05522624759255515,-62.145335786151676,2.0233816,5058454,ok,right
4,525,0,3,0.038400000000000004,0.5,5.0,10.0,0.03904196508228779,0.29359428954575767,3.091631704401435,1.0392865759775938,-0.03032126116732641,30.681899366145306,2.0318275999999997,5079569,ok,right
4,636,0,3,0.038400000000000004,0.5,5.0,10.0,0.24034934602677824,-0.5701772924657448,2.707575684618075,1.2409223673061291,0.1692237735916289,-11.812713690007513,2.0441371999999998,5110343,ok,right
4,705,0,3,0.038400000000000004,0.5,5.0,10.0,-0.04958331882953644,0.2010088583567493,3.50515665673555,0.9506422109629624,0.03637043362400894,-59.704065876249956,2.0445268,5111317,ok,right
4,639,0,3,0.038400000000000004,0.5,5.0,10.0,0.13872477021068336,-1.571618724294517,2.5319319351623215,1.1390689398845522,0.26213787614554623,168.49882872435757,2.0481832,5120458,ok,right
4,475,0,3,0.038400000000000004,0.5,5.0,10.0,-0.07677227873355151,0.0703893743311022,0.33995245853300643,0.924508534054683,-0.09118095362196833,47.064425790862025,2.0572128,5143032,ok,right
4,96,0,3,0.038400000000000004,0.5,5.0,10.0,0.38685665354132653,-0.23974009926979684,5.398005194000557,1.3873906680062729,0.2659728461496874,-50.0765022947672,2.0625304,5156326,ok,right
4,337,0,3,0.038400000000000004,0.5,5.0,10.0,0.47900540307164197,0.04753524850336307,4.0602142738446805,1.4791738240243912,-0.266075878811175,63.150610628470524,2.062038,5155095,ok,right
4,150,0,3,0.038400000000000004,0.5,5.0,10.0,0.0800415325909853,-1.7228318897140367,0.002465275900065194,1.081207198811425,0.24622476064907733,-56.40609131334648,2.0772687999999997,5193172,ok,right
4,283,0,3,0.038400000000000004,0.5,5.0,10.0,-0.09615233652293682,0.2679349926757366,2.722309278262818,0.9039108294680767,-0.05208578439033019,71.3664570832905,2.0830683999999997,5207671,ok,right
4,44,0,3,0.038400000000000004,0.5,5.0,10.0,0.3982179107144475,0.37301035943117894,0.9679229192004504,1.3993654064184398,0.25869980884058,2.2018780545059053,2.0939943999999997,5234986,ok,right
4,102,0,3,0.038400000000000004,0.5,5.0,10.0,0.05338944774121046,1.073910852042479,0.6536467195809754,1.0534368702288663,-0.0012400838859939038,-88.68846564168707,2.0968299999999997,5242075,ok,right
4,164,0,3,0.038400000000000004,0.5,5.0,10.0,0.3114154445007444,-1.0849339920618188,2.800404626150382,1.3122746724540044,-0.18752129173187088,-74.28768352324015,2.0983692,5245923,ok,right
4,454,0,3,0.038400000000000004,0.5,5.0,10.0,0.25284271501004696,-0.5656538851741025,2.3798668848826026,1.2531532277724007,0.11432268937017297,8.673726099294663,2.1014936,5253734,ok,right
4,646,0,3,0.038400000000000004,0.5,5.0,10.0,0.6131990857422353,0.4004857319623676,5.445550376825406,1.6132876090024417,-0.08419893639035524,-58.918049900018985,2.1074056,5268514,ok,right
4,291,0,3,0.038400000000000004,0.5,5.0,10.0,0.6645028384402395,-0.3659681789437943,4.875430151406752,1.6645977774733278,0.33083570467556495,18.127054156850544,2.1118272,5279568,ok,right
4,688,0,3,0.038400000000000004,0.5,5.0,10.0,0.40117152854800225,-0.07693718020283387,4.917291796552301,1.4013695431947504,0.16542094839455967,-100.92049469774449,2.1159412,5289853,ok,right
4,65,0,3,0.038400000000000004,0.5,5.0,10.0,0.27844987642019986,0.24402714641286866,1.8453818751051443,1.2800839572262028,-0.1200823754434091,28.23972693358193,2.123452,5308630,ok,right
4,615,0,3,0.038400000000000004,0.5,5.0,10.0,0.6186507752165199,0.5450519126257961,1.3968051466552882,1.618859836978282,0.03343299985217053,-55.75519181366347,2.1207804,5301951,ok,right
4,788,0,3,0.038400000000000004,0.5,5.0,10.0,0.13965771794319154,-1.5198982886132062,1.0373351607160666,1.1398305176438621,0.03137007088101978,-21.763186002446616,2.1215707999999998,5303927,ok,right
4,789,0,3,0.038400000000000004,0.5,5.0,10.0,0.517338540032506,-0.12771263994743112,3.9101831931793885,1.5187424559152314,0.2645003426757267,80.97653326169656,2.1365735999999997,5341434,ok,right
4,608,0,3,0.038400000000000004,0.5,5.0,10.0,0.06380030196160079,1.0880679963106659,4.670623390440225,1.064588756484562,0.002533475874781204,1.85625436053027,2.1429364,5357341,ok,right
4,503,0,3,0.038400000000000004,0.5,5.0,10.0,0.12871423214673997,-0.4741893545471031,5.881625930471153,1.1290716661605078,0.05851052667374177,82.34047142946625,2.145466,5363665,ok,right
4,712,0,3,0.038400000000000004,0.5,5.0,10.0,-0.04692290350794792,-0.2555211760946254,0.044348010472644916,0.953231495411377,-0.016040598454893095,-0.3616101538352691,2.1535675999999997,5383919,ok,right
4,210,0,3,0.038400000000000004,0.5,5.0,10.0,0.09788437839597464,1.2746272236557539,2.1514579931811655,1.0981112201904368,-0.05091064996821029,-109.25599332038124,2.1566212,5391553,ok,right
4,254,0,3,0.038400000000000004,0.5,5.0,10.0,0.29090076982975005,0.3894315985143287,5.080293244959757,1.2909142942983785,0.0012313893177133574,20.804299715510695,2.1567664,5391916,ok,right
4,31,0,3,0.038400000000000004,0.5,5.0,10.0,0.49568105954676867,0.2711371871981844,1.9507787824293874,1.496543276640861,0.2662852286450681,-110.40707842094521,2.1627587999999998,5406897,ok,right
4,203,0,3,0.038400000000000004,0.5,5.0,10.0,0.16431360561400654,-1.1284209806518477,3.1337254927023928,1.1644826284172887,-0.12106544131324527,-105.92217185404432,2.1634108,5408527,ok,right
4,458,0,3,0.038400000000000004,0.5,5.0,10.0,0.05998481120914221,-0.9377371886646102,5.010377045720849,1.0600245919004516,-0.015350287567740732,76.11315016141135,2.1632279999999997,5408070,ok,right
4,28,0,3,0.038400000000000004,0.5,5.0,10.0,0.012243773415684701,-0.4603302180834963,0.9742092698293298,1.012426266878173,-0.1894234221972923,169.52006635991776,2.1650084,5412521,ok,right
4,514,0,3,0.038400000000000004,0.5,5.0,10.0,0.4550726791843772,-1.076351874490019,0.1289364456462142,1.4552068731871657,-0.055952909710083695,58.35460420524244,2.164542,5411355,ok,right
4,806,0,3,0.038400000000000004,0.5,5.0,10.0,0.3930200103670359,0.5752893208997782,3.42365607150904,1.393250913723303,0.3227613273222067,-106.84935610804482,2.1658071999999997,5414518,ok,right
4,783,0,3,0.038400000000000004,0.5,5.0,10.0,0.12483335249125958,-1.9636267075504514,3.1139438866390985,1.1252649713440976,0.12523595302139093,53.9915239542533,2.1719976,5429994,ok,right
4,978,0,3,0.038400000000000004,0.5,5.0,10.0,0.4138513006269932,-0.01858240966859508,1.4358556469567993,1.4152186660419885,0.4449699705422463,34.76781400006626,2.1698576,5424644,ok,right
4,623,0,3,0.038400000000000004,0.5,5.0,10.0,0.3525034748017788,-0.8002409437397646,1.1272257201043916,1.3526074827263652,-0.08386981319683368,97.26801583953177,2.1930744,5482686,ok,right
4,20,0,3,0.038400000000000004,0.5,5.0,10.0,0.4774017177522183,0.8932777367432786,4.14389851300057,1.477876863902814,0.3523664626509195,78.50336941638042,2.2063628,5515907,ok,right
4,424,0,3,0.038400000000000004,0.5,5.0,10.0,0.5156739326193929,0.8520884298403407,2.5457426162154793,1.5177906028595318,-0.3551311677481445,-2.854601348506647,2.2077372,5519343,ok,right
4,913,0,3,0.038400000000000004,0.5,5.0,10.0,0.3266620449721813,1.5914784900333772,4.8688609514189185,1.32728614953551,-0.27727128555121555,59.23831162889807,2.2058508,5514627,ok,right
4,654,0,3,0.038400000000000004,0.5,5.0,10.0,0.25037056617438797,1.647035549295076,3.840839068055379,1.2507629420367619,-0.046215584274537806,28.304018722521533,2.2304656,5576164,ok,right
4,481,0,3,0.038400000000000004,0.5,5.0,10.0,0.5967780342325568,0.48561813592558634,1.0582734507541767,1.59749476279198,0.06815123751012134,37.45468925799958,2.2334228,5583557,ok,right
4,689,0,3,0.038400000000000004,0.5,5.0,10.0,0.5962610380724073,0.7321432805911161,0.43646847734973926,1.597448673570878,-0.11253341771536614,-53.138910755350565,2.2367824,5591956,ok,right
4,322,0,3,0.038400000000000004,0.5,5.0,10.0,0.04223415721207857,-1.0430894258364345,5.6921187895609275,1.0425150538948182,-0.017953127948140073,28.445879566705727,2.2444676,5611169,ok,right
4,658,0,3,0.038400000000000004,0.5,5.0,10.0,0.12796325739473105,-1.727653864307203,3.399668855385206,1.1280006852139233,0.10325030358982368,-113.65653889278842,2.2717595999999998,5679399,ok,right
4,327,0,3,0.038400000000000004,0.5,5.0,10.0,0.64183280877769,-0.056016704160420476,2.1374652622134698,1.642071998302369,0.45711712412204747,-80.69319995183777,2.2766508,5691627,ok,right
4,366,0,3,0.038400000000000004,0.5,5.0,10.0,0.1426920471712947,0.22559930250458501,2.1822147924967408,1.1429828945972107,0.14080337378373822,-71.6385651066491,2.2767256,5691814,ok,right
4,817,0,3,0.038400000000000004,0.5,5.0,10.0,0.05080836415290833,1.4378423325535614,3.9713758305097833,1.0517367187417725,0.17926177118912368,89.36091783580049,2.2845763999999997,5711441,ok,right
4,211,0,3,0.038400000000000004,0.5,5.0,10.0,0.12818096335977316,1.85044450234914,5.7853719115049085,1.1283102014857773,0.19827058831235153,27.215492609632992,2.290914,5727285,ok,right
4,385,0,3,0.038400000000000004,0.5,5.0,10.0,0.49134920407086613,-0.37697460255249027,3.3840037340243083,1.4922362355357628,0.29255806162759396,-37.27725885377234,2.2923736,5730934,ok,right
4,408,0,3,0.038400000000000004,0.5,5.0,10.0,0.20507596638053657,1.251368392440288,4.068407396286831,1.2053084075380152,0.0645678968777925,-118.83640492861947,2.2930788,5732697,ok,right
4,202,0,3,0.038400000000000004,0.5,5.0,10.0,0.17228221688419582,-1.6359795473663687,3.5750005468596346,1.1723404301994382,-0.24141146119217702,-16.089885741770342,2.3101312,5775328,ok,right
4,208,0,3,0.038400000000000004,0.5,5.0,10.0,0.25625213980674744,-1.737982671640824,2.4185299869217065,1.257022532612327,-0.5545082463334099,-52.74298845516391,2.3104952,5776238,ok,right
4,777,0,3,0.038400000000000004,0.5,5.0,10.0,0.41121200975030664,0.9173730277518388,4.776980722501443,1.4115906534161828,0.325762494325927,1.180340409957347,2.3094992,5773748,ok,right
4,617,0,3,0.038400000000000004,0.5,5.0,10.0,0.14862870872020723,-0.998089215282151,2.422028697411328,1.1491586821672843,-0.03626254772835466,91.5513289416442,2.3237031999999997,5809258,ok,right
4,223,0,3,0.038400000000000004,0.5,5.0,10.0,0.12880619931966067,-1.1389667362624563,2.708606535694303,1.1289527321299793,0.030413669939669263,25.289496529973302,2.3247864,5811966,ok,right
4,726,0,3,0.038400000000000004,0.5,5.0,10.0,0.2792024677619338,1.9591241144482197,5.493084557043382,1.279224559883515,-0.032694296449070924,-54.75437114690952,2.326264,5815660,ok,right
4,342,0,3,0.038400000000000004,0.5,5.0,10.0,0.1377072947099805,0.6938732986499249,2.752124800976159,1.1383828524307196,-0.0739102630095883,43.965770130975734,2.3352939999999998,5838235,ok,right
4,305,0,3,0.038400000000000004,0.5,5.0,10.0,0.10875400323420764,-1.54673523196811,2.36821622724309,1.109174898082853,0.09973049858743903,109.09618695306767,2.3452387999999997,5863097,ok,right
4,95,0,3,0.038400000000000004,0.5,5.0,10.0,0.059782941639423375,0.9691487351344636,0.4122507302062201,1.0606848486103582,0.019263595720498516,-21.54435474665813,2.3643883999999997,5910971,ok,right
4,384,0,3,0.038400000000000004,0.5,5.0,10.0,0.42103675529360773,0.4558632978137938,2.713740051285833,1.4218929891643717,0.06671728172988152,127.90663806422414,2.3828139999999998,5957035,ok,right
4,643,0,3,0.038400000000000004,0.5,5.0,10.0,0.10636672899127007,-1.4603600530920577,3.8944750781190596,1.1069110643783464,-0.0006095431343916815,-78.87988538531714,2.386666,5966665,ok,right
4,143,0,3,0.038400000000000004,0.5,5.0,10.0,0.42212413214147093,-0.3197780985168598,3.945224183200131,1.4225661860637007,0.14455563771826238,59.70554610820787,2.3884879999999997,5971220,ok,right
4,692,0,3,0.038400000000000004,0.5,5.0,10.0,0.5721806475892663,-0.00017818680966179284,4.497496041482653,1.572745632670009,-0.4634997623104406,-6.370286615671129,2.3922596,5980649,ok,right
4,860,0,3,0.038400000000000004,0.5,5.0,10.0,0.38443033285439016,-1.0618002418707306,1.209775981236974,1.3849214926160884,-0.0887374805075955,181.57585259885116,2.4052696,6013174,ok,right
4,238,0,3,0.038400000000000004,0.5,5.0,10.0,0.5427609216421843,-0.3192324609795827,1.237267316258568,1.543267946184782,0.29152741660642567,-12.146319186906597,2.408892,6022230,ok,right
4,984,0,3,0.038400000000000004,0.5,5.0,10.0,-0.0658762127161026,0.2621640714172187,1.5444357528397539,0.9345618919081653,0.078563064864546,54.008595669812976,2.43226,6080650,ok,right
4,629,0,3,0.038400000000000004,0.5,5.0,10.0,0.21150193642824888,1.9301637280180453,0.6077625412579164,1.211747421593451,-0.11448646901088433,3.088462013734819,2.4418004,6104501,ok,right
4,326,0,3,0.038400000000000004,0.5,5.0,10.0,0.662476914562285,-0.2521593288133781,5.151813400747034,1.6626381979839688,0.09428064870132796,72.43679098678743,2.4500675999999997,6125169,ok,right
4,878,0,3,0.038400000000000004,0.5,5.0,10.0,0.36733624264597897,0.21220018599751922,4.127594299784646,1.3677444296604717,0.24425262442629658,-25.712303812480943,2.4685724,6171431,ok,right
4,746,0,3,0.038400000000000004,0.5,5.0,10.0,0.3017376113682986,-1.6598960562833782,3.1890392532911167,1.3020485164029227,0.08148382862382972,47.34404834858193,2.473468,6183670,ok,right
4,230,0,3,0.038400000000000004,0.5,5.0,10.0,0.5184080163016915,0.9054915065956277,4.09955653121333,1.5192182089070874,0.33286732112814615,69.17556761083159,2.4774255999999997,6193564,ok,right
4,884,0,3,0.038400000000000004,0.5,5.0,10.0,0.5611837770789861,-0.07981608613055308,2.8834049642704778,1.5614641360239483,-0.0037727435458771883,-72.71733051289657,2.4767031999999998,6191758,ok,right
4,485,0,3,0.038400000000000004,0.5,5.0,10.0,0.6859145579859615,-0.12280609384890089,0.6138679874371136,1.6863046358206053,-0.25255971250110165,63.44885586521518,2.4945768,6236442,ok,right
4,690,0,3,0.038400000000000004,0.5,5.0,10.0,0.5386698853224516,0.0534245297153877,2.105124857002924,1.538671154775001,0.2827673573255644,-54.53405140812662,2.49651,6241275,ok,right
4,979,0,3,0.038400000000000004,0.5,5.0,10.0,0.10496004577726126,0.9149753338714038,5.663800981896288,1.1051415293377753,-0.009220971932314876,-119.23152814597661,2.5006771999999997,6251693,ok,right
4,88,0,3,0.038400000000000004,0.5,5.0,10.0,0.4790729358792305,0.1134361626822243,6.113899162703599,1.4791527967112013,-0.02563197214612904,-14.490161189673174,2.5063996,6265999,ok,right
4,344,0,3,0.038400000000000004,0.5,5.0,10.0,0.042310998216271406,-0.22769308775969224,6.111811400128479,1.0435149566688653,0.015202739992365284,103.5578928267121,2.5071708,6267927,ok,right
4,784,0,3,0.038400000000000004,0.5,5.0,10.0,0.4865347668528557,-0.6705973922946252,0.41796906778079007,1.4867523675687702,-0.06696593281569825,-26.00973770884985,2.5049319999999997,6262330,ok,right
4,515,0,3,0.038400000000000004,0.5,5.0,10.0,0.25848904959857466,1.9541520072391092,5.089124657577826,1.2586053594640432,-0.29539828484157693,-118.93360982993364,2.5153939999999997,6288485,ok,right
4,125,0,3,0.038400000000000004,0.5,5.0,10.0,0.5700575577095152,-0.5440028549254737,3.6875564530020575,1.5704700760798045,0.06541794918405157,-28.320202295435518,2.5724836,6431209,ok,right
4,602,0,3,0.038400000000000004,0.5,5.0,10.0,0.39962276574224237,1.0372178964328416,4.6379438647268065,1.4002541174749432,0.2628594954371561,6.64895470831726,2.584348,6460870,ok,right
4,931,0,3,0.038400000000000004,0.5,5.0,10.0,-0.04581876527518034,0.18756997916998938,3.785585469972665,0.9545371311076699,-0.10367704050577493,87.79196828839238,2.590226,6475565,ok,right
4,29,0,3,0.038400000000000004,0.5,5.0,10.0,0.5798607094213367,0.6825469907213987,3.2659495263527005,1.5809558079581554,-0.23921986855162708,-53.72264213837391,2.5968451999999997,6492113,ok,right
4,975,0,3,0.038400000000000004,0.5,5.0,10.0,0.3501027910038829,-0.30892218576932945,5.196162327006397,1.35011194537955,0.3946715162048502,-50.02763914439165,2.6015832,6503958,ok,right
4,601,0,3,0.038400000000000004,0.5,5.0,10.0,0.3528473855927587,-0.9354452819638482,3.7863946860340474,1.3530473332874016,0.1969846283406186,-81.74673196438266,2.6121187999999997,6530297,ok,right
4,640,0,3,0.038400000000000004,0.5,5.0,10.0,-0.01583520881831646,0.20978272156562758,2.8170628567639806,0.9850267940795471,-0.11853982603249125,20.18057209459304,2.623912,6559780,ok,right
4,39,0,3,0.038400000000000004,0.5,5.0,10.0,0.21717243250459434,-1.792968592503703,4.812892846591273,1.2182628686053762,0.2925784356551123,-156.40342686122344,2.6241388,6560347,ok,right
4,389,0,3,0.038400000000000004,0.5,5.0,10.0,0.18727423138916494,1.099519489724332,5.340787989737192,1.1873705654660318,0.0028982651093556007,153.09777871399163,2.6247491999999997,6561873,ok,right
4,314,0,3,0.038400000000000004,0.5,5.0,10.0,0.03355746567249298,-1.234833189739817,2.8144586738664525,1.0336788936570576,0.13717147235421143,19.295085960979403,2.6510472,6627618,ok,right
4,968,0,3,0.038400000000000004,0.5,5.0,10.0,0.28964258898049594,0.08955859405214713,2.859354454995944,1.290092390710889,0.12118978894619398,-50.22751274284561,2.6551388,6637847,ok,right
4,578,0,3,0.038400000000000004,0.5,5.0,10.0,0.38377108946442606,0.9745810521734823,6.161144966658116,1.3838718604215932,-0.3906973797706818,-195.03810906232923,2.6808791999999997,6702198,ok,right
4,645,0,3,0.038400000000000004,0.5,5.0,10.0,0.2058965737000108,-0.9352637757320753,1.4296972358285422,1.2063659938314253,-0.4166512867107461,85.52454408032165,2.683648,6709120,ok,right
4,622,0,3,0.038400000000000004,0.5,5.0,10.0,0.33150440361350775,1.4768945213718294,0.7774255890220101,1.333354062709234,-0.05742854419128818,201.69400642012874,2.6937599999999997,6734400,ok,right
4,655,0,3,0.038400000000000004,0.5,5.0,10.0,0.6586481545120478,0.11534834645794402,3.8035865730708633,1.6592588884027346,0.17471336386634329,40.14931764633164,2.7102912,6775728,ok,right
4,172,0,3,0.038400000000000004,0.5,5.0,10.0,0.3578875552862883,-0.9517443451726009,1.3175827242548324,1.3583817734616503,0.09531643552287776,-36.56792807006931,2.716824,6792060,ok,right
4,901,0,3,0.038400000000000004,0.5,5.0,10.0,0.2481184769421816,-0.714967523941779,4.098780238123321,1.248291822532048,-0.1774507124538899,-136.67093834516098,2.7191639999999997,6797910,ok,right
4,36,0,3,0.038400000000000004,0.5,5.0,10.0,-0.08379569090902805,-0.34811778803571036,2.5905551982679667,0.9170764600295684,-0.028145622188871143,-68.75707583090293,2.7229031999999997,6807258,ok,right
4,347,0,3,0.038400000000000004,0.5,5.0,10.0,0.11250356249511242,-1.0303323906964408,3.416700017464325,1.1132875301887273,-0.12081206383561005,43.50329752598327,2.7417012,6854253,ok,right
4,262,0,3,0.038400000000000004,0.5,5.0,10.0,-0.08018634542822839,-0.4010042572469169,3.985521101408523,0.9198415098548733,-0.02020238078892546,-179.01161079910628,2.7479648,6869912,ok,right
4,670,0,3,0.038400000000000004,0.5,5.0,10.0,0.5078425930812955,0.7629320362474195,0.7319171231717407,1.5086660682611097,0.06063080544220692,39.49763885057481,2.7607812,6901953,ok,right
4,613,0,3,0.038400000000000004,0.5,5.0,10.0,0.25284652262926105,-0.43496187432319217,1.4902284864323823,1.2532142085099065,0.10421837502666612,-63.64700968600808,2.790148,6975370,ok,right
4,737,0,3,0.038400000000000004,0.5,5.0,10.0,0.42263215575367213,0.4469387311122585,2.510405056127117,1.4226620159517689,-0.05477229705998187,58.35466244503367,2.792668,6981670,ok,right
4,641,0,3,0.038400000000000004,0.5,5.0,10.0,0.21685636080801488,-0.4987869568688435,5.229809884630802,1.2169863228330786,0.11834042738826234,-206.74553106467667,2.8009824,7002456,ok,right
4,678,0,3,0.038400000000000004,0.5,5.0,10.0,-0.06190796699374915,-0.35439674637086604,1.696395607606229,0.9383162142319996,0.09733945160924115,44.031718231649585,2.816872,7042180,ok,right
4,681,0,3,0.038400000000000004,0.5,5.0,10.0,0.15895552206784488,1.9643639548588296,5.5998083617868,1.1593099014181074,-0.22978200424501521,126.72347086302076,2.8326952,7081738,ok,right
4,455,0,3,0.038400000000000004,0.5,5.0,10.0,0.05338349901139736,-0.9040579110065037,5.465960297426237,1.0537403536740984,-0.08138235420377755,3.6521396759021507,2.8411964,7102991,ok,right
4,430,0,3,0.038400000000000004,0.5,5.0,10.0,-0.09708918631076813,0.04742296936698964,6.00404299141597,0.9029668437428787,0.032236963142081264,-112.92979964089228,2.868934,7172335,ok,right
4,467,0,3,0.038400000000000004,0.5,5.0,10.0,0.20602409671992064,-1.667583375944997,3.9641025660862685,1.2069459484712173,-0.08061651925398494,-156.79439679690955,2.875572,7188930,ok,right
4,243,0,3,0.038400000000000004,0.5,5.0,10.0,0.6088759409263731,0.5383504251968227,3.4083759389844728,1.6097469055214053,-0.09847142150758623,-115.96200059561221,2.8818759999999997,7204690,ok,right
4,80,0,3,0.038400000000000004,0.5,5.0,10.0,0.39579047448933125,-0.9252707998816445,4.124855146602207,1.3969019774028981,-0.4156512188077836,2.868341398753036,2.8863532,7215883,ok,right
4,199,0,3,0.038400000000000004,0.5,5.0,10.0,0.02945547290146351,-0.5466524256887451,0.8922249122231866,1.0297778510935645,0.06253105663074607,24.900856052519554,2.9529392,7382348,ok,right
4,501,0,3,0.038400000000000004,0.5,5.0,10.0,0.0009800868108868599,0.07469515537388893,5.368436393884203,1.0013498759981634,-0.22371182762905306,68.75585713388195,2.9549212,7387303,ok,right
4,627,0,3,0.038400000000000004,0.5,5.0,10.0,0.36412041746079926,1.119256318811078,1.511330617443698,1.3642995971788774,-0.11949557683675287,38.07018426155312,2.9826607999999997,7456652,ok,right
4,477,0,3,0.038400000000000004,0.5,5.0,10.0,0.30537977088242774,-0.7801144643641759,2.7033216344140945,1.305922117040007,0.011956921852078348,-71.63687605248964,2.9976211999999998,7494053,ok,right
4,480,0,3,0.038400000000000004,0.5,5.0,10.0,0.47907925806939605,0.48283996483104685,2.535332856892934,1.4801524139013384,0.08826270734315257,-181.8827910215098,3.0116044,7529011,ok,right
4,132,0,3,0.038400000000000004,0.5,5.0,10.0,0.2946256320923567,0.6810270691317014,1.2640483387213644,1.2957549259570227,0.15442587364875612,-14.982764717887617,3.0417356,7604339,ok,right
4,603,0,3,0.038400000000000004,0.5,5.0,10.0,0.09415700435638429,0.4611141506612932,2.9340964347679805,1.0947193323369027,0.18469933418706402,-0.04406137447498726,3.0530728,7632682,ok,right
4,213,0,3,0.038400000000000004,0.5,5.0,10.0,0.5931863065809012,0.5092611411973352,2.4007237986396355,1.593206426354807,0.050778518371474506,-124.91717107640635,3.0717288,7679322,ok,right
4,355,0,3,0.038400000000000004,0.5,5.0,10.0,0.2714480195194483,0.3191684268513137,1.4633499180549785,1.271504307836957,0.6141538707247047,-150.7821855829718,3.0715011999999997,7678753,ok,right
4,610,0,3,0.038400000000000004,0.5,5.0,10.0,0.25849906206130985,-1.0832490570683209,2.711613457013217,1.2590218773724255,-0.2107696237885414,69.259080917029,3.0766183999999996,7691546,ok,right
4,791,0,3,0.038400000000000004,0.5,5.0,10.0,0.14153455868363382,1.0967793864048159,0.8274380812030548,1.1423428760121415,0.3023481031912363,122.59910608534109,3.0823731999999997,7705933,ok,right
4,513,0,3,0.038400000000000004,0.5,5.0,10.0,0.45647021010518074,1.0134977298623054,3.879631499367281,1.456677044481382,-0.12651521481186578,27.99953884590139,3.0858396,7714599,ok,right
4,598,0,3,0.038400000000000004,0.5,5.0,10.0,0.16117253080010416,-1.120401953745409,2.261879311666587,1.1614386286128016,0.11406687916640773,-81.83958843014433,3.0936147999999997,7734037,ok,right
4,977,0,3,0.038400000000000004,0.5,5.0,10.0,0.063279121927917,-1.610869962504552,2.1672557602501463,1.0640065581790377,-0.10304039012434851,-100.2410744156809,3.0931036,7732759,ok,right
4,992,0,3,0.038400000000000004,0.5,5.0,10.0,0.10667429305613041,-0.016862281435269535,0.315920165514396,1.1067463289219595,-0.013136607558937521,69.68643208204021,3.1042524,7760631,ok,right
4,127,0,3,0.038400000000000004,0.5,5.0,10.0,0.17442370001226665,-1.5443912197595546,6.2261254061085305,1.1750261671013291,0.048313882664411764,115.93063023206376,3.109552,7773880,ok,right
4,478,0,3,0.038400000000000004,0.5,5.0,10.0,0.1304931616410613,2.0690455134950243,1.8993314909174772,1.130909387004822,-0.07459122842281284,-34.17434376938499,3.1084076,7771019,ok,right
4,290,0,3,0.038400000000000004,0.5,5.0,10.0,0.1679986771196127,-2.137046307842749,3.5580073372642462,1.1680281906700831,0.28906392388511853,18.31247704689939,3.1519871999999998,7879968,ok,right
4,637,0,3,0.038400000000000004,0.5,5.0,10.0,0.010236665047705174,-0.11763461687700187,5.414723379385798,1.0105129950753604,-0.10953366935042026,37.80883249979167,3.1498348,7874587,ok,right
4,445,0,3,0.038400000000000004,0.5,5.0,10.0,0.6632624693214894,-0.10809346005202933,0.4911903559127727,1.6632784049736868,-0.12361887758664396,82.88567699599079,3.17866,7946650,ok,right
4,559,0,3,0.038400000000000004,0.5,5.0,10.0,0.4972889976575971,-0.2600004647807561,4.939306487083955,1.4974587968793598,-0.38671405259218056,134.71174282339572,3.2257436,8064359,ok,right
4,824,0,3,0.038400000000000004,0.5,5.0,10.0,0.14068294521421196,0.13265154415437772,0.19027733655768006,1.1418023453304795,0.059854027214821096,84.63730453263214,3.2337968,8084492,ok,right
4,321,0,3,0.038400000000000004,0.5,5.0,10.0,0.42689744699746374,1.2904575509920642,6.187469620122741,1.4272685656495117,-0.06347503706335172,-91.70530169306052,3.2539035999999997,8134759,ok,right
4,457,0,3,0.038400000000000004,0.5,5.0,10.0,0.2619492443278432,0.004734051284451496,1.913577374007118,1.2620790225207679,-0.4591770954570257,-44.30960129664078,3.2609196,8152299,ok,right
4,810,0,3,0.038400000000000004,0.5,5.0,10.0,0.09535200726240874,-0.7273609834845619,2.9003394069837043,1.0956843285589914,0.16054556507280945,-91.10877789869687,3.2639907999999997,8159977,ok,right
4,349,0,3,0.038400000000000004,0.5,5.0,10.0,-0.08952410332858562,0.2139863702031532,0.1745651063087942,0.9113033291241036,0.00773823716369544,-53.48229108948362,3.2785716,8196429,ok,right
4,954,0,3,0.038400000000000004,0.5,5.0,10.0,0.5171486383304,-1.0004253626275434,1.8724103618643932,1.5176663615993453,-0.05866807263819061,-31.870794870630554,3.2881411999999997,8220353,ok,right
4,970,0,3,0.038400000000000004,0.5,5.0,10.0,0.1548385435715318,1.785799142508489,5.2701377186869625,1.1549911616550372,-0.1021116020251069,-44.41910090442984,3.2973388,8243347,ok,right
4,257,0,3,0.038400000000000004,0.5,5.0,10.0,0.6314418863505126,-0.5272393807614739,1.7618178088177936,1.6319151389312754,0.4889080064129364,53.853982480760855,3.3004464,8251116,ok,right
4,648,0,3,0.038400000000000004,0.5,5.0,10.0,0.16451574973762037,-2.1514371444976077,4.829355880045554,1.1651112244060067,-0.1937185990978104,-43.19948699201101,3.3287172,8321793,ok,right
4,288,0,3,0.038400000000000004,0.5,5.0,10.0,0.6938606331124902,-0.1836638155116426,3.4825291059329486,1.6940571712549046,-0.23394693560283525,-39.68324476647148,3.3379795999999997,8344949,ok,right
4,359,0,3,0.038400000000000004,0.5,5.0,10.0,0.2615555051714182,1.0419166259856185,4.019338433601862,1.262041418750791,0.06022372504814727,97.0887111670432,3.368582,8421455,ok,right
4,700,0,3,0.038400000000000004,0.5,5.0,10.0,0.6317664900794626,-0.025440585317025408,0.5513079079129768,1.6332971358567496,-0.09218714202307228,-9.993619016351126,3.3865168,8466292,ok,right
4,177,0,3,0.038400000000000004,0.5,5.0,10.0,0.4174979949370027,-0.009342461848389643,1.4476739286756704,1.418762427384247,-0.0688590509966146,-167.60053051220993,3.3897999999999997,8474500,ok,right
4,43,0,3,0.038400000000000004,0.5,5.0,10.0,0.3024922709912062,1.3447498699109062,0.5706163433639585,1.303224516235194,-0.10033042690090892,34.92203824572644,3.4084784,8521196,ok,right
4,261,0,3,0.038400000000000004,0.5,5.0,10.0,0.23954293429851534,0.1906327418639455,1.9850625309422676,1.2405478607516363,-0.061365120493989754,5.657293692316046,3.4322719999999998,8580680,ok,right
4,607,0,3,0.038400000000000004,0.5,5.0,10.0,0.5794799519702792,0.6797415990171526,3.801800285727683,1.5803182085684953,-0.1479551504637668,122.69111341050454,3.4355976,8588994,ok,right
4,582,0,3,0.038400000000000004,0.5,5.0,10.0,0.004969850182533264,-0.29172344891151764,3.0276197079419873,1.005817678670857,0.024247006626898843,266.3084927898018,3.4476212,8619053,ok,right
4,906,0,3,0.038400000000000004,0.5,5.0,10.0,0.3183379953727126,-1.385427327255581,2.9386838181709125,1.3189546293598835,-0.13717025105356842,18.135882279998793,3.479098,8697745,ok,right
4,744,0,3,0.038400000000000004,0.5,5.0,10.0,0.45823805890977387,-0.5423645311674674,5.999788710070932,1.4592511940222284,0.15128487649639047,-54.2203159968042,3.5302439999999997,8825610,ok,right
4,124,0,3,0.038400000000000004,0.5,5.0,10.0,0.5226453224197031,-0.6806121459343369,3.8538808920311247,1.5232274554817278,0.17536121862557597,122.01304275519404,3.5433315999999997,8858329,ok,right
4,757,0,3,0.038400000000000004,0.5,5.0,10.0,0.14264290910214186,1.8581673411588076,2.3450556373687,1.142797951619872,-0.20573968818623592,-178.6082876707251,3.5523955999999997,8880989,ok,right
4,351,0,3,0.038400000000000004,0.5,5.0,10.0,0.6576837405562401,-0.05335947037158526,5.046954323551289,1.6584006807215517,0.35835686976653014,-30.46526489842413,3.5674028,8918507,ok,right
4,542,0,3,0.038400000000000004,0.5,5.0,10.0,0.1083484748378396,1.8681852584505503,0.1798047536811387,1.1093350794284622,0.09081121917567897,-125.31177793725286,3.595202,8988005,ok,right
4,770,0,3,0.038400000000000004,0.5,5.0,10.0,0.32254805229604244,-1.0286537504314612,5.313270831285663,1.3227335326041354,-0.1443534313671402,-90.37125493959641,3.6326228,9081557,ok,right
4,405,0,3,0.038400000000000004,0.5,5.0,10.0,0.12212106417864561,1.2531845834419442,4.6907993450897205,1.122252814492742,-0.062476277379887,162.44565074023453,3.6893043999999997,9223261,ok,right
4,652,0,3,0.038400000000000004,0.5,5.0,10.0,-0.06964903082698584,-0.35651605428634137,4.751946134567511,0.9308895933864287,-0.021879658791543386,-226.08783714307015,3.6895895999999997,9223974,ok,right
4,577,0,3,0.038400000000000004,0.5,5.0,10.0,0.45583938527852297,0.2959022520254849,1.3925228270223438,1.4568850235125306,-0.1491678063156435,-229.2535676805986,3.7206832,9301708,ok,right
4,680,0,3,0.038400000000000004,0.5,5.0,10.0,0.6081623772159219,0.2261608902107514,1.0642527670624156,1.6082205265711824,-0.6777925424129987,114.43522927180496,3.7305699999999997,9326425,ok,right
4,354,0,3,0.038400000000000004,0.5,5.0,10.0,0.11498760897666216,-0.9290822147230893,3.864870929513156,1.1149940513182472,0.23787362560300163,88.70402655686416,3.7608248,9402062,ok,right
4,803,0,3,0.038400000000000004,0.5,5.0,10.0,0.04009449481964111,0.7946673413970152,4.870762793198263,1.040542918610905,0.09012651574957091,-98.57341450709738,3.7816668,9454167,ok,right
4,277,0,3,0.038400000000000004,0.5,5.0,10.0,0.38508934453129773,-1.1493061639904274,5.648657853112763,1.3855726028250936,0.06891509883766996,-47.41416779579303,3.7933684,9483421,ok,right
4,573,0,3,0.038400000000000004,0.5,5.0,10.0,0.2014312392100692,-2.1663773007187204,5.5034554612617415,1.2015280009944984,-0.30025383167740877,-40.98940754044587,3.7924119999999997,9481030,ok,right
4,547,0,3,0.038400000000000004,0.5,5.0,10.0,0.07750534862279893,-0.577017108397641,2.4381601648716975,1.07784371894614,0.057366471337845774,237.10997013207566,3.8454096,9613524,ok,right
4,148,0,3,0.038400000000000004,0.5,5.0,10.0,0.06281057596206666,1.6044528709384867,2.6078439597399914,1.063106470975049,0.11374998507519957,194.58980694619152,3.8747292,9686823,ok,right
4,11,0,3,0.038400000000000004,0.5,5.0,10.0,0.5177630048245192,0.2809730881429879,2.173581062535804,1.5189029687294826,0.22117959280265997,374.1511600804334,3.9398964,9849741,ok,right
4,258,0,3,0.038400000000000004,0.5,5.0,10.0,0.021089181490242484,1.1297385044636816,4.49450777236925,1.0217362371478256,0.27780430086459884,28.03019123864546,4.0157408,10039352,ok,right
4,126,0,3,0.038400000000000004,0.5,5.0,10.0,0.6050025206059217,-0.5501353072211589,4.882990860214908,1.6057049581850298,-0.4777986540041637,-157.62518736883987,4.0322195999999995,10080549,ok,right
4,734,0,3,0.038400000000000004,0.5,5.0,10.0,0.5152983570471407,-0.8840913940722338,5.768410791017589,1.5154108295364612,-0.03597979317343131,-184.4631542218388,4.1995448,10498862,ok,right
4,463,0,3,0.038400000000000004,0.5,5.0,10.0,0.3099007332697511,-1.4855475456440317,5.3861709225870795,1.3119284028247375,0.022398948784924436,3.219911369021689,4.2103668,10525917,ok,right
4,54,0,3,0.038400000000000004,0.5,5.0,10.0,0.24964372161775827,-1.233342780965388,0.1523129519886773,1.251219799721387,-0.054939347736594014,-22.681477929044387,4.2127832,10531958,ok,right
4,497,0,3,0.038400000000000004,0.5,5.0,10.0,0.1061388671398163,0.24657466232129238,3.633107442307923,1.1069658060796286,-0.11011604256327881,-58.9013820703032,4.254568,10636420,ok,right
4,908,0,3,0.038400000000000004,0.5,5.0,10.0,0.23093330301344395,1.9269675079156148,5.636888320213047,1.2312226231627592,-0.037436208607994646,87.36680072625009,4.2570748,10642687,ok,right
4,632,0,3,0.038400000000000004,0.5,5.0,10.0,0.11399048138409854,-0.9788056167374117,6.163856821789197,1.1141400853912373,-0.019823305825925664,-9.756688062066896,4.3129675999999995,10782419,ok,right
4,993,0,3,0.038400000000000004,0.5,5.0,10.0,-0.02800025511533022,-0.01791173520619323,4.242244098128941,0.972056004599908,-0.005421671153417901,-116.99365167025009,4.3388604,10847151,ok,right
4,836,0,3,0.038400000000000004,0.5,5.0,10.0,0.09381401538848877,0.15792237827672215,1.7633020606314107,1.0938728834997746,0.13064745653995818,-25.455536346704008,4.394546399999999,10986366,ok,right
4,134,0,3,0.038400000000000004,0.5,5.0,10.0,0.21685512345284225,2.035635816181598,1.2933468822775909,1.2172003799779552,-0.15927452498647493,108.456155165507,4.459414,11148535,ok,right
4,488,0,3,0.038400000000000004,0.5,5.0,10.0,0.2982408132404089,-1.1671758130058159,2.542947683429596,1.298273366682795,0.055139902294146205,-298.84920095286196,4.8122587999999995,12030647,ok,right
4,401,0,3,0.038400000000000004,0.5,5.0,10.0,0.06104705892503262,-0.937533871092547,5.844433115229681,1.0611368158615042,-0.05504010956856208,-21.592530267386003,4.8269012,12067253,ok,right
4,310,0,3,0.038400000000000004,0.5,5.0,10.0,0.03431203868240118,1.2186162983163427,5.895321667124987,1.0350998249101684,-0.14351953575916132,77.98339229294436,4.8762808,12190702,ok,right
4,926,0,3,0.038400000000000004,0.5,5.0,10.0,0.4278558399528265,-1.12461023955235,6.159722085720842,1.4282349560172638,-0.026827773586571964,-199.70101551038744,4.8774988,12193747,ok,right
4,236,0,3,0.038400000000000004,0.5,5.0,10.0,0.17925063092261553,-0.7277253475983441,0.8373884696195295,1.1795604201089773,0.16939889682464435,60.070218631082106,4.9796268,12449067,ok,right
4,217,0,3,0.038400000000000004,0.5,5.0,10.0,0.33580935653299093,1.045151762393434,2.779648451858124,1.3362189835445206,0.22192206429679306,94.6312364372272,4.9832415999999995,12458104,ok,right
4,709,0,3,0.038400000000000004,0.5,5.0,10.0,0.6968646416440607,0.04357091844002218,5.109516828593601,1.6983828100119271,-0.17767944174895267,53.33799053745648,5.0035352,12508838,ok,right
4,736,0,3,0.038400000000000004,0.5,5.0,10.0,0.41547116804867984,0.3097002945069638,4.8984136989351885,1.4162845115066538,0.012837120977386604,25.709849320904578,5.012671999999999,12531680,ok,right
4,704,0,3,0.038400000000000004,0.5,5.0,10.0,0.4805101595818997,0.10217141910568493,2.6498193628583024,1.4813905792592426,0.1580472945891202,-16.33145529863644,5.0644304,12661076,ok,right
4,569,0,3,0.038400000000000004,0.5,5.0,10.0,0.27053817734122276,1.7019862187487063,3.5494046913866577,1.2705524679223015,-0.3126557943804919,-168.41689455318001,5.075184,12687960,ok,right
4,229,0,3,0.038400000000000004,0.5,5.0,10.0,0.697822248376906,0.2687840000371099,4.021270412956557,1.69866825334359,-0.10849515730505022,76.50401673889455,5.1203704,12800926,ok,right
4,517,0,3,0.038400000000000004,0.5,5.0,10.0,0.15402413848787547,0.6223943756662039,4.456802183860142,1.1552655060498425,-0.13349192761856993,-130.21264342749998,5.153218,12883045,ok,right
4,716,0,3,0.038400000000000004,0.5,5.0,10.0,0.47497071102261545,-1.000177134928206,0.3646449357595105,1.4750820243334353,-0.4097308593705945,107.54195901661029,5.1549672,12887418,ok,right
4,910,0,3,0.038400000000000004,0.5,5.0,10.0,0.2226769419386983,1.802174931417309,5.449568237442572,1.222838596496771,0.1181172054204441,-275.94631824047434,5.2243584,13060896,ok,right
4,133,0,3,0.038400000000000004,0.5,5.0,10.0,0.06794552896171809,1.5116158456690212,0.09342337196129194,1.0683333248012963,-0.2099953651936836,78.27142000808128,5.252456,13131140,ok,right
4,498,0,3,0.038400000000000004,0.5,5.0,10.0,0.6641776744276285,-0.19862896176393438,0.15370265101807715,1.6643584613713194,-0.051969737011076655,90.08948751489176,5.368258,13420645,ok,right
4,307,0,3,0.038400000000000004,0.5,5.0,10.0,0.3280888529494405,1.0823669401748934,0.10127089463639628,1.328304185795798,-0.04488938513233083,132.60270302816463,5.4216092,13554023,ok,right
4,995,0,3,0.038400000000000004,0.5,5.0,10.0,0.6187006138265133,-0.2579812685847016,3.2849886722324046,1.618978458438687,0.3287925930698245,-119.31221749111769,5.491073999999999,13727685,ok,right
4,490,0,3,0.038400000000000004,0.5,5.0,10.0,0.1463163649663329,1.9782238773532395,1.3669457919904566,1.147449694022236,-0.02043649653105191,-64.89188753174695,5.578037999999999,13945095,ok,right
4,960,0,3,0.038400000000000004,0.5,5.0,10.0,0.6945378787815571,-0.0180900785435966,6.194051704030098,1.6955335714507742,0.21722829340743793,-28.710440870225487,5.6916516,14229129,ok,right
4,537,0,3,0.038400000000000004,0.5,5.0,10.0,0.28916130382567645,-1.779064602619008,4.328034389261778,1.2894761427423067,0.2821546344237541,72.02938938754147,6.0705428,15176357,ok,right
4,852,0,3,0.038400000000000004,0.5,5.0,10.0,0.4373518016189337,0.217514112601012,4.6441407067130065,1.437572043097848,-0.16639273284673156,-161.37343602867352,6.2874276,15718569,ok,right
4,924,0,3,0.038400000000000004,0.5,5.0,10.0,0.523615600168705,-0.36574052221547687,4.224643095810831,1.5251011087981587,-0.31738145364204895,-107.74038380909393,6.5310068,16327517,ok,right
4,722,0,3,0.038400000000000004,0.5,5.0,10.0,0.0553081288933754,1.3079573515134315,0.11638102437680775,1.0555334700661416,0.03134787239009596,-10.142971590330987,6.9423932,17355983,ok,right
4,941,0,3,0.038400000000000004,0.5,5.0,10.0,0.27992876004427675,-0.8048531089577555,0.17080733350818803,1.280672878413619,0.14827459446119484,-50.187159605956126,7.9088047999999995,19772012,ok,right
4,448,0,3,0.038400000000000004,0.5,5.0,10.0,-0.05811998285353184,0.1862671498740197,0.6006447630824567,0.9422253445496432,-0.08727249668271378,54.7433183816464,8.3959408,20989852,ok,right
