x,phi,count
0.005,0.08726646259971647,466
0.005,0.2617993877991494,560
0.005,0.4363323129985824,578
0.005,0.6108652381980153,646
0.005,0.7853981633974483,711
0.005,0.9599310885968811,667
0.005,1.1344640137963142,813
0.005,1.308996938995747,732
0.005,1.4835298641951802,722
0.005,1.658062789394613,677
0.005,1.8325957145940461,672
0.005,2.007128639793479,656
0.005,2.181661564992912,673
0.005,2.356194490192345,648
0.005,2.530727415391778,688
0.005,2.705260340591211,619
0.005,2.879793265790644,583
0.005,3.0543261909900767,459
0.005,3.2288591161895095,411
0.005,3.4033920413889422,335
0.005,3.577924966588375,275
0.005,3.752457891787808,222
0.005,3.9269908169872414,167
0.005,4.101523742186675,128
0.005,4.276056667386107,97
0.005,4.4505895925855405,99
0.005,4.625122517784973,91
0.005,4.799655442984406,85
0.005,4.974188368183839,115
0.005,5.148721293383272,104
0.005,5.323254218582705,134
0.005,5.497787143782138,162
0.005,5.672320068981571,205
0.005,5.8468529941810035,243
0.005,6.021385919380437,305
0.005,6.19591884457987,347
0.015,0.08726646259971647,457
0.015,0.2617993877991494,573
0.015,0.4363323129985824,605
0.015,0.6108652381980153,669
0.015,0.7853981633974483,708
0.015,0.9599310885968811,698
0.015,1.1344640137963142,723
0.015,1.308996938995747,696
0.015,1.4835298641951802,705
0.015,1.658062789394613,710
0.015,1.8325957145940461,762
0.015,2.007128639793479,716
0.015,2.181661564992912,690
0.015,2.356194490192345,684
0.015,2.530727415391778,650
0.015,2.705260340591211,583
0.015,2.879793265790644,523
0.015,3.0543261909900767,505
0.015,3.2288591161895095,417
0.015,3.4033920413889422,316
0.015,3.577924966588375,260
0.015,3.752457891787808,201
0.015,3.9269908169872414,161
0.015,4.101523742186675,106
0.015,4.276056667386107,123
0.015,4.4505895925855405,133
0.015,4.625122517784973,99
0.015,4.799655442984406,91
0.015,4.974188368183839,102
0.015,5.148721293383272,101
0.015,5.323254218582705,145
0.015,5.497787143782138,139
0.015,5.672320068981571,184
0.015,5.8468529941810035,249
0.015,6.021385919380437,312
0.015,6.19591884457987,388
0.025,0.08726646259971647,428
0.025,0.2617993877991494,525
0.025,0.4363323129985824,608
0.025,0.6108652381980153,611
0.025,0.7853981633974483,673
0.025,0.9599310885968811,683
0.025,1.1344640137963142,695
0.025,1.308996938995747,686
0.025,1.4835298641951802,691
0.025,1.658062789394613,709
0.025,1.8325957145940461,724
0.025,2.007128639793479,696
0.025,2.181661564992912,679
0.025,2.356194490192345,652
0.025,2.530727415391778,664
0.025,2.705260340591211,596
0.025,2.879793265790644,512
0.025,3.0543261909900767,435
0.025,3.2288591161895095,408
0.025,3.4033920413889422,330
0.025,3.577924966588375,247
0.025,3.752457891787808,168
0.025,3.9269908169872414,157
0.025,4.101523742186675,134
0.025,4.276056667386107,125
0.025,4.4505895925855405,100
0.025,4.625122517784973,97
0.025,4.799655442984406,89
0.025,4.974188368183839,112
0.025,5.148721293383272,103
0.025,5.323254218582705,131
0.025,5.497787143782138,164
0.025,5.672320068981571,207
0.025,5.8468529941810035,237
0.025,6.021385919380437,332
0.025,6.19591884457987,380
0.035,0.08726646259971647,431
0.035,0.2617993877991494,537
0.035,0.4363323129985824,544
0.035,0.6108652381980153,606
0.035,0.7853981633974483,609
0.035,0.9599310885968811,678
0.035,1.1344640137963142,691
0.035,1.308996938995747,696
0.035,1.4835298641951802,690
0.035,1.658062789394613,697
0.035,1.8325957145940461,744
0.035,2.007128639793479,691
0.035,2.181661564992912,639
0.035,2.356194490192345,702
0.035,2.530727415391778,650
0.035,2.705260340591211,546
0.035,2.879793265790644,491
0.035,3.0543261909900767,416
0.035,3.2288591161895095,368
0.035,3.4033920413889422,307
0.035,3.577924966588375,255
0.035,3.752457891787808,187
0.035,3.9269908169872414,205
0.035,4.101523742186675,149
0.035,4.276056667386107,110
0.035,4.4505895925855405,96
0.035,4.625122517784973,85
0.035,4.799655442984406,87
0.035,4.974188368183839,121
0.035,5.148721293383272,124
0.035,5.323254218582705,128
0.035,5.497787143782138,155
0.035,5.672320068981571,193
0.035,5.8468529941810035,255
0.035,6.021385919380437,290
0.035,6.19591884457987,385
0.045,0.08726646259971647,475
0.045,0.2617993877991494,484
0.045,0.4363323129985824,591
0.045,0.6108652381980153,611
0.045,0.7853981633974483,672
0.045,0.9599310885968811,726
0.045,1.1344640137963142,698
0.045,1.308996938995747,724
0.045,1.4835298641951802,720
0.045,1.658062789394613,655
0.045,1.8325957145940461,712
0.045,2.007128639793479,678
0.045,2.181661564992912,692
0.045,2.356194490192345,674
0.045,2.530727415391778,608
0.045,2.705260340591211,593
0.045,2.879793265790644,561
0.045,3.0543261909900767,445
0.045,3.2288591161895095,377
0.045,3.4033920413889422,301
0.045,3.577924966588375,271
0.045,3.752457891787808,190
0.045,3.9269908169872414,162
0.045,4.101523742186675,119
0.045,4.276056667386107,101
0.045,4.4505895925855405,112
0.045,4.625122517784973,80
0.045,4.799655442984406,106
0.045,4.974188368183839,86
0.045,5.148721293383272,96
0.045,5.323254218582705,131
0.045,5.497787143782138,180
0.045,5.672320068981571,246
0.045,5.8468529941810035,276
0.045,6.021385919380437,327
0.045,6.19591884457987,364
0.055,0.08726646259971647,455
0.055,0.2617993877991494,550
0.055,0.4363323129985824,618
0.055,0.6108652381980153,696
0.055,0.7853981633974483,687
0.055,0.9599310885968811,747
0.055,1.1344640137963142,781
0.055,1.308996938995747,774
0.055,1.4835298641951802,721
0.055,1.658062789394613,702
0.055,1.8325957145940461,692
0.055,2.007128639793479,727
0.055,2.181661564992912,657
0.055,2.356194490192345,684
0.055,2.530727415391778,621
0.055,2.705260340591211,597
0.055,2.879793265790644,503
0.055,3.0543261909900767,465
0.055,3.2288591161895095,382
0.055,3.4033920413889422,285
0.055,3.577924966588375,230
0.055,3.752457891787808,186
0.055,3.9269908169872414,167
0.055,4.101523742186675,127
0.055,4.276056667386107,101
0.055,4.4505895925855405,118
0.055,4.625122517784973,98
0.055,4.799655442984406,125
0.055,4.974188368183839,85
0.055,5.148721293383272,115
0.055,5.323254218582705,126
0.055,5.497787143782138,135
0.055,5.672320068981571,164
0.055,5.8468529941810035,236
0.055,6.021385919380437,329
0.055,6.19591884457987,409
0.065,0.08726646259971647,468
0.065,0.2617993877991494,513
0.065,0.4363323129985824,601
0.065,0.6108652381980153,648
0.065,0.7853981633974483,697
0.065,0.9599310885968811,732
0.065,1.1344640137963142,724
0.065,1.308996938995747,710
0.065,1.4835298641951802,724
0.065,1.658062789394613,708
0.065,1.8325957145940461,744
0.065,2.007128639793479,699
0.065,2.181661564992912,735
0.065,2.356194490192345,676
0.065,2.530727415391778,663
0.065,2.705260340591211,603
0.065,2.879793265790644,556
0.065,3.0543261909900767,447
0.065,3.2288591161895095,382
0.065,3.4033920413889422,315
0.065,3.577924966588375,257
0.065,3.752457891787808,224
0.065,3.9269908169872414,148
0.065,4.101523742186675,139
0.065,4.276056667386107,133
0.065,4.4505895925855405,111
0.065,4.625122517784973,94
0.065,4.799655442984406,104
0.065,4.974188368183839,98
0.065,5.148721293383272,102
0.065,5.323254218582705,124
0.065,5.497787143782138,168
0.065,5.672320068981571,197
0.065,5.8468529941810035,245
0.065,6.021385919380437,335
0.065,6.19591884457987,370
0.075,0.08726646259971647,426
0.075,0.2617993877991494,513
0.075,0.4363323129985824,567
0.075,0.6108652381980153,625
0.075,0.7853981633974483,669
0.075,0.9599310885968811,717
0.075,1.1344640137963142,741
0.075,1.308996938995747,707
0.075,1.4835298641951802,741
0.075,1.658062789394613,704
0.075,1.8325957145940461,723
0.075,2.007128639793479,782
0.075,2.181661564992912,773
0.075,2.356194490192345,709
0.075,2.530727415391778,650
0.075,2.705260340591211,626
0.075,2.879793265790644,530
0.075,3.0543261909900767,499
0.075,3.2288591161895095,387
0.075,3.4033920413889422,326
0.075,3.577924966588375,273
0.075,3.752457891787808,220
0.075,3.9269908169872414,180
0.075,4.101523742186675,146
0.075,4.276056667386107,126
0.075,4.4505895925855405,130
0.075,4.625122517784973,125
0.075,4.799655442984406,98
0.075,4.974188368183839,104
0.075,5.148721293383272,114
0.075,5.323254218582705,126
0.075,5.497787143782138,165
0.075,5.672320068981571,204
0.075,5.8468529941810035,240
0.075,6.021385919380437,300
0.075,6.19591884457987,345
0.085,0.08726646259971647,459
0.085,0.2617993877991494,505
0.085,0.4363323129985824,584
0.085,0.6108652381980153,636
0.085,0.7853981633974483,735
0.085,0.9599310885968811,738
0.085,1.1344640137963142,775
0.085,1.308996938995747,696
0.085,1.4835298641951802,689
0.085,1.658062789394613,710
0.085,1.8325957145940461,734
0.085,2.007128639793479,720
0.085,2.181661564992912,717
0.085,2.356194490192345,702
0.085,2.530727415391778,633
0.085,2.705260340591211,609
0.085,2.879793265790644,607
0.085,3.0543261909900767,487
0.085,3.2288591161895095,369
0.085,3.4033920413889422,346
0.085,3.577924966588375,263
0.085,3.752457891787808,220
0.085,3.9269908169872414,191
0.085,4.101523742186675,148
0.085,4.276056667386107,128
0.085,4.4505895925855405,137
0.085,4.625122517784973,105
0.085,4.799655442984406,104
0.085,4.974188368183839,101
0.085,5.148721293383272,128
0.085,5.323254218582705,143
0.085,5.497787143782138,182
0.085,5.672320068981571,210
0.085,5.8468529941810035,236
0.085,6.021385919380437,291
0.085,6.19591884457987,354
0.095,0.08726646259971647,457
0.095,0.2617993877991494,553
0.095,0.4363323129985824,641
0.095,0.6108652381980153,719
0.095,0.7853981633974483,736
0.095,0.9599310885968811,796
0.095,1.1344640137963142,779
0.095,1.308996938995747,809
0.095,1.4835298641951802,750
0.095,1.658062789394613,772
0.095,1.8325957145940461,791
0.095,2.007128639793479,739
0.095,2.181661564992912,753
0.095,2.356194490192345,695
0.095,2.530727415391778,658
0.095,2.705260340591211,611
0.095,2.879793265790644,569
0.095,3.0543261909900767,478
0.095,3.2288591161895095,422
0.095,3.4033920413889422,321
0.095,3.577924966588375,258
0.095,3.752457891787808,226
0.095,3.9269908169872414,183
0.095,4.101523742186675,152
0.095,4.276056667386107,115
0.095,4.4505895925855405,102
0.095,4.625122517784973,92
0.095,4.799655442984406,102
0.095,4.974188368183839,99
0.095,5.148721293383272,118
0.095,5.323254218582705,132
0.095,5.497787143782138,159
0.095,5.672320068981571,224
0.095,5.8468529941810035,256
0.095,6.021385919380437,313
0.095,6.19591884457987,383
0.105,0.08726646259971647,479
0.105,0.2617993877991494,632
0.105,0.4363323129985824,678
0.105,0.6108652381980153,744
0.105,0.7853981633974483,771
0.105,0.9599310885968811,752
0.105,1.1344640137963142,872
0.105,1.308996938995747,845
0.105,1.4835298641951802,815
0.105,1.658062789394613,804
0.105,1.8325957145940461,813
0.105,2.007128639793479,774
0.105,2.181661564992912,726
0.105,2.356194490192345,762
0.105,2.530727415391778,670
0.105,2.705260340591211,678
0.105,2.879793265790644,615
0.105,3.0543261909900767,469
0.105,3.2288591161895095,411
0.105,3.4033920413889422,333
0.105,3.577924966588375,243
0.105,3.752457891787808,228
0.105,3.9269908169872414,176
0.105,4.101523742186675,158
0.105,4.276056667386107,111
0.105,4.4505895925855405,110
0.105,4.625122517784973,108
0.105,4.799655442984406,112
0.105,4.974188368183839,105
0.105,5.148721293383272,116
0.105,5.323254218582705,144
0.105,5.497787143782138,175
0.105,5.672320068981571,240
0.105,5.8468529941810035,289
0.105,6.021385919380437,318
0.105,6.19591884457987,419
0.115,0.08726646259971647,515
0.115,0.2617993877991494,594
0.115,0.4363323129985824,728
0.115,0.6108652381980153,846
0.115,0.7853981633974483,775
0.115,0.9599310885968811,760
0.115,1.1344640137963142,821
0.115,1.308996938995747,882
0.115,1.4835298641951802,812
0.115,1.658062789394613,797
0.115,1.8325957145940461,833
0.115,2.007128639793479,789
0.115,2.181661564992912,823
0.115,2.356194490192345,765
0.115,2.530727415391778,732
0.115,2.705260340591211,686
0.115,2.879793265790644,623
0.115,3.0543261909900767,557
0.115,3.2288591161895095,441
0.115,3.4033920413889422,338
0.115,3.577924966588375,280
0.115,3.752457891787808,232
0.115,3.9269908169872414,180
0.115,4.101523742186675,146
0.115,4.276056667386107,137
0.115,4.4505895925855405,135
0.115,4.625122517784973,92
0.115,4.799655442984406,109
0.115,4.974188368183839,102
0.115,5.148721293383272,118
0.115,5.323254218582705,161
0.115,5.497787143782138,198
0.115,5.672320068981571,248
0.115,5.8468529941810035,274
0.115,6.021385919380437,374
0.115,6.19591884457987,432
0.125,0.08726646259971647,558
0.125,0.2617993877991494,695
0.125,0.4363323129985824,715
0.125,0.6108652381980153,799
0.125,0.7853981633974483,807
0.125,0.9599310885968811,809
0.125,1.1344640137963142,857
0.125,1.308996938995747,870
0.125,1.4835298641951802,815
0.125,1.658062789394613,851
0.125,1.8325957145940461,844
0.125,2.007128639793479,812
0.125,2.181661564992912,785
0.125,2.356194490192345,829
0.125,2.530727415391778,708
0.125,2.705260340591211,726
0.125,2.879793265790644,619
0.125,3.0543261909900767,523
0.125,3.2288591161895095,472
0.125,3.4033920413889422,368
0.125,3.577924966588375,297
0.125,3.752457891787808,228
0.125,3.9269908169872414,210
0.125,4.101523742186675,160
0.125,4.276056667386107,128
0.125,4.4505895925855405,136
0.125,4.625122517784973,99
0.125,4.799655442984406,126
0.125,4.974188368183839,114
0.125,5.148721293383272,141
0.125,5.323254218582705,153
0.125,5.497787143782138,172
0.125,5.672320068981571,244
0.125,5.8468529941810035,278
0.125,6.021385919380437,397
0.125,6.19591884457987,473
0.135,0.08726646259971647,547
0.135,0.2617993877991494,636
0.135,0.4363323129985824,678
0.135,0.6108652381980153,737
0.135,0.7853981633974483,806
0.135,0.9599310885968811,855
0.135,1.1344640137963142,898
0.135,1.308996938995747,902
0.135,1.4835298641951802,821
0.135,1.658062789394613,888
0.135,1.8325957145940461,877
0.135,2.007128639793479,835
0.135,2.181661564992912,842
0.135,2.356194490192345,866
0.135,2.530727415391778,764
0.135,2.705260340591211,680
0.135,2.879793265790644,639
0.135,3.0543261909900767,552
0.135,3.2288591161895095,458
0.135,3.4033920413889422,439
0.135,3.577924966588375,297
0.135,3.752457891787808,261
0.135,3.9269908169872414,208
0.135,4.101523742186675,158
0.135,4.276056667386107,131
0.135,4.4505895925855405,125
0.135,4.625122517784973,117
0.135,4.799655442984406,108
0.135,4.974188368183839,124
0.135,5.148721293383272,135
0.135,5.323254218582705,180
0.135,5.497787143782138,230
0.135,5.672320068981571,234
0.135,5.8468529941810035,298
0.135,6.021385919380437,371
0.135,6.19591884457987,481
0.145,0.08726646259971647,573
0.145,0.2617993877991494,689
0.145,0.4363323129985824,768
0.145,0.6108652381980153,874
0.145,0.7853981633974483,867
0.145,0.9599310885968811,888
0.145,1.1344640137963142,926
0.145,1.308996938995747,924
0.145,1.4835298641951802,913
0.145,1.658062789394613,893
0.145,1.8325957145940461,898
0.145,2.007128639793479,909
0.145,2.181661564992912,841
0.145,2.356194490192345,881
0.145,2.530727415391778,837
0.145,2.705260340591211,759
0.145,2.879793265790644,695
0.145,3.0543261909900767,584
0.145,3.2288591161895095,452
0.145,3.4033920413889422,407
0.145,3.577924966588375,343
0.145,3.752457891787808,267
0.145,3.9269908169872414,226
0.145,4.101523742186675,186
0.145,4.276056667386107,156
0.145,4.4505895925855405,140
0.145,4.625122517784973,124
0.145,4.799655442984406,143
0.145,4.974188368183839,130
0.145,5.148721293383272,144
0.145,5.323254218582705,180
0.145,5.497787143782138,211
0.145,5.672320068981571,237
0.145,5.8468529941810035,314
0.145,6.021385919380437,372
0.145,6.19591884457987,500
0.155,0.08726646259971647,593
0.155,0.2617993877991494,701
0.155,0.4363323129985824,778
0.155,0.6108652381980153,841
0.155,0.7853981633974483,883
0.155,0.9599310885968811,973
0.155,1.1344640137963142,974
0.155,1.308996938995747,971
0.155,1.4835298641951802,923
0.155,1.658062789394613,1009
0.155,1.8325957145940461,929
0.155,2.007128639793479,956
0.155,2.181661564992912,915
0.155,2.356194490192345,961
0.155,2.530727415391778,863
0.155,2.705260340591211,766
0.155,2.879793265790644,722
0.155,3.0543261909900767,605
0.155,3.2288591161895095,564
0.155,3.4033920413889422,437
0.155,3.577924966588375,342
0.155,3.752457891787808,277
0.155,3.9269908169872414,203
0.155,4.101523742186675,190
0.155,4.276056667386107,202
0.155,4.4505895925855405,137
0.155,4.625122517784973,132
0.155,4.799655442984406,129
0.155,4.974188368183839,140
0.155,5.148721293383272,189
0.155,5.323254218582705,213
0.155,5.497787143782138,239
0.155,5.672320068981571,286
0.155,5.8468529941810035,366
0.155,6.021385919380437,422
0.155,6.19591884457987,546
0.165,0.08726646259971647,697
0.165,0.2617993877991494,796
0.165,0.4363323129985824,884
0.165,0.6108652381980153,921
0.165,0.7853981633974483,997
0.165,0.9599310885968811,987
0.165,1.1344640137963142,1028
0.165,1.308996938995747,1062
0.165,1.4835298641951802,1003
0.165,1.658062789394613,1040
0.165,1.8325957145940461,969
0.165,2.007128639793479,984
0.165,2.181661564992912,949
0.165,2.356194490192345,926
0.165,2.530727415391778,879
0.165,2.705260340591211,848
0.165,2.879793265790644,782
0.165,3.0543261909900767,688
0.165,3.2288591161895095,614
0.165,3.4033920413889422,489
0.165,3.577924966588375,365
0.165,3.752457891787808,296
0.165,3.9269908169872414,239
0.165,4.101523742186675,201
0.165,4.276056667386107,201
0.165,4.4505895925855405,161
0.165,4.625122517784973,163
0.165,4.799655442984406,169
0.165,4.974188368183839,176
0.165,5.148721293383272,192
0.165,5.323254218582705,191
0.165,5.497787143782138,261
0.165,5.672320068981571,321
0.165,5.8468529941810035,341
0.165,6.021385919380437,448
0.165,6.19591884457987,555
0.175,0.08726646259971647,676
0.175,0.2617993877991494,820
0.175,0.4363323129985824,996
0.175,0.6108652381980153,1015
0.175,0.7853981633974483,1077
0.175,0.9599310885968811,1106
0.175,1.1344640137963142,1115
0.175,1.308996938995747,1095
0.175,1.4835298641951802,1097
0.175,1.658062789394613,1160
0.175,1.8325957145940461,1066
0.175,2.007128639793479,1046
0.175,2.181661564992912,1059
0.175,2.356194490192345,1041
0.175,2.530727415391778,988
0.175,2.705260340591211,881
0.175,2.879793265790644,877
0.175,3.0543261909900767,690
0.175,3.2288591161895095,610
0.175,3.4033920413889422,527
0.175,3.577924966588375,435
0.175,3.752457891787808,309
0.175,3.9269908169872414,286
0.175,4.101523742186675,210
0.175,4.276056667386107,178
0.175,4.4505895925855405,171
0.175,4.625122517784973,188
0.175,4.799655442984406,168
0.175,4.974188368183839,169
0.175,5.148721293383272,197
0.175,5.323254218582705,255
0.175,5.497787143782138,256
0.175,5.672320068981571,330
0.175,5.8468529941810035,408
0.175,6.021385919380437,462
0.175,6.19591884457987,554
0.185,0.08726646259971647,839
0.185,0.2617993877991494,928
0.185,0.4363323129985824,1061
0.185,0.6108652381980153,1170
0.185,0.7853981633974483,1176
0.185,0.9599310885968811,1208
0.185,1.1344640137963142,1239
0.185,1.308996938995747,1180
0.185,1.4835298641951802,1251
0.185,1.658062789394613,1185
0.185,1.8325957145940461,1142
0.185,2.007128639793479,1219
0.185,2.181661564992912,1200
0.185,2.356194490192345,1176
0.185,2.530727415391778,1041
0.185,2.705260340591211,970
0.185,2.879793265790644,873
0.185,3.0543261909900767,781
0.185,3.2288591161895095,668
0.185,3.4033920413889422,570
0.185,3.577924966588375,457
0.185,3.752457891787808,375
0.185,3.9269908169872414,290
0.185,4.101523742186675,238
0.185,4.276056667386107,203
0.185,4.4505895925855405,173
0.185,4.625122517784973,182
0.185,4.799655442984406,167
0.185,4.974188368183839,166
0.185,5.148721293383272,196
0.185,5.323254218582705,228
0.185,5.497787143782138,289
0.185,5.672320068981571,372
0.185,5.8468529941810035,466
0.185,6.021385919380437,588
0.185,6.19591884457987,661
0.195,0.08726646259971647,959
0.195,0.2617993877991494,1024
0.195,0.4363323129985824,1114
0.195,0.6108652381980153,1225
0.195,0.7853981633974483,1321
0.195,0.9599310885968811,1349
0.195,1.1344640137963142,1375
0.195,1.308996938995747,1362
0.195,1.4835298641951802,1418
0.195,1.658062789394613,1368
0.195,1.8325957145940461,1363
0.195,2.007128639793479,1389
0.195,2.181661564992912,1356
0.195,2.356194490192345,1341
0.195,2.530727415391778,1220
0.195,2.705260340591211,1152
0.195,2.879793265790644,955
0.195,3.0543261909900767,846
0.195,3.2288591161895095,737
0.195,3.4033920413889422,684
0.195,3.577924966588375,471
0.195,3.752457891787808,394
0.195,3.9269908169872414,296
0.195,4.101523742186675,287
0.195,4.276056667386107,201
0.195,4.4505895925855405,185
0.195,4.625122517784973,174
0.195,4.799655442984406,183
0.195,4.974188368183839,208
0.195,5.148721293383272,224
0.195,5.323254218582705,260
0.195,5.497787143782138,310
0.195,5.672320068981571,391
0.195,5.8468529941810035,538
0.195,6.021385919380437,610
0.195,6.19591884457987,773
0.205,0.08726646259971647,963
0.205,0.2617993877991494,1114
0.205,0.4363323129985824,1172
0.205,0.6108652381980153,1397
0.205,0.7853981633974483,1457
0.205,0.9599310885968811,1461
0.205,1.1344640137963142,1485
0.205,1.308996938995747,1536
0.205,1.4835298641951802,1611
0.205,1.658062789394613,1510
0.205,1.8325957145940461,1500
0.205,2.007128639793479,1487
0.205,2.181661564992912,1475
0.205,2.356194490192345,1388
0.205,2.530727415391778,1312
0.205,2.705260340591211,1247
0.205,2.879793265790644,1067
0.205,3.0543261909900767,933
0.205,3.2288591161895095,812
0.205,3.4033920413889422,685
0.205,3.577924966588375,498
0.205,3.752457891787808,376
0.205,3.9269908169872414,303
0.205,4.101523742186675,258
0.205,4.276056667386107,235
0.205,4.4505895925855405,194
0.205,4.625122517784973,194
0.205,4.799655442984406,193
0.205,4.974188368183839,221
0.205,5.148721293383272,238
0.205,5.323254218582705,264
0.205,5.497787143782138,335
0.205,5.672320068981571,394
0.205,5.8468529941810035,495
0.205,6.021385919380437,628
0.205,6.19591884457987,804
0.215,0.08726646259971647,1005
0.215,0.2617993877991494,1225
0.215,0.4363323129985824,1347
0.215,0.6108652381980153,1489
0.215,0.7853981633974483,1502
0.215,0.9599310885968811,1634
0.215,1.1344640137963142,1690
0.215,1.308996938995747,1628
0.215,1.4835298641951802,1635
0.215,1.658062789394613,1686
0.215,1.8325957145940461,1704
0.215,2.007128639793479,1631
0.215,2.181661564992912,1662
0.215,2.356194490192345,1650
0.215,2.530727415391778,1523
0.215,2.705260340591211,1380
0.215,2.879793265790644,1223
0.215,3.0543261909900767,1058
0.215,3.2288591161895095,818
0.215,3.4033920413889422,692
0.215,3.577924966588375,549
0.215,3.752457891787808,438
0.215,3.9269908169872414,335
0.215,4.101523742186675,262
0.215,4.276056667386107,268
0.215,4.4505895925855405,229
0.215,4.625122517784973,204
0.215,4.799655442984406,220
0.215,4.974188368183839,223
0.215,5.148721293383272,242
0.215,5.323254218582705,299
0.215,5.497787143782138,329
0.215,5.672320068981571,436
0.215,5.8468529941810035,534
0.215,6.021385919380437,699
0.215,6.19591884457987,876
0.225,0.08726646259971647,1148
0.225,0.2617993877991494,1293
0.225,0.4363323129985824,1437
0.225,0.6108652381980153,1566
0.225,0.7853981633974483,1690
0.225,0.9599310885968811,1751
0.225,1.1344640137963142,1714
0.225,1.308996938995747,1793
0.225,1.4835298641951802,1784
0.225,1.658062789394613,1745
0.225,1.8325957145940461,1816
0.225,2.007128639793479,1869
0.225,2.181661564992912,1737
0.225,2.356194490192345,1769
0.225,2.530727415391778,1613
0.225,2.705260340591211,1397
0.225,2.879793265790644,1344
0.225,3.0543261909900767,1118
0.225,3.2288591161895095,887
0.225,3.4033920413889422,786
0.225,3.577924966588375,640
0.225,3.752457891787808,492
0.225,3.9269908169872414,367
0.225,4.101523742186675,301
0.225,4.276056667386107,264
0.225,4.4505895925855405,234
0.225,4.625122517784973,254
0.225,4.799655442984406,240
0.225,4.974188368183839,242
0.225,5.148721293383272,264
0.225,5.323254218582705,335
0.225,5.497787143782138,397
0.225,5.672320068981571,501
0.225,5.8468529941810035,638
0.225,6.021385919380437,747
0.225,6.19591884457987,950
0.235,0.08726646259971647,1222
0.235,0.2617993877991494,1382
0.235,0.4363323129985824,1535
0.235,0.6108652381980153,1598
0.235,0.7853981633974483,1754
0.235,0.9599310885968811,1803
0.235,1.1344640137963142,1917
0.235,1.308996938995747,1784
0.235,1.4835298641951802,1925
0.235,1.658062789394613,1928
0.235,1.8325957145940461,1951
0.235,2.007128639793479,1970
0.235,2.181661564992912,1896
0.235,2.356194490192345,1850
0.235,2.530727415391778,1707
0.235,2.705260340591211,1587
0.235,2.879793265790644,1369
0.235,3.0543261909900767,1271
0.235,3.2288591161895095,1015
0.235,3.4033920413889422,804
0.235,3.577924966588375,665
0.235,3.752457891787808,536
0.235,3.9269908169872414,458
0.235,4.101523742186675,348
0.235,4.276056667386107,305
0.235,4.4505895925855405,234
0.235,4.625122517784973,278
0.235,4.799655442984406,240
0.235,4.974188368183839,296
0.235,5.148721293383272,296
0.235,5.323254218582705,354
0.235,5.497787143782138,415
0.235,5.672320068981571,503
0.235,5.8468529941810035,718
0.235,6.021385919380437,842
0.235,6.19591884457987,1024
0.245,0.08726646259971647,1216
0.245,0.2617993877991494,1465
0.245,0.4363323129985824,1636
0.245,0.6108652381980153,1781
0.245,0.7853981633974483,1810
0.245,0.9599310885968811,1883
0.245,1.1344640137963142,1933
0.245,1.308996938995747,2074
0.245,1.4835298641951802,2151
0.245,1.658062789394613,2122
0.245,1.8325957145940461,2073
0.245,2.007128639793479,1991
0.245,2.181661564992912,2005
0.245,2.356194490192345,1895
0.245,2.530727415391778,1903
0.245,2.705260340591211,1625
0.245,2.879793265790644,1453
0.245,3.0543261909900767,1257
0.245,3.2288591161895095,1001
0.245,3.4033920413889422,846
0.245,3.577924966588375,695
0.245,3.752457891787808,561
0.245,3.9269908169872414,469
0.245,4.101523742186675,339
0.245,4.276056667386107,294
0.245,4.4505895925855405,290
0.245,4.625122517784973,269
0.245,4.799655442984406,286
0.245,4.974188368183839,304
0.245,5.148721293383272,360
0.245,5.323254218582705,377
0.245,5.497787143782138,448
0.245,5.672320068981571,571
0.245,5.8468529941810035,689
0.245,6.021385919380437,892
0.245,6.19591884457987,1007
0.255,0.08726646259971647,1263
0.255,0.2617993877991494,1515
0.255,0.4363323129985824,1650
0.255,0.6108652381980153,1859
0.255,0.7853981633974483,1910
0.255,0.9599310885968811,2097
0.255,1.1344640137963142,2045
0.255,1.308996938995747,2117
0.255,1.4835298641951802,2128
0.255,1.658062789394613,2146
0.255,1.8325957145940461,2088
0.255,2.007128639793479,2132
0.255,2.181661564992912,2059
0.255,2.356194490192345,1896
0.255,2.530727415391778,1903
0.255,2.705260340591211,1700
0.255,2.879793265790644,1511
0.255,3.0543261909900767,1329
0.255,3.2288591161895095,1106
0.255,3.4033920413889422,931
0.255,3.577924966588375,728
0.255,3.752457891787808,585
0.255,3.9269908169872414,465
0.255,4.101523742186675,413
0.255,4.276056667386107,315
0.255,4.4505895925855405,294
0.255,4.625122517784973,284
0.255,4.799655442984406,301
0.255,4.974188368183839,286
0.255,5.148721293383272,371
0.255,5.323254218582705,416
0.255,5.497787143782138,478
0.255,5.672320068981571,556
0.255,5.8468529941810035,682
0.255,6.021385919380437,918
0.255,6.19591884457987,1075
0.265,0.08726646259971647,1367
0.265,0.2617993877991494,1518
0.265,0.4363323129985824,1766
0.265,0.6108652381980153,1832
0.265,0.7853981633974483,2033
0.265,0.9599310885968811,2195
0.265,1.1344640137963142,2230
0.265,1.308996938995747,2248
0.265,1.4835298641951802,2268
0.265,1.658062789394613,2165
0.265,1.8325957145940461,2224
0.265,2.007128639793479,2175
0.265,2.181661564992912,2149
0.265,2.356194490192345,2015
0.265,2.530727415391778,1798
0.265,2.705260340591211,1744
0.265,2.879793265790644,1424
0.265,3.0543261909900767,1306
0.265,3.2288591161895095,1086
0.265,3.4033920413889422,865
0.265,3.577924966588375,734
0.265,3.752457891787808,580
0.265,3.9269908169872414,473
0.265,4.101523742186675,423
0.265,4.276056667386107,373
0.265,4.4505895925855405,272
0.265,4.625122517784973,299
0.265,4.799655442984406,322
0.265,4.974188368183839,329
0.265,5.148721293383272,372
0.265,5.323254218582705,415
0.265,5.497787143782138,495
0.265,5.672320068981571,599
0.265,5.8468529941810035,761
0.265,6.021385919380437,868
0.265,6.19591884457987,1128
0.275,0.08726646259971647,1397
0.275,0.2617993877991494,1612
0.275,0.4363323129985824,1882
0.275,0.6108652381980153,2002
0.275,0.7853981633974483,2094
0.275,0.9599310885968811,2143
0.275,1.1344640137963142,2294
0.275,1.308996938995747,2241
0.275,1.4835298641951802,2360
0.275,1.658062789394613,2342
0.275,1.8325957145940461,2297
0.275,2.007128639793479,2220
0.275,2.181661564992912,2163
0.275,2.356194490192345,2116
0.275,2.530727415391778,2013
0.275,2.705260340591211,1798
0.275,2.879793265790644,1580
0.275,3.0543261909900767,1403
0.275,3.2288591161895095,1086
0.275,3.4033920413889422,952
0.275,3.577924966588375,781
0.275,3.752457891787808,611
0.275,3.9269908169872414,497
0.275,4.101523742186675,458
0.275,4.276056667386107,386
0.275,4.4505895925855405,343
0.275,4.625122517784973,340
0.275,4.799655442984406,304
0.275,4.974188368183839,368
0.275,5.148721293383272,407
0.275,5.323254218582705,431
0.275,5.497787143782138,484
0.275,5.672320068981571,614
0.275,5.8468529941810035,734
0.275,6.021385919380437,969
0.275,6.19591884457987,1144
0.285,0.08726646259971647,1401
0.285,0.2617993877991494,1665
0.285,0.4363323129985824,1921
0.285,0.6108652381980153,2069
0.285,0.7853981633974483,2169
0.285,0.9599310885968811,2290
0.285,1.1344640137963142,2348
0.285,1.308996938995747,2355
0.285,1.4835298641951802,2445
0.285,1.658062789394613,2369
0.285,1.8325957145940461,2421
0.285,2.007128639793479,2334
0.285,2.181661564992912,2138
0.285,2.356194490192345,2093
0.285,2.530727415391778,1975
0.285,2.705260340591211,1780
0.285,2.879793265790644,1573
0.285,3.0543261909900767,1356
0.285,3.2288591161895095,1175
0.285,3.4033920413889422,920
0.285,3.577924966588375,739
0.285,3.752457891787808,610
0.285,3.9269908169872414,506
0.285,4.101523742186675,456
0.285,4.276056667386107,362
0.285,4.4505895925855405,404
0.285,4.625122517784973,368
0.285,4.799655442984406,358
0.285,4.974188368183839,381
0.285,5.148721293383272,388
0.285,5.323254218582705,456
0.285,5.497787143782138,556
0.285,5.672320068981571,688
0.285,5.8468529941810035,819
0.285,6.021385919380437,976
0.285,6.19591884457987,1210
0.295,0.08726646259971647,1530
0.295,0.2617993877991494,1746
0.295,0.4363323129985824,1921
0.295,0.6108652381980153,2174
0.295,0.7853981633974483,2244
0.295,0.9599310885968811,2337
0.295,1.1344640137963142,2341
0.295,1.308996938995747,2388
0.295,1.4835298641951802,2496
0.295,1.658062789394613,2510
0.295,1.8325957145940461,2518
0.295,2.007128639793479,2418
0.295,2.181661564992912,2281
0.295,2.356194490192345,2098
0.295,2.530727415391778,2009
0.295,2.705260340591211,1782
0.295,2.879793265790644,1573
0.295,3.0543261909900767,1415
0.295,3.2288591161895095,1173
0.295,3.4033920413889422,1004
0.295,3.577924966588375,791
0.295,3.752457891787808,644
0.295,3.9269908169872414,555
0.295,4.101523742186675,436
0.295,4.276056667386107,380
0.295,4.4505895925855405,342
0.295,4.625122517784973,401
0.295,4.799655442984406,411
0.295,4.974188368183839,372
0.295,5.148721293383272,442
0.295,5.323254218582705,456
0.295,5.497787143782138,582
0.295,5.672320068981571,695
0.295,5.8468529941810035,831
0.295,6.021385919380437,1008
0.295,6.19591884457987,1201
0.305,0.08726646259971647,1540
0.305,0.2617993877991494,1770
0.305,0.4363323129985824,1929
0.305,0.6108652381980153,2111
0.305,0.7853981633974483,2191
0.305,0.9599310885968811,2361
0.305,1.1344640137963142,2434
0.305,1.308996938995747,2539
0.305,1.4835298641951802,2607
0.305,1.658062789394613,2552
0.305,1.8325957145940461,2529
0.305,2.007128639793479,2443
0.305,2.181661564992912,2320
0.305,2.356194490192345,2165
0.305,2.530727415391778,2095
0.305,2.705260340591211,1941
0.305,2.879793265790644,1722
0.305,3.0543261909900767,1395
0.305,3.2288591161895095,1217
0.305,3.4033920413889422,1015
0.305,3.577924966588375,854
0.305,3.752457891787808,706
0.305,3.9269908169872414,534
0.305,4.101523742186675,481
0.305,4.276056667386107,400
0.305,4.4505895925855405,359
0.305,4.625122517784973,357
0.305,4.799655442984406,352
0.305,4.974188368183839,379
0.305,5.148721293383272,441
0.305,5.323254218582705,486
0.305,5.497787143782138,565
0.305,5.672320068981571,673
0.305,5.8468529941810035,880
0.305,6.021385919380437,1054
0.305,6.19591884457987,1263
0.315,0.08726646259971647,1565
0.315,0.2617993877991494,1777
0.315,0.4363323129985824,1961
0.315,0.6108652381980153,2230
0.315,0.7853981633974483,2391
0.315,0.9599310885968811,2423
0.315,1.1344640137963142,2467
0.315,1.308996938995747,2646
0.315,1.4835298641951802,2696
0.315,1.658062789394613,2700
0.315,1.8325957145940461,2547
0.315,2.007128639793479,2512
0.315,2.181661564992912,2454
0.315,2.356194490192345,2373
0.315,2.530727415391778,2201
0.315,2.705260340591211,1979
0.315,2.879793265790644,1810
0.315,3.0543261909900767,1552
0.315,3.2288591161895095,1216
0.315,3.4033920413889422,1014
0.315,3.577924966588375,832
0.315,3.752457891787808,699
0.315,3.9269908169872414,573
0.315,4.101523742186675,526
0.315,4.276056667386107,401
0.315,4.4505895925855405,388
0.315,4.625122517784973,370
0.315,4.799655442984406,372
0.315,4.974188368183839,390
0.315,5.148721293383272,473
0.315,5.323254218582705,518
0.315,5.497787143782138,595
0.315,5.672320068981571,688
0.315,5.8468529941810035,931
0.315,6.021385919380437,1040
0.315,6.19591884457987,1292
0.325,0.08726646259971647,1544
0.325,0.2617993877991494,1809
0.325,0.4363323129985824,2083
0.325,0.6108652381980153,2282
0.325,0.7853981633974483,2438
0.325,0.9599310885968811,2564
0.325,1.1344640137963142,2589
0.325,1.308996938995747,2673
0.325,1.4835298641951802,2795
0.325,1.658062789394613,2790
0.325,1.8325957145940461,2717
0.325,2.007128639793479,2589
0.325,2.181661564992912,2473
0.325,2.356194490192345,2340
0.325,2.530727415391778,2278
0.325,2.705260340591211,2079
0.325,2.879793265790644,1796
0.325,3.0543261909900767,1599
0.325,3.2288591161895095,1285
0.325,3.4033920413889422,1144
0.325,3.577924966588375,950
0.325,3.752457891787808,699
0.325,3.9269908169872414,607
0.325,4.101523742186675,507
0.325,4.276056667386107,432
0.325,4.4505895925855405,380
0.325,4.625122517784973,381
0.325,4.799655442984406,372
0.325,4.974188368183839,380
0.325,5.148721293383272,485
0.325,5.323254218582705,483
0.325,5.497787143782138,602
0.325,5.672320068981571,751
0.325,5.8468529941810035,960
0.325,6.021385919380437,1073
0.325,6.19591884457987,1311
0.335,0.08726646259971647,1585
0.335,0.2617993877991494,1864
0.335,0.4363323129985824,2132
0.335,0.6108652381980153,2394
0.335,0.7853981633974483,2505
0.335,0.9599310885968811,2671
0.335,1.1344640137963142,2774
0.335,1.308996938995747,2822
0.335,1.4835298641951802,2929
0.335,1.658062789394613,2797
0.335,1.8325957145940461,2720
0.335,2.007128639793479,2724
0.335,2.181661564992912,2614
0.335,2.356194490192345,2576
0.335,2.530727415391778,2374
0.335,2.705260340591211,2148
0.335,2.879793265790644,1907
0.335,3.0543261909900767,1715
0.335,3.2288591161895095,1344
0.335,3.4033920413889422,1211
0.335,3.577924966588375,920
0.335,3.752457891787808,711
0.335,3.9269908169872414,654
0.335,4.101523742186675,508
0.335,4.276056667386107,425
0.335,4.4505895925855405,381
0.335,4.625122517784973,390
0.335,4.799655442984406,354
0.335,4.974188368183839,402
0.335,5.148721293383272,426
0.335,5.323254218582705,507
0.335,5.497787143782138,626
0.335,5.672320068981571,760
0.335,5.8468529941810035,919
0.335,6.021385919380437,1111
0.335,6.19591884457987,1370
0.345,0.08726646259971647,1715
0.345,0.2617993877991494,2011
0.345,0.4363323129985824,2257
0.345,0.6108652381980153,2471
0.345,0.7853981633974483,2638
0.345,0.9599310885968811,2837
0.345,1.1344640137963142,2951
0.345,1.308996938995747,2948
0.345,1.4835298641951802,3110
0.345,1.658062789394613,3075
0.345,1.8325957145940461,2924
0.345,2.007128639793479,2837
0.345,2.181661564992912,2737
0.345,2.356194490192345,2567
0.345,2.530727415391778,2447
0.345,2.705260340591211,2212
0.345,2.879793265790644,1963
0.345,3.0543261909900767,1745
0.345,3.2288591161895095,1501
0.345,3.4033920413889422,1184
0.345,3.577924966588375,1038
0.345,3.752457891787808,749
0.345,3.9269908169872414,621
0.345,4.101523742186675,537
0.345,4.276056667386107,503
0.345,4.4505895925855405,453
0.345,4.625122517784973,390
0.345,4.799655442984406,365
0.345,4.974188368183839,403
0.345,5.148721293383272,487
0.345,5.323254218582705,515
0.345,5.497787143782138,631
0.345,5.672320068981571,776
0.345,5.8468529941810035,991
0.345,6.021385919380437,1252
0.345,6.19591884457987,1564
0.355,0.08726646259971647,1833
0.355,0.2617993877991494,2054
0.355,0.4363323129985824,2270
0.355,0.6108652381980153,2674
0.355,0.7853981633974483,2829
0.355,0.9599310885968811,2902
0.355,1.1344640137963142,3073
0.355,1.308996938995747,3135
0.355,1.4835298641951802,3078
0.355,1.658062789394613,3082
0.355,1.8325957145940461,3051
0.355,2.007128639793479,2953
0.355,2.181661564992912,2956
0.355,2.356194490192345,2658
0.355,2.530727415391778,2518
0.355,2.705260340591211,2295
0.355,2.879793265790644,2049
0.355,3.0543261909900767,1741
0.355,3.2288591161895095,1497
0.355,3.4033920413889422,1171
0.355,3.577924966588375,1019
0.355,3.752457891787808,789
0.355,3.9269908169872414,638
0.355,4.101523742186675,612
0.355,4.276056667386107,476
0.355,4.4505895925855405,452
0.355,4.625122517784973,406
0.355,4.799655442984406,392
0.355,4.974188368183839,466
0.355,5.148721293383272,522
0.355,5.323254218582705,567
0.355,5.497787143782138,661
0.355,5.672320068981571,789
0.355,5.8468529941810035,1021
0.355,6.021385919380437,1296
0.355,6.19591884457987,1499
0.365,0.08726646259971647,1872
0.365,0.2617993877991494,2130
0.365,0.4363323129985824,2433
0.365,0.6108652381980153,2624
0.365,0.7853981633974483,2856
0.365,0.9599310885968811,3135
0.365,1.1344640137963142,3092
0.365,1.308996938995747,3318
0.365,1.4835298641951802,3262
0.365,1.658062789394613,3336
0.365,1.8325957145940461,3163
0.365,2.007128639793479,3190
0.365,2.181661564992912,2918
0.365,2.356194490192345,2927
0.365,2.530727415391778,2637
0.365,2.705260340591211,2403
0.365,2.879793265790644,2135
0.365,3.0543261909900767,1831
0.365,3.2288591161895095,1604
0.365,3.4033920413889422,1265
0.365,3.577924966588375,1112
0.365,3.752457891787808,858
0.365,3.9269908169872414,701
0.365,4.101523742186675,592
0.365,4.276056667386107,544
0.365,4.4505895925855405,453
0.365,4.625122517784973,512
0.365,4.799655442984406,476
0.365,4.974188368183839,487
0.365,5.148721293383272,509
0.365,5.323254218582705,617
0.365,5.497787143782138,691
0.365,5.672320068981571,856
0.365,5.8468529941810035,1036
0.365,6.021385919380437,1344
0.365,6.19591884457987,1521
0.375,0.08726646259971647,1988
0.375,0.2617993877991494,2294
0.375,0.4363323129985824,2539
0.375,0.6108652381980153,2689
0.375,0.7853981633974483,3037
0.375,0.9599310885968811,3193
0.375,1.1344640137963142,3194
0.375,1.308996938995747,3415
0.375,1.4835298641951802,3422
0.375,1.658062789394613,3369
0.375,1.8325957145940461,3440
0.375,2.007128639793479,3308
0.375,2.181661564992912,3032
0.375,2.356194490192345,2901
0.375,2.530727415391778,2721
0.375,2.705260340591211,2473
0.375,2.879793265790644,2327
0.375,3.0543261909900767,1983
0.375,3.2288591161895095,1597
0.375,3.4033920413889422,1371
0.375,3.577924966588375,1135
0.375,3.752457891787808,882
0.375,3.9269908169872414,763
0.375,4.101523742186675,607
0.375,4.276056667386107,568
0.375,4.4505895925855405,523
0.375,4.625122517784973,472
0.375,4.799655442984406,456
0.375,4.974188368183839,530
0.375,5.148721293383272,524
0.375,5.323254218582705,619
0.375,5.497787143782138,692
0.375,5.672320068981571,847
0.375,5.8468529941810035,1075
0.375,6.021385919380437,1380
0.375,6.19591884457987,1636
0.385,0.08726646259971647,2028
0.385,0.2617993877991494,2341
0.385,0.4363323129985824,2592
0.385,0.6108652381980153,2898
0.385,0.7853981633974483,3109
0.385,0.9599310885968811,3291
0.385,1.1344640137963142,3421
0.385,1.308996938995747,3536
0.385,1.4835298641951802,3554
0.385,1.658062789394613,3459
0.385,1.8325957145940461,3363
0.385,2.007128639793479,3428
0.385,2.181661564992912,3286
0.385,2.356194490192345,3066
0.385,2.530727415391778,2898
0.385,2.705260340591211,2708
0.385,2.879793265790644,2412
0.385,3.0543261909900767,1980
0.385,3.2288591161895095,1757
0.385,3.4033920413889422,1388
0.385,3.577924966588375,1167
0.385,3.752457891787808,1001
0.385,3.9269908169872414,824
0.385,4.101523742186675,714
0.385,4.276056667386107,633
0.385,4.4505895925855405,526
0.385,4.625122517784973,508
0.385,4.799655442984406,505
0.385,4.974188368183839,556
0.385,5.148721293383272,569
0.385,5.323254218582705,648
0.385,5.497787143782138,790
0.385,5.672320068981571,964
0.385,5.8468529941810035,1118
0.385,6.021385919380437,1407
0.385,6.19591884457987,1688
0.395,0.08726646259971647,2177
0.395,0.2617993877991494,2509
0.395,0.4363323129985824,2854
0.395,0.6108652381980153,3012
0.395,0.7853981633974483,3320
0.395,0.9599310885968811,3507
0.395,1.1344640137963142,3547
0.395,1.308996938995747,3616
0.395,1.4835298641951802,3734
0.395,1.658062789394613,3666
0.395,1.8325957145940461,3617
0.395,2.007128639793479,3624
0.395,2.181661564992912,3374
0.395,2.356194490192345,3208
0.395,2.530727415391778,3045
0.395,2.705260340591211,2782
0.395,2.879793265790644,2542
0.395,3.0543261909900767,2096
0.395,3.2288591161895095,1752
0.395,3.4033920413889422,1545
0.395,3.577924966588375,1264
0.395,3.752457891787808,1006
0.395,3.9269908169872414,839
0.395,4.101523742186675,741
0.395,4.276056667386107,614
0.395,4.4505895925855405,541
0.395,4.625122517784973,538
0.395,4.799655442984406,486
0.395,4.974188368183839,558
0.395,5.148721293383272,601
0.395,5.323254218582705,682
0.395,5.497787143782138,744
0.395,5.672320068981571,927
0.395,5.8468529941810035,1135
0.395,6.021385919380437,1471
0.395,6.19591884457987,1762
0.405,0.08726646259971647,2232
0.405,0.2617993877991494,2596
0.405,0.4363323129985824,2926
0.405,0.6108652381980153,3230
0.405,0.7853981633974483,3364
0.405,0.9599310885968811,3633
0.405,1.1344640137963142,3706
0.405,1.308996938995747,3826
0.405,1.4835298641951802,3699
0.405,1.658062789394613,3810
0.405,1.8325957145940461,3766
0.405,2.007128639793479,3675
0.405,2.181661564992912,3477
0.405,2.356194490192345,3404
0.405,2.530727415391778,3221
0.405,2.705260340591211,2906
0.405,2.879793265790644,2640
0.405,3.0543261909900767,2226
0.405,3.2288591161895095,1895
0.405,3.4033920413889422,1601
0.405,3.577924966588375,1291
0.405,3.752457891787808,1124
0.405,3.9269908169872414,856
0.405,4.101523742186675,749
0.405,4.276056667386107,646
0.405,4.4505895925855405,607
0.405,4.625122517784973,572
0.405,4.799655442984406,500
0.405,4.974188368183839,556
0.405,5.148721293383272,576
0.405,5.323254218582705,706
0.405,5.497787143782138,796
0.405,5.672320068981571,1012
0.405,5.8468529941810035,1247
0.405,6.021385919380437,1514
0.405,6.19591884457987,1800
0.415,0.08726646259971647,2371
0.415,0.2617993877991494,2655
0.415,0.4363323129985824,3184
0.415,0.6108652381980153,3337
0.415,0.7853981633974483,3664
0.415,0.9599310885968811,3777
0.415,1.1344640137963142,3953
0.415,1.308996938995747,4020
0.415,1.4835298641951802,4101
0.415,1.658062789394613,4047
0.415,1.8325957145940461,4121
0.415,2.007128639793479,3980
0.415,2.181661564992912,3864
0.415,2.356194490192345,3679
0.415,2.530727415391778,3398
0.415,2.705260340591211,3089
0.415,2.879793265790644,2719
0.415,3.0543261909900767,2463
0.415,3.2288591161895095,2072
0.415,3.4033920413889422,1718
0.415,3.577924966588375,1345
0.415,3.752457891787808,1132
0.415,3.9269908169872414,872
0.415,4.101523742186675,700
0.415,4.276056667386107,598
0.415,4.4505895925855405,590
0.415,4.625122517784973,498
0.415,4.799655442984406,565
0.415,4.974188368183839,570
0.415,5.148721293383272,587
0.415,5.323254218582705,733
0.415,5.497787143782138,864
0.415,5.672320068981571,1064
0.415,5.8468529941810035,1352
0.415,6.021385919380437,1571
0.415,6.19591884457987,1905
0.425,0.08726646259971647,2394
0.425,0.2617993877991494,2869
0.425,0.4363323129985824,3269
0.425,0.6108652381980153,3697
0.425,0.7853981633974483,3948
0.425,0.9599310885968811,4220
0.425,1.1344640137963142,4235
0.425,1.308996938995747,4312
0.425,1.4835298641951802,4251
0.425,1.658062789394613,4318
0.425,1.8325957145940461,4328
0.425,2.007128639793479,4201
0.425,2.181661564992912,4112
0.425,2.356194490192345,4021
0.425,2.530727415391778,3701
0.425,2.705260340591211,3358
0.425,2.879793265790644,3062
0.425,3.0543261909900767,2540
0.425,3.2288591161895095,2072
0.425,3.4033920413889422,1698
0.425,3.577924966588375,1422
0.425,3.752457891787808,1109
0.425,3.9269908169872414,906
0.425,4.101523742186675,741
0.425,4.276056667386107,653
0.425,4.4505895925855405,609
0.425,4.625122517784973,520
0.425,4.799655442984406,526
0.425,4.974188368183839,544
0.425,5.148721293383272,643
0.425,5.323254218582705,769
0.425,5.497787143782138,967
0.425,5.672320068981571,1161
0.425,5.8468529941810035,1324
0.425,6.021385919380437,1715
0.425,6.19591884457987,2149
0.435,0.08726646259971647,2714
0.435,0.2617993877991494,3158
0.435,0.4363323129985824,3611
0.435,0.6108652381980153,3873
0.435,0.7853981633974483,4111
0.435,0.9599310885968811,4400
0.435,1.1344640137963142,4599
0.435,1.308996938995747,4637
0.435,1.4835298641951802,4686
0.435,1.658062789394613,4643
0.435,1.8325957145940461,4563
0.435,2.007128639793479,4627
0.435,2.181661564992912,4436
0.435,2.356194490192345,4337
0.435,2.530727415391778,4082
0.435,2.705260340591211,3582
0.435,2.879793265790644,3200
0.435,3.0543261909900767,2697
0.435,3.2288591161895095,2382
0.435,3.4033920413889422,1930
0.435,3.577924966588375,1475
0.435,3.752457891787808,1213
0.435,3.9269908169872414,1016
0.435,4.101523742186675,821
0.435,4.276056667386107,726
0.435,4.4505895925855405,683
0.435,4.625122517784973,602
0.435,4.799655442984406,634
0.435,4.974188368183839,662
0.435,5.148721293383272,711
0.435,5.323254218582705,818
0.435,5.497787143782138,957
0.435,5.672320068981571,1187
0.435,5.8468529941810035,1485
0.435,6.021385919380437,1808
0.435,6.19591884457987,2230
0.445,0.08726646259971647,2915
0.445,0.2617993877991494,3292
0.445,0.4363323129985824,3767
0.445,0.6108652381980153,4178
0.445,0.7853981633974483,4536
0.445,0.9599310885968811,4657
0.445,1.1344640137963142,4804
0.445,1.308996938995747,4938
0.445,1.4835298641951802,4970
0.445,1.658062789394613,4907
0.445,1.8325957145940461,5013
0.445,2.007128639793479,4766
0.445,2.181661564992912,4675
0.445,2.356194490192345,4534
0.445,2.530727415391778,4233
0.445,2.705260340591211,3847
0.445,2.879793265790644,3444
0.445,3.0543261909900767,3011
0.445,3.2288591161895095,2532
0.445,3.4033920413889422,2058
0.445,3.577924966588375,1702
0.445,3.752457891787808,1324
0.445,3.9269908169872414,1095
0.445,4.101523742186675,853
0.445,4.276056667386107,694
0.445,4.4505895925855405,668
0.445,4.625122517784973,672
0.445,4.799655442984406,659
0.445,4.974188368183839,614
0.445,5.148721293383272,746
0.445,5.323254218582705,859
0.445,5.497787143782138,1107
0.445,5.672320068981571,1311
0.445,5.8468529941810035,1555
0.445,6.021385919380437,1992
0.445,6.19591884457987,2369
0.455,0.08726646259971647,3096
0.455,0.2617993877991494,3621
0.455,0.4363323129985824,4101
0.455,0.6108652381980153,4619
0.455,0.7853981633974483,4876
0.455,0.9599310885968811,4882
0.455,1.1344640137963142,5288
0.455,1.308996938995747,5400
0.455,1.4835298641951802,5333
0.455,1.658062789394613,5328
0.455,1.8325957145940461,5334
0.455,2.007128639793479,5224
0.455,2.181661564992912,5045
0.455,2.356194490192345,4754
0.455,2.530727415391778,4375
0.455,2.705260340591211,4182
0.455,2.879793265790644,3643
0.455,3.0543261909900767,3195
0.455,3.2288591161895095,2614
0.455,3.4033920413889422,2161
0.455,3.577924966588375,1758
0.455,3.752457891787808,1360
0.455,3.9269908169872414,1106
0.455,4.101523742186675,945
0.455,4.276056667386107,769
0.455,4.4505895925855405,726
0.455,4.625122517784973,739
0.455,4.799655442984406,727
0.455,4.974188368183839,741
0.455,5.148721293383272,801
0.455,5.323254218582705,920
0.455,5.497787143782138,1117
0.455,5.672320068981571,1368
0.455,5.8468529941810035,1792
0.455,6.021385919380437,2160
0.455,6.19591884457987,2665
0.465,0.08726646259971647,3304
0.465,0.2617993877991494,3822
0.465,0.4363323129985824,4447
0.465,0.6108652381980153,4934
0.465,0.7853981633974483,5211
0.465,0.9599310885968811,5481
0.465,1.1344640137963142,5772
0.465,1.308996938995747,5769
0.465,1.4835298641951802,5667
0.465,1.658062789394613,5785
0.465,1.8325957145940461,5705
0.465,2.007128639793479,5642
0.465,2.181661564992912,5425
0.465,2.356194490192345,5163
0.465,2.530727415391778,4832
0.465,2.705260340591211,4432
0.465,2.879793265790644,3886
0.465,3.0543261909900767,3361
0.465,3.2288591161895095,2732
0.465,3.4033920413889422,2319
0.465,3.577924966588375,1874
0.465,3.752457891787808,1462
0.465,3.9269908169872414,1235
0.465,4.101523742186675,1055
0.465,4.276056667386107,903
0.465,4.4505895925855405,819
0.465,4.625122517784973,766
0.465,4.799655442984406,806
0.465,4.974188368183839,822
0.465,5.148721293383272,945
0.465,5.323254218582705,1052
0.465,5.497787143782138,1287
0.465,5.672320068981571,1668
0.465,5.8468529941810035,1908
0.465,6.021385919380437,2332
0.465,6.19591884457987,2894
0.475,0.08726646259971647,3729
0.475,0.2617993877991494,4174
0.475,0.4363323129985824,4817
0.475,0.6108652381980153,5324
0.475,0.7853981633974483,5641
0.475,0.9599310885968811,6013
0.475,1.1344640137963142,6100
0.475,1.308996938995747,6194
0.475,1.4835298641951802,6198
0.475,1.658062789394613,6232
0.475,1.8325957145940461,6229
0.475,2.007128639793479,6114
0.475,2.181661564992912,5874
0.475,2.356194490192345,5450
0.475,2.530727415391778,5294
0.475,2.705260340591211,4966
0.475,2.879793265790644,4213
0.475,3.0543261909900767,3655
0.475,3.2288591161895095,3107
0.475,3.4033920413889422,2602
0.475,3.577924966588375,2063
0.475,3.752457891787808,1644
0.475,3.9269908169872414,1285
0.475,4.101523742186675,1091
0.475,4.276056667386107,940
0.475,4.4505895925855405,832
0.475,4.625122517784973,802
0.475,4.799655442984406,847
0.475,4.974188368183839,849
0.475,5.148721293383272,1003
0.475,5.323254218582705,1155
0.475,5.497787143782138,1346
0.475,5.672320068981571,1703
0.475,5.8468529941810035,2111
0.475,6.021385919380437,2612
0.475,6.19591884457987,3047
0.485,0.08726646259971647,4015
0.485,0.2617993877991494,4722
0.485,0.4363323129985824,5338
0.485,0.6108652381980153,5805
0.485,0.7853981633974483,6088
0.485,0.9599310885968811,6514
0.485,1.1344640137963142,6758
0.485,1.308996938995747,6777
0.485,1.4835298641951802,6756
0.485,1.658062789394613,6758
0.485,1.8325957145940461,6746
0.485,2.007128639793479,6600
0.485,2.181661564992912,6533
0.485,2.356194490192345,6078
0.485,2.530727415391778,5781
0.485,2.705260340591211,5183
0.485,2.879793265790644,4662
0.485,3.0543261909900767,4096
0.485,3.2288591161895095,3420
0.485,3.4033920413889422,2780
0.485,3.577924966588375,2265
0.485,3.752457891787808,1865
0.485,3.9269908169872414,1468
0.485,4.101523742186675,1195
0.485,4.276056667386107,1022
0.485,4.4505895925855405,913
0.485,4.625122517784973,884
0.485,4.799655442984406,878
0.485,4.974188368183839,960
0.485,5.148721293383272,1046
0.485,5.323254218582705,1194
0.485,5.497787143782138,1496
0.485,5.672320068981571,1875
0.485,5.8468529941810035,2242
0.485,6.021385919380437,2785
0.485,6.19591884457987,3306
0.495,0.08726646259971647,4525
0.495,0.2617993877991494,5001
0.495,0.4363323129985824,5863
0.495,0.6108652381980153,6328
0.495,0.7853981633974483,6765
0.495,0.9599310885968811,6992
0.495,1.1344640137963142,7284
0.495,1.308996938995747,7345
0.495,1.4835298641951802,7413
0.495,1.658062789394613,7506
0.495,1.8325957145940461,7285
0.495,2.007128639793479,7304
0.495,2.181661564992912,7100
0.495,2.356194490192345,6554
0.495,2.530727415391778,6286
0.495,2.705260340591211,5726
0.495,2.879793265790644,5017
0.495,3.0543261909900767,4466
0.495,3.2288591161895095,3769
0.495,3.4033920413889422,3013
0.495,3.577924966588375,2473
0.495,3.752457891787808,1973
0.495,3.9269908169872414,1708
0.495,4.101523742186675,1351
0.495,4.276056667386107,1160
0.495,4.4505895925855405,1026
0.495,4.625122517784973,994
0.495,4.799655442984406,989
0.495,4.974188368183839,1047
0.495,5.148721293383272,1177
0.495,5.323254218582705,1337
0.495,5.497787143782138,1574
0.495,5.672320068981571,1968
0.495,5.8468529941810035,2419
0.495,6.021385919380437,2998
0.495,6.19591884457987,3691
0.505,0.08726646259971647,4817
0.505,0.2617993877991494,5669
0.505,0.4363323129985824,6333
0.505,0.6108652381980153,6896
0.505,0.7853981633974483,7266
0.505,0.9599310885968811,7764
0.505,1.1344640137963142,8017
0.505,1.308996938995747,8087
0.505,1.4835298641951802,8191
0.505,1.658062789394613,8228
0.505,1.8325957145940461,8081
0.505,2.007128639793479,8035
0.505,2.181661564992912,7665
0.505,2.356194490192345,7506
0.505,2.530727415391778,6912
0.505,2.705260340591211,6166
0.505,2.879793265790644,5679
0.505,3.0543261909900767,4839
0.505,3.2288591161895095,3978
0.505,3.4033920413889422,3376
0.505,3.577924966588375,2618
0.505,3.752457891787808,2205
0.505,3.9269908169872414,1775
0.505,4.101523742186675,1523
0.505,4.276056667386107,1251
0.505,4.4505895925855405,1192
0.505,4.625122517784973,1132
0.505,4.799655442984406,1119
0.505,4.974188368183839,1194
0.505,5.148721293383272,1313
0.505,5.323254218582705,1518
0.505,5.497787143782138,1817
0.505,5.672320068981571,2224
0.505,5.8468529941810035,2732
0.505,6.021385919380437,3277
0.505,6.19591884457987,4124
0.515,0.08726646259971647,5186
0.515,0.2617993877991494,6025
0.515,0.4363323129985824,6846
0.515,0.6108652381980153,7591
0.515,0.7853981633974483,8142
0.515,0.9599310885968811,8643
0.515,1.1344640137963142,8794
0.515,1.308996938995747,9136
0.515,1.4835298641951802,9089
0.515,1.658062789394613,9138
0.515,1.8325957145940461,8940
0.515,2.007128639793479,8697
0.515,2.181661564992912,8530
0.515,2.356194490192345,8118
0.515,2.530727415391778,7570
0.515,2.705260340591211,6994
0.515,2.879793265790644,6133
0.515,3.0543261909900767,5379
0.515,3.2288591161895095,4387
0.515,3.4033920413889422,3675
0.515,3.577924966588375,2937
0.515,3.752457891787808,2295
0.515,3.9269908169872414,1912
0.515,4.101523742186675,1614
0.515,4.276056667386107,1396
0.515,4.4505895925855405,1255
0.515,4.625122517784973,1170
0.515,4.799655442984406,1208
0.515,4.974188368183839,1233
0.515,5.148721293383272,1372
0.515,5.323254218582705,1592
0.515,5.497787143782138,1942
0.515,5.672320068981571,2351
0.515,5.8468529941810035,2868
0.515,6.021385919380437,3729
0.515,6.19591884457987,4249
0.525,0.08726646259971647,5668
0.525,0.2617993877991494,6640
0.525,0.4363323129985824,7618
0.525,0.6108652381980153,8281
0.525,0.7853981633974483,8662
0.525,0.9599310885968811,9378
0.525,1.1344640137963142,9717
0.525,1.308996938995747,9907
0.525,1.4835298641951802,9723
0.525,1.658062789394613,9953
0.525,1.8325957145940461,9916
0.525,2.007128639793479,9550
0.525,2.181661564992912,9425
0.525,2.356194490192345,8973
0.525,2.530727415391778,8299
0.525,2.705260340591211,7739
0.525,2.879793265790644,6839
0.525,3.0543261909900767,5854
0.525,3.2288591161895095,4914
0.525,3.4033920413889422,3980
0.525,3.577924966588375,3190
0.525,3.752457891787808,2519
0.525,3.9269908169872414,2038
0.525,4.101523742186675,1773
0.525,4.276056667386107,1455
0.525,4.4505895925855405,1308
0.525,4.625122517784973,1248
0.525,4.799655442984406,1290
0.525,4.974188368183839,1330
0.525,5.148721293383272,1566
0.525,5.323254218582705,1814
0.525,5.497787143782138,2143
0.525,5.672320068981571,2590
0.525,5.8468529941810035,3267
0.525,6.021385919380437,4002
0.525,6.19591884457987,4881
0.535,0.08726646259971647,6370
0.535,0.2617993877991494,7383
0.535,0.4363323129985824,8176
0.535,0.6108652381980153,8991
0.535,0.7853981633974483,9836
0.535,0.9599310885968811,10311
0.535,1.1344640137963142,10598
0.535,1.308996938995747,10749
0.535,1.4835298641951802,10757
0.535,1.658062789394613,10889
0.535,1.8325957145940461,10594
0.535,2.007128639793479,10633
0.535,2.181661564992912,10269
0.535,2.356194490192345,9676
0.535,2.530727415391778,9102
0.535,2.705260340591211,8393
0.535,2.879793265790644,7397
0.535,3.0543261909900767,6333
0.535,3.2288591161895095,5276
0.535,3.4033920413889422,4351
0.535,3.577924966588375,3560
0.535,3.752457891787808,2830
0.535,3.9269908169872414,2330
0.535,4.101523742186675,1816
0.535,4.276056667386107,1634
0.535,4.4505895925855405,1529
0.535,4.625122517784973,1367
0.535,4.799655442984406,1487
0.535,4.974188368183839,1577
0.535,5.148721293383272,1677
0.535,5.323254218582705,1992
0.535,5.497787143782138,2316
0.535,5.672320068981571,2831
0.535,5.8468529941810035,3505
0.535,6.021385919380437,4308
0.535,6.19591884457987,5346
0.545,0.08726646259971647,6876
0.545,0.2617993877991494,8190
0.545,0.4363323129985824,8952
0.545,0.6108652381980153,9895
0.545,0.7853981633974483,10419
0.545,0.9599310885968811,11207
0.545,1.1344640137963142,11636
0.545,1.308996938995747,11780
0.545,1.4835298641951802,11788
0.545,1.658062789394613,11513
0.545,1.8325957145940461,11579
0.545,2.007128639793479,11451
0.545,2.181661564992912,10918
0.545,2.356194490192345,10422
0.545,2.530727415391778,9799
0.545,2.705260340591211,9105
0.545,2.879793265790644,8018
0.545,3.0543261909900767,7051
0.545,3.2288591161895095,5924
0.545,3.4033920413889422,4877
0.545,3.577924966588375,3832
0.545,3.752457891787808,3228
0.545,3.9269908169872414,2551
0.545,4.101523742186675,2054
0.545,4.276056667386107,1900
0.545,4.4505895925855405,1721
0.545,4.625122517784973,1626
0.545,4.799655442984406,1682
0.545,4.974188368183839,1668
0.545,5.148721293383272,1928
0.545,5.323254218582705,2185
0.545,5.497787143782138,2560
0.545,5.672320068981571,3177
0.545,5.8468529941810035,3906
0.545,6.021385919380437,4643
0.545,6.19591884457987,5791
0.555,0.08726646259971647,7350
0.555,0.2617993877991494,8561
0.555,0.4363323129985824,9719
0.555,0.6108652381980153,10591
0.555,0.7853981633974483,11412
0.555,0.9599310885968811,12115
0.555,1.1344640137963142,12493
0.555,1.308996938995747,12720
0.555,1.4835298641951802,12798
0.555,1.658062789394613,12865
0.555,1.8325957145940461,12778
0.555,2.007128639793479,12436
0.555,2.181661564992912,12087
0.555,2.356194490192345,11335
0.555,2.530727415391778,10655
0.555,2.705260340591211,9744
0.555,2.879793265790644,8772
0.555,3.0543261909900767,7520
0.555,3.2288591161895095,6331
0.555,3.4033920413889422,5106
0.555,3.577924966588375,4239
0.555,3.752457891787808,3332
0.555,3.9269908169872414,2814
0.555,4.101523742186675,2382
0.555,4.276056667386107,2060
0.555,4.4505895925855405,1886
0.555,4.625122517784973,1744
0.555,4.799655442984406,1791
0.555,4.974188368183839,1876
0.555,5.148721293383272,2096
0.555,5.323254218582705,2337
0.555,5.497787143782138,2852
0.555,5.672320068981571,3398
0.555,5.8468529941810035,4167
0.555,6.021385919380437,5233
0.555,6.19591884457987,6399
0.565,0.08726646259971647,8016
0.565,0.2617993877991494,9107
0.565,0.4363323129985824,10678
0.565,0.6108652381980153,11586
0.565,0.7853981633974483,12292
0.565,0.9599310885968811,13190
0.565,1.1344640137963142,13540
0.565,1.308996938995747,13995
0.565,1.4835298641951802,14049
0.565,1.658062789394613,14188
0.565,1.8325957145940461,13849
0.565,2.007128639793479,13685
0.565,2.181661564992912,13125
0.565,2.356194490192345,12412
0.565,2.530727415391778,11421
0.565,2.705260340591211,10392
0.565,2.879793265790644,9347
0.565,3.0543261909900767,8052
0.565,3.2288591161895095,6755
0.565,3.4033920413889422,5575
0.565,3.577924966588375,4472
0.565,3.752457891787808,3612
0.565,3.9269908169872414,3056
0.565,4.101523742186675,2518
0.565,4.276056667386107,2252
0.565,4.4505895925855405,2044
0.565,4.625122517784973,2001
0.565,4.799655442984406,1914
0.565,4.974188368183839,2021
0.565,5.148721293383272,2259
0.565,5.323254218582705,2641
0.565,5.497787143782138,3101
0.565,5.672320068981571,3658
0.565,5.8468529941810035,4562
0.565,6.021385919380437,5617
0.565,6.19591884457987,6763
0.575,0.08726646259971647,8644
0.575,0.2617993877991494,10185
0.575,0.4363323129985824,11287
0.575,0.6108652381980153,12530
0.575,0.7853981633974483,13324
0.575,0.9599310885968811,13830
0.575,1.1344640137963142,14869
0.575,1.308996938995747,15243
0.575,1.4835298641951802,15079
0.575,1.658062789394613,15360
0.575,1.8325957145940461,14902
0.575,2.007128639793479,14534
0.575,2.181661564992912,14019
0.575,2.356194490192345,13228
0.575,2.530727415391778,12187
0.575,2.705260340591211,11240
0.575,2.879793265790644,9964
0.575,3.0543261909900767,8387
0.575,3.2288591161895095,7477
0.575,3.4033920413889422,6027
0.575,3.577924966588375,4842
0.575,3.752457891787808,3983
0.575,3.9269908169872414,3230
0.575,4.101523742186675,2829
0.575,4.276056667386107,2479
0.575,4.4505895925855405,2204
0.575,4.625122517784973,2102
0.575,4.799655442984406,2164
0.575,4.974188368183839,2235
0.575,5.148721293383272,2415
0.575,5.323254218582705,2768
0.575,5.497787143782138,3361
0.575,5.672320068981571,4126
0.575,5.8468529941810035,4920
0.575,6.021385919380437,5960
0.575,6.19591884457987,7294
0.585,0.08726646259971647,9354
0.585,0.2617993877991494,10859
0.585,0.4363323129985824,12103
0.585,0.6108652381980153,13086
0.585,0.7853981633974483,14484
0.585,0.9599310885968811,15224
0.585,1.1344640137963142,15391
0.585,1.308996938995747,16134
0.585,1.4835298641951802,16210
0.585,1.658062789394613,16224
0.585,1.8325957145940461,16028
0.585,2.007128639793479,15624
0.585,2.181661564992912,15084
0.585,2.356194490192345,13997
0.585,2.530727415391778,13028
0.585,2.705260340591211,11964
0.585,2.879793265790644,10409
0.585,3.0543261909900767,9271
0.585,3.2288591161895095,7738
0.585,3.4033920413889422,6346
0.585,3.577924966588375,5216
0.585,3.752457891787808,4361
0.585,3.9269908169872414,3471
0.585,4.101523742186675,2854
0.585,4.276056667386107,2558
0.585,4.4505895925855405,2411
0.585,4.625122517784973,2225
0.585,4.799655442984406,2241
0.585,4.974188368183839,2294
0.585,5.148721293383272,2595
0.585,5.323254218582705,2968
0.585,5.497787143782138,3472
0.585,5.672320068981571,4227
0.585,5.8468529941810035,5360
0.585,6.021385919380437,6350
0.585,6.19591884457987,7937
0.595,0.08726646259971647,9913
0.595,0.2617993877991494,11404
0.595,0.4363323129985824,12713
0.595,0.6108652381980153,14045
0.595,0.7853981633974483,15257
0.595,0.9599310885968811,16108
0.595,1.1344640137963142,16809
0.595,1.308996938995747,17191
0.595,1.4835298641951802,17251
0.595,1.658062789394613,17384
0.595,1.8325957145940461,17201
0.595,2.007128639793479,16596
0.595,2.181661564992912,15935
0.595,2.356194490192345,14723
0.595,2.530727415391778,14047
0.595,2.705260340591211,12852
0.595,2.879793265790644,11239
0.595,3.0543261909900767,9757
0.595,3.2288591161895095,8059
0.595,3.4033920413889422,6578
0.595,3.577924966588375,5460
0.595,3.752457891787808,4327
0.595,3.9269908169872414,3590
0.595,4.101523742186675,3100
0.595,4.276056667386107,2699
0.595,4.4505895925855405,2421
0.595,4.625122517784973,2392
0.595,4.799655442984406,2386
0.595,4.974188368183839,2528
0.595,5.148721293383272,2740
0.595,5.323254218582705,3128
0.595,5.497787143782138,3643
0.595,5.672320068981571,4603
0.595,5.8468529941810035,5430
0.595,6.021385919380437,6880
0.595,6.19591884457987,8193
0.605,0.08726646259971647,10338
0.605,0.2617993877991494,11844
0.605,0.4363323129985824,13524
0.605,0.6108652381980153,14973
0.605,0.7853981633974483,16115
0.605,0.9599310885968811,16858
0.605,1.1344640137963142,17521
0.605,1.308996938995747,18195
0.605,1.4835298641951802,18388
0.605,1.658062789394613,18244
0.605,1.8325957145940461,18316
0.605,2.007128639793479,17400
0.605,2.181661564992912,16817
0.605,2.356194490192345,16154
0.605,2.530727415391778,14725
0.605,2.705260340591211,13417
0.605,2.879793265790644,11966
0.605,3.0543261909900767,10178
0.605,3.2288591161895095,8597
0.605,3.4033920413889422,7068
0.605,3.577924966588375,5778
0.605,3.752457891787808,4788
0.605,3.9269908169872414,3879
0.605,4.101523742186675,3330
0.605,4.276056667386107,2897
0.605,4.4505895925855405,2667
0.605,4.625122517784973,2643
0.605,4.799655442984406,2478
0.605,4.974188368183839,2669
0.605,5.148721293383272,2860
0.605,5.323254218582705,3389
0.605,5.497787143782138,3937
0.605,5.672320068981571,4806
0.605,5.8468529941810035,5845
0.605,6.021385919380437,7164
0.605,6.19591884457987,8653
0.615,0.08726646259971647,10954
0.615,0.2617993877991494,12699
0.615,0.4363323129985824,14096
0.615,0.6108652381980153,15585
0.615,0.7853981633974483,16782
0.615,0.9599310885968811,17911
0.615,1.1344640137963142,18774
0.615,1.308996938995747,19333
0.615,1.4835298641951802,19239
0.615,1.658062789394613,19181
0.615,1.8325957145940461,19272
0.615,2.007128639793479,18824
0.615,2.181661564992912,17823
0.615,2.356194490192345,16853
0.615,2.530727415391778,15428
0.615,2.705260340591211,14163
0.615,2.879793265790644,12604
0.615,3.0543261909900767,10676
0.615,3.2288591161895095,8968
0.615,3.4033920413889422,7401
0.615,3.577924966588375,6076
0.615,3.752457891787808,4858
0.615,3.9269908169872414,3979
0.615,4.101523742186675,3503
0.615,4.276056667386107,3079
0.615,4.4505895925855405,2785
0.615,4.625122517784973,2747
0.615,4.799655442984406,2704
0.615,4.974188368183839,2838
0.615,5.148721293383272,3080
0.615,5.323254218582705,3395
0.615,5.497787143782138,4095
0.615,5.672320068981571,4873
0.615,5.8468529941810035,6237
0.615,6.021385919380437,7445
0.615,6.19591884457987,9053
0.625,0.08726646259971647,11577
0.625,0.2617993877991494,13315
0.625,0.4363323129985824,14915
0.625,0.6108652381980153,16587
0.625,0.7853981633974483,17955
0.625,0.9599310885968811,18924
0.625,1.1344640137963142,19912
0.625,1.308996938995747,20457
0.625,1.4835298641951802,20728
0.625,1.658062789394613,20647
0.625,1.8325957145940461,20214
0.625,2.007128639793479,19685
0.625,2.181661564992912,18597
0.625,2.356194490192345,17850
0.625,2.530727415391778,16376
0.625,2.705260340591211,14506
0.625,2.879793265790644,13062
0.625,3.0543261909900767,11231
0.625,3.2288591161895095,9509
0.625,3.4033920413889422,7807
0.625,3.577924966588375,6366
0.625,3.752457891787808,5182
0.625,3.9269908169872414,4283
0.625,4.101523742186675,3612
0.625,4.276056667386107,3186
0.625,4.4505895925855405,3063
0.625,4.625122517784973,2951
0.625,4.799655442984406,2814
0.625,4.974188368183839,2939
0.625,5.148721293383272,3334
0.625,5.323254218582705,3548
0.625,5.497787143782138,4309
0.625,5.672320068981571,5275
0.625,5.8468529941810035,6395
0.625,6.021385919380437,7944
0.625,6.19591884457987,9566
0.635,0.08726646259971647,11849
0.635,0.2617993877991494,14048
0.635,0.4363323129985824,15876
0.635,0.6108652381980153,17526
0.635,0.7853981633974483,18592
0.635,0.9599310885968811,19909
0.635,1.1344640137963142,20666
0.635,1.308996938995747,21737
0.635,1.4835298641951802,21613
0.635,1.658062789394613,21739
0.635,1.8325957145940461,21608
0.635,2.007128639793479,20842
0.635,2.181661564992912,19725
0.635,2.356194490192345,18620
0.635,2.530727415391778,17255
0.635,2.705260340591211,15549
0.635,2.879793265790644,13673
0.635,3.0543261909900767,11725
0.635,3.2288591161895095,10019
0.635,3.4033920413889422,8220
0.635,3.577924966588375,6667
0.635,3.752457891787808,5478
0.635,3.9269908169872414,4505
0.635,4.101523742186675,3779
0.635,4.276056667386107,3332
0.635,4.4505895925855405,3107
0.635,4.625122517784973,2989
0.635,4.799655442984406,2882
0.635,4.974188368183839,3156
0.635,5.148721293383272,3391
0.635,5.323254218582705,3932
0.635,5.497787143782138,4618
0.635,5.672320068981571,5535
0.635,5.8468529941810035,6760
0.635,6.021385919380437,8197
0.635,6.19591884457987,9944
0.645,0.08726646259971647,12429
0.645,0.2617993877991494,14438
0.645,0.4363323129985824,16274
0.645,0.6108652381980153,18126
0.645,0.7853981633974483,19326
0.645,0.9599310885968811,20607
0.645,1.1344640137963142,21773
0.645,1.308996938995747,22590
0.645,1.4835298641951802,22674
0.645,1.658062789394613,22803
0.645,1.8325957145940461,22375
0.645,2.007128639793479,21309
0.645,2.181661564992912,20598
0.645,2.356194490192345,19425
0.645,2.530727415391778,17953
0.645,2.705260340591211,16017
0.645,2.879793265790644,14434
0.645,3.0543261909900767,12362
0.645,3.2288591161895095,10422
0.645,3.4033920413889422,8501
0.645,3.577924966588375,6898
0.645,3.752457891787808,5549
0.645,3.9269908169872414,4693
0.645,4.101523742186675,3952
0.645,4.276056667386107,3568
0.645,4.4505895925855405,3262
0.645,4.625122517784973,3222
0.645,4.799655442984406,3088
0.645,4.974188368183839,3388
0.645,5.148721293383272,3537
0.645,5.323254218582705,4210
0.645,5.497787143782138,4793
0.645,5.672320068981571,5716
0.645,5.8468529941810035,7098
0.645,6.021385919380437,8589
0.645,6.19591884457987,10084
0.655,0.08726646259971647,12654
0.655,0.2617993877991494,14828
0.655,0.4363323129985824,17008
0.655,0.6108652381980153,18598
0.655,0.7853981633974483,19929
0.655,0.9599310885968811,21212
0.655,1.1344640137963142,22376
0.655,1.308996938995747,23403
0.655,1.4835298641951802,23793
0.655,1.658062789394613,23744
0.655,1.8325957145940461,23231
0.655,2.007128639793479,22498
0.655,2.181661564992912,21357
0.655,2.356194490192345,19819
0.655,2.530727415391778,18635
0.655,2.705260340591211,16847
0.655,2.879793265790644,14878
0.655,3.0543261909900767,12679
0.655,3.2288591161895095,10563
0.655,3.4033920413889422,8679
0.655,3.577924966588375,7125
0.655,3.752457891787808,5859
0.655,3.9269908169872414,4781
0.655,4.101523742186675,4059
0.655,4.276056667386107,3613
0.655,4.4505895925855405,3351
0.655,4.625122517784973,3300
0.655,4.799655442984406,3316
0.655,4.974188368183839,3475
0.655,5.148721293383272,3771
0.655,5.323254218582705,4129
0.655,5.497787143782138,5108
0.655,5.672320068981571,5902
0.655,5.8468529941810035,7383
0.655,6.021385919380437,8899
0.655,6.19591884457987,10623
0.665,0.08726646259971647,13012
0.665,0.2617993877991494,15128
0.665,0.4363323129985824,17137
0.665,0.6108652381980153,18879
0.665,0.7853981633974483,20540
0.665,0.9599310885968811,21950
0.665,1.1344640137963142,22871
0.665,1.308996938995747,24151
0.665,1.4835298641951802,24458
0.665,1.658062789394613,24454
0.665,1.8325957145940461,24143
0.665,2.007128639793479,22804
0.665,2.181661564992912,21757
0.665,2.356194490192345,20380
0.665,2.530727415391778,19244
0.665,2.705260340591211,17256
0.665,2.879793265790644,14943
0.665,3.0543261909900767,13153
0.665,3.2288591161895095,10972
0.665,3.4033920413889422,8974
0.665,3.577924966588375,7170
0.665,3.752457891787808,5916
0.665,3.9269908169872414,4816
0.665,4.101523742186675,4087
0.665,4.276056667386107,3684
0.665,4.4505895925855405,3363
0.665,4.625122517784973,3312
0.665,4.799655442984406,3350
0.665,4.974188368183839,3531
0.665,5.148721293383272,3728
0.665,5.323254218582705,4327
0.665,5.497787143782138,5203
0.665,5.672320068981571,6039
0.665,5.8468529941810035,7197
0.665,6.021385919380437,8878
0.665,6.19591884457987,10696
0.675,0.08726646259971647,12786
0.675,0.2617993877991494,14984
0.675,0.4363323129985824,17014
0.675,0.6108652381980153,19132
0.675,0.7853981633974483,20463
0.675,0.9599310885968811,22066
0.675,1.1344640137963142,23662
0.675,1.308996938995747,24458
0.675,1.4835298641951802,25073
0.675,1.658062789394613,25323
0.675,1.8325957145940461,24620
0.675,2.007128639793479,23479
0.675,2.181661564992912,22075
0.675,2.356194490192345,20750
0.675,2.530727415391778,19090
0.675,2.705260340591211,17253
0.675,2.879793265790644,15335
0.675,3.0543261909900767,13129
0.675,3.2288591161895095,10681
0.675,3.4033920413889422,9057
0.675,3.577924966588375,7248
0.675,3.752457891787808,5926
0.675,3.9269908169872414,4906
0.675,4.101523742186675,4271
0.675,4.276056667386107,3666
0.675,4.4505895925855405,3571
0.675,4.625122517784973,3344
0.675,4.799655442984406,3442
0.675,4.974188368183839,3522
0.675,5.148721293383272,3850
0.675,5.323254218582705,4269
0.675,5.497787143782138,5244
0.675,5.672320068981571,5962
0.675,5.8468529941810035,7328
0.675,6.021385919380437,8878
0.675,6.19591884457987,10961
0.685,0.08726646259971647,12747
0.685,0.2617993877991494,15007
0.685,0.4363323129985824,17121
0.685,0.6108652381980153,19140
0.685,0.7853981633974483,20660
0.685,0.9599310885968811,21864
0.685,1.1344640137963142,23448
0.685,1.308996938995747,24437
0.685,1.4835298641951802,24850
0.685,1.658062789394613,25158
0.685,1.8325957145940461,24645
0.685,2.007128639793479,23736
0.685,2.181661564992912,22187
0.685,2.356194490192345,20646
0.685,2.530727415391778,18788
0.685,2.705260340591211,16736
0.685,2.879793265790644,15164
0.685,3.0543261909900767,12731
0.685,3.2288591161895095,10667
0.685,3.4033920413889422,8815
0.685,3.577924966588375,7251
0.685,3.752457891787808,5934
0.685,3.9269908169872414,5141
0.685,4.101523742186675,4161
0.685,4.276056667386107,3765
0.685,4.4505895925855405,3517
0.685,4.625122517784973,3380
0.685,4.799655442984406,3413
0.685,4.974188368183839,3521
0.685,5.148721293383272,3887
0.685,5.323254218582705,4307
0.685,5.497787143782138,5009
0.685,5.672320068981571,6134
0.685,5.8468529941810035,7393
0.685,6.021385919380437,8933
0.685,6.19591884457987,10675
0.695,0.08726646259971647,12477
0.695,0.2617993877991494,14535
0.695,0.4363323129985824,16344
0.695,0.6108652381980153,18471
0.695,0.7853981633974483,20039
0.695,0.9599310885968811,22076
0.695,1.1344640137963142,23257
0.695,1.308996938995747,24446
0.695,1.4835298641951802,25174
0.695,1.658062789394613,24783
0.695,1.8325957145940461,24779
0.695,2.007128639793479,23222
0.695,2.181661564992912,21805
0.695,2.356194490192345,20139
0.695,2.530727415391778,18509
0.695,2.705260340591211,16513
0.695,2.879793265790644,14443
0.695,3.0543261909900767,12449
0.695,3.2288591161895095,10429
0.695,3.4033920413889422,8586
0.695,3.577924966588375,7039
0.695,3.752457891787808,5799
0.695,3.9269908169872414,4979
0.695,4.101523742186675,4281
0.695,4.276056667386107,3735
0.695,4.4505895925855405,3536
0.695,4.625122517784973,3468
0.695,4.799655442984406,3419
0.695,4.974188368183839,3492
0.695,5.148721293383272,3844
0.695,5.323254218582705,4386
0.695,5.497787143782138,4892
0.695,5.672320068981571,5924
0.695,5.8468529941810035,7121
0.695,6.021385919380437,8636
0.695,6.19591884457987,10378
0.705,0.08726646259971647,11863
0.705,0.2617993877991494,13890
0.705,0.4363323129985824,15715
0.705,0.6108652381980153,17526
0.705,0.7853981633974483,19456
0.705,0.9599310885968811,20986
0.705,1.1344640137963142,22594
0.705,1.308996938995747,23649
0.705,1.4835298641951802,24443
0.705,1.658062789394613,24705
0.705,1.8325957145940461,23818
0.705,2.007128639793479,22355
0.705,2.181661564992912,21246
0.705,2.356194490192345,19545
0.705,2.530727415391778,17779
0.705,2.705260340591211,15718
0.705,2.879793265790644,13831
0.705,3.0543261909900767,11848
0.705,3.2288591161895095,10000
0.705,3.4033920413889422,8258
0.705,3.577924966588375,6873
0.705,3.752457891787808,5620
0.705,3.9269908169872414,4743
0.705,4.101523742186675,3999
0.705,4.276056667386107,3849
0.705,4.4505895925855405,3501
0.705,4.625122517784973,3333
0.705,4.799655442984406,3358
0.705,4.974188368183839,3440
0.705,5.148721293383272,3785
0.705,5.323254218582705,4103
0.705,5.497787143782138,4845
0.705,5.672320068981571,5549
0.705,5.8468529941810035,6700
0.705,6.021385919380437,8238
0.705,6.19591884457987,10055
0.715,0.08726646259971647,11130
0.715,0.2617993877991494,12962
0.715,0.4363323129985824,14927
0.715,0.6108652381980153,16515
0.715,0.7853981633974483,18198
0.715,0.9599310885968811,20122
0.715,1.1344640137963142,21449
0.715,1.308996938995747,22530
0.715,1.4835298641951802,23060
0.715,1.658062789394613,22853
0.715,1.8325957145940461,22733
0.715,2.007128639793479,21286
0.715,2.181661564992912,19743
0.715,2.356194490192345,18582
0.715,2.530727415391778,16401
0.715,2.705260340591211,14998
0.715,2.879793265790644,12673
0.715,3.0543261909900767,11101
0.715,3.2288591161895095,9303
0.715,3.4033920413889422,7719
0.715,3.577924966588375,6443
0.715,3.752457891787808,5293
0.715,3.9269908169872414,4532
0.715,4.101523742186675,3901
0.715,4.276056667386107,3569
0.715,4.4505895925855405,3414
0.715,4.625122517784973,3113
0.715,4.799655442984406,3196
0.715,4.974188368183839,3252
0.715,5.148721293383272,3621
0.715,5.323254218582705,4060
0.715,5.497787143782138,4515
0.715,5.672320068981571,5348
0.715,5.8468529941810035,6437
0.715,6.021385919380437,7588
0.715,6.19591884457987,9165
0.725,0.08726646259971647,9847
0.725,0.2617993877991494,11696
0.725,0.4363323129985824,13465
0.725,0.6108652381980153,15122
0.725,0.7853981633974483,16680
0.725,0.9599310885968811,18131
0.725,1.1344640137963142,19691
0.725,1.308996938995747,20847
0.725,1.4835298641951802,20924
0.725,1.658062789394613,21150
0.725,1.8325957145940461,21170
0.725,2.007128639793479,19648
0.725,2.181661564992912,18164
0.725,2.356194490192345,16860
0.725,2.530727415391778,14909
0.725,2.705260340591211,13613
0.725,2.879793265790644,11840
0.725,3.0543261909900767,9974
0.725,3.2288591161895095,8655
0.725,3.4033920413889422,7168
0.725,3.577924966588375,5970
0.725,3.752457891787808,4886
0.725,3.9269908169872414,4170
0.725,4.101523742186675,3545
0.725,4.276056667386107,3256
0.725,4.4505895925855405,3049
0.725,4.625122517784973,3038
0.725,4.799655442984406,3057
0.725,4.974188368183839,3194
0.725,5.148721293383272,3338
0.725,5.323254218582705,3644
0.725,5.497787143782138,4104
0.725,5.672320068981571,4928
0.725,5.8468529941810035,5682
0.725,6.021385919380437,7036
0.725,6.19591884457987,8525
0.735,0.08726646259971647,8705
0.735,0.2617993877991494,10148
0.735,0.4363323129985824,11650
0.735,0.6108652381980153,13205
0.735,0.7853981633974483,14990
0.735,0.9599310885968811,16058
0.735,1.1344640137963142,17723
0.735,1.308996938995747,18240
0.735,1.4835298641951802,18720
0.735,1.658062789394613,18896
0.735,1.8325957145940461,18703
0.735,2.007128639793479,17482
0.735,2.181661564992912,16336
0.735,2.356194490192345,14863
0.735,2.530727415391778,13387
0.735,2.705260340591211,11759
0.735,2.879793265790644,10273
0.735,3.0543261909900767,8592
0.735,3.2288591161895095,7544
0.735,3.4033920413889422,6316
0.735,3.577924966588375,5331
0.735,3.752457891787808,4359
0.735,3.9269908169872414,3727
0.735,4.101523742186675,3325
0.735,4.276056667386107,2958
0.735,4.4505895925855405,2724
0.735,4.625122517784973,2699
0.735,4.799655442984406,2707
0.735,4.974188368183839,2762
0.735,5.148721293383272,2999
0.735,5.323254218582705,3328
0.735,5.497787143782138,3767
0.735,5.672320068981571,4357
0.735,5.8468529941810035,5006
0.735,6.021385919380437,6205
0.735,6.19591884457987,7401
0.745,0.08726646259971647,7067
0.745,0.2617993877991494,8232
0.745,0.4363323129985824,9459
0.745,0.6108652381980153,10825
0.745,0.7853981633974483,12190
0.745,0.9599310885968811,13484
0.745,1.1344640137963142,14684
0.745,1.308996938995747,15579
0.745,1.4835298641951802,15768
0.745,1.658062789394613,15938
0.745,1.8325957145940461,15537
0.745,2.007128639793479,14912
0.745,2.181661564992912,13583
0.745,2.356194490192345,12371
0.745,2.530727415391778,10734
0.745,2.705260340591211,9605
0.745,2.879793265790644,8409
0.745,3.0543261909900767,7093
0.745,3.2288591161895095,5892
0.745,3.4033920413889422,5113
0.745,3.577924966588375,4292
0.745,3.752457891787808,3685
0.745,3.9269908169872414,3089
0.745,4.101523742186675,2766
0.745,4.276056667386107,2668
0.745,4.4505895925855405,2417
0.745,4.625122517784973,2323
0.745,4.799655442984406,2267
0.745,4.974188368183839,2525
0.745,5.148721293383272,2734
0.745,5.323254218582705,2940
0.745,5.497787143782138,3232
0.745,5.672320068981571,3594
0.745,5.8468529941810035,4154
0.745,6.021385919380437,5106
0.745,6.19591884457987,5973
0.755,0.08726646259971647,5226
0.755,0.2617993877991494,6106
0.755,0.4363323129985824,7049
0.755,0.6108652381980153,8185
0.755,0.7853981633974483,8898
0.755,0.9599310885968811,10513
0.755,1.1344640137963142,11413
0.755,1.308996938995747,11921
0.755,1.4835298641951802,12182
0.755,1.658062789394613,11992
0.755,1.8325957145940461,11800
0.755,2.007128639793479,11370
0.755,2.181661564992912,10383
0.755,2.356194490192345,9160
0.755,2.530727415391778,8449
0.755,2.705260340591211,7008
0.755,2.879793265790644,6177
0.755,3.0543261909900767,5210
0.755,3.2288591161895095,4481
0.755,3.4033920413889422,3701
0.755,3.577924966588375,3179
0.755,3.752457891787808,2856
0.755,3.9269908169872414,2468
0.755,4.101523742186675,2269
0.755,4.276056667386107,2193
0.755,4.4505895925855405,2013
0.755,4.625122517784973,1807
0.755,4.799655442984406,1867
0.755,4.974188368183839,1993
0.755,5.148721293383272,2056
0.755,5.323254218582705,2179
0.755,5.497787143782138,2484
0.755,5.672320068981571,2753
0.755,5.8468529941810035,3228
0.755,6.021385919380437,3761
0.755,6.19591884457987,4449
0.765,0.08726646259971647,3467
0.765,0.2617993877991494,4077
0.765,0.4363323129985824,4772
0.765,0.6108652381980153,5504
0.765,0.7853981633974483,6311
0.765,0.9599310885968811,7106
0.765,1.1344640137963142,7540
0.765,1.308996938995747,7655
0.765,1.4835298641951802,7690
0.765,1.658062789394613,7733
0.765,1.8325957145940461,7609
0.765,2.007128639793479,7432
0.765,2.181661564992912,6967
0.765,2.356194490192345,6115
0.765,2.530727415391778,5452
0.765,2.705260340591211,4683
0.765,2.879793265790644,4021
0.765,3.0543261909900767,3415
0.765,3.2288591161895095,2871
0.765,3.4033920413889422,2403
0.765,3.577924966588375,2067
0.765,3.752457891787808,1868
0.765,3.9269908169872414,1691
0.765,4.101523742186675,1575
0.765,4.276056667386107,1427
0.765,4.4505895925855405,1443
0.765,4.625122517784973,1295
0.765,4.799655442984406,1308
0.765,4.974188368183839,1273
0.765,5.148721293383272,1459
0.765,5.323254218582705,1531
0.765,5.497787143782138,1625
0.765,5.672320068981571,1928
0.765,5.8468529941810035,2185
0.765,6.021385919380437,2449
0.765,6.19591884457987,2836
0.775,0.08726646259971647,1974
0.775,0.2617993877991494,2275
0.775,0.4363323129985824,2653
0.775,0.6108652381980153,3136
0.775,0.7853981633974483,3514
0.775,0.9599310885968811,3731
0.775,1.1344640137963142,3652
0.775,1.308996938995747,3462
0.775,1.4835298641951802,3301
0.775,1.658062789394613,3413
0.775,1.8325957145940461,3501
0.775,2.007128639793479,3671
0.775,2.181661564992912,3657
0.775,2.356194490192345,3371
0.775,2.530727415391778,3079
0.775,2.705260340591211,2648
0.775,2.879793265790644,2323
0.775,3.0543261909900767,1882
0.775,3.2288591161895095,1660
0.775,3.4033920413889422,1345
0.775,3.577924966588375,1204
0.775,3.752457891787808,1085
0.775,3.9269908169872414,861
0.775,4.101523742186675,834
0.775,4.276056667386107,738
0.775,4.4505895925855405,633
0.775,4.625122517784973,563
0.775,4.799655442984406,629
0.775,4.974188368183839,679
0.775,5.148721293383272,723
0.775,5.323254218582705,829
0.775,5.497787143782138,940
0.775,5.672320068981571,1027
0.775,5.8468529941810035,1237
0.775,6.021385919380437,1384
0.775,6.19591884457987,1625
0.785,0.08726646259971647,993
0.785,0.2617993877991494,1195
0.785,0.4363323129985824,1325
0.785,0.6108652381980153,1435
0.785,0.7853981633974483,1382
0.785,0.9599310885968811,1152
0.785,1.1344640137963142,832
0.785,1.308996938995747,579
0.785,1.4835298641951802,495
0.785,1.658062789394613,495
0.785,1.8325957145940461,637
0.785,2.007128639793479,834
0.785,2.181661564992912,1199
0.785,2.356194490192345,1387
0.785,2.530727415391778,1440
0.785,2.705260340591211,1295
0.785,2.879793265790644,1156
0.785,3.0543261909900767,994
0.785,3.2288591161895095,814
0.785,3.4033920413889422,696
0.785,3.577924966588375,595
0.785,3.752457891787808,470
0.785,3.9269908169872414,399
0.785,4.101523742186675,318
0.785,4.276056667386107,196
0.785,4.4505895925855405,112
0.785,4.625122517784973,101
0.785,4.799655442984406,96
0.785,4.974188368183839,121
0.785,5.148721293383272,177
0.785,5.323254218582705,276
0.785,5.497787143782138,418
0.785,5.672320068981571,472
0.785,5.8468529941810035,564
0.785,6.021385919380437,737
0.785,6.19591884457987,868
0.795,0.08726646259971647,592
0.795,0.2617993877991494,660
0.795,0.4363323129985824,630
0.795,0.6108652381980153,494
0.795,0.7853981633974483,294
0.795,0.9599310885968811,116
0.795,1.1344640137963142,20
0.795,1.308996938995747,2
0.795,1.4835298641951802,0
0.795,1.658062789394613,0
0.795,1.8325957145940461,2
0.795,2.007128639793479,20
0.795,2.181661564992912,95
0.795,2.356194490192345,282
0.795,2.530727415391778,456
0.795,2.705260340591211,591
0.795,2.879793265790644,593
0.795,3.0543261909900767,572
0.795,3.2288591161895095,493
0.795,3.4033920413889422,417
0.795,3.577924966588375,275
0.795,3.752457891787808,183
0.795,3.9269908169872414,94
0.795,4.101523742186675,31
0.795,4.276056667386107,3
0.795,4.4505895925855405,1
0.795,4.625122517784973,1
0.795,4.799655442984406,1
0.795,4.974188368183839,0
0.795,5.148721293383272,1
0.795,5.323254218582705,28
0.795,5.497787143782138,100
0.795,5.672320068981571,206
0.795,5.8468529941810035,306
0.795,6.021385919380437,390
0.795,6.19591884457987,505
0.805,0.08726646259971647,406
0.805,0.2617993877991494,385
0.805,0.4363323129985824,315
0.805,0.6108652381980153,163
0.805,0.7853981633974483,19
0.805,0.9599310885968811,1
0.805,1.1344640137963142,0
0.805,1.308996938995747,0
0.805,1.4835298641951802,1
0.805,1.658062789394613,0
0.805,1.8325957145940461,0
0.805,2.007128639793479,0
0.805,2.181661564992912,0
0.805,2.356194490192345,29
0.805,2.530727415391778,140
0.805,2.705260340591211,295
0.805,2.879793265790644,400
0.805,3.0543261909900767,414
0.805,3.2288591161895095,404
0.805,3.4033920413889422,286
0.805,3.577924966588375,165
0.805,3.752457891787808,60
0.805,3.9269908169872414,13
0.805,4.101523742186675,0
0.805,4.276056667386107,1
0.805,4.4505895925855405,0
0.805,4.625122517784973,1
0.805,4.799655442984406,0
0.805,4.974188368183839,1
0.805,5.148721293383272,0
0.805,5.323254218582705,0
0.805,5.497787143782138,12
0.805,5.672320068981571,56
0.805,5.8468529941810035,148
0.805,6.021385919380437,301
0.805,6.19591884457987,358
0.815,0.08726646259971647,277
0.815,0.2617993877991494,236
0.815,0.4363323129985824,184
0.815,0.6108652381980153,76
0.815,0.7853981633974483,13
0.815,0.9599310885968811,0
0.815,1.1344640137963142,0
0.815,1.308996938995747,1
0.815,1.4835298641951802,0
0.815,1.658062789394613,0
0.815,1.8325957145940461,0
0.815,2.007128639793479,1
0.815,2.181661564992912,0
0.815,2.356194490192345,9
0.815,2.530727415391778,69
0.815,2.705260340591211,156
0.815,2.879793265790644,255
0.815,3.0543261909900767,237
0.815,3.2288591161895095,255
0.815,3.4033920413889422,190
0.815,3.577924966588375,104
0.815,3.752457891787808,46
0.815,3.9269908169872414,4
0.815,4.101523742186675,0
0.815,4.276056667386107,0
0.815,4.4505895925855405,0
0.815,4.625122517784973,1
0.815,4.799655442984406,0
0.815,4.974188368183839,0
0.815,5.148721293383272,0
0.815,5.323254218582705,0
0.815,5.497787143782138,4
0.815,5.672320068981571,29
0.815,5.8468529941810035,87
0.815,6.021385919380437,160
0.815,6.19591884457987,232
0.825,0.08726646259971647,145
0.825,0.2617993877991494,127
0.825,0.4363323129985824,107
0.825,0.6108652381980153,69
0.825,0.7853981633974483,45
0.825,0.9599310885968811,6
0.825,1.1344640137963142,5
0.825,1.308996938995747,1
0.825,1.4835298641951802,0
0.825,1.658062789394613,0
0.825,1.8325957145940461,1
0.825,2.007128639793479,2
0.825,2.181661564992912,14
0.825,2.356194490192345,37
0.825,2.530727415391778,74
0.825,2.705260340591211,133
0.825,2.879793265790644,132
0.825,3.0543261909900767,155
0.825,3.2288591161895095,127
0.825,3.4033920413889422,97
0.825,3.577924966588375,73
0.825,3.752457891787808,54
0.825,3.9269908169872414,18
0.825,4.101523742186675,10
0.825,4.276056667386107,1
0.825,4.4505895925855405,1
0.825,4.625122517784973,1
0.825,4.799655442984406,0
0.825,4.974188368183839,2
0.825,5.148721293383272,2
0.825,5.323254218582705,9
0.825,5.497787143782138,17
0.825,5.672320068981571,42
0.825,5.8468529941810035,82
0.825,6.021385919380437,102
0.825,6.19591884457987,116
0.835,0.08726646259971647,108
0.835,0.2617993877991494,115
0.835,0.4363323129985824,120
0.835,0.6108652381980153,89
0.835,0.7853981633974483,80
0.835,0.9599310885968811,81
0.835,1.1344640137963142,47
0.835,1.308996938995747,31
0.835,1.4835298641951802,40
0.835,1.658062789394613,44
0.835,1.8325957145940461,41
0.835,2.007128639793479,70
0.835,2.181661564992912,68
0.835,2.356194490192345,100
0.835,2.530727415391778,118
0.835,2.705260340591211,121
0.835,2.879793265790644,115
0.835,3.0543261909900767,91
0.835,3.2288591161895095,76
0.835,3.4033920413889422,89
0.835,3.577924966588375,73
0.835,3.752457891787808,47
0.835,3.9269908169872414,46
0.835,4.101523742186675,42
0.835,4.276056667386107,16
0.835,4.4505895925855405,16
0.835,4.625122517784973,18
0.835,4.799655442984406,11
0.835,4.974188368183839,13
0.835,5.148721293383272,20
0.835,5.323254218582705,27
0.835,5.497787143782138,39
0.835,5.672320068981571,52
0.835,5.8468529941810035,67
0.835,6.021385919380437,66
0.835,6.19591884457987,94
0.845,0.08726646259971647,117
0.845,0.2617993877991494,156
0.845,0.4363323129985824,137
0.845,0.6108652381980153,150
0.845,0.7853981633974483,175
0.845,0.9599310885968811,176
0.845,1.1344640137963142,199
0.845,1.308996938995747,189
0.845,1.4835298641951802,188
0.845,1.658062789394613,197
0.845,1.8325957145940461,198
0.845,2.007128639793479,172
0.845,2.181661564992912,170
0.845,2.356194490192345,175
0.845,2.530727415391778,160
0.845,2.705260340591211,152
0.845,2.879793265790644,160
0.845,3.0543261909900767,142
0.845,3.2288591161895095,108
0.845,3.4033920413889422,106
0.845,3.577924966588375,96
0.845,3.752457891787808,75
0.845,3.9269908169872414,74
0.845,4.101523742186675,82
0.845,4.276056667386107,71
0.845,4.4505895925855405,61
0.845,4.625122517784973,43
0.845,4.799655442984406,42
0.845,4.974188368183839,37
0.845,5.148721293383272,52
0.845,5.323254218582705,62
0.845,5.497787143782138,74
0.845,5.672320068981571,77
0.845,5.8468529941810035,80
0.845,6.021385919380437,86
0.845,6.19591884457987,122
0.855,0.08726646259971647,186
0.855,0.2617993877991494,202
0.855,0.4363323129985824,229
0.855,0.6108652381980153,282
0.855,0.7853981633974483,308
0.855,0.9599310885968811,346
0.855,1.1344640137963142,339
0.855,1.308996938995747,367
0.855,1.4835298641951802,379
0.855,1.658062789394613,382
0.855,1.8325957145940461,357
0.855,2.007128639793479,355
0.855,2.181661564992912,317
0.855,2.356194490192345,279
0.855,2.530727415391778,249
0.855,2.705260340591211,206
0.855,2.879793265790644,185
0.855,3.0543261909900767,170
0.855,3.2288591161895095,157
0.855,3.4033920413889422,145
0.855,3.577924966588375,114
0.855,3.752457891787808,108
0.855,3.9269908169872414,93
0.855,4.101523742186675,108
0.855,4.276056667386107,84
0.855,4.4505895925855405,93
0.855,4.625122517784973,84
0.855,4.799655442984406,88
0.855,4.974188368183839,85
0.855,5.148721293383272,81
0.855,5.323254218582705,82
0.855,5.497787143782138,105
0.855,5.672320068981571,112
0.855,5.8468529941810035,120
0.855,6.021385919380437,131
0.855,6.19591884457987,141
0.865,0.08726646259971647,247
0.865,0.2617993877991494,298
0.865,0.4363323129985824,346
0.865,0.6108652381980153,397
0.865,0.7853981633974483,427
0.865,0.9599310885968811,469
0.865,1.1344640137963142,488
0.865,1.308996938995747,477
0.865,1.4835298641951802,529
0.865,1.658062789394613,498
0.865,1.8325957145940461,481
0.865,2.007128639793479,495
0.865,2.181661564992912,463
0.865,2.356194490192345,384
0.865,2.530727415391778,362
0.865,2.705260340591211,333
0.865,2.879793265790644,276
0.865,3.0543261909900767,271
0.865,3.2288591161895095,237
0.865,3.4033920413889422,199
0.865,3.577924966588375,216
0.865,3.752457891787808,149
0.865,3.9269908169872414,162
0.865,4.101523742186675,155
0.865,4.276056667386107,118
0.865,4.4505895925855405,106
0.865,4.625122517784973,117
0.865,4.799655442984406,120
0.865,4.974188368183839,112
0.865,5.148721293383272,128
0.865,5.323254218582705,146
0.865,5.497787143782138,141
0.865,5.672320068981571,171
0.865,5.8468529941810035,172
0.865,6.021385919380437,224
0.865,6.19591884457987,222
0.875,0.08726646259971647,338
0.875,0.2617993877991494,372
0.875,0.4363323129985824,391
0.875,0.6108652381980153,515
0.875,0.7853981633974483,472
0.875,0.9599310885968811,516
0.875,1.1344640137963142,582
0.875,1.308996938995747,588
0.875,1.4835298641951802,563
0.875,1.658062789394613,591
0.875,1.8325957145940461,568
0.875,2.007128639793479,612
0.875,2.181661564992912,499
0.875,2.356194490192345,513
0.875,2.530727415391778,460
0.875,2.705260340591211,432
0.875,2.879793265790644,371
0.875,3.0543261909900767,333
0.875,3.2288591161895095,294
0.875,3.4033920413889422,276
0.875,3.577924966588375,219
0.875,3.752457891787808,173
0.875,3.9269908169872414,184
0.875,4.101523742186675,128
0.875,4.276056667386107,136
0.875,4.4505895925855405,111
0.875,4.625122517784973,112
0.875,4.799655442984406,135
0.875,4.974188368183839,103
0.875,5.148721293383272,108
0.875,5.323254218582705,157
0.875,5.497787143782138,175
0.875,5.672320068981571,181
0.875,5.8468529941810035,215
0.875,6.021385919380437,225
0.875,6.19591884457987,264
0.885,0.08726646259971647,422
0.885,0.2617993877991494,392
0.885,0.4363323129985824,524
0.885,0.6108652381980153,534
0.885,0.7853981633974483,579
0.885,0.9599310885968811,612
0.885,1.1344640137963142,674
0.885,1.308996938995747,612
0.885,1.4835298641951802,666
0.885,1.658062789394613,638
0.885,1.8325957145940461,657
0.885,2.007128639793479,648
0.885,2.181661564992912,580
0.885,2.356194490192345,576
0.885,2.530727415391778,552
0.885,2.705260340591211,483
0.885,2.879793265790644,456
0.885,3.0543261909900767,383
0.885,3.2288591161895095,316
0.885,3.4033920413889422,280
0.885,3.577924966588375,228
0.885,3.752457891787808,182
0.885,3.9269908169872414,177
0.885,4.101523742186675,137
0.885,4.276056667386107,138
0.885,4.4505895925855405,97
0.885,4.625122517784973,124
0.885,4.799655442984406,111
0.885,4.974188368183839,87
0.885,5.148721293383272,120
0.885,5.323254218582705,148
0.885,5.497787143782138,156
0.885,5.672320068981571,176
0.885,5.8468529941810035,235
0.885,6.021385919380437,265
0.885,6.19591884457987,342
0.895,0.08726646259971647,385
0.895,0.2617993877991494,535
0.895,0.4363323129985824,571
0.895,0.6108652381980153,591
0.895,0.7853981633974483,658
0.895,0.9599310885968811,626
0.895,1.1344640137963142,670
0.895,1.308996938995747,677
0.895,1.4835298641951802,702
0.895,1.658062789394613,711
0.895,1.8325957145940461,710
0.895,2.007128639793479,645
0.895,2.181661564992912,656
0.895,2.356194490192345,642
0.895,2.530727415391778,592
0.895,2.705260340591211,546
0.895,2.879793265790644,488
0.895,3.0543261909900767,419
0.895,3.2288591161895095,357
0.895,3.4033920413889422,264
0.895,3.577924966588375,248
0.895,3.752457891787808,201
0.895,3.9269908169872414,155
0.895,4.101523742186675,145
0.895,4.276056667386107,101
0.895,4.4505895925855405,92
0.895,4.625122517784973,85
0.895,4.799655442984406,98
0.895,4.974188368183839,101
0.895,5.148721293383272,120
0.895,5.323254218582705,135
0.895,5.497787143782138,153
0.895,5.672320068981571,214
0.895,5.8468529941810035,237
0.895,6.021385919380437,287
0.895,6.19591884457987,318
0.905,0.08726646259971647,400
0.905,0.2617993877991494,537
0.905,0.4363323129985824,570
0.905,0.6108652381980153,611
0.905,0.7853981633974483,690
0.905,0.9599310885968811,673
0.905,1.1344640137963142,691
0.905,1.308996938995747,767
0.905,1.4835298641951802,728
0.905,1.658062789394613,718
0.905,1.8325957145940461,674
0.905,2.007128639793479,693
0.905,2.181661564992912,650
0.905,2.356194490192345,610
0.905,2.530727415391778,591
0.905,2.705260340591211,533
0.905,2.879793265790644,492
0.905,3.0543261909900767,426
0.905,3.2288591161895095,372
0.905,3.4033920413889422,293
0.905,3.577924966588375,253
0.905,3.752457891787808,177
0.905,3.9269908169872414,129
0.905,4.101523742186675,129
0.905,4.276056667386107,125
0.905,4.4505895925855405,115
0.905,4.625122517784973,97
0.905,4.799655442984406,102
0.905,4.974188368183839,100
0.905,5.148721293383272,119
0.905,5.323254218582705,125
0.905,5.497787143782138,139
0.905,5.672320068981571,221
0.905,5.8468529941810035,244
0.905,6.021385919380437,290
0.905,6.19591884457987,357
0.915,0.08726646259971647,467
0.915,0.2617993877991494,550
0.915,0.4363323129985824,569
0.915,0.6108652381980153,650
0.915,0.7853981633974483,684
0.915,0.9599310885968811,719
0.915,1.1344640137963142,692
0.915,1.308996938995747,705
0.915,1.4835298641951802,766
0.915,1.658062789394613,736
0.915,1.8325957145940461,738
0.915,2.007128639793479,689
0.915,2.181661564992912,696
0.915,2.356194490192345,724
0.915,2.530727415391778,658
0.915,2.705260340591211,613
0.915,2.879793265790644,545
0.915,3.0543261909900767,468
0.915,3.2288591161895095,394
0.915,3.4033920413889422,325
0.915,3.577924966588375,246
0.915,3.752457891787808,206
0.915,3.9269908169872414,168
0.915,4.101523742186675,136
0.915,4.276056667386107,121
0.915,4.4505895925855405,107
0.915,4.625122517784973,101
0.915,4.799655442984406,90
0.915,4.974188368183839,100
0.915,5.148721293383272,110
0.915,5.323254218582705,145
0.915,5.497787143782138,140
0.915,5.672320068981571,206
0.915,5.8468529941810035,287
0.915,6.021385919380437,314
0.915,6.19591884457987,362
0.925,0.08726646259971647,440
0.925,0.2617993877991494,553
0.925,0.4363323129985824,625
0.925,0.6108652381980153,627
0.925,0.7853981633974483,655
0.925,0.9599310885968811,722
0.925,1.1344640137963142,743
0.925,1.308996938995747,746
0.925,1.4835298641951802,756
0.925,1.658062789394613,751
0.925,1.8325957145940461,728
0.925,2.007128639793479,731
0.925,2.181661564992912,726
0.925,2.356194490192345,685
0.925,2.530727415391778,708
0.925,2.705260340591211,598
0.925,2.879793265790644,555
0.925,3.0543261909900767,502
0.925,3.2288591161895095,416
0.925,3.4033920413889422,332
0.925,3.577924966588375,301
0.925,3.752457891787808,213
0.925,3.9269908169872414,179
0.925,4.101523742186675,150
0.925,4.276056667386107,131
0.925,4.4505895925855405,105
0.925,4.625122517784973,120
0.925,4.799655442984406,99
0.925,4.974188368183839,95
0.925,5.148721293383272,101
0.925,5.323254218582705,144
0.925,5.497787143782138,175
0.925,5.672320068981571,220
0.925,5.8468529941810035,275
0.925,6.021385919380437,350
0.925,6.19591884457987,386
0.935,0.08726646259971647,466
0.935,0.2617993877991494,498
0.935,0.4363323129985824,590
0.935,0.6108652381980153,643
0.935,0.7853981633974483,699
0.935,0.9599310885968811,734
0.935,1.1344640137963142,722
0.935,1.308996938995747,768
0.935,1.4835298641951802,755
0.935,1.658062789394613,823
0.935,1.8325957145940461,748
0.935,2.007128639793479,809
0.935,2.181661564992912,717
0.935,2.356194490192345,698
0.935,2.530727415391778,665
0.935,2.705260340591211,621
0.935,2.879793265790644,565
0.935,3.0543261909900767,472
0.935,3.2288591161895095,408
0.935,3.4033920413889422,334
0.935,3.577924966588375,259
0.935,3.752457891787808,241
0.935,3.9269908169872414,167
0.935,4.101523742186675,134
0.935,4.276056667386107,123
0.935,4.4505895925855405,114
0.935,4.625122517784973,106
0.935,4.799655442984406,111
0.935,4.974188368183839,118
0.935,5.148721293383272,136
0.935,5.323254218582705,146
0.935,5.497787143782138,167
0.935,5.672320068981571,202
0.935,5.8468529941810035,288
0.935,6.021385919380437,316
0.935,6.19591884457987,405
0.945,0.08726646259971647,478
0.945,0.2617993877991494,545
0.945,0.4363323129985824,606
0.945,0.6108652381980153,650
0.945,0.7853981633974483,693
0.945,0.9599310885968811,726
0.945,1.1344640137963142,771
0.945,1.308996938995747,703
0.945,1.4835298641951802,701
0.945,1.658062789394613,728
0.945,1.8325957145940461,711
0.945,2.007128639793479,684
0.945,2.181661564992912,692
0.945,2.356194490192345,667
0.945,2.530727415391778,687
0.945,2.705260340591211,677
0.945,2.879793265790644,540
0.945,3.0543261909900767,506
0.945,3.2288591161895095,435
0.945,3.4033920413889422,342
0.945,3.577924966588375,294
0.945,3.752457891787808,235
0.945,3.9269908169872414,196
0.945,4.101523742186675,142
0.945,4.276056667386107,134
0.945,4.4505895925855405,97
0.945,4.625122517784973,111
0.945,4.799655442984406,105
0.945,4.974188368183839,133
0.945,5.148721293383272,131
0.945,5.323254218582705,147
0.945,5.497787143782138,188
0.945,5.672320068981571,227
0.945,5.8468529941810035,282
0.945,6.021385919380437,330
0.945,6.19591884457987,432
0.955,0.08726646259971647,478
0.955,0.2617993877991494,545
0.955,0.4363323129985824,619
0.955,0.6108652381980153,640
0.955,0.7853981633974483,720
0.955,0.9599310885968811,733
0.955,1.1344640137963142,719
0.955,1.308996938995747,749
0.955,1.4835298641951802,757
0.955,1.658062789394613,676
0.955,1.8325957145940461,744
0.955,2.007128639793479,765
0.955,2.181661564992912,764
0.955,2.356194490192345,718
0.955,2.530727415391778,721
0.955,2.705260340591211,638
0.955,2.879793265790644,576
0.955,3.0543261909900767,492
0.955,3.2288591161895095,453
0.955,3.4033920413889422,377
0.955,3.577924966588375,283
0.955,3.752457891787808,208
0.955,3.9269908169872414,210
0.955,4.101523742186675,142
0.955,4.276056667386107,130
0.955,4.4505895925855405,109
0.955,4.625122517784973,93
0.955,4.799655442984406,92
0.955,4.974188368183839,130
0.955,5.148721293383272,110
0.955,5.323254218582705,142
0.955,5.497787143782138,163
0.955,5.672320068981571,190
0.955,5.8468529941810035,258
0.955,6.021385919380437,319
0.955,6.19591884457987,429
0.965,0.08726646259971647,486
0.965,0.2617993877991494,522
0.965,0.4363323129985824,580
0.965,0.6108652381980153,643
0.965,0.7853981633974483,690
0.965,0.9599310885968811,725
0.965,1.1344640137963142,724
0.965,1.308996938995747,739
0.965,1.4835298641951802,766
0.965,1.658062789394613,744
0.965,1.8325957145940461,703
0.965,2.007128639793479,787
0.965,2.181661564992912,727
0.965,2.356194490192345,677
0.965,2.530727415391778,722
0.965,2.705260340591211,658
0.965,2.879793265790644,577
0.965,3.0543261909900767,504
0.965,3.2288591161895095,399
0.965,3.4033920413889422,343
0.965,3.577924966588375,269
0.965,3.752457891787808,236
0.965,3.9269908169872414,196
0.965,4.101523742186675,155
0.965,4.276056667386107,97
0.965,4.4505895925855405,103
0.965,4.625122517784973,82
0.965,4.799655442984406,100
0.965,4.974188368183839,109
0.965,5.148721293383272,125
0.965,5.323254218582705,152
0.965,5.497787143782138,179
0.965,5.672320068981571,201
0.965,5.8468529941810035,241
0.965,6.021385919380437,301
0.965,6.19591884457987,362
0.975,0.08726646259971647,457
0.975,0.2617993877991494,545
0.975,0.4363323129985824,615
0.975,0.6108652381980153,633
0.975,0.7853981633974483,640
0.975,0.9599310885968811,708
0.975,1.1344640137963142,688
0.975,1.308996938995747,718
0.975,1.4835298641951802,751
0.975,1.658062789394613,742
0.975,1.8325957145940461,709
0.975,2.007128639793479,755
0.975,2.181661564992912,733
0.975,2.356194490192345,702
0.975,2.530727415391778,689
0.975,2.705260340591211,615
0.975,2.879793265790644,561
0.975,3.0543261909900767,479
0.975,3.2288591161895095,398
0.975,3.4033920413889422,337
0.975,3.577924966588375,273
0.975,3.752457891787808,193
0.975,3.9269908169872414,164
0.975,4.101523742186675,125
0.975,4.276056667386107,120
0.975,4.4505895925855405,99
0.975,4.625122517784973,91
0.975,4.799655442984406,103
0.975,4.974188368183839,106
0.975,5.148721293383272,108
0.975,5.323254218582705,144
0.975,5.497787143782138,167
0.975,5.672320068981571,168
0.975,5.8468529941810035,248
0.975,6.021385919380437,286
0.975,6.19591884457987,371
0.985,0.08726646259971647,474
0.985,0.2617993877991494,519
0.985,0.4363323129985824,609
0.985,0.6108652381980153,659
0.985,0.7853981633974483,716
0.985,0.9599310885968811,710
0.985,1.1344640137963142,701
0.985,1.308996938995747,749
0.985,1.4835298641951802,758
0.985,1.658062789394613,680
0.985,1.8325957145940461,650
0.985,2.007128639793479,701
0.985,2.181661564992912,713
0.985,2.356194490192345,617
0.985,2.530727415391778,635
0.985,2.705260340591211,594
0.985,2.879793265790644,551
0.985,3.0543261909900767,399
0.985,3.2288591161895095,389
0.985,3.4033920413889422,322
0.985,3.577924966588375,248
0.985,3.752457891787808,248
0.985,3.9269908169872414,166
0.985,4.101523742186675,136
0.985,4.276056667386107,123
0.985,4.4505895925855405,120
0.985,4.625122517784973,113
0.985,4.799655442984406,97
0.985,4.974188368183839,129
0.985,5.148721293383272,99
0.985,5.323254218582705,148
0.985,5.497787143782138,174
0.985,5.672320068981571,235
0.985,5.8468529941810035,279
0.985,6.021385919380437,362
0.985,6.19591884457987,446
0.995,0.08726646259971647,481
0.995,0.2617993877991494,539
0.995,0.4363323129985824,597
0.995,0.6108652381980153,647
0.995,0.7853981633974483,708
0.995,0.9599310885968811,711
0.995,1.1344640137963142,712
0.995,1.308996938995747,744
0.995,1.4835298641951802,661
0.995,1.658062789394613,693
0.995,1.8325957145940461,692
0.995,2.007128639793479,659
0.995,2.181661564992912,685
0.995,2.356194490192345,684
0.995,2.530727415391778,599
0.995,2.705260340591211,601
0.995,2.879793265790644,568
0.995,3.0543261909900767,453
0.995,3.2288591161895095,360
0.995,3.4033920413889422,353
0.995,3.577924966588375,273
0.995,3.752457891787808,224
0.995,3.9269908169872414,179
0.995,4.101523742186675,126
0.995,4.276056667386107,104
0.995,4.4505895925855405,99
0.995,4.625122517784973,76
0.995,4.799655442984406,93
0.995,4.974188368183839,105
0.995,5.148721293383272,126
0.995,5.323254218582705,116
0.995,5.497787143782138,162
0.995,5.672320068981571,201
0.995,5.8468529941810035,237
0.995,6.021385919380437,312
0.995,6.19591884457987,392
