x,phi,count
0.005,0.08726646259971647,1835
0.005,0.2617993877991494,1929
0.005,0.4363323129985824,1819
0.005,0.6108652381980153,1595
0.005,0.7853981633974483,1401
0.005,0.9599310885968811,1222
0.005,1.1344640137963142,1101
0.005,1.308996938995747,1007
0.005,1.4835298641951802,972
0.005,1.658062789394613,946
0.005,1.8325957145940461,994
0.005,2.007128639793479,1157
0.005,2.181661564992912,1301
0.005,2.356194490192345,1492
0.005,2.530727415391778,1648
0.005,2.705260340591211,1822
0.005,2.879793265790644,1873
0.005,3.0543261909900767,1820
0.005,3.2288591161895095,1750
0.005,3.4033920413889422,1494
0.005,3.577924966588375,1175
0.005,3.752457891787808,920
0.005,3.9269908169872414,771
0.005,4.101523742186675,529
0.005,4.276056667386107,480
0.005,4.4505895925855405,400
0.005,4.625122517784973,413
0.005,4.799655442984406,430
0.005,4.974188368183839,436
0.005,5.148721293383272,449
0.005,5.323254218582705,578
0.005,5.497787143782138,686
0.005,5.672320068981571,888
0.005,5.8468529941810035,1163
0.005,6.021385919380437,1379
0.005,6.19591884457987,1669
0.015,0.08726646259971647,2008
0.015,0.2617993877991494,2186
0.015,0.4363323129985824,1996
0.015,0.6108652381980153,1756
0.015,0.7853981633974483,1532
0.015,0.9599310885968811,1340
0.015,1.1344640137963142,1197
0.015,1.308996938995747,1114
0.015,1.4835298641951802,1059
0.015,1.658062789394613,1063
0.015,1.8325957145940461,1163
0.015,2.007128639793479,1232
0.015,2.181661564992912,1303
0.015,2.356194490192345,1546
0.015,2.530727415391778,1736
0.015,2.705260340591211,1887
0.015,2.879793265790644,1980
0.015,3.0543261909900767,1936
0.015,3.2288591161895095,1788
0.015,3.4033920413889422,1579
0.015,3.577924966588375,1229
0.015,3.752457891787808,1046
0.015,3.9269908169872414,806
0.015,4.101523742186675,632
0.015,4.276056667386107,473
0.015,4.4505895925855405,389
0.015,4.625122517784973,371
0.015,4.799655442984406,415
0.015,4.974188368183839,412
0.015,5.148721293383272,507
0.015,5.323254218582705,604
0.015,5.497787143782138,684
0.015,5.672320068981571,936
0.015,5.8468529941810035,1175
0.015,6.021385919380437,1466
0.015,6.19591884457987,1763
0.025,0.08726646259971647,2219
0.025,0.2617993877991494,2348
0.025,0.4363323129985824,2235
0.025,0.6108652381980153,1986
0.025,0.7853981633974483,1801
0.025,0.9599310885968811,1522
0.025,1.1344640137963142,1280
0.025,1.308996938995747,1215
0.025,1.4835298641951802,1131
0.025,1.658062789394613,1196
0.025,1.8325957145940461,1213
0.025,2.007128639793479,1386
0.025,2.181661564992912,1435
0.025,2.356194490192345,1662
0.025,2.530727415391778,1719
0.025,2.705260340591211,1936
0.025,2.879793265790644,2159
0.025,3.0543261909900767,2071
0.025,3.2288591161895095,2003
0.025,3.4033920413889422,1684
0.025,3.577924966588375,1446
0.025,3.752457891787808,1029
0.025,3.9269908169872414,807
0.025,4.101523742186675,655
0.025,4.276056667386107,477
0.025,4.4505895925855405,503
0.025,4.625122517784973,356
0.025,4.799655442984406,389
0.025,4.974188368183839,391
0.025,5.148721293383272,526
0.025,5.323254218582705,633
0.025,5.497787143782138,718
0.025,5.672320068981571,1017
0.025,5.8468529941810035,1311
0.025,6.021385919380437,1639
0.025,6.19591884457987,2038
0.035,0.08726646259971647,2347
0.035,0.2617993877991494,2468
0.035,0.4363323129985824,2387
0.035,0.6108652381980153,2090
0.035,0.7853981633974483,1698
0.035,0.9599310885968811,1547
0.035,1.1344640137963142,1394
0.035,1.308996938995747,1247
0.035,1.4835298641951802,1236
0.035,1.658062789394613,1247
0.035,1.8325957145940461,1309
0.035,2.007128639793479,1395
0.035,2.181661564992912,1505
0.035,2.356194490192345,1756
0.035,2.530727415391778,1890
0.035,2.705260340591211,2082
0.035,2.879793265790644,2191
0.035,3.0543261909900767,2202
0.035,3.2288591161895095,2165
0.035,3.4033920413889422,1820
0.035,3.577924966588375,1404
0.035,3.752457891787808,1193
0.035,3.9269908169872414,942
0.035,4.101523742186675,700
0.035,4.276056667386107,562
0.035,4.4505895925855405,461
0.035,4.625122517784973,424
0.035,4.799655442984406,407
0.035,4.974188368183839,447
0.035,5.148721293383272,462
0.035,5.323254218582705,591
0.035,5.497787143782138,846
0.035,5.672320068981571,1108
0.035,5.8468529941810035,1412
0.035,6.021385919380437,1776
0.035,6.19591884457987,2108
0.045,0.08726646259971647,2570
0.045,0.2617993877991494,2598
0.045,0.4363323129985824,2429
0.045,0.6108652381980153,2156
0.045,0.7853981633974483,1823
0.045,0.9599310885968811,1644
0.045,1.1344640137963142,1457
0.045,1.308996938995747,1360
0.045,1.4835298641951802,1312
0.045,1.658062789394613,1358
0.045,1.8325957145940461,1407
0.045,2.007128639793479,1456
0.045,2.181661564992912,1672
0.045,2.356194490192345,1860
0.045,2.530727415391778,2110
0.045,2.705260340591211,2178
0.045,2.879793265790644,2360
0.045,3.0543261909900767,2368
0.045,3.2288591161895095,2309
0.045,3.4033920413889422,1808
0.045,3.577924966588375,1548
0.045,3.752457891787808,1194
0.045,3.9269908169872414,974
0.045,4.101523742186675,789
0.045,4.276056667386107,650
0.045,4.4505895925855405,498
0.045,4.625122517784973,497
0.045,4.799655442984406,447
0.045,4.974188368183839,508
0.045,5.148721293383272,548
0.045,5.323254218582705,687
0.045,5.497787143782138,936
0.045,5.672320068981571,1290
0.045,5.8468529941810035,1578
0.045,6.021385919380437,1978
0.045,6.19591884457987,2311
0.055,0.08726646259971647,2684
0.055,0.2617993877991494,2674
0.055,0.4363323129985824,2531
0.055,0.6108652381980153,2266
0.055,0.7853981633974483,1947
0.055,0.9599310885968811,1805
0.055,1.1344640137963142,1627
0.055,1.308996938995747,1456
0.055,1.4835298641951802,1485
0.055,1.658062789394613,1432
0.055,1.8325957145940461,1490
0.055,2.007128639793479,1685
0.055,2.181661564992912,1793
0.055,2.356194490192345,2057
0.055,2.530727415391778,2269
0.055,2.705260340591211,2511
0.055,2.879793265790644,2592
0.055,3.0543261909900767,2525
0.055,3.2288591161895095,2276
0.055,3.4033920413889422,2005
0.055,3.577924966588375,1605
0.055,3.752457891787808,1223
0.055,3.9269908169872414,1016
0.055,4.101523742186675,863
0.055,4.276056667386107,721
0.055,4.4505895925855405,549
0.055,4.625122517784973,528
0.055,4.799655442984406,525
0.055,4.974188368183839,585
0.055,5.148721293383272,664
0.055,5.323254218582705,885
0.055,5.497787143782138,1037
0.055,5.672320068981571,1441
0.055,5.8468529941810035,1784
0.055,6.021385919380437,2150
0.055,6.19591884457987,2610
0.065,0.08726646259971647,2885
0.065,0.2617993877991494,2962
0.065,0.4363323129985824,2716
0.065,0.6108652381980153,2467
0.065,0.7853981633974483,2196
0.065,0.9599310885968811,1764
0.065,1.1344640137963142,1664
0.065,1.308996938995747,1608
0.065,1.4835298641951802,1481
0.065,1.658062789394613,1627
0.065,1.8325957145940461,1676
0.065,2.007128639793479,1730
0.065,2.181661564992912,1859
0.065,2.356194490192345,2263
0.065,2.530727415391778,2611
0.065,2.705260340591211,2860
0.065,2.879793265790644,3051
0.065,3.0543261909900767,2829
0.065,3.2288591161895095,2542
0.065,3.4033920413889422,2338
0.065,3.577924966588375,1847
0.065,3.752457891787808,1463
0.065,3.9269908169872414,1074
0.065,4.101523742186675,876
0.065,4.276056667386107,681
0.065,4.4505895925855405,633
0.065,4.625122517784973,576
0.065,4.799655442984406,546
0.065,4.974188368183839,629
0.065,5.148721293383272,733
0.065,5.323254218582705,848
0.065,5.497787143782138,1162
0.065,5.672320068981571,1459
0.065,5.8468529941810035,1902
0.065,6.021385919380437,2302
0.065,6.19591884457987,2666
0.075,0.08726646259971647,2991
0.075,0.2617993877991494,3106
0.075,0.4363323129985824,2865
0.075,0.6108652381980153,2677
0.075,0.7853981633974483,2403
0.075,0.9599310885968811,2031
0.075,1.1344640137963142,1814
0.075,1.308996938995747,1641
0.075,1.4835298641951802,1663
0.075,1.658062789394613,1671
0.075,1.8325957145940461,1777
0.075,2.007128639793479,1923
0.075,2.181661564992912,2214
0.075,2.356194490192345,2490
0.075,2.530727415391778,2930
0.075,2.705260340591211,3147
0.075,2.879793265790644,3206
0.075,3.0543261909900767,3126
0.075,3.2288591161895095,2853
0.075,3.4033920413889422,2523
0.075,3.577924966588375,1929
0.075,3.752457891787808,1564
0.075,3.9269908169872414,1127
0.075,4.101523742186675,889
0.075,4.276056667386107,732
0.075,4.4505895925855405,639
0.075,4.625122517784973,681
0.075,4.799655442984406,603
0.075,4.974188368183839,633
0.075,5.148721293383272,722
0.075,5.323254218582705,875
0.075,5.497787143782138,1244
0.075,5.672320068981571,1538
0.075,5.8468529941810035,1962
0.075,6.021385919380437,2371
0.075,6.19591884457987,2753
0.085,0.08726646259971647,3291
0.085,0.2617993877991494,3348
0.085,0.4363323129985824,3255
0.085,0.6108652381980153,3005
0.085,0.7853981633974483,2649
0.085,0.9599310885968811,2245
0.085,1.1344640137963142,2111
0.085,1.308996938995747,1818
0.085,1.4835298641951802,1888
0.085,1.658062789394613,1901
0.085,1.8325957145940461,1981
0.085,2.007128639793479,2156
0.085,2.181661564992912,2349
0.085,2.356194490192345,2775
0.085,2.530727415391778,3060
0.085,2.705260340591211,3391
0.085,2.879793265790644,3529
0.085,3.0543261909900767,3559
0.085,3.2288591161895095,3173
0.085,3.4033920413889422,2722
0.085,3.577924966588375,2240
0.085,3.752457891787808,1666
0.085,3.9269908169872414,1228
0.085,4.101523742186675,982
0.085,4.276056667386107,799
0.085,4.4505895925855405,679
0.085,4.625122517784973,688
0.085,4.799655442984406,656
0.085,4.974188368183839,703
0.085,5.148721293383272,836
0.085,5.323254218582705,987
0.085,5.497787143782138,1307
0.085,5.672320068981571,1671
0.085,5.8468529941810035,2113
0.085,6.021385919380437,2620
0.085,6.19591884457987,2949
0.095,0.08726646259971647,3684
0.095,0.2617993877991494,3703
0.095,0.4363323129985824,3657
0.095,0.6108652381980153,3384
0.095,0.7853981633974483,2933
0.095,0.9599310885968811,2611
0.095,1.1344640137963142,2231
0.095,1.308996938995747,2070
0.095,1.4835298641951802,1927
0.095,1.658062789394613,2053
0.095,1.8325957145940461,2144
0.095,2.007128639793479,2318
0.095,2.181661564992912,2541
0.095,2.356194490192345,2933
0.095,2.530727415391778,3309
0.095,2.705260340591211,3666
0.095,2.879793265790644,3845
0.095,3.0543261909900767,3697
0.095,3.2288591161895095,3446
0.095,3.4033920413889422,2998
0.095,3.577924966588375,2435
0.095,3.752457891787808,1937
0.095,3.9269908169872414,1430
0.095,4.101523742186675,1098
0.095,4.276056667386107,860
0.095,4.4505895925855405,768
0.095,4.625122517784973,713
0.095,4.799655442984406,725
0.095,4.974188368183839,781
0.095,5.148721293383272,885
0.095,5.323254218582705,1131
0.095,5.497787143782138,1534
0.095,5.672320068981571,1901
0.095,5.8468529941810035,2400
0.095,6.021385919380437,2762
0.095,6.19591884457987,3445
0.105,0.08726646259971647,4112
0.105,0.2617993877991494,4125
0.105,0.4363323129985824,3941
0.105,0.6108652381980153,3587
0.105,0.7853981633974483,3351
0.105,0.9599310885968811,2926
0.105,1.1344640137963142,2607
0.105,1.308996938995747,2319
0.105,1.4835298641951802,2229
0.105,1.658062789394613,2181
0.105,1.8325957145940461,2432
0.105,2.007128639793479,2597
0.105,2.181661564992912,2820
0.105,2.356194490192345,3155
0.105,2.530727415391778,3613
0.105,2.705260340591211,3901
0.105,2.879793265790644,4259
0.105,3.0543261909900767,4166
0.105,3.2288591161895095,3816
0.105,3.4033920413889422,3260
0.105,3.577924966588375,2664
0.105,3.752457891787808,2081
0.105,3.9269908169872414,1616
0.105,4.101523742186675,1271
0.105,4.276056667386107,1010
0.105,4.4505895925855405,887
0.105,4.625122517784973,778
0.105,4.799655442984406,834
0.105,4.974188368183839,864
0.105,5.148721293383272,1014
0.105,5.323254218582705,1306
0.105,5.497787143782138,1699
0.105,5.672320068981571,2181
0.105,5.8468529941810035,2729
0.105,6.021385919380437,3309
0.105,6.19591884457987,3663
0.115,0.08726646259971647,4589
0.115,0.2617993877991494,4696
0.115,0.4363323129985824,4365
0.115,0.6108652381980153,4104
0.115,0.7853981633974483,3779
0.115,0.9599310885968811,3241
0.115,1.1344640137963142,2855
0.115,1.308996938995747,2618
0.115,1.4835298641951802,2415
0.115,1.658062789394613,2493
0.115,1.8325957145940461,2559
0.115,2.007128639793479,2846
0.115,2.181661564992912,3050
0.115,2.356194490192345,3535
0.115,2.530727415391778,3947
0.115,2.705260340591211,4382
0.115,2.879793265790644,4642
0.115,3.0543261909900767,4672
0.115,3.2288591161895095,4152
0.115,3.4033920413889422,3680
0.115,3.577924966588375,2990
0.115,3.752457891787808,2382
0.115,3.9269908169872414,1830
0.115,4.101523742186675,1380
0.115,4.276056667386107,1093
0.115,4.4505895925855405,918
0.115,4.625122517784973,966
0.115,4.799655442984406,956
0.115,4.974188368183839,978
0.115,5.148721293383272,1147
0.115,5.323254218582705,1455
0.115,5.497787143782138,1903
0.115,5.672320068981571,2390
0.115,5.8468529941810035,3106
0.115,6.021385919380437,3738
0.115,6.19591884457987,4300
0.125,0.08726646259971647,5270
0.125,0.2617993877991494,5378
0.125,0.4363323129985824,5049
0.125,0.6108652381980153,4784
0.125,0.7853981633974483,4133
0.125,0.9599310885968811,3669
0.125,1.1344640137963142,3149
0.125,1.308996938995747,2900
0.125,1.4835298641951802,2796
0.125,1.658062789394613,2797
0.125,1.8325957145940461,2893
0.125,2.007128639793479,3198
0.125,2.181661564992912,3587
0.125,2.356194490192345,3907
0.125,2.530727415391778,4608
0.125,2.705260340591211,4967
0.125,2.879793265790644,5254
0.125,3.0543261909900767,5169
0.125,3.2288591161895095,4698
0.125,3.4033920413889422,4049
0.125,3.577924966588375,3310
0.125,3.752457891787808,2650
0.125,3.9269908169872414,1980
0.125,4.101523742186675,1570
0.125,4.276056667386107,1281
0.125,4.4505895925855405,1143
0.125,4.625122517784973,1003
0.125,4.799655442984406,1020
0.125,4.974188368183839,1080
0.125,5.148721293383272,1321
0.125,5.323254218582705,1614
0.125,5.497787143782138,2033
0.125,5.672320068981571,2659
0.125,5.8468529941810035,3385
0.125,6.021385919380437,4181
0.125,6.19591884457987,4765
0.135,0.08726646259971647,5807
0.135,0.2617993877991494,5990
0.135,0.4363323129985824,5663
0.135,0.6108652381980153,5199
0.135,0.7853981633974483,4537
0.135,0.9599310885968811,3983
0.135,1.1344640137963142,3692
0.135,1.308996938995747,3178
0.135,1.4835298641951802,3084
0.135,1.658062789394613,2997
0.135,1.8325957145940461,3156
0.135,2.007128639793479,3410
0.135,2.181661564992912,4000
0.135,2.356194490192345,4498
0.135,2.530727415391778,5155
0.135,2.705260340591211,5584
0.135,2.879793265790644,5809
0.135,3.0543261909900767,5782
0.135,3.2288591161895095,5591
0.135,3.4033920413889422,4710
0.135,3.577924966588375,3885
0.135,3.752457891787808,3023
0.135,3.9269908169872414,2314
0.135,4.101523742186675,1808
0.135,4.276056667386107,1467
0.135,4.4505895925855405,1298
0.135,4.625122517784973,1133
0.135,4.799655442984406,1173
0.135,4.974188368183839,1206
0.135,5.148721293383272,1490
0.135,5.323254218582705,1714
0.135,5.497787143782138,2294
0.135,5.672320068981571,2955
0.135,5.8468529941810035,3689
0.135,6.021385919380437,4550
0.135,6.19591884457987,5277
0.145,0.08726646259971647,6355
0.145,0.2617993877991494,6635
0.145,0.4363323129985824,6382
0.145,0.6108652381980153,5794
0.145,0.7853981633974483,5027
0.145,0.9599310885968811,4430
0.145,1.1344640137963142,3945
0.145,1.308996938995747,3645
0.145,1.4835298641951802,3394
0.145,1.658062789394613,3540
0.145,1.8325957145940461,3583
0.145,2.007128639793479,3914
0.145,2.181661564992912,4507
0.145,2.356194490192345,5133
0.145,2.530727415391778,5943
0.145,2.705260340591211,6593
0.145,2.879793265790644,6795
0.145,3.0543261909900767,6641
0.145,3.2288591161895095,6281
0.145,3.4033920413889422,5419
0.145,3.577924966588375,4233
0.145,3.752457891787808,3339
0.145,3.9269908169872414,2621
0.145,4.101523742186675,1897
0.145,4.276056667386107,1685
0.145,4.4505895925855405,1421
0.145,4.625122517784973,1247
0.145,4.799655442984406,1292
0.145,4.974188368183839,1423
0.145,5.148721293383272,1629
0.145,5.323254218582705,1988
0.145,5.497787143782138,2584
0.145,5.672320068981571,3293
0.145,5.8468529941810035,4238
0.145,6.021385919380437,5081
0.145,6.19591884457987,5879
0.155,0.08726646259971647,7363
0.155,0.2617993877991494,7458
0.155,0.4363323129985824,7162
0.155,0.6108652381980153,6213
0.155,0.7853981633974483,5567
0.155,0.9599310885968811,4827
0.155,1.1344640137963142,4154
0.155,1.308996938995747,3767
0.155,1.4835298641951802,3489
0.155,1.658062789394613,3688
0.155,1.8325957145940461,3807
0.155,2.007128639793479,4425
0.155,2.181661564992912,4892
0.155,2.356194490192345,5715
0.155,2.530727415391778,6611
0.155,2.705260340591211,7441
0.155,2.879793265790644,7741
0.155,3.0543261909900767,7653
0.155,3.2288591161895095,6960
0.155,3.4033920413889422,5977
0.155,3.577924966588375,4804
0.155,3.752457891787808,3742
0.155,3.9269908169872414,2895
0.155,4.101523742186675,2320
0.155,4.276056667386107,1878
0.155,4.4505895925855405,1627
0.155,4.625122517784973,1488
0.155,4.799655442984406,1488
0.155,4.974188368183839,1493
0.155,5.148721293383272,1883
0.155,5.323254218582705,2164
0.155,5.497787143782138,2859
0.155,5.672320068981571,3604
0.155,5.8468529941810035,4690
0.155,6.021385919380437,5754
0.155,6.19591884457987,6618
0.165,0.08726646259971647,8350
0.165,0.2617993877991494,8238
0.165,0.4363323129985824,7862
0.165,0.6108652381980153,6970
0.165,0.7853981633974483,6217
0.165,0.9599310885968811,5251
0.165,1.1344640137963142,4488
0.165,1.308996938995747,4055
0.165,1.4835298641951802,3929
0.165,1.658062789394613,3970
0.165,1.8325957145940461,4185
0.165,2.007128639793479,4774
0.165,2.181661564992912,5451
0.165,2.356194490192345,6452
0.165,2.530727415391778,7250
0.165,2.705260340591211,8279
0.165,2.879793265790644,8563
0.165,3.0543261909900767,8508
0.165,3.2288591161895095,7598
0.165,3.4033920413889422,6557
0.165,3.577924966588375,5377
0.165,3.752457891787808,4098
0.165,3.9269908169872414,3139
0.165,4.101523742186675,2493
0.165,4.276056667386107,1941
0.165,4.4505895925855405,1721
0.165,4.625122517784973,1677
0.165,4.799655442984406,1562
0.165,4.974188368183839,1713
0.165,5.148721293383272,2090
0.165,5.323254218582705,2619
0.165,5.497787143782138,3218
0.165,5.672320068981571,3867
0.165,5.8468529941810035,5113
0.165,6.021385919380437,6407
0.165,6.19591884457987,7629
0.175,0.08726646259971647,9151
0.175,0.2617993877991494,9192
0.175,0.4363323129985824,8760
0.175,0.6108652381980153,7924
0.175,0.7853981633974483,6980
0.175,0.9599310885968811,5983
0.175,1.1344640137963142,5311
0.175,1.308996938995747,4712
0.175,1.4835298641951802,4348
0.175,1.658062789394613,4237
0.175,1.8325957145940461,4602
0.175,2.007128639793479,5157
0.175,2.181661564992912,5974
0.175,2.356194490192345,7102
0.175,2.530727415391778,8194
0.175,2.705260340591211,9190
0.175,2.879793265790644,9592
0.175,3.0543261909900767,9354
0.175,3.2288591161895095,8337
0.175,3.4033920413889422,7457
0.175,3.577924966588375,5992
0.175,3.752457891787808,4695
0.175,3.9269908169872414,3607
0.175,4.101523742186675,2702
0.175,4.276056667386107,2105
0.175,4.4505895925855405,1923
0.175,4.625122517784973,1740
0.175,4.799655442984406,1727
0.175,4.974188368183839,1950
0.175,5.148721293383272,2237
0.175,5.323254218582705,2684
0.175,5.497787143782138,3558
0.175,5.672320068981571,4652
0.175,5.8468529941810035,5852
0.175,6.021385919380437,7052
0.175,6.19591884457987,8507
0.185,0.08726646259971647,9965
0.185,0.2617993877991494,10478
0.185,0.4363323129985824,9986
0.185,0.6108652381980153,8978
0.185,0.7853981633974483,7672
0.185,0.9599310885968811,6617
0.185,1.1344640137963142,5599
0.185,1.308996938995747,5147
0.185,1.4835298641951802,4821
0.185,1.658062789394613,4955
0.185,1.8325957145940461,5068
0.185,2.007128639793479,5614
0.185,2.181661564992912,6642
0.185,2.356194490192345,7958
0.185,2.530727415391778,9157
0.185,2.705260340591211,10148
0.185,2.879793265790644,10608
0.185,3.0543261909900767,10498
0.185,3.2288591161895095,9720
0.185,3.4033920413889422,8164
0.185,3.577924966588375,6667
0.185,3.752457891787808,5327
0.185,3.9269908169872414,4009
0.185,4.101523742186675,3029
0.185,4.276056667386107,2427
0.185,4.4505895925855405,2003
0.185,4.625122517784973,1864
0.185,4.799655442984406,1933
0.185,4.974188368183839,2220
0.185,5.148721293383272,2489
0.185,5.323254218582705,2966
0.185,5.497787143782138,3899
0.185,5.672320068981571,4990
0.185,5.8468529941810035,6509
0.185,6.021385919380437,8049
0.185,6.19591884457987,9236
0.195,0.08726646259971647,11100
0.195,0.2617993877991494,11370
0.195,0.4363323129985824,10701
0.195,0.6108652381980153,9893
0.195,0.7853981633974483,8505
0.195,0.9599310885968811,7335
0.195,1.1344640137963142,6481
0.195,1.308996938995747,5834
0.195,1.4835298641951802,5353
0.195,1.658062789394613,5325
0.195,1.8325957145940461,5653
0.195,2.007128639793479,6471
0.195,2.181661564992912,7465
0.195,2.356194490192345,8585
0.195,2.530727415391778,10274
0.195,2.705260340591211,11483
0.195,2.879793265790644,11695
0.195,3.0543261909900767,11629
0.195,3.2288591161895095,10630
0.195,3.4033920413889422,9169
0.195,3.577924966588375,7453
0.195,3.752457891787808,5791
0.195,3.9269908169872414,4341
0.195,4.101523742186675,3331
0.195,4.276056667386107,2661
0.195,4.4505895925855405,2192
0.195,4.625122517784973,1954
0.195,4.799655442984406,2020
0.195,4.974188368183839,2225
0.195,5.148721293383272,2680
0.195,5.323254218582705,3285
0.195,5.497787143782138,4174
0.195,5.672320068981571,5498
0.195,5.8468529941810035,6945
0.195,6.021385919380437,8697
0.195,6.19591884457987,10454
0.205,0.08726646259971647,12048
0.205,0.2617993877991494,12378
0.205,0.4363323129985824,11693
0.205,0.6108652381980153,10358
0.205,0.7853981633974483,9204
0.205,0.9599310885968811,8063
0.205,1.1344640137963142,6898
0.205,1.308996938995747,6179
0.205,1.4835298641951802,5905
0.205,1.658062789394613,5806
0.205,1.8325957145940461,6291
0.205,2.007128639793479,7037
0.205,2.181661564992912,8039
0.205,2.356194490192345,9422
0.205,2.530727415391778,10936
0.205,2.705260340591211,12059
0.205,2.879793265790644,12850
0.205,3.0543261909900767,12300
0.205,3.2288591161895095,11049
0.205,3.4033920413889422,9595
0.205,3.577924966588375,7942
0.205,3.752457891787808,6105
0.205,3.9269908169872414,4630
0.205,4.101523742186675,3604
0.205,4.276056667386107,2826
0.205,4.4505895925855405,2491
0.205,4.625122517784973,2200
0.205,4.799655442984406,2199
0.205,4.974188368183839,2336
0.205,5.148721293383272,2772
0.205,5.323254218582705,3414
0.205,5.497787143782138,4574
0.205,5.672320068981571,5918
0.205,5.8468529941810035,7568
0.205,6.021385919380437,9519
0.205,6.19591884457987,11301
0.215,0.08726646259971647,12820
0.215,0.2617993877991494,13107
0.215,0.4363323129985824,12415
0.215,0.6108652381980153,11143
0.215,0.7853981633974483,10002
0.215,0.9599310885968811,8629
0.215,1.1344640137963142,7472
0.215,1.308996938995747,6620
0.215,1.4835298641951802,6222
0.215,1.658062789394613,6316
0.215,1.8325957145940461,6617
0.215,2.007128639793479,7427
0.215,2.181661564992912,8715
0.215,2.356194490192345,10351
0.215,2.530727415391778,11565
0.215,2.705260340591211,12728
0.215,2.879793265790644,13209
0.215,3.0543261909900767,13190
0.215,3.2288591161895095,11880
0.215,3.4033920413889422,10150
0.215,3.577924966588375,8358
0.215,3.752457891787808,6500
0.215,3.9269908169872414,4946
0.215,4.101523742186675,3810
0.215,4.276056667386107,3178
0.215,4.4505895925855405,2684
0.215,4.625122517784973,2431
0.215,4.799655442984406,2293
0.215,4.974188368183839,2572
0.215,5.148721293383272,2960
0.215,5.323254218582705,3629
0.215,5.497787143782138,4769
0.215,5.672320068981571,6254
0.215,5.8468529941810035,7985
0.215,6.021385919380437,10356
0.215,6.19591884457987,11888
0.225,0.08726646259971647,13397
0.225,0.2617993877991494,13647
0.225,0.4363323129985824,13072
0.225,0.6108652381980153,11921
0.225,0.7853981633974483,10246
0.225,0.9599310885968811,9110
0.225,1.1344640137963142,8055
0.225,1.308996938995747,7147
0.225,1.4835298641951802,6639
0.225,1.658062789394613,6769
0.225,1.8325957145940461,7116
0.225,2.007128639793479,7837
0.225,2.181661564992912,8923
0.225,2.356194490192345,10480
0.225,2.530727415391778,12146
0.225,2.705260340591211,13373
0.225,2.879793265790644,14398
0.225,3.0543261909900767,14004
0.225,3.2288591161895095,12522
0.225,3.4033920413889422,10784
0.225,3.577924966588375,8820
0.225,3.752457891787808,6875
0.225,3.9269908169872414,5304
0.225,4.101523742186675,4064
0.225,4.276056667386107,3446
0.225,4.4505895925855405,2862
0.225,4.625122517784973,2564
0.225,4.799655442984406,2577
0.225,4.974188368183839,2651
0.225,5.148721293383272,3076
0.225,5.323254218582705,3780
0.225,5.497787143782138,5009
0.225,5.672320068981571,6649
0.225,5.8468529941810035,8557
0.225,6.021385919380437,10708
0.225,6.19591884457987,12301
0.235,0.08726646259971647,14199
0.235,0.2617993877991494,14482
0.235,0.4363323129985824,13780
0.235,0.6108652381980153,12542
0.235,0.7853981633974483,10775
0.235,0.9599310885968811,9660
0.235,1.1344640137963142,8296
0.235,1.308996938995747,7670
0.235,1.4835298641951802,7156
0.235,1.658062789394613,7280
0.235,1.8325957145940461,7607
0.235,2.007128639793479,8208
0.235,2.181661564992912,9322
0.235,2.356194490192345,10890
0.235,2.530727415391778,12704
0.235,2.705260340591211,14339
0.235,2.879793265790644,14961
0.235,3.0543261909900767,14467
0.235,3.2288591161895095,13610
0.235,3.4033920413889422,11452
0.235,3.577924966588375,9398
0.235,3.752457891787808,7356
0.235,3.9269908169872414,5693
0.235,4.101523742186675,4349
0.235,4.276056667386107,3532
0.235,4.4505895925855405,3047
0.235,4.625122517784973,2803
0.235,4.799655442984406,2697
0.235,4.974188368183839,2956
0.235,5.148721293383272,3310
0.235,5.323254218582705,4054
0.235,5.497787143782138,5293
0.235,5.672320068981571,6963
0.235,5.8468529941810035,8917
0.235,6.021385919380437,11150
0.235,6.19591884457987,13036
0.245,0.08726646259971647,15200
0.245,0.2617993877991494,15245
0.245,0.4363323129985824,14676
0.245,0.6108652381980153,13238
0.245,0.7853981633974483,11534
0.245,0.9599310885968811,10010
0.245,1.1344640137963142,9025
0.245,1.308996938995747,8175
0.245,1.4835298641951802,7604
0.245,1.658062789394613,7806
0.245,1.8325957145940461,7904
0.245,2.007128639793479,8626
0.245,2.181661564992912,9877
0.245,2.356194490192345,11305
0.245,2.530727415391778,13006
0.245,2.705260340591211,14880
0.245,2.879793265790644,15663
0.245,3.0543261909900767,15630
0.245,3.2288591161895095,14178
0.245,3.4033920413889422,12532
0.245,3.577924966588375,9950
0.245,3.752457891787808,7714
0.245,3.9269908169872414,5908
0.245,4.101523742186675,4487
0.245,4.276056667386107,3603
0.245,4.4505895925855405,3091
0.245,4.625122517784973,2919
0.245,4.799655442984406,2845
0.245,4.974188368183839,3067
0.245,5.148721293383272,3482
0.245,5.323254218582705,4404
0.245,5.497787143782138,5783
0.245,5.672320068981571,7374
0.245,5.8468529941810035,9781
0.245,6.021385919380437,12004
0.245,6.19591884457987,13742
0.255,0.08726646259971647,16278
0.255,0.2617993877991494,16235
0.255,0.4363323129985824,15647
0.255,0.6108652381980153,14029
0.255,0.7853981633974483,12354
0.255,0.9599310885968811,10428
0.255,1.1344640137963142,9478
0.255,1.308996938995747,8690
0.255,1.4835298641951802,8242
0.255,1.658062789394613,8238
0.255,1.8325957145940461,8463
0.255,2.007128639793479,9235
0.255,2.181661564992912,10608
0.255,2.356194490192345,12097
0.255,2.530727415391778,13646
0.255,2.705260340591211,15545
0.255,2.879793265790644,16201
0.255,3.0543261909900767,15906
0.255,3.2288591161895095,14593
0.255,3.4033920413889422,12942
0.255,3.577924966588375,10228
0.255,3.752457891787808,8132
0.255,3.9269908169872414,6187
0.255,4.101523742186675,4758
0.255,4.276056667386107,3857
0.255,4.4505895925855405,3392
0.255,4.625122517784973,3049
0.255,4.799655442984406,2908
0.255,4.974188368183839,3059
0.255,5.148721293383272,3686
0.255,5.323254218582705,4519
0.255,5.497787143782138,6156
0.255,5.672320068981571,8143
0.255,5.8468529941810035,10421
0.255,6.021385919380437,12845
0.255,6.19591884457987,14786
0.265,0.08726646259971647,17005
0.265,0.2617993877991494,17304
0.265,0.4363323129985824,16596
0.265,0.6108652381980153,14883
0.265,0.7853981633974483,13023
0.265,0.9599310885968811,11184
0.265,1.1344640137963142,9886
0.265,1.308996938995747,9222
0.265,1.4835298641951802,8785
0.265,1.658062789394613,8810
0.265,1.8325957145940461,9203
0.265,2.007128639793479,10034
0.265,2.181661564992912,11239
0.265,2.356194490192345,12964
0.265,2.530727415391778,14690
0.265,2.705260340591211,16247
0.265,2.879793265790644,17062
0.265,3.0543261909900767,16817
0.265,3.2288591161895095,15475
0.265,3.4033920413889422,13113
0.265,3.577924966588375,10808
0.265,3.752457891787808,8448
0.265,3.9269908169872414,6657
0.265,4.101523742186675,5129
0.265,4.276056667386107,4020
0.265,4.4505895925855405,3507
0.265,4.625122517784973,3189
0.265,4.799655442984406,3198
0.265,4.974188368183839,3452
0.265,5.148721293383272,3867
0.265,5.323254218582705,5002
0.265,5.497787143782138,6451
0.265,5.672320068981571,8520
0.265,5.8468529941810035,10989
0.265,6.021385919380437,13332
0.265,6.19591884457987,15544
0.275,0.08726646259971647,17742
0.275,0.2617993877991494,18073
0.275,0.4363323129985824,17266
0.275,0.6108652381980153,15796
0.275,0.7853981633974483,13773
0.275,0.9599310885968811,11922
0.275,1.1344640137963142,10636
0.275,1.308996938995747,9505
0.275,1.4835298641951802,9175
0.275,1.658062789394613,9223
0.275,1.8325957145940461,9562
0.275,2.007128639793479,10626
0.275,2.181661564992912,12213
0.275,2.356194490192345,13972
0.275,2.530727415391778,15539
0.275,2.705260340591211,16818
0.275,2.879793265790644,17932
0.275,3.0543261909900767,17720
0.275,3.2288591161895095,15955
0.275,3.4033920413889422,13522
0.275,3.577924966588375,11271
0.275,3.752457891787808,8879
0.275,3.9269908169872414,6923
0.275,4.101523742186675,5469
0.275,4.276056667386107,4329
0.275,4.4505895925855405,3706
0.275,4.625122517784973,3358
0.275,4.799655442984406,3406
0.275,4.974188368183839,3578
0.275,5.148721293383272,4305
0.275,5.323254218582705,5514
0.275,5.497787143782138,6751
0.275,5.672320068981571,9053
0.275,5.8468529941810035,11532
0.275,6.021385919380437,14033
0.275,6.19591884457987,16225
0.285,0.08726646259971647,18482
0.285,0.2617993877991494,18736
0.285,0.4363323129985824,18207
0.285,0.6108652381980153,16533
0.285,0.7853981633974483,14531
0.285,0.9599310885968811,12499
0.285,1.1344640137963142,10905
0.285,1.308996938995747,10115
0.285,1.4835298641951802,9631
0.285,1.658062789394613,9715
0.285,1.8325957145940461,10125
0.285,2.007128639793479,11039
0.285,2.181661564992912,12638
0.285,2.356194490192345,14671
0.285,2.530727415391778,16393
0.285,2.705260340591211,17989
0.285,2.879793265790644,18930
0.285,3.0543261909900767,18510
0.285,3.2288591161895095,16837
0.285,3.4033920413889422,14497
0.285,3.577924966588375,11813
0.285,3.752457891787808,8956
0.285,3.9269908169872414,7149
0.285,4.101523742186675,5600
0.285,4.276056667386107,4565
0.285,4.4505895925855405,3937
0.285,4.625122517784973,3591
0.285,4.799655442984406,3651
0.285,4.974188368183839,3938
0.285,5.148721293383272,4580
0.285,5.323254218582705,5600
0.285,5.497787143782138,7157
0.285,5.672320068981571,9248
0.285,5.8468529941810035,11940
0.285,6.021385919380437,14566
0.285,6.19591884457987,16964
0.295,0.08726646259971647,19372
0.295,0.2617993877991494,19727
0.295,0.4363323129985824,19014
0.295,0.6108652381980153,17266
0.295,0.7853981633974483,15157
0.295,0.9599310885968811,13138
0.295,1.1344640137963142,11965
0.295,1.308996938995747,10682
0.295,1.4835298641951802,10313
0.295,1.658062789394613,10215
0.295,1.8325957145940461,10842
0.295,2.007128639793479,11969
0.295,2.181661564992912,13443
0.295,2.356194490192345,15211
0.295,2.530727415391778,17116
0.295,2.705260340591211,18832
0.295,2.879793265790644,19806
0.295,3.0543261909900767,19494
0.295,3.2288591161895095,18036
0.295,3.4033920413889422,15417
0.295,3.577924966588375,12334
0.295,3.752457891787808,9682
0.295,3.9269908169872414,7322
0.295,4.101523742186675,5893
0.295,4.276056667386107,4833
0.295,4.4505895925855405,4021
0.295,4.625122517784973,3730
0.295,4.799655442984406,3649
0.295,4.974188368183839,4060
0.295,5.148721293383272,4680
0.295,5.323254218582705,5783
0.295,5.497787143782138,7490
0.295,5.672320068981571,9608
0.295,5.8468529941810035,12282
0.295,6.021385919380437,15722
0.295,6.19591884457987,18237
0.305,0.08726646259971647,20194
0.305,0.2617993877991494,20587
0.305,0.4363323129985824,19737
0.305,0.6108652381980153,18445
0.305,0.7853981633974483,15711
0.305,0.9599310885968811,14009
0.305,1.1344640137963142,12304
0.305,1.308996938995747,11521
0.305,1.4835298641951802,10803
0.305,1.658062789394613,10759
0.305,1.8325957145940461,11360
0.305,2.007128639793479,12334
0.305,2.181661564992912,13899
0.305,2.356194490192345,16062
0.305,2.530727415391778,18554
0.305,2.705260340591211,19921
0.305,2.879793265790644,20882
0.305,3.0543261909900767,20630
0.305,3.2288591161895095,18941
0.305,3.4033920413889422,16185
0.305,3.577924966588375,13160
0.305,3.752457891787808,10101
0.305,3.9269908169872414,7951
0.305,4.101523742186675,6200
0.305,4.276056667386107,5092
0.305,4.4505895925855405,4353
0.305,4.625122517784973,3855
0.305,4.799655442984406,3950
0.305,4.974188368183839,4173
0.305,5.148721293383272,4807
0.305,5.323254218582705,6052
0.305,5.497787143782138,7842
0.305,5.672320068981571,10189
0.305,5.8468529941810035,13190
0.305,6.021385919380437,16218
0.305,6.19591884457987,19143
0.315,0.08726646259971647,21521
0.315,0.2617993877991494,21965
0.315,0.4363323129985824,20644
0.315,0.6108652381980153,19226
0.315,0.7853981633974483,17057
0.315,0.9599310885968811,14718
0.315,1.1344640137963142,13035
0.315,1.308996938995747,12027
0.315,1.4835298641951802,11384
0.315,1.658062789394613,11379
0.315,1.8325957145940461,12066
0.315,2.007128639793479,13115
0.315,2.181661564992912,14475
0.315,2.356194490192345,16867
0.315,2.530727415391778,19409
0.315,2.705260340591211,21453
0.315,2.879793265790644,21954
0.315,3.0543261909900767,21655
0.315,3.2288591161895095,19797
0.315,3.4033920413889422,16941
0.315,3.577924966588375,13764
0.315,3.752457891787808,10571
0.315,3.9269908169872414,8385
0.315,4.101523742186675,6463
0.315,4.276056667386107,5307
0.315,4.4505895925855405,4581
0.315,4.625122517784973,4201
0.315,4.799655442984406,4139
0.315,4.974188368183839,4527
0.315,5.148721293383272,5090
0.315,5.323254218582705,6363
0.315,5.497787143782138,8215
0.315,5.672320068981571,10657
0.315,5.8468529941810035,13791
0.315,6.021385919380437,17101
0.315,6.19591884457987,20129
0.325,0.08726646259971647,22669
0.325,0.2617993877991494,22819
0.325,0.4363323129985824,21992
0.325,0.6108652381980153,20088
0.325,0.7853981633974483,17654
0.325,0.9599310885968811,15627
0.325,1.1344640137963142,14077
0.325,1.308996938995747,12753
0.325,1.4835298641951802,12191
0.325,1.658062789394613,11973
0.325,1.8325957145940461,12490
0.325,2.007128639793479,14016
0.325,2.181661564992912,16046
0.325,2.356194490192345,17827
0.325,2.530727415391778,20406
0.325,2.705260340591211,22513
0.325,2.879793265790644,23377
0.325,3.0543261909900767,22852
0.325,3.2288591161895095,20907
0.325,3.4033920413889422,17951
0.325,3.577924966588375,14487
0.325,3.752457891787808,11387
0.325,3.9269908169872414,8932
0.325,4.101523742186675,6982
0.325,4.276056667386107,5641
0.325,4.4505895925855405,4815
0.325,4.625122517784973,4374
0.325,4.799655442984406,4431
0.325,4.974188368183839,4768
0.325,5.148721293383272,5458
0.325,5.323254218582705,6621
0.325,5.497787143782138,8623
0.325,5.672320068981571,11104
0.325,5.8468529941810035,14361
0.325,6.021385919380437,18045
0.325,6.19591884457987,21011
0.335,0.08726646259971647,23864
0.335,0.2617993877991494,24507
0.335,0.4363323129985824,23554
0.335,0.6108652381980153,21387
0.335,0.7853981633974483,18590
0.335,0.9599310885968811,16582
0.335,1.1344640137963142,14671
0.335,1.308996938995747,13248
0.335,1.4835298641951802,12982
0.335,1.658062789394613,12906
0.335,1.8325957145940461,13522
0.335,2.007128639793479,15086
0.335,2.181661564992912,16799
0.335,2.356194490192345,19171
0.335,2.530727415391778,21381
0.335,2.705260340591211,23382
0.335,2.879793265790644,24438
0.335,3.0543261909900767,23703
0.335,3.2288591161895095,22364
0.335,3.4033920413889422,19144
0.335,3.577924966588375,15405
0.335,3.752457891787808,12071
0.335,3.9269908169872414,9207
0.335,4.101523742186675,7169
0.335,4.276056667386107,5920
0.335,4.4505895925855405,5178
0.335,4.625122517784973,4679
0.335,4.799655442984406,4784
0.335,4.974188368183839,5044
0.335,5.148721293383272,5822
0.335,5.323254218582705,7140
0.335,5.497787143782138,9189
0.335,5.672320068981571,11860
0.335,5.8468529941810035,15285
0.335,6.021385919380437,18631
0.335,6.19591884457987,21986
0.345,0.08726646259971647,25306
0.345,0.2617993877991494,25910
0.345,0.4363323129985824,24745
0.345,0.6108652381980153,22480
0.345,0.7853981633974483,19832
0.345,0.9599310885968811,17400
0.345,1.1344640137963142,15699
0.345,1.308996938995747,14210
0.345,1.4835298641951802,13672
0.345,1.658062789394613,13579
0.345,1.8325957145940461,14403
0.345,2.007128639793479,15440
0.345,2.181661564992912,17555
0.345,2.356194490192345,20113
0.345,2.530727415391778,22836
0.345,2.705260340591211,24779
0.345,2.879793265790644,25899
0.345,3.0543261909900767,25451
0.345,3.2288591161895095,23153
0.345,3.4033920413889422,19765
0.345,3.577924966588375,16104
0.345,3.752457891787808,12693
0.345,3.9269908169872414,9686
0.345,4.101523742186675,7570
0.345,4.276056667386107,6320
0.345,4.4505895925855405,5401
0.345,4.625122517784973,5012
0.345,4.799655442984406,5046
0.345,4.974188368183839,5350
0.345,5.148721293383272,6162
0.345,5.323254218582705,7563
0.345,5.497787143782138,9740
0.345,5.672320068981571,12776
0.345,5.8468529941810035,16226
0.345,6.021385919380437,19917
0.345,6.19591884457987,23225
0.355,0.08726646259971647,27234
0.355,0.2617993877991494,27543
0.355,0.4363323129985824,26040
0.355,0.6108652381980153,23311
0.355,0.7853981633974483,20901
0.355,0.9599310885968811,18083
0.355,1.1344640137963142,16153
0.355,1.308996938995747,14888
0.355,1.4835298641951802,14323
0.355,1.658062789394613,14527
0.355,1.8325957145940461,15264
0.355,2.007128639793479,16279
0.355,2.181661564992912,18273
0.355,2.356194490192345,21286
0.355,2.530727415391778,24001
0.355,2.705260340591211,26509
0.355,2.879793265790644,27391
0.355,3.0543261909900767,26745
0.355,3.2288591161895095,25102
0.355,3.4033920413889422,21033
0.355,3.577924966588375,17252
0.355,3.752457891787808,13347
0.355,3.9269908169872414,10372
0.355,4.101523742186675,8191
0.355,4.276056667386107,6489
0.355,4.4505895925855405,5635
0.355,4.625122517784973,5186
0.355,4.799655442984406,5233
0.355,4.974188368183839,5639
0.355,5.148721293383272,6519
0.355,5.323254218582705,7989
0.355,5.497787143782138,10288
0.355,5.672320068981571,13649
0.355,5.8468529941810035,17124
0.355,6.021385919380437,21529
0.355,6.19591884457987,24937
0.365,0.08726646259971647,28596
0.365,0.2617993877991494,29179
0.365,0.4363323129985824,27590
0.365,0.6108652381980153,24759
0.365,0.7853981633974483,21838
0.365,0.9599310885968811,19434
0.365,1.1344640137963142,17215
0.365,1.308996938995747,15761
0.365,1.4835298641951802,14792
0.365,1.658062789394613,14909
0.365,1.8325957145940461,15900
0.365,2.007128639793479,17392
0.365,2.181661564992912,19316
0.365,2.356194490192345,22320
0.365,2.530727415391778,25381
0.365,2.705260340591211,27697
0.365,2.879793265790644,29192
0.365,3.0543261909900767,28678
0.365,3.2288591161895095,26464
0.365,3.4033920413889422,22417
0.365,3.577924966588375,18195
0.365,3.752457891787808,13976
0.365,3.9269908169872414,10800
0.365,4.101523742186675,8376
0.365,4.276056667386107,7034
0.365,4.4505895925855405,5949
0.365,4.625122517784973,5570
0.365,4.799655442984406,5447
0.365,4.974188368183839,5869
0.365,5.148721293383272,6810
0.365,5.323254218582705,8341
0.365,5.497787143782138,10675
0.365,5.672320068981571,14373
0.365,5.8468529941810035,18512
0.365,6.021385919380437,22510
0.365,6.19591884457987,26142
0.375,0.08726646259971647,30409
0.375,0.2617993877991494,30660
0.375,0.4363323129985824,29540
0.375,0.6108652381980153,26590
0.375,0.7853981633974483,23345
0.375,0.9599310885968811,20016
0.375,1.1344640137963142,18085
0.375,1.308996938995747,16517
0.375,1.4835298641951802,15755
0.375,1.658062789394613,15634
0.375,1.8325957145940461,16540
0.375,2.007128639793479,18044
0.375,2.181661564992912,20746
0.375,2.356194490192345,23282
0.375,2.530727415391778,26634
0.375,2.705260340591211,29216
0.375,2.879793265790644,30599
0.375,3.0543261909900767,30040
0.375,3.2288591161895095,27750
0.375,3.4033920413889422,23734
0.375,3.577924966588375,19021
0.375,3.752457891787808,14906
0.375,3.9269908169872414,11580
0.375,4.101523742186675,8846
0.375,4.276056667386107,7135
0.375,4.4505895925855405,6180
0.375,4.625122517784973,5789
0.375,4.799655442984406,5704
0.375,4.974188368183839,6283
0.375,5.148721293383272,7244
0.375,5.323254218582705,9113
0.375,5.497787143782138,11720
0.375,5.672320068981571,15128
0.375,5.8468529941810035,19443
0.375,6.021385919380437,23951
0.375,6.19591884457987,27920
0.385,0.08726646259971647,31917
0.385,0.2617993877991494,32494
0.385,0.4363323129985824,30650
0.385,0.6108652381980153,27959
0.385,0.7853981633974483,24812
0.385,0.9599310885968811,21397
0.385,1.1344640137963142,18738
0.385,1.308996938995747,17124
0.385,1.4835298641951802,16438
0.385,1.658062789394613,16480
0.385,1.8325957145940461,17421
0.385,2.007128639793479,19160
0.385,2.181661564992912,21622
0.385,2.356194490192345,24654
0.385,2.530727415391778,27888
0.385,2.705260340591211,31290
0.385,2.879793265790644,32773
0.385,3.0543261909900767,32104
0.385,3.2288591161895095,29448
0.385,3.4033920413889422,25123
0.385,3.577924966588375,20625
0.385,3.752457891787808,15738
0.385,3.9269908169872414,12199
0.385,4.101523742186675,9364
0.385,4.276056667386107,7484
0.385,4.4505895925855405,6633
0.385,4.625122517784973,6005
0.385,4.799655442984406,6148
0.385,4.974188368183839,6602
0.385,5.148721293383272,7709
0.385,5.323254218582705,9649
0.385,5.497787143782138,12397
0.385,5.672320068981571,15809
0.385,5.8468529941810035,20156
0.385,6.021385919380437,25108
0.385,6.19591884457987,29415
0.395,0.08726646259971647,33740
0.395,0.2617993877991494,34340
0.395,0.4363323129985824,32731
0.395,0.6108652381980153,29516
0.395,0.7853981633974483,25980
0.395,0.9599310885968811,22471
0.395,1.1344640137963142,19819
0.395,1.308996938995747,17960
0.395,1.4835298641951802,17247
0.395,1.658062789394613,17312
0.395,1.8325957145940461,18306
0.395,2.007128639793479,20181
0.395,2.181661564992912,22510
0.395,2.356194490192345,25872
0.395,2.530727415391778,29967
0.395,2.705260340591211,32720
0.395,2.879793265790644,34671
0.395,3.0543261909900767,34272
0.395,3.2288591161895095,31178
0.395,3.4033920413889422,26908
0.395,3.577924966588375,21588
0.395,3.752457891787808,16419
0.395,3.9269908169872414,12885
0.395,4.101523742186675,9827
0.395,4.276056667386107,7962
0.395,4.4505895925855405,7001
0.395,4.625122517784973,6436
0.395,4.799655442984406,6497
0.395,4.974188368183839,6914
0.395,5.148721293383272,8126
0.395,5.323254218582705,9988
0.395,5.497787143782138,12797
0.395,5.672320068981571,16781
0.395,5.8468529941810035,21361
0.395,6.021385919380437,26572
0.395,6.19591884457987,30865
0.405,0.08726646259971647,35340
0.405,0.2617993877991494,36195
0.405,0.4363323129985824,34793
0.405,0.6108652381980153,31469
0.405,0.7853981633974483,27188
0.405,0.9599310885968811,23787
0.405,1.1344640137963142,21083
0.405,1.308996938995747,19352
0.405,1.4835298641951802,18181
0.405,1.658062789394613,18069
0.405,1.8325957145940461,19546
0.405,2.007128639793479,21252
0.405,2.181661564992912,23973
0.405,2.356194490192345,27897
0.405,2.530727415391778,32086
0.405,2.705260340591211,34894
0.405,2.879793265790644,36739
0.405,3.0543261909900767,35906
0.405,3.2288591161895095,33016
0.405,3.4033920413889422,28168
0.405,3.577924966588375,22925
0.405,3.752457891787808,17795
0.405,3.9269908169872414,13770
0.405,4.101523742186675,10588
0.405,4.276056667386107,8480
0.405,4.4505895925855405,7414
0.405,4.625122517784973,6749
0.405,4.799655442984406,6684
0.405,4.974188368183839,7153
0.405,5.148721293383272,8413
0.405,5.323254218582705,10501
0.405,5.497787143782138,13390
0.405,5.672320068981571,17403
0.405,5.8468529941810035,22458
0.405,6.021385919380437,28125
0.405,6.19591884457987,32696
0.415,0.08726646259971647,38123
0.415,0.2617993877991494,37908
0.415,0.4363323129985824,36700
0.415,0.6108652381980153,33264
0.415,0.7853981633974483,29068
0.415,0.9599310885968811,25356
0.415,1.1344640137963142,22264
0.415,1.308996938995747,20451
0.415,1.4835298641951802,19505
0.415,1.658062789394613,19227
0.415,1.8325957145940461,20453
0.415,2.007128639793479,22396
0.415,2.181661564992912,25362
0.415,2.356194490192345,29955
0.415,2.530727415391778,33526
0.415,2.705260340591211,37104
0.415,2.879793265790644,39039
0.415,3.0543261909900767,38049
0.415,3.2288591161895095,35014
0.415,3.4033920413889422,29825
0.415,3.577924966588375,24514
0.415,3.752457891787808,19008
0.415,3.9269908169872414,14640
0.415,4.101523742186675,11410
0.415,4.276056667386107,9064
0.415,4.4505895925855405,7894
0.415,4.625122517784973,7001
0.415,4.799655442984406,7136
0.415,4.974188368183839,7658
0.415,5.148721293383272,8936
0.415,5.323254218582705,10909
0.415,5.497787143782138,13716
0.415,5.672320068981571,18509
0.415,5.8468529941810035,23555
0.415,6.021385919380437,29493
0.415,6.19591884457987,34559
0.425,0.08726646259971647,40659
0.425,0.2617993877991494,40979
0.425,0.4363323129985824,38754
0.425,0.6108652381980153,34787
0.425,0.7853981633974483,30646
0.425,0.9599310885968811,27444
0.425,1.1344640137963142,23792
0.425,1.308996938995747,21802
0.425,1.4835298641951802,20642
0.425,1.658062789394613,20567
0.425,1.8325957145940461,21530
0.425,2.007128639793479,24075
0.425,2.181661564992912,26848
0.425,2.356194490192345,31131
0.425,2.530727415391778,35493
0.425,2.705260340591211,39305
0.425,2.879793265790644,41098
0.425,3.0543261909900767,40910
0.425,3.2288591161895095,37091
0.425,3.4033920413889422,32265
0.425,3.577924966588375,26176
0.425,3.752457891787808,19782
0.425,3.9269908169872414,15416
0.425,4.101523742186675,12098
0.425,4.276056667386107,9748
0.425,4.4505895925855405,8473
0.425,4.625122517784973,7730
0.425,4.799655442984406,7668
0.425,4.974188368183839,8414
0.425,5.148721293383272,9696
0.425,5.323254218582705,11399
0.425,5.497787143782138,15003
0.425,5.672320068981571,19502
0.425,5.8468529941810035,25205
0.425,6.021385919380437,31321
0.425,6.19591884457987,37024
0.435,0.08726646259971647,42739
0.435,0.2617993877991494,43334
0.435,0.4363323129985824,41106
0.435,0.6108652381980153,37369
0.435,0.7853981633974483,32426
0.435,0.9599310885968811,28512
0.435,1.1344640137963142,25263
0.435,1.308996938995747,23173
0.435,1.4835298641951802,21659
0.435,1.658062789394613,21945
0.435,1.8325957145940461,22950
0.435,2.007128639793479,25260
0.435,2.181661564992912,29103
0.435,2.356194490192345,32958
0.435,2.530727415391778,37602
0.435,2.705260340591211,41914
0.435,2.879793265790644,44209
0.435,3.0543261909900767,43317
0.435,3.2288591161895095,39780
0.435,3.4033920413889422,34149
0.435,3.577924966588375,27481
0.435,3.752457891787808,21269
0.435,3.9269908169872414,16207
0.435,4.101523742186675,12607
0.435,4.276056667386107,10472
0.435,4.4505895925855405,8811
0.435,4.625122517784973,8170
0.435,4.799655442984406,8023
0.435,4.974188368183839,8651
0.435,5.148721293383272,10229
0.435,5.323254218582705,12430
0.435,5.497787143782138,15681
0.435,5.672320068981571,20872
0.435,5.8468529941810035,27285
0.435,6.021385919380437,33508
0.435,6.19591884457987,39670
0.445,0.08726646259971647,45598
0.445,0.2617993877991494,45737
0.445,0.4363323129985824,43219
0.445,0.6108652381980153,39226
0.445,0.7853981633974483,34779
0.445,0.9599310885968811,30215
0.445,1.1344640137963142,26963
0.445,1.308996938995747,24083
0.445,1.4835298641951802,23047
0.445,1.658062789394613,23435
0.445,1.8325957145940461,24395
0.445,2.007128639793479,26824
0.445,2.181661564992912,30372
0.445,2.356194490192345,34674
0.445,2.530727415391778,39894
0.445,2.705260340591211,44978
0.445,2.879793265790644,46480
0.445,3.0543261909900767,46143
0.445,3.2288591161895095,42664
0.445,3.4033920413889422,36622
0.445,3.577924966588375,29538
0.445,3.752457891787808,22848
0.445,3.9269908169872414,17379
0.445,4.101523742186675,13483
0.445,4.276056667386107,10829
0.445,4.4505895925855405,9031
0.445,4.625122517784973,8384
0.445,4.799655442984406,8440
0.445,4.974188368183839,9362
0.445,5.148721293383272,11125
0.445,5.323254218582705,13400
0.445,5.497787143782138,17292
0.445,5.672320068981571,22784
0.445,5.8468529941810035,28767
0.445,6.021385919380437,35741
0.445,6.19591884457987,41604
0.455,0.08726646259971647,48178
0.455,0.2617993877991494,48978
0.455,0.4363323129985824,46497
0.455,0.6108652381980153,42054
0.455,0.7853981633974483,37086
0.455,0.9599310885968811,32471
0.455,1.1344640137963142,28085
0.455,1.308996938995747,25835
0.455,1.4835298641951802,24450
0.455,1.658062789394613,24613
0.455,1.8325957145940461,25813
0.455,2.007128639793479,28260
0.455,2.181661564992912,32259
0.455,2.356194490192345,36846
0.455,2.530727415391778,42345
0.455,2.705260340591211,47416
0.455,2.879793265790644,49611
0.455,3.0543261909900767,48559
0.455,3.2288591161895095,44876
0.455,3.4033920413889422,38256
0.455,3.577924966588375,31641
0.455,3.752457891787808,24391
0.455,3.9269908169872414,18759
0.455,4.101523742186675,14377
0.455,4.276056667386107,11254
0.455,4.4505895925855405,9766
0.455,4.625122517784973,9088
0.455,4.799655442984406,9086
0.455,4.974188368183839,9908
0.455,5.148721293383272,11732
0.455,5.323254218582705,14446
0.455,5.497787143782138,18336
0.455,5.672320068981571,24060
0.455,5.8468529941810035,31020
0.455,6.021385919380437,37691
0.455,6.19591884457987,43806
0.465,0.08726646259971647,51031
0.465,0.2617993877991494,51723
0.465,0.4363323129985824,48779
0.465,0.6108652381980153,44838
0.465,0.7853981633974483,39029
0.465,0.9599310885968811,33809
0.465,1.1344640137963142,30101
0.465,1.308996938995747,27487
0.465,1.4835298641951802,26209
0.465,1.658062789394613,25839
0.465,1.8325957145940461,27304
0.465,2.007128639793479,29542
0.465,2.181661564992912,33995
0.465,2.356194490192345,39121
0.465,2.530727415391778,44650
0.465,2.705260340591211,49234
0.465,2.879793265790644,52529
0.465,3.0543261909900767,51452
0.465,3.2288591161895095,47740
0.465,3.4033920413889422,40682
0.465,3.577924966588375,32434
0.465,3.752457891787808,25295
0.465,3.9269908169872414,19842
0.465,4.101523742186675,15183
0.465,4.276056667386107,12286
0.465,4.4505895925855405,10565
0.465,4.625122517784973,9688
0.465,4.799655442984406,9608
0.465,4.974188368183839,10670
0.465,5.148721293383272,12367
0.465,5.323254218582705,15148
0.465,5.497787143782138,19560
0.465,5.672320068981571,25557
0.465,5.8468529941810035,33026
0.465,6.021385919380437,40316
0.465,6.19591884457987,46840
0.475,0.08726646259971647,54004
0.475,0.2617993877991494,54363
0.475,0.4363323129985824,52066
0.475,0.6108652381980153,46519
0.475,0.7853981633974483,41321
0.475,0.9599310885968811,36191
0.475,1.1344640137963142,32367
0.475,1.308996938995747,29058
0.475,1.4835298641951802,27347
0.475,1.658062789394613,27466
0.475,1.8325957145940461,28819
0.475,2.007128639793479,31480
0.475,2.181661564992912,35565
0.475,2.356194490192345,40786
0.475,2.530727415391778,46835
0.475,2.705260340591211,51696
0.475,2.879793265790644,54901
0.475,3.0543261909900767,54141
0.475,3.2288591161895095,50093
0.475,3.4033920413889422,42590
0.475,3.577924966588375,34842
0.475,3.752457891787808,26918
0.475,3.9269908169872414,20568
0.475,4.101523742186675,16026
0.475,4.276056667386107,12985
0.475,4.4505895925855405,11425
0.475,4.625122517784973,9880
0.475,4.799655442984406,10389
0.475,4.974188368183839,10991
0.475,5.148721293383272,12924
0.475,5.323254218582705,15877
0.475,5.497787143782138,20488
0.475,5.672320068981571,26977
0.475,5.8468529941810035,34760
0.475,6.021385919380437,42160
0.475,6.19591884457987,49388
0.485,0.08726646259971647,56460
0.485,0.2617993877991494,57414
0.485,0.4363323129985824,54838
0.485,0.6108652381980153,49324
0.485,0.7853981633974483,44192
0.485,0.9599310885968811,38406
0.485,1.1344640137963142,33859
0.485,1.308996938995747,30743
0.485,1.4835298641951802,28974
0.485,1.658062789394613,28919
0.485,1.8325957145940461,30651
0.485,2.007128639793479,33172
0.485,2.181661564992912,38155
0.485,2.356194490192345,43537
0.485,2.530727415391778,49700
0.485,2.705260340591211,55264
0.485,2.879793265790644,57172
0.485,3.0543261909900767,57130
0.485,3.2288591161895095,52750
0.485,3.4033920413889422,45466
0.485,3.577924966588375,36289
0.485,3.752457891787808,28306
0.485,3.9269908169872414,22120
0.485,4.101523742186675,17117
0.485,4.276056667386107,14100
0.485,4.4505895925855405,11876
0.485,4.625122517784973,10676
0.485,4.799655442984406,10673
0.485,4.974188368183839,11593
0.485,5.148721293383272,13466
0.485,5.323254218582705,16488
0.485,5.497787143782138,21748
0.485,5.672320068981571,28110
0.485,5.8468529941810035,36281
0.485,6.021385919380437,44746
0.485,6.19591884457987,52105
0.495,0.08726646259971647,59838
0.495,0.2617993877991494,61599
0.495,0.4363323129985824,57949
0.495,0.6108652381980153,52923
0.495,0.7853981633974483,46097
0.495,0.9599310885968811,40551
0.495,1.1344640137963142,35532
0.495,1.308996938995747,32781
0.495,1.4835298641951802,30549
0.495,1.658062789394613,30255
0.495,1.8325957145940461,32100
0.495,2.007128639793479,35094
0.495,2.181661564992912,39655
0.495,2.356194490192345,45472
0.495,2.530727415391778,52480
0.495,2.705260340591211,57826
0.495,2.879793265790644,61169
0.495,3.0543261909900767,59698
0.495,3.2288591161895095,55275
0.495,3.4033920413889422,47546
0.495,3.577924966588375,38213
0.495,3.752457891787808,29750
0.495,3.9269908169872414,22785
0.495,4.101523742186675,17711
0.495,4.276056667386107,14380
0.495,4.4505895925855405,12295
0.495,4.625122517784973,11475
0.495,4.799655442984406,11294
0.495,4.974188368183839,12255
0.495,5.148721293383272,14152
0.495,5.323254218582705,17514
0.495,5.497787143782138,22864
0.495,5.672320068981571,29738
0.495,5.8468529941810035,37637
0.495,6.021385919380437,47402
0.495,6.19591884457987,55194
0.505,0.08726646259971647,62946
0.505,0.2617993877991494,63731
0.505,0.4363323129985824,61103
0.505,0.6108652381980153,55207
0.505,0.7853981633974483,48333
0.505,0.9599310885968811,42393
0.505,1.1344640137963142,37616
0.505,1.308996938995747,34705
0.505,1.4835298641951802,32433
0.505,1.658062789394613,32113
0.505,1.8325957145940461,33910
0.505,2.007128639793479,37300
0.505,2.181661564992912,41832
0.505,2.356194490192345,48436
0.505,2.530727415391778,55100
0.505,2.705260340591211,61310
0.505,2.879793265790644,63975
0.505,3.0543261909900767,62925
0.505,3.2288591161895095,57951
0.505,3.4033920413889422,49524
0.505,3.577924966588375,40309
0.505,3.752457891787808,31102
0.505,3.9269908169872414,24112
0.505,4.101523742186675,18965
0.505,4.276056667386107,15583
0.505,4.4505895925855405,13103
0.505,4.625122517784973,12002
0.505,4.799655442984406,11938
0.505,4.974188368183839,12992
0.505,5.148721293383272,15146
0.505,5.323254218582705,18808
0.505,5.497787143782138,23994
0.505,5.672320068981571,31171
0.505,5.8468529941810035,40101
0.505,6.021385919380437,48987
0.505,6.19591884457987,57866
0.515,0.08726646259971647,65870
0.515,0.2617993877991494,66639
0.515,0.4363323129985824,63870
0.515,0.6108652381980153,57579
0.515,0.7853981633974483,50761
0.515,0.9599310885968811,44766
0.515,1.1344640137963142,39625
0.515,1.308996938995747,36306
0.515,1.4835298641951802,33996
0.515,1.658062789394613,33899
0.515,1.8325957145940461,36205
0.515,2.007128639793479,39203
0.515,2.181661564992912,44335
0.515,2.356194490192345,51517
0.515,2.530727415391778,58158
0.515,2.705260340591211,63797
0.515,2.879793265790644,66794
0.515,3.0543261909900767,66244
0.515,3.2288591161895095,60573
0.515,3.4033920413889422,51535
0.515,3.577924966588375,42331
0.515,3.752457891787808,33308
0.515,3.9269908169872414,25526
0.515,4.101523742186675,19850
0.515,4.276056667386107,16156
0.515,4.4505895925855405,13860
0.515,4.625122517784973,12649
0.515,4.799655442984406,12614
0.515,4.974188368183839,13917
0.515,5.148721293383272,15941
0.515,5.323254218582705,19754
0.515,5.497787143782138,25184
0.515,5.672320068981571,32140
0.515,5.8468529941810035,41665
0.515,6.021385919380437,51102
0.515,6.19591884457987,59769
0.525,0.08726646259971647,69068
0.525,0.2617993877991494,69978
0.525,0.4363323129985824,66330
0.525,0.6108652381980153,60934
0.525,0.7853981633974483,53562
0.525,0.9599310885968811,46972
0.525,1.1344640137963142,41656
0.525,1.308996938995747,37935
0.525,1.4835298641951802,35879
0.525,1.658062789394613,35776
0.525,1.8325957145940461,38296
0.525,2.007128639793479,41415
0.525,2.181661564992912,46627
0.525,2.356194490192345,53857
0.525,2.530727415391778,61386
0.525,2.705260340591211,66956
0.525,2.879793265790644,70256
0.525,3.0543261909900767,69006
0.525,3.2288591161895095,63376
0.525,3.4033920413889422,54007
0.525,3.577924966588375,44444
0.525,3.752457891787808,34645
0.525,3.9269908169872414,26572
0.525,4.101523742186675,20578
0.525,4.276056667386107,16793
0.525,4.4505895925855405,14453
0.525,4.625122517784973,13247
0.525,4.799655442984406,13405
0.525,4.974188368183839,14507
0.525,5.148721293383272,16826
0.525,5.323254218582705,20631
0.525,5.497787143782138,26584
0.525,5.672320068981571,34204
0.525,5.8468529941810035,43693
0.525,6.021385919380437,53681
0.525,6.19591884457987,62768
0.535,0.08726646259971647,71669
0.535,0.2617993877991494,72774
0.535,0.4363323129985824,69582
0.535,0.6108652381980153,63308
0.535,0.7853981633974483,56130
0.535,0.9599310885968811,49202
0.535,1.1344640137963142,43878
0.535,1.308996938995747,39751
0.535,1.4835298641951802,37188
0.535,1.658062789394613,37699
0.535,1.8325957145940461,39824
0.535,2.007128639793479,43723
0.535,2.181661564992912,49410
0.535,2.356194490192345,55841
0.535,2.530727415391778,63269
0.535,2.705260340591211,69580
0.535,2.879793265790644,73083
0.535,3.0543261909900767,72285
0.535,3.2288591161895095,65431
0.535,3.4033920413889422,56982
0.535,3.577924966588375,45856
0.535,3.752457891787808,36146
0.535,3.9269908169872414,28073
0.535,4.101523742186675,21960
0.535,4.276056667386107,17797
0.535,4.4505895925855405,15275
0.535,4.625122517784973,13940
0.535,4.799655442984406,14123
0.535,4.974188368183839,15196
0.535,5.148721293383272,17736
0.535,5.323254218582705,21680
0.535,5.497787143782138,27530
0.535,5.672320068981571,36090
0.535,5.8468529941810035,46157
0.535,6.021385919380437,56020
0.535,6.19591884457987,65207
0.545,0.08726646259971647,73996
0.545,0.2617993877991494,75299
0.545,0.4363323129985824,72402
0.545,0.6108652381980153,65925
0.545,0.7853981633974483,58105
0.545,0.9599310885968811,51464
0.545,1.1344640137963142,45612
0.545,1.308996938995747,41838
0.545,1.4835298641951802,39568
0.545,1.658062789394613,39711
0.545,1.8325957145940461,41764
0.545,2.007128639793479,45434
0.545,2.181661564992912,51470
0.545,2.356194490192345,57863
0.545,2.530727415391778,65858
0.545,2.705260340591211,72409
0.545,2.879793265790644,75889
0.545,3.0543261909900767,74409
0.545,3.2288591161895095,68562
0.545,3.4033920413889422,58791
0.545,3.577924966588375,48097
0.545,3.752457891787808,37190
0.545,3.9269908169872414,29613
0.545,4.101523742186675,23053
0.545,4.276056667386107,18911
0.545,4.4505895925855405,16055
0.545,4.625122517784973,14469
0.545,4.799655442984406,14822
0.545,4.974188368183839,15961
0.545,5.148721293383272,18586
0.545,5.323254218582705,22860
0.545,5.497787143782138,28727
0.545,5.672320068981571,37554
0.545,5.8468529941810035,47612
0.545,6.021385919380437,58791
0.545,6.19591884457987,68390
0.555,0.08726646259971647,76933
0.555,0.2617993877991494,77819
0.555,0.4363323129985824,75114
0.555,0.6108652381980153,68113
0.555,0.7853981633974483,60252
0.555,0.9599310885968811,52951
0.555,1.1344640137963142,47686
0.555,1.308996938995747,43831
0.555,1.4835298641951802,41218
0.555,1.658062789394613,41294
0.555,1.8325957145940461,43551
0.555,2.007128639793479,47825
0.555,2.181661564992912,53467
0.555,2.356194490192345,60210
0.555,2.530727415391778,67899
0.555,2.705260340591211,74665
0.555,2.879793265790644,77973
0.555,3.0543261909900767,76655
0.555,3.2288591161895095,70506
0.555,3.4033920413889422,60239
0.555,3.577924966588375,49233
0.555,3.752457891787808,38899
0.555,3.9269908169872414,29999
0.555,4.101523742186675,23877
0.555,4.276056667386107,19301
0.555,4.4505895925855405,16475
0.555,4.625122517784973,15223
0.555,4.799655442984406,15294
0.555,4.974188368183839,16798
0.555,5.148721293383272,19587
0.555,5.323254218582705,23614
0.555,5.497787143782138,30244
0.555,5.672320068981571,38979
0.555,5.8468529941810035,49695
0.555,6.021385919380437,60485
0.555,6.19591884457987,70570
0.565,0.08726646259971647,79136
0.565,0.2617993877991494,80179
0.565,0.4363323129985824,77349
0.565,0.6108652381980153,70746
0.565,0.7853981633974483,62584
0.565,0.9599310885968811,55759
0.565,1.1344640137963142,49547
0.565,1.308996938995747,45498
0.565,1.4835298641951802,43175
0.565,1.658062789394613,43254
0.565,1.8325957145940461,45376
0.565,2.007128639793479,49229
0.565,2.181661564992912,55088
0.565,2.356194490192345,62361
0.565,2.530727415391778,70033
0.565,2.705260340591211,77095
0.565,2.879793265790644,80257
0.565,3.0543261909900767,79529
0.565,3.2288591161895095,72382
0.565,3.4033920413889422,62301
0.565,3.577924966588375,50869
0.565,3.752457891787808,40074
0.565,3.9269908169872414,31340
0.565,4.101523742186675,24707
0.565,4.276056667386107,20275
0.565,4.4505895925855405,17698
0.565,4.625122517784973,16112
0.565,4.799655442984406,16358
0.565,4.974188368183839,17485
0.565,5.148721293383272,20373
0.565,5.323254218582705,24722
0.565,5.497787143782138,31818
0.565,5.672320068981571,40080
0.565,5.8468529941810035,50745
0.565,6.021385919380437,62581
0.565,6.19591884457987,72339
0.575,0.08726646259971647,80601
0.575,0.2617993877991494,82657
0.575,0.4363323129985824,80107
0.575,0.6108652381980153,73067
0.575,0.7853981633974483,65030
0.575,0.9599310885968811,57508
0.575,1.1344640137963142,51617
0.575,1.308996938995747,47579
0.575,1.4835298641951802,44966
0.575,1.658062789394613,45055
0.575,1.8325957145940461,47483
0.575,2.007128639793479,51099
0.575,2.181661564992912,56975
0.575,2.356194490192345,64412
0.575,2.530727415391778,71951
0.575,2.705260340591211,78619
0.575,2.879793265790644,82016
0.575,3.0543261909900767,80734
0.575,3.2288591161895095,73519
0.575,3.4033920413889422,63834
0.575,3.577924966588375,51657
0.575,3.752457891787808,40944
0.575,3.9269908169872414,32087
0.575,4.101523742186675,25708
0.575,4.276056667386107,21043
0.575,4.4505895925855405,18452
0.575,4.625122517784973,17214
0.575,4.799655442984406,17066
0.575,4.974188368183839,18321
0.575,5.148721293383272,21106
0.575,5.323254218582705,25676
0.575,5.497787143782138,32178
0.575,5.672320068981571,41273
0.575,5.8468529941810035,52369
0.575,6.021385919380437,63751
0.575,6.19591884457987,73934
0.585,0.08726646259971647,82931
0.585,0.2617993877991494,84560
0.585,0.4363323129985824,80770
0.585,0.6108652381980153,74638
0.585,0.7853981633974483,66252
0.585,0.9599310885968811,59376
0.585,1.1344640137963142,53486
0.585,1.308996938995747,50083
0.585,1.4835298641951802,47548
0.585,1.658062789394613,47399
0.585,1.8325957145940461,49598
0.585,2.007128639793479,53024
0.585,2.181661564992912,59162
0.585,2.356194490192345,66295
0.585,2.530727415391778,74573
0.585,2.705260340591211,80311
0.585,2.879793265790644,83669
0.585,3.0543261909900767,81601
0.585,3.2288591161895095,75111
0.585,3.4033920413889422,64668
0.585,3.577924966588375,52617
0.585,3.752457891787808,41871
0.585,3.9269908169872414,32826
0.585,4.101523742186675,26220
0.585,4.276056667386107,21757
0.585,4.4505895925855405,19108
0.585,4.625122517784973,17674
0.585,4.799655442984406,17581
0.585,4.974188368183839,19245
0.585,5.148721293383272,21670
0.585,5.323254218582705,26150
0.585,5.497787143782138,32776
0.585,5.672320068981571,41372
0.585,5.8468529941810035,52820
0.585,6.021385919380437,65185
0.585,6.19591884457987,75316
0.595,0.08726646259971647,83282
0.595,0.2617993877991494,85179
0.595,0.4363323129985824,82339
0.595,0.6108652381980153,75380
0.595,0.7853981633974483,67529
0.595,0.9599310885968811,61027
0.595,1.1344640137963142,55103
0.595,1.308996938995747,51908
0.595,1.4835298641951802,49237
0.595,1.658062789394613,49464
0.595,1.8325957145940461,51397
0.595,2.007128639793479,55073
0.595,2.181661564992912,60138
0.595,2.356194490192345,66856
0.595,2.530727415391778,74793
0.595,2.705260340591211,81196
0.595,2.879793265790644,84315
0.595,3.0543261909900767,82254
0.595,3.2288591161895095,75510
0.595,3.4033920413889422,64953
0.595,3.577924966588375,53313
0.595,3.752457891787808,42398
0.595,3.9269908169872414,33034
0.595,4.101523742186675,26787
0.595,4.276056667386107,22316
0.595,4.4505895925855405,19488
0.595,4.625122517784973,18007
0.595,4.799655442984406,17948
0.595,4.974188368183839,19285
0.595,5.148721293383272,22142
0.595,5.323254218582705,26454
0.595,5.497787143782138,33270
0.595,5.672320068981571,42076
0.595,5.8468529941810035,53717
0.595,6.021385919380437,65354
0.595,6.19591884457987,76201
0.605,0.08726646259971647,83682
0.605,0.2617993877991494,85158
0.605,0.4363323129985824,82233
0.605,0.6108652381980153,76205
0.605,0.7853981633974483,68497
0.605,0.9599310885968811,61369
0.605,1.1344640137963142,55765
0.605,1.308996938995747,52484
0.605,1.4835298641951802,49969
0.605,1.658062789394613,50645
0.605,1.8325957145940461,52221
0.605,2.007128639793479,55425
0.605,2.181661564992912,61089
0.605,2.356194490192345,68056
0.605,2.530727415391778,74897
0.605,2.705260340591211,81431
0.605,2.879793265790644,83892
0.605,3.0543261909900767,81855
0.605,3.2288591161895095,75596
0.605,3.4033920413889422,65666
0.605,3.577924966588375,53533
0.605,3.752457891787808,42718
0.605,3.9269908169872414,33438
0.605,4.101523742186675,27003
0.605,4.276056667386107,22418
0.605,4.4505895925855405,19911
0.605,4.625122517784973,18481
0.605,4.799655442984406,18507
0.605,4.974188368183839,19839
0.605,5.148721293383272,22578
0.605,5.323254218582705,27186
0.605,5.497787143782138,33694
0.605,5.672320068981571,42764
0.605,5.8468529941810035,54249
0.605,6.021385919380437,65926
0.605,6.19591884457987,76486
0.615,0.08726646259971647,82404
0.615,0.2617993877991494,84329
0.615,0.4363323129985824,81857
0.615,0.6108652381980153,76223
0.615,0.7853981633974483,68966
0.615,0.9599310885968811,61696
0.615,1.1344640137963142,56503
0.615,1.308996938995747,53319
0.615,1.4835298641951802,50869
0.615,1.658062789394613,50712
0.615,1.8325957145940461,52642
0.615,2.007128639793479,56063
0.615,2.181661564992912,61532
0.615,2.356194490192345,68366
0.615,2.530727415391778,75697
0.615,2.705260340591211,81362
0.615,2.879793265790644,83773
0.615,3.0543261909900767,81907
0.615,3.2288591161895095,75217
0.615,3.4033920413889422,65014
0.615,3.577924966588375,53462
0.615,3.752457891787808,42627
0.615,3.9269908169872414,33437
0.615,4.101523742186675,26844
0.615,4.276056667386107,22614
0.615,4.4505895925855405,19836
0.615,4.625122517784973,18203
0.615,4.799655442984406,18598
0.615,4.974188368183839,19662
0.615,5.148721293383272,22468
0.615,5.323254218582705,26911
0.615,5.497787143782138,33968
0.615,5.672320068981571,42963
0.615,5.8468529941810035,54101
0.615,6.021385919380437,65743
0.615,6.19591884457987,75919
0.625,0.08726646259971647,80693
0.625,0.2617993877991494,82824
0.625,0.4363323129985824,80803
0.625,0.6108652381980153,75170
0.625,0.7853981633974483,68318
0.625,0.9599310885968811,61976
0.625,1.1344640137963142,56730
0.625,1.308996938995747,53331
0.625,1.4835298641951802,51175
0.625,1.658062789394613,51206
0.625,1.8325957145940461,53255
0.625,2.007128639793479,56082
0.625,2.181661564992912,61006
0.625,2.356194490192345,68369
0.625,2.530727415391778,74955
0.625,2.705260340591211,80465
0.625,2.879793265790644,82875
0.625,3.0543261909900767,80485
0.625,3.2288591161895095,73744
0.625,3.4033920413889422,63710
0.625,3.577924966588375,52897
0.625,3.752457891787808,42101
0.625,3.9269908169872414,33110
0.625,4.101523742186675,26675
0.625,4.276056667386107,22411
0.625,4.4505895925855405,19816
0.625,4.625122517784973,18919
0.625,4.799655442984406,18574
0.625,4.974188368183839,19967
0.625,5.148721293383272,22461
0.625,5.323254218582705,27021
0.625,5.497787143782138,33867
0.625,5.672320068981571,42829
0.625,5.8468529941810035,53019
0.625,6.021385919380437,64524
0.625,6.19591884457987,74321
0.635,0.08726646259971647,78533
0.635,0.2617993877991494,81117
0.635,0.4363323129985824,78359
0.635,0.6108652381980153,73117
0.635,0.7853981633974483,67044
0.635,0.9599310885968811,60535
0.635,1.1344640137963142,55874
0.635,1.308996938995747,52426
0.635,1.4835298641951802,50530
0.635,1.658062789394613,51004
0.635,1.8325957145940461,52122
0.635,2.007128639793479,54985
0.635,2.181661564992912,60312
0.635,2.356194490192345,66487
0.635,2.530727415391778,72837
0.635,2.705260340591211,78687
0.635,2.879793265790644,80407
0.635,3.0543261909900767,78542
0.635,3.2288591161895095,72109
0.635,3.4033920413889422,62422
0.635,3.577924966588375,51907
0.635,3.752457891787808,41140
0.635,3.9269908169872414,32940
0.635,4.101523742186675,26813
0.635,4.276056667386107,22527
0.635,4.4505895925855405,20023
0.635,4.625122517784973,18791
0.635,4.799655442984406,18697
0.635,4.974188368183839,20310
0.635,5.148721293383272,22607
0.635,5.323254218582705,26872
0.635,5.497787143782138,32815
0.635,5.672320068981571,41722
0.635,5.8468529941810035,51908
0.635,6.021385919380437,62630
0.635,6.19591884457987,72138
0.645,0.08726646259971647,75542
0.645,0.2617993877991494,77892
0.645,0.4363323129985824,75994
0.645,0.6108652381980153,70575
0.645,0.7853981633974483,64282
0.645,0.9599310885968811,58576
0.645,1.1344640137963142,54522
0.645,1.308996938995747,52622
0.645,1.4835298641951802,50893
0.645,1.658062789394613,50564
0.645,1.8325957145940461,52001
0.645,2.007128639793479,54438
0.645,2.181661564992912,58943
0.645,2.356194490192345,64168
0.645,2.530727415391778,70568
0.645,2.705260340591211,75586
0.645,2.879793265790644,77999
0.645,3.0543261909900767,75687
0.645,3.2288591161895095,69883
0.645,3.4033920413889422,60187
0.645,3.577924966588375,49255
0.645,3.752457891787808,40147
0.645,3.9269908169872414,32041
0.645,4.101523742186675,26466
0.645,4.276056667386107,22280
0.645,4.4505895925855405,20199
0.645,4.625122517784973,18775
0.645,4.799655442984406,18849
0.645,4.974188368183839,20384
0.645,5.148721293383272,22227
0.645,5.323254218582705,26349
0.645,5.497787143782138,32069
0.645,5.672320068981571,40150
0.645,5.8468529941810035,49974
0.645,6.021385919380437,60142
0.645,6.19591884457987,68821
0.655,0.08726646259971647,71565
0.655,0.2617993877991494,74013
0.655,0.4363323129985824,72316
0.655,0.6108652381980153,67561
0.655,0.7853981633974483,62276
0.655,0.9599310885968811,56631
0.655,1.1344640137963142,53423
0.655,1.308996938995747,51453
0.655,1.4835298641951802,49481
0.655,1.658062789394613,49344
0.655,1.8325957145940461,50644
0.655,2.007128639793479,53139
0.655,2.181661564992912,56654
0.655,2.356194490192345,62392
0.655,2.530727415391778,68215
0.655,2.705260340591211,72371
0.655,2.879793265790644,74096
0.655,3.0543261909900767,71733
0.655,3.2288591161895095,65743
0.655,3.4033920413889422,57498
0.655,3.577924966588375,47424
0.655,3.752457891787808,38459
0.655,3.9269908169872414,30933
0.655,4.101523742186675,25520
0.655,4.276056667386107,21857
0.655,4.4505895925855405,19752
0.655,4.625122517784973,18891
0.655,4.799655442984406,18668
0.655,4.974188368183839,19764
0.655,5.148721293383272,22042
0.655,5.323254218582705,25494
0.655,5.497787143782138,31045
0.655,5.672320068981571,38829
0.655,5.8468529941810035,47515
0.655,6.021385919380437,57375
0.655,6.19591884457987,65759
0.665,0.08726646259971647,66757
0.665,0.2617993877991494,69170
0.665,0.4363323129985824,68157
0.665,0.6108652381980153,64486
0.665,0.7853981633974483,59414
0.665,0.9599310885968811,54755
0.665,1.1344640137963142,51134
0.665,1.308996938995747,49889
0.665,1.4835298641951802,48542
0.665,1.658062789394613,47817
0.665,1.8325957145940461,49040
0.665,2.007128639793479,51020
0.665,2.181661564992912,54593
0.665,2.356194490192345,59015
0.665,2.530727415391778,63740
0.665,2.705260340591211,67596
0.665,2.879793265790644,68798
0.665,3.0543261909900767,67592
0.665,3.2288591161895095,61960
0.665,3.4033920413889422,53789
0.665,3.577924966588375,45345
0.665,3.752457891787808,36427
0.665,3.9269908169872414,30036
0.665,4.101523742186675,24424
0.665,4.276056667386107,21334
0.665,4.4505895925855405,19762
0.665,4.625122517784973,18270
0.665,4.799655442984406,18246
0.665,4.974188368183839,19355
0.665,5.148721293383272,21430
0.665,5.323254218582705,24557
0.665,5.497787143782138,29366
0.665,5.672320068981571,36959
0.665,5.8468529941810035,44806
0.665,6.021385919380437,53296
0.665,6.19591884457987,61006
0.675,0.08726646259971647,61317
0.675,0.2617993877991494,63473
0.675,0.4363323129985824,62942
0.675,0.6108652381980153,60049
0.675,0.7853981633974483,56054
0.675,0.9599310885968811,51675
0.675,1.1344640137963142,49356
0.675,1.308996938995747,47516
0.675,1.4835298641951802,45916
0.675,1.658062789394613,45537
0.675,1.8325957145940461,47411
0.675,2.007128639793479,48513
0.675,2.181661564992912,51277
0.675,2.356194490192345,55064
0.675,2.530727415391778,59372
0.675,2.705260340591211,63041
0.675,2.879793265790644,63909
0.675,3.0543261909900767,61786
0.675,3.2288591161895095,57167
0.675,3.4033920413889422,49897
0.675,3.577924966588375,42034
0.675,3.752457891787808,33967
0.675,3.9269908169872414,28220
0.675,4.101523742186675,23303
0.675,4.276056667386107,19875
0.675,4.4505895925855405,18248
0.675,4.625122517784973,17396
0.675,4.799655442984406,17675
0.675,4.974188368183839,18455
0.675,5.148721293383272,20086
0.675,5.323254218582705,23055
0.675,5.497787143782138,27412
0.675,5.672320068981571,33298
0.675,5.8468529941810035,40732
0.675,6.021385919380437,48816
0.675,6.19591884457987,56136
0.685,0.08726646259971647,54766
0.685,0.2617993877991494,57094
0.685,0.4363323129985824,56715
0.685,0.6108652381980153,54164
0.685,0.7853981633974483,50579
0.685,0.9599310885968811,47898
0.685,1.1344640137963142,45517
0.685,1.308996938995747,44827
0.685,1.4835298641951802,43189
0.685,1.658062789394613,43149
0.685,1.8325957145940461,43913
0.685,2.007128639793479,44975
0.685,2.181661564992912,47382
0.685,2.356194490192345,51320
0.685,2.530727415391778,54596
0.685,2.705260340591211,57310
0.685,2.879793265790644,57582
0.685,3.0543261909900767,55394
0.685,3.2288591161895095,51234
0.685,3.4033920413889422,44398
0.685,3.577924966588375,37431
0.685,3.752457891787808,31266
0.685,3.9269908169872414,25978
0.685,4.101523742186675,21454
0.685,4.276056667386107,18964
0.685,4.4505895925855405,17395
0.685,4.625122517784973,16345
0.685,4.799655442984406,16668
0.685,4.974188368183839,17148
0.685,5.148721293383272,18809
0.685,5.323254218582705,21315
0.685,5.497787143782138,25056
0.685,5.672320068981571,30193
0.685,5.8468529941810035,37149
0.685,6.021385919380437,43787
0.685,6.19591884457987,50539
0.695,0.08726646259971647,47378
0.695,0.2617993877991494,49345
0.695,0.4363323129985824,49641
0.695,0.6108652381980153,48210
0.695,0.7853981633974483,45516
0.695,0.9599310885968811,43161
0.695,1.1344640137963142,41643
0.695,1.308996938995747,41236
0.695,1.4835298641951802,40342
0.695,1.658062789394613,39948
0.695,1.8325957145940461,41076
0.695,2.007128639793479,42298
0.695,2.181661564992912,43643
0.695,2.356194490192345,46093
0.695,2.530727415391778,48728
0.695,2.705260340591211,50424
0.695,2.879793265790644,50366
0.695,3.0543261909900767,48646
0.695,3.2288591161895095,44251
0.695,3.4033920413889422,39307
0.695,3.577924966588375,33287
0.695,3.752457891787808,27475
0.695,3.9269908169872414,23176
0.695,4.101523742186675,19740
0.695,4.276056667386107,17262
0.695,4.4505895925855405,16215
0.695,4.625122517784973,15460
0.695,4.799655442984406,15415
0.695,4.974188368183839,16142
0.695,5.148721293383272,16985
0.695,5.323254218582705,18793
0.695,5.497787143782138,22250
0.695,5.672320068981571,26780
0.695,5.8468529941810035,32491
0.695,6.021385919380437,38579
0.695,6.19591884457987,43235
0.705,0.08726646259971647,39785
0.705,0.2617993877991494,41394
0.705,0.4363323129985824,41984
0.705,0.6108652381980153,40643
0.705,0.7853981633974483,39863
0.705,0.9599310885968811,38346
0.705,1.1344640137963142,37284
0.705,1.308996938995747,37384
0.705,1.4835298641951802,36101
0.705,1.658062789394613,36355
0.705,1.8325957145940461,37088
0.705,2.007128639793479,37577
0.705,2.181661564992912,38399
0.705,2.356194490192345,40328
0.705,2.530727415391778,42250
0.705,2.705260340591211,42733
0.705,2.879793265790644,42159
0.705,3.0543261909900767,40596
0.705,3.2288591161895095,37500
0.705,3.4033920413889422,32756
0.705,3.577924966588375,28277
0.705,3.752457891787808,23517
0.705,3.9269908169872414,19889
0.705,4.101523742186675,17349
0.705,4.276056667386107,15627
0.705,4.4505895925855405,14452
0.705,4.625122517784973,13998
0.705,4.799655442984406,13750
0.705,4.974188368183839,14554
0.705,5.148721293383272,15344
0.705,5.323254218582705,17247
0.705,5.497787143782138,19659
0.705,5.672320068981571,23321
0.705,5.8468529941810035,27444
0.705,6.021385919380437,32268
0.705,6.19591884457987,36490
0.715,0.08726646259971647,32034
0.715,0.2617993877991494,33401
0.715,0.4363323129985824,33828
0.715,0.6108652381980153,33877
0.715,0.7853981633974483,33033
0.715,0.9599310885968811,32773
0.715,1.1344640137963142,32320
0.715,1.308996938995747,32932
0.715,1.4835298641951802,32089
0.715,1.658062789394613,32081
0.715,1.8325957145940461,32908
0.715,2.007128639793479,32975
0.715,2.181661564992912,32763
0.715,2.356194490192345,33897
0.715,2.530727415391778,33996
0.715,2.705260340591211,34482
0.715,2.879793265790644,33690
0.715,3.0543261909900767,31932
0.715,3.2288591161895095,29657
0.715,3.4033920413889422,26520
0.715,3.577924966588375,22679
0.715,3.752457891787808,19545
0.715,3.9269908169872414,16811
0.715,4.101523742186675,14745
0.715,4.276056667386107,13762
0.715,4.4505895925855405,12863
0.715,4.625122517784973,12255
0.715,4.799655442984406,12184
0.715,4.974188368183839,12747
0.715,5.148721293383272,13394
0.715,5.323254218582705,14510
0.715,5.497787143782138,16477
0.715,5.672320068981571,19245
0.715,5.8468529941810035,22693
0.715,6.021385919380437,26238
0.715,6.19591884457987,29505
0.725,0.08726646259971647,24499
0.725,0.2617993877991494,25710
0.725,0.4363323129985824,26427
0.725,0.6108652381980153,26641
0.725,0.7853981633974483,26351
0.725,0.9599310885968811,26413
0.725,1.1344640137963142,27216
0.725,1.308996938995747,27251
0.725,1.4835298641951802,26755
0.725,1.658062789394613,26713
0.725,1.8325957145940461,28021
0.725,2.007128639793479,27546
0.725,2.181661564992912,27235
0.725,2.356194490192345,26902
0.725,2.530727415391778,26595
0.725,2.705260340591211,26150
0.725,2.879793265790644,25533
0.725,3.0543261909900767,24198
0.725,3.2288591161895095,22168
0.725,3.4033920413889422,19896
0.725,3.577924966588375,17327
0.725,3.752457891787808,15258
0.725,3.9269908169872414,13437
0.725,4.101523742186675,12323
0.725,4.276056667386107,11520
0.725,4.4505895925855405,10981
0.725,4.625122517784973,10565
0.725,4.799655442984406,10339
0.725,4.974188368183839,10839
0.725,5.148721293383272,11301
0.725,5.323254218582705,11746
0.725,5.497787143782138,13312
0.725,5.672320068981571,15223
0.725,5.8468529941810035,17643
0.725,6.021385919380437,20301
0.725,6.19591884457987,22437
0.735,0.08726646259971647,16936
0.735,0.2617993877991494,18172
0.735,0.4363323129985824,18883
0.735,0.6108652381980153,19571
0.735,0.7853981633974483,20327
0.735,0.9599310885968811,20715
0.735,1.1344640137963142,21572
0.735,1.308996938995747,21895
0.735,1.4835298641951802,21406
0.735,1.658062789394613,21305
0.735,1.8325957145940461,22529
0.735,2.007128639793479,22548
0.735,2.181661564992912,20896
0.735,2.356194490192345,20215
0.735,2.530727415391778,19676
0.735,2.705260340591211,18813
0.735,2.879793265790644,18146
0.735,3.0543261909900767,17065
0.735,3.2288591161895095,15740
0.735,3.4033920413889422,13903
0.735,3.577924966588375,12397
0.735,3.752457891787808,11191
0.735,3.9269908169872414,10120
0.735,4.101523742186675,9521
0.735,4.276056667386107,9135
0.735,4.4505895925855405,9105
0.735,4.625122517784973,8376
0.735,4.799655442984406,8594
0.735,4.974188368183839,8976
0.735,5.148721293383272,8993
0.735,5.323254218582705,9455
0.735,5.497787143782138,10141
0.735,5.672320068981571,11142
0.735,5.8468529941810035,12785
0.735,6.021385919380437,14343
0.735,6.19591884457987,15438
0.745,0.08726646259971647,10490
0.745,0.2617993877991494,11302
0.745,0.4363323129985824,12079
0.745,0.6108652381980153,12930
0.745,0.7853981633974483,13947
0.745,0.9599310885968811,15145
0.745,1.1344640137963142,16347
0.745,1.308996938995747,16293
0.745,1.4835298641951802,15770
0.745,1.658062789394613,15975
0.745,1.8325957145940461,16511
0.745,2.007128639793479,16533
0.745,2.181661564992912,15194
0.745,2.356194490192345,14169
0.745,2.530727415391778,13005
0.745,2.705260340591211,12339
0.745,2.879793265790644,11500
0.745,3.0543261909900767,10757
0.745,3.2288591161895095,9899
0.745,3.4033920413889422,8968
0.745,3.577924966588375,7981
0.745,3.752457891787808,7398
0.745,3.9269908169872414,7003
0.745,4.101523742186675,6756
0.745,4.276056667386107,6721
0.745,4.4505895925855405,6816
0.745,4.625122517784973,6282
0.745,4.799655442984406,6224
0.745,4.974188368183839,6665
0.745,5.148721293383272,6865
0.745,5.323254218582705,6955
0.745,5.497787143782138,7068
0.745,5.672320068981571,7571
0.745,5.8468529941810035,8265
0.745,6.021385919380437,8744
0.745,6.19591884457987,9928
0.755,0.08726646259971647,5786
0.755,0.2617993877991494,6518
0.755,0.4363323129985824,7042
0.755,0.6108652381980153,7753
0.755,0.7853981633974483,8631
0.755,0.9599310885968811,9831
0.755,1.1344640137963142,10779
0.755,1.308996938995747,10400
0.755,1.4835298641951802,9889
0.755,1.658062789394613,9852
0.755,1.8325957145940461,10690
0.755,2.007128639793479,10859
0.755,2.181661564992912,9933
0.755,2.356194490192345,8793
0.755,2.530727415391778,7793
0.755,2.705260340591211,7155
0.755,2.879793265790644,6538
0.755,3.0543261909900767,5828
0.755,3.2288591161895095,5459
0.755,3.4033920413889422,4923
0.755,3.577924966588375,4644
0.755,3.752457891787808,4414
0.755,3.9269908169872414,4396
0.755,4.101523742186675,4580
0.755,4.276056667386107,4472
0.755,4.4505895925855405,4209
0.755,4.625122517784973,3905
0.755,4.799655442984406,4008
0.755,4.974188368183839,4227
0.755,5.148721293383272,4435
0.755,5.323254218582705,4331
0.755,5.497787143782138,4382
0.755,5.672320068981571,4381
0.755,5.8468529941810035,4583
0.755,6.021385919380437,4773
0.755,6.19591884457987,5301
0.765,0.08726646259971647,2949
0.765,0.2617993877991494,3237
0.765,0.4363323129985824,3671
0.765,0.6108652381980153,4229
0.765,0.7853981633974483,4620
0.765,0.9599310885968811,5289
0.765,1.1344640137963142,5733
0.765,1.308996938995747,4769
0.765,1.4835298641951802,3621
0.765,1.658062789394613,3522
0.765,1.8325957145940461,4407
0.765,2.007128639793479,5341
0.765,2.181661564992912,5223
0.765,2.356194490192345,4629
0.765,2.530727415391778,4041
0.765,2.705260340591211,3730
0.765,2.879793265790644,3397
0.765,3.0543261909900767,2922
0.765,3.2288591161895095,2651
0.765,3.4033920413889422,2473
0.765,3.577924966588375,2174
0.765,3.752457891787808,2201
0.765,3.9269908169872414,2440
0.765,4.101523742186675,2542
0.765,4.276056667386107,2253
0.765,4.4505895925855405,1821
0.765,4.625122517784973,1452
0.765,4.799655442984406,1436
0.765,4.974188368183839,1765
0.765,5.148721293383272,2290
0.765,5.323254218582705,2362
0.765,5.497787143782138,2278
0.765,5.672320068981571,2309
0.765,5.8468529941810035,2453
0.765,6.021385919380437,2414
0.765,6.19591884457987,2709
0.775,0.08726646259971647,1922
0.775,0.2617993877991494,1944
0.775,0.4363323129985824,1888
0.775,0.6108652381980153,2029
0.775,0.7853981633974483,2024
0.775,0.9599310885968811,1989
0.775,1.1344640137963142,1269
0.775,1.308996938995747,448
0.775,1.4835298641951802,172
0.775,1.658062789394613,145
0.775,1.8325957145940461,477
0.775,2.007128639793479,1308
0.775,2.181661564992912,1907
0.775,2.356194490192345,1932
0.775,2.530727415391778,1825
0.775,2.705260340591211,1881
0.775,2.879793265790644,1936
0.775,3.0543261909900767,1767
0.775,3.2288591161895095,1671
0.775,3.4033920413889422,1474
0.775,3.577924966588375,1202
0.775,3.752457891787808,967
0.775,3.9269908169872414,937
0.775,4.101523742186675,889
0.775,4.276056667386107,533
0.775,4.4505895925855405,161
0.775,4.625122517784973,65
0.775,4.799655442984406,54
0.775,4.974188368183839,161
0.775,5.148721293383272,506
0.775,5.323254218582705,864
0.775,5.497787143782138,843
0.775,5.672320068981571,1041
0.775,5.8468529941810035,1206
0.775,6.021385919380437,1484
0.775,6.19591884457987,1665
0.785,0.08726646259971647,1467
0.785,0.2617993877991494,1404
0.785,0.4363323129985824,1126
0.785,0.6108652381980153,775
0.785,0.7853981633974483,407
0.785,0.9599310885968811,137
0.785,1.1344640137963142,18
0.785,1.308996938995747,0
0.785,1.4835298641951802,2
0.785,1.658062789394613,0
0.785,1.8325957145940461,1
0.785,2.007128639793479,18
0.785,2.181661564992912,164
0.785,2.356194490192345,413
0.785,2.530727415391778,700
0.785,2.705260340591211,1112
0.785,2.879793265790644,1407
0.785,3.0543261909900767,1579
0.785,3.2288591161895095,1388
0.785,3.4033920413889422,1054
0.785,3.577924966588375,683
0.785,3.752457891787808,378
0.785,3.9269908169872414,196
0.785,4.101523742186675,69
0.785,4.276056667386107,10
0.785,4.4505895925855405,0
0.785,4.625122517784973,0
0.785,4.799655442984406,0
0.785,4.974188368183839,0
0.785,5.148721293383272,5
0.785,5.323254218582705,56
0.785,5.497787143782138,196
0.785,5.672320068981571,394
0.785,5.8468529941810035,698
0.785,6.021385919380437,1029
0.785,6.19591884457987,1383
0.795,0.08726646259971647,1277
0.795,0.2617993877991494,1273
0.795,0.4363323129985824,780
0.795,0.6108652381980153,289
0.795,0.7853981633974483,20
0.795,0.9599310885968811,0
0.795,1.1344640137963142,1
0.795,1.308996938995747,1
0.795,1.4835298641951802,0
0.795,1.658062789394613,0
0.795,1.8325957145940461,0
0.795,2.007128639793479,0
0.795,2.181661564992912,1
0.795,2.356194490192345,24
0.795,2.530727415391778,289
0.795,2.705260340591211,816
0.795,2.879793265790644,1176
0.795,3.0543261909900767,1301
0.795,3.2288591161895095,1197
0.795,3.4033920413889422,910
0.795,3.577924966588375,514
0.795,3.752457891787808,196
0.795,3.9269908169872414,10
0.795,4.101523742186675,0
0.795,4.276056667386107,0
0.795,4.4505895925855405,0
0.795,4.625122517784973,0
0.795,4.799655442984406,0
0.795,4.974188368183839,0
0.795,5.148721293383272,0
0.795,5.323254218582705,1
0.795,5.497787143782138,13
0.795,5.672320068981571,169
0.795,5.8468529941810035,470
0.795,6.021385919380437,872
0.795,6.19591884457987,1253
0.805,0.08726646259971647,1093
0.805,0.2617993877991494,940
0.805,0.4363323129985824,589
0.805,0.6108652381980153,157
0.805,0.7853981633974483,7
0.805,0.9599310885968811,0
0.805,1.1344640137963142,0
0.805,1.308996938995747,0
0.805,1.4835298641951802,0
0.805,1.658062789394613,0
0.805,1.8325957145940461,0
0.805,2.007128639793479,0
0.805,2.181661564992912,0
0.805,2.356194490192345,7
0.805,2.530727415391778,221
0.805,2.705260340591211,638
0.805,2.879793265790644,1030
0.805,3.0543261909900767,1127
0.805,3.2288591161895095,959
0.805,3.4033920413889422,769
0.805,3.577924966588375,439
0.805,3.752457891787808,130
0.805,3.9269908169872414,6
0.805,4.101523742186675,0
0.805,4.276056667386107,0
0.805,4.4505895925855405,0
0.805,4.625122517784973,0
0.805,4.799655442984406,0
0.805,4.974188368183839,0
0.805,5.148721293383272,0
0.805,5.323254218582705,0
0.805,5.497787143782138,4
0.805,5.672320068981571,120
0.805,5.8468529941810035,396
0.805,6.021385919380437,736
0.805,6.19591884457987,1004
0.815,0.08726646259971647,846
0.815,0.2617993877991494,775
0.815,0.4363323129985824,422
0.815,0.6108652381980153,154
0.815,0.7853981633974483,7
0.815,0.9599310885968811,0
0.815,1.1344640137963142,0
0.815,1.308996938995747,0
0.815,1.4835298641951802,0
0.815,1.658062789394613,0
0.815,1.8325957145940461,0
0.815,2.007128639793479,0
0.815,2.181661564992912,0
0.815,2.356194490192345,9
0.815,2.530727415391778,177
0.815,2.705260340591211,500
0.815,2.879793265790644,803
0.815,3.0543261909900767,890
0.815,3.2288591161895095,802
0.815,3.4033920413889422,622
0.815,3.577924966588375,352
0.815,3.752457891787808,124
0.815,3.9269908169872414,1
0.815,4.101523742186675,0
0.815,4.276056667386107,0
0.815,4.4505895925855405,1
0.815,4.625122517784973,0
0.815,4.799655442984406,0
0.815,4.974188368183839,0
0.815,5.148721293383272,0
0.815,5.323254218582705,0
0.815,5.497787143782138,2
0.815,5.672320068981571,91
0.815,5.8468529941810035,300
0.815,6.021385919380437,613
0.815,6.19591884457987,821
0.825,0.08726646259971647,685
0.825,0.2617993877991494,515
0.825,0.4363323129985824,348
0.825,0.6108652381980153,99
0.825,0.7853981633974483,5
0.825,0.9599310885968811,0
0.825,1.1344640137963142,0
0.825,1.308996938995747,0
0.825,1.4835298641951802,0
0.825,1.658062789394613,1
0.825,1.8325957145940461,0
0.825,2.007128639793479,0
0.825,2.181661564992912,0
0.825,2.356194490192345,5
0.825,2.530727415391778,98
0.825,2.705260340591211,306
0.825,2.879793265790644,576
0.825,3.0543261909900767,628
0.825,3.2288591161895095,618
0.825,3.4033920413889422,427
0.825,3.577924966588375,287
0.825,3.752457891787808,79
0.825,3.9269908169872414,9
0.825,4.101523742186675,1
0.825,4.276056667386107,0
0.825,4.4505895925855405,0
0.825,4.625122517784973,0
0.825,4.799655442984406,0
0.825,4.974188368183839,0
0.825,5.148721293383272,1
0.825,5.323254218582705,0
0.825,5.497787143782138,4
0.825,5.672320068981571,61
0.825,5.8468529941810035,194
0.825,6.021385919380437,413
0.825,6.19591884457987,656
0.835,0.08726646259971647,384
0.835,0.2617993877991494,355
0.835,0.4363323129985824,208
0.835,0.6108652381980153,97
0.835,0.7853981633974483,34
0.835,0.9599310885968811,14
0.835,1.1344640137963142,3
0.835,1.308996938995747,0
0.835,1.4835298641951802,0
0.835,1.658062789394613,0
0.835,1.8325957145940461,0
0.835,2.007128639793479,2
0.835,2.181661564992912,11
0.835,2.356194490192345,41
0.835,2.530727415391778,86
0.835,2.705260340591211,153
0.835,2.879793265790644,318
0.835,3.0543261909900767,376
0.835,3.2288591161895095,391
0.835,3.4033920413889422,273
0.835,3.577924966588375,130
0.835,3.752457891787808,59
0.835,3.9269908169872414,22
0.835,4.101523742186675,3
0.835,4.276056667386107,0
0.835,4.4505895925855405,1
0.835,4.625122517784973,0
0.835,4.799655442984406,0
0.835,4.974188368183839,0
0.835,5.148721293383272,1
0.835,5.323254218582705,5
0.835,5.497787143782138,20
0.835,5.672320068981571,57
0.835,5.8468529941810035,129
0.835,6.021385919380437,232
0.835,6.19591884457987,340
0.845,0.08726646259971647,226
0.845,0.2617993877991494,202
0.845,0.4363323129985824,139
0.845,0.6108652381980153,123
0.845,0.7853981633974483,100
0.845,0.9599310885968811,104
0.845,1.1344640137963142,77
0.845,1.308996938995747,33
0.845,1.4835298641951802,26
0.845,1.658062789394613,20
0.845,1.8325957145940461,49
0.845,2.007128639793479,104
0.845,2.181661564992912,114
0.845,2.356194490192345,126
0.845,2.530727415391778,139
0.845,2.705260340591211,171
0.845,2.879793265790644,206
0.845,3.0543261909900767,232
0.845,3.2288591161895095,228
0.845,3.4033920413889422,174
0.845,3.577924966588375,110
0.845,3.752457891787808,70
0.845,3.9269908169872414,63
0.845,4.101523742186675,40
0.845,4.276056667386107,43
0.845,4.4505895925855405,23
0.845,4.625122517784973,9
0.845,4.799655442984406,13
0.845,4.974188368183839,23
0.845,5.148721293383272,40
0.845,5.323254218582705,48
0.845,5.497787143782138,60
0.845,5.672320068981571,82
0.845,5.8468529941810035,118
0.845,6.021385919380437,161
0.845,6.19591884457987,195
0.855,0.08726646259971647,173
0.855,0.2617993877991494,208
0.855,0.4363323129985824,240
0.855,0.6108652381980153,186
0.855,0.7853981633974483,223
0.855,0.9599310885968811,238
0.855,1.1344640137963142,251
0.855,1.308996938995747,219
0.855,1.4835298641951802,179
0.855,1.658062789394613,201
0.855,1.8325957145940461,213
0.855,2.007128639793479,247
0.855,2.181661564992912,204
0.855,2.356194490192345,204
0.855,2.530727415391778,212
0.855,2.705260340591211,211
0.855,2.879793265790644,162
0.855,3.0543261909900767,202
0.855,3.2288591161895095,171
0.855,3.4033920413889422,160
0.855,3.577924966588375,121
0.855,3.752457891787808,93
0.855,3.9269908169872414,93
0.855,4.101523742186675,82
0.855,4.276056667386107,127
0.855,4.4505895925855405,108
0.855,4.625122517784973,111
0.855,4.799655442984406,130
0.855,4.974188368183839,105
0.855,5.148721293383272,116
0.855,5.323254218582705,116
0.855,5.497787143782138,123
0.855,5.672320068981571,125
0.855,5.8468529941810035,131
0.855,6.021385919380437,150
0.855,6.19591884457987,184
0.865,0.08726646259971647,275
0.865,0.2617993877991494,304
0.865,0.4363323129985824,303
0.865,0.6108652381980153,369
0.865,0.7853981633974483,349
0.865,0.9599310885968811,428
0.865,1.1344640137963142,449
0.865,1.308996938995747,469
0.865,1.4835298641951802,435
0.865,1.658062789394613,431
0.865,1.8325957145940461,418
0.865,2.007128639793479,378
0.865,2.181661564992912,339
0.865,2.356194490192345,302
0.865,2.530727415391778,311
0.865,2.705260340591211,279
0.865,2.879793265790644,289
0.865,3.0543261909900767,243
0.865,3.2288591161895095,231
0.865,3.4033920413889422,220
0.865,3.577924966588375,189
0.865,3.752457891787808,206
0.865,3.9269908169872414,193
0.865,4.101523742186675,184
0.865,4.276056667386107,194
0.865,4.4505895925855405,202
0.865,4.625122517784973,221
0.865,4.799655442984406,223
0.865,4.974188368183839,215
0.865,5.148721293383272,191
0.865,5.323254218582705,205
0.865,5.497787143782138,174
0.865,5.672320068981571,194
0.865,5.8468529941810035,219
0.865,6.021385919380437,228
0.865,6.19591884457987,268
0.875,0.08726646259971647,414
0.875,0.2617993877991494,487
0.875,0.4363323129985824,479
0.875,0.6108652381980153,497
0.875,0.7853981633974483,560
0.875,0.9599310885968811,577
0.875,1.1344640137963142,570
0.875,1.308996938995747,599
0.875,1.4835298641951802,614
0.875,1.658062789394613,615
0.875,1.8325957145940461,567
0.875,2.007128639793479,533
0.875,2.181661564992912,514
0.875,2.356194490192345,490
0.875,2.530727415391778,466
0.875,2.705260340591211,439
0.875,2.879793265790644,465
0.875,3.0543261909900767,414
0.875,3.2288591161895095,395
0.875,3.4033920413889422,330
0.875,3.577924966588375,296
0.875,3.752457891787808,263
0.875,3.9269908169872414,248
0.875,4.101523742186675,251
0.875,4.276056667386107,244
0.875,4.4505895925855405,244
0.875,4.625122517784973,254
0.875,4.799655442984406,276
0.875,4.974188368183839,268
0.875,5.148721293383272,299
0.875,5.323254218582705,278
0.875,5.497787143782138,277
0.875,5.672320068981571,318
0.875,5.8468529941810035,287
0.875,6.021385919380437,339
0.875,6.19591884457987,414
0.885,0.08726646259971647,628
0.885,0.2617993877991494,690
0.885,0.4363323129985824,726
0.885,0.6108652381980153,797
0.885,0.7853981633974483,729
0.885,0.9599310885968811,708
0.885,1.1344640137963142,670
0.885,1.308996938995747,649
0.885,1.4835298641951802,610
0.885,1.658062789394613,625
0.885,1.8325957145940461,648
0.885,2.007128639793479,656
0.885,2.181661564992912,626
0.885,2.356194490192345,690
0.885,2.530727415391778,721
0.885,2.705260340591211,663
0.885,2.879793265790644,632
0.885,3.0543261909900767,636
0.885,3.2288591161895095,590
0.885,3.4033920413889422,505
0.885,3.577924966588375,420
0.885,3.752457891787808,378
0.885,3.9269908169872414,332
0.885,4.101523742186675,344
0.885,4.276056667386107,293
0.885,4.4505895925855405,309
0.885,4.625122517784973,271
0.885,4.799655442984406,306
0.885,4.974188368183839,272
0.885,5.148721293383272,324
0.885,5.323254218582705,328
0.885,5.497787143782138,349
0.885,5.672320068981571,417
0.885,5.8468529941810035,487
0.885,6.021385919380437,504
0.885,6.19591884457987,586
0.895,0.08726646259971647,928
0.895,0.2617993877991494,884
0.895,0.4363323129985824,834
0.895,0.6108652381980153,884
0.895,0.7853981633974483,810
0.895,0.9599310885968811,806
0.895,1.1344640137963142,719
0.895,1.308996938995747,685
0.895,1.4835298641951802,698
0.895,1.658062789394613,662
0.895,1.8325957145940461,739
0.895,2.007128639793479,712
0.895,2.181661564992912,679
0.895,2.356194490192345,787
0.895,2.530727415391778,782
0.895,2.705260340591211,855
0.895,2.879793265790644,860
0.895,3.0543261909900767,820
0.895,3.2288591161895095,717
0.895,3.4033920413889422,721
0.895,3.577924966588375,554
0.895,3.752457891787808,467
0.895,3.9269908169872414,472
0.895,4.101523742186675,415
0.895,4.276056667386107,372
0.895,4.4505895925855405,351
0.895,4.625122517784973,295
0.895,4.799655442984406,312
0.895,4.974188368183839,289
0.895,5.148721293383272,320
0.895,5.323254218582705,410
0.895,5.497787143782138,465
0.895,5.672320068981571,517
0.895,5.8468529941810035,666
0.895,6.021385919380437,781
0.895,6.19591884457987,916
0.905,0.08726646259971647,1196
0.905,0.2617993877991494,1056
0.905,0.4363323129985824,1056
0.905,0.6108652381980153,1001
0.905,0.7853981633974483,907
0.905,0.9599310885968811,842
0.905,1.1344640137963142,763
0.905,1.308996938995747,780
0.905,1.4835298641951802,703
0.905,1.658062789394613,735
0.905,1.8325957145940461,764
0.905,2.007128639793479,840
0.905,2.181661564992912,890
0.905,2.356194490192345,860
0.905,2.530727415391778,984
0.905,2.705260340591211,1055
0.905,2.879793265790644,1107
0.905,3.0543261909900767,1015
0.905,3.2288591161895095,927
0.905,3.4033920413889422,815
0.905,3.577924966588375,714
0.905,3.752457891787808,653
0.905,3.9269908169872414,549
0.905,4.101523742186675,451
0.905,4.276056667386107,384
0.905,4.4505895925855405,301
0.905,4.625122517784973,330
0.905,4.799655442984406,298
0.905,4.974188368183839,356
0.905,5.148721293383272,348
0.905,5.323254218582705,493
0.905,5.497787143782138,534
0.905,5.672320068981571,647
0.905,5.8468529941810035,741
0.905,6.021385919380437,938
0.905,6.19591884457987,1051
0.915,0.08726646259971647,1249
0.915,0.2617993877991494,1221
0.915,0.4363323129985824,1232
0.915,0.6108652381980153,1144
0.915,0.7853981633974483,1021
0.915,0.9599310885968811,933
0.915,1.1344640137963142,829
0.915,1.308996938995747,798
0.915,1.4835298641951802,792
0.915,1.658062789394613,743
0.915,1.8325957145940461,743
0.915,2.007128639793479,801
0.915,2.181661564992912,978
0.915,2.356194490192345,1046
0.915,2.530727415391778,1071
0.915,2.705260340591211,1139
0.915,2.879793265790644,1211
0.915,3.0543261909900767,1180
0.915,3.2288591161895095,1129
0.915,3.4033920413889422,985
0.915,3.577924966588375,781
0.915,3.752457891787808,651
0.915,3.9269908169872414,579
0.915,4.101523742186675,428
0.915,4.276056667386107,357
0.915,4.4505895925855405,362
0.915,4.625122517784973,331
0.915,4.799655442984406,285
0.915,4.974188368183839,331
0.915,5.148721293383272,333
0.915,5.323254218582705,379
0.915,5.497787143782138,498
0.915,5.672320068981571,619
0.915,5.8468529941810035,837
0.915,6.021385919380437,1032
0.915,6.19591884457987,1170
0.925,0.08726646259971647,1387
0.925,0.2617993877991494,1408
0.925,0.4363323129985824,1359
0.925,0.6108652381980153,1186
0.925,0.7853981633974483,983
0.925,0.9599310885968811,952
0.925,1.1344640137963142,805
0.925,1.308996938995747,772
0.925,1.4835298641951802,794
0.925,1.658062789394613,715
0.925,1.8325957145940461,745
0.925,2.007128639793479,830
0.925,2.181661564992912,982
0.925,2.356194490192345,1097
0.925,2.530727415391778,1196
0.925,2.705260340591211,1283
0.925,2.879793265790644,1253
0.925,3.0543261909900767,1274
0.925,3.2288591161895095,1152
0.925,3.4033920413889422,998
0.925,3.577924966588375,822
0.925,3.752457891787808,637
0.925,3.9269908169872414,503
0.925,4.101523742186675,399
0.925,4.276056667386107,383
0.925,4.4505895925855405,324
0.925,4.625122517784973,310
0.925,4.799655442984406,339
0.925,4.974188368183839,320
0.925,5.148721293383272,370
0.925,5.323254218582705,442
0.925,5.497787143782138,572
0.925,5.672320068981571,682
0.925,5.8468529941810035,946
0.925,6.021385919380437,1070
0.925,6.19591884457987,1242
0.935,0.08726646259971647,1486
0.935,0.2617993877991494,1466
0.935,0.4363323129985824,1463
0.935,0.6108652381980153,1306
0.935,0.7853981633974483,1094
0.935,0.9599310885968811,994
0.935,1.1344640137963142,940
0.935,1.308996938995747,830
0.935,1.4835298641951802,807
0.935,1.658062789394613,798
0.935,1.8325957145940461,772
0.935,2.007128639793479,873
0.935,2.181661564992912,1012
0.935,2.356194490192345,1074
0.935,2.530727415391778,1246
0.935,2.705260340591211,1378
0.935,2.879793265790644,1426
0.935,3.0543261909900767,1417
0.935,3.2288591161895095,1237
0.935,3.4033920413889422,1010
0.935,3.577924966588375,820
0.935,3.752457891787808,629
0.935,3.9269908169872414,493
0.935,4.101523742186675,383
0.935,4.276056667386107,357
0.935,4.4505895925855405,343
0.935,4.625122517784973,312
0.935,4.799655442984406,304
0.935,4.974188368183839,318
0.935,5.148721293383272,326
0.935,5.323254218582705,413
0.935,5.497787143782138,524
0.935,5.672320068981571,740
0.935,5.8468529941810035,918
0.935,6.021385919380437,1129
0.935,6.19591884457987,1309
0.945,0.08726646259971647,1515
0.945,0.2617993877991494,1500
0.945,0.4363323129985824,1363
0.945,0.6108652381980153,1271
0.945,0.7853981633974483,1095
0.945,0.9599310885968811,974
0.945,1.1344640137963142,918
0.945,1.308996938995747,893
0.945,1.4835298641951802,821
0.945,1.658062789394613,827
0.945,1.8325957145940461,866
0.945,2.007128639793479,906
0.945,2.181661564992912,1036
0.945,2.356194490192345,1144
0.945,2.530727415391778,1258
0.945,2.705260340591211,1429
0.945,2.879793265790644,1356
0.945,3.0543261909900767,1400
0.945,3.2288591161895095,1275
0.945,3.4033920413889422,1039
0.945,3.577924966588375,834
0.945,3.752457891787808,720
0.945,3.9269908169872414,567
0.945,4.101523742186675,443
0.945,4.276056667386107,332
0.945,4.4505895925855405,286
0.945,4.625122517784973,256
0.945,4.799655442984406,241
0.945,4.974188368183839,294
0.945,5.148721293383272,327
0.945,5.323254218582705,406
0.945,5.497787143782138,572
0.945,5.672320068981571,753
0.945,5.8468529941810035,931
0.945,6.021385919380437,1160
0.945,6.19591884457987,1360
0.955,0.08726646259971647,1482
0.955,0.2617993877991494,1544
0.955,0.4363323129985824,1502
0.955,0.6108652381980153,1356
0.955,0.7853981633974483,1120
0.955,0.9599310885968811,999
0.955,1.1344640137963142,935
0.955,1.308996938995747,886
0.955,1.4835298641951802,789
0.955,1.658062789394613,860
0.955,1.8325957145940461,899
0.955,2.007128639793479,973
0.955,2.181661564992912,1094
0.955,2.356194490192345,1270
0.955,2.530727415391778,1344
0.955,2.705260340591211,1437
0.955,2.879793265790644,1444
0.955,3.0543261909900767,1441
0.955,3.2288591161895095,1275
0.955,3.4033920413889422,1103
0.955,3.577924966588375,883
0.955,3.752457891787808,732
0.955,3.9269908169872414,562
0.955,4.101523742186675,419
0.955,4.276056667386107,352
0.955,4.4505895925855405,281
0.955,4.625122517784973,278
0.955,4.799655442984406,305
0.955,4.974188368183839,324
0.955,5.148721293383272,356
0.955,5.323254218582705,440
0.955,5.497787143782138,570
0.955,5.672320068981571,746
0.955,5.8468529941810035,1026
0.955,6.021385919380437,1227
0.955,6.19591884457987,1430
0.965,0.08726646259971647,1517
0.965,0.2617993877991494,1561
0.965,0.4363323129985824,1542
0.965,0.6108652381980153,1407
0.965,0.7853981633974483,1273
0.965,0.9599310885968811,1137
0.965,1.1344640137963142,983
0.965,1.308996938995747,972
0.965,1.4835298641951802,855
0.965,1.658062789394613,847
0.965,1.8325957145940461,844
0.965,2.007128639793479,1091
0.965,2.181661564992912,1175
0.965,2.356194490192345,1356
0.965,2.530727415391778,1380
0.965,2.705260340591211,1520
0.965,2.879793265790644,1651
0.965,3.0543261909900767,1577
0.965,3.2288591161895095,1390
0.965,3.4033920413889422,1220
0.965,3.577924966588375,934
0.965,3.752457891787808,742
0.965,3.9269908169872414,619
0.965,4.101523742186675,451
0.965,4.276056667386107,353
0.965,4.4505895925855405,323
0.965,4.625122517784973,298
0.965,4.799655442984406,330
0.965,4.974188368183839,361
0.965,5.148721293383272,377
0.965,5.323254218582705,422
0.965,5.497787143782138,553
0.965,5.672320068981571,749
0.965,5.8468529941810035,984
0.965,6.021385919380437,1260
0.965,6.19591884457987,1424
0.975,0.08726646259971647,1658
0.975,0.2617993877991494,1700
0.975,0.4363323129985824,1485
0.975,0.6108652381980153,1334
0.975,0.7853981633974483,1142
0.975,0.9599310885968811,1038
0.975,1.1344640137963142,1031
0.975,1.308996938995747,944
0.975,1.4835298641951802,899
0.975,1.658062789394613,844
0.975,1.8325957145940461,862
0.975,2.007128639793479,1043
0.975,2.181661564992912,1150
0.975,2.356194490192345,1345
0.975,2.530727415391778,1532
0.975,2.705260340591211,1696
0.975,2.879793265790644,1720
0.975,3.0543261909900767,1643
0.975,3.2288591161895095,1485
0.975,3.4033920413889422,1281
0.975,3.577924966588375,1097
0.975,3.752457891787808,770
0.975,3.9269908169872414,590
0.975,4.101523742186675,458
0.975,4.276056667386107,402
0.975,4.4505895925855405,339
0.975,4.625122517784973,345
0.975,4.799655442984406,338
0.975,4.974188368183839,381
0.975,5.148721293383272,434
0.975,5.323254218582705,475
0.975,5.497787143782138,622
0.975,5.672320068981571,855
0.975,5.8468529941810035,1083
0.975,6.021385919380437,1435
0.975,6.19591884457987,1499
0.985,0.08726646259971647,1744
0.985,0.2617993877991494,1754
0.985,0.4363323129985824,1609
0.985,0.6108652381980153,1398
0.985,0.7853981633974483,1220
0.985,0.9599310885968811,1105
0.985,1.1344640137963142,1033
0.985,1.308996938995747,951
0.985,1.4835298641951802,819
0.985,1.658062789394613,867
0.985,1.8325957145940461,879
0.985,2.007128639793479,1091
0.985,2.181661564992912,1168
0.985,2.356194490192345,1378
0.985,2.530727415391778,1607
0.985,2.705260340591211,1662
0.985,2.879793265790644,1662
0.985,3.0543261909900767,1755
0.985,3.2288591161895095,1552
0.985,3.4033920413889422,1333
0.985,3.577924966588375,1094
0.985,3.752457891787808,831
0.985,3.9269908169872414,692
0.985,4.101523742186675,494
0.985,4.276056667386107,423
0.985,4.4505895925855405,345
0.985,4.625122517784973,389
0.985,4.799655442984406,363
0.985,4.974188368183839,345
0.985,5.148721293383272,430
0.985,5.323254218582705,528
0.985,5.497787143782138,730
0.985,5.672320068981571,895
0.985,5.8468529941810035,1114
0.985,6.021385919380437,1393
0.985,6.19591884457987,1602
0.995,0.08726646259971647,1734
0.995,0.2617993877991494,1839
0.995,0.4363323129985824,1641
0.995,0.6108652381980153,1500
0.995,0.7853981633974483,1403
0.995,0.9599310885968811,1152
0.995,1.1344640137963142,1035
0.995,1.308996938995747,949
0.995,1.4835298641951802,856
0.995,1.658062789394613,904
0.995,1.8325957145940461,954
0.995,2.007128639793479,1050
0.995,2.181661564992912,1194
0.995,2.356194490192345,1432
0.995,2.530727415391778,1611
0.995,2.705260340591211,1759
0.995,2.879793265790644,1853
0.995,3.0543261909900767,1784
0.995,3.2288591161895095,1698
0.995,3.4033920413889422,1439
0.995,3.577924966588375,1088
0.995,3.752457891787808,872
0.995,3.9269908169872414,744
0.995,4.101523742186675,558
0.995,4.276056667386107,459
0.995,4.4505895925855405,403
0.995,4.625122517784973,414
0.995,4.799655442984406,412
0.995,4.974188368183839,414
0.995,5.148721293383272,434
0.995,5.323254218582705,560
0.995,5.497787143782138,728
0.995,5.672320068981571,932
0.995,5.8468529941810035,1195
0.995,6.021385919380437,1484
0.995,6.19591884457987,1643
