combo_id,trial_id,device_id,m,l,beta_pe,abs_delta_alpha_e_over_p,f,x0,y0,phi0,x_end,y_end,phi_end,T,steps,status,pass_direction
28,57,2,6,0.07680000000000001,0.5,5.0,10.0,-0.06654992699623108,-0.1261989672885603,3.20441185247872,0.9338538227490907,0.03264736291511421,6.79572093618306,0.0693704,173426,ok,right
28,921,2,6,0.07680000000000001,0.5,5.0,10.0,0.5878116101026535,-0.03839410077165839,4.367076523134793,1.5878949649158218,0.3351654174380587,-0.6966660777179968,0.07921439999999999,198036,ok,right
28,842,2,6,0.07680000000000001,0.5,5.0,10.0,0.2168596485629678,0.12511533165602784,4.960025867523601,1.2169982029318671,0.03083153899494287,3.131793706121492,0.0914628,228657,ok,right
28,658,2,6,0.07680000000000001,0.5,5.0,10.0,0.3148530151695013,-0.3856318859403782,0.026609389987900578,-1.1578335728337223,0.019186574878388353,7.501633932730236,0.09713999999999999,242850,ok,left
28,454,2,6,0.07680000000000001,0.5,5.0,10.0,0.6243498550727964,-0.15095621894847436,1.061289218338716,1.6244884334299643,-0.12007671139567243,1.5282784123853368,0.10375319999999999,259383,ok,right
28,894,2,6,0.07680000000000001,0.5,5.0,10.0,0.3425663495436311,0.007972830020873298,4.987441929558345,1.3428719923626413,0.13527193597184087,9.734264270242,0.1114124,278531,ok,right
28,256,2,6,0.07680000000000001,0.5,5.0,10.0,0.0012909388169646263,0.05058604072154185,2.7942839100322736,1.001924940453122,-0.11879320912756931,6.325869093496638,0.1127,281750,ok,right
28,39,2,6,0.07680000000000001,0.5,5.0,10.0,0.6600536921992899,0.062117470343572866,1.5197772211643612,1.6600627446070075,0.2514565283453131,-1.0077190938210336,0.1228648,307162,ok,right
28,458,2,6,0.07680000000000001,0.5,5.0,10.0,0.26568649504333736,0.15025143697914906,5.10919147707569,1.2661696079831706,0.25782834106421154,13.526704191705518,0.1351484,337871,ok,right
28,840,2,6,0.07680000000000001,0.5,5.0,10.0,-0.09040619917213917,-0.27238890018181594,4.009824309300396,0.9097104348861375,0.00664354095608894,-2.7751484401292346,0.13229,330725,ok,right
28,987,2,6,0.07680000000000001,0.5,5.0,10.0,-0.09369705859571696,-0.031650178636740335,3.7051998170389884,0.9068121464776493,-0.025452654629936396,22.116034679311273,0.143868,359670,ok,right
28,799,2,6,0.07680000000000001,0.5,5.0,10.0,0.6341308657079936,-0.35113150796534975,0.2893847406645832,1.6342400021666883,-0.11684634429211037,-0.6300361699013493,0.1514856,378714,ok,right
28,904,2,6,0.07680000000000001,0.5,5.0,10.0,0.025417722389101984,0.0649668975047328,0.2967342801738327,1.0261232536148686,0.004450487693039356,-0.9607587653955886,0.156942,392355,ok,right
28,814,2,6,0.07680000000000001,0.5,5.0,10.0,0.4924109533429146,0.2774490397728508,4.867470907140852,1.4929690214789548,-0.09205914794703672,9.341856480506047,0.17477679999999998,436942,ok,right
28,366,2,6,0.07680000000000001,0.5,5.0,10.0,0.4352443505078554,0.19690067223821991,1.4288668835267502,1.4353182202620138,-0.08536346758195995,0.30260988429340674,0.1765832,441458,ok,right
28,315,2,6,0.07680000000000001,0.5,5.0,10.0,0.5581791615113616,-0.2837331661672715,2.2145521811702067,1.5586100901353754,0.42249150151578857,-7.239142584150917,0.1836632,459158,ok,right
28,444,2,6,0.07680000000000001,0.5,5.0,10.0,0.6409190906211735,0.5480479398521956,5.67350616768766,1.6413636638223914,-0.3727732044312097,-13.152694495089323,0.1830764,457691,ok,right
28,797,2,6,0.07680000000000001,0.5,5.0,10.0,-0.07969890888780357,0.20789621917765114,3.9761286670216442,0.920427747777336,0.06962166133479863,-9.26448975226819,0.18783919999999998,469598,ok,right
28,478,2,6,0.07680000000000001,0.5,5.0,10.0,0.6551466578617693,-0.32837060858988676,3.3940299308556505,1.65578592388456,-0.32732930176895875,0.6291024628584728,0.1922596,480649,ok,right
28,746,2,6,0.07680000000000001,0.5,5.0,10.0,0.23892282228916883,-0.43932013959953736,5.265343569368543,1.239197873851775,0.27906974804093587,-5.9388587269661715,0.20048919999999998,501223,ok,right
28,110,2,6,0.07680000000000001,0.5,5.0,10.0,0.6137037007138133,0.20798656741891272,4.977823181744604,1.6137488126466881,0.06247879282232483,11.73218245536489,0.20791679999999998,519792,ok,right
28,247,2,6,0.07680000000000001,0.5,5.0,10.0,-0.003680374287068844,0.178581531211882,0.13460136184128357,0.9975676359566342,-0.00607862215394823,-9.11665089548873,0.2061004,515251,ok,right
28,304,2,6,0.07680000000000001,0.5,5.0,10.0,0.3005454258993268,-0.8872180258289384,0.465267472417766,1.301271620455633,-0.09554911091408223,-21.5080430421197,0.2064376,516094,ok,right
28,998,2,6,0.07680000000000001,0.5,5.0,10.0,0.4914878956973553,-0.0935526754099494,4.679191300790939,1.491894563139728,-0.1996629113101033,3.3243008416292934,0.2071124,517781,ok,right
28,330,2,6,0.07680000000000001,0.5,5.0,10.0,-0.05294950269162655,-0.35953596112307545,1.4388991982814998,0.9473445145983763,-0.09415072720969668,-11.835585166499667,0.2094636,523659,ok,right
28,553,2,6,0.07680000000000001,0.5,5.0,10.0,0.1517467087134719,0.2083126747578919,2.112312692862282,1.1519020676112728,-0.048038955060144314,5.925110515229794,0.21077279999999998,526932,ok,right
28,815,2,6,0.07680000000000001,0.5,5.0,10.0,0.3408487780019641,-0.14857802063294312,3.0726951090790875,1.3408980304979758,0.3981126823158084,31.12092783710396,0.2110872,527718,ok,right
28,143,2,6,0.07680000000000001,0.5,5.0,10.0,0.5496093967929483,-0.7374401117142819,0.39164649751151065,1.5498126785201454,-0.0492791187301897,-6.382542624102281,0.21423799999999998,535595,ok,right
28,425,2,6,0.07680000000000001,0.5,5.0,10.0,-0.0715940611436963,0.06590760695043324,4.014992699396018,0.9290098506482538,-0.0480886304836272,-6.565177697366466,0.214408,536020,ok,right
28,221,2,6,0.07680000000000001,0.5,5.0,10.0,0.6279233785346151,0.38376182798948594,5.598576666687469,1.6285101350858444,0.2536493206854117,13.297861497466648,0.2185532,546383,ok,right
28,391,2,6,0.07680000000000001,0.5,5.0,10.0,0.5948126740753651,-0.1447384545115745,1.6131300702338058,1.5948324086060304,0.3731210042442086,17.68454241544593,0.2198552,549638,ok,right
28,64,2,6,0.07680000000000001,0.5,5.0,10.0,0.6715588571503759,-0.2727210039093069,5.022571913274604,1.6716171556153816,0.18152474105693656,-5.710901982639031,0.2230152,557538,ok,right
28,317,2,6,0.07680000000000001,0.5,5.0,10.0,-0.05418392959982157,0.007058173819097936,5.367902949584106,0.9463091673877294,-0.016862029575219088,18.646722124932662,0.2201632,550408,ok,right
28,889,2,6,0.07680000000000001,0.5,5.0,10.0,0.21946132741868496,-0.2650158298669651,2.26827369148103,1.2198569593443418,0.05081552805749828,5.556499338686854,0.22060079999999999,551502,ok,right
28,413,2,6,0.07680000000000001,0.5,5.0,10.0,0.35086515061557294,-0.022553861331617818,0.692353567259404,1.3511421230928706,0.1411225080913143,9.203604490196787,0.2255612,563903,ok,right
28,30,2,6,0.07680000000000001,0.5,5.0,10.0,0.4687589583918452,0.07813971428290012,5.125049444686551,1.4690572349207287,-0.2548978283294455,31.61013867091848,0.23184079999999999,579602,ok,right
28,69,2,6,0.07680000000000001,0.5,5.0,10.0,0.058574373275041586,0.16876227709563252,1.82570863616149,1.0588985957868786,-0.05238761430496592,21.975637079668918,0.23060999999999998,576525,ok,right
28,356,2,6,0.07680000000000001,0.5,5.0,10.0,0.4458333564922214,0.35666497381941353,1.0616655861988051,1.4468111590222874,0.03362775930314308,4.3647828624889,0.2410028,602507,ok,right
28,37,2,6,0.07680000000000001,0.5,5.0,10.0,-0.059483791887760165,-0.21043636185671077,2.9022047548086425,0.9406765589762565,-0.062237598316818576,3.0251418029545696,0.24572239999999998,614306,ok,right
28,911,2,6,0.07680000000000001,0.5,5.0,10.0,-0.041096217930316925,0.2982289114722153,1.125529959594874,0.958985538510514,-0.06974021006549512,-3.5013093693692423,0.2499368,624842,ok,right
28,974,2,6,0.07680000000000001,0.5,5.0,10.0,-0.0016172420233488084,-0.8085293407713179,1.6615858771383747,1.0001318765068004,0.020797923920868377,5.8798823546420405,0.2551304,637826,ok,right
28,467,2,6,0.07680000000000001,0.5,5.0,10.0,0.6870592935010791,0.21250473704177214,5.432618978295038,1.6871690955276775,-0.2173186050333809,-5.5597476331447275,0.2591976,647994,ok,right
28,808,2,6,0.07680000000000001,0.5,5.0,10.0,0.2946729870513082,0.6484132019150332,0.7173417148589087,1.294695826779502,0.2195742693913974,-8.510387233018877,0.2582788,645697,ok,right
28,857,2,6,0.07680000000000001,0.5,5.0,10.0,0.633942853473127,0.20645355707447818,0.5357922689843372,1.6347130788151847,-0.4184677593592723,2.2569173008867733,0.25623239999999997,640581,ok,right
28,353,2,6,0.07680000000000001,0.5,5.0,10.0,0.4434928070753813,0.7822470070735129,6.038936873320497,1.4443015891972522,-0.13595355812492496,-16.715984107709193,0.2619364,654841,ok,right
28,680,2,6,0.07680000000000001,0.5,5.0,10.0,0.5943843280896545,0.04733518476596133,0.045781934978499084,1.594950607379393,-0.47329101966270287,15.92331747182546,0.2611392,652848,ok,right
28,820,2,6,0.07680000000000001,0.5,5.0,10.0,0.5420629503205419,0.39967676930493573,1.6334105664721639,1.5424345724273882,0.05261965893523304,31.707669426333,0.2650064,662516,ok,right
28,947,2,6,0.07680000000000001,0.5,5.0,10.0,0.10047417636960745,0.318184090315082,2.082737047752235,1.101593199130275,-0.09303233241951062,-0.6941803493960557,0.2710804,677701,ok,right
28,486,2,6,0.07680000000000001,0.5,5.0,10.0,0.6532761307433248,-0.11899734917601633,3.485077696480546,1.6532762787314002,0.08893040709608693,-3.811583968698512,0.2799492,699873,ok,right
28,702,2,6,0.07680000000000001,0.5,5.0,10.0,0.584306076541543,-0.3600267944529726,4.909296996062484,1.585836538221078,-0.5258988471052167,15.880974339368882,0.28202079999999996,705052,ok,right
28,459,2,6,0.07680000000000001,0.5,5.0,10.0,-0.038980355486273766,-0.2615199155120431,5.094433755523066,0.9616063423939758,-0.10329928446223227,18.217076256313966,0.2871756,717939,ok,right
28,976,2,6,0.07680000000000001,0.5,5.0,10.0,0.3933388223871589,-0.24810841709170836,3.380725805668292,1.393790235087041,0.3206552532252719,-6.602674713858866,0.293626,734065,ok,right
28,2,2,6,0.07680000000000001,0.5,5.0,10.0,-0.02179123442620039,0.2679947441255246,0.943098738385106,0.9787121173480646,0.059135779529058095,14.64471239419998,0.2966612,741653,ok,right
28,661,2,6,0.07680000000000001,0.5,5.0,10.0,0.6012636322528124,0.6537968277446545,0.46733651110438934,1.6015704022408044,-0.1074908735643116,-15.443616083716478,0.2989204,747301,ok,right
28,354,2,6,0.07680000000000001,0.5,5.0,10.0,-0.06232705097645522,-0.2090027996147389,4.994837937197464,0.937723498606423,0.0722569038766674,9.59599267736454,0.3026816,756704,ok,right
28,392,2,6,0.07680000000000001,0.5,5.0,10.0,-0.020368684083223343,0.46935531392917107,5.08006685838699,0.9802957683843194,-0.018044882884184744,-5.948752240546699,0.307816,769540,ok,right
28,630,2,6,0.07680000000000001,0.5,5.0,10.0,0.4018409246578813,-0.4002672902340464,2.807374024933816,1.4020945557982958,0.2858206641235123,1.0435682137227007,0.306664,766660,ok,right
28,695,2,6,0.07680000000000001,0.5,5.0,10.0,-0.04042388070374728,0.45615535242336247,0.8878750906242285,0.9600398773722681,-0.08439397625777657,9.433189409643878,0.31644839999999996,791121,ok,right
28,216,2,6,0.07680000000000001,0.5,5.0,10.0,0.19454233534634113,-0.10176334015347535,1.5130600499386462,1.1948677819907367,0.28708719035152674,3.5127922345729155,0.3203204,800801,ok,right
28,493,2,6,0.07680000000000001,0.5,5.0,10.0,0.4104283582419157,-0.368293155764436,2.0563196087084328,1.4111323695095996,-0.5521945864540586,24.605389833787083,0.3276848,819212,ok,right
28,881,2,6,0.07680000000000001,0.5,5.0,10.0,0.6460293605923653,-0.10808502138996086,5.3427573817588465,1.6468724042946812,0.14704446456899592,2.089574750286445,0.332652,831630,ok,right
28,959,2,6,0.07680000000000001,0.5,5.0,10.0,0.03033537566661835,-0.48905608309729165,0.6896421363745671,1.0306374081256329,0.13431875104570373,6.008416392789395,0.3321148,830287,ok,right
28,60,2,6,0.07680000000000001,0.5,5.0,10.0,-0.024200313538312913,-0.7357414538890733,4.2174812486911515,0.9768026253029454,-0.14265682066241206,-16.003234522075946,0.34504599999999996,862615,ok,right
28,484,2,6,0.07680000000000001,0.5,5.0,10.0,0.09021706506609917,-0.1990043968894445,1.9363575890887996,1.0902630957777073,-0.06742378994578742,-12.423606325213186,0.3461996,865499,ok,right
28,874,2,6,0.07680000000000001,0.5,5.0,10.0,0.39603301435709004,0.02196788554300919,4.752807992273059,1.3962127595504399,-0.023925351835491705,-9.963788077178549,0.346782,866955,ok,right
28,237,2,6,0.07680000000000001,0.5,5.0,10.0,0.5140095666050911,-0.6086358364334941,0.25547205985959104,1.5143021887844368,0.07000726159064177,-6.262136737891248,0.3538376,884594,ok,right
28,422,2,6,0.07680000000000001,0.5,5.0,10.0,0.5355934411287308,-0.3183918845076666,3.547283802494551,1.5356841718744254,-0.5846743588087917,-12.56251236087505,0.35598959999999996,889974,ok,right
28,690,2,6,0.07680000000000001,0.5,5.0,10.0,0.4034293495118618,-0.8058019001346268,6.228211022582828,1.4042341107318943,0.23152678830445492,-3.4666263090611382,0.35218279999999996,880457,ok,right
28,764,2,6,0.07680000000000001,0.5,5.0,10.0,0.5736916868016124,0.5013574619082245,2.0028640978661265,1.5743143998184743,-0.16670352198605748,1.2111283800613362,0.3542632,885658,ok,right
28,988,2,6,0.07680000000000001,0.5,5.0,10.0,0.6401263944804669,-0.12029302817855794,0.38271134352076774,1.6416962454688755,-0.003912421558949627,3.1626774863866243,0.3523864,880966,ok,right
28,325,2,6,0.07680000000000001,0.5,5.0,10.0,0.08065965436398984,0.8150730487829158,0.9027696623114961,1.0807544869118044,0.10946028405110377,-33.77150174797488,0.359286,898215,ok,right
28,927,2,6,0.07680000000000001,0.5,5.0,10.0,0.5123269505798816,-0.5985535916703365,4.666272530169431,1.5128614748174452,0.11632920646560718,-0.16289666413970608,0.3575028,893757,ok,right
28,176,2,6,0.07680000000000001,0.5,5.0,10.0,-0.09656373579055072,0.1113282282843832,4.141382912718578,0.9040321925890604,0.03958076512850436,19.639241074359834,0.36110159999999997,902754,ok,right
28,571,2,6,0.07680000000000001,0.5,5.0,10.0,-0.05619297455996275,-0.07356738094816957,4.06180756864609,0.944159011976542,0.03103170835649798,-19.259386160067976,0.36264559999999996,906614,ok,right
28,917,2,6,0.07680000000000001,0.5,5.0,10.0,0.6436668464913965,0.15885470017998835,1.7525527390047324,1.643773926595008,-0.12067077730029414,16.418136625112087,0.3637736,909434,ok,right
28,198,2,6,0.07680000000000001,0.5,5.0,10.0,0.6993470281362534,0.24697142709977343,5.543698118375655,1.699519157512898,-0.0603350431016213,-6.015712606644638,0.3711388,927847,ok,right
28,308,2,6,0.07680000000000001,0.5,5.0,10.0,0.6199289837852121,-0.4137866241562281,3.2114116653290217,1.6202177506229631,0.15695550088671906,13.35077605419271,0.36818599999999996,920465,ok,right
28,890,2,6,0.07680000000000001,0.5,5.0,10.0,0.6950767759233714,-0.09253947149532318,3.4937537398840073,1.695172910229266,-0.2333840630842769,-30.456560721490508,0.3688412,922103,ok,right
28,38,2,6,0.07680000000000001,0.5,5.0,10.0,-0.09516182076185942,0.10078178771732331,4.642034645958551,0.9049343711035133,0.015245281264467288,-0.037782776337096174,0.3721524,930381,ok,right
28,622,2,6,0.07680000000000001,0.5,5.0,10.0,0.05696090422570706,-0.03618489796502753,4.1765055540489975,1.0580076403215462,-0.033294185191650984,-4.360764529755872,0.3798976,949744,ok,right
28,228,2,6,0.07680000000000001,0.5,5.0,10.0,0.08314678259193897,0.8139405256399486,0.5311947051344915,1.083431423772963,0.01707168581196042,-18.88320373175812,0.3815152,953788,ok,right
28,367,2,6,0.07680000000000001,0.5,5.0,10.0,0.26266862358897924,1.5958782311968551,2.00731246455274,1.2627778513689694,0.043915323372074946,15.692819259865496,0.38586319999999996,964658,ok,right
28,676,2,6,0.07680000000000001,0.5,5.0,10.0,0.6656455740332604,-0.02456584774717114,1.3314015698537904,1.6663061028642414,-0.08497840940251175,-19.16735891118349,0.3871384,967846,ok,right
28,896,2,6,0.07680000000000001,0.5,5.0,10.0,0.1202077167108655,0.35407269630281085,0.7729879967270503,1.1202904571921677,-0.08888909903491471,-16.648538204655935,0.39089399999999996,977235,ok,right
28,794,2,6,0.07680000000000001,0.5,5.0,10.0,0.3514945808798075,0.13282403479951704,3.084116498197217,1.351570689271325,-0.11137275549120913,21.828307730149298,0.39554039999999996,988851,ok,right
28,263,2,6,0.07680000000000001,0.5,5.0,10.0,0.5605746099725366,-0.5191839092730983,5.666721988962243,1.56091088069485,0.22131775547437302,-9.592832159697751,0.3983792,995948,ok,right
28,294,2,6,0.07680000000000001,0.5,5.0,10.0,0.35037817452102904,-0.8438213037078603,0.09879518520458976,1.3504267427782308,0.22964594414333017,14.925043153723372,0.3981144,995286,ok,right
28,678,2,6,0.07680000000000001,0.5,5.0,10.0,-0.033890897035598756,-0.32621522241411316,4.481528316979977,0.9663727470037009,-0.08772617951652828,2.5253893651276824,0.39884719999999996,997118,ok,right
28,329,2,6,0.07680000000000001,0.5,5.0,10.0,0.2783060174435377,-0.28898388134849556,6.196488289180793,1.2783360189910105,0.022885417139055866,43.89223412378778,0.4052588,1013147,ok,right
28,725,2,6,0.07680000000000001,0.5,5.0,10.0,-0.09763301964849234,0.22936041292318016,0.4211490918072694,0.9025106942022255,-0.015463420452894536,40.15911043972185,0.4077936,1019484,ok,right
28,856,2,6,0.07680000000000001,0.5,5.0,10.0,0.694406782463193,0.1906710381481204,4.12762327726596,1.6948474553777044,0.12347993287996842,24.570175195834807,0.4060204,1015051,ok,right
28,407,2,6,0.07680000000000001,0.5,5.0,10.0,-0.0591941025108099,-0.1532353393488839,3.8317944790147984,0.9414324366494393,-0.0178187731737151,12.221739911018878,0.4116932,1029233,ok,right
28,929,2,6,0.07680000000000001,0.5,5.0,10.0,0.019576330669224262,-0.12250592429240202,3.197467845564388,1.019643648221945,-0.004341573682257075,-27.28701499419269,0.408516,1021290,ok,right
28,873,2,6,0.07680000000000001,0.5,5.0,10.0,0.5697584703564644,-0.2451812111362744,2.084994131391685,-1.0144382278493507,0.3917494987722997,8.594861002244038,0.4134604,1033651,ok,left
28,582,2,6,0.07680000000000001,0.5,5.0,10.0,0.6880142509937287,-0.2581402868518337,4.235316949882554,1.6880676794313885,-0.2857279718177625,7.396260361194924,0.4177836,1044459,ok,right
28,554,2,6,0.07680000000000001,0.5,5.0,10.0,0.13012977894395591,0.3672565344736988,4.6133232738318,1.1313673942699352,0.23566493240369643,-6.870438978860772,0.4308128,1077032,ok,right
28,303,2,6,0.07680000000000001,0.5,5.0,10.0,0.6301833663135767,0.1959103754350245,1.7999189411171739,1.6307864455920913,-0.42766537627672696,-24.365712352113054,0.4329416,1082354,ok,right
28,743,2,6,0.07680000000000001,0.5,5.0,10.0,0.6036923632025719,-0.5958790253216875,2.783184716917758,1.6043210629067461,0.12639747820619013,22.77954957722249,0.4333568,1083392,ok,right
28,125,2,6,0.07680000000000001,0.5,5.0,10.0,0.2623655214905739,-0.5261275463228451,3.8203340153547716,1.2631865062142629,0.16243600597354005,0.8384149321645452,0.4399764,1099941,ok,right
28,623,2,6,0.07680000000000001,0.5,5.0,10.0,0.696108871139586,-0.08221061701392207,3.9328515828030906,1.696165072282296,0.05897113847044872,-14.945206131131172,0.438336,1095840,ok,right
28,150,2,6,0.07680000000000001,0.5,5.0,10.0,-0.03079017773270607,0.08005052034772484,4.427016708021231,0.9692138821600684,-0.044204303626302614,0.18748346651475745,0.44357199999999997,1108930,ok,right
28,235,2,6,0.07680000000000001,0.5,5.0,10.0,0.6885207442566753,0.03683834595109141,0.014574344771388347,1.688832537143852,0.0778772583109232,-6.998818573837888,0.441612,1104030,ok,right
28,475,2,6,0.07680000000000001,0.5,5.0,10.0,0.3965011347085238,-0.7798702851297564,5.181865211062703,1.3970465705507489,-0.22535347184032267,-25.23811651636701,0.45333239999999997,1133331,ok,right
28,728,2,6,0.07680000000000001,0.5,5.0,10.0,0.5234731847420335,-0.5216238423298797,2.563591309582344,1.5235372509355354,0.07892873701702499,24.712783246025467,0.45990759999999997,1149769,ok,right
28,977,2,6,0.07680000000000001,0.5,5.0,10.0,0.38344605825841427,1.4032331447769095,0.550867192138253,1.3834599877298188,0.007450297272257355,-8.523636642746371,0.45875479999999996,1146887,ok,right
28,61,2,6,0.07680000000000001,0.5,5.0,10.0,0.5631842840462923,-0.6845530554669275,5.601030473309793,1.5632870009656308,0.014470186222474235,3.264649195855205,0.46239199999999997,1155980,ok,right
28,327,2,6,0.07680000000000001,0.5,5.0,10.0,0.12620598394423724,-1.1909660210638098,0.8560634030254652,2.605044308851273,0.4752179188592486,-19.812239846912846,0.4634856,1158714,ok,right
28,819,2,6,0.07680000000000001,0.5,5.0,10.0,0.4787771373987198,-0.6254162412142684,4.19395139927562,1.4790045257756734,-0.04347714234305424,-4.351001708965461,0.4659676,1164919,ok,right
28,411,2,6,0.07680000000000001,0.5,5.0,10.0,0.6619617553427816,-0.356462168190473,3.926006115124742,1.6619748820792202,-0.43487884816637395,26.442017365174287,0.4724256,1181064,ok,right
28,729,2,6,0.07680000000000001,0.5,5.0,10.0,0.03751155622303486,-0.25520551830116656,1.1131969428352224,1.0376688765918065,-0.03637390329059568,53.37080350693315,0.47881759999999995,1197044,ok,right
28,802,2,6,0.07680000000000001,0.5,5.0,10.0,-0.013162380829453469,-0.3614851280992096,1.8039080948928694,0.9870918042240431,-0.026916648038635527,24.52569480553882,0.4835624,1208906,ok,right
28,187,2,6,0.07680000000000001,0.5,5.0,10.0,0.4860812205821276,-0.6715544808667935,1.255636981085985,1.4867501681052424,-0.17069041128671064,10.032750739608579,0.48408199999999996,1210205,ok,right
28,52,2,6,0.07680000000000001,0.5,5.0,10.0,0.3207058927044273,-0.9925234174018953,1.5113604302512353,1.3208709827262413,-0.4533184378144019,-5.333251654905413,0.49140039999999996,1228501,ok,right
28,424,2,6,0.07680000000000001,0.5,5.0,10.0,0.044031066447496416,0.19662175020103392,1.2485970535590316,1.0447947500436052,-0.0033791788047135276,22.305955821257633,0.48808199999999996,1220205,ok,right
28,59,2,6,0.07680000000000001,0.5,5.0,10.0,0.2245519407093525,0.036374917998906346,3.183813566546003,1.2259194510670859,-0.2877468451832706,-30.739292393847176,0.49825159999999996,1245629,ok,right
28,473,2,6,0.07680000000000001,0.5,5.0,10.0,0.6969426844269038,0.08793307003425406,6.167456208838114,1.6976252826004299,-0.21919386887962788,26.50631675881123,0.4980864,1245216,ok,right
28,525,2,6,0.07680000000000001,0.5,5.0,10.0,0.3036825405433774,1.1872797792784362,5.749411296069505,1.3039018764083412,0.09426247776929927,12.451843304465056,0.4986328,1246582,ok,right
28,469,2,6,0.07680000000000001,0.5,5.0,10.0,0.5769029594957829,-0.7866034970123307,0.2668806352782645,1.5769949032497548,-0.03606734771115806,7.129268087585103,0.5014796,1253699,ok,right
28,25,2,6,0.07680000000000001,0.5,5.0,10.0,0.03322945274412632,-1.1463014045962574,3.695385311768306,1.0338425427655094,-0.031322420547069026,-35.65749041428273,0.5058239999999999,1264560,ok,right
28,207,2,6,0.07680000000000001,0.5,5.0,10.0,0.3244109131395817,1.7611616468440052,0.023465140160131674,1.3247676301225184,0.05554801743140119,28.004951054227107,0.5065448,1266362,ok,right
28,880,2,6,0.07680000000000001,0.5,5.0,10.0,0.35995968580245974,-0.3301537469524453,3.5508356022812686,1.3600825809713022,-0.08942204372398393,2.6181886665865073,0.5073648,1268412,ok,right
28,891,2,6,0.07680000000000001,0.5,5.0,10.0,-0.07538009658455849,0.30206380436015945,1.1795575050532896,0.9247595599175235,-0.06022620679015256,-19.11079344278796,0.5117352,1279338,ok,right
28,899,2,6,0.07680000000000001,0.5,5.0,10.0,0.07499246560037136,0.8163165202566619,0.5340630354462479,1.0756575631044707,-0.05558717307639342,15.546754151292124,0.5127771999999999,1281943,ok,right
28,380,2,6,0.07680000000000001,0.5,5.0,10.0,0.15763286147266628,-0.7128217138262576,0.26560811013534164,1.1577526018726059,0.13326091332109596,18.454512269612724,0.5184172,1296043,ok,right
28,505,2,6,0.07680000000000001,0.5,5.0,10.0,0.4232406517490745,0.6083936062771225,2.498347670688616,1.423843536444746,0.09947689029783026,21.92533658957595,0.5193668,1298417,ok,right
28,659,2,6,0.07680000000000001,0.5,5.0,10.0,0.03214605506509543,-0.6586060099067901,4.995442646088875,1.0333233763633447,-0.14839072653200858,25.094446123425325,0.5187708,1296927,ok,right
28,232,2,6,0.07680000000000001,0.5,5.0,10.0,0.15294100288301707,-0.23259918529806692,5.164886806198275,1.1532480395165676,-0.1900793473690542,19.646931473576814,0.524784,1311960,ok,right
28,343,2,6,0.07680000000000001,0.5,5.0,10.0,0.24954238645732404,1.4926520149512021,4.247965420056392,1.2501119397856206,0.004463257476458642,9.542863401548587,0.5267984,1316996,ok,right
28,529,2,6,0.07680000000000001,0.5,5.0,10.0,0.08544801697134972,-0.03430731704361012,5.217475378620545,1.0857509423825134,0.08613628594975206,-28.664045891434686,0.5259588,1314897,ok,right
28,535,2,6,0.07680000000000001,0.5,5.0,10.0,0.23504243213683368,-0.7513259592674438,4.015964754331722,1.235089440325301,0.12287344538628833,44.681387144857545,0.5256183999999999,1314046,ok,right
28,807,2,6,0.07680000000000001,0.5,5.0,10.0,0.6117522731423378,-0.19604786058795243,4.441735236535594,1.6121764019205027,-0.04991013718876937,28.308371358064214,0.5340579999999999,1335145,ok,right
28,981,2,6,0.07680000000000001,0.5,5.0,10.0,0.04759760554879904,-0.9578244684081881,2.7195994039228175,1.0477390452405915,0.02388027264004558,-31.29465909502109,0.5348303999999999,1337076,ok,right
28,632,2,6,0.07680000000000001,0.5,5.0,10.0,0.6395412955433131,-0.5365639149513324,5.776309572879272,1.639663182492625,0.07408025529406699,8.404670056558563,0.5378444,1344611,ok,right
28,130,2,6,0.07680000000000001,0.5,5.0,10.0,0.317015115916729,-0.27056253531467805,0.9865168274256478,1.317330900899693,0.04222762604713712,25.595603189844773,0.5413323999999999,1353331,ok,right
28,683,2,6,0.07680000000000001,0.5,5.0,10.0,-0.01802546698600054,-0.8882479265057026,6.079270114321878,0.9821949696138434,0.042543278125648835,-21.91823899923114,0.5413036,1353259,ok,right
28,804,2,6,0.07680000000000001,0.5,5.0,10.0,0.3336864894255996,1.2380544722694233,0.3000458176098019,1.334239631628683,0.010399534771037942,-23.331793798094463,0.540372,1350930,ok,right
28,257,2,6,0.07680000000000001,0.5,5.0,10.0,-0.028373834118247034,0.47113773839056355,0.25197927565110906,0.9719235112997362,-0.060837358447546674,-6.21135073002301,0.5464344,1366086,ok,right
28,331,2,6,0.07680000000000001,0.5,5.0,10.0,0.4496399722993374,0.6754805439478824,2.968000918842974,1.4498674156102251,-0.07362159373475256,-4.100115147940412,0.5479995999999999,1369999,ok,right
28,236,2,6,0.07680000000000001,0.5,5.0,10.0,0.47975957132875924,-0.82216773340204,1.699338104938768,1.4798010099063554,0.28018324571342146,-19.38610433822309,0.5507268,1376817,ok,right
28,732,2,6,0.07680000000000001,0.5,5.0,10.0,0.5730503333732486,0.38029530673886375,4.25377480672638,1.5730879095712111,-0.15928728458653715,-21.31228880425445,0.55014,1375350,ok,right
28,472,2,6,0.07680000000000001,0.5,5.0,10.0,0.5419339407235384,-0.41360913726439374,1.7605164466336922,1.5428617940369513,0.2570925388312384,-0.24904342761787443,0.5545152,1386288,ok,right
28,742,2,6,0.07680000000000001,0.5,5.0,10.0,-0.04908225201070309,-0.4845493883365405,5.8723299945495375,0.9510163513954939,0.09567689112027249,0.19569192860348553,0.555022,1387555,ok,right
28,173,2,6,0.07680000000000001,0.5,5.0,10.0,-0.03548170141875744,0.6814060052720523,3.5894010442981554,0.9650060358818014,-0.03897110797228507,43.63136172303699,0.5563984,1390996,ok,right
28,985,2,6,0.07680000000000001,0.5,5.0,10.0,0.4146068157628179,0.07348404645963033,5.44769068302918,1.414971981445299,-0.10837612811374278,21.719144895526465,0.5635888,1408972,ok,right
28,379,2,6,0.07680000000000001,0.5,5.0,10.0,0.2319535268470645,-1.0257359377214597,4.1543297508863555,1.2321541634116444,-0.12045380403198758,3.7186090999356862,0.5675492,1418873,ok,right
28,909,2,6,0.07680000000000001,0.5,5.0,10.0,0.4728848496451974,-0.7246389701886066,5.957317525478476,1.4743844568902738,0.6205510101937846,19.089086167253786,0.5663104,1415776,ok,right
28,151,2,6,0.07680000000000001,0.5,5.0,10.0,0.06339904796332121,0.3183384166677656,6.181656538121685,1.0638827964920596,0.04804529395485251,-5.855189990823382,0.570838,1427095,ok,right
28,439,2,6,0.07680000000000001,0.5,5.0,10.0,0.6487917110323906,0.10828897910183802,4.769776891095806,1.6499757679742812,0.2805781343510008,15.760673847165236,0.5738208,1434552,ok,right
28,876,2,6,0.07680000000000001,0.5,5.0,10.0,-0.08388384636491537,-0.15624493546079626,2.0338615311136423,0.9167806125121228,0.010108815474951054,-3.9369046461629575,0.5790744,1447686,ok,right
28,450,2,6,0.07680000000000001,0.5,5.0,10.0,0.1755477236583829,0.4906320971279945,4.701060294922325,1.1759223205638238,-0.35755266402837405,1.5804359679032602,0.5838407999999999,1459602,ok,right
28,986,2,6,0.07680000000000001,0.5,5.0,10.0,0.6974657515063882,-0.28112695442719693,2.6698390939490313,1.6975272505580914,0.16725730666574368,10.575618332298452,0.5830088,1457522,ok,right
28,345,2,6,0.07680000000000001,0.5,5.0,10.0,0.5209801154211163,-0.45203040030769814,3.696186455447728,1.5211663083765643,0.02904974118927001,50.55892922247849,0.5850023999999999,1462506,ok,right
28,845,2,6,0.07680000000000001,0.5,5.0,10.0,0.2521110609173775,-1.023408493437431,4.458368091372189,1.2521445202567678,0.05650528416635164,-41.18453515480888,0.5844804,1461201,ok,right
28,451,2,6,0.07680000000000001,0.5,5.0,10.0,0.0880406115204096,0.03432863199946503,5.466328060402184,1.0893192610649953,-0.07375897543764219,20.76029745524098,0.5912883999999999,1478221,ok,right
28,706,2,6,0.07680000000000001,0.5,5.0,10.0,0.2194837436079979,-1.204082782537966,3.3057153087457247,1.2194949768214862,0.01718674236081087,15.358389495894087,0.5911,1477750,ok,right
28,95,2,6,0.07680000000000001,0.5,5.0,10.0,0.39264727700501684,0.18184698050202755,3.0948019268767832,1.3930062534448255,0.2818394054640932,10.04911197350155,0.6030099999999999,1507525,ok,right
28,76,2,6,0.07680000000000001,0.5,5.0,10.0,0.6728793997317553,-0.21041284939101929,2.245870038827542,1.6730307438117715,0.2414843981729054,-17.9833441211893,0.6073908,1518477,ok,right
28,893,2,6,0.07680000000000001,0.5,5.0,10.0,0.01412152647972107,0.3289634258652999,0.6034931611353831,1.0148339848397334,0.04463649671256792,6.111921077729466,0.606536,1516340,ok,right
28,482,2,6,0.07680000000000001,0.5,5.0,10.0,0.200203618966043,1.1046171289077058,1.5729591648629264,1.2002787876808263,0.03945187934671354,-18.924728923914234,0.6103872,1525968,ok,right
28,754,2,6,0.07680000000000001,0.5,5.0,10.0,0.04303229115903378,-0.7759356066341613,4.972940214280838,1.0431889758048858,0.019922433148036156,15.81637245534244,0.6082183999999999,1520546,ok,right
28,397,2,6,0.07680000000000001,0.5,5.0,10.0,0.13957611974328757,0.6500708031113573,2.8114112516605143,1.1404950426592908,-0.07853319488718198,6.4580645839957285,0.6122036,1530509,ok,right
28,720,2,6,0.07680000000000001,0.5,5.0,10.0,0.4136873118579388,1.0739651823679632,3.141463831949569,1.4141820367489302,-0.11460254954626824,-12.373596981763828,0.612678,1531695,ok,right
28,544,2,6,0.07680000000000001,0.5,5.0,10.0,0.37959611341357236,-1.2611326089378097,2.7903669395604456,1.3807515555118854,0.20379371501807372,-18.70398129710218,0.6194752,1548688,ok,right
28,183,2,6,0.07680000000000001,0.5,5.0,10.0,0.23750050012022259,0.3577245116307485,1.5078647348357757,1.2376506942081038,0.06672118644744407,-9.03788741101407,0.6220832,1555208,ok,right
28,286,2,6,0.07680000000000001,0.5,5.0,10.0,0.023381340689957144,-0.44458018419748585,5.492830418914651,1.024038777383116,-0.12375490300861262,8.126786923970547,0.6223172,1555793,ok,right
28,336,2,6,0.07680000000000001,0.5,5.0,10.0,0.43129961974918846,0.23316419319927517,1.855349116337892,1.4316554161114388,0.19708073009908006,-27.784916186117954,0.626066,1565165,ok,right
28,19,2,6,0.07680000000000001,0.5,5.0,10.0,0.5728959623724222,0.7827122726563239,3.388510253167491,1.573314537738274,-0.1505669260980328,-22.684658480160454,0.6306948,1576737,ok,right
28,243,2,6,0.07680000000000001,0.5,5.0,10.0,0.5719609623774886,0.2302741943356905,6.163568319714784,1.57232231487985,-0.005287060130961915,-2.880532428409783,0.6330796,1582699,ok,right
28,266,2,6,0.07680000000000001,0.5,5.0,10.0,0.04190290868282318,-0.5710503657125151,4.514909096863446,1.0419871016294446,0.08942031252875617,16.375963017813,0.6325864,1581466,ok,right
28,102,2,6,0.07680000000000001,0.5,5.0,10.0,0.06915540359914303,-0.26228306773079585,5.304435439530417,1.0696131618099152,0.0397204058533258,18.910720814125565,0.639608,1599020,ok,right
28,489,2,6,0.07680000000000001,0.5,5.0,10.0,0.49588605742901565,0.06741186463977919,4.638834088413911,1.4960545752108525,-0.07382553154457483,28.945787555754105,0.645316,1613290,ok,right
28,811,2,6,0.07680000000000001,0.5,5.0,10.0,0.2737659899517894,0.28252955220183856,4.57587780386053,1.2739518427936616,-0.45230257926881773,18.84599581319523,0.6461036,1615259,ok,right
28,231,2,6,0.07680000000000001,0.5,5.0,10.0,0.5795044269412756,-0.7389840034307359,5.6195989501671,1.5802139936029167,-0.04174867633817836,-15.375339083469148,0.6487368,1621842,ok,right
28,355,2,6,0.07680000000000001,0.5,5.0,10.0,0.3374374179169536,1.544598810705536,4.6685959454404315,1.338312520728018,0.07670913598953222,9.532967898405925,0.6522319999999999,1630580,ok,right
28,401,2,6,0.07680000000000001,0.5,5.0,10.0,0.07417329885065556,-0.8094741189536072,0.03016999068978316,1.0743710715733275,0.023903980123148993,0.7974568237921411,0.6587208,1646802,ok,right
28,885,2,6,0.07680000000000001,0.5,5.0,10.0,0.41505605522543193,-1.2901740724546282,5.568496651311234,1.4151235529673145,0.1270526773363319,-15.922200390872694,0.65725,1643125,ok,right
28,107,2,6,0.07680000000000001,0.5,5.0,10.0,0.5299751970916987,0.5077286654785278,0.1484469042322703,1.530438072468955,0.21267876897187377,1.294600109122072,0.6676896,1669224,ok,right
28,121,2,6,0.07680000000000001,0.5,5.0,10.0,0.4460453841835261,0.562147795461496,3.282420768240325,1.446127712620224,-0.29019087233905966,15.552252039592094,0.6682248,1670562,ok,right
28,748,2,6,0.07680000000000001,0.5,5.0,10.0,0.6128643233329059,-0.025350383679041046,4.362539041330463,1.6129526339968592,-0.23208078844528635,1.3109528132890185,0.6682064,1670516,ok,right
28,783,2,6,0.07680000000000001,0.5,5.0,10.0,-0.0974149676039815,-0.07762069921551146,2.987194731736609,0.9026059448808953,-0.061872770901993106,1.3708277514030272,0.6692808,1673202,ok,right
28,434,2,6,0.07680000000000001,0.5,5.0,10.0,0.44518094696104527,1.0786938268028041,3.0456398640852504,1.4452167074029316,-0.11648232085359574,58.44440166614315,0.6759124,1689781,ok,right
28,585,2,6,0.07680000000000001,0.5,5.0,10.0,0.5825829373672605,-0.6333017893969941,5.183445519540322,1.5826498222395757,-0.28914051310854716,6.515625861236748,0.6758872,1689718,ok,right
28,741,2,6,0.07680000000000001,0.5,5.0,10.0,0.18545708414167167,-0.07779180189270117,2.2367740486973284,1.1854933435484372,0.04915331126686619,-7.899186283462118,0.6748936,1687234,ok,right
28,43,2,6,0.07680000000000001,0.5,5.0,10.0,0.3208283692598343,0.013831555111354695,3.535160136626633,1.3210983793817463,0.04629266629454416,-63.18728891982258,0.676186,1690465,ok,right
28,17,2,6,0.07680000000000001,0.5,5.0,10.0,0.5617003735154867,-0.7331212811316268,2.4058500406024748,1.561732265772525,0.8167667642679549,-4.520926521162025,0.6815675999999999,1703919,ok,right
28,790,2,6,0.07680000000000001,0.5,5.0,10.0,-0.058397190459072594,0.4529359304637108,4.5997827308424055,0.9419577850361927,0.0025631156877372408,-4.293204746220145,0.68906,1722650,ok,right
28,98,2,6,0.07680000000000001,0.5,5.0,10.0,-0.04787542577832937,-0.39286802704860624,3.112256278972037,0.9521481231923232,0.056282115581123275,20.174250728962598,0.6936831999999999,1734208,ok,right
28,846,2,6,0.07680000000000001,0.5,5.0,10.0,0.5496363043785095,-0.7712395524137775,3.3012055097402087,1.550198861775035,0.06469884251812537,-5.425449223324772,0.6930604,1732651,ok,right
28,313,2,6,0.07680000000000001,0.5,5.0,10.0,0.17138458900153639,-1.5783914510191217,2.066249922963024,1.1721067754892975,0.06076234266428142,34.829236186001424,0.6964047999999999,1741012,ok,right
28,773,2,6,0.07680000000000001,0.5,5.0,10.0,0.1412148829549551,0.5329100566049576,4.35681986842967,1.1412257369153465,-0.029881356085461108,5.977591034750925,0.6969784,1742446,ok,right
28,922,2,6,0.07680000000000001,0.5,5.0,10.0,0.11417019031941891,1.1827690343045207,3.587787858199622,1.1150563158323987,-0.10344004436013207,18.679400286342553,0.7000436,1750109,ok,right
28,930,2,6,0.07680000000000001,0.5,5.0,10.0,0.6688314350321889,0.254194400858948,4.017004504338626,1.6691413979625738,0.10560052692973525,-17.67774928022165,0.7004104,1751026,ok,right
28,292,2,6,0.07680000000000001,0.5,5.0,10.0,-0.009679167531430721,0.5961519674692367,4.206699707756695,0.9903873848024146,0.026211469277648055,-41.495116221945274,0.706112,1765280,ok,right
28,692,2,6,0.07680000000000001,0.5,5.0,10.0,0.6594390152022243,0.4159672319416944,3.026020239626283,1.6600422516536781,0.07239066474421757,-15.640041698395839,0.7101687999999999,1775422,ok,right
28,777,2,6,0.07680000000000001,0.5,5.0,10.0,0.027562544494867326,0.683112896864146,4.490746166723276,1.027912755979827,0.2134699792360317,2.9075520888124733,0.7088367999999999,1772092,ok,right
28,592,2,6,0.07680000000000001,0.5,5.0,10.0,0.6681752249598504,0.374878182099402,5.055641858176263,1.66867808238419,0.16682052637810615,-5.87910675317453,0.7146952,1786738,ok,right
28,712,2,6,0.07680000000000001,0.5,5.0,10.0,0.6674652693793178,-0.41033473535728177,4.668600647259138,1.6674922355827557,-0.15995505449216665,44.483970418954414,0.7200175999999999,1800044,ok,right
28,920,2,6,0.07680000000000001,0.5,5.0,10.0,0.2592566950246692,-0.593016336398168,2.0990024058639736,1.259762460246055,0.03575867508590845,-36.955444691927994,0.7217587999999999,1804397,ok,right
28,65,2,6,0.07680000000000001,0.5,5.0,10.0,0.6413685513660312,0.27941503120254646,3.649525251112702,1.6413716253388497,0.0638699688281284,-5.987353936428572,0.7268671999999999,1817168,ok,right
28,521,2,6,0.07680000000000001,0.5,5.0,10.0,0.3833652434870601,0.01113548975466283,0.6728942522893991,1.3841662636370977,-0.32544051507261673,-36.616464251159634,0.735004,1837510,ok,right
28,869,2,6,0.07680000000000001,0.5,5.0,10.0,0.4593369081616402,0.5673575046394007,1.4323171202258147,1.460841151242515,0.0280270718486423,-30.91563304959615,0.7344904,1836226,ok,right
28,282,2,6,0.07680000000000001,0.5,5.0,10.0,0.10700985789299011,-0.08950024805299164,6.011298257558355,1.1070785835869708,0.07536389878060011,33.979692915628,0.7373259999999999,1843315,ok,right
28,44,2,6,0.07680000000000001,0.5,5.0,10.0,0.6731433594599366,-0.20933874079483838,1.5866923449049988,1.6738035927486046,-0.2881497375614389,-8.53789536753352,0.7450627999999999,1862657,ok,right
28,792,2,6,0.07680000000000001,0.5,5.0,10.0,0.21610059887170793,-0.1434414113319797,4.096323880171867,1.2164150676708592,0.05598044692866436,-37.74545618070412,0.7462592,1865648,ok,right
28,863,2,6,0.07680000000000001,0.5,5.0,10.0,0.4185004247352481,0.03727392483425491,1.4379780046186577,1.419039938490517,0.10581553083738096,1.8767048606065733,0.7500532,1875133,ok,right
28,749,2,6,0.07680000000000001,0.5,5.0,10.0,0.4539908355101943,0.23912080069001268,5.556466578553272,1.454715494829217,0.20985889986343279,-57.9656858941773,0.7522972,1880743,ok,right
28,120,2,6,0.07680000000000001,0.5,5.0,10.0,0.4790434267371893,-0.19552943302766818,4.925415777097271,1.4791627524699078,-0.4338138872394413,28.10092940203204,0.7588188,1897047,ok,right
28,511,2,6,0.07680000000000001,0.5,5.0,10.0,0.6406573403626681,-0.37899520865664743,4.573122315734818,1.6409556983326667,0.0984327005432552,0.5963521679221983,0.7655828,1913957,ok,right
28,825,2,6,0.07680000000000001,0.5,5.0,10.0,0.4023351680487395,-0.12806541340354094,0.8922260884093223,1.4033769630816106,-0.3010718283535185,11.88084780614092,0.7657948,1914487,ok,right
28,536,2,6,0.07680000000000001,0.5,5.0,10.0,0.13397557530552148,-0.4868220014159929,0.9477855343861147,1.1345588371054938,-0.0026269376790218585,1.1150330408023705,0.7698416,1924604,ok,right
28,762,2,6,0.07680000000000001,0.5,5.0,10.0,-0.07125269081443548,0.4132298122610277,3.2329876603758194,0.9289957388206959,-0.08403954735114451,25.549154823428516,0.7725019999999999,1931255,ok,right
28,233,2,6,0.07680000000000001,0.5,5.0,10.0,0.6195885671302677,0.4961874477571674,2.155514308062962,1.6196662733134475,0.4220594490502292,-1.3048363871480015,0.7780703999999999,1945176,ok,right
28,594,2,6,0.07680000000000001,0.5,5.0,10.0,0.3298110749572516,0.11993292986945517,0.07644381578033695,1.3305241240617904,0.5144932142001221,-15.636172825387439,0.776088,1940220,ok,right
28,404,2,6,0.07680000000000001,0.5,5.0,10.0,0.4739025060087443,-1.0600602100209364,1.6494009091512631,1.4745766346179072,0.22233092481943365,-28.895954565125226,0.7831199999999999,1957800,ok,right
28,578,2,6,0.07680000000000001,0.5,5.0,10.0,0.5745761333033442,0.5116581416958722,4.736219500427217,1.5752513968226303,0.4648637117051708,16.815835908526306,0.7832224,1958056,ok,right
28,962,2,6,0.07680000000000001,0.5,5.0,10.0,0.1669576559215784,-0.5349602218813847,1.5968577895937162,1.1669872850166494,0.054543624470339724,21.554447893496675,0.7905048,1976262,ok,right
28,563,2,6,0.07680000000000001,0.5,5.0,10.0,0.4103816367685795,0.17570254666027865,0.9685628683254716,1.4104002807532448,0.016928621453884934,-6.16878281541528,0.8109076,2027269,ok,right
28,768,2,6,0.07680000000000001,0.5,5.0,10.0,0.00226953960955143,0.528980261455463,1.8956901649330626,1.0024650694633963,-0.06446150200931272,16.152759279617033,0.8152611999999999,2038153,ok,right
28,809,2,6,0.07680000000000001,0.5,5.0,10.0,0.07302582710981369,1.1148224162732474,4.294962459180285,1.0733065695534374,0.07452970617774994,-9.482167332320774,0.8272756,2068189,ok,right
28,895,2,6,0.07680000000000001,0.5,5.0,10.0,0.677920237928629,0.37913341156701696,0.7289201731024552,1.6788521641314758,0.1857608895550604,31.2681415676219,0.8296692,2074173,ok,right
28,512,2,6,0.07680000000000001,0.5,5.0,10.0,0.2481938162818551,-0.8587403609843299,5.348786252954103,1.2482003543055065,-0.12540049333314596,24.63429284183632,0.8398144,2099536,ok,right
28,99,2,6,0.07680000000000001,0.5,5.0,10.0,0.178738053701818,-0.27668514771247066,1.4844703194501863,1.178740609809558,0.19612377990719215,10.002795278189664,0.8433915999999999,2108479,ok,right
28,174,2,6,0.07680000000000001,0.5,5.0,10.0,0.21761264000087976,-0.6608047904341613,6.154684641422496,1.2183439825002298,-0.06359491202600934,-5.78012875174457,0.8402852,2100713,ok,right
28,410,2,6,0.07680000000000001,0.5,5.0,10.0,-0.05290258470922709,0.09219725035257173,5.094204371431155,0.9477498328297307,-0.08769052115642599,-23.45717236329522,0.8414003999999999,2103501,ok,right
28,209,2,6,0.07680000000000001,0.5,5.0,10.0,0.10957376174628736,0.449477941099368,3.2603121729971627,1.1101322038374448,0.22557181279175245,-19.263053695296353,0.8459243999999999,2114811,ok,right
28,660,2,6,0.07680000000000001,0.5,5.0,10.0,0.31476866230368616,-0.1989997209919885,1.5972624151794244,1.3148872105053575,0.024351349830367335,-16.37708620709593,0.846312,2115780,ok,right
28,290,2,6,0.07680000000000001,0.5,5.0,10.0,0.6171292586252094,-0.11336092661400748,1.521307404216913,1.6172614965822718,0.5289062782429546,-16.328895215434677,0.8485456,2121364,ok,right
28,503,2,6,0.07680000000000001,0.5,5.0,10.0,0.5322747483849526,0.05400284944882498,1.6917552709575816,1.53249891257397,0.06965484307101259,25.12088609470476,0.8494508,2123627,ok,right
28,722,2,6,0.07680000000000001,0.5,5.0,10.0,0.31960096545517447,-0.7138076537429686,1.9695488040475575,1.3199203130517472,0.14407966956072973,2.4905231343872587,0.8505111999999999,2126278,ok,right
28,944,2,6,0.07680000000000001,0.5,5.0,10.0,0.09574170503765345,1.046179095890791,2.301074907109036,1.0964650296961451,-0.08896033809463953,-6.437608090995905,0.8537699999999999,2134425,ok,right
28,608,2,6,0.07680000000000001,0.5,5.0,10.0,0.06590108834207058,-0.627797481120012,3.052328543518454,1.0663273428839188,-0.17399374394554906,-41.71838307682817,0.8607036,2151759,ok,right
28,789,2,6,0.07680000000000001,0.5,5.0,10.0,-0.07678743842989207,-0.13165392054249894,5.698126877079032,0.9234916745612014,0.06535534103366866,0.63071428309791,0.8639203999999999,2159801,ok,right
28,453,2,6,0.07680000000000001,0.5,5.0,10.0,0.07866871450096369,-0.4689797329748409,0.7757989484659018,1.079990275238382,0.006538481140086628,6.850635095433155,0.8643392,2160848,ok,right
28,92,2,6,0.07680000000000001,0.5,5.0,10.0,-0.043000464700162416,-0.5294963070211897,2.386819170450345,0.9575402724527006,-0.0945908208335296,34.06818910544271,0.8690332,2172583,ok,right
28,914,2,6,0.07680000000000001,0.5,5.0,10.0,0.37399170678108934,0.6844027515351165,4.568847019571572,1.3747832268630091,-0.0529435485622974,93.38577878399488,0.8793548,2198387,ok,right
28,971,2,6,0.07680000000000001,0.5,5.0,10.0,0.15853448137640955,-0.5426952139257886,0.3247917849729563,1.158577141784811,-0.12340369471384056,-12.723085232701422,0.8778916,2194729,ok,right
28,382,2,6,0.07680000000000001,0.5,5.0,10.0,-0.055159967765212065,-0.12287397056305309,2.608077299562389,0.9448567154898322,0.03183461078130157,-23.512513429474954,0.8839136,2209784,ok,right
28,63,2,6,0.07680000000000001,0.5,5.0,10.0,0.48645858354866506,-0.44718400326923274,4.502135930478368,1.4874624812393658,-0.27141708054352215,27.880211007383146,0.8858992,2214748,ok,right
28,733,2,6,0.07680000000000001,0.5,5.0,10.0,0.6165700014680624,0.3121648691975546,1.929836166542517,1.6170117038412195,-0.10383434220807468,27.052223788644927,0.8891272,2222818,ok,right
28,312,2,6,0.07680000000000001,0.5,5.0,10.0,0.05528692062944174,-0.12202266715128064,0.8605858255510874,1.0566629278058866,-0.017405524405017248,59.88784372004772,0.8959708,2239927,ok,right
28,700,2,6,0.07680000000000001,0.5,5.0,10.0,0.5087043391540647,0.3053594967290222,5.7416032458500155,1.5090325490960428,0.09635765339681268,31.284354128263725,0.8921144,2230286,ok,right
28,79,2,6,0.07680000000000001,0.5,5.0,10.0,0.5554130868986249,0.5617625019669367,5.404347284734093,1.5568198600680996,-0.27587899927709664,10.282984637314044,0.89743,2243575,ok,right
28,409,2,6,0.07680000000000001,0.5,5.0,10.0,0.026221198402345183,0.8431886348877756,4.0426015857369535,1.0267593586285955,-0.010821467386389215,16.23886158353289,0.8961855999999999,2240464,ok,right
28,123,2,6,0.07680000000000001,0.5,5.0,10.0,0.2274827616289258,-1.389126278900798,0.2804824818497707,1.2277901564217653,-0.33348873299694826,12.766673245230388,0.9017788,2254447,ok,right
28,538,2,6,0.07680000000000001,0.5,5.0,10.0,0.3479030022397638,1.5403281710539871,6.007597845775637,1.348288416930857,-0.2541769279124127,-44.222406727578466,0.9007232,2251808,ok,right
28,798,2,6,0.07680000000000001,0.5,5.0,10.0,0.3802680496126414,-0.5511678647698048,3.1164750830907337,1.381196214755643,-0.36964803512894717,12.35458608592569,0.9036947999999999,2259237,ok,right
28,213,2,6,0.07680000000000001,0.5,5.0,10.0,0.005619678646326065,0.7507028950948137,0.9875381344243266,1.00747289651789,-0.06378858891427536,-10.339312696700835,0.9083292,2270823,ok,right
28,220,2,6,0.07680000000000001,0.5,5.0,10.0,0.5048579266294837,-0.4614657805793455,2.754746288731646,1.5049219399278118,-0.07412763127177337,-2.8844968304104963,0.9087016,2271754,ok,right
28,558,2,6,0.07680000000000001,0.5,5.0,10.0,0.6748137924820186,0.2754611234756049,4.379556223764417,1.6749369415369724,0.2522061676656959,7.510261996506091,0.9118356,2279589,ok,right
28,727,2,6,0.07680000000000001,0.5,5.0,10.0,0.26913882270455364,0.45654024343648025,4.390341716040605,1.2694976834014897,-0.058112052382468436,24.954343656075423,0.9099472,2274868,ok,right
28,703,2,6,0.07680000000000001,0.5,5.0,10.0,0.2656365705654025,-1.2064238919892778,0.7888848838104917,1.266051893578647,0.18151015070560483,-12.281412948947946,0.9133916,2283479,ok,right
28,787,2,6,0.07680000000000001,0.5,5.0,10.0,0.33283534087240696,-1.439752548483752,4.068798896571532,1.3329056687044691,-0.11516941009957053,-30.809764923667394,0.9178535999999999,2294634,ok,right
28,181,2,6,0.07680000000000001,0.5,5.0,10.0,0.0596793357282877,-0.3710933816611742,0.2819560265659657,1.0598684263045837,0.10203290654089504,-40.56762901047474,0.922558,2306395,ok,right
28,322,2,6,0.07680000000000001,0.5,5.0,10.0,0.2989424329251051,0.8688250665339192,4.405988919580867,1.2989667853924824,0.31953496065006204,-6.685207680092544,0.9209295999999999,2302324,ok,right
28,403,2,6,0.07680000000000001,0.5,5.0,10.0,0.10431762430816889,-0.6002176595575712,0.5158938050248713,1.1050800894616217,0.13070742711434338,6.147484361850763,0.9208339999999999,2302085,ok,right
28,671,2,6,0.07680000000000001,0.5,5.0,10.0,0.1258673844859004,-1.289130847567393,3.663611437676056,1.1261102791009026,-0.07490581182721122,27.89002118182394,0.9208183999999999,2302046,ok,right
28,316,2,6,0.07680000000000001,0.5,5.0,10.0,0.27832772918045523,1.3322537433168449,0.8861897709610428,1.278553037168312,0.12189112067173671,-0.08711837547613632,0.9279031999999999,2319758,ok,right
28,650,2,6,0.07680000000000001,0.5,5.0,10.0,-0.09212673045694829,0.17587288253282973,0.13008548002239378,0.9079053413465922,0.02190709584224225,-25.20429309138784,0.9257991999999999,2314498,ok,right
28,870,2,6,0.07680000000000001,0.5,5.0,10.0,0.02870751861482859,0.9205971966398816,2.1457041066972695,1.0296433455947782,0.09314657004013394,21.731458779358807,0.9278576,2319644,ok,right
28,613,2,6,0.07680000000000001,0.5,5.0,10.0,-0.019653840176761153,-0.26127014805827253,3.115524644232569,0.9804579617434452,-0.12844135398241052,6.678395157953466,0.9365391999999999,2341348,ok,right
28,428,2,6,0.07680000000000001,0.5,5.0,10.0,0.3961543349549175,0.08044392114991863,5.2512519831745585,1.3962069315222296,-0.11685545678222034,-30.1002817463474,0.94384,2359600,ok,right
28,179,2,6,0.07680000000000001,0.5,5.0,10.0,0.407298200391233,0.5833264533275294,0.3318650026637215,1.4073333124440706,-0.06901555652341039,31.291454203927646,0.9481316,2370329,ok,right
28,248,2,6,0.07680000000000001,0.5,5.0,10.0,0.39077230729162693,0.8934292576185305,5.372819565626614,1.3914232725593358,-0.07159610735064591,22.25131900501507,0.9488648,2372162,ok,right
28,862,2,6,0.07680000000000001,0.5,5.0,10.0,0.24320937991142275,-0.9780269304302629,3.6274166280740965,1.2438347574780892,0.04785128812840897,-29.19807562511335,0.9503068,2375767,ok,right
28,185,2,6,0.07680000000000001,0.5,5.0,10.0,0.0908498402684927,0.0015498555129630947,0.9125017394630017,1.091329908160031,-0.0895004247194574,-17.615009411035697,0.9545636,2386409,ok,right
28,837,2,6,0.07680000000000001,0.5,5.0,10.0,0.033367767184972766,-1.1135970934519503,4.000757299577333,1.034293969304808,0.14424445661263807,-43.773846757339506,0.9581828,2395457,ok,right
28,990,2,6,0.07680000000000001,0.5,5.0,10.0,0.6529804218560458,0.03182789462289136,5.471743788983304,1.6540448703712347,-0.3491986236963521,13.074653607907644,0.9574623999999999,2393656,ok,right
28,579,2,6,0.07680000000000001,0.5,5.0,10.0,0.07890599556267262,-0.556172817671623,1.1887886439444202,1.0795697853001285,0.1333423799847169,-47.41132667315944,0.9618084,2404521,ok,right
28,665,2,6,0.07680000000000001,0.5,5.0,10.0,0.3932967327535153,0.3450449259672295,2.361155616980332,1.3933207962470493,-0.2185466319898437,-45.147408911574054,0.9631248,2407812,ok,right
28,362,2,6,0.07680000000000001,0.5,5.0,10.0,-0.059082370810210706,-0.33083256879629586,3.734363807241956,0.9414103101752576,0.0005620495462906402,-28.758387532450286,0.9643592,2410898,ok,right
28,625,2,6,0.07680000000000001,0.5,5.0,10.0,0.018809941597282887,-0.952308939216822,6.084099860825921,1.0192033455744776,-0.2333029353799456,9.083823822076281,0.9650523999999999,2412631,ok,right
28,229,2,6,0.07680000000000001,0.5,5.0,10.0,0.028057938441634178,-0.7093670860062777,2.7116632415783726,1.028181017434147,-0.09214253472976866,-34.54483465008887,0.9709528,2427382,ok,right
28,600,2,6,0.07680000000000001,0.5,5.0,10.0,0.5169684985652566,0.23115680204697223,1.2278948682584887,1.5177064400589084,-0.1664721656299025,-12.158835820043933,0.9696904,2424226,ok,right
28,104,2,6,0.07680000000000001,0.5,5.0,10.0,0.2150089403614402,-1.3267747121905298,2.4637791651716068,1.2151203033918214,-0.19123534142530138,41.3133454665996,0.9724419999999999,2431105,ok,right
28,199,2,6,0.07680000000000001,0.5,5.0,10.0,0.6394169880077243,0.5399064676744614,4.350861569865476,1.6403457984205947,-0.07557634292367871,-8.472211057746126,0.975364,2438410,ok,right
28,34,2,6,0.07680000000000001,0.5,5.0,10.0,0.08415569737553596,1.5623319678291596,1.582832853947423,1.0843680115561989,-0.01171034316532255,-28.21201520679272,0.9786383999999999,2446596,ok,right
28,224,2,6,0.07680000000000001,0.5,5.0,10.0,0.31902305427938704,1.1553212547119736,0.10127107457532004,1.3196004688487888,0.026805691593525704,-3.4946738894856764,0.9912103999999999,2478026,ok,right
28,935,2,6,0.07680000000000001,0.5,5.0,10.0,0.21119737494736912,0.1890922833445556,2.6929079120464725,1.2113209789671593,0.15989001160864164,11.366121485921873,0.9906655999999999,2476664,ok,right
28,177,2,6,0.07680000000000001,0.5,5.0,10.0,0.5124463515356183,-0.3136075027256921,5.443210784606285,1.5128447346421772,-0.3666702734076649,-10.012091607808639,0.9939332,2484833,ok,right
28,586,2,6,0.07680000000000001,0.5,5.0,10.0,-0.068020985648036,-0.12157583301174749,3.4146105666817417,0.9326990024445216,-0.033314960939102106,-18.792866925842016,0.9949868,2487467,ok,right
28,9,2,6,0.07680000000000001,0.5,5.0,10.0,0.14123562388122082,1.0438622073689163,0.7315438289025361,1.1420993048652313,-0.06451534413254072,-14.202451736334318,0.999736,2499340,ok,right
28,440,2,6,0.07680000000000001,0.5,5.0,10.0,0.5823162943124771,-0.6825496698663972,3.7349203085938996,1.582346058357352,-0.329085460145758,34.94641522545299,1.0030368,2507592,ok,right
28,291,2,6,0.07680000000000001,0.5,5.0,10.0,0.28992961887270213,-0.1273932589264337,0.6928358357592515,1.2904365722656865,-0.24169846399324696,8.948768952260158,1.0077768,2519442,ok,right
28,836,2,6,0.07680000000000001,0.5,5.0,10.0,0.4849694540724159,0.9600488564056886,4.642788045843537,1.4854135169915506,0.40767080928946753,31.67241513292848,1.0068664,2517166,ok,right
28,140,2,6,0.07680000000000001,0.5,5.0,10.0,0.051000354997813704,0.18093417476229082,0.2168860243449026,1.0510667118963912,-0.06019282710323465,2.5675195978818026,1.018454,2546135,ok,right
28,45,2,6,0.07680000000000001,0.5,5.0,10.0,0.6015636024996639,0.08420478566049984,0.7978505294027607,1.601943705168533,0.6483429365047817,21.015726060094924,1.0231132,2557783,ok,right
28,946,2,6,0.07680000000000001,0.5,5.0,10.0,0.6452713524922729,0.43068187818586506,0.053015456306554215,1.6453505722406843,0.4804564279841046,14.19686026556294,1.023746,2559365,ok,right
28,377,2,6,0.07680000000000001,0.5,5.0,10.0,-0.00047831386327743534,0.610827654188472,1.1710714976341614,1.0006314674769732,-0.018378780300134984,12.200029046808321,1.0269996,2567499,ok,right
28,390,2,6,0.07680000000000001,0.5,5.0,10.0,0.25028494372963905,1.0582435297198247,5.483563633098683,1.2511882337416562,-0.0346224959503983,-11.798919240221466,1.0275227999999998,2568807,ok,right
28,716,2,6,0.07680000000000001,0.5,5.0,10.0,0.6760179154574871,-0.19970267816663717,5.827604068449475,1.6762502632551723,-0.24655852743940218,14.441865033651352,1.0274999999999999,2568750,ok,right
28,97,2,6,0.07680000000000001,0.5,5.0,10.0,0.270920735411346,-0.862763743867211,3.520630093403439,1.2715791852224314,0.15890542182506556,7.789706839177868,1.0340884,2585221,ok,right
28,372,2,6,0.07680000000000001,0.5,5.0,10.0,0.497892152145505,1.0050316352156472,1.569187861533005,1.4979995203615495,0.1794554299980122,37.47890475190256,1.0377484,2594371,ok,right
28,386,2,6,0.07680000000000001,0.5,5.0,10.0,0.2637082062661648,-0.2861476068892541,4.159670954031762,1.264505676357209,0.0028638070077198624,-15.87068112687039,1.0464643999999999,2616161,ok,right
28,597,2,6,0.07680000000000001,0.5,5.0,10.0,0.3455749010667205,1.352760473722646,0.020731060377591534,1.3464223345247255,0.5474232406512137,5.7905789140326975,1.0467312,2616828,ok,right
28,421,2,6,0.07680000000000001,0.5,5.0,10.0,0.24496702663600445,-0.23074034804228605,2.0489353585419168,1.245714457179811,-0.1404304694833589,-47.14655377678397,1.052816,2632040,ok,right
28,761,2,6,0.07680000000000001,0.5,5.0,10.0,0.115506449341774,1.702109304408153,3.5089033976709203,1.1158520379110484,-0.23002479208402865,2.4299108616655727,1.054354,2635885,ok,right
28,388,2,6,0.07680000000000001,0.5,5.0,10.0,0.3496007485315204,-1.1618292830699635,2.8448034642487734,1.3496146820319603,0.026190832718009666,38.460166323598685,1.0584491999999999,2646123,ok,right
28,939,2,6,0.07680000000000001,0.5,5.0,10.0,0.26913079116493466,0.018282404419482284,4.019558643734499,1.269966630967657,-0.3317008756365527,12.92730612379258,1.0591732,2647933,ok,right
28,268,2,6,0.07680000000000001,0.5,5.0,10.0,0.2177694145590067,2.1545107545472626,3.902241429321618,1.2185368569896882,0.6907155711646903,-0.6445861763204849,1.0634976,2658744,ok,right
28,414,2,6,0.07680000000000001,0.5,5.0,10.0,-0.00534000862389803,-0.719299326969641,6.0202348086358635,0.9946764015876156,-0.024538698772651683,18.444192723974442,1.06782,2669550,ok,right
28,447,2,6,0.07680000000000001,0.5,5.0,10.0,-0.07594772949814797,0.09484972744185412,4.238521454380172,0.9243300081410207,-0.11411383308588363,25.786004406497337,1.0676763999999999,2669191,ok,right
28,739,2,6,0.07680000000000001,0.5,5.0,10.0,0.17669794466346503,-1.0934189353746513,1.3177965151029365,1.1778860243883094,-0.011136156941692446,59.237061264141744,1.067488,2668720,ok,right
28,157,2,6,0.07680000000000001,0.5,5.0,10.0,0.4271537518128753,-0.7075968823262159,4.265579824167026,1.4274663981033442,0.16195169257170342,14.930299614386168,1.0694892,2673723,ok,right
28,827,2,6,0.07680000000000001,0.5,5.0,10.0,0.02896112967282534,-0.8653438838072732,6.111216634691254,1.0292790957124436,0.02023229893181806,-31.678979337368087,1.0714983999999999,2678746,ok,right
28,952,2,6,0.07680000000000001,0.5,5.0,10.0,0.1912317991256714,-1.1817732376418826,5.838485981656269,1.1915827220627957,-0.10938044945572664,-41.88830479528608,1.0707655999999999,2676914,ok,right
28,249,2,6,0.07680000000000001,0.5,5.0,10.0,0.6701648039743304,-0.3251088921936128,4.531037868165797,1.6705059333016752,0.22639492058946062,21.508390551298085,1.072018,2680045,ok,right
28,471,2,6,0.07680000000000001,0.5,5.0,10.0,0.5086210610345007,0.15262464212967078,3.4180848961786534,1.5090378591400326,-0.29910498545940356,7.368002264997628,1.0754679999999999,2688670,ok,right
28,189,2,6,0.07680000000000001,0.5,5.0,10.0,0.34212704934179783,0.9333957999216501,4.575504927985897,1.3424257882632982,0.22744775803149345,72.72262670722186,1.0821163999999999,2705291,ok,right
28,426,2,6,0.07680000000000001,0.5,5.0,10.0,0.23510184045881033,1.1005257043413987,1.6117522486362916,1.2352291455288003,0.1186077033398231,49.500094770751915,1.0868076,2717019,ok,right
28,124,2,6,0.07680000000000001,0.5,5.0,10.0,0.3162156900390983,-1.6289039084101389,5.136035966776437,1.316582413953666,-0.22884728750589156,42.44575084454937,1.1074552,2768638,ok,right
28,906,2,6,0.07680000000000001,0.5,5.0,10.0,-0.006565575115382672,0.614658123983237,0.9070225319405869,0.9937796090656931,0.027539271239414475,28.988632545676083,1.1071959999999998,2767990,ok,right
28,159,2,6,0.07680000000000001,0.5,5.0,10.0,0.07182086929678917,0.9384418542466859,1.2064901823816911,1.0718457043141476,-0.05258474482829036,77.85357870929349,1.1121763999999998,2780441,ok,right
28,575,2,6,0.07680000000000001,0.5,5.0,10.0,0.21333763618022206,0.29594094167735097,3.2431444767737054,1.2134103052552005,-0.03847264965164103,43.689280974598745,1.1154427999999998,2788607,ok,right
28,518,2,6,0.07680000000000001,0.5,5.0,10.0,0.06025209072977305,-1.0670715993207767,2.6394474975027644,1.0604318917502578,-0.059937418139307135,33.933991996576204,1.1260396,2815099,ok,right
28,624,2,6,0.07680000000000001,0.5,5.0,10.0,0.44127827044576406,-0.9368923103817759,5.532522182041619,1.441427799579177,0.12859248947592072,18.293082620399282,1.125452,2813630,ok,right
28,211,2,6,0.07680000000000001,0.5,5.0,10.0,0.2446707433089614,1.7403951101565949,1.8363573324310039,1.2450433320897634,-0.04301856823266101,-28.275083670001717,1.1307132,2826783,ok,right
28,652,2,6,0.07680000000000001,0.5,5.0,10.0,0.04001516569405794,-0.7503034851591484,1.444209286622279,1.0402586462906023,0.0929422832807668,57.46334135642105,1.1437359999999999,2859340,ok,right
28,175,2,6,0.07680000000000001,0.5,5.0,10.0,0.6833370566368103,0.33994996246453485,0.6624744178500419,1.6836242438743823,-0.10333175182688954,-28.353732352308782,1.14748,2868700,ok,right
28,498,2,6,0.07680000000000001,0.5,5.0,10.0,0.1833354201167822,-1.2001184174602384,1.9707186045458724,1.1837486025062125,-0.0006221245390209712,25.73907537203135,1.1461219999999999,2865305,ok,right
28,780,2,6,0.07680000000000001,0.5,5.0,10.0,0.23892004527151586,1.0006193395541776,3.479271636486271,1.2391952220837366,0.17041893317327442,-27.691419504930636,1.1496355999999999,2874089,ok,right
28,957,2,6,0.07680000000000001,0.5,5.0,10.0,0.1963934738188982,0.4868260128529632,1.7951224072422851,1.1965326735517061,-0.032875322948571595,-6.785098519420516,1.1502307999999999,2875577,ok,right
28,898,2,6,0.07680000000000001,0.5,5.0,10.0,0.3320255918428302,0.5410260228700169,2.551695518074879,1.3327327273200231,-0.1219196071029373,-15.101803045614227,1.1549572,2887393,ok,right
28,111,2,6,0.07680000000000001,0.5,5.0,10.0,0.13839135356247426,0.6630608071242602,6.246518096460224,1.1392266233331665,-0.18389850053098253,6.2253150757130555,1.1574528,2893632,ok,right
28,494,2,6,0.07680000000000001,0.5,5.0,10.0,0.011375638097524643,-1.1511187944600847,2.892356350800228,1.011859950249057,0.22608687177536796,37.285689813660085,1.1565832,2891458,ok,right
28,663,2,6,0.07680000000000001,0.5,5.0,10.0,0.6738281805068255,0.3905604762095678,1.3633015928349344,1.674185537174886,-0.16828227402355384,-7.660217034569093,1.1591688,2897922,ok,right
28,298,2,6,0.07680000000000001,0.5,5.0,10.0,0.6717211306095123,0.19020075226125271,3.1021913440699556,1.6721309695849271,-0.11585040526192307,-12.252933236962441,1.1602564,2900641,ok,right
28,165,2,6,0.07680000000000001,0.5,5.0,10.0,0.5738007983192802,0.7004358899938533,3.3657695515031305,1.5744703176273118,-0.27708658455375734,-0.8554594537382214,1.1769592,2942398,ok,right
28,383,2,6,0.07680000000000001,0.5,5.0,10.0,-0.076571380533278,0.06320770315991599,2.6171231423237633,0.9238332903836055,-0.019591755602547486,-11.177294325106711,1.1776579999999999,2944145,ok,right
28,669,2,6,0.07680000000000001,0.5,5.0,10.0,0.2100590975955129,-1.0727499482682392,3.5808911986289256,1.2103230771660016,0.2250931712304153,-11.625433626164813,1.1770156,2942539,ok,right
28,264,2,6,0.07680000000000001,0.5,5.0,10.0,0.45598394684493543,-0.20074723979847328,3.1768169765042296,1.457520093922395,-0.20542295230669813,-18.407095727586558,1.1835688,2958922,ok,right
28,513,2,6,0.07680000000000001,0.5,5.0,10.0,0.6756071863695979,-0.3145875061245798,0.6247086639090877,1.6757762299877832,-0.251138121940481,-2.5601320197725665,1.1805552,2951388,ok,right
28,681,2,6,0.07680000000000001,0.5,5.0,10.0,0.44926814176142216,-0.468435495147276,4.627601224085739,1.4492795544780452,0.1526854456787102,9.142695783859159,1.1836476,2959119,ok,right
28,81,2,6,0.07680000000000001,0.5,5.0,10.0,0.16943596284836532,-1.990293935953125,2.4139091392677114,1.1695559643888513,0.15602376997365155,-46.95217331629048,1.1846379999999999,2961595,ok,right
28,984,2,6,0.07680000000000001,0.5,5.0,10.0,0.3467610498890281,1.5283522462926216,6.022663271665382,1.34679487185119,0.2277123368930149,-12.232342169663996,1.1856768,2964192,ok,right
28,5,2,6,0.07680000000000001,0.5,5.0,10.0,0.37771078012883663,0.2304688710098391,4.4654361259441995,1.3788338922384804,0.27123829856703685,-18.22250987194578,1.1891428,2972857,ok,right
28,91,2,6,0.07680000000000001,0.5,5.0,10.0,0.4430339528247714,-0.5738901611851404,0.9244662764168475,1.4430659197817304,-0.5300959889703101,-6.2250720765406875,1.1913068,2978267,ok,right
28,202,2,6,0.07680000000000001,0.5,5.0,10.0,0.03863077033311129,0.3459577769103811,4.850774729895195,1.0392237481207418,0.012229411805711304,34.34079384045513,1.1883067999999999,2970767,ok,right
28,41,2,6,0.07680000000000001,0.5,5.0,10.0,0.030748107843101027,1.04911049172595,2.594013222079967,1.0312214581873995,-0.03861451612112679,-43.92309679587607,1.1954532,2988633,ok,right
28,905,2,6,0.07680000000000001,0.5,5.0,10.0,0.6100675277411938,-0.46518461454890986,4.205992252276907,1.6103080865071007,-0.061331892890343714,-34.4048583877437,1.1937548,2984387,ok,right
28,423,2,6,0.07680000000000001,0.5,5.0,10.0,0.45320260860025885,0.03838044255173649,5.504034867522052,1.453231057551047,0.49959767319458015,13.377436986180129,1.1974064,2993516,ok,right
28,532,2,6,0.07680000000000001,0.5,5.0,10.0,0.49928075801581145,-0.6120868286190366,5.001279114298345,1.5004956297404828,0.13349315876386258,-21.67777864138277,1.2034308,3008577,ok,right
28,14,2,6,0.07680000000000001,0.5,5.0,10.0,0.6036412164568902,0.5059484236815688,6.141914000034022,1.603979827165771,-0.5222054832310802,40.70752660293549,1.2147024,3036756,ok,right
28,381,2,6,0.07680000000000001,0.5,5.0,10.0,0.31980625428259374,1.3733815845202009,3.8780010493724943,1.320437381404585,0.18406217620034515,-3.7853338799754552,1.2201347999999999,3050337,ok,right
28,100,2,6,0.07680000000000001,0.5,5.0,10.0,0.3356053467839957,-0.7671013387576548,4.587073795338515,1.3358738323658252,0.024621450257228006,-24.755333229505272,1.226446,3066115,ok,right
28,400,2,6,0.07680000000000001,0.5,5.0,10.0,-0.0249406099319458,0.6127522836568562,2.6239528865585964,0.9751871318608628,-0.03664642727019195,-53.909719217630666,1.2262895999999999,3065724,ok,right
28,721,2,6,0.07680000000000001,0.5,5.0,10.0,-0.028179649263620377,-0.36458153629749246,5.541097534256602,0.9718770812395457,0.01683018435572737,47.804949071210146,1.226152,3065380,ok,right
28,991,2,6,0.07680000000000001,0.5,5.0,10.0,0.5872706396505237,-0.780574020836713,3.054168177632313,1.5873393152448807,-0.28559696600405243,-9.613676233168613,1.2247152,3061788,ok,right
28,32,2,6,0.07680000000000001,0.5,5.0,10.0,0.1811704682186246,0.19542657177455441,4.501781250378804,1.1819857606047879,0.1082380911037001,69.25235965460087,1.229678,3074195,ok,right
28,533,2,6,0.07680000000000001,0.5,5.0,10.0,0.15244482532143594,0.6008550544855918,3.794443455034726,1.152991343203644,-0.08749529780724982,-7.315444396692357,1.2288907999999998,3072227,ok,right
28,806,2,6,0.07680000000000001,0.5,5.0,10.0,0.5076989620923996,-0.6271451756835555,0.7069910925367998,1.508269567628284,-0.11161571043085222,-60.13169661476993,1.2362724,3090681,ok,right
28,717,2,6,0.07680000000000001,0.5,5.0,10.0,-0.06407235898077489,-0.09109020623122728,1.9172039318335226,1.69636619512665,3.248881292212886,-1.9218415983441872,1.2412455999999998,3103114,ok,right
28,474,2,6,0.07680000000000001,0.5,5.0,10.0,0.3289015091955662,1.649644707287438,3.5241098532522614,1.329027059312935,0.1002852664845201,24.88407354294006,1.2467456,3116864,ok,right
28,931,2,6,0.07680000000000001,0.5,5.0,10.0,-0.03859614878892899,0.34983826890363323,5.604940494920745,0.9623055510908527,-0.18059181162382465,-3.1285889939561993,1.2463372,3115843,ok,right
28,170,2,6,0.07680000000000001,0.5,5.0,10.0,-0.08687485586851836,-0.26069333483780055,0.25979739513573824,0.913398701339238,0.0007572549628375252,15.648874576504719,1.2491732,3122933,ok,right
28,452,2,6,0.07680000000000001,0.5,5.0,10.0,0.24065520316362382,-0.930630501035545,0.6406107823875806,1.2408876627085241,-0.12988291272200028,12.466423866993205,1.2513112,3128278,ok,right
28,204,2,6,0.07680000000000001,0.5,5.0,10.0,0.17624624092131855,-1.0642191271252504,2.728343035604459,1.1762495579890961,-0.040799578689963575,-7.039908556895982,1.2755391999999999,3188848,ok,right
28,300,2,6,0.07680000000000001,0.5,5.0,10.0,0.5001666402444244,0.4992037212696736,0.13834640140292784,1.5004518511114093,-0.12993318407734963,-5.182196107545266,1.2770776,3192694,ok,right
28,305,2,6,0.07680000000000001,0.5,5.0,10.0,0.5956778720021249,0.026227780005566942,5.514479173655039,1.5964501949954657,-0.48314454906820103,-37.41963953664259,1.2833028,3208257,ok,right
28,50,2,6,0.07680000000000001,0.5,5.0,10.0,0.20655801165848972,-1.5988775357238088,5.322544814658581,1.2072889359877077,0.07146700917066341,-43.89333049956591,1.287164,3217910,ok,right
28,122,2,6,0.07680000000000001,0.5,5.0,10.0,0.09094452466815711,-0.13759869021716664,3.1565168069435416,1.091422361350885,0.3648964919354013,19.505540401235045,1.2863023999999998,3215756,ok,right
28,223,2,6,0.07680000000000001,0.5,5.0,10.0,-0.05343571491539478,0.5143559281158295,4.3450283186128615,0.9469720105801644,-0.021462804307857578,-38.42088124690372,1.286656,3216640,ok,right
28,735,2,6,0.07680000000000001,0.5,5.0,10.0,0.17536703776568174,1.7111667570893134,2.8820309989250203,1.1760883729708178,0.005170803674945082,-30.182182786410788,1.2857908,3214477,ok,right
28,129,2,6,0.07680000000000001,0.5,5.0,10.0,-0.01901335120201111,0.8030664328893898,4.830077650178749,0.9810111118641737,0.009856399329769245,34.42699678460104,1.2951987999999999,3237997,ok,right
28,847,2,6,0.07680000000000001,0.5,5.0,10.0,-0.012858493812382223,0.9569455132842846,0.8277655934509689,0.9875553676031946,0.029407852201605498,-6.440209788249624,1.3031328,3257832,ok,right
28,350,2,6,0.07680000000000001,0.5,5.0,10.0,0.11301219202578068,-1.437585708256586,5.5398277052716995,1.1132694448904095,-0.03191064648213247,-9.01547568540871,1.3217775999999999,3304444,ok,right
28,887,2,6,0.07680000000000001,0.5,5.0,10.0,-0.05919732339680195,0.4631317136905067,4.185847454856663,0.9414283757271926,-0.0017692707912985264,-44.32225620281996,1.3227312,3306828,ok,right
28,515,2,6,0.07680000000000001,0.5,5.0,10.0,0.3984219014644623,0.7701429569487726,4.5965993143089,1.3996480124893143,0.1318928549242998,75.09611584740445,1.324668,3311670,ok,right
28,696,2,6,0.07680000000000001,0.5,5.0,10.0,0.24529107790440322,-1.8556397652052368,3.908314432366571,1.2453494506819025,0.06044852730097959,-12.102528462783532,1.3269684,3317421,ok,right
28,705,2,6,0.07680000000000001,0.5,5.0,10.0,-0.06032663062214852,-0.23276896590574309,5.505321503972768,0.9399716994814374,0.10579930491259487,75.97012311886675,1.326694,3316735,ok,right
28,245,2,6,0.07680000000000001,0.5,5.0,10.0,0.4120112173259258,-1.2965298903093219,5.306699337442281,1.4121519731677339,0.15864664463033593,-16.135839114427878,1.340666,3351665,ok,right
28,398,2,6,0.07680000000000001,0.5,5.0,10.0,-0.05116716157644988,0.5081539821846327,3.2708961439191775,0.9488768800963154,0.07694791639925685,-10.361226309190174,1.3469799999999998,3367450,ok,right
28,520,2,6,0.07680000000000001,0.5,5.0,10.0,0.25980527456849817,1.1801737475984564,4.869318872573173,1.2599635654661994,-0.12418772670711371,24.801217433375793,1.3479036,3369759,ok,right
28,719,2,6,0.07680000000000001,0.5,5.0,10.0,0.07428520452231169,0.8626960620376483,0.7126235304875913,1.074660518701929,0.16723915501885975,21.91185315096535,1.34845,3371125,ok,right
28,40,2,6,0.07680000000000001,0.5,5.0,10.0,0.39448051005601886,-0.9438950697146352,5.591807725716765,1.3959407518255846,-0.18585078750159664,-28.478385978891776,1.3678911999999999,3419728,ok,right
28,745,2,6,0.07680000000000001,0.5,5.0,10.0,0.22693439945578575,-0.9215519631876632,0.7658802410033517,1.2274242734297895,-0.28309633466487355,-5.048294038412134,1.3668148,3417037,ok,right
28,26,2,6,0.07680000000000001,0.5,5.0,10.0,-0.0030925268307328228,0.5701624180796597,0.4656668724600952,0.9970895387777939,0.07017792694314881,50.86918067474923,1.368402,3421005,ok,right
28,234,2,6,0.07680000000000001,0.5,5.0,10.0,0.5317322785034776,-0.30272745857345884,1.9171875544656252,1.5323758635721962,-0.12394285167716122,0.8190665828102249,1.3701168,3425292,ok,right
28,584,2,6,0.07680000000000001,0.5,5.0,10.0,-0.03701856527477503,0.4693939574487677,2.0673813628234643,0.9634694286746784,0.0536229028469325,66.03285584956214,1.3708756,3427189,ok,right
28,771,2,6,0.07680000000000001,0.5,5.0,10.0,-0.07740821912884713,-0.29367933488839854,1.306783092875408,0.9232389568203214,0.0014016029784714459,33.65755631950498,1.3709179999999999,3427295,ok,right
28,285,2,6,0.07680000000000001,0.5,5.0,10.0,0.4689800512045622,-0.41567442872502935,5.166857680155944,1.4698232093381345,-0.07920080715805221,54.09543731933774,1.373244,3433110,ok,right
28,737,2,6,0.07680000000000001,0.5,5.0,10.0,0.3873258063569665,1.322006800635969,2.239477168744557,1.3873801677689879,0.11656453523482609,13.252349749503505,1.3762504,3440626,ok,right
28,975,2,6,0.07680000000000001,0.5,5.0,10.0,0.3355870535597205,0.7153384639243873,2.7294518514368034,1.3357307677297936,-0.08738592472008382,-88.3184201984497,1.3760776,3440194,ok,right
28,961,2,6,0.07680000000000001,0.5,5.0,10.0,0.08757404480129481,1.396501417633245,4.703161713837715,1.0876251727152368,-0.2627475358499031,28.26174945596942,1.380062,3450155,ok,right
28,495,2,6,0.07680000000000001,0.5,5.0,10.0,-0.08954070806503296,-0.07871509025378558,5.545890124104349,0.9105327762141422,-0.0028618714070207975,-57.81126665213743,1.3846368,3461592,ok,right
28,919,2,6,0.07680000000000001,0.5,5.0,10.0,0.26329863741993903,-1.3338892162244245,2.038015848340487,1.2638279608920304,0.056260832610586536,9.74605167609047,1.3907876,3476969,ok,right
28,18,2,6,0.07680000000000001,0.5,5.0,10.0,0.5806530702859164,-0.2555876436619248,1.202471539103354,1.5809390024813033,-0.023768991140635423,19.769409804819603,1.3944364,3486091,ok,right
28,214,2,6,0.07680000000000001,0.5,5.0,10.0,0.518042809329927,-0.5960222223437149,2.1640724461209064,1.5192212127202678,0.0350315733527802,-22.695931543501448,1.400352,3500880,ok,right
28,667,2,6,0.07680000000000001,0.5,5.0,10.0,0.049944507703185086,1.2528426551444507,2.616135897909642,1.0500350948396613,-0.04960611278024585,8.732980467302138,1.4037815999999999,3509454,ok,right
28,8,2,6,0.07680000000000001,0.5,5.0,10.0,-0.07527809515595436,0.2746180176506644,5.9193890204382855,0.9254794758414012,-0.036744379492953706,59.22737562869721,1.4063539999999999,3515885,ok,right
28,999,2,6,0.07680000000000001,0.5,5.0,10.0,0.4254135122522712,-0.7783723304097517,1.5976113752692986,1.4254760734959726,0.1003600210425865,65.14639886812976,1.40805,3520125,ok,right
28,755,2,6,0.07680000000000001,0.5,5.0,10.0,0.14062116667628288,-1.3711363563047239,1.6191800542627819,1.1412079090515665,-0.013977077095963608,-18.586171359519657,1.4149732,3537433,ok,right
28,588,2,6,0.07680000000000001,0.5,5.0,10.0,-0.001317882537841797,-0.21566451656499583,3.830379254990752,0.9995175799829221,0.01435401379773389,-11.855153951083746,1.4185444,3546361,ok,right
28,194,2,6,0.07680000000000001,0.5,5.0,10.0,0.6349284959957004,0.3469179946633293,4.7049859873117414,1.6351444159711401,-0.1805417130079587,32.113854327714314,1.4220891999999998,3555223,ok,right
28,645,2,6,0.07680000000000001,0.5,5.0,10.0,0.37787009961903095,0.005214572605636957,4.556595721415828,1.3779746930461965,0.11288211484099607,-38.051481962639,1.423378,3558445,ok,right
28,348,2,6,0.07680000000000001,0.5,5.0,10.0,0.2476413132622838,-1.3681491948306186,2.430930748491773,1.2477020227098934,0.2960055376385685,-21.688194502891736,1.4273152,3568288,ok,right
28,139,2,6,0.07680000000000001,0.5,5.0,10.0,0.18496140353381635,1.0249196761566282,5.068760208859653,1.1851431011428792,0.03279885560105319,19.06910185610468,1.4300604,3575151,ok,right
28,361,2,6,0.07680000000000001,0.5,5.0,10.0,0.506375365331769,-0.7079337037389349,4.162924265865259,1.5068224113642534,-0.36642564450578746,-3.368485087278432,1.4330939999999999,3582735,ok,right
28,581,2,6,0.07680000000000001,0.5,5.0,10.0,-0.060445018671453,0.4480801828823449,5.623870236471891,0.9398919869227923,0.07078750045992044,-16.98236954658983,1.4368627999999999,3592157,ok,right
28,368,2,6,0.07680000000000001,0.5,5.0,10.0,-0.060292300395667554,0.3262175381539647,4.554429227515518,0.9399927245338557,-0.09699257372907227,17.522044929059263,1.4436556,3609139,ok,right
28,801,2,6,0.07680000000000001,0.5,5.0,10.0,0.4143876554444432,0.35811432015486466,4.32534671470363,1.414687940502154,-0.5698714929226198,22.927853398798376,1.4423152,3605788,ok,right
28,168,2,6,0.07680000000000001,0.5,5.0,10.0,0.26081106141209603,-0.6979271863547442,1.4074847646242434,1.2613082779902924,-0.17603220792925475,40.72106498296375,1.4468564,3617141,ok,right
28,334,2,6,0.07680000000000001,0.5,5.0,10.0,0.18332003988325596,-2.104153994515914,2.4074169633796694,1.1833699401137157,-0.01652124991878154,0.3591332828550845,1.4463047999999998,3615762,ok,right
28,932,2,6,0.07680000000000001,0.5,5.0,10.0,0.6179269263520837,0.4617423999587113,1.9981140452873705,1.6182975256859298,0.1312112865587686,0.6298814006275917,1.446234,3615585,ok,right
28,196,2,6,0.07680000000000001,0.5,5.0,10.0,0.3911057079210878,1.3105656117476547,6.202334718399466,1.3923282972994948,0.3430378257760628,27.559603152106646,1.45356,3633900,ok,right
28,527,2,6,0.07680000000000001,0.5,5.0,10.0,0.014920648932456971,1.1910410534551912,1.8359434114638198,1.015548770761593,-0.12241344353836263,19.907880686846536,1.4553052,3638263,ok,right
28,686,2,6,0.07680000000000001,0.5,5.0,10.0,0.007073744758963585,1.0660505470023156,0.005787385844993323,1.007139736415171,0.08893284951483417,12.839328602200696,1.4532432,3633108,ok,right
28,302,2,6,0.07680000000000001,0.5,5.0,10.0,0.37595288101583724,-1.0014126733651105,3.152061150536139,1.3763100561648252,-0.16799596102717881,-40.48887087801267,1.463398,3658495,ok,right
28,526,2,6,0.07680000000000001,0.5,5.0,10.0,0.3177443454042077,-0.6344090675507,4.2938013966916575,1.318259641984185,0.15999304247810633,16.103543772710974,1.4674719999999999,3668680,ok,right
28,541,2,6,0.07680000000000001,0.5,5.0,10.0,0.509413054957986,0.9927861893034124,1.6349292085639884,1.509783572218793,0.03861230647085569,37.80454209192252,1.4671452,3667863,ok,right
28,956,2,6,0.07680000000000001,0.5,5.0,10.0,0.4699541412293911,-0.9751935350365569,3.3762555069138345,1.470320006264398,0.18140320550645012,-18.939244302134526,1.4671315999999999,3667829,ok,right
28,730,2,6,0.07680000000000001,0.5,5.0,10.0,0.46989599540829663,-0.7183160218221663,3.5616288582637035,1.4702651268098947,0.0530597643637358,14.071674252716614,1.4695555999999999,3673889,ok,right
28,996,2,6,0.07680000000000001,0.5,5.0,10.0,0.07202750630676746,-0.1302890425776156,1.198928004803784,1.0723906039588826,-0.028926832885222416,21.44476447197847,1.4695848,3673962,ok,right
28,272,2,6,0.07680000000000001,0.5,5.0,10.0,0.47385628260672097,0.4853036511365487,5.238851701441622,1.474125406434392,0.042582169169564546,21.846804095952425,1.4743944,3685986,ok,right
28,158,2,6,0.07680000000000001,0.5,5.0,10.0,0.06192902978509665,0.02812997320532283,4.101789178269184,1.0627050421721551,-0.060570152318057235,34.5768112081679,1.48714,3717850,ok,right
28,517,2,6,0.07680000000000001,0.5,5.0,10.0,0.21493816189467907,-1.6305893444214163,4.878103983834033,1.215531796528868,0.04897030222365821,6.446673179242836,1.486376,3715940,ok,right
28,868,2,6,0.07680000000000001,0.5,5.0,10.0,0.11271766405552626,-1.0615692634727631,5.392791507572447,1.1130185700749529,0.26679904963855056,-31.017448786994287,1.4862967999999999,3715742,ok,right
28,314,2,6,0.07680000000000001,0.5,5.0,10.0,0.051786142960190774,1.180989375916652,3.831022659528276,1.0520348245296236,0.08646827371125014,-24.915130295679166,1.4943123999999999,3735781,ok,right
28,483,2,6,0.07680000000000001,0.5,5.0,10.0,0.6193618217483163,0.32874025982840416,5.4235106850237775,1.6194895325061587,-0.32896722371440484,15.54685851777185,1.4922516,3730629,ok,right
28,855,2,6,0.07680000000000001,0.5,5.0,10.0,0.28411331214010715,1.9321661129995837,4.055735711065992,1.2847672793621847,-0.17121877268109653,2.5982457695875185,1.4972075999999999,3743019,ok,right
28,21,2,6,0.07680000000000001,0.5,5.0,10.0,0.6361388452351093,-0.55004475482307,1.6585951561742707,1.6362019248299144,-0.29641901741307375,12.628429761665242,1.5033136,3758284,ok,right
28,36,2,6,0.07680000000000001,0.5,5.0,10.0,0.5396839560940861,-0.8873353159028488,5.7177155227847525,1.5400577245421194,0.2621384113028305,15.609340765515691,1.5052716,3763179,ok,right
28,589,2,6,0.07680000000000001,0.5,5.0,10.0,0.09219957571476699,1.1956935207139752,6.276823623584215,1.0924225940984436,0.05715296184872595,28.93667226960869,1.5111987999999998,3777997,ok,right
28,619,2,6,0.07680000000000001,0.5,5.0,10.0,0.1748536866158247,0.11877122619955728,2.1267859061068504,1.1752488798545007,-0.22257459432943724,-11.974911411781688,1.513142,3782855,ok,right
28,465,2,6,0.07680000000000001,0.5,5.0,10.0,0.3403250185772777,-0.20511656202201922,2.9659114344132753,1.3417839468784818,-0.029981761506170643,37.45784386634371,1.5195387999999999,3798847,ok,right
28,595,2,6,0.07680000000000001,0.5,5.0,10.0,0.15315067265182736,-1.4272003250329888,2.9966692358277345,1.1535198971913287,-0.13819869830858153,2.20569288710081,1.5168104,3792026,ok,right
28,611,2,6,0.07680000000000001,0.5,5.0,10.0,0.23930924385786057,0.20522195900660853,3.7665426360764824,1.239546847922303,-0.013991274618371307,-19.57790692165999,1.5210404,3802601,ok,right
28,273,2,6,0.07680000000000001,0.5,5.0,10.0,0.6260542647913099,0.5937058644590378,0.20976518281898493,1.6265587692925312,-0.013057259424482404,-0.13889635876561118,1.5276116,3819029,ok,right
28,537,2,6,0.07680000000000001,0.5,5.0,10.0,0.0992369119077921,-1.5355627098055433,1.4193066670653607,1.0996746338397623,-0.03962550925970608,-11.10098775130797,1.5288199999999998,3822050,ok,right
28,295,2,6,0.07680000000000001,0.5,5.0,10.0,0.2326136661693454,-1.3522225782282093,1.274048798434938,1.2329108102868473,0.14899683125664265,21.51183466196359,1.5357964,3839491,ok,right
28,639,2,6,0.07680000000000001,0.5,5.0,10.0,0.1502642558887601,-0.8935880627649445,2.686864404355833,1.1506393477191001,-0.16685675547736892,-53.17727745437996,1.533488,3833720,ok,right
28,349,2,6,0.07680000000000001,0.5,5.0,10.0,0.27120269257575275,-0.48285833556860563,3.3178322378758875,1.2714271199321858,0.11617426668249074,5.7309726611422525,1.541774,3854435,ok,right
28,724,2,6,0.07680000000000001,0.5,5.0,10.0,0.34575935639441013,-0.7541115973575649,5.584548588693142,1.345973474480927,0.05784701573214548,-9.520594970893287,1.5407267999999998,3851817,ok,right
28,33,2,6,0.07680000000000001,0.5,5.0,10.0,-0.04334707874804736,0.4578532155095198,4.526771523598278,0.9572586170089511,0.09650473880730133,-0.3235517603790192,1.5552975999999998,3888244,ok,right
28,42,2,6,0.07680000000000001,0.5,5.0,10.0,0.5128789898008108,-0.9355850797964969,3.4329891757902953,1.513048451094576,0.3809391329438001,-20.258564934445314,1.5598935999999999,3899734,ok,right
28,62,2,6,0.07680000000000001,0.5,5.0,10.0,0.24033636506646872,0.5289252555297871,5.217070085944193,1.2405820824876819,-0.17121306166585926,-25.63352003928763,1.557516,3893790,ok,right
28,190,2,6,0.07680000000000001,0.5,5.0,10.0,-0.026592229120433332,0.4177117334689001,0.8718165393896836,0.9737498202721582,-0.03448916999789139,-38.22972262613332,1.5628596,3907149,ok,right
28,565,2,6,0.07680000000000001,0.5,5.0,10.0,0.3443763250485063,-1.218645619908184,4.072547428118631,1.3444417425077375,-0.039386028178250626,-0.10640459806437436,1.56148,3903700,ok,right
28,23,2,6,0.07680000000000001,0.5,5.0,10.0,0.39869516957551243,1.1911016037600755,1.8690166011177787,1.3991127001698198,0.06206654963397336,-47.448677505191384,1.5707271999999999,3926818,ok,right
28,744,2,6,0.07680000000000001,0.5,5.0,10.0,0.06720156893134117,1.4855464402290341,4.665520160178772,1.0672321658557657,0.17649860877802595,-2.9954062762627074,1.5712911999999999,3928228,ok,right
28,816,2,6,0.07680000000000001,0.5,5.0,10.0,0.650962202809751,-0.1726381711333824,1.5264417141729598,1.6512817288432386,-0.02141832836287257,24.183368915206234,1.5701764,3925441,ok,right
28,848,2,6,0.07680000000000001,0.5,5.0,10.0,0.36821494400501253,-0.6219944547854366,5.01602412309286,1.3688059531666328,0.24500730677253124,3.6237801832625935,1.5737523999999998,3934381,ok,right
28,858,2,6,0.07680000000000001,0.5,5.0,10.0,0.2859378011897206,-0.23241179407613896,1.3659697345108877,1.2871277207455452,-0.20187075335345878,3.830502560015204,1.5740399999999999,3935100,ok,right
28,242,2,6,0.07680000000000001,0.5,5.0,10.0,-0.012889279611408712,0.5732087647844186,3.571029692726193,0.9875000036988657,0.07150485292558385,-66.377942473196,1.5781992,3945498,ok,right
28,785,2,6,0.07680000000000001,0.5,5.0,10.0,0.5035125507041812,0.8103377050292161,1.1455150575629942,1.5035324038624804,-0.22743604229982003,9.045043008583175,1.576466,3941165,ok,right
28,27,2,6,0.07680000000000001,0.5,5.0,10.0,0.30937870405614376,-0.6206370299673412,3.1784360552367863,1.3098811140290774,0.05511719311745825,-30.946961213522364,1.5848468,3962117,ok,right
28,713,2,6,0.07680000000000001,0.5,5.0,10.0,0.09269082956016064,0.6882449664031118,5.239583764666422,1.093080124471791,-0.3687139831599763,12.444884684601302,1.586722,3966805,ok,right
28,684,2,6,0.07680000000000001,0.5,5.0,10.0,0.544109870120883,-0.39323464129230223,1.3162697216315742,1.5441915445888925,0.1259749912449042,3.4640962540705167,1.5881564,3970391,ok,right
28,818,2,6,0.07680000000000001,0.5,5.0,10.0,0.5895434802398086,0.5869354525803221,0.8904712084543853,1.5901099520022721,-0.06477392514873771,-36.74458459895016,1.5897295999999999,3974324,ok,right
28,580,2,6,0.07680000000000001,0.5,5.0,10.0,0.12357145678251982,-1.9561725439032471,0.5277163701678784,1.124636733823523,-0.10731048861848921,12.83277260910768,1.5928039999999999,3982010,ok,right
28,980,2,6,0.07680000000000001,0.5,5.0,10.0,0.3176210679113865,-0.4016439151172985,5.459201871910687,1.3186286197060153,-0.006801610283002919,32.089908578468375,1.5922588,3980647,ok,right
28,591,2,6,0.07680000000000001,0.5,5.0,10.0,-0.08418745454400778,0.3378804836057714,1.5177861881955605,0.9162054638577156,0.010561906905678164,-3.214965199306811,1.6008764,4002191,ok,right
28,105,2,6,0.07680000000000001,0.5,5.0,10.0,0.5791270373389125,0.6794983574128688,5.49445108052457,1.5791831009052213,-0.09796366805472446,-12.303857869213317,1.6075515999999999,4018879,ok,right
28,481,2,6,0.07680000000000001,0.5,5.0,10.0,0.37231811936944725,-0.8859846325566989,1.1944673320502877,1.3731951080837992,-0.35074028681221847,0.7441167281458491,1.6053688,4013422,ok,right
28,697,2,6,0.07680000000000001,0.5,5.0,10.0,0.14381766319274902,0.3597418309819205,2.758325752299243,1.144500620421094,-0.03151801395790632,34.29688331229541,1.6070228,4017557,ok,right
28,753,2,6,0.07680000000000001,0.5,5.0,10.0,0.4502674456685782,0.661302760872058,1.5261627122885544,1.450785579717994,0.45105682118898427,25.756257549064173,1.6124695999999998,4031174,ok,right
28,89,2,6,0.07680000000000001,0.5,5.0,10.0,0.1522482741624117,-1.7802026079144644,5.104844031255693,1.1530665785949856,-0.07472734629493896,-3.6985852462754316,1.617346,4043365,ok,right
28,949,2,6,0.07680000000000001,0.5,5.0,10.0,0.5467797933146358,0.8654097756624861,1.6308316145227493,1.5471714079637022,0.04760264900170311,-3.6404591814482936,1.6163623999999999,4040906,ok,right
28,566,2,6,0.07680000000000001,0.5,5.0,10.0,0.6126311713829637,-0.325181190023962,2.7367538227017874,1.612688691389618,0.22135208976999218,66.51201425353018,1.6200936,4050234,ok,right
28,240,2,6,0.07680000000000001,0.5,5.0,10.0,0.061377708241343504,-0.628797119073624,1.3371274473081411,1.0619636280116067,0.26807943434558,3.989281831819159,1.6271244,4067811,ok,right
28,822,2,6,0.07680000000000001,0.5,5.0,10.0,0.5388008581474424,-0.48892206046097697,1.4720110426198674,1.5397635097411397,0.12111482093365708,40.63698002803398,1.6261527999999998,4065382,ok,right
28,752,2,6,0.07680000000000001,0.5,5.0,10.0,0.032920858636498455,-0.03949181910863248,3.490175850416264,1.0333312106986523,0.15004416453061586,12.360892852607313,1.6385623999999999,4096406,ok,right
28,970,2,6,0.07680000000000001,0.5,5.0,10.0,0.15171597227454187,-0.014995837564768971,2.3288413819113063,1.1519283056868281,0.1586436524973083,42.48991367850164,1.6401808,4100452,ok,right
28,567,2,6,0.07680000000000001,0.5,5.0,10.0,0.07564196456223726,1.513850885824939,2.0367921276076064,1.0760486039416273,0.10227030686781395,44.028504675798295,1.6530372,4132593,ok,right
28,501,2,6,0.07680000000000001,0.5,5.0,10.0,0.24244994912296536,-0.519119701889284,2.988587712091261,1.2424886505076633,0.07438164774208259,-9.410833075387586,1.6604816,4151204,ok,right
28,778,2,6,0.07680000000000001,0.5,5.0,10.0,0.4126046568155289,1.130141644023744,3.762708305846952,1.4132036422044865,-0.15349315521807233,-28.809819870524237,1.6719608,4179902,ok,right
28,22,2,6,0.07680000000000001,0.5,5.0,10.0,0.04067497812211514,1.0008108612005744,6.124177440800852,1.04089212603534,0.18556766977755013,53.71314500676989,1.6738624,4184656,ok,right
28,674,2,6,0.07680000000000001,0.5,5.0,10.0,-0.03985835686326027,-0.23003688009118825,0.9660526940066355,0.9601987181328325,0.02272453384796313,16.056009045858197,1.675798,4189495,ok,right
28,550,2,6,0.07680000000000001,0.5,5.0,10.0,0.3498722180724144,-0.8784373720669821,4.926065935927567,1.350088107161448,0.08348111274041,6.144247906078754,1.691972,4229930,ok,right
28,188,2,6,0.07680000000000001,0.5,5.0,10.0,0.09317074287682772,1.7936361822482423,3.6659781655626293,1.0933047718409326,-0.056557035124264875,18.847755680989145,1.7010804,4252701,ok,right
28,831,2,6,0.07680000000000001,0.5,5.0,10.0,0.11854219846427441,-1.7061880489207193,3.0324721735638005,1.1187959765748159,0.2829190578720178,-0.19693466037120524,1.7035892,4258973,ok,right
28,833,2,6,0.07680000000000001,0.5,5.0,10.0,0.3216079698875547,0.40785285574351887,4.936730684797165,1.3220190657619306,0.24903406515062038,-12.83737771588642,1.7027512,4256878,ok,right
28,604,2,6,0.07680000000000001,0.5,5.0,10.0,-0.028115735203027726,0.5304659366793725,4.022160133399842,0.972162229019689,-0.1418802771867099,30.386022738195404,1.7109412,4277353,ok,right
28,145,2,6,0.07680000000000001,0.5,5.0,10.0,0.03935086876153946,-1.2250417367350999,5.627268129962079,1.039553112325312,0.07608791213383101,-57.790555648380106,1.7153064,4288266,ok,right
28,297,2,6,0.07680000000000001,0.5,5.0,10.0,0.5731072597205639,-0.4286028814224787,1.1117743866657623,1.573148547521404,0.16625543174311994,-16.269330842380803,1.7137672,4284418,ok,right
28,287,2,6,0.07680000000000001,0.5,5.0,10.0,0.061907142214477066,-0.9250331851951661,4.458769241064541,1.0621567479322687,-0.0550379881229864,-67.17122926267632,1.7191151999999998,4297788,ok,right
28,510,2,6,0.07680000000000001,0.5,5.0,10.0,0.5551513478159905,0.6336443995090236,2.3116723471178067,1.55631365196884,-0.3870785465755578,-37.654568695139226,1.722794,4306985,ok,right
28,10,2,6,0.07680000000000001,0.5,5.0,10.0,0.28063321188092233,-1.6393620656624406,4.434972704608995,1.2810906815125704,0.23798331234659031,29.28524511493117,1.7270683999999998,4317671,ok,right
28,502,2,6,0.07680000000000001,0.5,5.0,10.0,0.35501612648367886,1.3075912751617247,2.723730239851572,1.3567200374475854,0.22065070469686315,-41.6673514312742,1.7275904,4318976,ok,right
28,72,2,6,0.07680000000000001,0.5,5.0,10.0,0.3874628596007824,1.3102395359321803,3.147065177039504,1.388064374364055,0.12529618422619548,15.01762441541476,1.7372847999999999,4343212,ok,right
28,657,2,6,0.07680000000000001,0.5,5.0,10.0,0.6229460867121817,0.5598533403198441,1.163555400512833,1.6231623131006285,-0.050956090976951675,-17.716505211863293,1.736872,4342180,ok,right
28,616,2,6,0.07680000000000001,0.5,5.0,10.0,0.6085163189098239,0.6169973827919012,4.449724001025415,1.6088528932034871,-0.09070365777188924,-47.486743864279596,1.7508768,4377192,ok,right
28,246,2,6,0.07680000000000001,0.5,5.0,10.0,0.569483102671802,-0.7373781036776026,1.6016041965806187,1.5697431408356621,0.09723012707726254,-10.206304992988157,1.7574436,4393609,ok,right
28,333,2,6,0.07680000000000001,0.5,5.0,10.0,0.5425178581848741,0.08033413136988404,1.0275400420357712,1.5428120446278404,0.04160536630341003,24.271722427050758,1.756108,4390270,ok,right
28,405,2,6,0.07680000000000001,0.5,5.0,10.0,-0.056253346055746084,0.563019530645195,5.452045295684847,0.9438702260067885,-0.013205411120692033,24.430436342504418,1.7562248,4390562,ok,right
28,973,2,6,0.07680000000000001,0.5,5.0,10.0,0.3059262342751026,1.1901619611990557,0.12556677477161102,1.3067134336801258,-0.18762970317654581,6.19024511265933,1.7637896,4409474,ok,right
28,476,2,6,0.07680000000000001,0.5,5.0,10.0,0.38660408463329077,0.7262206858941026,2.994653059685905,1.3866096998455737,0.2599599060692655,13.321076969207489,1.766398,4415995,ok,right
28,708,2,6,0.07680000000000001,0.5,5.0,10.0,-0.07635385058820249,0.3672109991269009,0.3268477042102448,0.9236973041405301,-0.045311964876641124,-22.92487295744287,1.7676007999999999,4419002,ok,right
28,859,2,6,0.07680000000000001,0.5,5.0,10.0,0.18460286743938925,-0.753689350375813,5.490484202602468,1.1846197130450478,-0.10727536291344288,-47.19812434185799,1.7667488,4416872,ok,right
28,877,2,6,0.07680000000000001,0.5,5.0,10.0,-0.003993313387036324,0.7698807556983449,1.9550480952576892,0.9962488585323597,-0.08590508873719367,50.38334314695821,1.7653888,4413472,ok,right
28,564,2,6,0.07680000000000001,0.5,5.0,10.0,0.5615500187501311,-0.023090160018970993,1.340761341668713,1.5615590691883563,0.3682032189022384,0.12151726725396272,1.7744548,4436137,ok,right
28,883,2,6,0.07680000000000001,0.5,5.0,10.0,0.37740191202610734,-0.24829357536177735,4.474838628133299,1.3774317563596148,-0.03833614144114446,-34.609679411798076,1.7747152,4436788,ok,right
28,928,2,6,0.07680000000000001,0.5,5.0,10.0,0.34153852220624686,0.5919523602077463,4.912139671179885,1.3419030093729134,0.06485810372203134,-29.411136446659054,1.7742091999999998,4435523,ok,right
28,259,2,6,0.07680000000000001,0.5,5.0,10.0,0.3274665785953403,0.24194471497427578,3.4666708501272265,1.3278189545675276,-0.3146482717389017,12.010798570013481,1.7791252,4447813,ok,right
28,964,2,6,0.07680000000000001,0.5,5.0,10.0,0.6449253866448998,0.19319667348558897,4.789003542111566,1.6463551288981881,-0.25164227540005857,-18.957649401406506,1.7796104,4449026,ok,right
28,1,2,6,0.07680000000000001,0.5,5.0,10.0,-0.03635709881782532,0.28730472207346675,2.2436855700527922,0.964189897716403,0.037431919409739764,25.56443360554395,1.7810872,4452718,ok,right
28,941,2,6,0.07680000000000001,0.5,5.0,10.0,0.22712038550525904,1.1544781203192354,0.6728101754615474,1.227335249012878,0.05004782610646037,37.24309954116792,1.7854459999999999,4463615,ok,right
28,910,2,6,0.07680000000000001,0.5,5.0,10.0,0.5773442178964615,-0.36560215424873355,1.9980026060397642,1.5777336151103034,0.006741061407426871,53.2130710913345,1.7969688,4492422,ok,right
28,549,2,6,0.07680000000000001,0.5,5.0,10.0,0.42636630237102513,0.615475056027335,0.7958250608052921,1.4266768672673333,0.2814497925453931,-28.684791495533702,1.8101376,4525344,ok,right
28,376,2,6,0.07680000000000001,0.5,5.0,10.0,0.0856845060363412,-0.2800197665456632,3.495367236121173,1.0858862825949438,-0.06754492643502438,94.07654128746758,1.8125091999999998,4531273,ok,right
28,490,2,6,0.07680000000000001,0.5,5.0,10.0,0.579198932275176,-0.3037570750470988,0.20143636594747402,1.5792543999960242,-0.19901777088118403,-53.610984839168246,1.8154839999999999,4538710,ok,right
28,561,2,6,0.07680000000000001,0.5,5.0,10.0,-0.042657085135579115,-0.49071482036162567,0.25615331447658035,0.9578256789392298,0.025492196525633438,43.40610873589595,1.8334979999999999,4583745,ok,right
28,374,2,6,0.07680000000000001,0.5,5.0,10.0,0.14000621363520624,-1.3489503486768024,3.9876876538255557,1.1404555418718283,0.06272415313871194,-0.2384720182305343,1.8430807999999999,4607702,ok,right
28,499,2,6,0.07680000000000001,0.5,5.0,10.0,0.08734335061162711,-1.5356547360281791,5.664888219686963,1.0876337858052039,-0.0028976110229214347,6.870674432284612,1.8540652,4635163,ok,right
28,556,2,6,0.07680000000000001,0.5,5.0,10.0,0.6248065154999495,-0.03472360042180409,0.10281062469233344,1.6250676960269268,0.48735508245308967,-66.67253705126468,1.8568752,4642188,ok,right
28,615,2,6,0.07680000000000001,0.5,5.0,10.0,0.37070790417492394,0.4600829874853618,1.6063531080832731,1.3707157110043982,0.18400786458292392,-45.27295761544796,1.857982,4644955,ok,right
28,750,2,6,0.07680000000000001,0.5,5.0,10.0,0.41143129076808693,0.8087050616133388,0.0286233454200853,1.4120879172572212,0.006558312857640603,15.337958916344736,1.856612,4641530,ok,right
28,156,2,6,0.07680000000000001,0.5,5.0,10.0,0.6680372996255756,-0.2830625891610496,1.6521760603588787,1.6680871503487196,-0.3348843156505029,38.74985283481397,1.8622484,4655621,ok,right
28,446,2,6,0.07680000000000001,0.5,5.0,10.0,0.4203947359696031,-1.0741718009637844,6.2185985448359755,1.4208810462927841,0.29910214408591496,20.663963306712258,1.8710875999999999,4677719,ok,right
28,805,2,6,0.07680000000000001,0.5,5.0,10.0,0.6170338274911047,-0.24305675015470962,3.63692964202074,1.6186036323682669,-0.1622456264272767,0.6135900971741141,1.8709087999999998,4677272,ok,right
28,782,2,6,0.07680000000000001,0.5,5.0,10.0,0.1477749424055219,-0.752521336237629,5.2925000556080555,1.1484225087226438,-0.0027442173368028492,28.32628329305043,1.8777579999999998,4694395,ok,right
28,960,2,6,0.07680000000000001,0.5,5.0,10.0,0.5664785383269191,0.36774115417455777,0.1732353167005765,1.5668529936411126,0.26375041279633027,-16.09142943084345,1.8780156,4695039,ok,right
28,662,2,6,0.07680000000000001,0.5,5.0,10.0,0.5573432115837932,0.7344371477123258,5.459758513702766,1.5580628074822997,-0.017030489805833944,-56.02057753538638,1.8822948,4705737,ok,right
28,793,2,6,0.07680000000000001,0.5,5.0,10.0,0.49038159269839526,0.9274509013030151,5.569686972161446,1.490402867499957,0.11866909690146815,23.282038715146324,1.8829988,4707497,ok,right
28,310,2,6,0.07680000000000001,0.5,5.0,10.0,0.29561028573662046,1.6854176112328447,5.155207806640522,1.2959049364511948,0.22665409960657026,-28.647515919216325,1.889578,4723945,ok,right
28,698,2,6,0.07680000000000001,0.5,5.0,10.0,0.5070082196965814,0.8544812222705994,4.834422859197003,1.5084699894855864,-0.4576314968509538,24.543423766169425,1.8897404,4724351,ok,right
28,888,2,6,0.07680000000000001,0.5,5.0,10.0,0.30209096483886244,-0.7191639412682634,3.0169387748096788,1.3021059233765107,0.3150540276802194,7.888964747756037,1.8921892,4730473,ok,right
28,85,2,6,0.07680000000000001,0.5,5.0,10.0,0.5877699648961425,0.27430903843165716,0.32381712458015305,1.5882333349805318,0.38086138237178413,-10.243770569406088,1.8960203999999998,4740051,ok,right
28,318,2,6,0.07680000000000001,0.5,5.0,10.0,0.15212265048176052,0.9425129066435469,2.4202350925519145,1.1526010963363564,-0.13241426477387577,34.63693886103067,1.9002576,4750644,ok,right
28,821,2,6,0.07680000000000001,0.5,5.0,10.0,0.4247605981305242,0.5879333689570715,3.837899057683575,1.4247991587988176,-0.36932508500712635,-10.255858265535043,1.9057944,4764486,ok,right
28,288,2,6,0.07680000000000001,0.5,5.0,10.0,-0.03149771895259619,0.6877505286208393,4.542077056769455,0.9690528081149743,-0.10964585349375884,6.340261773344404,1.9145636,4786409,ok,right
28,607,2,6,0.07680000000000001,0.5,5.0,10.0,0.45247290916740895,0.3411059866827935,1.6036438247621765,1.452917354299107,0.2360265112816832,-22.49364203444225,1.9149551999999999,4787388,ok,right
28,715,2,6,0.07680000000000001,0.5,5.0,10.0,0.5442557649686933,-0.32203977777625536,0.41912205203578373,1.5450205756368804,-0.007399262746663942,-13.159068366914552,1.9189479999999999,4797370,ok,right
28,718,2,6,0.07680000000000001,0.5,5.0,10.0,-0.05309818629175425,-0.5003565368393705,3.0704613267988035,0.9473977416967954,-0.19020181809873216,-26.331011661195227,1.9198312,4799578,ok,right
28,396,2,6,0.07680000000000001,0.5,5.0,10.0,0.5993618626147509,0.295295144285127,6.06149752780517,1.6000145555226997,0.02601446815036134,-21.4816945213327,1.9309724,4827431,ok,right
28,850,2,6,0.07680000000000001,0.5,5.0,10.0,0.23750832807272673,-0.46363942398567115,3.1071913435171448,1.238117512352754,-0.08083749435337641,72.0373208105954,1.9280903999999999,4820226,ok,right
28,635,2,6,0.07680000000000001,0.5,5.0,10.0,0.45724769886583094,-1.119691101852584,1.2665334327726494,1.4579364024951063,0.01907087360650592,53.02888768918811,1.9327547999999999,4831887,ok,right
28,701,2,6,0.07680000000000001,0.5,5.0,10.0,0.004446640610694885,0.9015560062480128,0.1479170791915021,1.0045937074124167,0.13525515226907994,-4.974677238217756,1.93573,4839325,ok,right
28,633,2,6,0.07680000000000001,0.5,5.0,10.0,0.6269308980554342,0.3010879439737015,2.3668300041070465,1.6279526986561905,0.042936668192767445,6.312576429291149,1.9405367999999998,4851342,ok,right
28,800,2,6,0.07680000000000001,0.5,5.0,10.0,0.41956461723893884,0.7880104114332941,2.1639359134394867,1.4197714189965152,-0.20357034128728888,53.76106614063692,1.9423363999999999,4855841,ok,right
28,576,2,6,0.07680000000000001,0.5,5.0,10.0,0.28324735388159755,-1.8194682916865292,3.8978498926136296,1.2838805765007797,0.5078078144208974,-18.742439310989155,1.9444704,4861176,ok,right
28,270,2,6,0.07680000000000001,0.5,5.0,10.0,0.6736314745619894,-0.0907672500189766,1.8375573231697204,1.6741564827310162,0.19506693858215338,-128.0042768569819,1.9499267999999998,4874817,ok,right
28,933,2,6,0.07680000000000001,0.5,5.0,10.0,0.2570125490427017,-1.8218742366381264,3.097605366531298,1.2572004624354862,0.21364965575163708,132.44401410761074,1.9504531999999999,4876133,ok,right
28,311,2,6,0.07680000000000001,0.5,5.0,10.0,0.4255963277071715,-0.6410244758609337,6.156691311522646,1.4263713728880336,-0.11445732926980506,5.916439253847374,1.9542363999999999,4885591,ok,right
28,250,2,6,0.07680000000000001,0.5,5.0,10.0,0.14342346787452698,1.4799470089793911,2.3055117445382667,1.1439174570515516,-0.013170024558350339,3.1822782530248306,1.9594044,4898511,ok,right
28,360,2,6,0.07680000000000001,0.5,5.0,10.0,0.09159563537687064,0.23442437758971646,5.490993630176456,1.0917442887865674,0.07967614708625347,-9.448282122129903,1.9644911999999999,4911228,ok,right
28,480,2,6,0.07680000000000001,0.5,5.0,10.0,0.3899612983688712,-1.4045393204325949,2.423901732870773,1.3912087601039729,0.1178210779380804,-31.649033331599774,1.9691724,4922931,ok,right
28,860,2,6,0.07680000000000001,0.5,5.0,10.0,0.32371514178812505,0.23365551128959872,0.3076990867077508,1.3247947128653785,-0.030299314467144307,11.458696751025272,1.9770816,4942704,ok,right
28,605,2,6,0.07680000000000001,0.5,5.0,10.0,0.35124303828924897,1.3816315608133174,1.8931110198784615,1.3516144621406905,0.3015024279164929,-50.44981918729765,1.9884464,4971116,ok,right
28,363,2,6,0.07680000000000001,0.5,5.0,10.0,-0.04548446387052536,0.2361222408745827,3.8378136261935816,0.955477366285285,0.03686407705153736,-31.504123675151185,1.9995779999999999,4998945,ok,right
28,861,2,6,0.07680000000000001,0.5,5.0,10.0,-0.08395615927875043,-0.05709826730125446,4.469075408232057,0.9164482848577528,0.018266694484070783,-0.594251920250267,2.0057519999999998,5014380,ok,right
28,16,2,6,0.07680000000000001,0.5,5.0,10.0,0.39982653521001343,-0.7473832233437184,6.068663105365951,1.4005512592472433,-0.21774517396135012,19.538619387726303,2.0159844,5039961,ok,right
28,142,2,6,0.07680000000000001,0.5,5.0,10.0,0.3533316608518362,0.18392265793502455,3.9722086317364402,1.3537373167996252,-0.68194942953017,-57.65624209868432,2.0151635999999997,5037909,ok,right
28,642,2,6,0.07680000000000001,0.5,5.0,10.0,0.021093069948256018,0.5240054005101201,1.8308162112896382,1.021384763592413,0.19299432076043782,1.0735983025141413,2.0121416,5030354,ok,right
28,464,2,6,0.07680000000000001,0.5,5.0,10.0,0.13683895729482173,0.8237985272606901,4.218357627321554,1.1369534443485154,-0.19725043039294324,57.110673531622474,2.0190432,5047608,ok,right
28,884,2,6,0.07680000000000001,0.5,5.0,10.0,0.4046792732551694,-1.0553670142594906,4.286708033156023,1.4048109744389807,0.20430128517114104,52.36663760827045,2.016638,5041595,ok,right
28,519,2,6,0.07680000000000001,0.5,5.0,10.0,0.6010849229991436,-0.5637505344126513,1.7153466653367082,1.6011491258727846,0.24708195106326747,17.755040290942528,2.026256,5065640,ok,right
28,723,2,6,0.07680000000000001,0.5,5.0,10.0,-0.04498012531548739,-0.44008725641549346,2.4642774043481257,0.9554371578098121,-0.04702492160205746,-42.46282630248306,2.0279776,5069944,ok,right
28,672,2,6,0.07680000000000001,0.5,5.0,10.0,-0.01436925157904625,-0.775086011641211,1.987968304642263,0.9859785715160075,-0.005521585601437114,-1.5031198123802307,2.0318343999999997,5079586,ok,right
28,180,2,6,0.07680000000000001,0.5,5.0,10.0,-0.042233505658805376,-0.1507160906756934,4.035357649895092,0.9582562321007255,0.011810496935907813,21.409595393142677,2.0326239999999998,5081560,ok,right
28,352,2,6,0.07680000000000001,0.5,5.0,10.0,0.5940014939755202,0.011891974456293761,0.5909390667326746,1.5942613678159006,-0.5846856534516319,27.902622022212203,2.0358768,5089692,ok,right
28,460,2,6,0.07680000000000001,0.5,5.0,10.0,0.2526726994663477,-0.7000851279228483,0.09835168695967914,1.2530120887935705,0.05563637232452507,-49.823582641761185,2.0333864,5083466,ok,right
28,603,2,6,0.07680000000000001,0.5,5.0,10.0,-0.025708020478487015,0.5425936543984233,1.563921963558646,0.974623081328943,0.02612551972076031,76.24347596049958,2.0328216,5082054,ok,right
28,940,2,6,0.07680000000000001,0.5,5.0,10.0,0.23342832867056132,0.936776766537398,0.33899224445623594,1.2338388930283943,0.022504951768034884,12.410426691337053,2.0358092,5089523,ok,right
28,647,2,6,0.07680000000000001,0.5,5.0,10.0,0.6282870624214412,-0.3406973329887009,5.693082587786993,1.6287651336485738,0.12929635897819988,16.10806465678767,2.0426756,5106689,ok,right
28,828,2,6,0.07680000000000001,0.5,5.0,10.0,0.43054341636598115,-0.5752519566680805,3.440271677078562,1.4318542201760096,0.1310977428565684,-12.696217210382864,2.0497636,5124409,ok,right
28,969,2,6,0.07680000000000001,0.5,5.0,10.0,0.20639349538832905,-0.6316077056240997,0.6001769701570037,1.2071790865222871,0.0007144383794912552,47.27377209001994,2.0497812,5124453,ok,right
28,339,2,6,0.07680000000000001,0.5,5.0,10.0,0.26268109735101464,1.1188130081053502,5.662452483028755,1.2632790484628864,-0.12197535630973973,52.76559065700267,2.0537264,5134316,ok,right
28,907,2,6,0.07680000000000001,0.5,5.0,10.0,0.6548359073698521,-0.011599801876701189,3.351326481685585,1.6560654798594154,0.015035454719502794,-96.5328292305271,2.0650163999999998,5162541,ok,right
28,137,2,6,0.07680000000000001,0.5,5.0,10.0,0.31209240872412924,0.8218478205964179,3.283476442110522,1.312367460484344,-0.32583432637552256,25.30756734316737,2.0706572,5176643,ok,right
28,670,2,6,0.07680000000000001,0.5,5.0,10.0,0.5974886134266854,-0.40812113642781433,5.557479113895148,1.5988987881767347,-0.42931705814367654,-3.655517762728376,2.0699511999999998,5174878,ok,right
28,371,2,6,0.07680000000000001,0.5,5.0,10.0,0.3142842292785645,1.73895953155652,1.0335207364128407,1.3147214416139472,0.16471595556430985,-56.70385037784753,2.0804752,5201188,ok,right
28,901,2,6,0.07680000000000001,0.5,5.0,10.0,0.18189514614641666,-2.1745981458499686,5.9025401701360405,1.181898664970428,0.085131799048994,66.96003360778178,2.0834696,5208674,ok,right
28,74,2,6,0.07680000000000001,0.5,5.0,10.0,0.3012186547741294,0.07799960537937276,2.0910428456077685,1.3013249089681955,-0.013789614772816636,53.447619431590184,2.0875668,5218917,ok,right
28,751,2,6,0.07680000000000001,0.5,5.0,10.0,-0.049345665425062184,0.044062376950821824,4.575883490223104,0.9516596863764246,0.007501703074928656,28.44482514311601,2.0896643999999998,5224161,ok,right
28,853,2,6,0.07680000000000001,0.5,5.0,10.0,0.528313708677888,-0.7741672964068652,4.074035612256045,1.5288061450620558,0.18056079814285558,25.959816805062353,2.0974648,5243662,ok,right
28,46,2,6,0.07680000000000001,0.5,5.0,10.0,0.5712556527927518,0.46323900590972095,5.998306949606804,1.5718239576516218,-0.12049129913711325,44.97444165477939,2.1018292,5254573,ok,right
28,164,2,6,0.07680000000000001,0.5,5.0,10.0,0.3711346577852965,-1.4304985470078944,1.0917331536051045,1.3715397243337728,0.13851648451755863,25.832648111030455,2.1018976,5254744,ok,right
28,569,2,6,0.07680000000000001,0.5,5.0,10.0,0.11420823391526938,0.12748033509557305,3.3295301492322786,1.114322253800506,-0.17948015013956875,-18.78072826862288,2.1038452,5259613,ok,right
28,113,2,6,0.07680000000000001,0.5,5.0,10.0,0.27815866470336914,-1.428985023440781,3.3995358366330124,1.278183698765341,0.4605949432774166,12.872190887331634,2.1049964,5262491,ok,right
28,867,2,6,0.07680000000000001,0.5,5.0,10.0,0.2033844230696559,-0.3404128625325194,5.67250727698271,1.2036097704452178,-0.24684206493709404,20.772516815977866,2.1095843999999997,5273961,ok,right
28,78,2,6,0.07680000000000001,0.5,5.0,10.0,0.4197851095348597,0.300503789248377,0.43476873185137377,1.4204388704836604,-0.013677489392833617,5.5713390188439105,2.1138536,5284634,ok,right
28,436,2,6,0.07680000000000001,0.5,5.0,10.0,0.23846274912357332,0.30485684276922087,4.474835577949104,1.2385670222506717,-0.15955233320055512,-13.361050669051881,2.1148928,5287232,ok,right
28,504,2,6,0.07680000000000001,0.5,5.0,10.0,0.5986125808209181,-0.5773297939862096,6.00858277292752,1.5995134140372533,0.04808111870161564,43.975990352420986,2.1120312,5280078,ok,right
28,767,2,6,0.07680000000000001,0.5,5.0,10.0,0.3347898792475462,-0.07495832548631025,3.7210735622213336,1.335034141000098,-0.10136830161473422,-30.279481490315437,2.1230355999999997,5307589,ok,right
28,924,2,6,0.07680000000000001,0.5,5.0,10.0,0.04914551936089993,-0.5887826588748408,4.952317071907036,1.0493302220458776,0.21294216997705429,52.73518334007797,2.1246115999999997,5311529,ok,right
28,395,2,6,0.07680000000000001,0.5,5.0,10.0,-0.07797299567610026,0.10230990441109841,2.350394584694429,0.9220521025497513,-0.04564312903825937,-38.266367281255874,2.1363708,5340927,ok,right
28,978,2,6,0.07680000000000001,0.5,5.0,10.0,0.2496891735121608,-1.6523778750882576,1.752617745232503,1.2514529544664315,-0.25645322614710153,10.551561171981023,2.1374456,5343614,ok,right
28,47,2,6,0.07680000000000001,0.5,5.0,10.0,0.13797105252742767,-0.9492604043350524,4.8660491073000385,1.1382471906706992,-0.1539857357641761,17.52231919432662,2.1715595999999997,5428899,ok,right
28,101,2,6,0.07680000000000001,0.5,5.0,10.0,0.23432709127664567,1.8993723882979279,3.0112521927978553,1.2355034518598804,0.020787569676320755,-40.63703783148868,2.1830544,5457636,ok,right
28,347,2,6,0.07680000000000001,0.5,5.0,10.0,0.41698094829916954,-0.4557349422709446,6.083212033398631,1.4173128098756682,0.051698438278072606,-41.38434027162373,2.1992552,5498138,ok,right
28,950,2,6,0.07680000000000001,0.5,5.0,10.0,0.06601417101919652,-0.524376798507419,4.255442937102134,1.06624221404675,-0.019955617137924157,-35.087739265761485,2.20742,5518550,ok,right
28,77,2,6,0.07680000000000001,0.5,5.0,10.0,0.5054822249338031,-0.7924797582936673,0.9711457043223867,1.5059785742106597,-0.17452207949946283,-53.52799101031745,2.214528,5536320,ok,right
28,167,2,6,0.07680000000000001,0.5,5.0,10.0,0.6842788426205516,0.14055434637938846,5.859315582732761,1.6856669331217558,0.23056703412275928,-29.005191510674468,2.2157108,5539277,ok,right
28,596,2,6,0.07680000000000001,0.5,5.0,10.0,0.2282290779054165,-1.7785110304996834,4.9841249208087595,1.2294740188726816,-0.2756919347401405,-15.62563147770211,2.213676,5534190,ok,right
28,149,2,6,0.07680000000000001,0.5,5.0,10.0,0.17166400104761126,-1.8675791551806584,0.4407962849574404,1.1719041865940247,-0.11268804301313809,0.004111421518547112,2.2347208,5586802,ok,right
28,293,2,6,0.07680000000000001,0.5,5.0,10.0,-0.09005305506289006,-0.002675911183741675,3.5165766399894056,0.9102768186068497,0.006852145190073521,18.193589686988897,2.243654,5609135,ok,right
28,693,2,6,0.07680000000000001,0.5,5.0,10.0,0.5442016599699855,0.9294090401981179,5.849243704821476,1.5443545865786261,-0.32069444889051973,-41.05019557215835,2.2435692,5608923,ok,right
28,854,2,6,0.07680000000000001,0.5,5.0,10.0,0.6733909819275141,-0.10188849820868547,3.147902898059661,1.6734939695474902,-0.19675601055741368,-90.58946976418063,2.2418572,5604643,ok,right
28,192,2,6,0.07680000000000001,0.5,5.0,10.0,0.5597832469269634,-0.5742075578508945,0.407279360065842,1.5600437028808574,-0.2604843996482449,-37.23433401832681,2.2487372,5621843,ok,right
28,15,2,6,0.07680000000000001,0.5,5.0,10.0,0.6285387268289924,-0.2642116760596146,6.002565378324596,1.6285819702254427,0.15493506595866827,-15.986268967343161,2.2564159999999998,5641040,ok,right
28,653,2,6,0.07680000000000001,0.5,5.0,10.0,0.3847809333354235,-0.8780484718561755,3.138819189126723,1.3849950198167782,0.21658273300171715,-21.614051316390437,2.2562227999999998,5640557,ok,right
28,71,2,6,0.07680000000000001,0.5,5.0,10.0,0.32722689472138883,-1.5590680203519,4.265325560227341,1.3274679236307974,0.029965034155893,-18.82905787955694,2.2605172,5651293,ok,right
28,186,2,6,0.07680000000000001,0.5,5.0,10.0,0.1975364638492465,-0.7513103555115992,3.8600044740057506,1.197685719579041,-0.30335594408148037,29.483058334721036,2.2653708,5663427,ok,right
28,879,2,6,0.07680000000000001,0.5,5.0,10.0,0.5934858752414585,0.7339491887426526,0.5458012121598526,1.5935743518917462,-0.17582434821728424,33.34826755167133,2.267734,5669335,ok,right
28,399,2,6,0.07680000000000001,0.5,5.0,10.0,0.553638763166964,0.5439257631277472,1.8415978502396055,1.5538730000114975,-0.06542395867278374,33.79019001318272,2.2709332,5677333,ok,right
28,445,2,6,0.07680000000000001,0.5,5.0,10.0,0.023418094776570798,-0.6689579534418247,5.526308346799011,1.0235529589048598,0.010534694244461417,-94.33625064688047,2.2715023999999997,5678756,ok,right
28,449,2,6,0.07680000000000001,0.5,5.0,10.0,0.12769924998283386,-0.5756936630814415,1.3610190661242492,1.1277268401181886,0.1771065958332606,-56.7322772529131,2.2727124,5681781,ok,right
28,492,2,6,0.07680000000000001,0.5,5.0,10.0,0.5174528254196048,-0.032246347456851614,0.8799384279618002,1.5174846065226373,-0.6153094792535158,-119.01235779046836,2.2728748,5682187,ok,right
28,620,2,6,0.07680000000000001,0.5,5.0,10.0,0.03729625046253204,-0.05095105970933705,1.3104098233261459,1.0381659291927656,-0.1843366371322335,37.016175730115265,2.2741436,5685359,ok,right
28,309,2,6,0.07680000000000001,0.5,5.0,10.0,0.23187436759471894,1.9632958066751842,5.327695940857949,1.232295286647067,0.22552425558149145,35.313184001388706,2.276668,5691670,ok,right
28,835,2,6,0.07680000000000001,0.5,5.0,10.0,0.04446581453084946,0.18503729780995004,3.5318713856026664,1.0453289949265816,-0.1570301751129946,93.43162255847872,2.2862988,5715747,ok,right
28,865,2,6,0.07680000000000001,0.5,5.0,10.0,0.5136737851426005,0.5573961837726569,1.5323239483116224,1.513824608363188,0.5036583444526753,-40.810876741564634,2.2873744,5718436,ok,right
28,320,2,6,0.07680000000000001,0.5,5.0,10.0,0.0217003233730793,-0.8953639222643477,6.172606929809175,1.0219657319832018,-0.03674380382732719,2.639025631070159,2.2985203999999997,5746301,ok,right
28,781,2,6,0.07680000000000001,0.5,5.0,10.0,0.09033298306167126,-0.9424340754307414,2.0138675488440265,1.091047410569534,0.05885903809525768,6.853219608662865,2.2969028,5742257,ok,right
28,559,2,6,0.07680000000000001,0.5,5.0,10.0,0.2516891906037927,1.3162551502485385,3.58036430381307,1.2523575123680306,0.08603840562740263,-62.55147959274657,2.3150492,5787623,ok,right
28,479,2,6,0.07680000000000001,0.5,5.0,10.0,0.004163511469960213,-1.0830773998008714,1.4297615237635357,1.0047552853360668,0.01976404972434025,-13.089323725439137,2.3185843999999998,5796461,ok,right
28,301,2,6,0.07680000000000001,0.5,5.0,10.0,0.3670300140976906,0.403785391814842,3.3343041366137296,1.3671892781436947,-0.17857774298160714,53.74495180482534,2.3234019999999997,5808505,ok,right
28,763,2,6,0.07680000000000001,0.5,5.0,10.0,0.23568100258708002,0.682331501483577,5.615060786642945,1.2361450148375415,0.2747947518317947,-6.538484066802065,2.320528,5801320,ok,right
28,461,2,6,0.07680000000000001,0.5,5.0,10.0,0.6812705658376217,-0.26969031725946263,4.6597585319324,1.6822338222408133,0.035855349313791834,0.37327925354017116,2.3245608,5811402,ok,right
28,618,2,6,0.07680000000000001,0.5,5.0,10.0,0.02908015064895153,1.0102830712121091,2.8016719711003866,1.0296770577367504,-0.02747629133560405,-18.07137137698112,2.3277772,5819443,ok,right
28,67,2,6,0.07680000000000001,0.5,5.0,10.0,0.36220914348959926,-0.945461728286078,3.271569630441166,1.3628590946526677,-0.06789871856768011,8.935245427436858,2.3309348,5827337,ok,right
28,648,2,6,0.07680000000000001,0.5,5.0,10.0,-0.061889285780489446,0.03619689598664234,5.3145134734009805,0.9385732222101802,0.005918072755972425,14.82806897523358,2.3366616,5841654,ok,right
28,803,2,6,0.07680000000000001,0.5,5.0,10.0,0.02985397279262543,0.4595639658617361,5.683895244274401,1.0300941156861283,-0.03395888955507266,0.9333973210343418,2.351414,5878535,ok,right
28,7,2,6,0.07680000000000001,0.5,5.0,10.0,0.29043652303516865,-1.8953756290895596,0.3658980816266373,1.2913949453684372,-0.1715356251370575,3.1764577403998344,2.3589704,5897426,ok,right
28,128,2,6,0.07680000000000001,0.5,5.0,10.0,0.39805697146803143,0.8564527518817524,5.4393709552676945,1.3984330013226745,0.655931665377958,-73.8584555905039,2.3585144,5896286,ok,right
28,184,2,6,0.07680000000000001,0.5,5.0,10.0,0.3403885195031762,-0.07827848737461125,2.7919674626400846,1.3406148264353428,0.4380477099818904,-25.76778438267818,2.3663072,5915768,ok,right
28,786,2,6,0.07680000000000001,0.5,5.0,10.0,0.489119234867394,0.3245999103250973,4.112738732419208,1.4893971182696364,0.16813527198914355,1.0020939012152987,2.3704924,5926231,ok,right
28,56,2,6,0.07680000000000001,0.5,5.0,10.0,0.29909156151115895,-1.492612248239148,4.887767608122774,1.299319032305566,0.06795066244976053,-78.15191867839016,2.3733451999999997,5933363,ok,right
28,738,2,6,0.07680000000000001,0.5,5.0,10.0,0.24395987261086705,0.38911205591963816,5.305314746922814,1.2445019818696232,0.022751368182488706,-50.33577634181909,2.3765996,5941499,ok,right
28,328,2,6,0.07680000000000001,0.5,5.0,10.0,0.44583261758089066,-0.9803700248284737,0.023046428136238063,1.446462207101126,0.36302225720276815,-37.3607850513483,2.3812092,5953023,ok,right
28,710,2,6,0.07680000000000001,0.5,5.0,10.0,0.5493979543447495,-0.710854371779802,3.5145828611233703,1.5496767313055646,0.19806855635492987,-46.64766197466096,2.390044,5975110,ok,right
28,135,2,6,0.07680000000000001,0.5,5.0,10.0,0.6906285399571062,-0.25753238952003593,1.3147300530181965,1.6914108583264178,0.21583537019651272,40.00491247611639,2.3954847999999997,5988712,ok,right
28,838,2,6,0.07680000000000001,0.5,5.0,10.0,0.31941367127001286,-1.6777971177379998,4.277732691342725,1.319490795980974,-0.03901235964339626,50.533335058928905,2.3944224,5986056,ok,right
28,965,2,6,0.07680000000000001,0.5,5.0,10.0,0.3796140115708113,-1.0721002657587475,3.9875334812779357,1.3805151365053339,0.027075425506424996,-71.37092406776904,2.3965144,5991286,ok,right
28,161,2,6,0.07680000000000001,0.5,5.0,10.0,0.08003732822835447,-0.9367948598338063,3.927234881462078,1.0803012057476236,0.09996280950735596,-50.34640944894613,2.4167403999999997,6041851,ok,right
28,689,2,6,0.07680000000000001,0.5,5.0,10.0,0.2139623796567321,-0.06368142568925868,0.5553605289266231,1.21452729211466,-0.05463180505846488,6.728660671390427,2.4369327999999997,6092332,ok,right
28,261,2,6,0.07680000000000001,0.5,5.0,10.0,0.6587859462946654,-0.28444441399320275,2.9010832584023873,1.6589513348303162,0.17536919185621397,58.771518460997626,2.4488719999999997,6122180,ok,right
28,849,2,6,0.07680000000000001,0.5,5.0,10.0,0.2815748469904065,-0.9457083920285915,2.6786959891371236,1.2817580662226684,-0.37784488826714113,55.62414559649873,2.4510992,6127748,ok,right
28,936,2,6,0.07680000000000001,0.5,5.0,10.0,0.05218559727072716,-0.9736051338938717,4.293506615772849,1.0525946000738402,0.11123446494502849,-37.743938346487816,2.4499204,6124801,ok,right
28,146,2,6,0.07680000000000001,0.5,5.0,10.0,0.0040952106937766075,-0.20584260913367672,5.711640025464474,1.0052697753015818,-0.17444033451891114,31.55781805387184,2.46772,6169300,ok,right
28,711,2,6,0.07680000000000001,0.5,5.0,10.0,0.6650562133640051,-0.03335243113777234,1.7042099205780157,1.6656954626055953,0.16986882305965828,9.59443781628506,2.4701564,6175391,ok,right
28,427,2,6,0.07680000000000001,0.5,5.0,10.0,0.6687406186014414,-0.28335037002244007,2.7991995239758967,1.6694651241294391,-0.18203616066631925,-34.7897945595066,2.472042,6180105,ok,right
28,609,2,6,0.07680000000000001,0.5,5.0,10.0,0.28099289275705813,-0.11029875065668038,0.13995766230126885,1.2811567772041519,0.07328688656650766,47.49742222229816,2.4822835999999997,6205709,ok,right
28,938,2,6,0.07680000000000001,0.5,5.0,10.0,0.48698964007198814,-0.5220573121739128,5.408642318588064,1.4870709585895616,-0.034408732688345996,-24.585884590800795,2.4854136,6213534,ok,right
28,11,2,6,0.07680000000000001,0.5,5.0,10.0,0.3462106350809336,-0.7421669222209839,4.775949829000591,1.3463490060122254,0.14737840810808997,-74.87747740724237,2.4883319999999998,6220830,ok,right
28,70,2,6,0.07680000000000001,0.5,5.0,10.0,0.6553410923108459,-0.16907383325141145,5.230466541743207,1.656020656913026,-0.2325367850901152,2.632601788991048,2.5003056,6250764,ok,right
28,902,2,6,0.07680000000000001,0.5,5.0,10.0,0.35225119683891537,0.9997474981714229,4.224968181077652,1.352616112935042,0.1662409230117903,-25.278744155868175,2.5030636,6257659,ok,right
28,913,2,6,0.07680000000000001,0.5,5.0,10.0,0.2339415591210127,-1.779503837330397,2.097393886474113,1.2342304689085009,-0.08753275371490267,-59.27312866376697,2.5191368,6297842,ok,right
28,796,2,6,0.07680000000000001,0.5,5.0,10.0,0.5561287730932236,-0.7534924796956631,2.7963362348798415,1.556147621009873,0.18178944680174788,50.24394406102603,2.5262211999999997,6315553,ok,right
28,679,2,6,0.07680000000000001,0.5,5.0,10.0,0.42689644172787666,0.9550125239896531,4.275631472847111,1.4271845932504301,0.10798726691037079,-30.456414237275617,2.5377672,6344418,ok,right
28,346,2,6,0.07680000000000001,0.5,5.0,10.0,0.13898212239146232,-0.5636398724418832,5.9302041587493495,1.138994421093121,0.05674598788310042,8.37661475931001,2.5416163999999997,6354041,ok,right
28,523,2,6,0.07680000000000001,0.5,5.0,10.0,0.02596931736916304,0.8904588464626777,6.071546887018461,1.0267840392419547,0.001819303570988542,34.59501859519644,2.5422484,6355621,ok,right
28,442,2,6,0.07680000000000001,0.5,5.0,10.0,0.017900560796260834,0.43056112729865853,5.215071023018055,1.019322038695138,-0.0354739136099911,-78.92550617043973,2.5479148,6369787,ok,right
28,599,2,6,0.07680000000000001,0.5,5.0,10.0,0.5292993092909456,0.11894977027542793,1.9554658827173566,1.5299429774483746,-0.21024757771790778,-39.961374856414686,2.5453264,6363316,ok,right
28,573,2,6,0.07680000000000001,0.5,5.0,10.0,0.5585237517952919,0.28830869722952873,0.7105271893608546,1.5592301208117587,-0.1254236476549128,-25.203788887445562,2.5501088,6375272,ok,right
28,112,2,6,0.07680000000000001,0.5,5.0,10.0,0.3432478720322252,1.0373268351408165,4.400561471563015,1.344592115379659,-0.2685214024145653,21.284361500109608,2.5534348,6383587,ok,right
28,993,2,6,0.07680000000000001,0.5,5.0,10.0,0.26821809597313406,1.8235135555708015,3.043764122227359,1.2694781385781944,0.16999761574230374,-53.767427488768035,2.5760207999999998,6440052,ok,right
28,359,2,6,0.07680000000000001,0.5,5.0,10.0,0.5367387359961867,0.7670232621998785,2.088624612764378,1.537325200478082,-0.07453352403968928,-35.579188887059814,2.5867299999999998,6466825,ok,right
28,86,2,6,0.07680000000000001,0.5,5.0,10.0,0.5602604834362864,0.22341415209747265,4.9556234335388405,1.5603929704272306,-0.18444856570911364,-100.01950626079034,2.5952576,6488144,ok,right
28,239,2,6,0.07680000000000001,0.5,5.0,10.0,0.5435775445774198,0.6764853286594857,2.1960692689284373,1.544420194455546,-0.22275210464350337,-5.867664332301688,2.5939848,6484962,ok,right
28,438,2,6,0.07680000000000001,0.5,5.0,10.0,0.12570813857018948,1.4940094893432496,0.27487605165659235,1.1270464094031605,-0.02716473895823767,87.63024604743804,2.6218936,6554734,ok,right
28,646,2,6,0.07680000000000001,0.5,5.0,10.0,0.19856365248560906,-0.9955971509896607,1.200870818529774,1.1987581631387638,-0.17822620300525863,-47.592613827878296,2.6202503999999998,6550626,ok,right
28,0,2,6,0.07680000000000001,0.5,5.0,10.0,0.6832986740395427,-0.0973538884740126,5.870959983471649,1.683379573612916,-0.17023044606676152,-11.712480379563818,2.6256947999999998,6564237,ok,right
28,448,2,6,0.07680000000000001,0.5,5.0,10.0,0.264913927949965,1.2492696651030475,5.636046854122607,1.2662515770889504,-0.31959885233862073,-76.07072871475754,2.6319008,6579752,ok,right
28,506,2,6,0.07680000000000001,0.5,5.0,10.0,-0.08970891200006009,-0.13328950465169845,4.19996315286643,0.9105327776916052,0.006088424238777374,21.536592782928366,2.633744,6584360,ok,right
28,963,2,6,0.07680000000000001,0.5,5.0,10.0,0.3225607147440315,0.7683239901571437,5.140327973852903,1.3227932500798347,0.029183111158823667,-27.68109307619642,2.6421007999999997,6605252,ok,right
28,83,2,6,0.07680000000000001,0.5,5.0,10.0,-0.0703826405107975,0.2048531235543646,1.3077127261126495,0.9297092643419023,-0.04470363896095938,-8.526295461533511,2.6450724,6612681,ok,right
28,118,2,6,0.07680000000000001,0.5,5.0,10.0,0.02004812378436327,-0.6809303128531947,0.9250016122700203,1.0200952750323509,0.22623042001725677,6.002872998980429,2.6448207999999997,6612052,ok,right
28,769,2,6,0.07680000000000001,0.5,5.0,10.0,0.16040380578488111,-1.2461183201636696,5.396847326525015,1.1604607708926387,-0.08210271078346565,-34.94235587422377,2.6540999999999997,6635250,ok,right
28,772,2,6,0.07680000000000001,0.5,5.0,10.0,0.41353608276695014,0.23534624579388103,6.237714177924536,1.4142709286366202,0.03926371303114392,36.32230074052748,2.654168,6635420,ok,right
28,432,2,6,0.07680000000000001,0.5,5.0,10.0,0.3592841915786267,-1.4345611513334895,3.7857172686511804,1.3602624357381274,-0.3254038509919121,-31.24482629046094,2.6566364,6641591,ok,right
28,656,2,6,0.07680000000000001,0.5,5.0,10.0,0.10432090982794762,0.5726725126289868,3.313421866097629,1.1046931328288845,-0.0014227671446468582,-15.537490487712306,2.6781436,6695359,ok,right
28,84,2,6,0.07680000000000001,0.5,5.0,10.0,0.3412224929779768,-1.4420240713261985,5.156615517117314,1.3413887706152794,0.16368848940899283,-63.5035621308049,2.6909696,6727424,ok,right
28,756,2,6,0.07680000000000001,0.5,5.0,10.0,0.08030231334269047,0.6445360338474739,3.751151652397377,1.0811055184164597,0.08370870089084383,59.53139317480717,2.7000387999999997,6750097,ok,right
28,577,2,6,0.07680000000000001,0.5,5.0,10.0,0.6287437645718456,0.4244329088154644,4.297538628659513,1.6290015101034399,-0.41747965266580406,-27.526651903164947,2.7265036,6816259,ok,right
28,654,2,6,0.07680000000000001,0.5,5.0,10.0,0.4464885598048568,0.3631745900174871,2.951603606983404,1.4466587054596103,-0.023109341158515588,-28.13293340714643,2.72919,6822975,ok,right
28,357,2,6,0.07680000000000001,0.5,5.0,10.0,-0.05061757974326611,0.01652514513087613,3.3439106295627203,0.9496789403935614,0.04902868777138415,16.426349790838938,2.7415616,6853904,ok,right
28,522,2,6,0.07680000000000001,0.5,5.0,10.0,0.10211829524487258,-1.1805881815103276,2.299453568168047,1.102257927807192,-0.007473135507006186,-65.9806811747791,2.7531224,6882806,ok,right
28,892,2,6,0.07680000000000001,0.5,5.0,10.0,0.13445089776068928,1.6912978220713617,0.24841474262542942,1.1348101687389684,-0.4274983515591555,96.70725962229635,2.755476,6888690,ok,right
28,133,2,6,0.07680000000000001,0.5,5.0,10.0,-0.025226040557026864,0.7231748289650697,2.7965555760391383,0.9754352405546022,0.01354106986366471,-18.614347889328442,2.7576519999999998,6894130,ok,right
28,238,2,6,0.07680000000000001,0.5,5.0,10.0,0.25432564988732337,2.0209577484457606,5.988268645665438,1.2548876254738415,0.05613785100621501,16.63047426146113,2.7740451999999998,6935113,ok,right
28,972,2,6,0.07680000000000001,0.5,5.0,10.0,0.4715055884793401,0.9709835366357491,2.847163649965696,1.4722167916193674,-0.7757578766163513,-68.43025672620468,2.7774243999999997,6943561,ok,right
28,462,2,6,0.07680000000000001,0.5,5.0,10.0,0.5422901267185808,0.29500233819144234,4.718400837842684,1.542458223713545,-0.2196339666747832,-41.404776478020196,2.7915164,6978791,ok,right
28,982,2,6,0.07680000000000001,0.5,5.0,10.0,0.5998018627986312,0.03635284440933747,3.920583382091859,1.5998198854473997,0.10320913679373361,-0.23664127015844996,2.7883492,6970873,ok,right
28,163,2,6,0.07680000000000001,0.5,5.0,10.0,0.1382987266406417,1.543066705557026,4.194832345136265,1.1384367031473188,-0.0048082440028395165,-22.512913771399546,2.7987116,6996779,ok,right
28,734,2,6,0.07680000000000001,0.5,5.0,10.0,0.34632667526602745,0.8644186501928439,0.8022534768717673,1.3463675864276383,-0.18740434582189763,-34.223678656083955,2.802412,7006030,ok,right
28,514,2,6,0.07680000000000001,0.5,5.0,10.0,0.5847702274098993,0.025254760055996552,0.7575802992088894,1.58493031163077,-0.018540342271659106,28.788143471030207,2.8159984,7039996,ok,right
28,31,2,6,0.07680000000000001,0.5,5.0,10.0,0.462554563395679,-0.7048656665638533,0.7013689696213851,1.462661714755389,0.47227927131217085,-11.61602472497937,2.8172812,7043203,ok,right
28,760,2,6,0.07680000000000001,0.5,5.0,10.0,0.47107790112495423,0.3301538718736173,4.477949043591731,1.4713684853705191,0.04083430823829599,-67.2720929421338,2.8235904,7058976,ok,right
28,265,2,6,0.07680000000000001,0.5,5.0,10.0,-0.07232809588313104,0.0170221462051141,3.539754999929704,0.9280095915900528,-0.018297902904574434,-54.380408694671836,2.8268155999999998,7067039,ok,right
28,614,2,6,0.07680000000000001,0.5,5.0,10.0,0.20849003028124571,-0.8155339517106444,2.9950873181402273,1.209114104110222,-0.18813451484628552,-35.128557108947696,2.8309851999999998,7077463,ok,right
28,24,2,6,0.07680000000000001,0.5,5.0,10.0,0.45414698757231237,0.8955438995533906,0.6755553587923092,1.4543594944835763,0.32444489913733743,31.531831384541853,2.840718,7101795,ok,right
28,335,2,6,0.07680000000000001,0.5,5.0,10.0,0.6265849497169257,-0.12464604106091114,1.4007757857397722,1.6268755383088462,0.31085069883480565,-93.9775151134523,2.8544891999999997,7136223,ok,right
28,227,2,6,0.07680000000000001,0.5,5.0,10.0,0.1893626768141985,-1.3608209963198532,4.021236843375393,1.1899525452051292,-0.10338956863453004,31.510804260925333,2.8572303999999997,7143076,ok,right
28,539,2,6,0.07680000000000001,0.5,5.0,10.0,0.26852915342897177,1.5645452949035867,4.128589673634534,1.2696692790878006,0.01078520964125812,-62.77793086974288,2.864818,7162045,ok,right
28,337,2,6,0.07680000000000001,0.5,5.0,10.0,-0.005765913054347038,0.37717381367144204,3.6303834200871776,0.9952598731614861,0.08525017756447376,-49.438772912769586,2.8732371999999997,7183093,ok,right
28,437,2,6,0.07680000000000001,0.5,5.0,10.0,0.39396140035241844,-0.315729311017878,2.955664396931605,1.394944729194073,0.15167395218603288,37.922462611436245,2.8755184,7188796,ok,right
28,812,2,6,0.07680000000000001,0.5,5.0,10.0,0.556479430757463,-0.6263658124988555,4.684017798153928,1.5582675476174332,-0.11483205416866521,0.5422436800456326,2.8884855999999997,7221214,ok,right
28,546,2,6,0.07680000000000001,0.5,5.0,10.0,0.38344155270606284,0.043082423384160365,2.6951941487174067,1.3836378620291137,0.11515863874925139,71.91437552675764,2.9071792,7267948,ok,right
28,51,2,6,0.07680000000000001,0.5,5.0,10.0,-0.07595705986022949,0.18770497531662952,1.3722766596196339,0.924977010789244,0.01665040548866806,9.6745284973442,2.9147347999999997,7286837,ok,right
28,274,2,6,0.07680000000000001,0.5,5.0,10.0,0.3144715011119843,-1.2439869374298484,0.2081568462938844,1.3151867315489043,0.16178497355793103,-123.83506153606312,2.9172195999999997,7293049,ok,right
28,864,2,6,0.07680000000000001,0.5,5.0,10.0,0.2295696407556534,-1.1297204792932796,4.220161769579891,1.2301456406713234,0.17523601853831033,-6.9745869014547175,2.9258188,7314547,ok,right
28,673,2,6,0.07680000000000001,0.5,5.0,10.0,0.5761401599273086,0.7817130768589453,2.644335855819653,1.577169641659001,-0.052667814070600664,96.92236301935907,2.9356484,7339121,ok,right
28,456,2,6,0.07680000000000001,0.5,5.0,10.0,0.5442183354869485,-0.1444837155472683,0.07793976216107973,1.5446329719823473,0.02162237543411787,-15.677882395992956,2.9482003999999997,7370501,ok,right
28,384,2,6,0.07680000000000001,0.5,5.0,10.0,0.6485740691423416,-0.4049576611129712,3.699751945221831,1.6494266218193268,0.2125328436147103,-72.84289169382322,2.9524656,7381164,ok,right
28,406,2,6,0.07680000000000001,0.5,5.0,10.0,0.5455369509756566,0.20149672783118755,4.552086330564457,1.5456133775933054,0.0005655061752043195,-19.327861795235812,2.9694659999999997,7423665,ok,right
28,900,2,6,0.07680000000000001,0.5,5.0,10.0,0.605244324542582,-0.4456000533476094,0.17158851859625396,1.6059013144344938,-0.5737537137553931,-49.6902597588331,2.9939676,7484919,ok,right
28,945,2,6,0.07680000000000001,0.5,5.0,10.0,0.4557226987555623,-1.1140575209840875,4.932327285286472,1.456556548110668,-0.11063724825761621,-19.289133754056095,2.9999599999999997,7499900,ok,right
28,602,2,6,0.07680000000000001,0.5,5.0,10.0,0.13822372481226922,-2.033118099422911,5.0450520897099,1.1383347205406573,-0.10052452622687155,-25.001503380274087,3.0142604,7535651,ok,right
28,699,2,6,0.07680000000000001,0.5,5.0,10.0,0.6301058791577816,0.07849501841344161,1.234208165838388,1.6306584552294687,0.3052554809996755,21.438462885610843,3.0126492,7531623,ok,right
28,968,2,6,0.07680000000000001,0.5,5.0,10.0,0.4698517473414541,0.13827842701916582,2.695021897428163,1.4703344593531282,-0.22067485639578857,44.086723608248306,3.0236448,7559112,ok,right
28,736,2,6,0.07680000000000001,0.5,5.0,10.0,0.147727020829916,2.068600583969126,5.045189488438822,1.1478238536577432,0.024364518158899985,113.71588453424813,3.0298423999999997,7574606,ok,right
28,307,2,6,0.07680000000000001,0.5,5.0,10.0,0.14469620026648045,1.243080251556121,0.1534873519014333,1.1450279181469463,0.05730903731202184,-6.264953396601114,3.0381684,7595421,ok,right
28,241,2,6,0.07680000000000001,0.5,5.0,10.0,0.22504995092749597,-0.11864869378549027,1.5015711807982741,1.2258727043619655,-0.07017488587975322,-56.75189348604321,3.0503736,7625934,ok,right
28,132,2,6,0.07680000000000001,0.5,5.0,10.0,0.6879409443587066,0.2848735609285438,1.5245561429684935,1.6882515976873678,0.21946809110101123,92.23852009112483,3.0540144,7635036,ok,right
28,29,2,6,0.07680000000000001,0.5,5.0,10.0,-0.09712301455438138,0.20575302998979705,2.2470734747383356,0.9031186836160122,0.043603498189136856,0.42067320039435696,3.058744,7646860,ok,right
28,477,2,6,0.07680000000000001,0.5,5.0,10.0,0.003795488364994526,-0.09365075105824504,1.8907048941450952,1.0039533924696944,-0.06173984484062431,-3.0335514268092005,3.0573872,7643468,ok,right
28,747,2,6,0.07680000000000001,0.5,5.0,10.0,-0.05003924705088139,0.617663757000872,4.170702049772607,0.9505408567321011,-0.03007258835295268,40.72642459403082,3.0657867999999997,7664467,ok,right
28,260,2,6,0.07680000000000001,0.5,5.0,10.0,0.48564632385969164,-0.6667245892689544,2.2270193811648427,1.4857205734110224,-0.09415191718036243,-21.60120702374059,3.0718628,7679657,ok,right
28,496,2,6,0.07680000000000001,0.5,5.0,10.0,0.4224422831088305,-0.36888733344232955,1.7410408610888097,1.4225700842739675,0.039617322556032494,-66.52754068538206,3.0738532,7684633,ok,right
28,306,2,6,0.07680000000000001,0.5,5.0,10.0,-0.025400252267718318,-0.6102103408489815,4.716137127184334,0.9760717890809473,-0.15207904928020688,44.222418551416716,3.0782396,7695599,ok,right
28,955,2,6,0.07680000000000001,0.5,5.0,10.0,0.5226460622623563,-0.2898926889529962,5.693719650574644,1.523031690514679,0.6377956475151267,2.064770629352202,3.0770728,7692682,ok,right
28,457,2,6,0.07680000000000001,0.5,5.0,10.0,0.13021848537027836,0.8560100846089127,2.875677472560859,1.130933439666854,0.08192029321187007,52.193851552145404,3.0842156,7710539,ok,right
28,35,2,6,0.07680000000000001,0.5,5.0,10.0,0.2940659271553159,1.3228579928549227,5.695988199103081,1.2946601569945944,-0.0383020379847218,-43.96659228499871,3.1045076,7761269,ok,right
28,839,2,6,0.07680000000000001,0.5,5.0,10.0,0.04899204038083554,0.9796613514877789,3.4015436902338885,1.0489974329803478,0.08912377344665753,75.08951039031336,3.1079816,7769954,ok,right
28,468,2,6,0.07680000000000001,0.5,5.0,10.0,0.00604869406670332,-0.9278013935663189,4.3604660191179105,1.0064706138553536,0.10410978675808773,140.77339841428844,3.115358,7788395,ok,right
28,757,2,6,0.07680000000000001,0.5,5.0,10.0,0.13823681473731994,0.036737291868702796,5.933411827538773,1.1384319338683913,0.1518506659707456,8.469421201619317,3.1141796,7785449,ok,right
28,68,2,6,0.07680000000000001,0.5,5.0,10.0,-0.03155318479984999,-0.5875110860019184,5.019633431652192,0.9686844131996623,-0.016079221288376966,-52.8636743665753,3.1265356,7816339,ok,right
28,215,2,6,0.07680000000000001,0.5,5.0,10.0,-0.0642036121338606,-0.25109503989890963,1.2343737974233229,0.9367600900345193,-0.11539846586731745,-6.146215709939446,3.1256095999999998,7814024,ok,right
28,103,2,6,0.07680000000000001,0.5,5.0,10.0,0.2635779857635498,1.336824988416418,3.677069568638373,1.2637737434990506,-0.46244793111366284,-53.46078573688194,3.1305552,7826388,ok,right
28,983,2,6,0.07680000000000001,0.5,5.0,10.0,0.5327909143641592,0.425290019898081,6.171358737382664,1.5342316501333286,0.3717377628260803,88.04454000048344,3.137898,7844745,ok,right
28,617,2,6,0.07680000000000001,0.5,5.0,10.0,0.40981666408479217,0.24698201334632705,1.840384150495568,1.4105852228991194,0.33614516547053874,-3.356272214882886,3.143424,7858560,ok,right
28,687,2,6,0.07680000000000001,0.5,5.0,10.0,0.12642032988369464,-0.14095860589963186,0.46810840812557003,1.127182119644024,-0.31756493346352777,11.819569057707595,3.1402332,7850583,ok,right
28,954,2,6,0.07680000000000001,0.5,5.0,10.0,0.10185619834810496,1.7046692469659424,1.8903567898622975,1.1023624853278375,0.021964442454413608,-75.61721902427657,3.144994,7862485,ok,right
28,258,2,6,0.07680000000000001,0.5,5.0,10.0,0.059002731926739216,-1.5209392528604668,2.359265520970246,1.0603976957998158,0.16969501098665568,0.040559371252753516,3.1542284,7885571,ok,right
28,759,2,6,0.07680000000000001,0.5,5.0,10.0,-0.01749703586101532,-0.48650928085478984,0.8416416172030552,0.9828461692259665,-0.09492054370938496,19.14663000174448,3.1531368,7882842,ok,right
28,226,2,6,0.07680000000000001,0.5,5.0,10.0,0.20113217644393444,1.3711493694163683,0.3813281734947557,1.2015359092824578,-0.1444857953635944,-25.90834836553635,3.1598024,7899506,ok,right
28,545,2,6,0.07680000000000001,0.5,5.0,10.0,0.2547454059123993,-1.0363502724063143,1.9136077237055906,1.2549366239835358,-0.018826889824770706,21.388734658631883,3.1564896,7891224,ok,right
28,776,2,6,0.07680000000000001,0.5,5.0,10.0,0.36848514750599864,-0.7363286550297375,1.1230684507088629,1.3688259534937526,-0.21337401311200596,-23.396650669061657,3.1647756,7911939,ok,right
28,154,2,6,0.07680000000000001,0.5,5.0,10.0,0.14717592038214208,1.3202531156407675,5.689995248398343,1.1478026085383661,0.08508772115513544,60.23547052943469,3.1831891999999997,7957973,ok,right
28,912,2,6,0.07680000000000001,0.5,5.0,10.0,0.45643500592559577,0.5767995519952435,3.242303152586319,1.4565648185921996,0.39117063518469875,59.35523330886104,3.2026436,8006609,ok,right
28,621,2,6,0.07680000000000001,0.5,5.0,10.0,-0.07337021585553885,-0.2650902268737723,4.8406679087226685,0.9267509007966435,0.03092091231370461,116.02470195203668,3.2063432,8015858,ok,right
28,109,2,6,0.07680000000000001,0.5,5.0,10.0,0.20493677183985712,-2.140689465800294,0.7471328931524922,1.2052149256233322,-0.10277388197640336,-30.845169617024993,3.213254,8033135,ok,right
28,82,2,6,0.07680000000000001,0.5,5.0,10.0,0.30483059491962194,1.1077488300672607,3.727806888451398,1.3058104223459783,0.0492345931943476,-43.21064550163262,3.2206175999999997,8051544,ok,right
28,841,2,6,0.07680000000000001,0.5,5.0,10.0,0.21590779442340136,0.31480798324563475,5.778445272354014,1.2169304227578344,-0.4538060549610062,18.69710607423089,3.2215476,8053869,ok,right
28,560,2,6,0.07680000000000001,0.5,5.0,10.0,0.6694506444036961,-0.1567326629516507,5.746798578507903,1.670712213892397,0.1068425075572811,-43.27294812923665,3.2293448,8073362,ok,right
28,766,2,6,0.07680000000000001,0.5,5.0,10.0,0.005652828514575959,1.0829398335004836,3.837933646918641,1.0061121235837114,-0.08452456758203364,-27.961484889325757,3.2557519999999998,8139380,ok,right
28,182,2,6,0.07680000000000001,0.5,5.0,10.0,-0.03682407308369875,0.21563744025352224,0.015526929730375474,0.9633958776896344,0.07531551042150166,-16.95879367694728,3.2569367999999996,8142342,ok,right
28,606,2,6,0.07680000000000001,0.5,5.0,10.0,0.1538389950990677,1.8030950712914369,5.7124487558370545,1.1550852485976335,-0.5087933324759313,-101.27729763923375,3.2603747999999997,8150937,ok,right
28,344,2,6,0.07680000000000001,0.5,5.0,10.0,0.12009171564131976,-1.7621222469951685,0.2664329355326302,1.1205995292898279,0.0887673955431308,-37.27334517714051,3.266454,8166135,ok,right
28,28,2,6,0.07680000000000001,0.5,5.0,10.0,0.2341721519827843,1.4561334340515162,4.086125155559764,1.2343747013231188,-0.029210873143751627,2.8929731810325543,3.2688888,8172222,ok,right
28,547,2,6,0.07680000000000001,0.5,5.0,10.0,0.427956553734839,0.9917931734779337,3.0127084370448447,1.4280846082623055,0.4270953887830736,-18.53878393339218,3.2682148,8170537,ok,right
28,528,2,6,0.07680000000000001,0.5,5.0,10.0,0.30036085806787016,-1.1552811174492363,0.004800037563688569,1.300496387628771,-0.003725901352440406,-37.34809430301625,3.276462,8191155,ok,right
28,420,2,6,0.07680000000000001,0.5,5.0,10.0,0.3018808087334037,1.7236717533042525,1.8219664770855437,1.3026503740104223,0.36879226335034093,-62.68065007872115,3.280846,8202115,ok,right
28,626,2,6,0.07680000000000001,0.5,5.0,10.0,0.10905985366553068,-1.1451062761164816,0.43144709296606715,1.109108690409971,0.3636184652260518,-55.97171968896211,3.3205396,8301349,ok,right
28,88,2,6,0.07680000000000001,0.5,5.0,10.0,0.3407020563259721,-0.8445673134318435,2.1756213885292857,1.341158320018428,0.18851822304693494,72.57718293806998,3.3247636,8311909,ok,right
28,155,2,6,0.07680000000000001,0.5,5.0,10.0,0.3375854628160596,0.01688631159349632,5.895526449323559,1.3378293884125825,-0.14723892676874764,-15.224789873781184,3.3254356,8313589,ok,right
28,131,2,6,0.07680000000000001,0.5,5.0,10.0,0.007028262317180634,0.19509616419520945,4.776195967893263,1.0074999246021985,-0.09491973466888136,-12.663112771355182,3.3334759999999997,8333690,ok,right
28,276,2,6,0.07680000000000001,0.5,5.0,10.0,0.4518308963626623,-0.7020675077996752,1.8384550355344724,1.451942313725069,-0.6280107204851392,-9.690357957892783,3.3329535999999997,8332384,ok,right
28,279,2,6,0.07680000000000001,0.5,5.0,10.0,0.4708187643438578,0.6449974979156933,0.0753969779353388,1.4711915842021106,0.10772270204974715,-50.18190143776523,3.3580175999999997,8395044,ok,right
28,568,2,6,0.07680000000000001,0.5,5.0,10.0,0.3165723951533437,0.5940837999308559,1.1643338645732715,1.3167989780438223,0.11541335808998278,21.69969578443776,3.3589651999999997,8397413,ok,right
28,253,2,6,0.07680000000000001,0.5,5.0,10.0,-0.007506829872727394,0.08308160741046011,5.103874173622944,0.9946460225465722,-0.1411078013175012,53.78254078715756,3.3772416,8443104,ok,right
28,758,2,6,0.07680000000000001,0.5,5.0,10.0,-0.008812060207128524,-0.8618185818127152,3.058124395270372,0.991547991708863,0.050853591405047034,-12.115301040455805,3.3779907999999996,8444977,ok,right
28,791,2,6,0.07680000000000001,0.5,5.0,10.0,0.4513784820213914,-0.2319640081135288,0.05752207639108417,1.451454672044279,-0.026861091412501148,-12.071235637165485,3.4092156,8523039,ok,right
28,435,2,6,0.07680000000000001,0.5,5.0,10.0,0.1979336179792881,-1.8469961946875695,3.906589283295759,1.1980462879688,-0.070846160786962,-44.50190188281135,3.449484,8623710,ok,right
28,283,2,6,0.07680000000000001,0.5,5.0,10.0,0.05401659104973078,1.2518023600599433,2.1184659515930635,1.0541585898425128,-0.10008598949819833,-22.98369071868744,3.4550791999999997,8637698,ok,right
28,636,2,6,0.07680000000000001,0.5,5.0,10.0,-0.07247818354517221,-0.2653435340887651,2.715752336065571,0.9275657814501567,-0.0631154362760324,52.1432803404807,3.4669043999999998,8667261,ok,right
28,641,2,6,0.07680000000000001,0.5,5.0,10.0,0.4313504245132208,0.09372049332541645,5.4492508427360935,1.4314182766015588,-0.013172190473854465,-86.80533073482901,3.4643539999999997,8660885,ok,right
28,765,2,6,0.07680000000000001,0.5,5.0,10.0,0.518706182949245,0.7808445058106103,3.6143131040654395,1.5187137145788168,0.20288947264436694,-24.46404822614105,3.4648228,8662057,ok,right
28,989,2,6,0.07680000000000001,0.5,5.0,10.0,0.17445039451122285,1.8321838485758948,0.3087293116550408,1.1745781755317932,0.15277698411434934,-2.0492387142070667,3.4730368,8682592,ok,right
28,491,2,6,0.07680000000000001,0.5,5.0,10.0,0.5226903973147273,0.9639336914231272,5.448912112832348,1.522767894774939,-0.2848923585449523,41.05079711315039,3.4794848,8698712,ok,right
28,230,2,6,0.07680000000000001,0.5,5.0,10.0,0.05927514508366585,-1.6083860983114078,3.278473895722956,1.05986568840653,0.04100136655042902,-24.187907748925234,3.4852496,8713124,ok,right
28,115,2,6,0.07680000000000001,0.5,5.0,10.0,0.32093609329313044,0.6241103435038728,2.8383679457150235,1.3223352996170485,-0.11592173100315309,12.6228753617558,3.4897188,8724297,ok,right
28,823,2,6,0.07680000000000001,0.5,5.0,10.0,0.008897106908261777,-0.8861437763167829,5.996008917427397,1.0096247525412403,-0.09230104710495593,56.263938659464756,3.4881083999999998,8720271,ok,right
28,341,2,6,0.07680000000000001,0.5,5.0,10.0,0.19680175855755808,-1.6558702138652257,4.720019325556336,1.1975192236678889,0.004415978734829588,-46.50967700931367,3.4973044,8743261,ok,right
28,508,2,6,0.07680000000000001,0.5,5.0,10.0,0.4567287588492036,0.8856048098378269,5.227081960807539,1.457363341508455,-0.0031156912801353857,30.78315594431584,3.5033228,8758307,ok,right
28,817,2,6,0.07680000000000001,0.5,5.0,10.0,0.0956675922498107,0.524420413744018,1.3882292955852398,1.0962829893153263,-0.07202283044415238,74.76323940715606,3.5125303999999997,8781326,ok,right
28,191,2,6,0.07680000000000001,0.5,5.0,10.0,0.05016861911863089,1.2541273845970233,5.80847360283451,1.0505560880409361,-0.13725491963995995,13.7706481405089,3.5219448,8804862,ok,right
28,540,2,6,0.07680000000000001,0.5,5.0,10.0,0.4346733888611198,-0.5473884412182402,1.2019797250630393,1.4350591980303833,0.15929144359968905,69.71549058061335,3.5213524,8803381,ok,right
28,80,2,6,0.07680000000000001,0.5,5.0,10.0,0.5700693251565099,-0.1600684674460415,1.2473482891315522,1.5701530262956396,-0.1241982472509313,-79.60542427571397,3.5510099999999998,8877525,ok,right
28,166,2,6,0.07680000000000001,0.5,5.0,10.0,0.23144809417426587,2.02095688159619,5.387231168076275,1.2315811531257015,0.2976674876291913,31.32149487649248,3.5539387999999996,8884847,ok,right
28,222,2,6,0.07680000000000001,0.5,5.0,10.0,0.6594354143366218,0.4455524685452686,2.335421272904463,1.66002292276154,-0.09512368442087302,25.355034602508546,3.5637271999999998,8909318,ok,right
28,394,2,6,0.07680000000000001,0.5,5.0,10.0,0.23935965690761807,-0.1221774109018959,3.167094554612047,1.2410543177030606,-0.2744091149899853,-72.2189585875297,3.5651976,8912994,ok,right
28,682,2,6,0.07680000000000001,0.5,5.0,10.0,0.131676390953362,1.1232454700217205,3.5220273864405884,1.1322346335074067,-0.035042714985655775,-10.798715423109618,3.5678935999999997,8919734,ok,right
28,916,2,6,0.07680000000000001,0.5,5.0,10.0,0.41059644483029845,-0.4755784624326901,4.9822754427191445,1.4109910575433438,0.023861779638576747,31.950832021250218,3.57952,8948800,ok,right
28,324,2,6,0.07680000000000001,0.5,5.0,10.0,0.4392884669825435,0.9265573179597907,1.3400933015907337,1.439854649846357,0.5091231220449521,82.07745901379462,3.5808115999999997,8952029,ok,right
28,152,2,6,0.07680000000000001,0.5,5.0,10.0,0.6538589455187321,-0.07393129169171343,4.87061738938161,1.654141077207532,-0.28923432683194805,59.00157086049945,3.5859875999999997,8964969,ok,right
28,278,2,6,0.07680000000000001,0.5,5.0,10.0,0.0967767681926489,-1.8170418590676407,5.365992530716064,1.0970293663057642,0.04060177938444525,-42.8942206272416,3.5870016,8967504,ok,right
28,509,2,6,0.07680000000000001,0.5,5.0,10.0,0.3858040370047093,0.607036346979425,4.318368545726311,1.3862909448914467,-0.27793710164024377,-72.63558961341732,3.5853072,8963268,ok,right
28,903,2,6,0.07680000000000001,0.5,5.0,10.0,0.08290100377053022,1.7862172287649905,4.138795848888414,1.082986538353153,-0.115522183974402,-118.1461564458792,3.5873063999999997,8968266,ok,right
28,666,2,6,0.07680000000000001,0.5,5.0,10.0,0.08752872869372369,1.312234668755612,2.3324896377386626,1.0876984817168793,-0.06566395445679113,8.966861563049926,3.601508,9003770,ok,right
28,73,2,6,0.07680000000000001,0.5,5.0,10.0,-0.06828598808497191,-0.03760859340690833,5.998197280490074,0.9329917969825875,0.011975391291430033,24.98989980548141,3.635356,9088390,ok,right
28,851,2,6,0.07680000000000001,0.5,5.0,10.0,0.1967683233320713,2.057664819394811,0.4031412987846941,1.1969593713522815,0.10683911957186285,-113.32423282140462,3.6385351999999997,9096338,ok,right
28,675,2,6,0.07680000000000001,0.5,5.0,10.0,0.11430562566965818,0.7183579306818308,2.623796930713838,1.1144174983250852,0.044076915170088465,-31.47642178147773,3.6526663999999998,9131666,ok,right
28,48,2,6,0.07680000000000001,0.5,5.0,10.0,0.11342560444027186,0.6035712497297832,0.3108885304637425,1.113729359065247,-0.03888644710160495,-22.75945008921433,3.6724492,9181123,ok,right
28,90,2,6,0.07680000000000001,0.5,5.0,10.0,-0.01333009246736765,-0.4694393566793701,1.9061028296109133,0.9871132813441232,-0.09397765856585849,-6.009052529859656,3.6746436,9186609,ok,right
28,628,2,6,0.07680000000000001,0.5,5.0,10.0,0.292621548473835,-0.5667887961162305,0.7917376501368028,1.293034020476053,0.1694458734535906,-41.82632643305146,3.6742548,9185637,ok,right
28,93,2,6,0.07680000000000001,0.5,5.0,10.0,0.19292587339878084,-1.679085465940423,1.8050391938933972,1.1934109218509357,0.19696376129120596,-10.432431153359753,3.6871243999999996,9217811,ok,right
28,572,2,6,0.07680000000000001,0.5,5.0,10.0,0.2188040092587471,-1.321323581117757,1.5934164137894575,1.2191061773220653,-0.1860784544388783,-60.38888097145427,3.6895116,9223779,ok,right
28,210,2,6,0.07680000000000001,0.5,5.0,10.0,0.5965591542422771,0.47864829376343393,3.0901882987235094,1.5972228464741913,-0.2799010114433465,-65.25217541627406,3.6996515999999997,9249129,ok,right
28,200,2,6,0.07680000000000001,0.5,5.0,10.0,-0.014522468857467176,0.5773580270373289,0.3730170184332158,0.9857305038948747,-0.025673114648430848,18.421200503800584,3.7031004,9257751,ok,right
28,830,2,6,0.07680000000000001,0.5,5.0,10.0,-0.07187630496919155,0.04963948797167238,2.0405143675909856,0.9281417774429022,-0.10354137468830125,15.618063016762953,3.7019832,9254958,ok,right
28,530,2,6,0.07680000000000001,0.5,5.0,10.0,0.4156017739325762,0.1914251176525908,4.503476498866994,1.4156490454182142,-0.09554141687398823,-54.035206053765904,3.7055936,9263984,ok,right
28,714,2,6,0.07680000000000001,0.5,5.0,10.0,0.37736287862062456,0.08478396054646369,0.24573503804497757,1.377562926747994,-0.11884125821238248,13.061521379396368,3.7173952,9293488,ok,right
28,217,2,6,0.07680000000000001,0.5,5.0,10.0,0.39248309656977654,0.8680166961127638,6.001912729607729,1.3928288341357777,0.44850525858372436,-6.145557750675166,3.7278952,9319738,ok,right
28,418,2,6,0.07680000000000001,0.5,5.0,10.0,0.38329862076789145,-0.483256163628293,4.799693813049975,1.3839136268577532,0.15531708154861212,5.8132576513004794,3.7416744,9354186,ok,right
28,402,2,6,0.07680000000000001,0.5,5.0,10.0,0.4873279757797718,-0.3124134408659712,2.679826043614143,1.4878326722527573,0.6069419271960786,-15.919588669230281,3.7520132,9380033,ok,right
28,997,2,6,0.07680000000000001,0.5,5.0,10.0,0.6574665723368526,-0.40444909190060535,0.4077374011793786,1.657615361840055,0.07213390870241596,-25.435699110979357,3.7825903999999997,9456476,ok,right
28,55,2,6,0.07680000000000001,0.5,5.0,10.0,0.26132485400885347,-0.44786170417595017,5.429692966586334,1.2622900711014002,-0.4271463672406236,31.445971875350377,3.7880315999999996,9470079,ok,right
28,926,2,6,0.07680000000000001,0.5,5.0,10.0,0.6241102151572705,0.5430545445600901,1.565854566116443,1.6249167558551958,-0.004978280504897854,-35.934531267149566,3.8076991999999996,9519248,ok,right
28,463,2,6,0.07680000000000001,0.5,5.0,10.0,0.25846634060144424,-0.5015943508994309,1.2605454720814802,1.258972544998677,-0.20622186898323888,-15.553156233861493,3.8261984,9565496,ok,right
28,810,2,6,0.07680000000000001,0.5,5.0,10.0,0.09064473770558834,0.03280221219153232,0.05215833406682966,1.090758389747294,-0.07942237652682124,47.29619136454142,3.8247228,9561807,ok,right
28,643,2,6,0.07680000000000001,0.5,5.0,10.0,-0.09017594158649445,-0.1909728516231407,5.6355228588103845,0.9102294348243524,0.0017146724926811873,94.66680029538826,3.8284135999999998,9571034,ok,right
28,296,2,6,0.07680000000000001,0.5,5.0,10.0,0.2683896537870169,-1.0605458272696953,0.4760745266435244,1.2692470351133136,0.12442614213379587,82.28935289777151,3.8365212,9591303,ok,right
28,408,2,6,0.07680000000000001,0.5,5.0,10.0,0.47773259896785025,0.20262088079761906,2.8432086889742676,1.4777394323140183,0.15885975949155592,44.990496577132376,3.8553308,9638327,ok,right
28,685,2,6,0.07680000000000001,0.5,5.0,10.0,0.07844604942947626,-0.9436953466084044,1.663468459601205,1.0790224251483833,0.15177280781315783,22.29908497939594,3.86314,9657850,ok,right
28,629,2,6,0.07680000000000001,0.5,5.0,10.0,0.1523461513221264,0.9610186837817986,0.7416896719519093,1.152352000239295,0.13875397986133775,-9.10042118642628,3.8832755999999997,9708189,ok,right
28,219,2,6,0.07680000000000001,0.5,5.0,10.0,-0.0001913687214255333,0.8407299507347878,1.4884045435778412,1.000269742902115,-0.00929640125934592,53.76510225154229,3.8880163999999997,9720041,ok,right
28,651,2,6,0.07680000000000001,0.5,5.0,10.0,0.3798843625932932,-1.2458761182826306,5.271147968950798,1.3799181597599646,-0.10695165169627428,-100.48135631976801,3.8942935999999997,9735734,ok,right
28,644,2,6,0.07680000000000001,0.5,5.0,10.0,-0.08123918268829584,-0.152231467940342,3.058583643291324,0.919193389355881,-0.09254128938524334,109.8073188078535,3.9019215999999997,9754804,ok,right
28,117,2,6,0.07680000000000001,0.5,5.0,10.0,0.233970738761127,1.4166821457812022,5.1571355757169846,1.2348339058100282,0.11107721717676561,-29.36492970154562,3.9154456,9788614,ok,right
28,13,2,6,0.07680000000000001,0.5,5.0,10.0,0.11577235683798791,-0.7655958312519944,1.3789096881861835,1.1160404184388613,-0.27649786761477013,97.44267085785296,3.9174539999999998,9793635,ok,right
28,707,2,6,0.07680000000000001,0.5,5.0,10.0,0.3360090617090464,-0.9251359447484825,1.7887690359474404,1.3367999075565862,0.04093270059069736,-16.195961478274782,3.927688,9819220,ok,right
28,937,2,6,0.07680000000000001,0.5,5.0,10.0,0.6703460130840541,0.21563695130667473,0.11140115321947104,1.6717406288591223,0.27226320184156994,11.778214873557532,3.9264272,9816068,ok,right
28,53,2,6,0.07680000000000001,0.5,5.0,10.0,0.0483737476170063,-0.5792211881783647,4.505217810256745,1.0487810451144723,0.06420097750375371,25.85760507848871,3.9294203999999997,9823551,ok,right
28,136,2,6,0.07680000000000001,0.5,5.0,10.0,0.3438622804358602,-1.4623682564846094,0.9209963971167326,1.343909091982017,-0.2962496827286771,-43.8809013310528,3.9309415999999997,9827354,ok,right
28,908,2,6,0.07680000000000001,0.5,5.0,10.0,0.13214687630534172,1.375917354086891,1.8577973770377771,1.1322554793847428,0.12121599589555646,23.772072121100997,3.9781008,9945252,ok,right
28,212,2,6,0.07680000000000001,0.5,5.0,10.0,0.6012761218473316,0.5468069811586109,3.1349566479849518,1.6013830433600884,-0.6517677852565855,51.53153417237791,3.9803376,9950844,ok,right
28,918,2,6,0.07680000000000001,0.5,5.0,10.0,0.2634219259023666,0.6446097223839493,4.982531832278799,1.2638962832340912,0.40832548929311446,-50.04281492319062,3.9840275999999997,9960069,ok,right
28,634,2,6,0.07680000000000001,0.5,5.0,10.0,0.5332510784268379,-0.7838417485213129,4.707588152845238,1.5338033133399016,-0.2901125367334325,-6.874556514383916,3.9965184,9991296,ok,right
28,570,2,6,0.07680000000000001,0.5,5.0,10.0,0.09494536332786084,1.3974687076599601,2.4439186683250522,1.0961789579549117,0.2643061501715559,3.6300769409885216,4.0051508,10012877,ok,right
28,251,2,6,0.07680000000000001,0.5,5.0,10.0,0.2788473442196846,-1.8089586933521364,1.848155980326333,1.2791967393136119,0.03914563184876395,64.2928654893217,4.0093708,10023427,ok,right
28,534,2,6,0.07680000000000001,0.5,5.0,10.0,0.5447969263419509,-0.5154290865324619,4.455135482755351,1.545020099080586,0.11188408942663833,8.497911658419842,4.014502,10036255,ok,right
28,153,2,6,0.07680000000000001,0.5,5.0,10.0,0.3957079891115427,1.078354716474761,4.449659656036617,1.3959855750937555,-0.3495987837186127,81.70218723527731,4.0357924,10089481,ok,right
28,141,2,6,0.07680000000000001,0.5,5.0,10.0,0.15522183161228897,-0.4201453816222929,5.620601365041704,1.1557135195537973,0.19476669782327735,-40.725910994940946,4.042504399999999,10106261,ok,right
28,994,2,6,0.07680000000000001,0.5,5.0,10.0,0.004058311693370342,-0.9154862441501623,4.99115553539922,1.0043981757566471,-0.06839900883595422,156.9692312014492,4.0454012,10113503,ok,right
28,497,2,6,0.07680000000000001,0.5,5.0,10.0,0.05704546514898539,1.2770413367849813,0.7643606421631034,1.0571577177725564,-0.31199771564950324,-36.163487036832215,4.0517696,10129424,ok,right
28,116,2,6,0.07680000000000001,0.5,5.0,10.0,0.08725057169795036,1.4773859071706383,1.9743131361696855,1.0878081636327261,-0.08578366397248645,-13.773976697026107,4.0550488,10137622,ok,right
28,114,2,6,0.07680000000000001,0.5,5.0,10.0,0.34330164063721896,-1.0256241270872726,5.1678307518197135,1.3442077771530134,0.12178636302345898,43.55057316730481,4.0595104,10148776,ok,right
28,338,2,6,0.07680000000000001,0.5,5.0,10.0,0.42347144782543183,1.0269256268290774,0.9739957423064799,1.4236930640774403,-0.36543088225839815,-15.00972806875394,4.0747116,10186779,ok,right
28,358,2,6,0.07680000000000001,0.5,5.0,10.0,0.3776808617636562,-0.3260230602382871,0.7275887625810057,1.377960982536101,-0.0028321627085216823,12.535035044678056,4.0870028,10217507,ok,right
28,96,2,6,0.07680000000000001,0.5,5.0,10.0,0.21178392358124257,0.3155574091878088,5.184409387986455,1.2122349853441583,0.2277594074415879,52.651954852288725,4.1009004,10252251,ok,right
28,466,2,6,0.07680000000000001,0.5,5.0,10.0,0.5310029596090317,-0.6385545556078648,3.0835145205738614,1.5310996034079078,-0.48463350385340276,71.30264343378512,4.1371324,10342831,ok,right
28,417,2,6,0.07680000000000001,0.5,5.0,10.0,0.14919794350862503,1.8488964002464539,3.7675013404217954,1.1500217014625789,-0.257629688323742,-28.562451405866806,4.164638399999999,10411596,ok,right
28,524,2,6,0.07680000000000001,0.5,5.0,10.0,0.19250483233481647,-1.9468162892093246,0.13528766937731868,1.192617531043286,0.25284013009814266,-72.57379246365922,4.1701956,10425489,ok,right
28,160,2,6,0.07680000000000001,0.5,5.0,10.0,-0.07549562770873308,-0.4108286688536487,1.793208786046567,0.925321096999847,0.015885013186189952,25.08947027711637,4.1846996,10461749,ok,right
28,415,2,6,0.07680000000000001,0.5,5.0,10.0,0.560055142827332,-0.8283807489912811,0.40712144829961167,1.5604844080176061,-0.058543629043393906,18.426288315601955,4.218112,10545280,ok,right
28,691,2,6,0.07680000000000001,0.5,5.0,10.0,0.01232378799468279,0.7749980616473968,4.575088445449155,1.0128141320513695,-0.16031935690877688,99.75839580548714,4.261426,10653565,ok,right
28,393,2,6,0.07680000000000001,0.5,5.0,10.0,0.625067650526762,0.08083212043380723,4.295068001405114,1.6254835575199886,0.137835127624526,72.76331571645619,4.2998036,10749509,ok,right
28,664,2,6,0.07680000000000001,0.5,5.0,10.0,0.4266977233812213,-0.7828485171692066,2.9154074002946784,1.428569653502484,0.13801123596784312,37.66777137699458,4.3068136,10767034,ok,right
28,178,2,6,0.07680000000000001,0.5,5.0,10.0,0.11211101617664099,1.089598354728231,4.275381382612706,1.112149671971813,-0.2436332039261645,172.18270953488224,4.3391012,10847753,ok,right
28,843,2,6,0.07680000000000001,0.5,5.0,10.0,-0.011452625691890718,0.9256556849556914,2.047631133427134,0.9893450396465758,0.05775129560836194,138.0216261204043,4.3594876,10898719,ok,right
28,709,2,6,0.07680000000000001,0.5,5.0,10.0,0.15674586817622185,1.6222921309610985,0.0001265160813311825,1.1568843193775002,-0.0979947098583614,84.70633667339322,4.3601364,10900341,ok,right
28,934,2,6,0.07680000000000001,0.5,5.0,10.0,0.12564497478306294,-1.724097657624539,4.0242924579225745,1.1262223022021955,0.0221438568301104,20.69160781145367,4.4425951999999995,11106488,ok,right
28,979,2,6,0.07680000000000001,0.5,5.0,10.0,-0.03231095727533102,-0.6336411144861873,5.0232410329861255,0.9678536667452722,-0.06734447533460008,-3.727262742708895,4.4541116,11135279,ok,right
28,552,2,6,0.07680000000000001,0.5,5.0,10.0,0.20250909794121982,2.0703432192647093,3.9374096142176804,1.2029939966253125,-0.3001273406019048,-31.05820447386792,4.4734156,11183539,ok,right
28,12,2,6,0.07680000000000001,0.5,5.0,10.0,-0.06270090900361538,0.383537297219407,1.0887903812439665,0.9374363504673825,-0.035118203636831186,24.943716572279133,4.4841736,11210434,ok,right
28,218,2,6,0.07680000000000001,0.5,5.0,10.0,0.6027525333687663,-0.14308738899200624,4.492052445775042,1.6028921419909183,-0.03915915227105122,19.43569377853597,4.517930799999999,11294827,ok,right
28,593,2,6,0.07680000000000001,0.5,5.0,10.0,0.28080031666904687,0.927617033204874,6.1080788041480165,1.281240270062586,0.1768364077609318,3.3008551296845376,4.5315764,11328941,ok,right
28,332,2,6,0.07680000000000001,0.5,5.0,10.0,0.17266329713165762,1.5922899177912508,2.41866983018674,1.1730044689049148,0.0415539884604918,-48.04550702158741,4.5459892,11364973,ok,right
28,326,2,6,0.07680000000000001,0.5,5.0,10.0,0.3757909141480923,-1.4675138970840598,5.196831576917628,1.3772562651744937,0.14256624317661948,15.510433595867704,4.553172,11382930,ok,right
28,694,2,6,0.07680000000000001,0.5,5.0,10.0,0.1652901116758585,-1.1117648272334242,3.735345510122393,1.1658665648915993,0.5755350215982888,-6.705868729643815,4.5564452,11391113,ok,right
28,951,2,6,0.07680000000000001,0.5,5.0,10.0,0.44243903849273925,0.18623339482099271,3.9957397143919127,1.4425911693900941,0.21924773066634679,104.0857801694113,4.5687359999999995,11421840,ok,right
28,627,2,6,0.07680000000000001,0.5,5.0,10.0,0.12130186576396228,-1.8517749311259597,3.825341248931863,1.122480387528106,0.1639486309965625,63.10760440307416,4.6361799999999995,11590450,ok,right
28,267,2,6,0.07680000000000001,0.5,5.0,10.0,0.11546361129730941,-0.9014461449578349,2.1105706383101457,1.1167257593355793,-0.20031150471497458,-3.4133028369683958,4.6488108,11622027,ok,right
28,995,2,6,0.07680000000000001,0.5,5.0,10.0,0.08397105764597655,-1.3722503461230096,2.0233603145415353,1.084589965436795,-0.011104206322916874,-28.384977631551962,4.6529712,11632428,ok,right
28,262,2,6,0.07680000000000001,0.5,5.0,10.0,0.3386102819815278,-1.2389738119881895,5.441474172109404,1.3392238071594968,0.21728513600082722,128.95486399734207,4.6794063999999995,11698516,ok,right
28,4,2,6,0.07680000000000001,0.5,5.0,10.0,0.19392986558377745,-0.05383980517020364,4.665284077384976,1.1956983396416008,-0.042718890602786226,9.527504977061527,4.68122,11703050,ok,right
28,813,2,6,0.07680000000000001,0.5,5.0,10.0,0.06937188692390919,1.6291295349398482,5.770658788472849,1.069464056835149,-0.17823597506327288,194.38365775746453,4.6888488,11722122,ok,right
28,197,2,6,0.07680000000000001,0.5,5.0,10.0,0.4792677525430918,0.7298440677310136,6.0473116463005505,1.4793485846745091,0.6856716069496501,-59.688195535928266,4.7028723999999995,11757181,ok,right
28,770,2,6,0.07680000000000001,0.5,5.0,10.0,0.3005455177277327,-0.9312540028889442,0.6389653009095294,1.3007202795826263,0.02474592687226875,-25.719642620978735,4.7091116,11772779,ok,right
28,277,2,6,0.07680000000000001,0.5,5.0,10.0,0.11674118991941214,-1.6121835832203855,0.28625324016787507,1.1171448941971995,-0.08052130944176135,-35.11226711797039,4.7136824,11784206,ok,right
28,280,2,6,0.07680000000000001,0.5,5.0,10.0,-0.022366182133555415,-0.6320362254809673,6.034704407009858,0.9795803420916505,-0.15292010490519878,72.12434859669487,4.7211108,11802777,ok,right
28,255,2,6,0.07680000000000001,0.5,5.0,10.0,0.6975023820996284,0.27973352519799205,0.6327826185074192,1.6982860425597934,0.09518011832853757,25.13685440041887,4.7259996,11814999,ok,right
28,323,2,6,0.07680000000000001,0.5,5.0,10.0,0.11352216321974994,0.16751279589730372,0.5296002780344886,1.1140153166360922,0.016254281377783276,44.68930866375041,4.7472448,11868112,ok,right
28,208,2,6,0.07680000000000001,0.5,5.0,10.0,0.4607245331630111,-0.31851519808751416,3.728484891001497,1.4609343721806318,0.0505189373866116,-88.69183155448327,4.7553968,11888492,ok,right
28,75,2,6,0.07680000000000001,0.5,5.0,10.0,0.6291260400786997,-0.4854572027229298,1.8342469355873616,1.630626760479141,-0.0655053331574599,-53.3356871316435,4.757562399999999,11893906,ok,right
28,147,2,6,0.07680000000000001,0.5,5.0,10.0,0.3087476868182421,-0.5308948847343847,2.037590655589502,1.309390398800944,-0.18917576585269638,9.746343809595203,4.7687164,11921791,ok,right
28,925,2,6,0.07680000000000001,0.5,5.0,10.0,0.0665516497567296,-1.369409301699125,3.712644207767743,1.06661949754785,0.15607370172663518,-104.0842042683437,4.790703199999999,11976758,ok,right
28,562,2,6,0.07680000000000001,0.5,5.0,10.0,0.45947127752006056,-1.1647919436091358,5.472690652469683,1.4601502384977054,-0.4749069652754023,26.906649000056632,4.7924644,11981161,ok,right
28,169,2,6,0.07680000000000001,0.5,5.0,10.0,0.3067614952102304,1.8345368839932155,1.545271794429956,1.3070651490992278,0.14089039100364295,-15.7819170985719,4.797466,11993665,ok,right
28,364,2,6,0.07680000000000001,0.5,5.0,10.0,-0.07989079747349025,0.32300372118596676,3.5998480831621147,0.9203891736542832,0.03626842059745363,26.932020203406104,4.8204915999999995,12051229,ok,right
28,6,2,6,0.07680000000000001,0.5,5.0,10.0,0.12023089453577995,-1.5778898904644925,5.3241854129160835,1.1205564113408713,0.01227599452787391,-116.55442528534805,4.8884564,12221141,ok,right
28,269,2,6,0.07680000000000001,0.5,5.0,10.0,-0.09299872815608978,-0.20984824582045383,2.3642088747664887,0.907485496366133,-0.001881501801881202,27.795562495496856,4.8947636,12236909,ok,right
28,299,2,6,0.07680000000000001,0.5,5.0,10.0,0.14213460348546506,1.6763766098868373,3.44740842198692,1.1421982544808797,0.21112061637359975,47.980390364365476,4.9016484,12254121,ok,right
28,548,2,6,0.07680000000000001,0.5,5.0,10.0,-0.0745349083095789,-0.35210782448799316,2.4652895476279557,0.9258610115256918,-0.07895379298277184,19.92669501421534,4.9003064,12250766,ok,right
28,441,2,6,0.07680000000000001,0.5,5.0,10.0,0.22994053568691017,1.3697208206549005,3.7230865067771255,1.231021580940186,0.08919619246030919,12.54357209501073,4.9090907999999995,12272727,ok,right
28,370,2,6,0.07680000000000001,0.5,5.0,10.0,0.18116314187645913,-2.162843469786213,5.928755656264835,1.1817985496611074,0.009978877301083345,24.834455621449816,4.9235596,12308899,ok,right
28,953,2,6,0.07680000000000001,0.5,5.0,10.0,-0.006723027862608433,-0.06907272262956234,2.013258726226978,0.9935863548366962,-0.06753964834132047,-190.75001688093846,4.921842799999999,12304607,ok,right
28,726,2,6,0.07680000000000001,0.5,5.0,10.0,0.15762360170483591,-0.6748306458769157,2.9525396302468154,1.1582010567690748,-0.3990278987432713,-56.17644560492512,4.9659472,12414868,ok,right
28,340,2,6,0.07680000000000001,0.5,5.0,10.0,0.5129859931766987,0.44307155737806725,4.25067254703624,1.5130709880942013,-0.11694566058676834,29.288034499839256,4.971316,12428290,ok,right
28,443,2,6,0.07680000000000001,0.5,5.0,10.0,0.5673133682459593,-0.28608834204502565,5.718678579311351,1.5674684657664029,0.3354236900878807,150.81028082376102,4.9810772,12452693,ok,right
28,878,2,6,0.07680000000000001,0.5,5.0,10.0,0.28143544141203164,-1.8911523998191049,0.7234981291039876,1.2814738451037802,0.1286558600753596,69.41423272716295,5.0272844,12568211,ok,right
28,284,2,6,0.07680000000000001,0.5,5.0,10.0,-0.025841983407735827,-0.7758595325241042,2.5016154858919504,0.9741692575453201,-0.044229556346207254,-5.569537304084132,5.046068,12615170,ok,right
28,144,2,6,0.07680000000000001,0.5,5.0,10.0,0.20115148629993201,0.44471136926364413,6.084161803703234,1.2011666633184614,-0.1973312568003378,-22.610894932982458,5.089694,12724235,ok,right
28,915,2,6,0.07680000000000001,0.5,5.0,10.0,0.68454844430089,0.09754443802241906,1.8511153099942923,1.685190473875137,-0.27973529474386627,-77.05223701506183,5.1181716,12795429,ok,right
28,375,2,6,0.07680000000000001,0.5,5.0,10.0,0.15275024808943272,-0.07588881402232593,5.799135878657959,1.1527760404954814,-0.06765076040916275,-8.98201359993058,5.1229984,12807496,ok,right
28,655,2,6,0.07680000000000001,0.5,5.0,10.0,0.5007217757403851,0.5065516037042435,5.8455587385278385,1.5007222896964132,0.20591713084591123,184.5616369181829,5.1327636,12831909,ok,right
28,784,2,6,0.07680000000000001,0.5,5.0,10.0,0.6801849234849215,-0.053730953616808914,2.876967606848702,1.6804439586183124,-0.06163389610022906,85.37088894714967,5.146335199999999,12865838,ok,right
28,119,2,6,0.07680000000000001,0.5,5.0,10.0,0.23724651224911214,-1.8638021554825766,0.2016980541964114,1.2374635057454852,0.15149524921630303,-52.25566418920086,5.1588188,12897047,ok,right
28,289,2,6,0.07680000000000001,0.5,5.0,10.0,0.6316477686166764,0.3038762459785577,2.920574339175565,1.6317941835697876,0.18674326276819944,-64.23483683137884,5.1780476,12945119,ok,right
28,943,2,6,0.07680000000000001,0.5,5.0,10.0,0.08279376458376647,0.5852636298289903,1.4789837900227845,-0.9172412526967245,-1.5746782385588378,42.06524209163658,5.1768996,12942249,ok,left
28,992,2,6,0.07680000000000001,0.5,5.0,10.0,0.29832453411072496,0.940667418578254,4.708749428919905,1.298668603847791,-0.46951996100223803,46.0344343397654,5.215726399999999,13039316,ok,right
28,126,2,6,0.07680000000000001,0.5,5.0,10.0,0.46795764155685904,-0.7265392985927673,2.7067931170724244,1.4689660756283194,-0.35152995523068903,-42.23387551800123,5.221509999999999,13053775,ok,right
28,271,2,6,0.07680000000000001,0.5,5.0,10.0,0.5808479338884354,0.5363012109063211,0.8092591179876969,1.5812554043562408,0.06061884145139499,-25.208533364086186,5.310355599999999,13275889,ok,right
28,172,2,6,0.07680000000000001,0.5,5.0,10.0,0.292119712010026,-1.2801319162011349,2.7063202375808095,1.2925281791487755,-0.46074641425054474,57.74055957270664,5.340114799999999,13350287,ok,right
28,731,2,6,0.07680000000000001,0.5,5.0,10.0,0.07486588768661022,-0.12255321089792111,2.374839348928407,1.0752536104344679,0.0851616173431317,-30.31234107343398,5.3502339999999995,13375585,ok,right
28,638,2,6,0.07680000000000001,0.5,5.0,10.0,0.5440189477056265,0.842745485475928,4.665813462087403,1.5453713211095828,-0.0788561174036129,-44.182707327962135,5.3690076,13422519,ok,right
28,574,2,6,0.07680000000000001,0.5,5.0,10.0,0.6192960225045682,-0.4377676102745898,1.2018613413433108,1.6200050417446863,-0.18091275185792635,-78.62787010269884,5.372272,13430680,ok,right
28,201,2,6,0.07680000000000001,0.5,5.0,10.0,0.33404445331543686,-0.9807563355743992,0.0010220735677523181,1.3350158917571688,-0.01239078792394172,22.153264951234185,5.4280316,13570079,ok,right
28,832,2,6,0.07680000000000001,0.5,5.0,10.0,0.41027790736407044,-0.7154120231134086,5.696749102294896,1.410447269426315,-0.0007824607574346198,-3.4154428407782698,5.4294636,13573659,ok,right
28,500,2,6,0.07680000000000001,0.5,5.0,10.0,0.5170252358540893,0.9699242595547805,2.1104629455957404,1.5176584884822215,-0.36335779921157446,25.45907546580446,5.4424095999999995,13606024,ok,right
28,871,2,6,0.07680000000000001,0.5,5.0,10.0,0.3682052802294493,-1.055802570741185,2.248605919462238,1.3685659567062305,-0.05702868641586315,-22.597422241246516,5.4545395999999995,13636349,ok,right
28,378,2,6,0.07680000000000001,0.5,5.0,10.0,0.5252896944060922,0.7474538275616875,0.6396053012366834,1.5256122014595705,-0.05035853289151713,70.55019739285076,5.4986292,13746573,ok,right
28,516,2,6,0.07680000000000001,0.5,5.0,10.0,0.5090593880042434,-0.5536467444038697,0.2800797273362858,1.5091092623041986,-0.5618745461979843,12.545604148365703,5.5053548,13763387,ok,right
28,610,2,6,0.07680000000000001,0.5,5.0,10.0,0.05444917064160109,-0.7486460970447075,2.2443208129703525,1.0548527822203373,0.004343989850454753,4.224430629324244,5.5040388,13760097,ok,right
28,351,2,6,0.07680000000000001,0.5,5.0,10.0,0.11442408412694932,0.26714850094860254,5.903262797539229,1.1149023127898248,0.08888732339267563,13.997928519021277,5.5451856,13862964,ok,right
28,631,2,6,0.07680000000000001,0.5,5.0,10.0,0.05554540995508433,-1.2432943903599465,5.582539180010348,1.0555652116956489,0.20366839314933893,18.75499789746687,5.5483072,13870768,ok,right
28,866,2,6,0.07680000000000001,0.5,5.0,10.0,0.015243185497820378,0.442970305977548,3.7122785338388136,1.015483058782183,-0.13101695112818695,18.82811768443671,5.573034799999999,13932587,ok,right
28,543,2,6,0.07680000000000001,0.5,5.0,10.0,0.5343524172902108,-0.47406027424662417,0.717381879274775,1.5345430463762595,-0.2112355210467607,-40.51276842380484,5.5937035999999996,13984259,ok,right
28,488,2,6,0.07680000000000001,0.5,5.0,10.0,0.5098686128854751,-0.7550342942572176,3.450216806304542,1.5098974664463953,0.26794168213450925,-8.741240289886239,5.619451199999999,14048628,ok,right
28,875,2,6,0.07680000000000001,0.5,5.0,10.0,0.5094272183254361,0.2926174225064945,1.7937402612589286,1.5095520609440019,-0.07218120860823656,-130.28148059765127,5.7290744,14322686,ok,right
28,148,2,6,0.07680000000000001,0.5,5.0,10.0,0.28302511386573315,1.0441292289774362,1.8863080177861178,1.2833052549549748,-0.06270781401642017,-9.829260967871093,5.7350807999999995,14337702,ok,right
28,87,2,6,0.07680000000000001,0.5,5.0,10.0,0.09737891498953105,-1.3827393108415411,2.3753232456560767,1.0973985608825751,-0.03980604649658884,-19.556074357217597,5.750538,14376345,ok,right
28,677,2,6,0.07680000000000001,0.5,5.0,10.0,0.051827207393944266,-0.4602317070275128,4.599484678838771,1.0520653141194576,0.20187356285251684,-42.114295336160716,5.7839352,14459838,ok,right
28,923,2,6,0.07680000000000001,0.5,5.0,10.0,0.3186757512390614,-1.335600416746287,1.5777008992894839,1.3190546175952789,0.044366776493420905,116.65076865815361,5.7870864,14467716,ok,right
28,788,2,6,0.07680000000000001,0.5,5.0,10.0,0.6492163069546223,-0.2298738152911359,5.198095075856002,1.6496707690257302,-0.17627280067585613,127.94527282364903,5.801194,14502985,ok,right
28,966,2,6,0.07680000000000001,0.5,5.0,10.0,0.4330101033672691,-0.7893044351410657,3.557058021927166,1.4334688579911146,0.05133755639206705,69.47772213478643,5.816409999999999,14541025,ok,right
28,66,2,6,0.07680000000000001,0.5,5.0,10.0,0.23263239115476608,-0.4828298092275519,4.079489166047022,1.2334419363799236,0.1537771746780756,18.94735645410617,5.8456464,14614116,ok,right
28,252,2,6,0.07680000000000001,0.5,5.0,10.0,0.6238987272605301,-0.26090419393096376,1.8453989151749315,1.6241024016228818,-0.45097778969467617,-59.28483746640185,5.9057512,14764378,ok,right
28,94,2,6,0.07680000000000001,0.5,5.0,10.0,0.5628466563299298,0.5703346603297986,0.9220204968260247,1.563130260229637,-0.13207028366078943,118.69207438357884,5.9099732,14774933,ok,right
28,774,2,6,0.07680000000000001,0.5,5.0,10.0,0.45710642468184237,0.1849956948475863,3.4264783447709064,1.4571508720116626,-0.11028580235543002,112.61517707115088,5.990024,14975060,ok,right
28,365,2,6,0.07680000000000001,0.5,5.0,10.0,0.026589718461036683,-0.5365590901758086,3.168699239693622,1.0266583372894058,0.0077388608439004445,-11.530308797277149,5.993612799999999,14984032,ok,right
28,557,2,6,0.07680000000000001,0.5,5.0,10.0,0.17300449796020986,2.116103709650145,3.2507770280258157,1.1732473009201916,-0.03451202919866968,-37.15272328910213,5.9924235999999995,14981059,ok,right
28,531,2,6,0.07680000000000001,0.5,5.0,10.0,0.6607708832249046,0.40425006232826677,1.2437147122242034,1.6610056690370087,0.0383402442180195,-30.996839045271642,6.0466896,15116724,ok,right
28,385,2,6,0.07680000000000001,0.5,5.0,10.0,-0.07091955207288266,-0.1614469819920804,4.433662743392424,0.9307151788664803,-0.03282236527098521,115.73808371484284,6.067089999999999,15167725,ok,right
28,416,2,6,0.07680000000000001,0.5,5.0,10.0,0.48915449474006895,-0.6705879554361729,4.060794456914491,1.4892979630693781,-0.414876117202244,-31.751903896981354,6.0882708,15220677,ok,right
28,389,2,6,0.07680000000000001,0.5,5.0,10.0,-0.09639352560043335,-0.024480200441356438,5.264266734388329,0.9036633269556126,-0.029181982986473263,-12.988507082697414,6.0935616,15233904,ok,right
28,108,2,6,0.07680000000000001,0.5,5.0,10.0,0.47275667246431113,-0.7877186186952132,3.1379994971089746,1.4733296275531664,0.2956983480692919,39.10693885352674,6.171371199999999,15428428,ok,right
28,886,2,6,0.07680000000000001,0.5,5.0,10.0,0.21001541018486025,-1.0104561047792722,3.629170933102228,1.210922493089111,0.24033164151475056,-59.876545253324046,6.1935644,15483911,ok,right
28,162,2,6,0.07680000000000001,0.5,5.0,10.0,0.31616119351238015,-1.4719004319673008,0.5572624292226903,1.316249837279797,-0.07169667824451803,101.51064273274172,6.2039496,15509874,ok,right
28,704,2,6,0.07680000000000001,0.5,5.0,10.0,0.656371900625527,0.14731820206860574,2.3478991785336034,1.6567034125742894,0.24674403050610794,-156.18720276229212,6.224594,15561485,ok,right
28,3,2,6,0.07680000000000001,0.5,5.0,10.0,0.48823738619685175,0.20556974675656633,3.4807891418907477,1.488560181789248,-0.394986174107974,106.54488687579926,6.3191375999999995,15797844,ok,right
28,431,2,6,0.07680000000000001,0.5,5.0,10.0,0.2077559618279338,-0.3136910582391206,4.164123059936987,1.2080242058330957,0.21510503319170143,93.88722287240026,6.320007599999999,15800019,ok,right
28,637,2,6,0.07680000000000001,0.5,5.0,10.0,0.579006570391357,0.1395258511887812,6.200953344836854,1.5797448909610599,-0.051078806771426274,-9.793079171583782,6.3347976,15836994,ok,right
28,373,2,6,0.07680000000000001,0.5,5.0,10.0,0.3929641503840685,-1.4224102971802424,1.3734669307306318,1.3931129759841372,0.15195826051152728,-128.62542896101957,6.3447268,15861817,ok,right
28,829,2,6,0.07680000000000001,0.5,5.0,10.0,0.5376158190891147,-0.2071682192905178,5.458612147689163,1.5376487113105937,0.30899583482441606,-21.935066547622302,6.383470399999999,15958676,ok,right
28,225,2,6,0.07680000000000001,0.5,5.0,10.0,0.008824380300939084,-0.995107816134856,1.8384394071806316,1.009184413637297,-0.028116868822106168,84.44849657497464,6.4072812,16018203,ok,right
28,872,2,6,0.07680000000000001,0.5,5.0,10.0,0.47017014119774103,0.5151396083561006,3.788233026928325,1.4705085777108988,-0.07467769062967643,-100.02160659386105,6.4055148,16013787,ok,right
28,555,2,6,0.07680000000000001,0.5,5.0,10.0,0.6889571480453015,-0.2934027331539075,0.75242135956406,1.6892688725868397,-0.22689023833671887,127.10398362248323,6.4486792,16121698,ok,right
28,590,2,6,0.07680000000000001,0.5,5.0,10.0,0.05488688070327044,-0.43209220754260186,4.322140194304899,1.055152914979461,0.21292085950154907,15.21170768688946,6.5633892,16408473,ok,right
28,740,2,6,0.07680000000000001,0.5,5.0,10.0,0.21068419329822063,1.1108275165076236,3.826862408705702,1.2116856843177588,-0.07243580066644402,-52.427935958142974,6.5879319999999995,16469830,ok,right
28,244,2,6,0.07680000000000001,0.5,5.0,10.0,0.49873907677829266,0.6370865271106165,3.7778174290997253,1.499321084166718,-0.10212184701772614,69.46548732901766,6.608314,16520785,ok,right
28,649,2,6,0.07680000000000001,0.5,5.0,10.0,0.2166946977376938,-0.23538091118421323,3.830230862432463,1.2168390752558675,-0.15650349765375127,-57.17733044060731,6.6213824,16553456,ok,right
28,967,2,6,0.07680000000000001,0.5,5.0,10.0,0.3719644667580724,-0.9185974990155853,1.7407845988030284,1.3730513621793086,-0.30737102199756844,-94.1726476311923,6.6373552,16593388,ok,right
28,206,2,6,0.07680000000000001,0.5,5.0,10.0,0.037896948307752615,-0.3112743119248567,0.608590892287776,1.0381675686697216,-0.04112796503624033,-19.391710992889116,6.651625999999999,16629065,ok,right
28,470,2,6,0.07680000000000001,0.5,5.0,10.0,0.14363592807203532,1.1499575127095598,2.3261496243487993,1.1438152610786283,-0.35923485783226783,-39.80307730691757,6.6559536,16639884,ok,right
28,942,2,6,0.07680000000000001,0.5,5.0,10.0,0.018936135061085227,-0.8293920974733411,5.009500756328451,1.0192885600547688,0.22979186141787553,39.952298534374805,6.677285599999999,16693214,ok,right
28,106,2,6,0.07680000000000001,0.5,5.0,10.0,0.46760281547904015,0.7752511473730201,4.261347093068215,1.4680350226356869,-0.1971890404217679,24.848321333538284,6.690039199999999,16725098,ok,right
28,58,2,6,0.07680000000000001,0.5,5.0,10.0,0.6200478594750166,-0.131641828358229,4.948632948254213,1.6202283088305018,-0.4252183422541498,5.290602788083344,6.735489599999999,16838724,ok,right
28,948,2,6,0.07680000000000001,0.5,5.0,10.0,0.2193232422694564,0.06271192455337311,0.24230638377633643,1.22057279160639,-0.24579780112842475,-119.56026809119967,6.7459804,16864951,ok,right
28,826,2,6,0.07680000000000001,0.5,5.0,10.0,0.4525460679084063,1.063724789840634,5.215733523025269,1.4526121320768348,0.02574058234355527,-15.72924194959028,6.7555836,16888959,ok,right
28,882,2,6,0.07680000000000001,0.5,5.0,10.0,0.2288864951580763,1.8472775125618757,4.286894280182531,1.2293039603930778,0.020280706800942242,-135.5373895595697,6.8451135999999995,17112784,ok,right
28,897,2,6,0.07680000000000001,0.5,5.0,10.0,-0.08167879711836577,0.3554195141448449,4.527536805303904,0.918450507704066,0.030265198568005414,75.05057325574697,6.8584168,17146042,ok,right
28,852,2,6,0.07680000000000001,0.5,5.0,10.0,0.36490210667252543,-1.2944706406019941,6.158192661922774,1.3649849484688972,0.2659177364072191,81.71106040500065,6.94349,17358725,ok,right
28,54,2,6,0.07680000000000001,0.5,5.0,10.0,0.4036090692505241,-0.37825949586488133,3.563680663775353,1.4045533145943878,0.3915485661095744,-62.42527449518389,6.966527999999999,17416320,ok,right
28,193,2,6,0.07680000000000001,0.5,5.0,10.0,0.5537938794121147,0.24165432941106277,4.842441604729941,1.5538149644834418,-0.11607093938748175,-42.662694190977334,6.9705496,17426374,ok,right
28,551,2,6,0.07680000000000001,0.5,5.0,10.0,-0.033929038979113105,0.43020617985167886,4.765635555803997,0.9662128888858077,0.11024601013043318,-78.51741099328696,6.9900123999999995,17475031,ok,right
28,319,2,6,0.07680000000000001,0.5,5.0,10.0,0.6514730196446181,-0.4898616285571119,6.2795155961956794,1.6519255007559972,0.20880338886127534,121.43531434553438,7.024395999999999,17560990,ok,right
28,958,2,6,0.07680000000000001,0.5,5.0,10.0,0.5380694404244423,-0.016731231286693366,0.4096946904797629,1.5381644883600862,0.19939540321033822,-2.687404897962335,7.024547999999999,17561370,ok,right
28,485,2,6,0.07680000000000001,0.5,5.0,10.0,0.6314307600259781,-0.5866314300047607,5.237668784419808,1.631494184068945,-0.3499530455258266,52.163648231578165,7.033722399999999,17584306,ok,right
28,275,2,6,0.07680000000000001,0.5,5.0,10.0,0.052844529040157795,-0.6948781616145757,5.690195172245974,1.053128937746317,-0.1284371758132935,-54.95217756398554,7.110118399999999,17775296,ok,right
28,429,2,6,0.07680000000000001,0.5,5.0,10.0,0.33146676346659665,-1.257645533688539,0.6475132131700998,1.3317793916100464,-0.25613223972489696,31.13253995693059,7.1244752,17811188,ok,right
28,583,2,6,0.07680000000000001,0.5,5.0,10.0,0.6241350322961807,-0.5863151915155272,1.5627406191737678,1.6245237120902334,0.24057136328975295,-49.94900198948945,7.2505196,18126299,ok,right
28,640,2,6,0.07680000000000001,0.5,5.0,10.0,-0.08656935524195433,-0.11905066590147002,4.032104579443079,0.9136628996818686,0.013542367163544615,31.858244075468892,7.2698035999999995,18174509,ok,right
28,387,2,6,0.07680000000000001,0.5,5.0,10.0,0.42973372489213946,1.2749123349018514,1.1034679217195844,1.4300664138218977,0.06627045366854308,-200.70748624010488,7.3183088,18295772,ok,right
28,369,2,6,0.07680000000000001,0.5,5.0,10.0,0.039302023127675056,0.03423059812821971,0.09975844215096515,1.0393877194529297,-0.03718508424387791,46.026019682297616,7.338211599999999,18345529,ok,right
28,195,2,6,0.07680000000000001,0.5,5.0,10.0,0.356825464963913,1.2755679142064864,3.858367824164144,1.3570406778544657,-0.037871724779043096,112.04455686782055,7.4173,18543250,ok,right
28,430,2,6,0.07680000000000001,0.5,5.0,10.0,0.4816910380497575,0.5766441973250745,1.678699625331823,1.4817555255254167,0.0278984004251853,-27.562437215048394,7.457980399999999,18644951,ok,right
28,281,2,6,0.07680000000000001,0.5,5.0,10.0,0.5015305137261749,1.0629022941793838,5.158995812106154,1.661511835715632,-3.2437823872814575,96.27366797853742,7.6666944,19166736,ok,right
28,487,2,6,0.07680000000000001,0.5,5.0,10.0,0.26122133024036887,0.2632401603185668,2.3787460921399433,-1.1550368316933604,0.027071970129825054,-68.65945786629895,7.711658,19279145,ok,left
28,542,2,6,0.07680000000000001,0.5,5.0,10.0,0.2549223016947508,0.6459481040456484,5.076989703834008,1.255084105039305,0.008958712367260927,-19.150759431221253,7.7260832,19315208,ok,right
28,171,2,6,0.07680000000000001,0.5,5.0,10.0,0.6709288548678161,0.03977546103254474,2.3182755423959662,1.6710605869707764,0.2563744520008371,-99.6089068959243,7.7700656,19425164,ok,right
28,775,2,6,0.07680000000000001,0.5,5.0,10.0,0.2722917761653662,-0.8126755141718108,0.44142221054975367,1.2723901855765656,0.07975856272402743,-149.54341331620148,7.782464,19456160,ok,right
28,844,2,6,0.07680000000000001,0.5,5.0,10.0,0.1561472373083234,-0.09286140975851809,0.9735688818288848,1.1562671281604362,-0.033060895581265765,-6.265741436772952,7.8128416,19532104,ok,right
28,342,2,6,0.07680000000000001,0.5,5.0,10.0,0.4775470783933997,1.0691688629685465,2.250551960385511,1.477624392522276,0.7264704498439157,-237.80591463337907,7.816461599999999,19541154,ok,right
28,824,2,6,0.07680000000000001,0.5,5.0,10.0,0.09423957318067551,-0.7144735159601636,1.086983000085001,1.0949916990791195,0.10213758088902379,1.7272004552046536,7.8430336,19607584,ok,right
28,433,2,6,0.07680000000000001,0.5,5.0,10.0,0.14220027755945921,1.6006250470280954,0.5561087603220356,1.142523668505615,0.2722620657324091,-151.0204366181565,8.067014,20167535,ok,right
28,795,2,6,0.07680000000000001,0.5,5.0,10.0,0.08857091311365367,1.2226009473151291,5.55085206281187,1.0886298576457358,0.12453953939253802,-144.0634365430648,8.1649768,20412442,ok,right
28,612,2,6,0.07680000000000001,0.5,5.0,10.0,0.2920387053862214,-0.7112062286703321,5.207922046651637,1.2922757320118166,-0.32550121246718333,116.809298585672,8.2181392,20545348,ok,right
28,412,2,6,0.07680000000000001,0.5,5.0,10.0,0.008314124308526516,-0.010721213969683242,3.5554620675406885,1.0089074269451102,-0.24446255707848055,27.808242086401286,8.263439199999999,20658598,ok,right
28,601,2,6,0.07680000000000001,0.5,5.0,10.0,0.40751408841460945,0.937131167755941,4.023343934024176,1.407755806062212,0.006611901156219232,47.061155267119595,8.4151644,21037911,ok,right
28,834,2,6,0.07680000000000001,0.5,5.0,10.0,-0.06739305444061756,0.21925586235429287,4.152031257887753,0.9331822223761399,-0.17475352297591,-148.40769241899278,8.4492728,21123182,ok,right
28,49,2,6,0.07680000000000001,0.5,5.0,10.0,0.05255173072218895,1.4475588701322215,0.6761094843652922,1.0526851059708642,0.19060289962652457,-120.02873755843885,8.497472799999999,21243682,ok,right
28,455,2,6,0.07680000000000001,0.5,5.0,10.0,0.1811765791848302,1.9948648288156374,2.29895439857563,1.1812211601011404,-0.3571566332135553,-72.34696691567774,8.5566628,21391657,ok,right
28,779,2,6,0.07680000000000001,0.5,5.0,10.0,0.6263672757893801,0.39875521824372295,3.0832344288154867,1.6268825648536316,0.2293529828181048,-43.936192720617,8.7490764,21872691,ok,right
28,507,2,6,0.07680000000000001,0.5,5.0,10.0,0.44925702139735224,-0.39326285039260844,3.2502112093486253,1.4495704731845835,0.09419002074549862,9.089953974359323,9.0292544,22573136,ok,right
28,587,2,6,0.07680000000000001,0.5,5.0,10.0,0.1230972483754158,1.8117303391032424,1.5518754446756382,1.1231405332455244,-0.025876572251094104,66.05466114892836,9.0930208,22732552,ok,right
28,254,2,6,0.07680000000000001,0.5,5.0,10.0,0.29950304627418517,1.7365502249168694,0.16523257110267153,1.2999584651876244,0.003859420834886337,-35.01631687419342,9.165527599999999,22913819,ok,right
28,668,2,6,0.07680000000000001,0.5,5.0,10.0,0.62252880576998,0.22676519965863245,1.847580995004458,1.6227164046631124,-0.45926759403886774,32.13765674744207,9.3998324,23499581,ok,right
28,203,2,6,0.07680000000000001,0.5,5.0,10.0,0.06823006328195334,0.3960835242696719,3.8544346079870455,1.0685289808109089,-0.002940646051932229,-113.85442878400232,9.695998,24239995,ok,right
28,134,2,6,0.07680000000000001,0.5,5.0,10.0,0.6019665211439134,0.15516787531118836,1.9393986695448644,1.602271156505571,0.7054249383487681,184.03320903136913,9.8725744,24681436,ok,right
28,688,2,6,0.07680000000000001,0.5,5.0,10.0,0.16747417710721493,0.987707865038878,5.473861165409102,1.168110780347591,-0.2795433090585644,90.9995173441781,9.875095199999999,24687738,ok,right
28,321,2,6,0.07680000000000001,0.5,5.0,10.0,0.18084617741405964,-2.0193202333727007,4.359478255367871,1.181051418299558,0.02612268754311906,31.04137990140018,10.044017199999999,25110043,ok,right
28,419,2,6,0.07680000000000001,0.5,5.0,10.0,0.0591323234140873,0.6329935188138571,0.7035766110185105,1.0593077301157905,0.12672048713829712,-36.88282362000067,10.1118604,25279651,ok,right
28,138,2,6,0.07680000000000001,0.5,5.0,10.0,0.012162393517792226,-0.6802923860147255,6.1956211283972085,1.0122266080359554,0.09309041393555206,-41.71014129384513,10.1804328,25451082,ok,right
28,205,2,6,0.07680000000000001,0.5,5.0,10.0,-0.0850595509633422,-0.12830991692382002,4.320685496362319,0.9158419921177016,0.08307905433217434,56.90918237527276,10.343615999999999,25859040,ok,right
28,20,2,6,0.07680000000000001,0.5,5.0,10.0,0.39858785420656206,0.4550007858404476,5.349609438420224,1.3987021028658186,-0.07194486699723568,-173.10257102173372,10.3615604,25903901,ok,right
28,127,2,6,0.07680000000000001,0.5,5.0,10.0,0.22866276539862157,1.612009738617215,0.5563600516121836,1.2305576376636118,0.13193652207788292,-18.910088522177745,10.843231999999999,27108080,ok,right
28,598,2,6,0.07680000000000001,0.5,5.0,10.0,0.11941143814474345,-1.8447355360364808,0.46260906792454826,1.1197227213145302,0.06029875158333328,-78.75724033868764,12.879192399999999,32197981,ok,right
