combo_id,trial_id,device_id,m,l,beta_pe,abs_delta_alpha_e_over_p,f,x0,y0,phi0,x_end,y_end,phi_end,T,steps,status,pass_direction
0,574,1,6,0.07680000000000001,1.0,0.3333333333333333,5.0,0.6609383936971427,0.12146902375159066,5.420466846967133,1.6612401281126647,0.07932083931946941,-24.83294384033998,0.1280232,320058,ok,right
0,250,1,6,0.07680000000000001,1.0,0.3333333333333333,5.0,0.6359561296179891,0.38829892419239215,5.937807676929259,1.6364423106814143,-0.4177047999138152,20.115660288562943,0.1897752,474438,ok,right
0,77,1,6,0.07680000000000001,1.0,0.3333333333333333,5.0,0.5049084668979049,0.16074841268889944,1.3931909022103568,1.5050563498850522,0.08002093231156848,6.62377834389709,0.20754,518850,ok,right
0,782,1,6,0.07680000000000001,1.0,0.3333333333333333,5.0,0.41509074643254285,-0.0785920830113091,2.4097361961678816,1.4152519069209488,0.28496424704735723,-2.450430828398036,0.2046024,511506,ok,right
0,382,1,6,0.07680000000000001,1.0,0.3333333333333333,5.0,-0.02676249835640192,-0.12575584371888487,6.029739125534526,0.9737693128959484,-0.15904056908138586,-9.373203410267807,0.24515679999999998,612892,ok,right
0,656,1,6,0.07680000000000001,1.0,0.3333333333333333,5.0,0.5825633123517037,-0.32134075481066243,0.19543072735423483,1.5829421025178605,0.5529379787242645,20.082976079773786,0.317426,793565,ok,right
0,150,1,6,0.07680000000000001,1.0,0.3333333333333333,5.0,0.6605987258255482,-0.36543045751648867,3.842522446426274,1.6611026282158983,0.30724973952853163,8.950980771638317,0.32746559999999997,818664,ok,right
0,797,1,6,0.07680000000000001,1.0,0.3333333333333333,5.0,0.07457253709435463,0.16192235501085406,5.177610533266866,1.0753737751968033,-0.08498493969649537,2.428582711712851,0.378892,947230,ok,right
0,11,1,6,0.07680000000000001,1.0,0.3333333333333333,5.0,0.3485722174867988,-0.3772623824566697,2.659280251570864,1.3489381400096556,-0.08762744305357219,7.257848464205397,0.383486,958715,ok,right
0,469,1,6,0.07680000000000001,1.0,0.3333333333333333,5.0,0.6328488791361452,-0.17841255808684525,3.210524275314237,1.6329170221943174,-0.4168105023104901,19.27188755360791,0.40371599999999996,1009290,ok,right
0,128,1,6,0.07680000000000001,1.0,0.3333333333333333,5.0,0.3962176438421011,0.47642012613550405,5.546866939375483,1.3964613075866532,-0.5750698760021032,5.504334311788079,0.4327936,1081984,ok,right
0,952,1,6,0.07680000000000001,1.0,0.3333333333333333,5.0,0.4367356102913618,0.2572316885221351,3.561503228710728,1.4371032848559928,-0.37410001243955177,8.243130103779084,0.4499968,1124992,ok,right
0,160,1,6,0.07680000000000001,1.0,0.3333333333333333,5.0,0.5109280759468675,0.40591743885721226,3.1411899605188673,1.5111655546131393,0.3109020020861452,-24.552605661595805,0.4875404,1218851,ok,right
0,179,1,6,0.07680000000000001,1.0,0.3333333333333333,5.0,0.556364867836237,0.23294691546775304,5.392779940279194,1.5566673651130067,0.7957449966596362,4.225111974959458,0.5012367999999999,1253092,ok,right
0,494,1,6,0.07680000000000001,1.0,0.3333333333333333,5.0,0.09197662919759751,-0.00836831399707857,1.7768558591215216,1.0929859278727834,0.1556425788720397,31.67134829717202,0.5109916,1277479,ok,right
0,514,1,6,0.07680000000000001,1.0,0.3333333333333333,5.0,0.5674253549426794,0.3104144304757394,0.9370381906246796,1.5675219212005718,-0.20965302363650157,-17.259661737505457,0.5115584,1278896,ok,right
0,29,1,6,0.07680000000000001,1.0,0.3333333333333333,5.0,0.6686696907505394,-0.09684326335942467,0.8717133466112902,1.6687896856060944,-0.33251280921822496,26.356918448644755,0.5338651999999999,1334663,ok,right
0,174,1,6,0.07680000000000001,1.0,0.3333333333333333,5.0,0.48377474155277017,0.33770207734911944,1.229920848877285,1.4842374605942528,-0.07089925734770976,-30.02244741742127,0.5334892,1333723,ok,right
0,239,1,6,0.07680000000000001,1.0,0.3333333333333333,5.0,0.3947615835815668,0.8040946404807124,0.9355038192376668,1.3949663554246619,-0.4144950214633949,13.624735059487064,0.5539864,1384966,ok,right
0,666,1,6,0.07680000000000001,1.0,0.3333333333333333,5.0,0.11069398988038302,0.3337452281037144,4.010871714757609,1.112022623558332,-0.03596232975907005,21.781857280511446,0.5546684,1386671,ok,right
0,704,1,6,0.07680000000000001,1.0,0.3333333333333333,5.0,-0.03759923651814461,-0.6020933021580508,1.8376608582709444,0.9627871937296105,-0.0823750667392927,-5.321156545567942,0.5522735999999999,1380684,ok,right
0,53,1,6,0.07680000000000001,1.0,0.3333333333333333,5.0,0.4786527257412672,0.13722434310493328,3.516026407241432,1.4789702107677114,-0.6294093801539593,34.872402190956294,0.558342,1395855,ok,right
0,751,1,6,0.07680000000000001,1.0,0.3333333333333333,5.0,0.01830973755568266,-0.4880869259176328,2.270034680581866,1.0188739030357856,0.0734342910158967,0.24125410144538226,0.5566287999999999,1391572,ok,right
0,125,1,6,0.07680000000000001,1.0,0.3333333333333333,5.0,0.6246125107631088,-0.35667579639603136,0.6135117654218939,1.625388748447988,0.26000136648055516,9.59684231732681,0.6182764,1545691,ok,right
0,781,1,6,0.07680000000000001,1.0,0.3333333333333333,5.0,0.6509743703529239,-0.10913900712408015,2.953701040909946,1.6510452919485932,-0.02578830256038758,19.02425565673033,0.63857,1596425,ok,right
0,741,1,6,0.07680000000000001,1.0,0.3333333333333333,5.0,0.13636573497205973,-0.7595217256274621,0.10574495162739983,1.137028193089351,-0.02310743468008816,7.059252288868098,0.6434864,1608716,ok,right
0,747,1,6,0.07680000000000001,1.0,0.3333333333333333,5.0,0.0988540841266513,-0.8384689760595597,0.9547966087797907,1.099270873470045,-0.05060372659072695,-18.579748134680404,0.6800303999999999,1700076,ok,right
0,84,1,6,0.07680000000000001,1.0,0.3333333333333333,5.0,0.3702954046428204,0.7696011283733009,0.9846257029841526,1.3711197798243282,-0.11292717468253079,-18.523376646482916,0.7068236,1767059,ok,right
0,814,1,6,0.07680000000000001,1.0,0.3333333333333333,5.0,0.10904225148260593,0.8360402228548761,4.258772674701928,1.1092853318994267,-0.05454537935001693,-16.140945876668454,0.7087675999999999,1771919,ok,right
0,190,1,6,0.07680000000000001,1.0,0.3333333333333333,5.0,0.5439129056409001,0.30556754241185896,5.669572021094663,1.5440153276356503,0.3352668891949818,-14.867009754901035,0.7143168,1785792,ok,right
0,41,1,6,0.07680000000000001,1.0,0.3333333333333333,5.0,0.036602741666138174,-0.23107195697855776,3.57140845392026,1.03710212354971,0.09784562420102373,14.403547988558346,0.7238484,1809621,ok,right
0,430,1,6,0.07680000000000001,1.0,0.3333333333333333,5.0,0.07905085626989604,0.9891033790767819,5.2182150241497505,1.0792367033409083,0.11176095258071939,2.080850996609951,0.7257228,1814307,ok,right
0,72,1,6,0.07680000000000001,1.0,0.3333333333333333,5.0,0.18658732995390892,0.9460438489225511,5.881616481483279,1.1868102486803183,0.29829573619138405,-14.902488625023883,0.7635255999999999,1908814,ok,right
0,458,1,6,0.07680000000000001,1.0,0.3333333333333333,5.0,0.5294908771291376,0.7895517049072542,4.297580419840283,1.5296203600470735,0.07508259806717468,-11.902216075164874,0.7715152,1928788,ok,right
0,540,1,6,0.07680000000000001,1.0,0.3333333333333333,5.0,-0.0657266514375806,0.03580034264069181,0.7333579467992567,0.9344826116802463,0.03718543835578928,-10.25525047478243,0.9016571999999999,2254143,ok,right
0,650,1,6,0.07680000000000001,1.0,0.3333333333333333,5.0,0.0982534594833851,-1.6391462249346358,5.471790739876139,1.0983036594098727,-0.05190365344110856,-24.643942627346433,0.9160111999999999,2290028,ok,right
0,200,1,6,0.07680000000000001,1.0,0.3333333333333333,5.0,0.026517442241311074,-0.9452414209489255,4.778234513515442,1.0272200488260437,-0.0025482222825830656,5.226439207359471,0.9243376,2310844,ok,right
0,206,1,6,0.07680000000000001,1.0,0.3333333333333333,5.0,-0.023536708392202857,-0.0903412359977519,0.38951961504403304,0.9765415266073736,-0.04297305556951988,7.087374960543108,0.9561063999999999,2390266,ok,right
0,443,1,6,0.07680000000000001,1.0,0.3333333333333333,5.0,0.31302619706839324,-1.2606247494818972,0.14219790482779077,1.3131377122054844,-0.41187727591677703,66.13727277569599,0.96322,2408050,ok,right
0,299,1,6,0.07680000000000001,1.0,0.3333333333333333,5.0,0.6959502005949617,-0.19266529467403806,0.5422176787541594,1.6960933870666106,0.26617592867268486,-10.707918546287697,0.9647716,2411929,ok,right
0,858,1,6,0.07680000000000001,1.0,0.3333333333333333,5.0,0.5271341376006603,0.6171548680927427,2.423794789170424,1.5273960814705485,-0.20456046564207486,19.513939128530527,1.0086519999999999,2521630,ok,right
0,935,1,6,0.07680000000000001,1.0,0.3333333333333333,5.0,0.6318932520225644,-0.17835936054568358,4.332021294532385,1.6324812873464287,0.46987851946839343,26.64210273970856,1.0165164,2541291,ok,right
0,999,1,6,0.07680000000000001,1.0,0.3333333333333333,5.0,0.16226848997175694,-0.08912531260587737,0.03212120302846619,1.1623386072290343,0.03625565807111974,39.55606766238504,1.0585716,2646429,ok,right
0,344,1,6,0.07680000000000001,1.0,0.3333333333333333,5.0,0.3201915223151446,0.4258770534039807,3.882341490740728,1.3208257955318117,0.5930906275913377,7.4550514616046275,1.1327492,2831873,ok,right
0,550,1,6,0.07680000000000001,1.0,0.3333333333333333,5.0,0.6524405242875219,0.023115320678055416,0.9254535895881184,1.652532340553324,-0.037389783540164735,-42.214087410821726,1.1616092,2904023,ok,right
0,131,1,6,0.07680000000000001,1.0,0.3333333333333333,5.0,0.3596728164702654,-1.1894075598979847,2.177686000425801,1.3597171069014078,-0.26100904055286384,65.09182291031748,1.1787112,2946778,ok,right
0,426,1,6,0.07680000000000001,1.0,0.3333333333333333,5.0,-0.01654773373156786,-0.5408593518725406,1.4169841397856342,0.9840279262924876,-0.03279562946312898,12.978305329536761,1.1895608,2973902,ok,right
0,432,1,6,0.07680000000000001,1.0,0.3333333333333333,5.0,0.6601904606446625,-0.10057082193047795,4.548312622197213,1.6604077387652827,0.06134218799764964,0.44173635586999527,1.1886864,2971716,ok,right
0,700,1,6,0.07680000000000001,1.0,0.3333333333333333,5.0,0.2867186639457941,1.1764517667505399,0.5183953905516638,1.286869785896392,-0.18810865474172725,-32.962062881752665,1.2015304,3003826,ok,right
0,834,1,6,0.07680000000000001,1.0,0.3333333333333333,5.0,0.01113492101430893,0.943744044984344,2.6487871205469813,1.0116198769265103,-0.011781662098707759,-4.611692959805251,1.2208668,3052167,ok,right
0,607,1,6,0.07680000000000001,1.0,0.3333333333333333,5.0,0.1578007495030761,-0.8754607566088299,2.886805659248788,1.1578195433943528,-0.28471559074363245,-53.65093141568042,1.2414087999999999,3103522,ok,right
0,414,1,6,0.07680000000000001,1.0,0.3333333333333333,5.0,0.18252353947609665,2.0159488448805942,2.6564852266211414,1.1825641542985363,0.37395374711229973,32.08379219042048,1.2883472,3220868,ok,right
0,351,1,6,0.07680000000000001,1.0,0.3333333333333333,5.0,0.01711055710911751,0.4064639308365504,1.7887349821403913,1.0175812067693972,-0.05629693311305381,-9.686114420029332,1.30046,3251150,ok,right
0,567,1,6,0.07680000000000001,1.0,0.3333333333333333,5.0,0.4599871374666691,0.6121459636057103,1.7194540580032425,1.460370567425189,0.44183431985354066,0.38351760470716106,1.301658,3254145,ok,right
0,921,1,6,0.07680000000000001,1.0,0.3333333333333333,5.0,0.44086467605084184,-0.9426614706810472,0.5595518477404468,1.441237953085128,0.9715959285245835,-35.81431548145258,1.307826,3269565,ok,right
0,899,1,6,0.07680000000000001,1.0,0.3333333333333333,5.0,0.1750485194846988,0.5885306130369748,5.3555190174236245,1.1755684354431613,0.35569964704564794,38.342698961543306,1.3261996,3315499,ok,right
0,228,1,6,0.07680000000000001,1.0,0.3333333333333333,5.0,0.5414446024224162,0.028342586354512044,5.97362505951844,1.5417095980058144,0.8074373505546032,14.071192934061528,1.340164,3350410,ok,right
0,255,1,6,0.07680000000000001,1.0,0.3333333333333333,5.0,0.01692273784428835,-0.4171164882954731,0.24046053518647645,1.0174351928823344,-0.003467579204943892,-6.41707539307978,1.3439404,3359851,ok,right
0,644,1,6,0.07680000000000001,1.0,0.3333333333333333,5.0,0.5714959856122732,0.3324264376077854,4.179549753446407,1.5722306684664111,-0.5707477797343637,29.034402631394837,1.4347444,3586861,ok,right
0,998,1,6,0.07680000000000001,1.0,0.3333333333333333,5.0,0.5562471037730575,0.17188890720918637,1.7233171389617845,1.556736689681352,-0.5674326693714513,-48.15216011729493,1.4338932,3584733,ok,right
0,59,1,6,0.07680000000000001,1.0,0.3333333333333333,5.0,0.012582834996283055,0.003822063110387524,2.2620121270731675,1.0134309618594797,0.04388395817958705,-13.119528860784762,1.4592496,3648124,ok,right
0,323,1,6,0.07680000000000001,1.0,0.3333333333333333,5.0,0.08922386169433594,-1.128796816366329,5.321260524728465,1.090053464532119,-0.0984614064621419,2.3924720476082233,1.4652148,3663037,ok,right
0,484,1,6,0.07680000000000001,1.0,0.3333333333333333,5.0,0.48322451878339057,-0.4485687937894913,3.6582595640061784,1.4835631207395101,-0.20075363087930828,-4.532963041945589,1.4809611999999999,3702403,ok,right
0,774,1,6,0.07680000000000001,1.0,0.3333333333333333,5.0,0.322287373803556,-1.0762910710768163,0.7056362811777543,1.3225697804458552,-0.15730707699585664,-3.7265544599746496,1.4972083999999999,3743021,ok,right
0,236,1,6,0.07680000000000001,1.0,0.3333333333333333,5.0,-0.003185321390628815,0.9800514814507556,5.178259341823774,0.9973366871701647,0.005648029308339015,-28.60835334597738,1.51253,3781325,ok,right
0,664,1,6,0.07680000000000001,1.0,0.3333333333333333,5.0,0.10879678558558226,-0.8671002702782641,1.6155046320466937,1.1095155854576577,-0.18387065426101198,9.259046855617756,1.5220052,3805013,ok,right
0,0,1,6,0.07680000000000001,1.0,0.3333333333333333,5.0,0.6122073384001852,0.537030052631192,3.68022467331829,1.6125626693233808,0.13335554323037266,1.3933990210727343,1.5277916,3819479,ok,right
0,964,1,6,0.07680000000000001,1.0,0.3333333333333333,5.0,0.020141603983938695,0.8710669018041799,5.024827712471981,2.6406194055126457,0.47453260366299604,-38.816491837828025,1.5301844,3825461,ok,right
0,462,1,6,0.07680000000000001,1.0,0.3333333333333333,5.0,0.2531612724065781,-1.3868258086037206,4.853640565931626,1.2532458667153958,-0.2501727319225754,20.043208834551844,1.5501056,3875264,ok,right
0,348,1,6,0.07680000000000001,1.0,0.3333333333333333,5.0,0.13952880296856165,-0.17631575082592887,6.01071723184773,1.139599137033518,0.27856234708379235,-16.08285406634833,1.553122,3882805,ok,right
0,768,1,6,0.07680000000000001,1.0,0.3333333333333333,5.0,0.4385829044505954,-1.207341195624874,6.145972291318144,1.4394351186534977,0.2772712392097952,-16.25008466438546,1.5550891999999998,3887723,ok,right
0,284,1,6,0.07680000000000001,1.0,0.3333333333333333,5.0,0.4392019269987941,-0.7507455488032467,4.313312095196279,1.4395356420668035,-0.2803920697534139,-66.6798997530668,1.5715948,3928987,ok,right
0,687,1,6,0.07680000000000001,1.0,0.3333333333333333,5.0,0.3149098010733724,-0.5407452624174091,3.2560024192614776,1.3156547925437962,-0.20860912680034793,0.15448303432456867,1.577848,3944620,ok,right
0,989,1,6,0.07680000000000001,1.0,0.3333333333333333,5.0,0.5238613208755851,0.796051616289317,1.3063199081419048,1.5239360045125738,-0.06616155096469314,2.306900561029629,1.6023876,4005969,ok,right
0,8,1,6,0.07680000000000001,1.0,0.3333333333333333,5.0,0.4067219387739897,0.008299004352463411,1.4977044893579121,1.4069801386535283,0.4587126162474595,-68.33327674435017,1.6088388,4022097,ok,right
0,280,1,6,0.07680000000000001,1.0,0.3333333333333333,5.0,0.2402355745434761,-0.1300174902524949,3.834475801582646,1.2403237014329918,0.011207608686508521,-25.878792174250542,1.6138687999999999,4034672,ok,right
0,802,1,6,0.07680000000000001,1.0,0.3333333333333333,5.0,0.006418228708207608,0.5271249640187237,3.3165031080437237,1.0068623510003905,-0.1920335544527198,4.408908852755155,1.6134363999999999,4033591,ok,right
0,302,1,6,0.07680000000000001,1.0,0.3333333333333333,5.0,0.16209073774516583,2.095657003355165,0.493392587438841,1.1623534766870727,-0.0860325728050238,-36.50088173597852,1.6201364,4050341,ok,right
0,647,1,6,0.07680000000000001,1.0,0.3333333333333333,5.0,0.6380398597568274,0.15896966802499618,2.9355510785825913,1.6381819492603555,0.043231039532116204,31.346781083133013,1.6300964,4075241,ok,right
0,651,1,6,0.07680000000000001,1.0,0.3333333333333333,5.0,-0.001760600693523884,-0.23955615676903927,4.266729916232977,0.9988777223780009,-0.13815036653975984,51.56740168005,1.6347752,4086938,ok,right
0,929,1,6,0.07680000000000001,1.0,0.3333333333333333,5.0,0.5184527680277825,-0.8313302546265507,4.298312004690872,1.518894864317267,0.3255849455760522,-67.05662939329969,1.6353636,4088409,ok,right
0,716,1,6,0.07680000000000001,1.0,0.3333333333333333,5.0,0.4185879727825523,0.4547737908681506,1.2481929634013402,1.4187460658232673,-0.12970314025605995,19.546301080477505,1.6374708,4093677,ok,right
0,671,1,6,0.07680000000000001,1.0,0.3333333333333333,5.0,0.4336531078442931,-1.2582034150998103,4.834450719008905,1.4339098497998497,0.8261727148138058,63.29363440643729,1.6406383999999998,4101596,ok,right
0,187,1,6,0.07680000000000001,1.0,0.3333333333333333,5.0,0.14935540072619916,-0.5737208439841498,3.981219210857514,1.1498429864428261,0.0879771746708418,-17.492586663046705,1.6475039999999999,4118760,ok,right
0,94,1,6,0.07680000000000001,1.0,0.3333333333333333,5.0,0.23333497755229474,0.9847963649765666,6.195216415036415,1.233538333764344,-0.21026988716352152,59.38829214716281,1.6579884,4144971,ok,right
0,334,1,6,0.07680000000000001,1.0,0.3333333333333333,5.0,0.21504243537783624,1.3158090140621714,1.8263476665739573,1.2153009377803883,-0.1446873729252354,-41.72945489162781,1.7375003999999998,4343751,ok,right
0,735,1,6,0.07680000000000001,1.0,0.3333333333333333,5.0,0.4064963152632117,-0.8607643003939227,6.26638962809785,1.4067202183568372,-0.2271893286674937,38.86606569698296,1.7916584,4479146,ok,right
0,163,1,6,0.07680000000000001,1.0,0.3333333333333333,5.0,0.4974056053906679,0.715117550383607,0.846730524033594,1.4975187761913744,-0.21671460357154967,7.666280483758688,1.8020824,4505206,ok,right
0,717,1,6,0.07680000000000001,1.0,0.3333333333333333,5.0,0.5033488053828478,-0.5830014310599396,5.956919992119616,1.5039546203875254,0.9997144189463885,-60.85419681925776,1.8282752,4570688,ok,right
0,117,1,6,0.07680000000000001,1.0,0.3333333333333333,5.0,-0.0655299635604024,-0.12788650296874765,3.6849979994607693,0.9347015540312925,0.06305210759778668,-30.007003545031154,1.8340268,4585067,ok,right
0,870,1,6,0.07680000000000001,1.0,0.3333333333333333,5.0,-0.034560149721801284,0.3567160957646423,2.527036908864828,0.966182655527084,-0.07646764579912113,-3.5943654571327035,1.8353232,4588308,ok,right
0,892,1,6,0.07680000000000001,1.0,0.3333333333333333,5.0,-0.03390137106180191,0.4720444290579593,5.249594570136653,0.966534717201235,0.014850582007329605,33.942319404639214,1.8519607999999999,4629902,ok,right
0,946,1,6,0.07680000000000001,1.0,0.3333333333333333,5.0,0.5666758110746741,0.40276902715141777,3.460183721306558,1.566929096596111,-0.28602273529278655,4.12336570198899,1.8698396,4674599,ok,right
0,933,1,6,0.07680000000000001,1.0,0.3333333333333333,5.0,0.19280237536877395,1.1405646986906661,5.905560468377871,1.1929848693362757,-0.05370683967081066,9.156544995213702,1.8862071999999999,4715518,ok,right
0,381,1,6,0.07680000000000001,1.0,0.3333333333333333,5.0,0.5335013812407852,-0.25616182502951956,4.487459687611087,1.5335980772614557,-0.31583105897810854,-10.412828740088457,1.8910475999999998,4727619,ok,right
0,262,1,6,0.07680000000000001,1.0,0.3333333333333333,5.0,0.1948320446535945,-1.601738837759306,0.4069047286895129,1.1957552542046763,0.27671274050488687,45.21586449780467,1.9141907999999999,4785477,ok,right
0,508,1,6,0.07680000000000001,1.0,0.3333333333333333,5.0,-0.04733627233654261,-0.3748434293816524,5.540164587509911,0.9538883668555127,-0.056403211478779386,-34.51249281916097,1.9247172,4811793,ok,right
0,247,1,6,0.07680000000000001,1.0,0.3333333333333333,5.0,0.41995520796626806,0.6940133572253336,4.84396504958182,1.4201382791801793,-0.0596959996539609,-2.6018051859549827,1.9326192,4831548,ok,right
0,51,1,6,0.07680000000000001,1.0,0.3333333333333333,5.0,-0.08611322492361069,-0.03337666492364355,4.382930159045221,0.914511694139479,0.023416466222655752,22.188382373265437,1.9953644,4988411,ok,right
0,634,1,6,0.07680000000000001,1.0,0.3333333333333333,5.0,-0.07479132674634457,0.0500467948649638,0.6548437128005477,0.925788928414613,-0.02654612963625142,-11.942443699037286,2.0124872,5031218,ok,right
0,303,1,6,0.07680000000000001,1.0,0.3333333333333333,5.0,0.10840569343417883,0.11953026075448978,2.1872988321988296,1.108640183334906,-0.23588582565993063,-34.93528350789814,2.0186143999999997,5046536,ok,right
0,825,1,6,0.07680000000000001,1.0,0.3333333333333333,5.0,-0.07864048406481744,-0.07216913679493887,6.069793167157561,0.9215046813541368,0.033141492761948894,1.4222598851538695,2.0835792,5208948,ok,right
0,45,1,6,0.07680000000000001,1.0,0.3333333333333333,5.0,0.3991827826946974,0.13603167897030324,0.4694791828466965,1.3997581114178925,0.11640584844631126,-43.3767352302569,2.093696,5234240,ok,right
0,673,1,6,0.07680000000000001,1.0,0.3333333333333333,5.0,0.598062319867313,-0.2794173530293166,4.987687623723922,1.5986899067202458,-0.1273908558631786,-16.212577872022877,2.1065868,5266467,ok,right
0,509,1,6,0.07680000000000001,1.0,0.3333333333333333,5.0,0.07925314214080573,1.6614317763068598,0.5535075749436522,1.0795612413096,-0.18196834739007453,7.429393475772506,2.117234,5293085,ok,right
0,558,1,6,0.07680000000000001,1.0,0.3333333333333333,5.0,0.06345808897167445,1.0143294763044526,1.9111937538054833,1.0638041301810406,-0.01783105278939157,19.000139594365223,2.147734,5369335,ok,right
0,411,1,6,0.07680000000000001,1.0,0.3333333333333333,5.0,0.6074950989335776,0.07293377442412867,0.36519739068004686,1.6076848802573525,0.1553584853219827,-12.693277040091548,2.1593383999999998,5398346,ok,right
0,417,1,6,0.07680000000000001,1.0,0.3333333333333333,5.0,0.0638359997421503,0.9979687109984721,3.235419780700536,1.064197417069287,-0.2797333093088244,-10.29271889096787,2.159162,5397905,ok,right
0,358,1,6,0.07680000000000001,1.0,0.3333333333333333,5.0,0.39569674115628006,-0.15617501638798434,0.6080047595301368,1.3957056149273483,-0.5246492494374639,9.797384035222908,2.1816876,5454219,ok,right
0,778,1,6,0.07680000000000001,1.0,0.3333333333333333,5.0,0.6804335039108992,0.01109408049253867,2.0641271308144957,1.6805764157493563,-0.2010698847014973,57.87120562294758,2.1908352,5477088,ok,right
0,366,1,6,0.07680000000000001,1.0,0.3333333333333333,5.0,0.11464642193168402,-0.7897445482166301,0.3894695773940498,1.115086401387942,-0.14873361280921277,-41.453392948204744,2.2023856,5505964,ok,right
0,248,1,6,0.07680000000000001,1.0,0.3333333333333333,5.0,0.3913067352026701,-0.5517335094417442,5.698820709865666,1.3915797662274991,0.5797121671652,21.00366980691667,2.2098648,5524662,ok,right
0,309,1,6,0.07680000000000001,1.0,0.3333333333333333,5.0,0.3046509796753526,1.8405867838445493,1.6962096414599925,1.3049843483637475,-0.030711863844750047,65.07559838109901,2.2228692,5557173,ok,right
0,490,1,6,0.07680000000000001,1.0,0.3333333333333333,5.0,0.22315430138260128,-1.3149897575774248,4.388538321333406,1.2233030827736957,0.2119405961430049,33.49431637020626,2.2245931999999997,5561483,ok,right
0,760,1,6,0.07680000000000001,1.0,0.3333333333333333,5.0,0.4401170702651143,-1.1327201456228289,1.893386055791954,1.440794827403818,-0.784523655983529,-25.50569381278907,2.2445968,5611492,ok,right
0,674,1,6,0.07680000000000001,1.0,0.3333333333333333,5.0,0.37550156451761724,-0.9672661058213681,2.4304328648043474,1.3756238891526646,-0.11141718010712923,-17.688868143141477,2.2603779999999998,5650945,ok,right
0,277,1,6,0.07680000000000001,1.0,0.3333333333333333,5.0,-0.07417735252529382,0.02916532194124985,5.44062040872959,0.9263713392326373,-0.011727982779512302,103.21294076350284,2.2710163999999997,5677541,ok,right
0,336,1,6,0.07680000000000001,1.0,0.3333333333333333,5.0,0.3954058218747378,-0.16547351551273626,1.943600418964593,1.3971606441613407,0.21474399022023383,-34.492157995703195,2.2969708,5742427,ok,right
0,513,1,6,0.07680000000000001,1.0,0.3333333333333333,5.0,0.23418153561651708,-1.8374225709135799,1.0998879578340046,-0.7661001814898504,0.08233141705038889,35.684941498031705,2.3182044,5795511,ok,left
0,703,1,6,0.07680000000000001,1.0,0.3333333333333333,5.0,0.1755262529477477,1.566818207914447,1.5229820138568406,1.1760432775717404,0.06039581575477582,-22.15052293014455,2.3232847999999997,5808212,ok,right
0,171,1,6,0.07680000000000001,1.0,0.3333333333333333,5.0,-0.013730735518038273,-0.31516975651110046,5.7439082927216125,-1.1992263366846405,-0.003286049201268501,-63.92166257180319,2.36453,5911325,ok,left
0,337,1,6,0.07680000000000001,1.0,0.3333333333333333,5.0,0.19489440508186817,0.39568054911507367,2.270652263152373,1.1953797610319563,0.1897503304543259,21.209294545672208,2.37404,5935100,ok,right
0,496,1,6,0.07680000000000001,1.0,0.3333333333333333,5.0,0.36227872446179393,1.5690672421870215,1.4356741397848685,1.3624357795041713,0.05401223448646771,-4.857930056361155,2.3836147999999997,5959037,ok,right
0,395,1,6,0.07680000000000001,1.0,0.3333333333333333,5.0,0.03842947967350483,-0.11418012715537759,2.000270914649637,1.0389633206179059,-0.14179798891909542,3.566249001958098,2.3995308,5998827,ok,right
0,359,1,6,0.07680000000000001,1.0,0.3333333333333333,5.0,0.36390299499034884,-0.8170369991145008,0.8997255931137955,1.364782407576984,0.10060093917177738,-25.316202911925597,2.4069748,6017437,ok,right
0,139,1,6,0.07680000000000001,1.0,0.3333333333333333,5.0,0.32416723296046257,0.22355489796393865,5.185646971331054,1.3246055459849246,-0.6193126344430436,-46.49097194220224,2.4146867999999997,6036717,ok,right
0,226,1,6,0.07680000000000001,1.0,0.3333333333333333,5.0,0.36849051453173165,-0.9063955497476586,6.000295611185399,1.369175839284837,0.24646429309778312,51.04580761935988,2.4498732,6124683,ok,right
0,477,1,6,0.07680000000000001,1.0,0.3333333333333333,5.0,0.11051821783185006,0.2983234718864585,3.769523046393964,1.1108370789311546,-0.057977345173734415,-73.54880349173708,2.4483012,6120753,ok,right
0,891,1,6,0.07680000000000001,1.0,0.3333333333333333,5.0,0.696775807440281,0.012446941357311253,1.0306092456289917,1.6968641169145289,0.12106149457477079,20.106024945167633,2.4771008,6192752,ok,right
0,612,1,6,0.07680000000000001,1.0,0.3333333333333333,5.0,-0.05523326899856329,0.5028386824881388,0.1755889031940439,0.9455193638562758,0.03746635198543274,67.14148088957793,2.5010619999999997,6252655,ok,right
0,565,1,6,0.07680000000000001,1.0,0.3333333333333333,5.0,0.4604239296168089,-0.27758057921273066,4.21290949364206,1.4604419770250696,-0.44997894023563506,40.74223034118349,2.5392091999999997,6348023,ok,right
0,148,1,6,0.07680000000000001,1.0,0.3333333333333333,5.0,0.5050860177725554,-0.8399075014719241,3.1583802295682877,1.5055350997628603,-0.29851580586982535,-16.096026151002004,2.5493044,6373261,ok,right
0,557,1,6,0.07680000000000001,1.0,0.3333333333333333,5.0,0.31795603930950167,0.609722388504842,5.530898963250898,1.3185103810647287,-0.15233526579382245,-5.488289599738173,2.5643447999999998,6410862,ok,right
0,65,1,6,0.07680000000000001,1.0,0.3333333333333333,5.0,0.14563301261514425,1.15853423343906,0.5279696129907442,1.1457945510335357,-0.059045720895647795,-38.04622423679533,2.5706908,6426727,ok,right
0,624,1,6,0.07680000000000001,1.0,0.3333333333333333,5.0,0.5412283696234227,-0.7694116211642278,4.4617551680461,1.541843947416246,0.04086311805365433,-4.5406450143645865,2.6053028,6513257,ok,right
0,251,1,6,0.07680000000000001,1.0,0.3333333333333333,5.0,0.20261984616518022,1.5410417832643715,3.220502862939608,1.2037830757372987,0.09573045757419545,-25.865701562732493,2.6130967999999997,6532742,ok,right
0,777,1,6,0.07680000000000001,1.0,0.3333333333333333,5.0,0.3758427295833826,-1.3411810572183893,5.598253984995053,1.3762129622399346,0.00698476740766006,8.971165660389389,2.658048,6645120,ok,right
0,775,1,6,0.07680000000000001,1.0,0.3333333333333333,5.0,0.3244838062673807,-1.0151809615970844,0.0488737362672901,1.3247759658640004,-0.4765610168667856,45.91571260770204,2.6629296,6657324,ok,right
0,791,1,6,0.07680000000000001,1.0,0.3333333333333333,5.0,0.5242396168410778,0.8015459568112324,3.5598747126936425,1.525490722243614,0.2576393561821482,84.37991151520946,2.6639171999999998,6659793,ok,right
0,476,1,6,0.07680000000000001,1.0,0.3333333333333333,5.0,0.08636273369193077,-1.8097112762483525,3.2628220342515295,1.0866155196096197,0.13430369634293496,31.877357200518954,2.6660635999999998,6665159,ok,right
0,16,1,6,0.07680000000000001,1.0,0.3333333333333333,5.0,0.5113590268418193,0.24368573177062106,5.113522140299482,1.5114296508837803,-0.08508378080471062,21.131490722685975,2.6769119999999997,6692280,ok,right
0,162,1,6,0.07680000000000001,1.0,0.3333333333333333,5.0,0.20441876463592054,-2.045006893268401,1.7486729749284142,1.2047281142229462,-0.0177568906315727,-3.6891731738689124,2.6818192,6704548,ok,right
0,648,1,6,0.07680000000000001,1.0,0.3333333333333333,5.0,-0.02239039018750191,0.7114680114522066,2.6192653532468757,0.9776296118661101,-0.02180372793496686,-36.54382984035518,2.7330516,6832629,ok,right
0,88,1,6,0.07680000000000001,1.0,0.3333333333333333,5.0,-0.08025243319571018,0.08737515350910968,1.7216419105075096,0.9200939182618934,0.05233302176852451,-1.4209984792319015,2.8228412,7057103,ok,right
0,553,1,6,0.07680000000000001,1.0,0.3333333333333333,5.0,0.1986994503065944,2.0978628681247145,0.4309288703285856,1.1996170650609148,-0.1460277332171165,-67.12488343666672,2.8350808,7087702,ok,right
0,468,1,6,0.07680000000000001,1.0,0.3333333333333333,5.0,0.4492350347340107,-0.8102367469435333,1.2483255491297824,1.4500069096229897,-0.23270420005272197,26.463614464101507,2.8548876,7137219,ok,right
0,99,1,6,0.07680000000000001,1.0,0.3333333333333333,5.0,0.12915443163365126,1.6261790953670177,3.17005446798432,1.1292872015961273,-0.11790662673035004,-24.339662331663757,2.8779092,7194773,ok,right
0,995,1,6,0.07680000000000001,1.0,0.3333333333333333,5.0,0.12288736999034883,0.21729207735362607,4.932112101740357,1.123005467000981,0.04126932811971063,-85.3828710296153,2.915866,7289665,ok,right
0,855,1,6,0.07680000000000001,1.0,0.3333333333333333,5.0,-0.00491507388651371,0.6828503552819482,0.6456801373179899,0.9957697563271501,0.010810823929028797,46.49699059230867,2.9171516,7292879,ok,right
0,288,1,6,0.07680000000000001,1.0,0.3333333333333333,5.0,0.33121925573796035,1.563398480847935,3.8151679132630263,1.331399934195072,-0.4026372302925588,32.66252801818467,2.9592587999999997,7398147,ok,right
0,594,1,6,0.07680000000000001,1.0,0.3333333333333333,5.0,0.03143692295998335,-0.9296212113075919,1.9999648546324373,1.0314815786031097,0.17350866879477797,-27.668630042026123,2.9712411999999997,7428103,ok,right
0,235,1,6,0.07680000000000001,1.0,0.3333333333333333,5.0,-0.0652308251708746,0.08793555237721452,2.6465867264460203,0.935109525173535,-0.04493851038007254,-66.74061637282496,2.9816636,7454159,ok,right
0,945,1,6,0.07680000000000001,1.0,0.3333333333333333,5.0,0.0808558689430356,0.8993806302850575,1.9867252807053266,1.081357870773458,0.1499250722086019,-71.97762279786132,3.0360616,7590154,ok,right
0,904,1,6,0.07680000000000001,1.0,0.3333333333333333,5.0,0.009761682525277138,-0.3933996437940082,3.017710791790142,1.0098411368999443,0.06527430144118557,14.328988003223595,3.051326,7628315,ok,right
0,694,1,6,0.07680000000000001,1.0,0.3333333333333333,5.0,0.6743117785081267,0.12417221856391313,2.4919384802915387,1.6744657730021972,0.15767248547679083,-81.1844015494849,3.0753936,7688484,ok,right
0,296,1,6,0.07680000000000001,1.0,0.3333333333333333,5.0,0.31052493229508404,-0.39840913224903557,5.53497377380597,1.3115253442072907,-0.07803785980476662,-10.044460043086263,3.1189248,7797312,ok,right
0,75,1,6,0.07680000000000001,1.0,0.3333333333333333,5.0,0.3582714205607772,-1.0788378213111298,3.05301269471324,-0.6417470105999357,0.02952852070648167,57.321871824489925,3.126044,7815110,ok,left
0,5,1,6,0.07680000000000001,1.0,0.3333333333333333,5.0,0.6237431345507503,0.49231422385759344,3.1337991842747996,1.6242146285731887,0.01964127904497858,-25.101327846283976,3.1372068,7843017,ok,right
0,209,1,6,0.07680000000000001,1.0,0.3333333333333333,5.0,0.23196174353361132,-1.8768287263320678,5.771025381114333,1.2323336714050888,-0.09095874289356169,33.48865406885408,3.1460619999999997,7865155,ok,right
0,267,1,6,0.07680000000000001,1.0,0.3333333333333333,5.0,0.21254455074667933,0.5530844727481401,5.454966751866652,1.2127228995069883,0.07134335748972052,14.696468438485697,3.1449952,7862488,ok,right
0,403,1,6,0.07680000000000001,1.0,0.3333333333333333,5.0,0.6035909913480282,-0.3266162243375428,0.8482089095457132,1.6038042045897578,0.27281076389157727,-60.10747929356472,3.1490548,7872637,ok,right
0,681,1,6,0.07680000000000001,1.0,0.3333333333333333,5.0,0.2883441511541605,-1.2193279732377889,3.021063331894037,1.2896556878544245,-0.11808177844726521,71.6201413427118,3.1545748,7886437,ok,right
0,503,1,6,0.07680000000000001,1.0,0.3333333333333333,5.0,-0.02824237532913685,0.5928595418978024,4.607653797721078,0.9722161399128597,-0.07556437659428068,15.92518911357825,3.1667351999999998,7916838,ok,right
0,542,1,6,0.07680000000000001,1.0,0.3333333333333333,5.0,-0.05440386515110732,-0.24446295309536628,5.853130559661724,0.9457795324498582,-0.022311367218129218,121.77372071575758,3.176434,7941085,ok,right
0,220,1,6,0.07680000000000001,1.0,0.3333333333333333,5.0,0.1857256930321455,-0.1946567655861347,1.7110749708777735,1.1858509310735557,-0.31146069714772645,5.981211747641443,3.1944383999999997,7986096,ok,right
0,470,1,6,0.07680000000000001,1.0,0.3333333333333333,5.0,0.13342056907713415,-1.9010454533424384,1.5940075804482077,1.1335481738758977,-0.33690308316987283,-67.32530276569614,3.2142236,8035559,ok,right
0,155,1,6,0.07680000000000001,1.0,0.3333333333333333,5.0,0.5102909870445729,-0.3769955946650165,0.1612570941480992,1.5105520658020528,-0.31688529607661475,71.54583159666092,3.2647684,8161921,ok,right
0,848,1,6,0.07680000000000001,1.0,0.3333333333333333,5.0,0.010420828498899937,0.6920458606334986,1.4310532818904467,1.0111231757385166,0.02070993011338332,9.670155468929575,3.278854,8197135,ok,right
0,839,1,6,0.07680000000000001,1.0,0.3333333333333333,5.0,0.11000947244465352,1.822822421408653,5.387270595181429,1.110063834264467,-0.11043305375231811,-17.757956618454948,3.2987316,8246829,ok,right
0,331,1,6,0.07680000000000001,1.0,0.3333333333333333,5.0,0.6133156582713127,-0.31745190126021816,2.614447144777724,1.6135805280125308,-0.607771019937745,-4.994918841280653,3.3569488,8392372,ok,right
0,109,1,6,0.07680000000000001,1.0,0.3333333333333333,5.0,0.20302528981119394,-0.48399310117776306,1.7556300457011942,1.20319262310288,-0.15007928058408534,7.886035118856378,3.36529,8413225,ok,right
0,813,1,6,0.07680000000000001,1.0,0.3333333333333333,5.0,0.06440254580229521,-0.8096092458600243,1.0625478384452953,1.06470798594565,-0.16295156539455108,35.95344325132912,3.4259351999999996,8564838,ok,right
0,971,1,6,0.07680000000000001,1.0,0.3333333333333333,5.0,0.06654780339449644,0.923381807301194,5.163261315495777,1.0669257761854327,-0.026140830610656824,46.290968605491265,3.4368488,8592122,ok,right
0,370,1,6,0.07680000000000001,1.0,0.3333333333333333,5.0,0.6478992391377688,0.5075212621883298,5.955423478126658,1.6489766774158703,-0.14636665313825628,53.21347286466775,3.445868,8614670,ok,right
0,260,1,6,0.07680000000000001,1.0,0.3333333333333333,5.0,0.5131116999313236,-0.6797660456033319,1.9618567061779488,1.5132375793334116,0.14833102255546557,-17.707205559236467,3.4480231999999997,8620058,ok,right
0,938,1,6,0.07680000000000001,1.0,0.3333333333333333,5.0,0.4318057818338275,-0.8865298068642138,0.9378241389740117,1.4326598290514352,0.40378087260035045,-65.27741078373607,3.4489304,8622326,ok,right
0,579,1,6,0.07680000000000001,1.0,0.3333333333333333,5.0,0.6049378249794245,-0.14136602804341006,2.352607214642205,1.6049988227046608,0.12840553901797908,27.073730951711,3.483562,8708905,ok,right
0,590,1,6,0.07680000000000001,1.0,0.3333333333333333,5.0,0.6241763034835458,-0.37101517199927064,4.28989097570407,1.6250722751286923,-0.18205164025881274,-16.367039543205223,3.4804648,8701162,ok,right
0,583,1,6,0.07680000000000001,1.0,0.3333333333333333,5.0,0.2240046799182892,-1.6003234980314185,4.565449469867133,1.2242614488305903,-0.1927511968802184,33.80204940545233,3.485594,8713985,ok,right
0,483,1,6,0.07680000000000001,1.0,0.3333333333333333,5.0,0.3340679140761495,0.7482977339310684,5.134853991873867,1.3353173834201746,-0.3656099175401003,83.69629927227867,3.4990143999999996,8747536,ok,right
0,487,1,6,0.07680000000000001,1.0,0.3333333333333333,5.0,0.16512647885829213,0.9694945203098329,2.9324570492695656,1.165253756918161,-0.32866161652020354,-48.91641432759173,3.5487387999999997,8871847,ok,right
0,522,1,6,0.07680000000000001,1.0,0.3333333333333333,5.0,0.6162388533353806,0.6353462691644078,0.21821907772335514,1.6162716034714537,0.4036843796867886,-13.908358548941314,3.5579023999999997,8894756,ok,right
0,440,1,6,0.07680000000000001,1.0,0.3333333333333333,5.0,-0.003707808069884777,-0.6518439886406752,5.935189792341,0.9967468298511928,-0.04692579895169948,-4.062128962535395,3.5614136,8903534,ok,right
0,755,1,6,0.07680000000000001,1.0,0.3333333333333333,5.0,-0.07269339691847564,0.14956578777820007,0.4129393857257724,0.9273609053552574,-0.03873911549491417,-55.43379650991912,3.5624352,8906088,ok,right
0,147,1,6,0.07680000000000001,1.0,0.3333333333333333,5.0,0.27487931698560714,-1.2539840485313638,6.229331635386564,1.2754029560023414,-0.05523715911471167,2.388165821620121,3.5671904,8917976,ok,right
0,183,1,6,0.07680000000000001,1.0,0.3333333333333333,5.0,0.017580385692417624,0.484681782820337,2.308894577286829,1.0176340178655714,-0.1196222724910318,112.99259801185073,3.5718476,8929619,ok,right
0,561,1,6,0.07680000000000001,1.0,0.3333333333333333,5.0,0.09765094667673112,-0.8539085984749721,3.383571520729461,1.0980444564620857,0.2277498318839875,-91.67424042158352,3.5886652,8971663,ok,right
0,643,1,6,0.07680000000000001,1.0,0.3333333333333333,5.0,0.3866226011887193,0.18808033917460254,2.3202349704825824,1.3866396712592268,0.4107477753979849,14.51405352925556,3.6986103999999997,9246526,ok,right
0,92,1,6,0.07680000000000001,1.0,0.3333333333333333,5.0,0.06650997810065747,0.9996503037515146,6.086583212541774,1.066800615837079,-0.017590399139156887,-30.44316410206134,3.7388108,9347027,ok,right
0,198,1,6,0.07680000000000001,1.0,0.3333333333333333,5.0,0.1556508980691433,0.6151183063448016,0.2543818406418703,1.1569884400277863,-0.2732347433132464,39.86249376749536,3.7378275999999997,9344569,ok,right
0,857,1,6,0.07680000000000001,1.0,0.3333333333333333,5.0,0.6069626454263926,-0.6399931345238762,2.8275748389502326,1.6070915162153223,-0.21401731746978042,-3.8816405514882377,3.7852075999999997,9463019,ok,right
0,290,1,6,0.07680000000000001,1.0,0.3333333333333333,5.0,0.5843545252457262,-0.6109107655828812,3.175106139160987,1.5845185969930005,-0.11510718688779514,77.71989202175007,3.8063971999999997,9515993,ok,right
0,457,1,6,0.07680000000000001,1.0,0.3333333333333333,5.0,0.26450852677226067,0.8091103837419023,5.279301096675579,1.2646720502146744,-0.36150636868079766,-35.42402377111931,3.818326,9545815,ok,right
0,265,1,6,0.07680000000000001,1.0,0.3333333333333333,5.0,0.5066218912601471,-0.09067334008387781,2.005779724319386,1.5073079994796312,0.42819991086438425,2.8630682626453536,3.8374088,9593522,ok,right
0,576,1,6,0.07680000000000001,1.0,0.3333333333333333,5.0,0.1433877270668745,-1.232495244646115,2.6356555918975326,1.143580759895907,-0.18579055112507392,8.195682316523145,3.8595748,9648937,ok,right
0,520,1,6,0.07680000000000001,1.0,0.3333333333333333,5.0,0.04929803181439638,0.1502097953187431,6.264709030734225,1.0500561217197546,0.2976199297210394,-61.911941840477496,3.8602608,9650652,ok,right
0,241,1,6,0.07680000000000001,1.0,0.3333333333333333,5.0,0.15525176282972097,0.9170273742921378,1.000399769317331,1.1559955762804155,0.15300738163849822,153.19254421472422,3.8696612,9674153,ok,right
0,976,1,6,0.07680000000000001,1.0,0.3333333333333333,5.0,0.2855269966647029,1.05723589590307,2.833029767884204,1.2856961874316724,-0.13048643776372817,-3.47134752924689,3.8717875999999998,9679469,ok,right
0,168,1,6,0.07680000000000001,1.0,0.3333333333333333,5.0,0.6353604299947619,0.5283746528104315,5.588691340089652,1.635990576059532,-0.0523617928934547,-93.82991582698709,3.8989216,9747304,ok,right
0,416,1,6,0.07680000000000001,1.0,0.3333333333333333,5.0,0.6994687266647817,0.2075127800420658,4.288504724772584,1.6996344928726441,-0.04498901327384065,111.21631762680069,3.9088996,9772249,ok,right
0,10,1,6,0.07680000000000001,1.0,0.3333333333333333,5.0,0.6445986958220602,0.26549375011708576,3.5454172960384938,1.6456209864784987,-0.045586640982105534,-24.49623564174292,3.9211696,9802924,ok,right
0,95,1,6,0.07680000000000001,1.0,0.3333333333333333,5.0,0.42868772316724063,0.4401576270558409,4.685420451322919,1.4289514015170415,-0.27979383698056065,-21.829997991408263,3.9280199999999996,9820050,ok,right
0,167,1,6,0.07680000000000001,1.0,0.3333333333333333,5.0,0.38165603168308737,1.2577825067918575,1.913045373607166,1.3824415614954284,0.06050235324692796,-3.161127287874381,3.9527547999999997,9881887,ok,right
0,585,1,6,0.07680000000000001,1.0,0.3333333333333333,5.0,0.4142671298235655,-0.3950280625139842,2.645338880731095,1.4144289208989733,-0.34851898710023493,-10.008516312691214,3.9710495999999997,9927624,ok,right
0,385,1,6,0.07680000000000001,1.0,0.3333333333333333,5.0,0.22186272107064725,1.8997880181704803,1.927518004610339,1.2224645040861,-0.02931017241859843,14.687269008722446,3.987694,9969235,ok,right
0,637,1,6,0.07680000000000001,1.0,0.3333333333333333,5.0,0.5870127534493804,-0.49638039607360057,5.634810344559877,1.5870879112325071,-0.7380622291055221,13.830819653839614,4.0129264,10032316,ok,right
0,389,1,6,0.07680000000000001,1.0,0.3333333333333333,5.0,0.05951433125883341,-1.1737561375422105,2.6227691181184607,1.059915036067596,-0.022644344429285944,-63.185514629047404,4.0237448,10059362,ok,right
0,827,1,6,0.07680000000000001,1.0,0.3333333333333333,5.0,0.1350641652941704,-1.29407800683854,4.049624530247924,1.1352669052317308,0.4927916276061394,-10.74915917788801,4.030581199999999,10076453,ok,right
0,37,1,6,0.07680000000000001,1.0,0.3333333333333333,5.0,0.6293975362554193,0.11824600518281225,2.748852714052033,1.6298250433677441,-0.4976719059762631,-11.703514523387065,4.0329172,10082293,ok,right
0,595,1,6,0.07680000000000001,1.0,0.3333333333333333,5.0,0.598835570178926,-0.05789374228511064,0.6916698476254511,1.6002631182633151,0.2776937570923623,-21.49411282274054,4.0619156,10154789,ok,right
0,15,1,6,0.07680000000000001,1.0,0.3333333333333333,5.0,0.14199118223041296,1.0598424573865057,5.224966487638162,1.1427004998688202,0.3042475013707577,44.01391736190979,4.07799,10194975,ok,right
0,792,1,6,0.07680000000000001,1.0,0.3333333333333333,5.0,0.5493068393319845,0.6328433106536231,4.212941380867434,1.5495552628326412,0.2782248664835957,8.674017865920673,4.0937316,10234329,ok,right
0,157,1,6,0.07680000000000001,1.0,0.3333333333333333,5.0,0.5088831758126616,-0.25633865314083354,2.1578451008298365,1.5097504551042096,0.3785647773287299,52.11210820848074,4.096654,10241635,ok,right
0,515,1,6,0.07680000000000001,1.0,0.3333333333333333,5.0,0.47479641791433097,-0.8522436374072326,5.604472719550309,1.4750452290301252,-0.21528547846382753,84.04931219438303,4.139906,10349765,ok,right
0,996,1,6,0.07680000000000001,1.0,0.3333333333333333,5.0,0.3736296283081174,-0.38310008815689256,3.023315091974597,1.3747843224635772,-0.3688645957057636,6.618316675123564,4.1431232,10357808,ok,right
0,548,1,6,0.07680000000000001,1.0,0.3333333333333333,5.0,0.3570102063938976,0.9278311409562394,1.9752341352644232,1.3574960328308132,-0.0687096991978841,50.86667361708041,4.1689752,10422438,ok,right
0,531,1,6,0.07680000000000001,1.0,0.3333333333333333,5.0,-0.0022557571530342105,0.5009240112856341,4.633120713057465,0.9979408545357499,-0.06214419548614101,-12.66497947725739,4.2228744,10557186,ok,right
0,832,1,6,0.07680000000000001,1.0,0.3333333333333333,5.0,0.006921491026878357,1.0429261511188388,0.05767885878455731,1.0070097478749642,0.03909507645637392,-74.12880577050561,4.2224096,10556024,ok,right
0,549,1,6,0.07680000000000001,1.0,0.3333333333333333,5.0,0.4411693159490824,1.0357661435171586,6.228274422526548,1.4418082092693318,0.4141813313824834,-12.30876647032006,4.2290496,10572624,ok,right
0,49,1,6,0.07680000000000001,1.0,0.3333333333333333,5.0,0.12037024274468422,1.9675540588081506,4.478891843091686,1.1204111563112853,-0.08205654394222013,52.391777383656745,4.2435507999999995,10608877,ok,right
0,965,1,6,0.07680000000000001,1.0,0.3333333333333333,5.0,0.2687447231262922,-0.6852958820292914,5.510116163849597,1.268754270463492,0.21500211806393146,84.17002078504245,4.2402223999999995,10600556,ok,right
0,939,1,6,0.07680000000000001,1.0,0.3333333333333333,5.0,0.036288364231586455,0.7348124797292788,3.608826030432512,1.03723704205444,0.254839895895767,-43.13893647894966,4.2445536,10611384,ok,right
0,887,1,6,0.07680000000000001,1.0,0.3333333333333333,5.0,0.6807839995250107,0.28432944270186583,0.32889953020274754,1.6815927478049306,-0.06315358547965699,-48.6427445500825,4.2513624,10628406,ok,right
0,521,1,6,0.07680000000000001,1.0,0.3333333333333333,5.0,0.26599135510623456,0.6198851259657953,5.787247692861588,1.685750348851455,-3.249372955139426,-7.663028822972514,4.27163,10679075,ok,right
0,388,1,6,0.07680000000000001,1.0,0.3333333333333333,5.0,0.6787165150046349,-0.3397132168655875,1.4734755391877419,1.679238300260095,-0.24866448478159328,42.0212872898971,4.2913552,10728388,ok,right
0,968,1,6,0.07680000000000001,1.0,0.3333333333333333,5.0,0.3929696137085557,-1.172684694425297,3.1846366408303504,1.3930160998422332,-0.021961811248857814,27.93751764532296,4.30038,10750950,ok,right
0,85,1,6,0.07680000000000001,1.0,0.3333333333333333,5.0,0.539284029789269,-0.7590028794564936,0.3777487874618172,1.5393409390524986,-0.052721050142247546,-17.524776001011663,4.3234784,10808696,ok,right
0,383,1,6,0.07680000000000001,1.0,0.3333333333333333,5.0,0.599281414411962,0.4007529557461902,4.638829627976687,1.6003112698203534,0.06902485947180653,-84.8934667897561,4.327252,10818130,ok,right
0,34,1,6,0.07680000000000001,1.0,0.3333333333333333,5.0,0.13813791647553444,-0.005544173963111522,4.784447590966486,1.1381438847253422,0.1327008339110659,77.61044361718398,4.3657172,10914293,ok,right
0,412,1,6,0.07680000000000001,1.0,0.3333333333333333,5.0,0.35055320598185064,-0.5295624367774215,2.1359203826858932,1.3505560376519925,-0.13519208729079674,51.635257959488534,4.3746468,10936617,ok,right
0,698,1,6,0.07680000000000001,1.0,0.3333333333333333,5.0,0.5210244625806809,0.3583346801825,3.288341228428399,1.521284058686365,-0.2029354407883237,-12.140063519339305,4.4627332,11156833,ok,right
0,505,1,6,0.07680000000000001,1.0,0.3333333333333333,5.0,0.03794828820973635,1.3865888168208644,2.298881815895127,1.038056872142309,0.019492557456408804,-36.55032114229041,4.471628,11179070,ok,right
0,218,1,6,0.07680000000000001,1.0,0.3333333333333333,5.0,0.47369751427322626,0.3201464084714739,3.1611180675873736,1.4740978216571206,0.056898660795576185,-122.11390168934177,4.4762268,11190567,ok,right
0,727,1,6,0.07680000000000001,1.0,0.3333333333333333,5.0,0.09907886199653149,1.7429207309903294,4.9427430893865205,1.099208594657339,0.25652410399851855,22.640828298043928,4.503909999999999,11259775,ok,right
0,919,1,6,0.07680000000000001,1.0,0.3333333333333333,5.0,0.30474075693637137,-0.4465949867462722,5.017453751008316,1.3056764332705393,0.2623421597651157,-61.56390805656258,4.5074068,11268517,ok,right
0,905,1,6,0.07680000000000001,1.0,0.3333333333333333,5.0,0.3267973855137825,-0.7286139497634841,3.2865908308544567,1.3268937277639767,0.44341909276862285,-106.52294204792726,4.5148588,11287147,ok,right
0,420,1,6,0.07680000000000001,1.0,0.3333333333333333,5.0,0.3611897232010961,-0.3147882234479507,4.115500186324847,1.3615244113524732,-0.30981714360527907,33.823094134242034,4.5423076,11355769,ok,right
0,697,1,6,0.07680000000000001,1.0,0.3333333333333333,5.0,0.06511813588440418,1.118783134274553,2.7651428174230825,1.0653699007943325,0.17437733457634128,-49.501211828710176,4.5524628,11381157,ok,right
0,364,1,6,0.07680000000000001,1.0,0.3333333333333333,5.0,0.43068548291921616,-0.4274441252597373,3.1007226108913235,1.4318641737370486,-0.0642643611345811,-74.99264874772663,4.5645168,11411292,ok,right
0,714,1,6,0.07680000000000001,1.0,0.3333333333333333,5.0,0.19432607796043158,1.2633369288461975,2.009581547046277,1.1949118166574455,-0.09632633717194243,-54.90239719203833,4.569998,11424995,ok,right
0,911,1,6,0.07680000000000001,1.0,0.3333333333333333,5.0,0.09326770473271609,-1.4311555912923082,5.292794955023228,1.0933500867676766,-0.20054123425935894,-22.756220230519563,4.5688944,11422236,ok,right
0,402,1,6,0.07680000000000001,1.0,0.3333333333333333,5.0,0.5536381354555487,0.8771919908975969,1.6470883223998853,1.5537315512884118,-0.4632764519941582,58.27046483368338,4.5966664,11491666,ok,right
0,83,1,6,0.07680000000000001,1.0,0.3333333333333333,5.0,0.5833808479830623,0.46958145514098915,3.6521018302089923,1.5839073520112363,-0.450991859119144,50.48237766202266,4.6629672,11657418,ok,right
0,185,1,6,0.07680000000000001,1.0,0.3333333333333333,5.0,0.09893270712345839,0.9338922807552568,3.8354885036971824,1.0998472262927188,0.04181935751845961,-98.01624012109922,4.6624951999999995,11656238,ok,right
0,485,1,6,0.07680000000000001,1.0,0.3333333333333333,5.0,0.6355538289994002,-0.46491847322835916,1.5231687348688059,1.6372504997728878,-0.43992963003229935,-36.961261080829125,4.6859464,11714866,ok,right
0,86,1,6,0.07680000000000001,1.0,0.3333333333333333,5.0,-0.0741540439426899,-0.1069437214239424,2.753345197959163,0.926053277724511,-0.032020280798372124,143.74624850836489,4.692304399999999,11730761,ok,right
0,322,1,6,0.07680000000000001,1.0,0.3333333333333333,5.0,0.6838152782991529,0.2108824922079336,0.6251049669538432,1.6840733915991661,0.23837412617716366,8.53524151941914,4.7235108,11808777,ok,right
0,297,1,6,0.07680000000000001,1.0,0.3333333333333333,5.0,0.47007654365152124,0.2938195588106522,5.748268329877519,1.4704629910489482,0.14853503406620897,39.487983813950734,4.739345999999999,11848365,ok,right
0,715,1,6,0.07680000000000001,1.0,0.3333333333333333,5.0,0.5395606400445104,-0.5724372586194204,2.544022719020572,1.5396810365302283,0.18351200897430617,-59.834899168397904,4.7586612,11896653,ok,right
0,93,1,6,0.07680000000000001,1.0,0.3333333333333333,5.0,0.43348996639251713,0.22979800350221388,4.532403753814702,1.4339272627380377,-0.5066376828073937,52.155513860904406,4.77084,11927100,ok,right
0,105,1,6,0.07680000000000001,1.0,0.3333333333333333,5.0,0.6728348689153791,0.14880852537616596,5.981658881885102,1.6729981828829352,0.2802703734041455,-7.1835947127997555,4.7823532,11955883,ok,right
0,50,1,6,0.07680000000000001,1.0,0.3333333333333333,5.0,0.6053807372227311,-0.5276694356368705,5.024208375862696,1.605494916617617,0.1534194471026707,6.714319728464097,4.7897904,11974476,ok,right
0,831,1,6,0.07680000000000001,1.0,0.3333333333333333,5.0,0.42691580243408683,-0.8877089267444991,3.7132960826009467,1.4270304626654207,-0.23002199648856597,10.950493852200045,4.7895804,11973951,ok,right
0,437,1,6,0.07680000000000001,1.0,0.3333333333333333,5.0,0.11382137220352889,0.5148763206162639,1.2223893369881553,1.1141783394360893,-0.025968374977199962,-6.8837625583265245,4.8266876,12066719,ok,right
0,274,1,6,0.07680000000000001,1.0,0.3333333333333333,5.0,0.23905347604304553,0.060932079211941687,2.4464504250743113,1.2395055136567772,-0.3254985666316409,13.134619775670325,4.850212,12125530,ok,right
0,365,1,6,0.07680000000000001,1.0,0.3333333333333333,5.0,0.3081669321283698,-1.2880901580822632,1.883139650290894,1.3082656087173283,-0.1334728597126016,-68.58951757105078,4.868431999999999,12171080,ok,right
0,19,1,6,0.07680000000000001,1.0,0.3333333333333333,5.0,0.45395773444324733,0.5537833462262313,3.9740077283903226,1.4540213988936146,0.12449035589455154,59.57262194577044,4.885802,12214505,ok,right
0,601,1,6,0.07680000000000001,1.0,0.3333333333333333,5.0,0.40498484503477816,-0.7067073699243264,3.241542698510354,1.4050917293149685,-0.31746129113255434,-22.16862256616677,4.914146,12285365,ok,right
0,126,1,6,0.07680000000000001,1.0,0.3333333333333333,5.0,0.45661746654659513,-0.43292407395231364,5.251640462533426,1.4569164115582631,-0.059361664371148426,-16.463838215580022,4.9182204,12295551,ok,right
0,986,1,6,0.07680000000000001,1.0,0.3333333333333333,5.0,0.6514519892632962,0.3330236331327495,4.713113072168876,1.65149261104171,0.4236682694247839,7.77439295981571,4.9476911999999995,12369228,ok,right
0,898,1,6,0.07680000000000001,1.0,0.3333333333333333,5.0,0.27233903240412477,1.7647859969217818,2.0066669109885575,1.2727501580916674,0.10457744851275676,-64.98918710742772,4.9677207999999995,12419302,ok,right
0,341,1,6,0.07680000000000001,1.0,0.3333333333333333,5.0,-0.015111331269145012,0.1869180160177742,2.010403633860921,0.9850349260410449,-0.06032371712254878,89.33385389470997,5.0284384,12571096,ok,right
0,784,1,6,0.07680000000000001,1.0,0.3333333333333333,5.0,0.6376422140747309,-0.5325948994767468,4.669278977502887,1.6385336680087423,-0.09387229585110704,-213.86985416568987,5.029821999999999,12574555,ok,right
0,325,1,6,0.07680000000000001,1.0,0.3333333333333333,5.0,0.2529096618294716,-1.2052442901466351,1.4406917395994694,1.2529297119518024,-0.126832254583076,-35.39911251588733,5.0330332,12582583,ok,right
0,82,1,6,0.07680000000000001,1.0,0.3333333333333333,5.0,0.5242767196148634,-0.8028959053515838,0.8064676874276953,1.524695501732802,0.7196278792286634,65.30646804211733,5.0655556,12663889,ok,right
0,165,1,6,0.07680000000000001,1.0,0.3333333333333333,5.0,0.6894053723663092,-0.06513826497950452,1.5105826625398027,1.6897893285178138,-0.028060975924706622,-169.74084831135931,5.1450895999999995,12862724,ok,right
0,332,1,6,0.07680000000000001,1.0,0.3333333333333333,5.0,0.3897394433617592,0.19886159183387966,5.776044923684143,1.3902228421304197,0.5241417194682949,-7.096979614303458,5.1450932,12862733,ok,right
0,113,1,6,0.07680000000000001,1.0,0.3333333333333333,5.0,0.07544644679874182,-1.1833631104454538,1.7409458986875301,1.0755884850867767,-0.025011557038980742,114.68417516297623,5.1605799999999995,12901450,ok,right
0,447,1,6,0.07680000000000001,1.0,0.3333333333333333,5.0,-0.09749388378113509,0.1125490523007155,4.066303803475175,0.9025637630499793,0.021294992973103482,-49.242688782476144,5.2105368,13026342,ok,right
0,868,1,6,0.07680000000000001,1.0,0.3333333333333333,5.0,0.4494818359613419,-0.8584643921143699,0.2757984141909799,2.8045032251547077,0.005791878179772197,3.9982961292380033,5.2244284,13061071,ok,right
0,684,1,6,0.07680000000000001,1.0,0.3333333333333333,5.0,0.5260261366143822,-0.1605113015407038,4.143716738114631,1.5269951499186836,-0.4056623753061285,2.7888553347106404,5.250520799999999,13126302,ok,right
0,721,1,6,0.07680000000000001,1.0,0.3333333333333333,5.0,0.6177198262885213,0.2404166278475983,1.033417113536532,1.618263004934074,-0.3013832507143191,-40.95226666763267,5.2518932,13129733,ok,right
0,729,1,6,0.07680000000000001,1.0,0.3333333333333333,5.0,0.16340781040489674,0.9715400090749055,1.0742081981575093,1.1635009555205769,-0.3233371840437189,77.557244691854,5.2526664,13131666,ok,right
0,397,1,6,0.07680000000000001,1.0,0.3333333333333333,5.0,-0.07104278095066548,0.3415121319520507,5.0508818504399775,0.9291215149065171,-0.023743289494459384,-42.15931253678798,5.26023,13150575,ok,right
0,413,1,6,0.07680000000000001,1.0,0.3333333333333333,5.0,0.31128597576171163,-0.09410712941600113,0.7216291693343114,1.3117014172277828,-0.07510140527330292,-34.47383684376838,5.279398,13198495,ok,right
0,915,1,6,0.07680000000000001,1.0,0.3333333333333333,5.0,0.5916486775502563,-0.14811570152017542,6.182012827431136,1.5922557189517297,-0.0891373016501367,20.22947510625729,5.339518,13348795,ok,right
0,120,1,6,0.07680000000000001,1.0,0.3333333333333333,5.0,-0.01320500522851944,-0.7847386684086265,0.7560425367777689,0.9870124041106703,-0.03122185108715404,55.186912613845756,5.3758159999999995,13439540,ok,right
0,275,1,6,0.07680000000000001,1.0,0.3333333333333333,5.0,0.2433270836248994,-1.358815438550952,2.6797786772525725,1.243490388478799,0.0062205479772969715,-16.425260714113946,5.4049764,13512441,ok,right
0,598,1,6,0.07680000000000001,1.0,0.3333333333333333,5.0,-0.07432349678128958,-0.2790402138679033,1.4404633385885077,0.9268159887321175,-0.012293561981354431,15.30945648136794,5.4099471999999995,13524868,ok,right
0,851,1,6,0.07680000000000001,1.0,0.3333333333333333,5.0,0.67709288764745,-0.06645985672567827,5.101258843289652,1.6771006661161019,0.08492627777926781,-9.616882618080195,5.41406,13535150,ok,right
0,628,1,6,0.07680000000000001,1.0,0.3333333333333333,5.0,0.43708573877811435,0.2726813566131273,4.2658819138245585,1.4373676816653673,0.5570705371254937,-35.77042399128263,5.4162256,13540564,ok,right
0,743,1,6,0.07680000000000001,1.0,0.3333333333333333,5.0,-0.06782679539173841,0.07814489727365262,2.9465202080394337,0.9327598119191264,-0.08011597422065042,-22.397348742812035,5.4366688,13591672,ok,right
0,662,1,6,0.07680000000000001,1.0,0.3333333333333333,5.0,0.1397028759121895,-0.6152936304693173,0.9322114182330925,1.1402278928392833,0.22107255816030477,-52.7959330656502,5.4426992,13606748,ok,right
0,357,1,6,0.07680000000000001,1.0,0.3333333333333333,5.0,-0.022842778451740743,-0.6293226217481466,0.5680444017179797,0.9771988519380076,0.0562546948884818,-79.41909023508101,5.4737244,13684311,ok,right
0,625,1,6,0.07680000000000001,1.0,0.3333333333333333,5.0,0.3803059335798025,-1.254771876734397,3.256555667083613,1.3803971764653482,1.1444845057253965,-35.463688680675325,5.477892,13694730,ok,right
0,769,1,6,0.07680000000000001,1.0,0.3333333333333333,5.0,0.45138079300522804,-0.9858211728971782,2.9422956005247163,1.4517331524001578,0.10675202014325087,70.76898783433292,5.4798944,13699736,ok,right
0,953,1,6,0.07680000000000001,1.0,0.3333333333333333,5.0,0.04112768713384867,-1.0484698590759334,0.6823828691512349,1.0418837736775064,-0.0014170853386205196,-11.599246984891746,5.486350799999999,13715877,ok,right
0,243,1,6,0.07680000000000001,1.0,0.3333333333333333,5.0,0.06627804897725582,0.6448044689524837,5.093655170040427,1.0668862805622725,-0.1093673432129433,38.87168138789938,5.49859,13746475,ok,right
0,180,1,6,0.07680000000000001,1.0,0.3333333333333333,5.0,0.11896296478807927,-0.5386190082606158,3.660800731707442,1.11900565587025,-0.03740475976678728,0.7879055061756715,5.526245599999999,13815614,ok,right
0,734,1,6,0.07680000000000001,1.0,0.3333333333333333,5.0,0.10531219225376845,0.06433064206475074,6.248621559072171,1.1062379271850031,0.011594300491309887,92.57459394154286,5.546778799999999,13866947,ok,right
0,407,1,6,0.07680000000000001,1.0,0.3333333333333333,5.0,0.005083929002285004,0.43871783070765086,2.2790681514450437,1.0056001315761238,-0.13933048392355732,-61.792492605733585,5.55999,13899975,ok,right
0,335,1,6,0.07680000000000001,1.0,0.3333333333333333,5.0,-0.01817937158048153,0.7109319784789508,5.577670132212106,0.9819193811561376,0.1381378087582847,-48.892844725480245,5.5648532,13912133,ok,right
0,401,1,6,0.07680000000000001,1.0,0.3333333333333333,5.0,0.14059136770665645,0.41915968504965423,2.688326174044408,1.140771135304496,-0.06490685410302065,66.26514815651512,5.565413599999999,13913534,ok,right
0,156,1,6,0.07680000000000001,1.0,0.3333333333333333,5.0,0.2313568413257599,1.707919400920677,1.523778582991428,1.2317424937821075,-0.046962716329458525,-50.21150793628643,5.5686072,13921518,ok,right
0,963,1,6,0.07680000000000001,1.0,0.3333333333333333,5.0,0.1402299849316478,1.0369211979025288,5.9597539614115265,1.1406667963525365,-0.1390251125159649,76.35235627720934,5.585062,13962655,ok,right
0,60,1,6,0.07680000000000001,1.0,0.3333333333333333,5.0,0.57557632625103,-0.412906648102893,0.33653608399872265,1.5756759955623172,0.11744393579935915,53.34382825025048,5.5891772,13972943,ok,right
0,463,1,6,0.07680000000000001,1.0,0.3333333333333333,5.0,0.5338602693751454,0.37346626433344116,5.001322956490262,1.5343127758899047,-0.9208921827972999,13.887769993238049,5.6024828,14006207,ok,right
0,626,1,6,0.07680000000000001,1.0,0.3333333333333333,5.0,0.21873213127255442,-0.8157514047475688,5.407765738074967,1.2188832019588305,0.2600962554207252,-63.136803956174575,5.6084852,14021213,ok,right
0,699,1,6,0.07680000000000001,1.0,0.3333333333333333,5.0,0.37762544788420205,-0.6868593419005705,3.8527684657169607,1.3777575329453482,0.047138378825910814,43.241411336902864,5.639524799999999,14098812,ok,right
0,441,1,6,0.07680000000000001,1.0,0.3333333333333333,5.0,0.5670198729261756,0.8398360951511441,6.147180513896893,1.567217379865005,0.8611552326669498,73.92539673663485,5.6456444,14114111,ok,right
0,350,1,6,0.07680000000000001,1.0,0.3333333333333333,5.0,0.3581303460523486,-0.9763294856714727,6.134178811912389,1.3582432172471943,0.26963349861005265,82.78304761164097,5.656420799999999,14141052,ok,right
0,908,1,6,0.07680000000000001,1.0,0.3333333333333333,5.0,0.5638863645493984,-0.07802502738850736,0.5187751567704512,1.5639838413952662,0.30696426148567074,45.98844025165837,5.6811992,14202998,ok,right
0,343,1,6,0.07680000000000001,1.0,0.3333333333333333,5.0,-0.05316390600055457,0.5167246635995824,4.628544768210996,0.9469124625156972,0.041318400221456594,58.968500664810485,5.7798076,14449519,ok,right
0,136,1,6,0.07680000000000001,1.0,0.3333333333333333,5.0,0.30233690273016695,1.3320280704028242,1.204815838992854,1.303148253492689,0.3246010015338263,-15.699284969443536,5.7940992,14485248,ok,right
0,657,1,6,0.07680000000000001,1.0,0.3333333333333333,5.0,0.6636416759341955,-0.11476252986246374,4.518646618489082,1.6637150011047084,0.08411977510535365,45.40037669535938,5.8058052,14514513,ok,right
0,982,1,6,0.07680000000000001,1.0,0.3333333333333333,5.0,0.18741887286305428,-0.19587102739398735,4.831943169165103,1.1877269999517106,-0.11593256074711002,-67.15406399933588,5.8350371999999995,14587593,ok,right
0,232,1,6,0.07680000000000001,1.0,0.3333333333333333,5.0,0.5438454745337368,0.3111355471142598,1.1292308599922307,1.5442490362251795,0.21204239768861138,2.0414165932926878,5.8518092,14629523,ok,right
0,613,1,6,0.07680000000000001,1.0,0.3333333333333333,5.0,0.13179267346858978,-0.052974224907564815,5.596912159959797,1.1323111298291302,-0.0409917202034827,-22.74657340943405,5.855828,14639570,ok,right
0,78,1,6,0.07680000000000001,1.0,0.3333333333333333,5.0,0.4812493119388819,0.9443879927353925,3.6448073739541815,1.4815534122735108,-0.1915884204942214,-120.42156629415628,5.883532,14708830,ok,right
0,849,1,6,0.07680000000000001,1.0,0.3333333333333333,5.0,0.551078119687736,0.3421519162276368,3.343774949762541,1.5519072896885502,0.5813173292111061,32.15648349181967,5.8872463999999995,14718116,ok,right
0,300,1,6,0.07680000000000001,1.0,0.3333333333333333,5.0,0.2770816944539547,-0.34583754655782645,2.6670963171185096,1.277164181599357,-0.504320560757684,-72.19309584380358,5.8909788,14727447,ok,right
0,143,1,6,0.07680000000000001,1.0,0.3333333333333333,5.0,0.09222837798297406,1.2949871896866063,6.271946408314337,1.0925831492563571,-0.01367425815497034,-23.01760760415099,5.9287592,14821898,ok,right
0,102,1,6,0.07680000000000001,1.0,0.3333333333333333,5.0,-0.06474124900996685,-0.05118757564246677,3.7627546584062936,0.9355887062575063,0.020288073383016192,38.57114815597334,5.985988799999999,14964972,ok,right
0,605,1,6,0.07680000000000001,1.0,0.3333333333333333,5.0,-0.0844399180263281,-0.04992595125000232,2.67785416755759,0.9160101237091953,-0.01916698532643812,2.1380847228510027,6.0139092,15034773,ok,right
0,289,1,6,0.07680000000000001,1.0,0.3333333333333333,5.0,0.05273252204060555,1.1396540445931926,3.815597557673726,1.0531856673656015,-0.18367894481841993,16.050569482192593,6.0442184,15110546,ok,right
0,639,1,6,0.07680000000000001,1.0,0.3333333333333333,5.0,0.13191020134836437,-1.1333809410780058,4.478584381598966,1.1321966651740907,0.18706622059603642,100.61719986207179,6.0512331999999995,15128083,ok,right
0,153,1,6,0.07680000000000001,1.0,0.3333333333333333,5.0,-0.0010206598788499832,0.26611401586515104,6.127878578190937,0.9990306510637107,-0.06418956030878556,-54.131629762438045,6.143470799999999,15358677,ok,right
0,7,1,6,0.07680000000000001,1.0,0.3333333333333333,5.0,-0.07220648787915707,-0.16441484076742052,5.545698850491322,0.9291716382642169,-0.021186154271708505,10.734229125763546,6.1541052,15385263,ok,right
0,400,1,6,0.07680000000000001,1.0,0.3333333333333333,5.0,-0.0221222385764122,0.3678425184021234,4.454759704451248,0.9789536416154601,0.05555608850253614,-163.20744588131586,6.156685599999999,15391714,ok,right
0,566,1,6,0.07680000000000001,1.0,0.3333333333333333,5.0,0.2985293593257666,1.0241813753404285,4.983135433741222,1.299303792431817,0.8046085462050441,50.667263401336506,6.2055831999999995,15513958,ok,right
0,464,1,6,0.07680000000000001,1.0,0.3333333333333333,5.0,0.12157871518284083,-0.5262482295894593,0.6990874713421098,1.1216490378079418,-0.02845278840333653,7.396242827726542,6.2941952,15735488,ok,right
0,9,1,6,0.07680000000000001,1.0,0.3333333333333333,5.0,-0.08389134369790555,0.17288608373547035,3.2911560466597334,-1.0847938787305236,-0.18306493140003088,-10.154324533710067,6.302449999999999,15756125,ok,left
0,282,1,6,0.07680000000000001,1.0,0.3333333333333333,5.0,0.6088008146733046,0.08859350009540365,5.596963780487142,1.6089904297772901,-0.29094207460274457,-92.60564341747911,6.3021747999999995,15755437,ok,right
0,253,1,6,0.07680000000000001,1.0,0.3333333333333333,5.0,0.5338411996141076,-0.9364838826628433,4.9701352795240465,1.5340766916923247,-0.37566015242214945,-11.638171196527848,6.3207287999999995,15801822,ok,right
0,404,1,6,0.07680000000000001,1.0,0.3333333333333333,5.0,0.2345519416034222,-0.15662669657287553,0.9276169791762641,1.2348077451103965,-0.00806090383317778,65.29056042921471,6.354552399999999,15886381,ok,right
0,927,1,6,0.07680000000000001,1.0,0.3333333333333333,5.0,0.3551814151927829,-0.4808670988852731,3.895171696301717,1.3555463702260706,0.34828437970889503,-6.336751517479437,6.370229999999999,15925575,ok,right
0,789,1,6,0.07680000000000001,1.0,0.3333333333333333,5.0,0.09601055961102248,-0.21096163286149647,3.8379498253296798,1.0965875652357013,-0.09620190828558542,-35.95000953940613,6.426931199999999,16067328,ok,right
0,504,1,6,0.07680000000000001,1.0,0.3333333333333333,5.0,0.4339004810899496,0.36790414805739646,6.245673407561255,1.4345261283045525,-0.3968054394731174,-81.49821403893773,6.439152399999999,16097881,ok,right
0,954,1,6,0.07680000000000001,1.0,0.3333333333333333,5.0,0.3523539314046502,0.12766437537514627,5.172398855425278,1.3524733081523417,-0.07713327556382545,-53.86010448139802,6.454533199999999,16136333,ok,right
0,374,1,6,0.07680000000000001,1.0,0.3333333333333333,5.0,-0.07118715420365333,-0.36634104745585766,6.281029676908933,0.928903690997776,0.038995971583501994,1.3640097704679,6.4793952,16198488,ok,right
0,326,1,6,0.07680000000000001,1.0,0.3333333333333333,5.0,0.01795645859092474,0.44763937615157096,5.810666555071201,1.0183047940259027,0.30936315930860697,-169.29102552069202,6.5241868,16310467,ok,right
0,883,1,6,0.07680000000000001,1.0,0.3333333333333333,5.0,0.4868039906024933,0.7346477700861889,3.3678305587694988,1.4872475802901919,0.08252823623646466,72.68467689589033,6.5331424,16332856,ok,right
0,707,1,6,0.07680000000000001,1.0,0.3333333333333333,5.0,0.2011818278580904,0.09953436302999644,2.942152990881595,1.2012296326199303,-0.45856633066877694,6.408151182411452,6.5553484,16388371,ok,right
0,89,1,6,0.07680000000000001,1.0,0.3333333333333333,5.0,-0.03873727060854435,-0.5975257343635905,6.043906281687731,0.961907583261149,-0.07800079980551979,17.025129718157146,6.5751208,16437802,ok,right
0,276,1,6,0.07680000000000001,1.0,0.3333333333333333,5.0,0.5949651919305324,0.31316947230082576,4.060203762778281,1.5952677036516938,-0.2935787873438533,-131.57145462159693,6.579904399999999,16449761,ok,right
0,754,1,6,0.07680000000000001,1.0,0.3333333333333333,5.0,0.05270862001925707,0.581061698343388,2.943650406032089,1.0534166754867553,-0.04890319606466933,30.58589991641589,6.6060748,16515187,ok,right
0,890,1,6,0.07680000000000001,1.0,0.3333333333333333,5.0,0.391695811226964,0.12004244286527688,0.3325979904527479,1.3918167216059636,0.05525771599096054,-11.324094166747765,6.6381204,16595301,ok,right
0,98,1,6,0.07680000000000001,1.0,0.3333333333333333,5.0,0.46371944285929206,-0.2210458856137026,3.765748688491093,1.4641339612686712,0.19071830523862363,9.117633775403062,6.6440132,16610033,ok,right
0,937,1,6,0.07680000000000001,1.0,0.3333333333333333,5.0,-0.09180051889270545,0.07385623254218733,3.1189091856694477,0.9083922133087811,0.017220094237227323,18.746967239155378,6.663482,16658705,ok,right
0,967,1,6,0.07680000000000001,1.0,0.3333333333333333,5.0,-0.05442259665578604,0.4957016245098265,0.8778986432480079,0.9458238183002003,-0.008296023783187174,40.62505636032364,6.6694819999999995,16673705,ok,right
0,632,1,6,0.07680000000000001,1.0,0.3333333333333333,5.0,-0.011022037453949453,0.6299567456315835,2.5935713154899265,0.9891171722262001,-0.04346014383632762,21.580148464729803,6.682314,16705785,ok,right
0,79,1,6,0.07680000000000001,1.0,0.3333333333333333,5.0,-0.010512047074735166,-0.26020228819339036,5.1480457166764415,0.9895035926612523,0.09521100087333793,-49.164875915161986,6.6860748,16715187,ok,right
0,530,1,6,0.07680000000000001,1.0,0.3333333333333333,5.0,0.24260886050760747,-1.8707418743887336,0.8504084200441541,1.2426286589856501,0.0693229246002545,101.4224304548588,6.692722799999999,16731807,ok,right
0,604,1,6,0.07680000000000001,1.0,0.3333333333333333,5.0,0.21600765604525807,1.7755579482794654,2.547582762350666,1.2167966924655125,-0.2570292254811571,-103.52093818433292,6.710759599999999,16776899,ok,right
0,725,1,6,0.07680000000000001,1.0,0.3333333333333333,5.0,0.2066291943192482,0.10694493829013091,6.250479839539868,1.2066302844003267,-0.4263694467465837,94.5611062454078,6.7425796,16856449,ok,right
0,512,1,6,0.07680000000000001,1.0,0.3333333333333333,5.0,-0.013418246433138848,-0.7624146165570519,0.06297681953445948,0.9866693443004185,0.05001836881697076,-10.241363759225939,6.7530936,16882734,ok,right
0,980,1,6,0.07680000000000001,1.0,0.3333333333333333,5.0,0.29094605296850207,-0.26601690485412793,3.1331516660116363,1.290977110697654,0.016703794440536476,-22.08892744485748,6.8747504,17186876,ok,right
0,339,1,6,0.07680000000000001,1.0,0.3333333333333333,5.0,-0.02386782802641392,-0.3762797369225898,4.711138100577668,0.9762562342554407,-0.010457514924555877,-29.642032260546543,6.8773792,17193448,ok,right
0,373,1,6,0.07680000000000001,1.0,0.3333333333333333,5.0,0.39139310345053674,0.5484874820987437,0.6105312483113928,1.3914563568357516,0.37438582930399344,-5.643759398996615,6.906989599999999,17267474,ok,right
0,559,1,6,0.07680000000000001,1.0,0.3333333333333333,5.0,0.45173320025205616,0.880018419915105,3.3383102719424893,1.4526915458857157,0.5238502848457635,-11.517521921771353,6.9070316,17267579,ok,right
0,258,1,6,0.07680000000000001,1.0,0.3333333333333333,5.0,0.027234734781086446,0.22145458109838065,3.204104418781444,1.027797981066065,0.13595327808711485,182.3521246382297,6.9125372,17281343,ok,right
0,587,1,6,0.07680000000000001,1.0,0.3333333333333333,5.0,0.6354966375976802,-0.5247545462741758,0.1337354430751484,1.6355636203788357,-0.15727055664669198,-118.23177595812149,6.9124824,17281206,ok,right
0,349,1,6,0.07680000000000001,1.0,0.3333333333333333,5.0,0.5176994651556015,-0.24463860665244735,3.2605551988001626,1.517817487371886,0.21737702777867632,-92.42356139764273,6.962236,17405590,ok,right
0,314,1,6,0.07680000000000001,1.0,0.3333333333333333,5.0,0.09840764757245779,-1.3138921396879677,2.6869120589122653,1.0986708653252713,0.2583529890349627,21.95108640880461,6.987993599999999,17469984,ok,right
0,320,1,6,0.07680000000000001,1.0,0.3333333333333333,5.0,0.16376618277281524,1.5418781297944373,3.2730037670701413,1.1641611459832073,-0.00903948433383718,-64.46401488696881,6.9923248,17480812,ok,right
0,272,1,6,0.07680000000000001,1.0,0.3333333333333333,5.0,0.2669624311849475,-0.7296421149814083,4.8313916856221715,1.2670465608444914,-0.1705005122543605,-21.59892591318498,7.019088399999999,17547721,ok,right
0,259,1,6,0.07680000000000001,1.0,0.3333333333333333,5.0,-0.035271238163113595,-0.28569698574654917,5.434685060424223,0.9656389039746098,0.13813837921841002,30.8884470198094,7.0345496,17586374,ok,right
0,184,1,6,0.07680000000000001,1.0,0.3333333333333333,5.0,0.5896472154185176,-0.31941662487678535,0.8818995632738149,1.58990924252489,-0.32199738240525905,20.08617507293397,7.0428812,17607203,ok,right
0,230,1,6,0.07680000000000001,1.0,0.3333333333333333,5.0,0.34902304448187355,0.12858974944418097,2.9811307841545664,1.349198984337386,-0.07362415155054577,-36.226039858719005,7.0680784,17670196,ok,right
0,424,1,6,0.07680000000000001,1.0,0.3333333333333333,5.0,0.4876849567517638,0.6904006863133746,0.4276002269915155,1.4880859649741371,-0.3440775142787125,127.69728725943389,7.0698267999999995,17674567,ok,right
0,589,1,6,0.07680000000000001,1.0,0.3333333333333333,5.0,0.1340213656425476,-1.3439295763962245,4.672647761849134,1.1343732899166281,-0.15122825560345202,21.42379195402082,7.099544,17748860,ok,right
0,292,1,6,0.07680000000000001,1.0,0.3333333333333333,5.0,0.26844551358371976,-1.964962376399187,3.3134167327180886,1.2688805569186428,-0.09718480637389895,-36.456696140712985,7.1623812,17905953,ok,right
0,655,1,6,0.07680000000000001,1.0,0.3333333333333333,5.0,0.545919887162745,-0.5275304205498583,0.12617651317537723,1.5474947725466863,0.3408436185349317,0.39180718013588844,7.163970399999999,17909926,ok,right
0,545,1,6,0.07680000000000001,1.0,0.3333333333333333,5.0,0.21203936077654362,0.6517098414796516,0.8982220863724191,1.2123613796900454,0.12741975461932892,34.58642182587176,7.1655112,17913778,ok,right
0,783,1,6,0.07680000000000001,1.0,0.3333333333333333,5.0,0.3905911067500711,0.6784744784099057,3.538274863304644,1.3906177506298736,-0.4239760435563316,-23.60681714357532,7.172505999999999,17931265,ok,right
0,69,1,6,0.07680000000000001,1.0,0.3333333333333333,5.0,0.0794263081625104,-0.8061154848824246,3.806658099777994,1.0798949320651985,0.37392476379357276,48.8540192635468,7.180764,17951910,ok,right
0,356,1,6,0.07680000000000001,1.0,0.3333333333333333,5.0,0.02372359298169613,0.736587503393618,0.5063952768930484,1.0244355489555899,0.03791688833608864,15.464049191200855,7.2014076,18003519,ok,right
0,745,1,6,0.07680000000000001,1.0,0.3333333333333333,5.0,0.19175802525132896,0.8886992842753212,4.587727674369487,1.1922526428557187,-0.1667145532249522,-9.930990533793768,7.2226612,18056653,ok,right
0,771,1,6,0.07680000000000001,1.0,0.3333333333333333,5.0,-0.07330565117299558,0.33922686668913893,4.499125182165759,0.9274994325957494,-0.10357641489246144,74.78797209650705,7.2316408,18079102,ok,right
0,724,1,6,0.07680000000000001,1.0,0.3333333333333333,5.0,0.06511115748435259,1.2601428501179337,5.40788656340497,1.0651358622705824,-0.12882326169997918,65.69188894072435,7.2358572,18089643,ok,right
0,990,1,6,0.07680000000000001,1.0,0.3333333333333333,5.0,0.05368469133973122,0.05561667234307354,5.075909129635185,1.05484984032041,0.18460996354507192,34.911451959937,7.242029199999999,18105073,ok,right
0,298,1,6,0.07680000000000001,1.0,0.3333333333333333,5.0,-0.08810325153172016,0.3150170998373329,5.010719314423429,0.912674155090538,0.10238849157556534,61.278846925975884,7.2503556,18125889,ok,right
0,619,1,6,0.07680000000000001,1.0,0.3333333333333333,5.0,0.5114956336095929,-0.24994284121673355,3.644995849004924,1.5115513885298733,0.3080905252899539,-30.981354883967242,7.2606247999999995,18151562,ok,right
0,436,1,6,0.07680000000000001,1.0,0.3333333333333333,5.0,0.45225882362574343,0.2183045455009742,4.215764803982911,1.4532403325712964,0.6628576680042051,139.15375921411072,7.2784784,18196196,ok,right
0,739,1,6,0.07680000000000001,1.0,0.3333333333333333,5.0,0.26106347739696506,-0.027330269990427477,6.203714307202019,1.2618691789951606,-0.12316340686346262,8.791159383690914,7.2848736,18212184,ok,right
0,493,1,6,0.07680000000000001,1.0,0.3333333333333333,5.0,0.57847521584481,0.765575329775287,5.636371757987585,1.578639061050881,0.6617906717755971,-87.2628054235391,7.3076412,18269103,ok,right
0,863,1,6,0.07680000000000001,1.0,0.3333333333333333,5.0,0.1404460908845067,-0.6687518439798389,2.4450508469591226,1.1406303695022906,-0.22675547790959621,140.56984919318955,7.3253736,18313434,ok,right
0,451,1,6,0.07680000000000001,1.0,0.3333333333333333,5.0,0.1378223925828934,0.9369270555751581,5.5620517935084655,1.138693497525097,0.1626003027154933,-7.242657923776507,7.359934,18399835,ok,right
0,478,1,6,0.07680000000000001,1.0,0.3333333333333333,5.0,0.4484813055023551,0.2526959028390854,2.8481953451456556,1.4491743979893934,0.17545629754605835,111.93522812225928,7.3585164,18396291,ok,right
0,815,1,6,0.07680000000000001,1.0,0.3333333333333333,5.0,0.016029334999620917,0.7642972362559765,0.5612036490246004,1.0165515980007362,0.04986062785484187,-19.579824391259848,7.4659296,18664824,ok,right
0,702,1,6,0.07680000000000001,1.0,0.3333333333333333,5.0,0.33880692645907406,-1.62334725966857,3.97706841194865,1.3388772520990582,0.15349472053266386,-57.2487796122551,7.590636399999999,18976591,ok,right
0,544,1,6,0.07680000000000001,1.0,0.3333333333333333,5.0,0.17080677319318058,-0.20839717032575802,1.4525233163178448,1.1712345544062173,-0.151649605029775,45.28228829274134,7.615334799999999,19038337,ok,right
0,39,1,6,0.07680000000000001,1.0,0.3333333333333333,5.0,0.010875174961984159,-0.4981771550104504,5.768981318828076,1.011646842634035,0.06080535816499776,-53.77760763765838,7.616084799999999,19040212,ok,right
0,480,1,6,0.07680000000000001,1.0,0.3333333333333333,5.0,0.6403272572904826,0.43082505110506064,3.3110536445716967,1.6405774314872381,0.3369676718437259,-73.57243473156105,7.6633388,19158347,ok,right
0,439,1,6,0.07680000000000001,1.0,0.3333333333333333,5.0,0.37881582062691455,-1.1751156546778287,1.0808598511341265,1.3789941744426795,-0.42952670879064736,-111.21435934306675,7.6805692,19201423,ok,right
0,940,1,6,0.07680000000000001,1.0,0.3333333333333333,5.0,0.42937098853290084,1.2111409763439969,0.601562229230033,1.4297094910102908,-0.010861079009758077,-24.19437807281318,7.686602799999999,19216507,ok,right
0,181,1,6,0.07680000000000001,1.0,0.3333333333333333,5.0,-0.02869966235011816,-0.013719203819698256,1.2772937028782327,0.9719116546197996,0.05460197251304267,47.32355072721324,7.7116907999999995,19279227,ok,right
0,318,1,6,0.07680000000000001,1.0,0.3333333333333333,5.0,0.06546936128288508,-0.5610149019250148,3.1315642345858885,1.0659982770429666,0.00964794675677878,32.729141795284406,7.782564799999999,19456412,ok,right
0,205,1,6,0.07680000000000001,1.0,0.3333333333333333,5.0,0.19020276032388211,1.7514331679813038,0.6381740041316996,1.1916285460433356,-0.1550032325272073,94.71505502644655,7.836939999999999,19592350,ok,right
0,315,1,6,0.07680000000000001,1.0,0.3333333333333333,5.0,0.43041360788047317,-1.1437193081553314,1.1226512688972803,1.4307751681991403,0.3945812250947392,71.56215564816794,7.8643208,19660802,ok,right
0,564,1,6,0.07680000000000001,1.0,0.3333333333333333,5.0,0.02963378503918648,0.49827799979983683,5.496714972584761,-0.971697396189452,0.811821996833845,46.69915702145852,7.8686988,19671747,ok,left
0,1,1,6,0.07680000000000001,1.0,0.3333333333333333,5.0,-0.07803821209818125,-0.19358431259599532,1.3998594460391172,0.9224093459471847,-0.02843850460825653,9.791624945788993,7.8795728,19698932,ok,right
0,730,1,6,0.07680000000000001,1.0,0.3333333333333333,5.0,0.3045809989795089,-1.829854183830185,2.497837810090876,1.3049259380226828,0.1310680264350963,-54.41817797654423,7.893161999999999,19732905,ok,right
0,973,1,6,0.07680000000000001,1.0,0.3333333333333333,5.0,0.5650023315101862,0.7114190709424166,4.521391520939572,1.5657783402034897,-0.718496076174407,3.2215971731293798,7.9217612,19804403,ok,right
0,960,1,6,0.07680000000000001,1.0,0.3333333333333333,5.0,0.0886035880073905,1.5826539659720853,4.774002616279936,1.089418005331562,-0.06650265412705016,216.0734678796319,7.9257944,19814486,ok,right
0,785,1,6,0.07680000000000001,1.0,0.3333333333333333,5.0,0.02299461252987385,-0.1081270847538224,2.3084762426958,1.0233698670536426,-0.053030875116152086,-138.31811822565828,7.9629116,19907279,ok,right
0,786,1,6,0.07680000000000001,1.0,0.3333333333333333,5.0,-0.07290984187275172,0.37549586788945954,1.0189428294359293,0.9275215087011056,0.05543557577441576,-84.29772039568925,7.972376,19930940,ok,right
0,142,1,6,0.07680000000000001,1.0,0.3333333333333333,5.0,0.42917879503220324,-1.2737614605925778,5.776788058272967,1.4294432589195623,0.12127137936462554,19.032963399599538,7.9841988,19960497,ok,right
0,806,1,6,0.07680000000000001,1.0,0.3333333333333333,5.0,-0.07016542796045543,-0.3793177131891999,5.582484794567833,0.9299381766637055,0.004509433625942471,-61.313651454727484,8.025666,20064165,ok,right
0,907,1,6,0.07680000000000001,1.0,0.3333333333333333,5.0,0.20541246663779023,1.0378896470531986,5.976902591423657,1.2054688201225845,0.09136575246042708,95.82794127539422,8.027017599999999,20067544,ok,right
0,948,1,6,0.07680000000000001,1.0,0.3333333333333333,5.0,-0.028063333034515383,-0.07927536299346123,3.8110016396067197,0.972295925873842,0.02834049535520779,-58.315442571973236,8.026458,20066145,ok,right
0,845,1,6,0.07680000000000001,1.0,0.3333333333333333,5.0,-0.09417657256126405,-0.18134859091463854,2.169434214968672,0.9061024044823346,-0.004980387433266923,-38.145604763182305,8.0600768,20150192,ok,right
0,375,1,6,0.07680000000000001,1.0,0.3333333333333333,5.0,0.4043796736747027,1.0223888474257032,4.005020708068266,1.4045037394398696,-0.18163300658054118,-93.90554968751498,8.0772756,20193189,ok,right
0,217,1,6,0.07680000000000001,1.0,0.3333333333333333,5.0,0.15009447261691095,0.059502934761517356,5.318301003418237,1.1508942467329253,-0.0629059571032678,-84.54338227618061,8.1618776,20404694,ok,right
0,758,1,6,0.07680000000000001,1.0,0.3333333333333333,5.0,0.5294803123921156,0.8446853009654466,4.930995753342822,1.5295753499385316,-0.045932388718987825,-14.878204910014725,8.1618976,20404744,ok,right
0,640,1,6,0.07680000000000001,1.0,0.3333333333333333,5.0,0.6947287112474442,0.18625079333074332,4.842242271901214,1.6948077976456248,-0.12872844596999503,31.70084109975902,8.1780116,20445029,ok,right
0,635,1,6,0.07680000000000001,1.0,0.3333333333333333,5.0,0.030037356913089754,-0.3969603843453491,2.3480033061166496,1.0306072532605954,-0.1282604761013296,81.23851680907258,8.2025764,20506441,ok,right
0,355,1,6,0.07680000000000001,1.0,0.3333333333333333,5.0,0.06038121618330479,0.9400912918013964,3.9046049417142528,1.06113543105631,-0.2346570164929021,-89.16879950541653,8.2479084,20619771,ok,right
0,759,1,6,0.07680000000000001,1.0,0.3333333333333333,5.0,0.35095898881554605,-0.4328111858689623,0.8610510188711136,1.3514742741517505,0.34784830034434094,71.5307320903608,8.2678544,20669636,ok,right
0,208,1,6,0.07680000000000001,1.0,0.3333333333333333,5.0,0.6912916278466583,0.06934387269539741,1.455202691741729,1.6915262497896932,0.07309047289149237,0.4657352473407703,8.275616,20689040,ok,right
0,706,1,6,0.07680000000000001,1.0,0.3333333333333333,5.0,0.16066003832966091,-1.1533393545210588,4.944916688679942,1.1608098815123242,-0.07425870478271299,96.90740061742252,8.2923064,20730766,ok,right
0,35,1,6,0.07680000000000001,1.0,0.3333333333333333,5.0,-0.09880285970866681,0.18988588568980636,3.95130877401919,0.9020382145773349,-0.06314523896096332,-134.68519449767163,8.338616,20846540,ok,right
0,293,1,6,0.07680000000000001,1.0,0.3333333333333333,5.0,0.6088496185839176,-0.0812334042743709,0.34055730054996136,1.6096405948051733,0.13847063077472152,89.11205529781004,8.3394584,20848646,ok,right
0,764,1,6,0.07680000000000001,1.0,0.3333333333333333,5.0,0.4573766950517893,-0.4926778676732608,4.713642597311438,1.4582501473275342,-0.345017532248769,95.42498234177401,8.353958,20884895,ok,right
0,196,1,6,0.07680000000000001,1.0,0.3333333333333333,5.0,0.2814717961475253,0.5067523908318193,4.561035862114082,1.2820230122747152,0.19173669071244126,-88.18364497438378,8.4283956,21070989,ok,right
0,563,1,6,0.07680000000000001,1.0,0.3333333333333333,5.0,0.06571908406913281,0.714478677296151,5.107424626062111,1.0661409734238245,-0.13895413473886103,-49.09774885380223,8.441913999999999,21104785,ok,right
0,40,1,6,0.07680000000000001,1.0,0.3333333333333333,5.0,-0.016584848612546922,-0.013601312584707483,6.080577906030938,0.9835210350467097,-0.05086518800799143,53.08739048767784,8.4560184,21140046,ok,right
0,941,1,6,0.07680000000000001,1.0,0.3333333333333333,5.0,0.6092794701457024,-0.3498879025040916,3.535175602596567,-0.39108317496424894,-0.1672939075288945,-83.77574083895294,8.4896596,21224149,ok,left
0,906,1,6,0.07680000000000001,1.0,0.3333333333333333,5.0,0.546998318657279,0.6423941135802896,3.1020163615126584,1.547239454905177,-0.10490861892564085,69.45949387859555,8.5533,21383250,ok,right
0,956,1,6,0.07680000000000001,1.0,0.3333333333333333,5.0,0.671990965679288,-0.28018161693411875,4.685641289047411,1.6720840921311362,0.28736774531499354,87.16929612463063,8.6162904,21540726,ok,right
0,419,1,6,0.07680000000000001,1.0,0.3333333333333333,5.0,0.24892494454979897,-1.626517109963146,1.5529363177566888,1.2497653955810377,-0.14351608775627978,27.40474556369403,8.6290024,21572506,ok,right
0,452,1,6,0.07680000000000001,1.0,0.3333333333333333,5.0,0.45144187025725846,-0.9520769538162529,0.0582411840133745,-1.1810048544851355,-0.0017055026501159032,-141.4929087508162,8.628887599999999,21572219,ok,left
0,268,1,6,0.07680000000000001,1.0,0.3333333333333333,5.0,0.4217453233897686,0.009468757979365567,3.876041845112344,1.421926326786467,-0.02361309927032264,177.3839584520994,8.6696656,21674164,ok,right
0,386,1,6,0.07680000000000001,1.0,0.3333333333333333,5.0,0.09990344196557999,-0.8634497305803218,5.472206776222866,1.1000084019770322,0.01864388694998712,-10.649185815468105,8.7088404,21772101,ok,right
0,123,1,6,0.07680000000000001,1.0,0.3333333333333333,5.0,0.1124006573110819,1.415582053687219,0.6286146405515504,1.1124833206202298,-0.0690143416888963,69.27871934034201,8.750127599999999,21875319,ok,right
0,283,1,6,0.07680000000000001,1.0,0.3333333333333333,5.0,0.34456124156713486,-0.255987334193176,5.9956359406114155,1.3445625422715761,-0.22052689793092672,-11.209463516479186,8.768362,21920905,ok,right
0,677,1,6,0.07680000000000001,1.0,0.3333333333333333,5.0,0.5748552102595568,-0.015757852922697647,1.4067798575477486,1.5749742957025081,-0.6475569675878585,-18.697174083703764,8.847436799999999,22118592,ok,right
0,193,1,6,0.07680000000000001,1.0,0.3333333333333333,5.0,0.38443880770355465,0.6983086487370765,2.8076732545865037,1.3845578737452566,0.2555159277442315,-172.18520506272625,8.9778504,22444626,ok,right
0,333,1,6,0.07680000000000001,1.0,0.3333333333333333,5.0,0.028017063438892365,-0.05711527433697813,2.662938837062778,1.028204419822388,0.07801839973720752,76.54521606779366,8.987022,22467555,ok,right
0,68,1,6,0.07680000000000001,1.0,0.3333333333333333,5.0,0.007265228778123856,0.6661047122072102,5.497387420434913,1.0074672203476804,-0.15121253906861817,-35.49946299382517,9.01853,22546325,ok,right
0,500,1,6,0.07680000000000001,1.0,0.3333333333333333,5.0,-0.04267212152481079,0.25146770820083203,2.2842487115561667,0.9574663061586691,-0.04163908842503418,-48.33465677831011,9.0375328,22593832,ok,right
0,569,1,6,0.07680000000000001,1.0,0.3333333333333333,5.0,-0.07963754385709763,-0.021228946713259828,4.287823985102758,0.920377572280889,-0.0756252446573325,71.17470670294101,9.0720992,22680248,ok,right
0,950,1,6,0.07680000000000001,1.0,0.3333333333333333,5.0,-0.07606736142188311,-0.004229488421444641,5.13498691992514,-1.2072176998144875,0.0031695052995070055,-166.36511742070843,9.08577,22714425,ok,left
0,767,1,6,0.07680000000000001,1.0,0.3333333333333333,5.0,-0.00014286171644926072,0.1048676606463701,2.351401474635437,0.9999612945798533,-0.05698936757124298,-22.56666998386402,9.0885036,22721259,ok,right
0,122,1,6,0.07680000000000001,1.0,0.3333333333333333,5.0,0.03862886689603329,1.2762600703768678,1.5326805682405598,1.0387571674868235,-0.08486987651595812,153.5388709899464,9.0977104,22744276,ok,right
0,173,1,6,0.07680000000000001,1.0,0.3333333333333333,5.0,0.19898595847189426,-1.0835602107607851,1.4632091151156852,1.1990362197206927,-0.24969760727443222,96.61559912835328,9.1270788,22817697,ok,right
0,897,1,6,0.07680000000000001,1.0,0.3333333333333333,5.0,0.4883051358163357,0.7759993774941587,2.110045466811788,1.488532349047807,0.09872774235183775,-61.641606708953965,9.1831728,22957932,ok,right
0,888,1,6,0.07680000000000001,1.0,0.3333333333333333,5.0,0.16823218204081059,-0.4577493012175359,3.7566888719362255,1.1685383211526938,0.007381312203055823,14.267541469580248,9.2112792,23028198,ok,right
0,87,1,6,0.07680000000000001,1.0,0.3333333333333333,5.0,0.04804083034396172,-0.5730394439477218,0.23025666841732528,1.0485166814133908,-0.5163757835123253,-29.201410837773274,9.2197024,23049256,ok,right
0,392,1,6,0.07680000000000001,1.0,0.3333333333333333,5.0,0.3651121655479074,-1.234491370928435,0.660556482508908,1.3653130654472811,0.060273055171499675,-28.34377003292032,9.256037599999999,23140094,ok,right
0,25,1,6,0.07680000000000001,1.0,0.3333333333333333,5.0,0.22466976922005416,-0.9328877746491824,5.114897063856281,1.224920631511175,-0.28406294842316177,19.95511281299789,9.2644544,23161136,ok,right
0,491,1,6,0.07680000000000001,1.0,0.3333333333333333,5.0,0.08334302864968778,0.9364176332446214,0.7969224380811748,1.0833771789116644,-0.008662833880077683,57.10036220620468,9.2666944,23166736,ok,right
0,12,1,6,0.07680000000000001,1.0,0.3333333333333333,5.0,0.03531767390668392,0.37384162950485544,2.3626217607939637,1.0361277968341942,0.29128209527394977,-93.6092386220386,9.2821844,23205461,ok,right
0,568,1,6,0.07680000000000001,1.0,0.3333333333333333,5.0,0.5088542308658361,0.8938329325531273,0.28639940177609274,1.5092402435263275,0.9499945314802243,-9.924761093864236,9.280714,23201785,ok,right
0,966,1,6,0.07680000000000001,1.0,0.3333333333333333,5.0,0.1566823748871684,1.3084725218304323,0.9148696435357109,1.1572894610582811,-0.012988641676402653,-100.46570712916855,9.280016,23200040,ok,right
0,528,1,6,0.07680000000000001,1.0,0.3333333333333333,5.0,0.12433017827570439,1.2619593381569607,1.5973092973151106,1.124553653132685,-0.26813961344612725,8.578076750067405,9.3554876,23388719,ok,right
0,580,1,6,0.07680000000000001,1.0,0.3333333333333333,5.0,0.3929018281400204,-0.5543649892027022,3.674223008010554,1.3935570800540014,0.0643241938040435,-161.4131384465034,9.3808232,23452058,ok,right
0,100,1,6,0.07680000000000001,1.0,0.3333333333333333,5.0,-0.0529927721247077,-0.44558366831895824,2.355564181697466,0.9476799360909802,0.06971655587786985,46.50782578308021,9.43419,23585475,ok,right
0,551,1,6,0.07680000000000001,1.0,0.3333333333333333,5.0,0.31360750868916515,1.420234547601128,1.655168115504271,1.3139467192869136,0.09553972541537128,38.3233538943655,9.4482012,23620503,ok,right
0,529,1,6,0.07680000000000001,1.0,0.3333333333333333,5.0,0.01697468589991331,-0.8430105205843328,5.961784997875204,1.01834020589385,-0.028226329537378556,25.63136050932611,9.4963576,23740894,ok,right
0,957,1,6,0.07680000000000001,1.0,0.3333333333333333,5.0,0.1722355643287301,0.533944973395664,5.369250661401714,1.1722630296966283,-0.07207198301418298,76.85471674121588,9.5267424,23816856,ok,right
0,101,1,6,0.07680000000000001,1.0,0.3333333333333333,5.0,-0.06298868432641029,-0.12821010928522397,4.078828686329676,0.9372630146229438,0.03476634585713163,-109.0688325294798,9.5375932,23843983,ok,right
0,263,1,6,0.07680000000000001,1.0,0.3333333333333333,5.0,0.48440296947956085,-0.3962559803714767,4.318542897765916,1.4844903793273565,0.07910355957962768,71.32908456785312,9.5964332,23991083,ok,right
0,555,1,6,0.07680000000000001,1.0,0.3333333333333333,5.0,0.6260007552802563,-0.28825267872876453,0.07233135849141242,1.6262090576509816,-0.2766245509434504,58.944299383751314,9.620061999999999,24050155,ok,right
0,81,1,6,0.07680000000000001,1.0,0.3333333333333333,5.0,0.1942585935816169,0.9256891103602208,2.7281444620302153,1.1942674687955936,0.016731100052531103,-92.24870088214249,9.693073199999999,24232683,ok,right
0,233,1,6,0.07680000000000001,1.0,0.3333333333333333,5.0,0.6000995231792331,0.2949175836190553,4.467223740154078,1.6001219499207313,0.09408587592046555,14.305173296279312,9.6920032,24230008,ok,right
0,541,1,6,0.07680000000000001,1.0,0.3333333333333333,5.0,0.289164673909545,0.5665897928881388,6.069470526426851,1.2892268447754232,0.09830172953568753,-128.97273685195813,9.697187999999999,24242970,ok,right
0,811,1,6,0.07680000000000001,1.0,0.3333333333333333,5.0,0.32173982299864295,-0.30509317009384734,4.067390960805356,1.3218942743045983,-0.3264779594459199,-136.90140045912054,9.710752,24276880,ok,right
0,609,1,6,0.07680000000000001,1.0,0.3333333333333333,5.0,0.6504782285541296,-0.3633200946953938,1.4449198625063313,1.6505591019768227,-0.08350764426327742,-30.177093752470228,9.7319932,24329983,ok,right
0,119,1,6,0.07680000000000001,1.0,0.3333333333333333,5.0,0.4182014686986804,-0.06072788675776914,2.1680610878752744,1.4183824164461016,-0.05149878475579179,35.4394304867014,9.7577188,24394297,ok,right
0,46,1,6,0.07680000000000001,1.0,0.3333333333333333,5.0,0.09298351854085923,-1.5866021086072042,2.142380053997132,1.0933663241258926,0.1779693759537967,-186.95686133470065,9.7995796,24498949,ok,right
0,27,1,6,0.07680000000000001,1.0,0.3333333333333333,5.0,0.119815481454134,-0.8490605779949914,2.980776810644435,1.1198709300801615,-0.1130152338823649,-4.296616258310016,9.8095404,24523851,ok,right
0,104,1,6,0.07680000000000001,1.0,0.3333333333333333,5.0,0.5888561617583037,0.6938767447175729,1.2207740793976218,1.5892463976662314,0.39446334177518694,122.82873533484666,9.8331048,24582762,ok,right
0,57,1,6,0.07680000000000001,1.0,0.3333333333333333,5.0,0.38474636133760215,1.1329404445174949,6.278214323249581,1.385228037279905,-0.191417653488061,-225.73185293730666,9.839226,24598065,ok,right
0,592,1,6,0.07680000000000001,1.0,0.3333333333333333,5.0,0.5731197666376829,0.35621996896191876,1.4105950806042458,-0.42702932924119646,0.09412637022787157,58.7329456143725,9.8957824,24739456,ok,left
0,692,1,6,0.07680000000000001,1.0,0.3333333333333333,5.0,0.6014566887170076,0.5105040725748657,0.5703624305246124,1.6014886604786303,0.3886496841299508,154.27218602549902,9.9045416,24761354,ok,right
0,479,1,6,0.07680000000000001,1.0,0.3333333333333333,5.0,0.1330053225159645,1.5109398970237082,5.912151730633258,1.1334338064102092,-0.21058928065670718,-4.010447306239703,9.9093656,24773414,ok,right
0,127,1,6,0.07680000000000001,1.0,0.3333333333333333,5.0,0.25474314875900744,0.6389134284368577,2.92278380922029,1.2551058762562541,-0.1786264131430105,139.00490516363158,9.9502952,24875738,ok,right
0,820,1,6,0.07680000000000001,1.0,0.3333333333333333,5.0,0.4897657884284854,-0.6239245337583598,1.8603499657404854,1.4898490871408918,0.26388421185832683,-74.01157697382972,9.991717999999999,24979295,ok,right
0,495,1,6,0.07680000000000001,1.0,0.3333333333333333,5.0,0.24171081446111203,-0.09421940045737451,0.1948369493867134,1.2418619617513453,0.380337551068005,164.40860507351348,10.00523,25013075,ok,right
0,742,1,6,0.07680000000000001,1.0,0.3333333333333333,5.0,0.025936587527394295,1.2005243317571281,1.4913613482491956,1.0262387119176104,-0.21762653698011988,-73.06630074212327,10.0534164,25133541,ok,right
0,652,1,6,0.07680000000000001,1.0,0.3333333333333333,5.0,0.28229638896882536,1.2359792283405981,4.195863504888208,1.2839249857688884,-0.08952204662375525,-125.36101254166003,10.0900176,25225044,ok,right
0,54,1,6,0.07680000000000001,1.0,0.3333333333333333,5.0,0.37138517927378417,0.903422608411881,3.063456794574778,1.3720268208195507,0.1973773642597988,64.28437079376012,10.147402399999999,25368506,ok,right
0,257,1,6,0.07680000000000001,1.0,0.3333333333333333,5.0,0.3767307819798589,-0.0877317760152088,0.8188461380341346,1.3767990741598477,-0.14732994255720072,103.16659140901665,10.1461344,25365336,ok,right
0,249,1,6,0.07680000000000001,1.0,0.3333333333333333,5.0,0.5471697812899947,-0.6827945627377251,3.1347889873326413,1.5479534077336978,-0.2550060974706088,-102.86582646397954,10.1561264,25390316,ok,right
0,683,1,6,0.07680000000000001,1.0,0.3333333333333333,5.0,0.2238695725798607,-1.459389256284783,2.3157668178289468,1.2239626189859152,0.3506766352942664,109.57101637551645,10.192019199999999,25480048,ok,right
0,695,1,6,0.07680000000000001,1.0,0.3333333333333333,5.0,0.5543104404583573,-0.6492391308229567,6.016679215502566,1.5546646461381461,0.5178057349916602,-19.459852600828892,10.207177999999999,25517945,ok,right
0,175,1,6,0.07680000000000001,1.0,0.3333333333333333,5.0,0.38492670394480233,-1.431007029674075,0.6716478665667166,1.3858484654550813,-0.05817624232473112,26.768734828397722,10.2148992,25537248,ok,right
0,90,1,6,0.07680000000000001,1.0,0.3333333333333333,5.0,0.08482439648360014,-1.3835747238031806,3.943536380964965,1.084855592473056,-0.33416164904598944,21.832336960381816,10.2359116,25589779,ok,right
0,679,1,6,0.07680000000000001,1.0,0.3333333333333333,5.0,0.6511657917872071,0.08146152046640562,3.7052395206356596,1.6512559210534317,0.4281255046041462,127.56185558098512,10.2493252,25623313,ok,right
0,618,1,6,0.07680000000000001,1.0,0.3333333333333333,5.0,0.28623651042580606,1.5869518979716193,5.756970275708491,1.286667905421901,0.015326844396936065,26.534468764103835,10.258223599999999,25645559,ok,right
0,571,1,6,0.07680000000000001,1.0,0.3333333333333333,5.0,0.2635054174810648,-0.2819819260984574,0.9560078303406019,1.2636161653101117,0.6525796735129916,140.68030934692658,10.271968399999999,25679921,ok,right
0,533,1,6,0.07680000000000001,1.0,0.3333333333333333,5.0,-0.04738200623542071,0.27181275537924604,5.473908375238438,0.9534570842592186,-0.05462493854204668,22.697327721695036,10.3775988,25943997,ok,right
0,909,1,6,0.07680000000000001,1.0,0.3333333333333333,5.0,0.0796465713530779,-1.3448032444211997,3.737792224517868,1.0799760146100006,-0.24850474612729093,-80.44781023183548,10.415277999999999,26038195,ok,right
0,327,1,6,0.07680000000000001,1.0,0.3333333333333333,5.0,0.10720474515110255,1.7691770483888822,6.049735562580678,1.1077079615932424,0.1240650779131573,2.2905183549339605,10.507767999999999,26269420,ok,right
0,466,1,6,0.07680000000000001,1.0,0.3333333333333333,5.0,0.09864384438842536,1.520966891908448,4.540493373339826,1.098953410367119,-0.26045602504253745,-62.59083770543038,10.7063088,26765772,ok,right
0,872,1,6,0.07680000000000001,1.0,0.3333333333333333,5.0,0.6498023606836796,-0.2205894841545282,3.923248709113428,1.6503471529505895,0.42986786555361994,45.415445409139615,10.7831156,26957789,ok,right
0,114,1,6,0.07680000000000001,1.0,0.3333333333333333,5.0,0.09474494475871326,-1.3302048999430642,3.200185420705158,1.0948246046691297,0.007985315815883055,-11.04033007279659,10.8039448,27009862,ok,right
0,444,1,6,0.07680000000000001,1.0,0.3333333333333333,5.0,0.6487799150869251,0.11703212669026755,5.315390824871905,-1.1477260517203918,0.038419790900203796,-94.67504111483639,10.8389188,27097297,ok,left
0,422,1,6,0.07680000000000001,1.0,0.3333333333333333,5.0,0.3075330493971706,1.0753488767217168,1.7226239835062205,1.307661881629729,-0.30439278949246984,-249.57642342562798,10.856771199999999,27141928,ok,right
0,188,1,6,0.07680000000000001,1.0,0.3333333333333333,5.0,0.38227052185684446,0.834620017144164,3.5480503437726436,1.383090197963282,-0.3147891890190486,77.397140065921,10.8702068,27175517,ok,right
0,969,1,6,0.07680000000000001,1.0,0.3333333333333333,5.0,0.45079961884766817,-0.8218635541311643,4.903157558981715,1.4513503529562244,-0.6755574610031536,-12.77675693496018,10.8694144,27173536,ok,right
0,886,1,6,0.07680000000000001,1.0,0.3333333333333333,5.0,0.076848454028368,-1.4573996037160868,1.925827589603483,1.0783367683961542,-0.10807919324695964,-11.660669594077412,10.8781524,27195381,ok,right
0,902,1,6,0.07680000000000001,1.0,0.3333333333333333,5.0,0.03403620570898056,0.7803175159317195,5.962343861839846,1.0347471992114503,-0.28266053168581545,-106.33544174109272,10.9007484,27251871,ok,right
0,510,1,6,0.07680000000000001,1.0,0.3333333333333333,5.0,0.6062995728105307,-0.07286950935767392,4.414509963887994,1.6063587161029134,-0.47126955958574285,63.7496635497893,10.954897599999999,27387244,ok,right
0,152,1,6,0.07680000000000001,1.0,0.3333333333333333,5.0,0.4096824049949646,0.7656661741393108,1.7945966476508592,1.4108489088250011,-0.5386570697573766,-62.41767816978096,10.9742692,27435673,ok,right
0,654,1,6,0.07680000000000001,1.0,0.3333333333333333,5.0,0.49508974850177767,0.16115758723523607,3.891712941030677,1.4951515315521804,-0.0934913819138126,-57.11968121253845,10.9781444,27445361,ok,right
0,928,1,6,0.07680000000000001,1.0,0.3333333333333333,5.0,0.552999653853476,0.3055309357431503,3.650588940311055,1.5538953115431322,-0.9033572018053618,7.546990953246564,11.0159004,27539751,ok,right
0,312,1,6,0.07680000000000001,1.0,0.3333333333333333,5.0,-0.09386655408889055,-0.28194193074078105,5.512572571540265,0.9067580933815556,0.021993619515028547,8.459819930811284,11.0602244,27650561,ok,right
0,42,1,6,0.07680000000000001,1.0,0.3333333333333333,5.0,0.6487808082252742,-0.04017962906741469,1.1864601187005688,1.6491649584789911,-0.2874201899836993,-117.82463618552175,11.0755312,27688828,ok,right
0,36,1,6,0.07680000000000001,1.0,0.3333333333333333,5.0,0.25012430008500813,-0.19767642337401958,2.231686993921078,1.2505939276139737,-0.35119810829024994,143.123570014102,11.0934736,27733684,ok,right
0,501,1,6,0.07680000000000001,1.0,0.3333333333333333,5.0,0.5358275087550283,0.8219491095368082,2.0159805511447684,1.5368448485110597,0.024039434230542774,34.6194139635661,11.0986152,27746538,ok,right
0,97,1,6,0.07680000000000001,1.0,0.3333333333333333,5.0,0.5021259790286422,0.28188846731095835,4.707186371172276,1.5022621405855052,-0.10013913295089144,65.57599491845,11.103356,27758390,ok,right
0,554,1,6,0.07680000000000001,1.0,0.3333333333333333,5.0,0.5644438717514276,-0.7257694680226958,4.788766207059894,1.5644832397481214,-0.08903125702424998,26.69319092921345,11.115858399999999,27789646,ok,right
0,409,1,6,0.07680000000000001,1.0,0.3333333333333333,5.0,-0.04772298876196146,-0.21102557983239034,1.1140003920735366,0.95228338912677,-0.12080017870200724,-53.75243884360012,11.1211412,27802853,ok,right
0,766,1,6,0.07680000000000001,1.0,0.3333333333333333,5.0,0.41495597865432504,0.9048303277318885,6.066611968407864,1.4154242222526867,-0.21007080142384182,-96.37078515760604,11.1547252,27886813,ok,right
0,826,1,6,0.07680000000000001,1.0,0.3333333333333333,5.0,0.38590319659560923,0.7625121218767702,3.335029909290789,1.3864327932492084,0.21863626884882068,96.55126954600459,11.2131024,28032756,ok,right
0,26,1,6,0.07680000000000001,1.0,0.3333333333333333,5.0,-0.08995429947972299,-0.2045439821870423,1.5203626882942742,0.9104377799227603,0.028356273054243653,-54.1614894181717,11.222842,28057105,ok,right
0,391,1,6,0.07680000000000001,1.0,0.3333333333333333,5.0,0.08307114001363516,0.2965486315090951,2.329817870951709,1.083965744680748,0.012137635016695418,-5.226413563897553,11.2656888,28164222,ok,right
0,30,1,6,0.07680000000000001,1.0,0.3333333333333333,5.0,0.03913103397935629,0.9981747704500145,4.346929322140146,1.0398792755315378,0.1963351728048463,38.954578260953596,11.3260028,28315007,ok,right
0,534,1,6,0.07680000000000001,1.0,0.3333333333333333,5.0,-0.006339801847934723,-0.5004856660238377,0.6258679109163787,0.9937443811057222,-0.153532805888025,134.6545452798668,11.368860399999999,28422151,ok,right
0,840,1,6,0.07680000000000001,1.0,0.3333333333333333,5.0,0.2535455061122775,-1.515571377275263,3.6870743044614924,1.2538468295903469,0.12126999805234065,-117.84956080441154,11.390106399999999,28475266,ok,right
0,608,1,6,0.07680000000000001,1.0,0.3333333333333333,5.0,0.014070775732398033,0.6420896813856214,0.826151769520153,1.0143567078352673,-0.05595229670099978,-50.61689778588678,11.3986412,28496603,ok,right
0,942,1,6,0.07680000000000001,1.0,0.3333333333333333,5.0,-0.07689369637519122,-0.1576302178482185,1.7739162057017286,0.9232496021815367,-0.0034935856778766216,-33.91053621716015,11.4421088,28605272,ok,right
0,762,1,6,0.07680000000000001,1.0,0.3333333333333333,5.0,0.38536545261740685,-0.3689093455537328,6.274610733237021,1.3853951152137585,0.13015086894411731,-29.41398205522701,11.455497999999999,28638745,ok,right
0,48,1,6,0.07680000000000001,1.0,0.3333333333333333,5.0,-0.026578545011579992,0.6947805941406556,5.748254334140253,0.9739651923674331,-0.052559281605383125,-11.736748670688364,11.476845599999999,28692114,ok,right
0,577,1,6,0.07680000000000001,1.0,0.3333333333333333,5.0,-0.09898387044668198,-0.2543910622791235,2.1008791878566195,0.9011344322656856,0.011586176883944059,13.678575146596785,11.4942192,28735548,ok,right
0,992,1,6,0.07680000000000001,1.0,0.3333333333333333,5.0,-0.0019213492050766945,-0.568642023530351,5.47110234183017,0.9984540343259866,0.008123010568110819,95.5007910684858,11.6139096,29034774,ok,right
0,431,1,6,0.07680000000000001,1.0,0.3333333333333333,5.0,0.3153287133201957,0.7226883997906469,4.702843815887418,1.3171041042253324,0.16703569800501125,46.15571612899089,11.6333788,29083447,ok,right
0,316,1,6,0.07680000000000001,1.0,0.3333333333333333,5.0,0.07275393772870302,1.0763555814326824,4.277729442201671,1.0732750640648816,-0.08966044550620532,164.65197286655896,11.7016584,29254146,ok,right
0,882,1,6,0.07680000000000001,1.0,0.3333333333333333,5.0,0.6709604669362307,0.03830965436127408,6.023572255813934,1.6712478802934125,-0.30811038488023507,1.0707733606238297,11.7566352,29391588,ok,right
0,61,1,6,0.07680000000000001,1.0,0.3333333333333333,5.0,0.2736476108431816,0.48504667499062804,6.18508331546643,1.2738887791686995,0.6002464723014629,-69.75897847578152,11.823589199999999,29558973,ok,right
0,191,1,6,0.07680000000000001,1.0,0.3333333333333333,5.0,0.6976103330031038,-0.27719987130941554,5.416473330769726,1.6978398868711442,-0.022331606755711417,8.09736726838982,11.8538336,29634584,ok,right
0,853,1,6,0.07680000000000001,1.0,0.3333333333333333,5.0,0.6698952790349723,-0.16701226534851618,2.6102222563827358,1.6702780026849011,-0.2456123175820128,129.10666645482354,11.874041199999999,29685103,ok,right
0,808,1,6,0.07680000000000001,1.0,0.3333333333333333,5.0,0.615259537473321,-0.35984419757246494,5.242289319009335,1.6157118661219116,0.5456782857224939,-189.17858571778672,11.9298656,29824664,ok,right
0,111,1,6,0.07680000000000001,1.0,0.3333333333333333,5.0,0.30522849634289745,-1.289288584227538,6.229831592028908,1.3059049142011419,-0.3415525134683636,6.533792449449777,11.971938399999999,29929846,ok,right
0,176,1,6,0.07680000000000001,1.0,0.3333333333333333,5.0,0.09554248861968517,-0.007504652678245293,1.9133900824571017,1.0957596483326386,-0.06443311367087988,242.80374308799512,11.9708708,29927177,ok,right
0,517,1,6,0.07680000000000001,1.0,0.3333333333333333,5.0,0.25915786642581223,0.7110779849860088,4.160390879425259,1.2595801042849113,0.0024066423517420965,-18.572501081118876,11.975944,29939860,ok,right
0,159,1,6,0.07680000000000001,1.0,0.3333333333333333,5.0,-0.022541190683841708,0.3192853962552941,4.33198938536324,0.9776943073595935,-0.011613667302285255,-80.6833908282641,12.014942399999999,30037356,ok,right
0,903,1,6,0.07680000000000001,1.0,0.3333333333333333,5.0,0.656320888362825,0.3789176607115221,5.698923678817594,1.6564661673190104,-0.1427237295717605,-9.408955145608683,12.0532632,30133158,ok,right
0,481,1,6,0.07680000000000001,1.0,0.3333333333333333,5.0,0.6849075086414814,-0.3301086304322575,3.0696847411251786,1.685160490465468,-0.2095990749725976,-5.4534659044820435,12.0867708,30216927,ok,right
0,14,1,6,0.07680000000000001,1.0,0.3333333333333333,5.0,0.42009401451796297,0.6466299022415503,5.844052873562519,1.4206563412119493,0.27455125753907195,-36.23703436183063,12.0981252,30245313,ok,right
0,110,1,6,0.07680000000000001,1.0,0.3333333333333333,5.0,0.23154019117355348,0.8071127003108161,1.5597811007893765,1.2321175751032025,-0.08632633664046578,-66.96122838868398,12.0997344,30249336,ok,right
0,578,1,6,0.07680000000000001,1.0,0.3333333333333333,5.0,0.5401276184245944,0.413512388169559,0.8503904056709259,1.5406777908270302,0.2204982345999829,88.95326957214874,12.110571199999999,30276428,ok,right
0,756,1,6,0.07680000000000001,1.0,0.3333333333333333,5.0,0.054597765766084196,-0.27385004470240865,2.25388977475602,1.0546324457173792,-0.015639760818412285,20.412715142887887,12.213595999999999,30533990,ok,right
0,812,1,6,0.07680000000000001,1.0,0.3333333333333333,5.0,0.3580425087362528,-0.18512929853999296,1.340826842362794,1.3580515655586554,0.293582414255358,63.175507591531634,12.237008399999999,30592521,ok,right
0,310,1,6,0.07680000000000001,1.0,0.3333333333333333,5.0,0.0113946620374918,-0.37895015479842353,3.4617293103494027,1.0115259856949261,0.05176746946836179,-68.53155876409683,12.270156,30675390,ok,right
0,593,1,6,0.07680000000000001,1.0,0.3333333333333333,5.0,0.3994722191244364,-1.2693324215056476,3.2845260638886247,1.3995125232435812,0.24177778381351128,21.665918032996977,12.2689804,30672451,ok,right
0,519,1,6,0.07680000000000001,1.0,0.3333333333333333,5.0,0.07954526357352734,-0.19637364033184818,1.9022005453736828,1.0796062297332076,-0.041086207324496964,-164.23597138569363,12.288629199999999,30721573,ok,right
0,913,1,6,0.07680000000000001,1.0,0.3333333333333333,5.0,0.1430958166718483,-0.37729267718836285,0.9548032475020344,1.1440887390251087,0.1278067899347751,-149.80650991343586,12.4058304,31014576,ok,right
0,788,1,6,0.07680000000000001,1.0,0.3333333333333333,5.0,0.10069598723202944,0.1187917489977156,1.6748140607853204,1.1011822756488765,-0.017822799485068846,127.78237906370296,12.4437816,31109454,ok,right
0,709,1,6,0.07680000000000001,1.0,0.3333333333333333,5.0,-0.04642177671194077,-0.15259854064058995,5.172354948864966,0.9536779491248596,0.005382161441104405,-166.2772393074529,12.4543068,31135767,ok,right
0,445,1,6,0.07680000000000001,1.0,0.3333333333333333,5.0,0.557186470553279,-0.6562874969617828,5.081706703241681,1.5573680580561358,-0.009835183115991408,-110.58419167066106,12.5161676,31290419,ok,right
0,617,1,6,0.07680000000000001,1.0,0.3333333333333333,5.0,0.41888335049152375,-1.168104939856393,4.403433661052665,1.4190564352800974,-0.31031490445611304,-23.5937723993188,12.5746744,31436686,ok,right
0,865,1,6,0.07680000000000001,1.0,0.3333333333333333,5.0,0.5759391620755195,0.7312291203842017,4.252094513649714,1.5763646727735268,0.2474275623389699,-288.20392284442363,12.594484399999999,31486211,ok,right
0,141,1,6,0.07680000000000001,1.0,0.3333333333333333,5.0,0.17295106034725904,-1.707829821762307,2.0062260664770424,1.1734013640576757,-0.3204855446201072,-98.22532958977622,12.6125932,31531483,ok,right
0,920,1,6,0.07680000000000001,1.0,0.3333333333333333,5.0,0.44143876489251854,0.5668686041573383,3.770344708962365,1.4414821438069731,-0.14195974672265155,140.6226833931624,12.6193724,31548431,ok,right
0,266,1,6,0.07680000000000001,1.0,0.3333333333333333,5.0,-0.009794670902192593,0.8823544308444492,6.040096269545432,0.9903871632688253,-0.16566131800783052,15.037360419022164,12.624965999999999,31562415,ok,right
0,497,1,6,0.07680000000000001,1.0,0.3333333333333333,5.0,0.2967202542349696,-0.5273048157286128,2.3688474383584235,1.2967553112323138,0.18808245901116988,95.19216232822679,12.767459599999999,31918649,ok,right
0,794,1,6,0.07680000000000001,1.0,0.3333333333333333,5.0,0.11365869343280793,0.9170092026679393,1.6081378813062417,1.1138235795227245,-0.015644382354901926,-78.70199276855332,12.912933599999999,32282334,ok,right
0,746,1,6,0.07680000000000001,1.0,0.3333333333333333,5.0,0.06850072983652354,-1.0676506976184141,2.5240946061003933,1.069070038944654,0.47351764074566444,-22.42168754936237,12.916050799999999,32290127,ok,right
0,977,1,6,0.07680000000000001,1.0,0.3333333333333333,5.0,0.5580536445602775,0.039411466847455855,0.516446359423837,1.5585738681789827,0.0211526896020434,-5.784336988742448,12.921526799999999,32303817,ok,right
0,240,1,6,0.07680000000000001,1.0,0.3333333333333333,5.0,0.15558277871459725,-0.44220374476857766,3.195238251618565,1.1558174618697148,0.004454519499366548,-65.01345330915983,12.946988,32367470,ok,right
0,620,1,6,0.07680000000000001,1.0,0.3333333333333333,5.0,0.020820783823728563,1.158016792091774,1.837557036437777,1.021899695015931,-0.12840009111488576,-36.51320299655741,13.035532,32588830,ok,right
0,822,1,6,0.07680000000000001,1.0,0.3333333333333333,5.0,-0.006134108640253544,-0.42863311302817664,5.616218942313349,0.994129434332555,0.013677340039188145,45.72604844406035,13.0475896,32618974,ok,right
0,124,1,6,0.07680000000000001,1.0,0.3333333333333333,5.0,0.21066707260906697,0.2201309216865645,1.441222367782263,1.2114476331485495,-0.08423119520264395,17.344900661959343,13.1176284,32794071,ok,right
0,301,1,6,0.07680000000000001,1.0,0.3333333333333333,5.0,0.5992360200732947,-0.6003929790906417,4.712391919387111,1.5998920014383033,0.04508152517085695,164.99270110923732,13.1197352,32799338,ok,right
0,910,1,6,0.07680000000000001,1.0,0.3333333333333333,5.0,0.01239562314003706,-0.3614878407195493,0.40404264211211877,1.0134958095903561,0.060204749345931806,133.48411575175248,13.1375344,32843836,ok,right
0,76,1,6,0.07680000000000001,1.0,0.3333333333333333,5.0,0.5979794733226299,-0.07719617513756416,0.9446731761724738,1.5982091090700405,0.5673209893819708,50.841413326686094,13.2280956,33070239,ok,right
0,537,1,6,0.07680000000000001,1.0,0.3333333333333333,5.0,0.5646009350195528,0.743072678849759,5.385836296168546,1.5649316286249133,-0.7407118233751299,-42.42051927154324,13.2299624,33074906,ok,right
0,837,1,6,0.07680000000000001,1.0,0.3333333333333333,5.0,0.2245989290997386,1.2314590148257432,5.974110018324635,1.225018543478944,0.003209085808980243,-60.776229319680425,13.264591999999999,33161480,ok,right
0,688,1,6,0.07680000000000001,1.0,0.3333333333333333,5.0,0.5087172355502844,0.4296341898114049,0.5182897824955216,1.5088664129026308,-0.028186044219434832,-59.537790333491394,13.274307199999999,33185768,ok,right
0,367,1,6,0.07680000000000001,1.0,0.3333333333333333,5.0,0.3551286680623889,0.400675783171443,1.6576363464988564,1.3556160115353948,-0.8361885089289117,-72.5275567745107,13.2972336,33243084,ok,right
0,599,1,6,0.07680000000000001,1.0,0.3333333333333333,5.0,0.26308964285999537,0.6030185698106698,0.7314866405089814,1.2636460121499307,-0.15188841628653188,-129.20688695832055,13.3097832,33274458,ok,right
0,410,1,6,0.07680000000000001,1.0,0.3333333333333333,5.0,0.5833912638947368,-0.24184226545236603,1.9235306151138472,1.5838618915079923,0.13704919230895513,71.73644630281909,13.3269332,33317333,ok,right
0,667,1,6,0.07680000000000001,1.0,0.3333333333333333,5.0,0.579045001976192,-0.3381654382187478,0.8565384827458711,1.5794469267507179,-0.5998691882580552,-59.658623666420205,13.334088399999999,33335221,ok,right
0,256,1,6,0.07680000000000001,1.0,0.3333333333333333,5.0,0.5340116800740361,-0.33354450843427186,4.463091145797793,1.5342733274918277,0.2343603173074718,-91.1497637445274,13.355756399999999,33389391,ok,right
0,912,1,6,0.07680000000000001,1.0,0.3333333333333333,5.0,0.42389547508209946,-1.085781119818004,2.2251695402715446,2.8164106936516733,-0.00135730382467171,-103.1422747790781,13.3520132,33380033,ok,right
0,472,1,6,0.07680000000000001,1.0,0.3333333333333333,5.0,0.13388320468366147,-1.2700608844720491,2.741803877353977,1.134822066524806,-0.09510335399847611,62.50796699578071,13.3610008,33402502,ok,right
0,570,1,6,0.07680000000000001,1.0,0.3333333333333333,5.0,0.1931337658315897,1.3093938322428609,0.2440734235063482,1.1932729038151575,0.13391679047364638,-17.724937392774684,13.367066399999999,33417666,ok,right
0,244,1,6,0.07680000000000001,1.0,0.3333333333333333,5.0,0.403141213580966,0.8625473980651117,4.280524742179992,1.40367448371719,0.07980572660564988,-94.06288952525644,13.4252556,33563139,ok,right
0,787,1,6,0.07680000000000001,1.0,0.3333333333333333,5.0,0.6163988424465061,0.0848132192111094,1.1810971239274526,1.6164510706965096,-0.3725029668959951,67.2355207781756,13.4660104,33665026,ok,right
0,799,1,6,0.07680000000000001,1.0,0.3333333333333333,5.0,0.6131597109138966,-0.21944603898506143,0.6968936574466695,1.6134349407824164,-0.4532999126705087,25.526404497794005,13.5033844,33758461,ok,right
0,606,1,6,0.07680000000000001,1.0,0.3333333333333333,5.0,0.2912467373535037,-0.5194659086251229,2.299246849065938,1.2916601958116245,-0.31432323853062977,-66.07835990076406,13.5405836,33851459,ok,right
0,878,1,6,0.07680000000000001,1.0,0.3333333333333333,5.0,0.4785311043262482,0.7363228639722089,5.606219203818389,1.4789654159555767,-0.7482408199204297,-249.16680774575028,13.5452088,33863022,ok,right
0,197,1,6,0.07680000000000001,1.0,0.3333333333333333,5.0,0.5366087038069963,0.5691322238181201,4.855491327000397,1.5381353051178304,-0.5916561887867184,-69.29421625314394,13.5887964,33971991,ok,right
0,546,1,6,0.07680000000000001,1.0,0.3333333333333333,5.0,-0.08712253253906965,-0.230550573091554,5.46760473438078,0.9294596101205318,0.1981764116403037,112.38675822642831,13.6109656,34027414,ok,right
0,518,1,6,0.07680000000000001,1.0,0.3333333333333333,5.0,0.12923368103802205,-0.2083142436044832,0.44330503293114903,1.129559251641146,0.05247586066978059,-46.87179005768726,13.624223599999999,34060559,ok,right
0,893,1,6,0.07680000000000001,1.0,0.3333333333333333,5.0,0.04630061779171229,0.3327283943714141,4.952940778252623,1.0479406550481847,0.03580109131179499,223.31864359594977,13.655819999999999,34139550,ok,right
0,962,1,6,0.07680000000000001,1.0,0.3333333333333333,5.0,0.17276415377855303,0.4161591144489058,5.804847751597538,1.1734713106747654,-0.17804652002340654,-25.094876944401644,13.6859564,34214891,ok,right
0,672,1,6,0.07680000000000001,1.0,0.3333333333333333,5.0,0.0015195572748780252,0.8907918919116539,2.6508148903145883,1.0027550133975014,-0.22899036016702146,-73.23834640260033,13.689425199999999,34223563,ok,right
0,535,1,6,0.07680000000000001,1.0,0.3333333333333333,5.0,0.3200082590803504,1.0937563938057793,0.7933893051291485,1.3207103473344397,0.18457443223586814,56.76171579721664,13.7420212,34355053,ok,right
0,770,1,6,0.07680000000000001,1.0,0.3333333333333333,5.0,0.5163972591981292,0.649940134744966,1.625780736247681,1.5171772156758787,0.3046876361236141,-24.703907290067683,13.839251599999999,34598129,ok,right
0,596,1,6,0.07680000000000001,1.0,0.3333333333333333,5.0,0.4599552657455206,-0.2834726527460437,4.62791448019697,1.4599841021532105,-0.3733671822737544,8.055201234979064,13.8662912,34665728,ok,right
0,526,1,6,0.07680000000000001,1.0,0.3333333333333333,5.0,0.4076425909996033,-0.33106672431015105,5.797925112064671,1.4076972197395008,-0.14829795260789974,-124.95782825499761,13.9684884,34921221,ok,right
0,581,1,6,0.07680000000000001,1.0,0.3333333333333333,5.0,0.23058083225041628,1.6801655271223077,1.9322531939414098,1.2306308258719674,-0.04944215002230142,-50.838771283310855,13.9881008,34970252,ok,right
0,459,1,6,0.07680000000000001,1.0,0.3333333333333333,5.0,0.5949166174978018,-0.2901035299958904,1.7223955473852248,1.5965127288126524,0.4846922009580632,-187.68439158020175,14.062237999999999,35155595,ok,right
0,809,1,6,0.07680000000000001,1.0,0.3333333333333333,5.0,0.4795708591118455,0.14128847723686108,2.314370076311913,1.4796398397089496,0.523876715815797,-4.409221188302213,14.0862284,35215571,ok,right
0,378,1,6,0.07680000000000001,1.0,0.3333333333333333,5.0,0.5544254489243031,0.6061706172813868,0.9776383278633608,1.5554321018290809,-0.00010093160695374799,-42.902174928327256,14.1232148,35308037,ok,right
0,708,1,6,0.07680000000000001,1.0,0.3333333333333333,5.0,0.4487681830301881,-1.0770539620582975,0.7961202337861459,1.4491343327078796,0.03108536796195044,-111.24988950788396,14.132498799999999,35331247,ok,right
0,137,1,6,0.07680000000000001,1.0,0.3333333333333333,5.0,0.3756998311728239,-1.0913915623667645,4.990104825210066,1.3761195447395014,0.25240265024577857,20.003623568479863,14.1386892,35346723,ok,right
0,900,1,6,0.07680000000000001,1.0,0.3333333333333333,5.0,0.5250319097191095,0.6129362781668642,2.9831213753221073,1.5250715649849997,-0.07752249209899979,-23.15476287875865,14.1390712,35347678,ok,right
0,633,1,6,0.07680000000000001,1.0,0.3333333333333333,5.0,0.22406088821589948,-1.5378511838858722,1.1099771040302977,1.2241348848268179,-0.1038514267183045,-9.74382130380832,14.1458964,35364741,ok,right
0,17,1,6,0.07680000000000001,1.0,0.3333333333333333,5.0,0.33564145602285866,-1.7081397810538952,5.164657286054983,1.3358011753698484,-0.011000077046726025,8.725055093731882,14.169448399999999,35423621,ok,right
0,936,1,6,0.07680000000000001,1.0,0.3333333333333333,5.0,-0.07344987224787473,0.04366638973640532,1.2588055431493133,0.9285407280440419,-0.11462395664950027,46.78153117611102,14.189279599999999,35473199,ok,right
0,895,1,6,0.07680000000000001,1.0,0.3333333333333333,5.0,0.22947516646236182,1.2569493890842958,1.532349887312086,1.2294859297606773,-0.3450786934831305,-86.30358009277701,14.210433199999999,35526083,ok,right
0,195,1,6,0.07680000000000001,1.0,0.3333333333333333,5.0,0.36058390438556676,1.1751778285826688,5.7631497616345975,1.3608696069038937,0.19053116865917638,69.10691293288723,14.227274,35568185,ok,right
0,750,1,6,0.07680000000000001,1.0,0.3333333333333333,5.0,0.29381756484508514,-1.286995411393431,2.565662043791021,1.293835296937757,-0.1958566121135685,-36.533014684299985,14.243658,35609145,ok,right
0,352,1,6,0.07680000000000001,1.0,0.3333333333333333,5.0,-0.06316816024482251,0.40004836072546773,5.820524374420374,0.9376772592996565,-0.023998758202509303,-16.607967117481333,14.298676799999999,35746692,ok,right
0,737,1,6,0.07680000000000001,1.0,0.3333333333333333,5.0,0.6147253010421991,-0.619455189030824,2.6125267795296607,1.6150529083559368,-0.3697703896874548,141.2024671677384,14.424278399999999,36060696,ok,right
0,133,1,6,0.07680000000000001,1.0,0.3333333333333333,5.0,0.6754238981753589,-0.18283417806915273,3.975456478107992,1.675601008431891,-0.04193575671106348,-252.35390634372988,14.5189048,36297262,ok,right
0,543,1,6,0.07680000000000001,1.0,0.3333333333333333,5.0,0.29495724327862266,0.6301780371008538,2.2442072027523166,1.2950839775405132,0.06011630512512769,6.992205371689337,14.578137199999999,36445343,ok,right
0,338,1,6,0.07680000000000001,1.0,0.3333333333333333,5.0,0.175068567879498,-0.2741597180964565,0.2586791390930283,1.17509274357842,-0.4189370466431321,77.87356282114268,14.580073599999999,36450184,ok,right
0,722,1,6,0.07680000000000001,1.0,0.3333333333333333,5.0,0.17091055642813446,0.7000048545792752,2.97507776164474,1.170941385552361,-0.05706483707468398,-71.95001683071267,14.5876448,36469112,ok,right
0,821,1,6,0.07680000000000001,1.0,0.3333333333333333,5.0,0.46179227959364655,1.1831792125489136,5.282319716950373,1.4619047629365252,-0.27023434232243543,102.94080958920738,14.6361432,36590358,ok,right
0,731,1,6,0.07680000000000001,1.0,0.3333333333333333,5.0,0.23410942833870652,-0.5081966145696412,1.7305981480736108,1.2341167887217754,-0.4848630518196323,15.381024782507978,14.658984799999999,36647462,ok,right
0,58,1,6,0.07680000000000001,1.0,0.3333333333333333,5.0,0.25329110585153103,0.5426811004155323,1.666005684738245,1.2538136706405707,0.09724257284008302,131.47458324338174,14.7251952,36812988,ok,right
0,943,1,6,0.07680000000000001,1.0,0.3333333333333333,5.0,0.6202936103567481,-0.2187725567533476,3.685323090579262,1.6208887727858088,-0.3437622792142946,37.809876859585614,14.750024,36875060,ok,right
0,67,1,6,0.07680000000000001,1.0,0.3333333333333333,5.0,0.6265508845448494,0.5561651611335027,0.003230421554310059,-0.3734673745836415,-0.06070465786849969,247.55437132161,14.851948,37129870,ok,left
0,829,1,6,0.07680000000000001,1.0,0.3333333333333333,5.0,0.09052843935787679,-0.051186249212284755,2.004847444663339,1.0908770004184491,-0.18417603225847157,-179.68292126492523,14.848647999999999,37121620,ok,right
0,132,1,6,0.07680000000000001,1.0,0.3333333333333333,5.0,0.5985508307814599,-0.08743735069395127,3.833739086278354,1.5989547106899318,0.5133636113935562,-162.93987217741957,14.860969599999999,37152424,ok,right
0,169,1,6,0.07680000000000001,1.0,0.3333333333333333,5.0,0.42399159613996745,0.3994184922225328,6.045571511096934,1.4246083443030357,-0.7006657084871875,-66.38819800618569,14.8648932,37162233,ok,right
0,991,1,6,0.07680000000000001,1.0,0.3333333333333333,5.0,0.5197207497432829,0.31985977748832506,2.431039784164975,1.5202967203687543,-0.9856789787752497,-149.6946313363504,14.874188,37185470,ok,right
0,752,1,6,0.07680000000000001,1.0,0.3333333333333333,5.0,-0.014706887863576414,-0.553345309245471,1.3913517801178255,0.985726515069157,0.01689099323515023,-175.60628823357123,14.8783172,37195793,ok,right
0,161,1,6,0.07680000000000001,1.0,0.3333333333333333,5.0,0.5270195784047246,-0.9752961753518828,0.5715474746293131,1.5278153072343033,-0.03996259009823092,115.43037437734182,14.890518,37226295,ok,right
0,983,1,6,0.07680000000000001,1.0,0.3333333333333333,5.0,0.5716185769066214,-0.32639460065448384,3.433657384103854,1.5716778782165255,0.632329916772245,-86.8207361226095,14.9152328,37288082,ok,right
0,506,1,6,0.07680000000000001,1.0,0.3333333333333333,5.0,0.15684228315949442,-1.5741359453469876,5.023983082089735,1.1572643838026089,0.010573795776673379,71.12913285941522,14.9260504,37315126,ok,right
0,456,1,6,0.07680000000000001,1.0,0.3333333333333333,5.0,0.527898914553225,-0.33833685453156986,2.989196401582764,1.528151947300388,0.04006727834367177,63.006530100174245,14.9283948,37320987,ok,right
0,978,1,6,0.07680000000000001,1.0,0.3333333333333333,5.0,0.5594973040744663,-0.6041968625443915,0.06253720679996738,1.5601035286687102,0.44615517085086376,1.7749089622709615,14.9568456,37392114,ok,right
0,13,1,6,0.07680000000000001,1.0,0.3333333333333333,5.0,0.37933082655072214,1.4597908008100169,1.3374417289249463,1.379360328155711,-0.279121816119103,74.94646033352775,14.9801352,37450338,ok,right
0,304,1,6,0.07680000000000001,1.0,0.3333333333333333,5.0,0.24505148977041247,-0.2435452396228543,3.513842334917481,1.2454725825952313,-0.47923692099251786,-16.300392487619572,15.096151599999999,37740379,ok,right
0,961,1,6,0.07680000000000001,1.0,0.3333333333333333,5.0,-0.05622072629630566,0.24976779268692126,6.2222060671723325,0.9438586755198283,0.07807993107770211,-44.90082423900615,15.1310392,37827598,ok,right
0,749,1,6,0.07680000000000001,1.0,0.3333333333333333,5.0,-0.09491251669824124,-0.019429370141898068,2.5004525625715264,0.9054199286406753,-0.04998094993800647,62.461261803513466,15.1523816,37880954,ok,right
0,398,1,6,0.07680000000000001,1.0,0.3333333333333333,5.0,0.679686151444912,-0.10499615428424645,5.430061992060583,1.6799637419645164,0.051617387045929,57.688989127357935,15.161515999999999,37903790,ok,right
0,211,1,6,0.07680000000000001,1.0,0.3333333333333333,5.0,0.5653704911470413,0.03900153989463184,3.2073800825402734,1.5661625532165873,-0.6650198994671138,-137.99123303133803,15.190453199999999,37976133,ok,right
0,455,1,6,0.07680000000000001,1.0,0.3333333333333333,5.0,-0.09212983939796687,-0.21356460930948204,4.693461949620744,0.9081627903562246,0.05234022734157071,-155.35081536389984,15.1892684,37973171,ok,right
0,222,1,6,0.07680000000000001,1.0,0.3333333333333333,5.0,0.22077129017561675,2.0683175446667166,0.21764725376744926,1.2208735400229591,-0.19365952908468892,145.46545851468986,15.2880772,38220193,ok,right
0,843,1,6,0.07680000000000001,1.0,0.3333333333333333,5.0,0.6316121328622103,-0.25933857147325773,4.9235797315214604,1.632475566819239,0.0840038701088058,-48.269898057670325,15.3395376,38348844,ok,right
0,361,1,6,0.07680000000000001,1.0,0.3333333333333333,5.0,0.5010434720665217,-0.03847168660553349,1.8182684835064107,1.5013165528074757,0.18501394600373233,21.92970806193128,15.384239599999999,38460599,ok,right
0,879,1,6,0.07680000000000001,1.0,0.3333333333333333,5.0,0.6708773195743561,0.06682262150201342,3.7962308044564326,1.6715078238162369,0.3241206090512068,-161.1943402657242,15.4019268,38504817,ok,right
0,682,1,6,0.07680000000000001,1.0,0.3333333333333333,5.0,0.6184199938550592,-0.1473222403894675,4.026397907177273,1.6188517718631361,-0.40601367795105814,5.810929912813343,15.445405999999998,38613515,ok,right
0,324,1,6,0.07680000000000001,1.0,0.3333333333333333,5.0,-0.060125062055885796,0.25311920271035204,0.3134731775532397,0.9403100095753928,0.08377576957167861,129.34123096238037,15.4787292,38696823,ok,right
0,428,1,6,0.07680000000000001,1.0,0.3333333333333333,5.0,0.5122851913794876,-0.5910218237324769,5.361226043715606,1.5131346257697345,0.09990628603151896,-73.73112039657191,15.4824076,38706019,ok,right
0,573,1,6,0.07680000000000001,1.0,0.3333333333333333,5.0,-0.055675088055431844,0.32372986807740983,5.750102017229385,0.944723591020825,0.04741415500495527,-66.30574045250822,15.481098,38702745,ok,right
0,399,1,6,0.07680000000000001,1.0,0.3333333333333333,5.0,0.42654124125838283,0.6134454896761983,5.92193235764706,1.427179357866075,0.1522957397780782,51.00946625424056,15.508028399999999,38770071,ok,right
0,638,1,6,0.07680000000000001,1.0,0.3333333333333333,5.0,0.6613439071923495,0.09668328969008681,5.009393888699842,1.6614159651759741,0.24702357088130494,-60.754214244330115,15.5682312,38920578,ok,right
0,975,1,6,0.07680000000000001,1.0,0.3333333333333333,5.0,0.04504872094839812,-0.38379903481999833,2.668883906458781,1.0458873450321309,0.06372622316129017,-151.34545161158857,15.578129599999999,38945324,ok,right
0,997,1,6,0.07680000000000001,1.0,0.3333333333333333,5.0,0.6522075979039074,-0.27278829047240644,3.5055651020003635,1.6528001545192115,-0.37530382390954053,-14.162190938759762,15.747788,39369470,ok,right
0,380,1,6,0.07680000000000001,1.0,0.3333333333333333,5.0,0.10801477748900652,-0.5181897706848239,0.12317097138821213,1.1081098257954118,0.2297978691763435,89.57710880071623,15.807069199999999,39517673,ok,right
0,916,1,6,0.07680000000000001,1.0,0.3333333333333333,5.0,0.30630955547094346,1.3849534041850058,2.0492423036245544,1.3063925019738138,-0.1969957784324834,96.11346822312574,15.812752,39531880,ok,right
0,371,1,6,0.07680000000000001,1.0,0.3333333333333333,5.0,0.5991706194356085,0.39698653214248886,5.2224496204691135,1.5993931211057786,0.6471877227982752,-29.94415778114477,15.860524799999999,39651312,ok,right
0,285,1,6,0.07680000000000001,1.0,0.3333333333333333,5.0,0.3715122863650322,-1.2193610307723455,0.27355772986319804,1.3728144159892954,-0.3408556754783948,-21.370046654426226,15.8697912,39674478,ok,right
0,237,1,6,0.07680000000000001,1.0,0.3333333333333333,5.0,0.15231765601783992,1.1764565008470922,1.7915509853353704,1.152389690394002,0.29872029564466906,-11.566610223753354,15.895952399999999,39739881,ok,right
0,70,1,6,0.07680000000000001,1.0,0.3333333333333333,5.0,0.3651574892923236,0.18807169269540713,1.5762335646605354,1.3654651451724213,-0.2692678479280751,32.284401498808826,15.920530399999999,39801326,ok,right
0,234,1,6,0.07680000000000001,1.0,0.3333333333333333,5.0,0.636811693571508,0.1690683519777077,0.8910649747185622,1.6372005929233708,-0.3660031530785638,53.43296569146691,15.9288192,39822048,ok,right
0,129,1,6,0.07680000000000001,1.0,0.3333333333333333,5.0,0.27566140685230495,-0.25301826813185985,0.6476172090905188,1.2758855359155763,0.2537779274612756,126.41997923811866,15.9460476,39865119,ok,right
0,474,1,6,0.07680000000000001,1.0,0.3333333333333333,5.0,0.07022370584309101,1.6232001899348185,4.589719732843861,1.0706377698985692,-0.06870596398444993,-37.366745119611615,15.960688399999999,39901721,ok,right
0,363,1,6,0.07680000000000001,1.0,0.3333333333333333,5.0,-0.0018389400094747544,0.1561405267181507,0.7409173740911749,0.9982860947644389,-0.004892736666704589,15.797515896695362,16.0931256,40232814,ok,right
0,894,1,6,0.07680000000000001,1.0,0.3333333333333333,5.0,0.21773321852087976,-1.1136597202662324,0.9495944296652924,1.2179433335321073,0.079687640015529,53.01931529590257,16.1063704,40265926,ok,right
0,728,1,6,0.07680000000000001,1.0,0.3333333333333333,5.0,-0.03264209181070328,0.4734715896921807,2.427697083648081,0.9680931676946823,-0.08744830616895964,1.1098630844351094,16.126824799999998,40317062,ok,right
0,199,1,6,0.07680000000000001,1.0,0.3333333333333333,5.0,0.15899821184575558,1.18936644497552,1.0772495916780431,1.1594552095441932,0.0764475866713405,26.85515442806084,16.2032548,40508137,ok,right
0,340,1,6,0.07680000000000001,1.0,0.3333333333333333,5.0,0.3689172487705946,-0.29642466039642235,1.7784463641381538,1.3693884158016871,-0.11212221453848177,-17.732988386903326,16.257362,40643405,ok,right
0,362,1,6,0.07680000000000001,1.0,0.3333333333333333,5.0,0.5440685622394085,0.5385768602404588,1.7750886365267498,1.5442619275691958,0.08065546038738781,-17.109041373491817,16.3875392,40968848,ok,right
0,689,1,6,0.07680000000000001,1.0,0.3333333333333333,5.0,0.22805795744061472,0.4682479199753712,1.304585588037654,1.2281323730236349,0.15420383784141603,0.6284950458479417,16.4186128,41046532,ok,right
0,539,1,6,0.07680000000000001,1.0,0.3333333333333333,5.0,0.3355522440746427,-1.06743095660446,6.217653174988955,1.3362057454361267,-0.10665446421855215,14.805146731503164,16.475116,41187790,ok,right
0,818,1,6,0.07680000000000001,1.0,0.3333333333333333,5.0,0.1587356634438038,1.7246475119197948,1.7107183465600821,1.1593506607935393,0.06664758961046871,-47.960720969263825,16.492828799999998,41232072,ok,right
0,914,1,6,0.07680000000000001,1.0,0.3333333333333333,5.0,0.5843326831236482,-0.09337536234744005,3.315911278683084,1.584776011893183,-0.5841110112051096,55.283842141128524,16.5480028,41370007,ok,right
0,660,1,6,0.07680000000000001,1.0,0.3333333333333333,5.0,0.37192746214568617,0.43110572992201246,5.099349524536005,1.37263591921433,0.3272989714969296,25.888966923351017,16.552038,41380095,ok,right
0,591,1,6,0.07680000000000001,1.0,0.3333333333333333,5.0,0.20827532056719067,-2.0192353258124176,2.163059574307873,1.2084745366826886,0.15534814266614272,-81.04303303620077,16.631054799999998,41577637,ok,right
0,951,1,6,0.07680000000000001,1.0,0.3333333333333333,5.0,0.32682835534214977,0.8574248527013351,3.338462068711148,1.3269781351301704,0.013052793942478035,147.58786338331504,16.661725999999998,41654315,ok,right
0,958,1,6,0.07680000000000001,1.0,0.3333333333333333,5.0,0.6006051627919078,0.686960226420565,2.3079982151954646,1.6011085361952146,0.17765942255544453,-68.81814199321909,16.675058399999998,41687646,ok,right
0,988,1,6,0.07680000000000001,1.0,0.3333333333333333,5.0,0.5412680773064494,0.6983941868108751,4.987299562759625,1.5422516030726454,-0.28244356478370053,-139.58518202032357,16.6771268,41692817,ok,right
0,429,1,6,0.07680000000000001,1.0,0.3333333333333333,5.0,0.1540917670354247,0.14835325042032638,2.5427172387220773,1.1543878124147644,0.12685097575872886,-18.423107237738567,16.7087464,41771866,ok,right
0,875,1,6,0.07680000000000001,1.0,0.3333333333333333,5.0,-0.0030105359852314,0.7006393251474299,5.932611924413883,0.9976547447822388,-0.0897375153887974,101.15508073455146,16.769498,41923745,ok,right
0,502,1,6,0.07680000000000001,1.0,0.3333333333333333,5.0,0.5173757653683424,-0.5352772351061795,0.7668117277577997,1.5173853632057301,-0.14031214605215958,101.70259381590215,16.7777016,41944254,ok,right
0,204,1,6,0.07680000000000001,1.0,0.3333333333333333,5.0,0.5987529139965773,0.719473701994327,5.987657909551541,1.5989726565233193,-0.3804071209260855,127.99082101937262,16.7827676,41956919,ok,right
0,454,1,6,0.07680000000000001,1.0,0.3333333333333333,5.0,0.04027807600796223,-1.0484776334842008,0.0009505939274812455,1.0403270754872027,0.09471049608219291,211.0350404318989,16.7968048,41992012,ok,right
0,396,1,6,0.07680000000000001,1.0,0.3333333333333333,5.0,0.3449272729456425,-0.22183338567471547,1.9345281646802155,1.3450481950232023,-0.011161405921280594,89.78432776748558,16.8043612,42010903,ok,right
0,925,1,6,0.07680000000000001,1.0,0.3333333333333333,5.0,0.17394771929830313,-0.22231047885044075,1.2794011124431572,1.174312042378081,0.04292244862879597,-152.33101918109105,16.8155028,42038757,ok,right
0,360,1,6,0.07680000000000001,1.0,0.3333333333333333,5.0,0.12250917535275221,1.5341505209251616,5.932284470682692,1.1226309388314142,0.2176505452913424,-48.45964809769925,16.823453999999998,42058635,ok,right
0,575,1,6,0.07680000000000001,1.0,0.3333333333333333,5.0,-0.04606865886598826,-0.5708896824817836,3.9066978479093395,0.9540464840776527,-0.008189103670123878,-31.937395851915735,16.8860516,42215129,ok,right
0,584,1,6,0.07680000000000001,1.0,0.3333333333333333,5.0,-0.024075801111757757,-0.6216454429192654,0.3859780132592459,0.9763481623562538,0.05801808342553772,176.33743917814243,16.9025548,42256387,ok,right
0,252,1,6,0.07680000000000001,1.0,0.3333333333333333,5.0,0.24156282357871534,0.29950519211289117,2.3671504036472593,1.2415796681768607,0.11239785086324527,-110.2001187668797,16.9095472,42273868,ok,right
0,270,1,6,0.07680000000000001,1.0,0.3333333333333333,5.0,-0.012291168794035912,0.5191814306193892,0.3364085380230637,0.9877455236255692,-0.023277385324407807,68.86701762889435,17.0478096,42619524,ok,right
0,425,1,6,0.07680000000000001,1.0,0.3333333333333333,5.0,0.10034455507993699,0.14444328670527165,3.120835042711981,1.100606728431857,-0.011073573164344812,-92.96398286342924,17.0537192,42634298,ok,right
0,726,1,6,0.07680000000000001,1.0,0.3333333333333333,5.0,0.5906212395057082,-0.16929909782563343,5.1064919455665105,1.5912986236413365,-0.33342954846742434,141.48309217780292,17.1550872,42887718,ok,right
0,748,1,6,0.07680000000000001,1.0,0.3333333333333333,5.0,0.13559311386197806,-0.5329923851314078,0.003932758283739668,1.1356484761056764,0.03510389877472848,-85.00137975665913,17.1636092,42909023,ok,right
0,33,1,6,0.07680000000000001,1.0,0.3333333333333333,5.0,0.17017172481864692,-2.156187152077015,2.5718712167137103,1.1702187461230653,-0.022438869925571633,-37.911706530843425,17.2214536,43053634,ok,right
0,307,1,6,0.07680000000000001,1.0,0.3333333333333333,5.0,0.12387701552361251,-1.976262797788805,2.877742315598431,1.125035889076156,-0.027683843388448693,172.32115399887044,17.224953199999998,43062383,ok,right
0,279,1,6,0.07680000000000001,1.0,0.3333333333333333,5.0,0.671072119474411,-0.2826453495019919,2.3606975056467276,1.6711339991556773,-0.1823042137622953,-80.45493374463828,17.2412952,43103238,ok,right
0,450,1,6,0.07680000000000001,1.0,0.3333333333333333,5.0,0.11562881451100111,0.7997108001169078,3.050547367611042,1.1168671257361185,0.03376640407125149,159.67233721438296,17.247322399999998,43118306,ok,right
0,261,1,6,0.07680000000000001,1.0,0.3333333333333333,5.0,0.4191267650574446,0.8484385841272601,2.4404800252517656,1.4191555767883957,-0.08734647079421382,-187.27938782138548,17.2782388,43195597,ok,right
0,675,1,6,0.07680000000000001,1.0,0.3333333333333333,5.0,-0.039929027669131756,0.05582281990901964,4.3487923731837,0.9601454415411941,-0.038877817231511645,-75.52687366764826,17.350775199999998,43376938,ok,right
0,876,1,6,0.07680000000000001,1.0,0.3333333333333333,5.0,0.4640606062486768,-0.41680102668594077,1.137144028190306,1.4645104196823364,0.0858042290517589,132.6590996720418,17.3898236,43474559,ok,right
0,138,1,6,0.07680000000000001,1.0,0.3333333333333333,5.0,0.08802970964461565,-0.5873139213119103,5.115751713764452,1.088645736112255,-0.3402910465571241,64.15081491989993,17.4331548,43582887,ok,right
0,434,1,6,0.07680000000000001,1.0,0.3333333333333333,5.0,0.08340892083942891,1.568016536982697,4.510222836290455,1.083752872229954,-0.21294894769922806,39.53107704025371,17.434476,43586190,ok,right
0,194,1,6,0.07680000000000001,1.0,0.3333333333333333,5.0,0.18118469323962927,-1.9609525927318405,4.738236547005304,1.1813230143021232,-0.21971270802434,-22.272940146048334,17.4868116,43717029,ok,right
0,55,1,6,0.07680000000000001,1.0,0.3333333333333333,5.0,0.29477326180785896,0.256991883448026,3.602488815604935,1.295021129803395,0.19314051917146285,-128.1893017006316,17.500784,43751960,ok,right
0,22,1,6,0.07680000000000001,1.0,0.3333333333333333,5.0,0.24423414319753647,1.0191823351589315,4.748539627415672,1.2443035873170516,-0.17903517673008731,-12.010875243384813,17.518129599999998,43795324,ok,right
0,482,1,6,0.07680000000000001,1.0,0.3333333333333333,5.0,0.19800612591207029,1.5304727860686167,3.6754110130614475,1.1982154743726439,-0.5905378659248164,-116.90254543027102,17.635976799999998,44089942,ok,right
0,421,1,6,0.07680000000000001,1.0,0.3333333333333333,5.0,0.04723076522350311,0.8422288103001823,5.125418571102148,1.0479036847493948,-0.2679104360489295,-49.92182007051964,17.7114792,44278698,ok,right
0,824,1,6,0.07680000000000001,1.0,0.3333333333333333,5.0,-0.06817115359008312,0.019244543704287027,3.4100157063045065,0.9318472453990257,-0.03240163269626593,52.50767337817728,17.721522399999998,44303806,ok,right
0,854,1,6,0.07680000000000001,1.0,0.3333333333333333,5.0,0.48880050349980597,0.5050568082672346,0.8116652481098173,1.4889637547546801,-0.7213804042173282,-44.74598063921907,17.7839024,44459756,ok,right
0,328,1,6,0.07680000000000001,1.0,0.3333333333333333,5.0,-0.09298354890197516,-0.22325445048233897,0.7437400979318101,0.9070262908105643,0.077653903844006,-54.46301500821756,17.7841696,44460424,ok,right
0,852,1,6,0.07680000000000001,1.0,0.3333333333333333,5.0,0.15054280273616316,-1.03923112972921,5.127096504491951,1.1511096989424838,0.10818149146229054,71.39074160251383,17.886949599999998,44717374,ok,right
0,653,1,6,0.07680000000000001,1.0,0.3333333333333333,5.0,-0.07007268462330103,0.3947983125439277,2.150928940561143,0.9300389615118382,-0.00620361359382257,-23.61103264878031,17.9412168,44853042,ok,right
0,993,1,6,0.07680000000000001,1.0,0.3333333333333333,5.0,0.25504320934414865,0.2512574138792443,3.2550933912253828,1.2552727729983584,0.28755105445216866,0.8076877039592676,17.9871256,44967814,ok,right
0,790,1,6,0.07680000000000001,1.0,0.3333333333333333,5.0,0.307504883222282,-1.8455442644068423,4.657997915875675,1.3075451894197705,-0.1714426829812114,-228.43351262381003,17.9955848,44988962,ok,right
0,807,1,6,0.07680000000000001,1.0,0.3333333333333333,5.0,0.41932020112872126,-0.8420278948753354,0.2204709241160818,1.4201356254787572,-0.33316938239390465,89.07198857502226,18.0322036,45080509,ok,right
0,641,1,6,0.07680000000000001,1.0,0.3333333333333333,5.0,0.10219101086258889,1.007707278257494,1.4555029322708093,2.6751381035675434,-0.34357833796782544,-69.0515758766994,18.0478728,45119682,ok,right
0,816,1,6,0.07680000000000001,1.0,0.3333333333333333,5.0,0.5157690588384867,0.2690843012462233,0.5965528568667098,1.5168323125831824,-0.04680907351914067,13.058633075790988,18.100372,45250930,ok,right
0,225,1,6,0.07680000000000001,1.0,0.3333333333333333,5.0,0.66916773468256,-0.10511124133384243,3.7166494682714912,1.6692658137432155,0.2932173828744106,114.28282146555563,18.205016399999998,45512541,ok,right
0,922,1,6,0.07680000000000001,1.0,0.3333333333333333,5.0,-0.028188511542975903,0.20313130547477146,5.060666319076656,0.9718741605883949,0.10355241336839593,-168.7099525794318,18.2429916,45607479,ok,right
0,438,1,6,0.07680000000000001,1.0,0.3333333333333333,5.0,0.20005850791931154,0.8481912168311438,2.127962709594011,1.2003758342425754,-0.5665127274324417,39.20632390152443,18.2599824,45649956,ok,right
0,170,1,6,0.07680000000000001,1.0,0.3333333333333333,5.0,0.2916115365922451,0.008829946943992879,2.742160939084174,1.2921963803755765,-0.2698697058921637,-3.5969565847547216,18.3169632,45792408,ok,right
0,547,1,6,0.07680000000000001,1.0,0.3333333333333333,5.0,0.5740066189318895,-0.42576699347221625,2.3609246426964687,1.5740870560753153,-0.650170185941467,-37.253349603107225,18.4236348,46059087,ok,right
0,498,1,6,0.07680000000000001,1.0,0.3333333333333333,5.0,0.5576091649010778,0.04736765623993748,2.067221723350982,1.558836144418481,-0.3265716382146351,34.091161648633395,18.575421199999997,46438553,ok,right
0,427,1,6,0.07680000000000001,1.0,0.3333333333333333,5.0,-0.05021195989102126,0.29153482999921604,3.823953331736684,0.9498404376217087,-0.15628790812073196,71.90272713294327,18.593804,46484510,ok,right
0,901,1,6,0.07680000000000001,1.0,0.3333333333333333,5.0,0.3124564062803984,1.8106040493861917,2.900556221683478,1.3134249387519645,-0.005397169667161507,78.10176171446359,18.6122248,46530562,ok,right
0,562,1,6,0.07680000000000001,1.0,0.3333333333333333,5.0,0.07685774601995946,0.7939137627312415,5.360796293974803,1.077094782627057,-0.0037738652413762275,40.509524386301905,18.6962732,46740683,ok,right
0,449,1,6,0.07680000000000001,1.0,0.3333333333333333,5.0,0.16268416866660118,-0.4760700569992588,3.742299451713401,1.1628453054420809,0.05094915689610908,113.44365937371366,18.758824399999998,46897061,ok,right
0,835,1,6,0.07680000000000001,1.0,0.3333333333333333,5.0,0.5972497360780835,0.2037995980594417,0.6882392286578296,1.597265618057716,0.5359924183176675,-189.2716100263768,18.80461,47011525,ok,right
0,158,1,6,0.07680000000000001,1.0,0.3333333333333333,5.0,0.213820268958807,-0.7537478949448785,0.3708428646938428,1.2140909204110308,-0.036795977989471776,-68.89666425078332,18.904685999999998,47261715,ok,right
0,164,1,6,0.07680000000000001,1.0,0.3333333333333333,5.0,0.6280883882194758,0.5246617539443558,1.3996996354052198,1.6282381677663325,0.550897383889122,240.73873122935328,18.9292372,47323093,ok,right
0,154,1,6,0.07680000000000001,1.0,0.3333333333333333,5.0,0.6821541873738171,-0.1364098208282367,3.088929367015379,1.6822766946247585,-0.3361779929739634,95.6278110697796,18.937278799999998,47343197,ok,right
0,974,1,6,0.07680000000000001,1.0,0.3333333333333333,5.0,-0.09433233682066203,0.17909093912219035,2.801840058924776,0.9058346865656342,0.052670340077616055,2.9237966232290957,18.9710128,47427532,ok,right
0,446,1,6,0.07680000000000001,1.0,0.3333333333333333,5.0,0.14208204187452794,1.886881767247839,5.105419018040487,1.1422062573723137,-0.2001982823111347,-30.050188641665766,19.0044224,47511056,ok,right
0,405,1,6,0.07680000000000001,1.0,0.3333333333333333,5.0,0.34202039744704965,0.8145844487119159,1.963061024228344,1.3427436732061113,0.15035604724798388,-143.65777243036814,19.0295196,47573799,ok,right
0,346,1,6,0.07680000000000001,1.0,0.3333333333333333,5.0,0.3663064541295171,-0.7818477824273985,1.8638357703668111,1.3676454669041913,0.0610899191404967,90.13956810853563,19.0863388,47715847,ok,right
0,691,1,6,0.07680000000000001,1.0,0.3333333333333333,5.0,0.165054757706821,0.821131867270195,4.565488617554934,1.1652804302148927,-0.10825715297179647,-67.99204083021831,19.084193199999998,47710483,ok,right
0,56,1,6,0.07680000000000001,1.0,0.3333333333333333,5.0,0.6632836226373912,0.2769414252340661,6.181009192482855,1.6643270893071598,-0.21188313511603082,107.094149410068,19.0970576,47742644,ok,right
0,118,1,6,0.07680000000000001,1.0,0.3333333333333333,5.0,0.024779492616653444,0.10633529095972588,4.065017033898914,1.0248033835435237,-0.18337849845062215,-73.93122460123365,19.1284536,47821134,ok,right
0,166,1,6,0.07680000000000001,1.0,0.3333333333333333,5.0,0.27731140349060296,-0.21178237283392898,0.180634962616959,1.2773562227949549,-0.24781262633200174,138.53984291285636,19.3706468,48426617,ok,right
0,242,1,6,0.07680000000000001,1.0,0.3333333333333333,5.0,0.06579258106648922,-1.1382790862291268,4.360328550168919,1.0676345226738224,0.3610139622062674,-69.00034849290878,19.52563,48814075,ok,right
0,393,1,6,0.07680000000000001,1.0,0.3333333333333333,5.0,0.014208259619772436,-0.28388208084561256,2.5407551671424917,1.0145964651925963,-0.16667976018874692,9.208460481391349,19.592392399999998,48980981,ok,right
0,646,1,6,0.07680000000000001,1.0,0.3333333333333333,5.0,0.5178396996110678,0.06382259470546746,6.256957870473001,1.5179831375965682,-0.5328783396190481,166.09848000448417,19.629354799999998,49073387,ok,right
0,23,1,6,0.07680000000000001,1.0,0.3333333333333333,5.0,-0.020399767719209195,0.061199104127727375,4.772114817051235,0.9796286214489766,-0.004375104628488599,36.73350264869919,19.6500676,49125169,ok,right
0,62,1,6,0.07680000000000001,1.0,0.3333333333333333,5.0,0.09348240587860346,-1.7399604855003656,5.291027303793459,1.095050041537659,-0.2547257746963571,-11.356039635785494,19.7191516,49297879,ok,right
0,871,1,6,0.07680000000000001,1.0,0.3333333333333333,5.0,0.43509230837225915,-0.4223582636076304,0.018137379768954826,1.4351865438700835,-0.11956857061339475,106.66151831045826,19.73066,49326650,ok,right
0,678,1,6,0.07680000000000001,1.0,0.3333333333333333,5.0,-0.040869913063943386,0.14092166043249896,4.072419801682478,0.9591625521672744,0.04459107238581865,71.43259170876935,19.7345224,49336306,ok,right
0,621,1,6,0.07680000000000001,1.0,0.3333333333333333,5.0,0.3177338413894177,0.9165539070542186,3.4584700956414567,1.3177451297354748,-0.26660543483526183,-73.80627850199548,19.777458,49443645,ok,right
0,31,1,6,0.07680000000000001,1.0,0.3333333333333333,5.0,0.19978891499340534,-1.2912405675595333,3.211612057310438,1.2008975729990161,0.15018362852391204,-31.483074700239325,19.8531476,49632869,ok,right
0,645,1,6,0.07680000000000001,1.0,0.3333333333333333,5.0,0.40733618494123225,0.5494676580446612,5.714726444677651,1.407367369757905,-0.8926914446296478,-60.22902214100687,19.8816752,49704188,ok,right
0,536,1,6,0.07680000000000001,1.0,0.3333333333333333,5.0,0.6199458392336965,-0.36825101446673253,0.2603121916190781,1.620067705393992,-0.11200389903265986,145.24826728285737,19.8906672,49726668,ok,right
0,28,1,6,0.07680000000000001,1.0,0.3333333333333333,5.0,0.4969356535002589,-0.19372595032233847,3.196019653218507,1.4969733910628018,-0.04782752903147861,131.6378759759369,19.912233999999998,49780585,ok,right
0,780,1,6,0.07680000000000001,1.0,0.3333333333333333,5.0,0.6217906149104238,-0.4059029493840171,0.7512639368156139,1.6218543987000476,-0.02549593623320487,120.30153735501096,19.921028,49802570,ok,right
0,201,1,6,0.07680000000000001,1.0,0.3333333333333333,5.0,0.2488281397148967,0.0900125458401067,4.221045250677569,1.249966356257604,-0.4104572897542068,-11.403579389505015,19.9286572,49821643,ok,right
0,32,1,6,0.07680000000000001,1.0,0.3333333333333333,5.0,0.15659093279391528,-0.26632595546425,0.19791836395714163,1.1567748527796597,-0.12569013820405883,-98.48198094214993,20.0122516,50030629,ok,right
0,629,1,6,0.07680000000000001,1.0,0.3333333333333333,5.0,0.5727298887446522,0.0862686045742113,5.433779160106981,1.5727845200787636,-0.2485830674047805,151.65024840336864,20.0172876,50043219,ok,right
0,560,1,6,0.07680000000000001,1.0,0.3333333333333333,5.0,0.6078706815838815,-0.2642106308221823,6.114661517110148,1.608602775651575,0.13095740653342586,191.94079290064425,20.0331716,50082929,ok,right
0,823,1,6,0.07680000000000001,1.0,0.3333333333333333,5.0,0.49944545663893225,0.7435139610328179,2.6267097381239584,1.5002350075621034,-0.2300771389992682,79.62776026076206,20.1209184,50302296,ok,right
0,830,1,6,0.07680000000000001,1.0,0.3333333333333333,5.0,0.6144458644092083,0.6427983691254301,4.686500740252718,1.614823418146178,0.42996017347086657,71.76164211997899,20.1736048,50434012,ok,right
0,795,1,6,0.07680000000000001,1.0,0.3333333333333333,5.0,0.44898108877241616,0.47469614100730256,1.1907319696917378,1.4493309273501662,0.6933328694770523,-31.62424850087853,20.1923528,50480882,ok,right
0,636,1,6,0.07680000000000001,1.0,0.3333333333333333,5.0,0.5700089879333973,-0.0862317096260181,4.373497658257988,1.5701497557826896,-0.21708682514796604,-21.781801092814437,20.2207076,50551769,ok,right
0,308,1,6,0.07680000000000001,1.0,0.3333333333333333,5.0,0.6087730674073101,-0.2740536637873073,1.6860104150669888,1.6089688983412265,0.04039696110031693,-193.31365964188177,20.3871236,50967809,ok,right
0,115,1,6,0.07680000000000001,1.0,0.3333333333333333,5.0,0.23320276737213136,0.7736925130763365,3.2257855552135166,1.2335718681896282,-0.04070748857465642,97.39649000954019,20.4066424,51016606,ok,right
0,116,1,6,0.07680000000000001,1.0,0.3333333333333333,5.0,0.38578399438411,-1.149555232092514,4.174708353336945,1.3865240914917238,-0.3118487706098346,65.18570151423175,20.4495216,51123804,ok,right
0,130,1,6,0.07680000000000001,1.0,0.3333333333333333,5.0,0.3148469587787986,-1.4462131979778516,5.019887394230754,1.315523434296901,-0.4302456987477597,-143.79381019286484,20.529559199999998,51323898,ok,right
0,269,1,6,0.07680000000000001,1.0,0.3333333333333333,5.0,-0.04525828957557679,-0.27515390037736914,1.2552907259316395,0.9554277958854556,-0.09834921102201194,-72.71465615108636,20.5602764,51400691,ok,right
0,492,1,6,0.07680000000000001,1.0,0.3333333333333333,5.0,0.5408724231645465,0.700135554845212,3.3563809953120805,1.5412839709380464,-0.26699403611666656,162.68075569386198,20.654574,51636435,ok,right
0,379,1,6,0.07680000000000001,1.0,0.3333333333333333,5.0,0.23300880677998068,1.125516647374252,5.498152601199192,1.233564905457283,0.18151089404916368,-59.897806819818065,20.7681216,51920304,ok,right
0,453,1,6,0.07680000000000001,1.0,0.3333333333333333,5.0,0.6193931538611651,0.15631654089660435,5.681046281535096,1.6195073748182474,-0.1665272518854295,248.00691240452954,20.940768,52351920,ok,right
0,693,1,6,0.07680000000000001,1.0,0.3333333333333333,5.0,0.13994285985827445,-1.7156759667845494,3.1192259279144623,1.1400855674409265,0.19977321164431472,223.1841099155708,20.9451608,52362902,ok,right
0,354,1,6,0.07680000000000001,1.0,0.3333333333333333,5.0,0.2779843470081687,-1.4751913243065538,5.2736240850738305,1.2788059721327525,-0.004050728396890774,-22.696690608832878,20.9914824,52478706,ok,right
0,874,1,6,0.07680000000000001,1.0,0.3333333333333333,5.0,0.45379329174757005,-0.12024874558536904,1.7694866009394816,1.4542294437556424,0.2992515305605468,9.22498971015413,21.0085068,52521267,ok,right
0,630,1,6,0.07680000000000001,1.0,0.3333333333333333,5.0,-0.0774272533133626,-0.01349493754061214,3.261387973694294,0.9226885171355297,-0.018256222699250268,69.60137461109669,21.026417199999997,52566043,ok,right
0,313,1,6,0.07680000000000001,1.0,0.3333333333333333,5.0,0.34657422006130223,-0.4825926344191485,4.381671465792738,2.251851621716928,-3.179596792745759,100.29381711730022,21.1123068,52780767,ok,right
0,705,1,6,0.07680000000000001,1.0,0.3333333333333333,5.0,0.3347351208329201,-1.227122421364698,3.872396300072189,1.3348429139570401,-0.04813737196453075,78.22759679542365,21.1550636,52887659,ok,right
0,442,1,6,0.07680000000000001,1.0,0.3333333333333333,5.0,0.4355177033692599,0.6650252043579026,0.3145695688223369,1.4355422146677566,-0.2518940239760011,-32.25878117904751,21.1840548,52960137,ok,right
0,511,1,6,0.07680000000000001,1.0,0.3333333333333333,5.0,0.23113655000925065,1.3662958104041794,1.9565896773679146,1.231136885690801,0.20378106893717407,-218.7927300697177,21.216439599999998,53041099,ok,right
0,800,1,6,0.07680000000000001,1.0,0.3333333333333333,5.0,0.480995274707675,-0.5954176748957962,1.3227489799529761,1.4810706543714767,0.11060784486501828,-42.872292548151385,21.2305252,53076313,ok,right
0,744,1,6,0.07680000000000001,1.0,0.3333333333333333,5.0,0.3790661778301001,-0.3327700096412529,5.655487777286519,1.3791308358751173,0.6241243529587067,-254.54796761948208,21.299595999999998,53248990,ok,right
0,186,1,6,0.07680000000000001,1.0,0.3333333333333333,5.0,0.2552846293896437,-2.053854210339337,1.7526556099411486,1.2553628773396341,0.0416957117749993,-42.11555062325647,21.3176152,53294038,ok,right
0,231,1,6,0.07680000000000001,1.0,0.3333333333333333,5.0,0.0038181886076927188,-0.3059119400815704,2.696106525372985,1.004001097784011,-0.12027013277318074,1.2789336294942495,21.5110684,53777671,ok,right
0,959,1,6,0.07680000000000001,1.0,0.3333333333333333,5.0,0.2969940792769194,1.3395624034729583,5.299686257387918,1.2971112668933145,-0.06383642254489358,-23.454668999281786,21.6473412,54118353,ok,right
0,757,1,6,0.07680000000000001,1.0,0.3333333333333333,5.0,0.5962950620800257,0.3349771561218958,3.060069660847063,1.596408688385062,0.3881520905201013,-29.33945730421036,21.7762396,54440599,ok,right
0,680,1,6,0.07680000000000001,1.0,0.3333333333333333,5.0,0.5807598143815994,0.7794795199428141,4.415062132076587,1.5810858895943045,-0.16860061439424964,-110.76036160893239,21.7975372,54493843,ok,right
0,66,1,6,0.07680000000000001,1.0,0.3333333333333333,5.0,0.6778919270262123,-0.1588549327625236,3.92186716585232,1.6791019545459114,-0.04890351828465449,-16.84303033557718,21.8209716,54552429,ok,right
0,979,1,6,0.07680000000000001,1.0,0.3333333333333333,5.0,0.4762049885466695,-0.6658836638725061,5.251557083517498,1.4763440287379526,0.014859378325183019,90.23708365982547,21.8316004,54579001,ok,right
0,372,1,6,0.07680000000000001,1.0,0.3333333333333333,5.0,0.4668608814477921,-0.19268254506959068,4.96042251142827,1.4673773531967835,0.11929566092439337,134.91415327367338,21.952068399999998,54880171,ok,right
0,877,1,6,0.07680000000000001,1.0,0.3333333333333333,5.0,0.028728342428803445,1.1272509106750166,4.963407074970178,1.0293269100192142,-0.20609453995193203,-61.98092629379159,21.9726504,54931626,ok,right
0,686,1,6,0.07680000000000001,1.0,0.3333333333333333,5.0,0.6228012016043067,-0.6267497397238686,2.78578340509498,1.6234106285546077,0.5965462128252408,27.005713452752357,22.3271736,55817934,ok,right
0,467,1,6,0.07680000000000001,1.0,0.3333333333333333,5.0,0.5163747902959586,-0.25501005887321804,4.071345601417725,1.5165707775606343,0.03178813017443001,106.85315745442684,22.395059999999997,55987650,ok,right
0,600,1,6,0.07680000000000001,1.0,0.3333333333333333,5.0,0.5686669018119573,0.5480706822863901,2.729636881315469,1.569205207149022,0.14760194262107676,-142.8793057550654,22.40897,56022425,ok,right
0,552,1,6,0.07680000000000001,1.0,0.3333333333333333,5.0,0.5509431568905712,-0.5646365484115053,1.448484562304672,1.5516592282577442,0.44176295424697254,-110.73143725271396,22.477031999999998,56192580,ok,right
0,321,1,6,0.07680000000000001,1.0,0.3333333333333333,5.0,0.40367746613919736,-0.14510640011805417,4.082320679099478,1.40378390604386,-0.1650901529338773,-63.49955488135962,22.529079199999998,56322698,ok,right
0,52,1,6,0.07680000000000001,1.0,0.3333333333333333,5.0,-0.004257232882082462,0.8593777545388512,1.5651421016051505,0.9963310833271455,0.03025431546729555,115.48459405529927,22.585913599999998,56464784,ok,right
0,2,1,6,0.07680000000000001,1.0,0.3333333333333333,5.0,0.6225099951028824,0.06419146408176934,1.5469324449055712,1.6227734091755286,-0.5327642257844455,-14.946162518855271,22.6953996,56738499,ok,right
0,286,1,6,0.07680000000000001,1.0,0.3333333333333333,5.0,0.6521999217569828,0.03628805378523736,0.1559127413400673,1.6524206778532506,-0.4361810795628636,4.532909616303008,22.699462,56748655,ok,right
0,572,1,6,0.07680000000000001,1.0,0.3333333333333333,5.0,0.0583707731217146,-0.2567471887970354,1.6372198588587676,1.05863255788571,-0.05961094654411924,-131.8915123751733,22.878704,57196760,ok,right
0,805,1,6,0.07680000000000001,1.0,0.3333333333333333,5.0,0.2901009423658252,0.8492241592659935,3.450161345617239,1.2907075887881578,-0.34654087176363413,-180.71549486588452,23.011298399999998,57528246,ok,right
0,623,1,6,0.07680000000000001,1.0,0.3333333333333333,5.0,0.13103242088109254,-1.5589154736217739,5.76899588656631,1.1313978259968014,-0.10018111553489613,72.36578821513046,23.061208,57653020,ok,right
0,665,1,6,0.07680000000000001,1.0,0.3333333333333333,5.0,0.31120409779250624,-1.1142890887591008,3.2600978320918608,1.3114094936316592,-0.23215262932433772,191.8814828999203,23.2073568,58018392,ok,right
0,223,1,6,0.07680000000000001,1.0,0.3333333333333333,5.0,0.3306889295578003,-0.3891794872947204,4.144963068246426,1.3308028840232402,-0.4194608098152888,14.803415053771209,23.2124032,58031008,ok,right
0,614,1,6,0.07680000000000001,1.0,0.3333333333333333,5.0,0.07382950726896524,0.05482306831664006,1.6473978919575571,1.0743748150289785,0.03034348393298165,-166.29856019363478,23.2504672,58126168,ok,right
0,856,1,6,0.07680000000000001,1.0,0.3333333333333333,5.0,0.549865229614079,0.1087295119875778,5.715205351391752,1.550307963441808,0.5630640886046989,232.31819111262297,23.3034984,58258746,ok,right
0,597,1,6,0.07680000000000001,1.0,0.3333333333333333,5.0,0.5168416686356068,-0.8861292519074204,4.197911088418281,1.5170705563955678,-0.382430661896934,130.27348615276884,23.4069956,58517489,ok,right
0,47,1,6,0.07680000000000001,1.0,0.3333333333333333,5.0,0.24193326123058798,-1.3741086189765617,5.241776797363608,1.2421153440633466,-0.16520274135990587,173.19412473372594,23.4752664,58688166,ok,right
0,841,1,6,0.07680000000000001,1.0,0.3333333333333333,5.0,0.22896332517266274,1.4599288374617672,4.548345040461849,1.2291205748309018,0.2376894308626767,-2.8954188015754037,23.517495999999998,58793740,ok,right
0,151,1,6,0.07680000000000001,1.0,0.3333333333333333,5.0,-0.02834061421453953,0.32547946015862317,0.3659182172310803,0.9728948599043389,-0.1150510589697264,-103.92206797262078,23.561511199999998,58903778,ok,right
0,6,1,6,0.07680000000000001,1.0,0.3333333333333333,5.0,0.16956424340605736,1.2022994762287185,2.519996886248199,1.1700336262176751,-0.1536935190425509,-167.67450298156027,23.6562976,59140744,ok,right
0,291,1,6,0.07680000000000001,1.0,0.3333333333333333,5.0,0.10873614605516196,-0.38993504010882274,3.6377209110031266,1.1087792776105592,-0.0392048490946589,25.267907516283305,23.8231264,59557816,ok,right
0,796,1,6,0.07680000000000001,1.0,0.3333333333333333,5.0,0.005858048424124718,-0.02012880024179595,0.861230081506934,1.0066626705412864,0.06342232874908217,52.76075880981413,23.873614399999997,59684036,ok,right
0,112,1,6,0.07680000000000001,1.0,0.3333333333333333,5.0,-0.07397899348288775,-0.0609299172095327,5.109452291962534,0.9262940858874325,0.02048725124797509,159.6977640187933,23.942521199999998,59856303,ok,right
0,867,1,6,0.07680000000000001,1.0,0.3333333333333333,5.0,0.25123978573828937,1.908369721669373,5.237174944237954,1.2513802308861497,0.005523914611945591,151.3839659416536,23.9958316,59989579,ok,right
0,994,1,6,0.07680000000000001,1.0,0.3333333333333333,5.0,0.18809579070657492,-1.2669365574051152,4.00837251086145,1.1885499678600835,-0.20749389837698254,-122.45423925819982,24.0109072,60027268,ok,right
0,216,1,6,0.07680000000000001,1.0,0.3333333333333333,5.0,-0.02686386425048113,-0.6351893911171358,5.076434835098642,0.9741152597327236,-0.19008830719321876,-59.433981430709025,24.0174548,60043637,ok,right
0,603,1,6,0.07680000000000001,1.0,0.3333333333333333,5.0,0.2762540016323328,1.880422281501416,2.945360134483428,1.2763026807652842,-0.45475855167441004,-60.72259120805819,24.066041199999997,60165103,ok,right
0,507,1,6,0.07680000000000001,1.0,0.3333333333333333,5.0,0.6075756445527077,-0.1328371592150582,6.140739070544922,1.6082986075036327,0.24443928457783398,59.43574203214689,24.1314244,60328561,ok,right
0,947,1,6,0.07680000000000001,1.0,0.3333333333333333,5.0,0.04138428363949061,-0.2854073049788448,2.2397910056342663,1.0415502957437761,-0.005600678154442869,-185.8501000241055,24.1387012,60346753,ok,right
0,884,1,6,0.07680000000000001,1.0,0.3333333333333333,5.0,0.2433816384524107,0.7725429011492935,2.6060920656008544,1.243941669559791,0.11205651317721321,113.75231148454651,24.1609984,60402496,ok,right
0,972,1,6,0.07680000000000001,1.0,0.3333333333333333,5.0,0.0831057196483016,0.1987746465807254,0.5678535669803755,1.0842394993219462,-0.0054884284757312045,-84.68234022001693,24.175085199999998,60437713,ok,right
0,273,1,6,0.07680000000000001,1.0,0.3333333333333333,5.0,0.37537120766937737,0.40554297362264613,3.693009949739229,1.376101017431535,-0.03440844652132516,188.37892094386712,24.1936584,60484146,ok,right
0,949,1,6,0.07680000000000001,1.0,0.3333333333333333,5.0,0.04999899752438069,-0.9539059658256307,0.8532108517481118,1.0500297978903812,-0.12694386331973004,-238.1147654965846,24.2225896,60556474,ok,right
0,523,1,6,0.07680000000000001,1.0,0.3333333333333333,5.0,0.38390490468591454,1.4797740375336803,2.2811348874986104,1.3844915564148772,-0.12070330689507539,-42.40115528783736,24.2781816,60695454,ok,right
0,74,1,6,0.07680000000000001,1.0,0.3333333333333333,5.0,0.17430113684386017,-0.9569328736342301,5.878676933393588,1.174408372531707,0.2581874816199717,213.9267264110528,24.280620799999998,60701552,ok,right
0,896,1,6,0.07680000000000001,1.0,0.3333333333333333,5.0,0.137736533023417,-0.10404536234593174,5.239938117072336,1.1377507671496079,-0.2502228987604099,309.40359905277717,24.3934552,60983638,ok,right
0,616,1,6,0.07680000000000001,1.0,0.3333333333333333,5.0,0.23418679889291527,1.9464818056296374,3.737330972299148,1.2343353364482086,-0.26796446535816626,27.817215606029997,24.4508644,61127161,ok,right
0,177,1,6,0.07680000000000001,1.0,0.3333333333333333,5.0,0.03571601361036301,-1.4022179098153853,5.663351531037713,1.035992485249528,-0.060126359191316196,-4.583277440619877,24.496721599999997,61241804,ok,right
0,271,1,6,0.07680000000000001,1.0,0.3333333333333333,5.0,0.3685535250231624,-0.8053886287328371,6.017974603129232,1.3687638192335472,0.3495648290662749,-77.8670052981673,24.539583999999998,61348960,ok,right
0,281,1,6,0.07680000000000001,1.0,0.3333333333333333,5.0,0.18844778295606376,1.3966010717258055,5.707636296635955,1.189515689356636,-0.2059635013389892,84.2027451697689,24.6003732,61500933,ok,right
0,516,1,6,0.07680000000000001,1.0,0.3333333333333333,5.0,0.31139250434935095,0.04588675661515489,5.640424756434096,1.3115862799056386,0.032021311489207976,-123.50964189925305,25.078750799999998,62696877,ok,right
0,461,1,6,0.07680000000000001,1.0,0.3333333333333333,5.0,0.3478260822594166,0.11214873087514074,1.6932689186470835,1.348565561596963,-0.22683064957364793,0.06972830841996427,25.1070332,62767583,ok,right
0,690,1,6,0.07680000000000001,1.0,0.3333333333333333,5.0,0.004379008337855339,-0.6351541183402228,3.573299854853272,1.0048302391348152,0.01852612039971247,323.35590476459885,25.24381,63109525,ok,right
0,264,1,6,0.07680000000000001,1.0,0.3333333333333333,5.0,0.4845228251069784,0.5740317372077035,2.2404186574699128,1.4848335527062864,0.4257048936192201,-103.77044429164488,25.2601832,63150458,ok,right
0,238,1,6,0.07680000000000001,1.0,0.3333333333333333,5.0,0.08829509597271681,0.815204778911443,3.8020332056925916,1.0885742325423473,-0.08573920029507079,238.46765362988725,25.3278292,63319573,ok,right
0,460,1,6,0.07680000000000001,1.0,0.3333333333333333,5.0,0.03629990722984076,1.2099806693299395,4.945202336601181,1.0364283576543734,-0.08045748551713301,116.54119149550309,25.3805232,63451308,ok,right
0,861,1,6,0.07680000000000001,1.0,0.3333333333333333,5.0,0.25049338247627023,-1.5951913875972086,5.708955601510298,1.2505012071562323,0.1684239586353816,71.23459121480771,25.457923599999997,63644809,ok,right
0,723,1,6,0.07680000000000001,1.0,0.3333333333333333,5.0,0.05399970971047879,1.286645092897672,5.30021518127115,1.054071251753625,-0.07895607347669037,139.96535037801118,25.546351599999998,63865879,ok,right
0,923,1,6,0.07680000000000001,1.0,0.3333333333333333,5.0,0.5764172589406371,-0.7496576858431687,1.6865784573796596,1.576894664250217,0.47642363229166135,8.657362257919706,25.59159,63978975,ok,right
0,71,1,6,0.07680000000000001,1.0,0.3333333333333333,5.0,0.07809671219438315,0.46819018588841915,2.9347299997185035,1.0784538124710628,0.009335498042813337,-73.80076045310449,25.698496,64246240,ok,right
0,661,1,6,0.07680000000000001,1.0,0.3333333333333333,5.0,0.058215117268264296,1.0016596535929336,4.845298133681553,2.205773636725694,-3.1725413056792076,31.12450947585903,25.6992768,64248192,ok,right
0,311,1,6,0.07680000000000001,1.0,0.3333333333333333,5.0,0.40386387780308725,-0.9843824406497164,2.8634304768471863,1.4043455777532847,0.41367361990242274,95.76372149849537,25.7055008,64263752,ok,right
0,329,1,6,0.07680000000000001,1.0,0.3333333333333333,5.0,0.07003226522356272,0.3326214454640892,0.8169012689082433,1.0703036810574291,-0.20471189329546902,-47.02217970660356,25.7234652,64308663,ok,right
0,473,1,6,0.07680000000000001,1.0,0.3333333333333333,5.0,0.42795043531805277,1.111574935013928,1.4068057731415229,1.4283040488997032,0.20921014830690038,-219.0177807607159,25.726266799999998,64315667,ok,right
0,668,1,6,0.07680000000000001,1.0,0.3333333333333333,5.0,0.4879484556615353,0.6381648574189399,0.6597233843098811,1.4886689232264956,0.15318117811393464,-179.69591244499722,25.9896308,64974077,ok,right
0,172,1,6,0.07680000000000001,1.0,0.3333333333333333,5.0,-0.03143040519207716,0.03364279519931151,0.0316845746468558,0.9692222835617055,0.0525890174026155,-28.125478190131158,26.1046704,65261676,ok,right
0,146,1,6,0.07680000000000001,1.0,0.3333333333333333,5.0,0.3906363910064101,1.279279602363084,1.466410867864396,1.3906385719556038,0.5690571263109792,-138.6788542956522,26.111733599999997,65279334,ok,right
0,21,1,6,0.07680000000000001,1.0,0.3333333333333333,5.0,0.49429332558065653,0.7600521743380672,6.190636501293196,1.4947375450373008,-0.49349987920000793,-148.80560590564104,26.159297199999997,65398243,ok,right
0,860,1,6,0.07680000000000001,1.0,0.3333333333333333,5.0,-0.026427386514842513,-0.031822101502147475,1.6640813930180565,0.9750268974592626,-0.011147612138394767,-85.82132666297045,26.341428,65853570,ok,right
0,219,1,6,0.07680000000000001,1.0,0.3333333333333333,5.0,0.2386971961706877,1.2241190677364593,2.7578544673883347,1.2388568861069154,0.14790352692812783,0.5831717785402208,26.4352108,66088027,ok,right
0,423,1,6,0.07680000000000001,1.0,0.3333333333333333,5.0,0.6233400363475085,-0.1898126206816342,4.11362566746647,1.6237278143002276,-0.4643133502104669,59.85822802371673,26.468510799999997,66171277,ok,right
0,317,1,6,0.07680000000000001,1.0,0.3333333333333333,5.0,-0.09021494425833226,-0.018431005845659938,5.8086421836622915,0.9099699404901844,0.042058272837613264,-72.22792245287552,26.687003599999997,66717509,ok,right
0,306,1,6,0.07680000000000001,1.0,0.3333333333333333,5.0,0.4907653756439686,0.3935905163770023,1.0990673456407845,1.4907776198963902,-0.7544573576978767,61.895952148200024,27.069104799999998,67672762,ok,right
0,91,1,6,0.07680000000000001,1.0,0.3333333333333333,5.0,0.29450830798596145,0.6336852046826742,0.28035854196717713,1.295056096594817,0.1731394727153963,163.9311757417709,27.1314764,67828691,ok,right
0,227,1,6,0.07680000000000001,1.0,0.3333333333333333,5.0,0.22251944988965988,2.028642653822673,5.338012583981831,1.222773736897851,-0.13176831804216552,77.90271042822508,27.1640588,67910147,ok,right
0,658,1,6,0.07680000000000001,1.0,0.3333333333333333,5.0,0.14739869814366102,1.828248350448584,0.5800492069548754,1.1479783335546934,0.0967589217973398,140.58082311264812,27.232122399999998,68080306,ok,right
0,215,1,6,0.07680000000000001,1.0,0.3333333333333333,5.0,-0.04014060143381357,-0.10663820291821602,5.996091175848076,0.9604498249915633,0.0402801371076439,-6.709347476433066,27.325362799999997,68313407,ok,right
0,4,1,6,0.07680000000000001,1.0,0.3333333333333333,5.0,0.48497716803103685,-0.13511066232689242,2.3494120947640655,1.4856804405496802,0.8399748388071261,220.35284434343023,27.5314868,68828717,ok,right
0,582,1,6,0.07680000000000001,1.0,0.3333333333333333,5.0,0.18482021968811752,-1.2959305554275589,5.1581409573894526,1.1850484669461134,-0.07964750535872368,183.2346619079839,27.7598028,69399507,ok,right
0,18,1,6,0.07680000000000001,1.0,0.3333333333333333,5.0,-0.010916166007518768,0.7083092342199762,4.1338753268546355,0.9891661483344667,0.09644399878665534,38.444753440135244,28.0177916,70044479,ok,right
0,970,1,6,0.07680000000000001,1.0,0.3333333333333333,5.0,0.5741042193025351,-0.2366118087288414,5.708590171888688,1.574431593584656,-0.7432548159109588,-203.20705201866355,28.0893572,70223393,ok,right
0,586,1,6,0.07680000000000001,1.0,0.3333333333333333,5.0,0.29089544210582974,-0.3426850894570047,2.582566862413142,1.2917918875090093,0.15972473554066102,24.869989252998977,28.1337264,70334316,ok,right
0,224,1,6,0.07680000000000001,1.0,0.3333333333333333,5.0,0.2753465143963695,-0.018436358463195305,4.1882478459511585,1.2759803187333674,0.7672740391919505,32.16230886664853,28.2219704,70554926,ok,right
0,918,1,6,0.07680000000000001,1.0,0.3333333333333333,5.0,0.21752515863627198,1.207691551699126,6.046633800282685,1.2181637033626653,-0.04627026928022819,21.237344624406894,28.342319999999997,70855800,ok,right
0,38,1,6,0.07680000000000001,1.0,0.3333333333333333,5.0,0.09627382624894382,-1.637530777008971,1.714432723358785,1.0964638481080742,-0.048375892854532025,158.5418165558763,28.3789704,70947426,ok,right
0,294,1,6,0.07680000000000001,1.0,0.3333333333333333,5.0,0.5791893931105733,0.37605707811281974,1.063890103818893,1.5791895939225342,0.4951546019663198,319.9349440101693,28.580175999999998,71450440,ok,right
0,182,1,6,0.07680000000000001,1.0,0.3333333333333333,5.0,0.41933346148580314,-1.211363802276629,1.441571743340872,1.4195140072591756,-0.36865055038457145,8.318583721853537,28.696178,71740445,ok,right
0,984,1,6,0.07680000000000001,1.0,0.3333333333333333,5.0,0.646371547318995,0.15048476388936047,4.766251820285315,1.646375197388686,-0.2809012460284629,239.35577231361313,29.0121184,72530296,ok,right
0,610,1,6,0.07680000000000001,1.0,0.3333333333333333,5.0,0.48640666473656896,0.07981469163728903,3.6502025426846147,1.486976232535619,0.2666524501105743,81.21105193424947,29.3076068,73269017,ok,right
0,753,1,6,0.07680000000000001,1.0,0.3333333333333333,5.0,-0.05437200460582972,0.23371609973153631,5.152294536948289,0.9456875681702187,-0.0448338159681024,40.739684163876774,29.370201599999998,73425504,ok,right
0,649,1,6,0.07680000000000001,1.0,0.3333333333333333,5.0,0.5444925766438246,0.5482425609528665,0.28064965388744284,1.5445082506170245,0.006085650829956172,217.8863486330006,29.3969956,73492489,ok,right
0,779,1,6,0.07680000000000001,1.0,0.3333333333333333,5.0,0.14172397628426553,-1.9344013128756397,1.9188868420706318,1.1419131237295597,-0.03813425880223007,-232.0713970447052,29.510430799999998,73776077,ok,right
0,435,1,6,0.07680000000000001,1.0,0.3333333333333333,5.0,0.1871052071452141,1.6206313731897433,0.007127813793483442,1.187404282638646,-0.05792492500679389,37.64642588831823,29.7623324,74405831,ok,right
0,631,1,6,0.07680000000000001,1.0,0.3333333333333333,5.0,0.03081611227244139,-0.20451537450753215,3.581782348343174,1.031012245154096,-0.05051593747825231,59.179252813778575,29.873454799999998,74683637,ok,right
0,740,1,6,0.07680000000000001,1.0,0.3333333333333333,5.0,0.5799111275002361,0.2621503055670914,3.2484159543176183,1.580301385923956,-0.4668646373714493,114.95884431564214,29.9409192,74852298,ok,right
0,353,1,6,0.07680000000000001,1.0,0.3333333333333333,5.0,-0.09169183261692525,0.004247624978799222,1.7667410445646097,0.9084451474719408,-0.054562224354693684,165.72910901910157,29.9889856,74972464,ok,right
0,676,1,6,0.07680000000000001,1.0,0.3333333333333333,5.0,0.42682338729500774,1.2090732694382427,3.2505265705989728,1.4271912772065283,-0.029804753901550872,28.26681843776336,30.6890656,76722664,ok,right
0,207,1,6,0.07680000000000001,1.0,0.3333333333333333,5.0,-0.031282118521630764,-0.5395951821361656,2.1740344091452246,0.9692090324928612,-0.00470585977253009,122.84283227750274,30.7984472,76996118,ok,right
0,622,1,6,0.07680000000000001,1.0,0.3333333333333333,5.0,-0.06506940033286811,-0.3038742090269375,1.2579305586798408,0.9350965600252823,-0.03425468491231141,-30.219551077812646,30.916421999999997,77291055,ok,right
0,955,1,6,0.07680000000000001,1.0,0.3333333333333333,5.0,0.4719513999298215,0.7339021401943756,6.094642618419806,1.4722883304467718,-0.20780049112750756,-155.48392055292777,30.945201599999997,77363004,ok,right
0,376,1,6,0.07680000000000001,1.0,0.3333333333333333,5.0,0.14044528845697643,1.6371952120423363,0.02597769903543686,1.1408176494987856,0.03279378201901569,0.9445225012153382,30.9898776,77474694,ok,right
0,932,1,6,0.07680000000000001,1.0,0.3333333333333333,5.0,0.4923710850998759,0.4146945240292067,2.9974772054829137,1.493324183360306,-0.5994070989534274,-104.52310482450729,31.0486072,77621518,ok,right
0,394,1,6,0.07680000000000001,1.0,0.3333333333333333,5.0,-0.031600328348577025,-0.48111089214785546,2.0886311724890456,0.9691849079446117,-0.09945950990980884,63.31441429303627,31.1001436,77750359,ok,right
0,773,1,6,0.07680000000000001,1.0,0.3333333333333333,5.0,0.6596469489857555,-0.12490486908859871,4.250929079961867,1.660361363125314,0.07840639291971895,-189.3914101493267,31.100935999999997,77752340,ok,right
0,178,1,6,0.07680000000000001,1.0,0.3333333333333333,5.0,0.614531252719462,0.15713313470167023,5.306097235470888,1.6148804547718534,-0.34951271608594364,25.991596319090988,31.269603999999998,78174010,ok,right
0,776,1,6,0.07680000000000001,1.0,0.3333333333333333,5.0,0.13035195115953685,0.6734636290931054,0.3566122369139325,1.1303657757816628,0.025479043057045313,51.02999099019775,31.5271944,78817986,ok,right
0,384,1,6,0.07680000000000001,1.0,0.3333333333333333,5.0,0.37212249357253313,1.0406781429069571,5.432620087186942,1.3725778618380213,0.04675945042670485,-75.47349472582529,31.5706936,78926734,ok,right
0,368,1,6,0.07680000000000001,1.0,0.3333333333333333,5.0,-0.07335375994443893,0.3502351026007235,4.524711813940246,0.9271243819030619,-0.032782496354918665,-22.276671506071345,31.7940652,79485163,ok,right
0,145,1,6,0.07680000000000001,1.0,0.3333333333333333,5.0,0.18139844536781313,0.4749841585213567,0.3614908126976246,1.1821610906072726,0.1048057987448809,197.41424761300047,32.0223716,80055929,ok,right
0,944,1,6,0.07680000000000001,1.0,0.3333333333333333,5.0,0.5260651528835297,-0.2207015949228377,1.7719528028666909,1.5262349102704427,-0.3197707074490258,-93.04391849167618,32.4326868,81081717,ok,right
0,732,1,6,0.07680000000000001,1.0,0.3333333333333333,5.0,0.4130577040836215,-0.0454226454191695,1.2344637244605734,1.4135031440848789,-0.13410347652209872,-24.734073341018433,32.4746208,81186552,ok,right
0,465,1,6,0.07680000000000001,1.0,0.3333333333333333,5.0,0.5460701294243336,-0.04729603542583937,2.8886971450310486,1.5461525622519559,0.2249220120512553,2.7621906396902305,32.485160799999996,81212902,ok,right
0,889,1,6,0.07680000000000001,1.0,0.3333333333333333,5.0,0.6726157313212753,0.25306903105670747,0.6611366977629165,1.672621046803556,0.0026102874751407117,-110.35243143829727,32.4844736,81211184,ok,right
0,192,1,6,0.07680000000000001,1.0,0.3333333333333333,5.0,0.32103732079267505,0.5517125499815415,2.160273262498231,1.3210958851821621,0.10492979604411726,-288.60018330235323,32.524918,81312295,ok,right
0,642,1,6,0.07680000000000001,1.0,0.3333333333333333,5.0,0.3725206281989813,-1.263858187672107,2.131225678149748,1.3731558670996329,0.1746044400450642,63.03066748995223,32.5428072,81357018,ok,right
0,793,1,6,0.07680000000000001,1.0,0.3333333333333333,5.0,0.48721649516373877,-0.23298177507576548,2.421028466673417,1.4877073152289793,-0.04156285546503262,82.62014530034776,32.6873092,81718273,ok,right
0,817,1,6,0.07680000000000001,1.0,0.3333333333333333,5.0,0.6787092441692949,-0.03245924609638511,0.9970928634800007,1.6790260743256367,-0.0807725094026563,28.560520214462926,32.7935088,81983772,ok,right
0,214,1,6,0.07680000000000001,1.0,0.3333333333333333,5.0,0.18427029103040696,-1.4789239398864404,6.190122655706608,1.1847215156556825,0.34282413024682046,96.64151529949244,32.8734088,82183522,ok,right
0,202,1,6,0.07680000000000001,1.0,0.3333333333333333,5.0,0.0909219764173031,1.7497671592201771,5.547583805807276,1.091573694334902,0.0015188689189747293,-117.10178225731488,32.996456,82491140,ok,right
0,408,1,6,0.07680000000000001,1.0,0.3333333333333333,5.0,0.1017731135711074,-1.8583040912178286,0.97026735660425,1.1021428072295258,-0.08536532257620705,-249.04729220939691,32.999468,82498670,ok,right
0,712,1,6,0.07680000000000001,1.0,0.3333333333333333,5.0,0.17460067719221117,-1.6831253570615483,3.91900666800396,1.175261844592831,0.2231670755280778,13.984585659805637,33.0144008,82536002,ok,right
0,864,1,6,0.07680000000000001,1.0,0.3333333333333333,5.0,0.36057419031858445,-0.8398004098932964,4.186170990893238,1.3612338226777883,0.30853102706903374,31.77930985697816,33.087978,82719945,ok,right
0,663,1,6,0.07680000000000001,1.0,0.3333333333333333,5.0,0.15002193227410318,0.054300365947986456,3.8847553216636177,1.1502486841581407,-0.12374094055437272,119.33894789891346,33.1087504,82771876,ok,right
0,659,1,6,0.07680000000000001,1.0,0.3333333333333333,5.0,0.5055552246049047,0.9541877806467938,5.932867156805337,1.5055947821164974,0.3814637764990076,-207.32406061647802,33.200876,83002190,ok,right
0,20,1,6,0.07680000000000001,1.0,0.3333333333333333,5.0,0.45398226585239176,0.5304068335085939,4.246532317710499,1.4541791475473775,-0.2761921654978448,-62.37079858252581,33.209609199999996,83024023,ok,right
0,3,1,6,0.07680000000000001,1.0,0.3333333333333333,5.0,0.33090435266494755,1.2647287658968958,5.813472717216261,1.332013595187602,0.21050785104437436,70.33095378925218,33.7757624,84439406,ok,right
0,602,1,6,0.07680000000000001,1.0,0.3333333333333333,5.0,0.05960168633610011,-0.9562763339856989,1.4434158174111016,1.060621397103191,-0.4881473681099991,-118.86722208386637,33.9553656,84888414,ok,right
0,917,1,6,0.07680000000000001,1.0,0.3333333333333333,5.0,0.40767687112092976,-0.4476056905589692,0.9424928459929702,2.225284667274721,3.179234538219635,152.68590015066505,34.26667,85666675,ok,right
0,738,1,6,0.07680000000000001,1.0,0.3333333333333333,5.0,0.5193776058033109,0.20828608613349503,0.32243707349548595,1.5195950540870078,0.10293442388647175,286.8506615658758,34.3708828,85927207,ok,right
0,213,1,6,0.07680000000000001,1.0,0.3333333333333333,5.0,0.17976503130048516,0.010969409349033519,1.6505356888536784,1.180353115800535,0.0689941598073429,-29.000603750033058,34.3736252,85934063,ok,right
0,499,1,6,0.07680000000000001,1.0,0.3333333333333333,5.0,0.3548997357487679,0.48406158129667676,5.329824104841664,1.3553929943761298,-0.045797514513736474,102.42492810630887,34.378226,85945565,ok,right
0,319,1,6,0.07680000000000001,1.0,0.3333333333333333,5.0,0.4850935343652964,0.8246155118925506,6.0029594314013455,1.4851073264355161,-0.3432051202601845,-129.62611639199346,34.5092752,86273188,ok,right
0,144,1,6,0.07680000000000001,1.0,0.3333333333333333,5.0,0.14804392959922552,0.10653787578558711,1.9703976461709534,1.1480809117669033,-0.239090045462257,365.91025413793267,34.5215932,86303983,ok,right
0,108,1,6,0.07680000000000001,1.0,0.3333333333333333,5.0,0.20539258010685446,-1.4580754562042557,6.277822177818007,1.205899641634652,-0.0006107551915946494,62.899729963333755,34.7164944,86791236,ok,right
0,772,1,6,0.07680000000000001,1.0,0.3333333333333333,5.0,0.05289765298366547,0.19419730411013583,4.645828666943325,1.0535724849481873,0.22843051350681495,220.6814813117193,35.0124028,87531007,ok,right
0,121,1,6,0.07680000000000001,1.0,0.3333333333333333,5.0,0.5168584244325757,-0.7416399194324408,3.9554862024258512,1.5169888743141486,0.19018964240120503,-51.017268213844666,35.2032496,88008124,ok,right
0,720,1,6,0.07680000000000001,1.0,0.3333333333333333,5.0,0.16678332202136517,0.5732835597993294,4.552055495177181,1.167019623436794,0.34455468192393834,-213.40961107731417,35.623272799999995,89058182,ok,right
0,107,1,6,0.07680000000000001,1.0,0.3333333333333333,5.0,0.6295840840786696,-0.11056494449699857,2.4174006712183176,1.6299322781909893,-0.00841842926938124,-161.6493143918875,35.955603599999996,89889009,ok,right
0,846,1,6,0.07680000000000001,1.0,0.3333333333333333,5.0,0.6789691595360637,-0.09638234297732749,1.6242243450177392,1.6792317884567878,-0.000382307372809233,49.47821165471584,36.1043772,90260943,ok,right
0,369,1,6,0.07680000000000001,1.0,0.3333333333333333,5.0,-0.007356469519436359,-0.37930543930956334,4.154847929636294,0.9927688312141448,0.022603624716860324,297.0149131939928,36.345849199999996,90864623,ok,right
0,696,1,6,0.07680000000000001,1.0,0.3333333333333333,5.0,0.46043999269604685,0.43408287613190494,2.420946726125738,1.4604713534729625,0.387638632628269,209.401694501941,36.6088008,91522002,ok,right
0,859,1,6,0.07680000000000001,1.0,0.3333333333333333,5.0,0.3638309666886926,0.17463967539144423,3.242680510841948,1.3645867592655765,0.043670443006404554,96.79872645202258,36.911369199999996,92278423,ok,right
0,390,1,6,0.07680000000000001,1.0,0.3333333333333333,5.0,0.12460120618343354,-1.299156823603932,3.114705402793589,1.1247345226078107,-5.245211657264437e-7,62.881327323275904,37.0396772,92599193,ok,right
0,44,1,6,0.07680000000000001,1.0,0.3333333333333333,5.0,-0.04339201040565968,-0.34196519067846004,2.2868018049656125,0.9566377392458637,-0.006007818476442729,-225.3303669298745,37.185207999999996,92963020,ok,right
0,885,1,6,0.07680000000000001,1.0,0.3333333333333333,5.0,0.5229706585407258,0.1238621002190182,0.47229411664855964,1.5245731465905656,-0.011546779823531396,88.6306305884681,37.66059,94151475,ok,right
0,718,1,6,0.07680000000000001,1.0,0.3333333333333333,5.0,-0.05504430960863829,0.49272893522542205,0.4165501250189857,0.9451927154053953,0.12431537058570243,-160.200602529311,37.9179408,94794852,ok,right
0,347,1,6,0.07680000000000001,1.0,0.3333333333333333,5.0,0.3983684808015824,0.8128802890593959,0.6808796769372456,1.3987741022683287,-0.9474370463340742,71.77999767398414,37.9993036,94998259,ok,right
0,556,1,6,0.07680000000000001,1.0,0.3333333333333333,5.0,0.06705172546207905,-1.430897928191058,1.6929820696701008,1.067415590067987,0.1765537067888889,-192.6392236741653,38.1960544,95490136,ok,right
0,246,1,6,0.07680000000000001,1.0,0.3333333333333333,5.0,0.6694207936525345,-0.03197476359251679,3.751952763892601,1.669849536198366,-0.31866781959720475,-79.92679929232162,38.4117416,96029354,ok,right
0,869,1,6,0.07680000000000001,1.0,0.3333333333333333,5.0,0.07441591750830412,-0.8143233595621268,3.884814645917568,1.0749519953163262,0.04946286591025546,-342.4550430558885,38.7722252,96930563,ok,right
0,103,1,6,0.07680000000000001,1.0,0.3333333333333333,5.0,0.18524359669536353,1.3177407806888006,2.9052279496282702,1.1855416481867385,-0.014914220493321653,165.8794866550729,38.904212799999996,97260532,ok,right
0,833,1,6,0.07680000000000001,1.0,0.3333333333333333,5.0,0.6042567459866405,0.47249219355624783,5.0931396303947025,1.6045626405092979,-0.10281122145968404,347.13844888125107,39.0607396,97651849,ok,right
0,287,1,6,0.07680000000000001,1.0,0.3333333333333333,5.0,0.41071424018591646,-0.7260503056879652,4.087563863807738,1.4110441126323248,0.128929495373757,-176.90074979118108,39.2830692,98207673,ok,right
0,96,1,6,0.07680000000000001,1.0,0.3333333333333333,5.0,0.6278998197987676,-0.4067768230431098,5.543241818134633,1.6279855814347624,0.32284258559735246,-23.80209280781975,39.2891396,98222849,ok,right
0,733,1,6,0.07680000000000001,1.0,0.3333333333333333,5.0,0.3984182706102729,-0.09330969448073673,4.625828770095915,1.398645530659683,-0.4774333345978274,99.91431009784105,39.5843132,98960783,ok,right
0,713,1,6,0.07680000000000001,1.0,0.3333333333333333,5.0,0.45302820559591056,-1.1065707415882866,0.571696445040243,1.4534786849016734,0.11411866282229129,44.90294305736334,39.6884404,99221101,ok,right
0,765,1,6,0.07680000000000001,1.0,0.3333333333333333,5.0,0.22112409844994546,-1.1791017268268298,1.1922457592842934,1.2219736669848287,0.332550385477951,96.14821212880321,39.9769388,99942347,ok,right
0,80,1,6,0.07680000000000001,1.0,0.3333333333333333,5.0,0.40380555223673587,0.2198509273644154,0.837089811967811,1.4039871579045724,0.2534969295893175,210.94357442669013,40.0161912,100040478,ok,right
0,844,1,6,0.07680000000000001,1.0,0.3333333333333333,5.0,0.30803965087980034,-0.8981764339633878,5.786497275866566,1.3087387894374864,-0.17757587088787513,-16.26036044039419,40.0665328,100166332,ok,right
0,212,1,6,0.07680000000000001,1.0,0.3333333333333333,5.0,0.02616564743220806,0.6894608804497822,3.208042276797608,1.0273124085934153,-0.07335871750393008,161.15111273369686,40.682828,101707070,ok,right
0,134,1,6,0.07680000000000001,1.0,0.3333333333333333,5.0,0.5481270149350167,0.5357670146364356,0.8767942527428534,1.5484947006518497,-0.8381118615735468,-2.370907396535305,40.7938212,101984553,ok,right
0,701,1,6,0.07680000000000001,1.0,0.3333333333333333,5.0,0.5286046156659723,-0.2741779658707213,4.242038764410253,1.5287356279190936,-0.6717916482544569,64.16054951194403,42.521522,106303805,ok,right
0,64,1,6,0.07680000000000001,1.0,0.3333333333333333,5.0,0.17444498017430307,1.2191127836805267,4.271565574388978,1.1753419536910874,-0.18360227030556464,-22.747886352831358,42.7455272,106863818,ok,right
0,981,1,6,0.07680000000000001,1.0,0.3333333333333333,5.0,0.30289442241191866,-0.5616054234225414,0.9368786213722655,1.3031208969878516,-0.030313024623608152,-242.87595001666338,43.2115684,108028921,ok,right
0,810,1,6,0.07680000000000001,1.0,0.3333333333333333,5.0,0.42474908605217937,-0.8451733140094531,3.3678608382479034,1.424867920991381,-0.3971013071777058,-131.89553600861845,44.055316,110138290,ok,right
0,406,1,6,0.07680000000000001,1.0,0.3333333333333333,5.0,0.3907017733901739,-0.8803440600526534,0.7547834295194691,1.3909812062703917,-0.10006864807443076,177.86294675925203,44.238388,110595970,ok,right
0,615,1,6,0.07680000000000001,1.0,0.3333333333333333,5.0,0.3333361936733127,-0.15541906153707635,6.2699828591874915,1.333764663618263,0.15268627429792933,13.806507663446045,44.418707999999995,111046770,ok,right
0,842,1,6,0.07680000000000001,1.0,0.3333333333333333,5.0,0.4683022664859891,-0.22075895122078043,2.996564179291708,1.4688962136583106,-0.2824128808945089,-225.77546231772214,44.6195844,111548961,ok,right
0,801,1,6,0.07680000000000001,1.0,0.3333333333333333,5.0,0.21160065680742265,2.1626790533687017,3.2925621011132598,1.2120333637868872,0.11491201680380525,-241.86785262583112,44.832294399999995,112080736,ok,right
0,63,1,6,0.07680000000000001,1.0,0.3333333333333333,5.0,0.19646958578377963,1.2581385401147638,6.097663962648064,1.1968010384831422,0.4916301306408479,-119.9016684724969,44.962897999999996,112407245,ok,right
0,525,1,6,0.07680000000000001,1.0,0.3333333333333333,5.0,-0.02899734564125538,-0.7141665979540339,4.804004919984883,0.9710047776117882,-0.06883924224504011,189.47989534417314,45.779402399999995,114448506,ok,right
0,43,1,6,0.07680000000000001,1.0,0.3333333333333333,5.0,0.02792441062629223,0.02548699449482429,4.98635746399743,1.028382800467132,0.13257841177428933,-456.41958786794436,45.848899599999996,114622249,ok,right
0,611,1,6,0.07680000000000001,1.0,0.3333333333333333,5.0,0.6458747483789922,-0.1905909742883779,4.1121755586979045,1.646121360000456,0.18678718789713633,-9.104026475946132,45.9252356,114813089,ok,right
0,804,1,6,0.07680000000000001,1.0,0.3333333333333333,5.0,-0.058979907445609575,-0.24391853479413486,4.8527979968009545,0.9411717540023087,-0.07606895874123863,8.786867786853113,45.92823,114820575,ok,right
0,711,1,6,0.07680000000000001,1.0,0.3333333333333333,5.0,0.16812525670975448,2.025386270148768,1.700733586883335,1.1685869068589276,-0.1232648343060648,94.05045839651255,46.1975376,115493844,ok,right
0,719,1,6,0.07680000000000001,1.0,0.3333333333333333,5.0,0.43760057594627144,0.9373477289493474,1.4985110472971448,1.4387994205962373,0.2862458492680439,-414.6206229287173,46.289876,115724690,ok,right
0,189,1,6,0.07680000000000001,1.0,0.3333333333333333,5.0,0.5853452920913697,0.44066660594864937,5.683398399258812,1.5857623921842372,0.14951305480985158,89.65379922283596,46.6227368,116556842,ok,right
0,798,1,6,0.07680000000000001,1.0,0.3333333333333333,5.0,-0.0993576617911458,-0.2225332931688539,4.923749375890686,0.9010330679134367,-0.0043902355650026,-86.5013810479575,46.6364492,116591123,ok,right
0,761,1,6,0.07680000000000001,1.0,0.3333333333333333,5.0,0.6112110974267125,0.17026189447951093,4.564268274699899,1.6112955617031348,0.2206114123858912,-46.88690274657045,46.823586,117058965,ok,right
0,736,1,6,0.07680000000000001,1.0,0.3333333333333333,5.0,0.6900598673149944,-0.3198289532230331,5.993766537577561,1.6902402611603198,-0.20741664646096314,13.661667871777611,47.8060464,119515116,ok,right
0,803,1,6,0.07680000000000001,1.0,0.3333333333333333,5.0,-0.06827430445700884,0.37679269927353287,2.2781933498403313,0.9318238386940335,0.10770440869278182,269.0830145595709,48.293999199999995,120734998,ok,right
0,763,1,6,0.07680000000000001,1.0,0.3333333333333333,5.0,0.05439771227538586,0.6173474110920996,5.443055734307818,1.0544829831651812,-0.04238904602513101,179.45016828415302,48.707094,121767735,ok,right
0,880,1,6,0.07680000000000001,1.0,0.3333333333333333,5.0,0.42718688640743496,-0.21389702618743583,3.0245497977593345,1.427901721798457,0.2254530747852958,-30.548365419045098,48.807226,122018065,ok,right
0,433,1,6,0.07680000000000001,1.0,0.3333333333333333,5.0,0.4939796462655068,0.78873520321361,3.132674860047897,1.4943402777617536,0.4186516166152125,223.11461355341342,48.815725199999996,122039313,ok,right
0,532,1,6,0.07680000000000001,1.0,0.3333333333333333,5.0,0.006944796815514565,0.38805784213397726,4.906887938641288,1.008799832374662,0.11157380669504342,12.161748867103654,49.048259599999994,122620649,ok,right
0,229,1,6,0.07680000000000001,1.0,0.3333333333333333,5.0,0.15759425666183235,1.9942807005823673,4.858590753018217,1.1580645284936621,0.004484031198075541,12.908121650283533,49.150158399999995,122875396,ok,right
0,210,1,6,0.07680000000000001,1.0,0.3333333333333333,5.0,0.48726290389895444,0.057469561283570544,4.972001891310206,1.4876743810175979,-0.43415745231957115,160.0393177577368,49.235958,123089895,ok,right
0,828,1,6,0.07680000000000001,1.0,0.3333333333333333,5.0,0.43234250061213975,-0.12994338394378463,3.0983440084987004,1.432537042197924,-0.27287168395842437,-294.2360736058542,49.3031996,123257999,ok,right
0,987,1,6,0.07680000000000001,1.0,0.3333333333333333,5.0,0.4429108239710331,0.25757939455216083,0.815126134852499,1.4436179810318839,-0.05761635109556929,120.00580089657618,49.5768092,123942023,ok,right
0,345,1,6,0.07680000000000001,1.0,0.3333333333333333,5.0,0.11500206422060728,-0.9327432894681333,4.524293085824254,1.1150975892746235,0.18592100284639976,-78.01469522101212,49.6956948,124239237,ok,right
0,836,1,6,0.07680000000000001,1.0,0.3333333333333333,5.0,0.6570401549339295,0.3528332300508558,1.5928551155291322,1.6571949421664505,-0.08830779713788496,76.33010150092367,50.681843199999996,126704608,ok,right
0,305,1,6,0.07680000000000001,1.0,0.3333333333333333,5.0,0.04942422602325678,1.46662887673857,2.815634987276056,1.0495494391505946,-0.14199490860036829,94.75820644698565,51.3390056,128347514,ok,right
0,486,1,6,0.07680000000000001,1.0,0.3333333333333333,5.0,0.1852482659742236,-1.0130637235722897,3.8929892390393266,1.1860352197323543,-0.06923369587150195,-69.68698449668555,51.480653999999994,128701635,ok,right
0,330,1,6,0.07680000000000001,1.0,0.3333333333333333,5.0,0.59039940610528,0.10696472227587933,1.287313329744481,1.5906959451195923,0.6343909702284641,133.10404113050282,51.598527999999995,128996320,ok,right
0,931,1,6,0.07680000000000001,1.0,0.3333333333333333,5.0,-0.08650224059820176,0.07206323035385621,2.189634370671953,0.9137217208687474,-0.09351096393027132,197.31567682736068,51.854676399999995,129636691,ok,right
0,73,1,6,0.07680000000000001,1.0,0.3333333333333333,5.0,0.07786763980984689,0.39023071450984476,5.371082426479225,1.0788499758566483,0.26555023044165266,-42.98814863239771,52.1909736,130477434,ok,right
0,538,1,6,0.07680000000000001,1.0,0.3333333333333333,5.0,0.15067907702177763,1.7422582733229777,5.22702912459527,1.1522671117150656,-0.07777733727819673,-20.771848970695956,52.265246,130663115,ok,right
0,685,1,6,0.07680000000000001,1.0,0.3333333333333333,5.0,0.6115659844130278,-0.37431755715773296,0.6315353184609371,1.612950738690986,-0.36994223181409364,252.1803991218856,52.7893136,131973284,ok,right
0,527,1,6,0.07680000000000001,1.0,0.3333333333333333,5.0,0.6928177045658231,-0.18550736973125892,0.9785539404937306,1.693035488715617,-0.21628915132220292,-218.60676590629916,52.9175288,132293822,ok,right
0,342,1,6,0.07680000000000001,1.0,0.3333333333333333,5.0,0.10672723148018122,-1.0592511773559046,2.34836467614059,1.1068709390914442,-0.2443923044222951,-0.165445631947638,54.3809744,135952436,ok,right
0,135,1,6,0.07680000000000001,1.0,0.3333333333333333,5.0,0.09261092338711024,-0.07134987044297099,3.728104761979026,1.093054096886435,-0.09410371117357935,-141.14662087553293,54.642302799999996,136605757,ok,right
0,475,1,6,0.07680000000000001,1.0,0.3333333333333333,5.0,0.5051992690190673,0.9947246291140555,0.6504961045966436,1.5059353450239075,-0.16105982802633795,71.86877868036224,54.906258799999996,137265647,ok,right
0,819,1,6,0.07680000000000001,1.0,0.3333333333333333,5.0,0.2667562110349536,1.3540691381593348,6.198043515927944,1.2667985816084613,0.1925280761633976,-342.07044149750925,55.752810399999994,139382026,ok,right
0,106,1,6,0.07680000000000001,1.0,0.3333333333333333,5.0,0.6372678482905031,-0.48694413969541495,2.618618761010856,1.6373150988828298,0.15553612037996029,272.14120911279673,56.017016,140042540,ok,right
0,387,1,6,0.07680000000000001,1.0,0.3333333333333333,5.0,0.1152115585282445,-0.01700695006946069,1.1889775286122248,1.115926486908354,0.11770267582596011,76.99490940354245,56.110558,140276395,ok,right
0,140,1,6,0.07680000000000001,1.0,0.3333333333333333,5.0,0.1537572843953967,0.738828978049851,1.8306560232228766,1.153829800771717,-0.3183388426417108,133.77347101170406,57.4039836,143509959,ok,right
0,838,1,6,0.07680000000000001,1.0,0.3333333333333333,5.0,0.1513880440965295,-0.6884605964579229,3.600524925618177,1.1517106147824236,-0.13977204962909967,84.8455047227387,57.4629944,143657486,ok,right
0,471,1,6,0.07680000000000001,1.0,0.3333333333333333,5.0,0.3224490519613028,-0.577680710033772,5.2622365200846115,1.3226508750162191,0.07651789225333763,13.74017332053607,57.4735692,143683923,ok,right
0,926,1,6,0.07680000000000001,1.0,0.3333333333333333,5.0,0.34829935133457185,0.1452467043879131,4.109971157664325,1.34856008369231,-0.2631549752879251,-438.7649477559311,57.9737948,144934487,ok,right
0,203,1,6,0.07680000000000001,1.0,0.3333333333333333,5.0,0.21064935326576234,1.2713840713896336,2.749584693890503,1.211068014243581,-0.17362728839890385,-145.29806870799203,59.0024972,147506243,ok,right
0,930,1,6,0.07680000000000001,1.0,0.3333333333333333,5.0,0.682563303411007,0.09662727647542757,4.594911501833307,1.682741876695408,-0.2320423064179808,-61.79655099280913,62.429869999999994,156074675,ok,right
0,149,1,6,0.07680000000000001,1.0,0.3333333333333333,5.0,0.4181825274601579,0.35529540472607907,1.73901356530666,1.41842692591177,0.6531235804923335,13.866348258791596,63.096978799999995,157742447,ok,right
0,418,1,6,0.07680000000000001,1.0,0.3333333333333333,5.0,0.4642624439671636,-0.5153248608290161,0.2745895523170306,1.4643051963039373,0.5338908606054944,-221.40239794574885,63.9435552,159858888,ok,right
0,934,1,6,0.07680000000000001,1.0,0.3333333333333333,5.0,0.2353861626237631,-1.6795757050573836,0.11691126488631046,1.235438084005671,0.357483405415921,3.831275952385027,63.9472508,159868127,ok,right
0,278,1,6,0.07680000000000001,1.0,0.3333333333333333,5.0,0.6493172183632852,-0.31027075101604606,1.6853266369163127,1.6498527883756497,-0.15370477067859684,-311.0363175917944,64.4880708,161220177,ok,right
0,254,1,6,0.07680000000000001,1.0,0.3333333333333333,5.0,0.048749219812452796,-0.9535450565563938,3.3325586617591245,1.0494722214842265,0.2195972814206512,-110.152067026874,65.50277919999999,163756948,ok,right
0,488,1,6,0.07680000000000001,1.0,0.3333333333333333,5.0,0.33941842261701827,-0.02018495180220041,2.15223324613642,1.3399756603332922,-0.2996230285693287,-54.483409799696545,65.621318,164053295,ok,right
0,924,1,6,0.07680000000000001,1.0,0.3333333333333333,5.0,0.47156182285398246,-0.19792508141148715,5.903334135276447,1.4716071871475513,0.2612955832600282,315.07036276519784,65.7283432,164320858,ok,right
0,862,1,6,0.07680000000000001,1.0,0.3333333333333333,5.0,0.4514240819960833,0.679689444435708,0.5344192706277302,1.4522911204414686,-0.0480785120476141,264.155541942944,66.4444448,166111112,ok,right
0,850,1,6,0.07680000000000001,1.0,0.3333333333333333,5.0,0.6224320810288191,-0.008367968220319945,2.5518622014979124,1.6224451593559035,-0.5520072251130331,88.92201343695878,66.7033752,166758438,ok,right
0,415,1,6,0.07680000000000001,1.0,0.3333333333333333,5.0,-0.01793658919632435,-0.17585096540204284,4.549317895613743,0.9824097759942632,0.19270405281181474,-256.85881690055885,66.7611312,166902828,ok,right
0,377,1,6,0.07680000000000001,1.0,0.3333333333333333,5.0,-0.031027163192629815,-0.6480990405667447,2.193640754696786,0.9692581366929859,0.1382980052296331,314.804964955046,67.3811152,168452788,ok,right
0,245,1,6,0.07680000000000001,1.0,0.3333333333333333,5.0,-0.051707370020449166,0.5215490536708727,5.474736615086524,0.9483242335408906,-0.17201224746298652,-76.59617695521442,68.79878599999999,171996965,ok,right
0,881,1,6,0.07680000000000001,1.0,0.3333333333333333,5.0,0.32481971736997367,0.1787978081603389,0.33006906444997186,1.3249663886759964,0.0353250316726,536.9969089838869,73.0507092,182626773,ok,right
0,847,1,6,0.07680000000000001,1.0,0.3333333333333333,5.0,0.5481835128739476,-0.2304593906095251,3.4647906566096194,1.5483701799221457,0.03415957100781639,-231.0654969609599,73.51961039999999,183799026,ok,right
0,524,1,6,0.07680000000000001,1.0,0.3333333333333333,5.0,0.22343808971345425,-1.6267836741721162,2.836842830210698,1.2237435870568243,-0.4138635814929748,-300.5354574403948,73.82310559999999,184557764,ok,right
0,627,1,6,0.07680000000000001,1.0,0.3333333333333333,5.0,0.010387676022946836,0.5125688282392109,1.860545533018076,1.0108961325428456,-0.042616419017472415,50.17468366917753,74.9791316,187447829,ok,right
0,710,1,6,0.07680000000000001,1.0,0.3333333333333333,5.0,0.13695226032286884,0.9601647057752243,3.5121773234830718,1.1369578302849588,-0.46932102849516716,-123.61053074420599,75.4810668,188702667,ok,right
0,588,1,6,0.07680000000000001,1.0,0.3333333333333333,5.0,-0.09134852122515441,-0.2821658412404703,3.2960898344346554,0.9088067331350151,0.031772059888959835,-9.131372257759573,78.04351,195108775,ok,right
0,669,1,6,0.07680000000000001,1.0,0.3333333333333333,5.0,0.2847028508782387,-1.3905614235942472,3.4644353372148546,1.284895192163452,0.035247344244966554,96.90087809953187,83.94053799999999,209851345,ok,right
0,873,1,6,0.07680000000000001,1.0,0.3333333333333333,5.0,0.6331549938768148,-0.0060823163394487945,1.085541683454092,1.6331596832845297,0.46213968032717373,-102.24407236868873,86.9218224,217304556,ok,right
0,670,1,6,0.07680000000000001,1.0,0.3333333333333333,5.0,0.6797353252768517,0.09649089775169777,1.6791769096697742,1.6798779845275915,-0.08120303974009682,239.11734469897988,89.9726512,224931628,ok,right
0,24,1,6,0.07680000000000001,1.0,0.3333333333333333,5.0,0.26577540915459397,-0.09038172869803338,5.442938498978782,1.2659661479463267,-0.1252563197514653,60.45592418767252,94.2372824,235593206,ok,right
0,448,1,6,0.07680000000000001,1.0,0.3333333333333333,5.0,0.0016642505303025247,0.5842761301339742,0.8822758770059352,1.0019843544470628,-0.21357563150766098,-209.98444064345364,97.7696828,244424207,ok,right
0,489,1,6,0.07680000000000001,1.0,0.3333333333333333,5.0,0.23765362165868284,0.3084513702208708,3.8066618404595225,1.2384208723690153,0.3326273971383543,-81.03387809429297,98.46476919999999,246161923,ok,right
0,221,1,6,0.07680000000000001,1.0,0.3333333333333333,5.0,0.24838757142424583,1.1411714303206104,3.3264221431999235,0.5161259823101498,-0.7292677947024593,-323.33328972607467,100.0,250000000,max_steps,not_passed
0,295,1,6,0.07680000000000001,1.0,0.3333333333333333,5.0,0.44213131926953797,0.8101322973215923,5.236651020608718,0.404213645000922,-0.4881965543871691,-191.51871841943253,100.0,250000000,max_steps,not_passed
0,866,1,6,0.07680000000000001,1.0,0.3333333333333333,5.0,0.557655598782003,0.3680848992103582,0.18414131246479004,0.37584828839255285,-1.152033109065867,-229.01144172757498,100.0,250000000,max_steps,not_passed
0,985,1,6,0.07680000000000001,1.0,0.3333333333333333,5.0,0.6405186396092177,0.5353741150605636,0.7217504847418708,0.37366330718720714,1.2396007067071817,82.86948695854552,100.0,250000000,max_steps,not_passed
