combo_id,trial_id,device_id,m,l,beta_pe,abs_delta_alpha_e_over_p,f,x0,y0,phi0,x_end,y_end,phi_end,T,steps,status,pass_direction
35,709,1,6,0.07680000000000001,1.0,10.0,10.0,0.4930443959310651,-0.31742853961533923,4.97525881508844,1.493515632093336,0.06664320308601569,0.4213248518952461,0.0556244,139061,ok,right
35,726,1,6,0.07680000000000001,1.0,10.0,10.0,0.11042718775570393,-0.06624766110389199,2.826705331646049,1.1109925476398923,0.11466281776683503,2.628292127559941,0.06741359999999999,168534,ok,right
35,835,1,6,0.07680000000000001,1.0,10.0,10.0,0.5398186249658465,-0.08353695937363313,2.9298718345678534,1.5411791076665982,-0.14546142866010633,0.21108898820787944,0.07106839999999999,177671,ok,right
35,965,1,6,0.07680000000000001,1.0,10.0,10.0,0.6994922216981649,0.0240615473823087,1.097771536693712,1.6996788590438028,-0.07994913537946748,2.818852856484477,0.0784064,196016,ok,right
35,249,1,6,0.07680000000000001,1.0,10.0,10.0,-0.08015640154480935,0.15986968928541506,4.984203069892554,0.9203611770591404,-0.014965455619117043,-3.5584633550935454,0.0875836,218959,ok,right
35,331,1,6,0.07680000000000001,1.0,10.0,10.0,0.4135369203984738,0.027244452813731296,1.3951503346857272,1.4136340188542693,0.13500861736329908,3.366366158616484,0.085434,213585,ok,right
35,24,1,6,0.07680000000000001,1.0,10.0,10.0,-0.007025222480297089,-0.1600064717092416,2.7489659292821877,0.9936630469339978,-0.004070738700720692,-0.10336837266332669,0.0887488,221872,ok,right
35,28,1,6,0.07680000000000001,1.0,10.0,10.0,0.29975843094289306,-0.10367211238503855,5.8737654975439995,1.2999124008107197,-0.011800344959948927,6.094895140133396,0.0905988,226497,ok,right
35,995,1,6,0.07680000000000001,1.0,10.0,10.0,0.6981753274798393,0.2090053707184583,4.661207604954966,1.6992902131450889,-0.08773569717437017,8.910284767897723,0.0901164,225291,ok,right
35,330,1,6,0.07680000000000001,1.0,10.0,10.0,0.6770096184685827,0.19725575112696658,5.88461322966987,1.6773330755956086,0.14250619298159684,6.037793510759357,0.09515159999999999,237879,ok,right
35,312,1,6,0.07680000000000001,1.0,10.0,10.0,0.515431016869843,0.008168821321766337,1.5468125090297606,1.5162756184499275,-0.06335895530773449,3.1819818292455073,0.098426,246065,ok,right
35,311,1,6,0.07680000000000001,1.0,10.0,10.0,-0.06712082382291555,-0.1208279357414905,5.716065955376505,0.9333186521898282,0.049171194924982245,9.421130151322286,0.1039252,259813,ok,right
35,446,1,6,0.07680000000000001,1.0,10.0,10.0,0.39067906904965644,0.009126238214962775,3.1502209049225227,1.3907734700758885,-0.20486398937741754,2.8400409763315446,0.1019288,254822,ok,right
35,668,1,6,0.07680000000000001,1.0,10.0,10.0,0.6244738845154644,-0.1025373237939854,1.538627814458665,1.6258714443785687,0.40382226507761143,0.309822263883515,0.106712,266780,ok,right
35,679,1,6,0.07680000000000001,1.0,10.0,10.0,0.6285141233354807,0.17935563975670443,1.9954109223143057,1.6292362041569983,0.14080972896738772,9.103762626518591,0.11195,279875,ok,right
35,206,1,6,0.07680000000000001,1.0,10.0,10.0,0.07259875237941742,0.21005065502591444,0.33013535073106154,1.073206802241588,-0.020290897745500424,3.2493976566711784,0.1161976,290494,ok,right
35,485,1,6,0.07680000000000001,1.0,10.0,10.0,0.10073249470442534,-0.35008100237214856,2.3149060324423516,1.1007540443649269,0.01707393114964545,7.018780280419803,0.116114,290285,ok,right
35,769,1,6,0.07680000000000001,1.0,10.0,10.0,0.6323411555960775,0.092123119731565,1.67502020057187,1.6323496260389778,-0.004214742723241157,0.31132730433547773,0.11911039999999999,297776,ok,right
35,730,1,6,0.07680000000000001,1.0,10.0,10.0,0.0045971406623721124,0.3754088959336831,4.036759312668544,1.004730156012322,0.05173606763521734,-0.11445324593606056,0.12342919999999999,308573,ok,right
35,803,1,6,0.07680000000000001,1.0,10.0,10.0,0.010383191891014576,-0.1587770656703803,0.4377876871344077,1.0104193100974836,0.05701890680841654,2.883318371597183,0.1223528,305882,ok,right
35,844,1,6,0.07680000000000001,1.0,10.0,10.0,0.5113302873447537,-0.31124300007297256,2.830883945016354,1.5128261580209938,-0.13817991454176967,3.0380580491227978,0.1219412,304853,ok,right
35,756,1,6,0.07680000000000001,1.0,10.0,10.0,0.021357569098472598,-0.06431637523398832,5.961607048520042,1.022055671933911,-0.06263625698009817,3.1496649632736653,0.1261344,315336,ok,right
35,450,1,6,0.07680000000000001,1.0,10.0,10.0,-0.030024516209959985,0.2962464877444251,4.607855937889599,0.9702846227142498,0.021845738244703643,3.27223988774278,0.12812959999999998,320324,ok,right
35,607,1,6,0.07680000000000001,1.0,10.0,10.0,0.5690967818722129,0.05898629444259388,2.4872917887267554,1.569109598295854,0.0325712464442204,8.661127584610828,0.13150799999999999,328770,ok,right
35,10,1,6,0.07680000000000001,1.0,10.0,10.0,0.5757919270545244,0.04065982545407292,5.747176605317094,1.5759449517863162,0.04041079194505311,8.780200200901009,0.1326804,331701,ok,right
35,194,1,6,0.07680000000000001,1.0,10.0,10.0,0.637349608540535,0.283110114723776,3.139366003035146,1.637784212176808,0.3858442791014971,-0.07407093611061538,0.1350244,337561,ok,right
35,947,1,6,0.07680000000000001,1.0,10.0,10.0,0.45704103093594317,0.20587526641388798,5.0369952819743755,1.457641848032529,-0.3817312202453225,0.20723971444652717,0.1392332,348083,ok,right
35,176,1,6,0.07680000000000001,1.0,10.0,10.0,0.12175077684223652,-0.08816643486903789,0.2948405722190095,1.1219056523589679,-0.13735472548001357,3.133148700934506,0.1422056,355514,ok,right
35,592,1,6,0.07680000000000001,1.0,10.0,10.0,0.3814891977235675,0.333025474430355,1.7487639230824843,1.381700521437293,-0.520213813652232,2.866361264693838,0.1419524,354881,ok,right
35,91,1,6,0.07680000000000001,1.0,10.0,10.0,0.5341596523299813,0.5943246435180995,2.862511379545952,1.534269031088945,0.34236987899002114,6.579265345291335,0.1443748,360937,ok,right
35,128,1,6,0.07680000000000001,1.0,10.0,10.0,-0.01641370002180338,0.18909035588366277,3.646962160121103,0.9837938332882473,-0.039385169726359845,3.010678268291626,0.1451312,362828,ok,right
35,391,1,6,0.07680000000000001,1.0,10.0,10.0,0.02209975626319647,-0.4313586860206405,0.7495507529517722,1.0222131024500571,0.04187297844373929,3.415313928909811,0.147248,368120,ok,right
35,50,1,6,0.07680000000000001,1.0,10.0,10.0,0.6666168119758368,0.212312683821962,5.319117832505304,1.6674761485861032,0.12154577521058738,9.462507881921779,0.15231,380775,ok,right
35,632,1,6,0.07680000000000001,1.0,10.0,10.0,0.2632106801494956,0.298690461391433,4.748682298501353,1.2636840797688536,-0.32483608998613644,9.077191048300593,0.15410359999999998,385259,ok,right
35,816,1,6,0.07680000000000001,1.0,10.0,10.0,0.2863335443660617,-0.02185994671788229,1.4105384773779228,1.2865712464793035,0.27667173870709305,-0.19868497924800463,0.15375439999999999,384386,ok,right
35,244,1,6,0.07680000000000001,1.0,10.0,10.0,0.13058700393885375,-0.5342491126952224,4.369328884474684,1.130672514854402,-0.04521504926321613,3.259135835216693,0.1677004,419251,ok,right
35,847,1,6,0.07680000000000001,1.0,10.0,10.0,-0.0402281440794468,-0.06951868702974764,5.952755689013962,0.960041877107221,0.029990121918217295,9.458475055223664,0.167856,419640,ok,right
35,852,1,6,0.07680000000000001,1.0,10.0,10.0,0.43732433170080187,-0.22395754754341804,1.1029418607670343,1.4376589038413283,-0.37552126614645426,-4.100893213587418,0.167018,417545,ok,right
35,956,1,6,0.07680000000000001,1.0,10.0,10.0,0.17286858074367048,-0.688754820418582,3.253572367502925,1.1729285987313731,-0.04373087475453503,0.28942114805436964,0.16511879999999998,412797,ok,right
35,728,1,6,0.07680000000000001,1.0,10.0,10.0,0.15779609829187394,0.2598540093093358,2.785408861493736,1.1583021003944816,0.22406144945247838,-6.01398445340191,0.16813599999999998,420340,ok,right
35,534,1,6,0.07680000000000001,1.0,10.0,10.0,0.41577578913420443,0.18388564306015992,3.98429778590395,1.4158021718412708,0.16376025088574656,-0.6885582103550053,0.1723768,430942,ok,right
35,700,1,6,0.07680000000000001,1.0,10.0,10.0,0.6577294366434216,0.22901485923474799,3.5515884126102693,1.657741984722835,0.0027807290876008858,-0.24954327225259654,0.1793408,448352,ok,right
35,861,1,6,0.07680000000000001,1.0,10.0,10.0,0.6087318032979966,0.4272938597346437,3.0019302257119374,1.609174062984026,-0.1725301490828947,2.6305805363792834,0.1800264,450066,ok,right
35,288,1,6,0.07680000000000001,1.0,10.0,10.0,0.526251251809299,0.047852660690916,2.405000016441271,1.5266808541312866,0.124750420422956,3.300412948675621,0.184534,461335,ok,right
35,433,1,6,0.07680000000000001,1.0,10.0,10.0,0.3942114230245352,0.19201544960619263,2.5145157798581175,1.3952303806493536,0.04369881502883613,0.055813573959697604,0.18506799999999998,462670,ok,right
35,721,1,6,0.07680000000000001,1.0,10.0,10.0,0.5505669996142387,0.3870344126221958,1.6756425200711178,1.5506962498210468,0.4039288910895154,3.441266568006564,0.1842372,460593,ok,right
35,907,1,6,0.07680000000000001,1.0,10.0,10.0,0.6835383318364621,0.01789433885995846,0.6129167234931521,1.6847293533738428,-0.16321031824695284,-6.09792698622001,0.1854572,463643,ok,right
35,595,1,6,0.07680000000000001,1.0,10.0,10.0,0.6987950595095754,-0.21240653392873013,3.277754916837457,1.6988170554807087,0.07873953233678513,2.627787417378822,0.1895672,473918,ok,right
35,125,1,6,0.07680000000000001,1.0,10.0,10.0,0.6823704078793527,0.049040692995886905,5.4920122234620985,1.682765894935015,0.059233964959261094,9.056655287357204,0.1967132,491783,ok,right
35,880,1,6,0.07680000000000001,1.0,10.0,10.0,0.3775257918983698,0.0783434618534028,4.6364992945660894,1.3776945863730925,-0.10387547177458252,-3.486263049815195,0.20348239999999998,508706,ok,right
35,895,1,6,0.07680000000000001,1.0,10.0,10.0,-0.07540074959397317,0.12287636346232342,3.918470142798389,0.9246634829518321,0.05444007504927842,-2.9821905643575297,0.2007752,501938,ok,right
35,959,1,6,0.07680000000000001,1.0,10.0,10.0,0.5860116653144359,0.01955816342770802,5.040175330870462,1.586821011082166,-0.4674444456076659,0.2756563046331544,0.20844839999999998,521121,ok,right
35,980,1,6,0.07680000000000001,1.0,10.0,10.0,0.6043846560642123,-0.17438477712080183,0.12816221088194285,1.6045525512831225,0.060536428686305474,-3.32622774794294,0.2116648,529162,ok,right
35,207,1,6,0.07680000000000001,1.0,10.0,10.0,0.5819114571437239,-0.39189331885096745,4.826192678114069,1.5828603571887914,-0.20808276637515263,-6.727725519677844,0.21513839999999998,537846,ok,right
35,326,1,6,0.07680000000000001,1.0,10.0,10.0,0.09117210991680623,-0.03219555709442579,3.1515324285356026,1.0914002348688827,-0.14307928717674245,2.71329188593783,0.21470799999999998,536770,ok,right
35,551,1,6,0.07680000000000001,1.0,10.0,10.0,0.5708830462768674,-0.27007314282308104,6.108423752916518,1.5711113936258525,0.3713512337776818,6.60293916489543,0.2142516,535629,ok,right
35,558,1,6,0.07680000000000001,1.0,10.0,10.0,0.15391899086534977,-0.29929166473638386,2.1886764636169938,1.154488582820985,-0.04541484804021079,3.7355565760489102,0.21477359999999998,536934,ok,right
35,775,1,6,0.07680000000000001,1.0,10.0,10.0,-0.030552660301327708,0.7144039727129544,0.19940926327051092,0.9707680353164424,0.0019639492141639093,0.6776764154940499,0.21211039999999998,530276,ok,right
35,837,1,6,0.07680000000000001,1.0,10.0,10.0,0.3747051486745477,0.33780909653791885,1.9561347025306721,1.37478030477899,-0.09159965733409632,0.32060869875916803,0.21478999999999998,536975,ok,right
35,952,1,6,0.07680000000000001,1.0,10.0,10.0,-0.05237363148480654,-0.00508187792515933,0.26132127447428655,0.9486543803979348,0.02106718659382633,-3.415372024357891,0.21370119999999998,534253,ok,right
35,179,1,6,0.07680000000000001,1.0,10.0,10.0,0.5530787792056799,-0.08229873091561561,6.098494932301286,1.5531689845247498,0.12508930462829834,6.187142753980296,0.2174924,543731,ok,right
35,474,1,6,0.07680000000000001,1.0,10.0,10.0,0.00940107312053442,0.3030851047390341,2.084047390790425,1.0098416156743455,0.11454373299014127,3.3625053604628525,0.21745199999999998,543630,ok,right
35,794,1,6,0.07680000000000001,1.0,10.0,10.0,0.08256469424813986,0.20740414978010607,1.9836895954911382,1.0830179736759982,0.13665942317221014,6.183751460768652,0.2181032,545258,ok,right
35,6,1,6,0.07680000000000001,1.0,10.0,10.0,0.4235590422526002,-0.2528818552847391,4.321463740985046,1.4246593810378978,-0.0874673670182797,-0.1962601455600685,0.2212564,553141,ok,right
35,647,1,6,0.07680000000000001,1.0,10.0,10.0,-0.07674312684684992,-0.13662476016854816,0.4611094657115254,0.9234095917238982,-0.03605631317559811,-0.1327305238116889,0.2221332,555333,ok,right
35,77,1,6,0.07680000000000001,1.0,10.0,10.0,0.2546037258580327,-0.1219362498493322,0.6042148244755579,1.2547622823491635,0.05991322142058576,3.0511063209265976,0.22453959999999998,561349,ok,right
35,439,1,6,0.07680000000000001,1.0,10.0,10.0,-0.005981005541980267,-0.2926973726205849,4.173965123658446,0.9942201941813252,-0.06159744431039082,2.6824178892068353,0.22779,569475,ok,right
35,32,1,6,0.07680000000000001,1.0,10.0,10.0,-0.01582396347075701,-0.6196246324848926,4.401726128441363,0.984274236522605,-0.0983279099326976,9.468864547327854,0.237644,594110,ok,right
35,64,1,6,0.07680000000000001,1.0,10.0,10.0,0.4890193540602923,0.3151935892768207,0.16452348154338803,1.4892679161108306,-0.037610556202658775,-0.43552444471382445,0.23970919999999998,599273,ok,right
35,667,1,6,0.07680000000000001,1.0,10.0,10.0,0.16035051960498095,-0.01175079758645033,2.0417471964518272,1.1605271633714038,-0.0821412563597526,9.385143479763785,0.23789919999999998,594748,ok,right
35,572,1,6,0.07680000000000001,1.0,10.0,10.0,-0.059758385643363,0.1171088755591979,2.200836305986094,0.9411032579793243,0.012316620347463015,-0.03788725453804706,0.2433,608250,ok,right
35,663,1,6,0.07680000000000001,1.0,10.0,10.0,0.6422528684139253,-0.3251825497846891,1.8965083691631244,1.6424410267562726,-0.045928487133089696,-0.14391747361139304,0.2435928,608982,ok,right
35,813,1,6,0.07680000000000001,1.0,10.0,10.0,0.6213764922693372,-0.5809164885143996,1.7121615576699034,1.6220214414417329,-0.14425866084345457,0.2860269200685566,0.246362,615905,ok,right
35,936,1,6,0.07680000000000001,1.0,10.0,10.0,0.4839418025687337,0.10126580173265382,2.2677809762831784,1.484598718391474,-0.032831154744966555,9.45786173194756,0.24748959999999998,618724,ok,right
35,938,1,6,0.07680000000000001,1.0,10.0,10.0,0.6394332498311996,0.005094583334607566,1.1342510564864223,1.6394784252079706,-0.17491875349270364,-0.6829523541354886,0.24482199999999998,612055,ok,right
35,716,1,6,0.07680000000000001,1.0,10.0,10.0,0.33292355425655845,-0.4725551450252682,3.462580000138333,1.333048891770353,-0.007980291988676624,3.306469394263137,0.2509604,627401,ok,right
35,17,1,6,0.07680000000000001,1.0,10.0,10.0,0.6862238975241781,-0.2724031685144904,0.5380285089669942,1.6863258299869945,0.044503180450280296,-5.920315069429656,0.253308,633270,ok,right
35,493,1,6,0.07680000000000001,1.0,10.0,10.0,0.4398129113018513,0.5695127658400283,2.4892291018807673,1.439872344496712,-0.003371318567402401,0.7478758264226488,0.2548236,637059,ok,right
35,174,1,6,0.07680000000000001,1.0,10.0,10.0,0.012943156063556671,0.3521208598669743,2.555426516548798,1.0142350802929392,-0.025156644891035595,3.0768917649701866,0.259588,648970,ok,right
35,821,1,6,0.07680000000000001,1.0,10.0,10.0,0.6912284959107637,-0.2630437707066384,2.6703343546243405,1.6915046957855187,0.17119408613570986,8.435861804512076,0.2564188,641047,ok,right
35,364,1,6,0.07680000000000001,1.0,10.0,10.0,0.5266124371439219,-0.2523639842058759,0.16199513046741715,1.5271574119819162,0.7401142995836593,-6.629820896186588,0.2600924,650231,ok,right
35,823,1,6,0.07680000000000001,1.0,10.0,10.0,0.6000457093119622,-0.164549924464998,3.373343180803762,1.6011904359791547,0.2795377029446318,0.7383018566032823,0.263522,658805,ok,right
35,742,1,6,0.07680000000000001,1.0,10.0,10.0,0.215050807595253,-0.268466088323954,5.0917250090929045,1.2157405438875422,-0.16579434148058783,5.895176914393105,0.267082,667705,ok,right
35,239,1,6,0.07680000000000001,1.0,10.0,10.0,0.0043448556214571,-0.05620447496637137,0.31006967230929927,1.0046540123619214,0.0920647635979771,0.34373349103091677,0.2705384,676346,ok,right
35,277,1,6,0.07680000000000001,1.0,10.0,10.0,0.39701590295881034,-0.43239462369257864,1.5899902289265342,1.397619476822679,-0.2875077621619167,3.0278075743790116,0.27521799999999996,688045,ok,right
35,684,1,6,0.07680000000000001,1.0,10.0,10.0,0.576032130047679,-0.6319401429274643,5.653156421296184,1.5761222307927654,0.3687699796653489,0.45576977118535844,0.27286279999999996,682157,ok,right
35,58,1,6,0.07680000000000001,1.0,10.0,10.0,0.5749033175408841,-0.3149685849237385,3.703643901257422,1.5755525836261675,0.1229539106647418,-0.33769900875343883,0.2784048,696012,ok,right
35,675,1,6,0.07680000000000001,1.0,10.0,10.0,0.3757981345057488,-0.43806054285598856,4.060926897814043,1.375999581160607,0.006721539415315283,3.1307649504908577,0.2762768,690692,ok,right
35,789,1,6,0.07680000000000001,1.0,10.0,10.0,0.688841774687171,-0.19025436398093662,2.913858216862113,1.6889146813052855,0.18345649192549762,0.849436389474201,0.2770864,692716,ok,right
35,41,1,6,0.07680000000000001,1.0,10.0,10.0,-0.04031319431960583,0.4839594417833661,4.891580888424062,0.9599682930885342,-0.04019788215032189,0.5679760420926365,0.28052879999999997,701322,ok,right
35,65,1,6,0.07680000000000001,1.0,10.0,10.0,0.008153731562197208,0.21199605313128667,4.429095764770861,1.0085843633013227,0.23969388994949656,-0.3265874601955592,0.2836912,709228,ok,right
35,543,1,6,0.07680000000000001,1.0,10.0,10.0,0.15373268965631726,0.28626330850308296,4.750371772851884,1.154264772030605,-0.13156251480594197,2.8048107682766963,0.28274879999999997,706872,ok,right
35,610,1,6,0.07680000000000001,1.0,10.0,10.0,0.6003595467656851,-0.06951910586598153,1.8101483796943507,1.6009683794220657,-0.14053246849394244,-3.490519245212955,0.28099999999999997,702500,ok,right
35,646,1,6,0.07680000000000001,1.0,10.0,10.0,-0.020868678577244282,0.28594881436903896,2.149169535800587,0.9794386667168499,-0.0813040317533036,2.5195625793197696,0.2829216,707304,ok,right
35,87,1,6,0.07680000000000001,1.0,10.0,10.0,-0.019658473879098894,-0.6189858352117976,3.7509395834038526,0.9810123835049094,-0.010088931001418519,0.013202597234607845,0.2859912,714978,ok,right
35,745,1,6,0.07680000000000001,1.0,10.0,10.0,0.08925286903977395,-0.12446221904926844,4.321253505027874,1.0892985062341252,0.027432086592017544,-12.418354300936649,0.2875928,718982,ok,right
35,561,1,6,0.07680000000000001,1.0,10.0,10.0,0.4721317119896412,0.6349691457679021,1.4703568977409507,1.4725178842490665,-0.09737370880592665,6.5160047399193335,0.28801519999999997,720038,ok,right
35,594,1,6,0.07680000000000001,1.0,10.0,10.0,0.19596727192401886,0.14540138927139867,2.4611001788839317,1.196265769815358,-0.17367961368967266,2.4870686323346667,0.29285839999999996,732146,ok,right
35,469,1,6,0.07680000000000001,1.0,10.0,10.0,0.2020387087017298,0.7097374788964568,5.459770755401253,1.2021607375354253,0.15213222410979677,12.952690340436801,0.2985584,746396,ok,right
35,43,1,6,0.07680000000000001,1.0,10.0,10.0,0.39962028190493587,1.1072241178799975,0.6397837084852042,1.4005596749686318,-0.3835538752372038,9.30371129755394,0.3023552,755888,ok,right
35,488,1,6,0.07680000000000001,1.0,10.0,10.0,0.3010158807039261,0.49372647518494617,3.696139549905352,1.3011832207166512,0.05661572870240073,-12.697984706604824,0.3066952,766738,ok,right
35,904,1,6,0.07680000000000001,1.0,10.0,10.0,0.40186841022223235,-0.44605191233730607,6.158288382115619,1.4022847494054052,-0.2772481510722517,9.393476451351203,0.3065464,766366,ok,right
35,117,1,6,0.07680000000000001,1.0,10.0,10.0,0.5687634222209453,0.38971457980723095,1.8050046836559073,1.56894917648461,-0.3285142577645016,4.111842330378451,0.31256439999999996,781411,ok,right
35,406,1,6,0.07680000000000001,1.0,10.0,10.0,0.14584812689572574,0.3267723434481646,6.1565873009730465,1.1467442296323551,0.03340041115817732,3.068895625017452,0.31530959999999997,788274,ok,right
35,914,1,6,0.07680000000000001,1.0,10.0,10.0,0.5706324016675354,-0.20536448339867777,3.9135988318658783,1.5715145208166452,0.016094373466898758,2.9929142805418976,0.3191932,797983,ok,right
35,90,1,6,0.07680000000000001,1.0,10.0,10.0,0.6702213034033776,0.09274297764360911,3.1747101082189944,1.671125221995606,-0.19999448512151474,3.3857958274527666,0.3220588,805147,ok,right
35,628,1,6,0.07680000000000001,1.0,10.0,10.0,-0.07217892818152905,-0.12021965072502579,2.3585970039809734,0.9282044041717243,0.07074210690419216,6.518172190944719,0.3202724,800681,ok,right
35,189,1,6,0.07680000000000001,1.0,10.0,10.0,0.641198331490159,-0.40824410229952174,1.4417100505419218,1.642126689480403,0.10948420148532341,-0.0574178439045159,0.3277152,819288,ok,right
35,348,1,6,0.07680000000000001,1.0,10.0,10.0,0.6533161956816912,-0.31239761285030004,4.5502806771117426,1.653668993087849,0.10084601747848171,-3.1149170883019663,0.32661,816525,ok,right
35,473,1,6,0.07680000000000001,1.0,10.0,10.0,0.30701108518987896,-0.21787545907252576,3.2869195456210316,1.3074838699012379,0.10213937836682281,1.0173468052754402,0.3242856,810714,ok,right
35,547,1,6,0.07680000000000001,1.0,10.0,10.0,0.14775153622031212,0.611661989243317,4.724835162635281,1.1481265239741092,0.11587756994085098,-2.9937321211150327,0.3255204,813801,ok,right
35,19,1,6,0.07680000000000001,1.0,10.0,10.0,0.08088429942727089,0.4653712672692946,1.526354587160913,1.0812210202709365,0.10872430460846923,3.1920866521528324,0.3294572,823643,ok,right
35,76,1,6,0.07680000000000001,1.0,10.0,10.0,-0.09709653817117214,-0.2513520905781545,3.7848971640905336,0.9035371013769948,-0.056285668784383756,3.776492275132733,0.3303388,825847,ok,right
35,327,1,6,0.07680000000000001,1.0,10.0,10.0,0.19565392807126047,-0.34692945889682153,5.785552377079167,1.1962580476641989,0.31417835047891346,2.8755344110369228,0.329044,822610,ok,right
35,467,1,6,0.07680000000000001,1.0,10.0,10.0,0.15028372053056957,1.0574942374384655,6.265272183974675,1.1508278795834384,0.14351888616211672,9.624956095991633,0.3292932,823233,ok,right
35,912,1,6,0.07680000000000001,1.0,10.0,10.0,0.04700025133788586,-0.041448122192440796,5.451214286532838,1.0471862809324177,-0.1199932655670216,-9.516925524760925,0.3315316,828829,ok,right
35,97,1,6,0.07680000000000001,1.0,10.0,10.0,-0.06436105947941542,0.3524322291914111,1.3945250791098942,0.9361743776839788,0.03179956809751136,-9.422379959482873,0.3321652,830413,ok,right
35,153,1,6,0.07680000000000001,1.0,10.0,10.0,0.3710555167868734,0.08877202341858176,3.71135248182503,1.3713870339978784,-0.27748046758048484,-6.122512130388507,0.3329272,832318,ok,right
35,774,1,6,0.07680000000000001,1.0,10.0,10.0,-0.07843158766627312,0.01950189823391493,1.6153724661757405,0.921576917341544,-0.048725791661174966,-3.169495671274223,0.3352708,838177,ok,right
35,909,1,6,0.07680000000000001,1.0,10.0,10.0,0.5756276775151491,0.09117549472915881,0.86606498918596,1.575861036504038,0.42370547772148737,-9.592320401686838,0.3352872,838218,ok,right
35,142,1,6,0.07680000000000001,1.0,10.0,10.0,0.6074287604540587,-0.4315186415610414,1.4608697511117845,1.6076463557136949,0.2914785502438068,0.1020480934796339,0.3392208,848052,ok,right
35,74,1,6,0.07680000000000001,1.0,10.0,10.0,0.04558030478656292,-1.4091823135400534,4.363249703526682,1.0457067106938356,0.038949516307344466,5.904960065234046,0.341618,854045,ok,right
35,685,1,6,0.07680000000000001,1.0,10.0,10.0,0.17234466057270767,0.7011945269987867,1.6130640443521342,1.1733111485428889,0.14509237425518537,3.153129637738678,0.34299799999999997,857495,ok,right
35,913,1,6,0.07680000000000001,1.0,10.0,10.0,0.5140488654375076,-0.4021805995108041,0.4665590535315894,1.5142259111273284,0.08915467347315913,-3.5575396441739797,0.34621759999999996,865544,ok,right
35,957,1,6,0.07680000000000001,1.0,10.0,10.0,0.34623768720775844,-0.18954163648151096,1.600973373138576,1.3464734430026475,0.087879950237342,0.17036847673960917,0.34611759999999997,865294,ok,right
35,57,1,6,0.07680000000000001,1.0,10.0,10.0,0.6337000763043762,0.019070568818814294,2.5154087187211767,1.6341572759621652,-0.12949014080259755,2.616525677309501,0.349978,874945,ok,right
35,613,1,6,0.07680000000000001,1.0,10.0,10.0,0.40485233068466187,-0.14083596786095723,0.5791630589575401,1.4051832653325516,-0.054620374959685476,-6.408330998525229,0.3495424,873856,ok,right
35,801,1,6,0.07680000000000001,1.0,10.0,10.0,0.09717200659215451,-0.18888354663219778,5.661275489362244,2.8091105193389123,-0.005445792591490396,0.7411001566312441,0.3572132,893033,ok,right
35,487,1,6,0.07680000000000001,1.0,10.0,10.0,0.4957240389660001,-0.21870926145265118,2.800703936263564,1.495739027328089,-0.3859021233880228,-0.023739393938820977,0.3624308,906077,ok,right
35,729,1,6,0.07680000000000001,1.0,10.0,10.0,0.667003083974123,0.40663426536069963,4.351595804060706,1.6678301825165656,-0.23390148306144729,0.45923264303820854,0.3611716,902929,ok,right
35,737,1,6,0.07680000000000001,1.0,10.0,10.0,0.08937389180064202,0.5414046249428666,3.4402988039685063,1.0899282700406276,-0.10288682945511363,2.968175905834829,0.3624308,906077,ok,right
35,783,1,6,0.07680000000000001,1.0,10.0,10.0,0.33243813887238505,-0.9305366344166955,2.071181469547448,1.3327661658912555,-0.1451685830053679,0.4056293721743817,0.3614424,903606,ok,right
35,437,1,6,0.07680000000000001,1.0,10.0,10.0,-0.029309551790356637,0.03126609945750221,6.183171793558156,0.9715330019348339,-0.01994791315150096,5.994649828120881,0.3658608,914652,ok,right
35,421,1,6,0.07680000000000001,1.0,10.0,10.0,-0.0033427329733967783,-0.7953243822813557,4.856062723784223,0.997544066505665,0.1446351237352047,6.345670873086981,0.36955479999999996,923887,ok,right
35,929,1,6,0.07680000000000001,1.0,10.0,10.0,-0.06114033795893192,0.07714837120863645,2.129179986172752,0.9392684531942592,-0.04067699936089906,3.34948625776722,0.371212,928030,ok,right
35,107,1,6,0.07680000000000001,1.0,10.0,10.0,0.5576919117942453,0.40536780349067963,5.665423456061706,2.801066503083714,-0.003410058509961851,10.04161272796639,0.37272679999999997,931817,ok,right
35,708,1,6,0.07680000000000001,1.0,10.0,10.0,0.2662755023688078,0.48051129393701014,1.4195779227985366,1.2669116186670468,-0.3589976454709153,3.2292509039737234,0.3731652,932913,ok,right
35,796,1,6,0.07680000000000001,1.0,10.0,10.0,0.3786123361438513,0.9294357191440897,5.912296881365083,1.3789978874433957,0.19354658463196528,-9.377270781749269,0.3729788,932447,ok,right
35,435,1,6,0.07680000000000001,1.0,10.0,10.0,0.6449311273172498,-0.3586026860006236,6.014982650388105,1.645779431947935,0.15658870473571715,-9.330856374957003,0.37923039999999997,948076,ok,right
35,509,1,6,0.07680000000000001,1.0,10.0,10.0,0.18555788937956097,-0.40568381853252883,3.015340144746034,1.1855661025079065,-0.16992119912930118,3.072572584490724,0.378094,945235,ok,right
35,571,1,6,0.07680000000000001,1.0,10.0,10.0,0.0980343084782362,-0.07051147494506117,2.902793564706367,1.098655392795299,-0.036232917000332855,2.942771254741455,0.382256,955640,ok,right
35,719,1,6,0.07680000000000001,1.0,10.0,10.0,0.4890549167990685,-0.26145908855671657,3.2739522734135234,1.491090658976702,0.20520367474917087,-0.39588710954426304,0.3816352,954088,ok,right
35,637,1,6,0.07680000000000001,1.0,10.0,10.0,-0.09819565359503031,0.18182002868680078,1.2117268146798743,0.9022099287422403,-0.012206911540612514,6.105398770459072,0.3877,969250,ok,right
35,145,1,6,0.07680000000000001,1.0,10.0,10.0,0.6587538361549378,0.2818175129691516,3.9568862984140405,1.6587570847229944,-0.28621116002299046,9.005247003267923,0.3910336,977584,ok,right
35,305,1,6,0.07680000000000001,1.0,10.0,10.0,0.5836725769564509,0.5548456805579922,5.088715852435166,1.5837233995584112,0.016529681290747018,2.958723388859969,0.3884516,971129,ok,right
35,310,1,6,0.07680000000000001,1.0,10.0,10.0,0.1262231845408678,-0.907330312114479,3.2097649827952277,1.126426773465967,-0.09079933337567252,3.004089332575419,0.39166399999999996,979160,ok,right
35,177,1,6,0.07680000000000001,1.0,10.0,10.0,0.084764014929533,1.3120382542839115,4.875428514401421,1.0851718111116155,-0.010299693866130857,15.484929625446375,0.3938624,984656,ok,right
35,222,1,6,0.07680000000000001,1.0,10.0,10.0,0.5832605270668865,-0.31955520578514596,2.219005634422982,1.5835642153009282,0.6167484332099378,6.0375634568031264,0.3921868,980467,ok,right
35,322,1,6,0.07680000000000001,1.0,10.0,10.0,0.6271663874387742,0.3788515855803396,1.8558965929482045,1.6273138485979035,0.16681983937242034,6.703716963563623,0.3921088,980272,ok,right
35,966,1,6,0.07680000000000001,1.0,10.0,10.0,0.4813483212143183,0.3019704523175936,2.2330994574187093,1.4815692232195883,0.20893590671317772,8.987338676309335,0.3959332,989833,ok,right
35,583,1,6,0.07680000000000001,1.0,10.0,10.0,0.6240536080673338,0.5901273233870274,2.8069285912482864,1.6242451862690648,-0.09139514245974929,-4.239886185961655,0.3974752,993688,ok,right
35,600,1,6,0.07680000000000001,1.0,10.0,10.0,-0.08716787490993738,-0.048849155756668705,4.19752919219077,0.9132563547013798,-0.00724875447776323,3.025007562674217,0.3973084,993271,ok,right
35,492,1,6,0.07680000000000001,1.0,10.0,10.0,0.48740524146705866,0.19490011332934337,2.0742961025987023,1.4876653615044213,0.26079538799873525,2.45695457117418,0.4035104,1008776,ok,right
35,860,1,6,0.07680000000000001,1.0,10.0,10.0,0.6376424178481103,0.10192024764953703,1.8350957118794438,1.6382375945492604,-0.33774948115691417,0.3052316192757916,0.4027984,1006996,ok,right
35,248,1,6,0.07680000000000001,1.0,10.0,10.0,0.5164285695180297,-0.10410503950098006,4.457425776098119,1.5166525886519273,0.008575189022591773,0.30939262146296675,0.40766199999999997,1019155,ok,right
35,293,1,6,0.07680000000000001,1.0,10.0,10.0,0.34277036450803283,-0.012250324259215678,0.7342694998319566,1.3431410802547217,0.0838124039531833,-0.043094670084273624,0.40459439999999997,1011486,ok,right
35,456,1,6,0.07680000000000001,1.0,10.0,10.0,0.5922821182757616,0.4342876364913807,0.48542791282103087,1.5922932495553705,-0.12607625303742942,6.341308802304114,0.4092492,1023123,ok,right
35,934,1,6,0.07680000000000001,1.0,10.0,10.0,0.5215897642076016,0.34202049864627765,1.1206103606624032,1.5227989209408286,0.039728360777476,2.764101390016421,0.415296,1038240,ok,right
35,213,1,6,0.07680000000000001,1.0,10.0,10.0,0.16001464035362006,-0.16695473163262606,0.7533831257969126,1.1611138473868914,-0.10394566716634074,-6.434887463686635,0.4238628,1059657,ok,right
35,415,1,6,0.07680000000000001,1.0,10.0,10.0,0.23294877335429193,-0.8722784408856818,5.216213364544022,1.2332236004559878,-0.010836635555332867,6.182669727271033,0.4222544,1055636,ok,right
35,910,1,6,0.07680000000000001,1.0,10.0,10.0,-0.0773386100307107,0.07800504539694568,2.961958476156697,0.9238019090294216,0.011826888837105747,3.3663389981047485,0.42299359999999997,1057484,ok,right
35,982,1,6,0.07680000000000001,1.0,10.0,10.0,0.04005804490298033,-0.570161617719512,0.30264196762415646,1.041323563135398,0.037267696183381355,-0.2684471515035636,0.4202896,1050724,ok,right
35,61,1,6,0.07680000000000001,1.0,10.0,10.0,0.37671425081789495,-0.4326133794586765,6.097136734286886,1.3776906220066334,-0.008625863911623967,12.443522850698697,0.42704,1067600,ok,right
35,271,1,6,0.07680000000000001,1.0,10.0,10.0,0.3061471881344915,-0.7273456711127411,1.5921011026814704,1.3065566042998746,0.00519371103034171,-5.919276121203015,0.4247728,1061932,ok,right
35,828,1,6,0.07680000000000001,1.0,10.0,10.0,0.6505777768790723,0.28462880727307127,0.4058690836307392,1.651084582247617,-0.3410424398606924,8.489277252345405,0.429002,1072505,ok,right
35,496,1,6,0.07680000000000001,1.0,10.0,10.0,0.19301921911537648,0.23385601997832842,0.141866706026317,1.1931620569357122,-0.060486393760050126,3.5575965562609246,0.4329496,1082374,ok,right
35,706,1,6,0.07680000000000001,1.0,10.0,10.0,0.5526351928710938,0.7299406441835549,1.8532970782222677,1.553176456135187,-0.38151100817053796,-3.5545153968338328,0.4332484,1083121,ok,right
35,930,1,6,0.07680000000000001,1.0,10.0,10.0,0.6216463597491384,-0.03442508421050792,3.7639806612913778,1.6218844563159103,0.12119528032860873,0.6484830894546356,0.43433,1085825,ok,right
35,568,1,6,0.07680000000000001,1.0,10.0,10.0,0.4025034174323082,1.1067668095395364,1.8267994976002475,1.4029445135266134,-0.6535718904445358,3.090042862384426,0.4397624,1099406,ok,right
35,747,1,6,0.07680000000000001,1.0,10.0,10.0,0.5705036457628012,0.7893237083127551,3.3007223971366293,1.5709313716138906,-0.13244988072322966,-12.250037878489891,0.4420844,1105211,ok,right
35,765,1,6,0.07680000000000001,1.0,10.0,10.0,0.6652235917747021,0.3224706825745821,5.816970310036469,1.6652834236770964,0.05519049953039797,0.15925262920861624,0.44164919999999996,1104123,ok,right
35,889,1,6,0.07680000000000001,1.0,10.0,10.0,-0.022990703396499158,-0.041628268105538505,1.3972227644164585,0.9775639270733801,0.05765635540935192,3.121027132385508,0.44531879999999996,1113297,ok,right
35,23,1,6,0.07680000000000001,1.0,10.0,10.0,0.07027538251131774,-1.0948523786675328,4.782944183703538,1.0704632824697036,-0.040330234273067964,6.960355890383799,0.4483484,1120871,ok,right
35,217,1,6,0.07680000000000001,1.0,10.0,10.0,0.47019106037914754,0.7221655120107757,3.383653240796287,1.4702629120573303,0.07088298740845089,-2.8262233340422287,0.4506344,1126586,ok,right
35,298,1,6,0.07680000000000001,1.0,10.0,10.0,0.37507890053093434,1.1805633552838046,2.4311077659681186,1.3771836945288747,0.12217908610734356,6.258119274421972,0.45222799999999996,1130570,ok,right
35,717,1,6,0.07680000000000001,1.0,10.0,10.0,-0.04187727235257626,0.40559434997187693,5.6383622350475155,0.958231826086632,-0.0923781112654948,-6.053241005821562,0.45435159999999997,1135879,ok,right
35,270,1,6,0.07680000000000001,1.0,10.0,10.0,-0.05048264190554619,-0.08441607841143889,4.0859399018546325,0.949580581831064,0.012299178637169637,9.34285115677648,0.45879719999999996,1146993,ok,right
35,396,1,6,0.07680000000000001,1.0,10.0,10.0,0.13177819754928352,0.11022256600946495,1.581605967459819,1.1331933944375403,0.046490097916794156,15.650031776162074,0.4625664,1156416,ok,right
35,479,1,6,0.07680000000000001,1.0,10.0,10.0,0.1216663146391511,0.4564734131296223,3.8947587905996803,1.1220305607766587,0.05335469713387846,15.173054048605644,0.4656084,1164021,ok,right
35,566,1,6,0.07680000000000001,1.0,10.0,10.0,-0.03784970846027136,0.5421424620018275,4.37634511565459,0.9623184009231455,0.034609277031804046,6.756860239510351,0.4652168,1163042,ok,right
35,14,1,6,0.07680000000000001,1.0,10.0,10.0,-0.09462990052998066,0.03538291768992145,1.1049922896727713,0.9058823102011545,0.01504973395322357,2.7446684972038713,0.4715396,1178849,ok,right
35,359,1,6,0.07680000000000001,1.0,10.0,10.0,-0.026700749434530737,0.24467407044305786,5.486382737679991,0.9744816495859777,0.024140574415339212,0.07013783623628017,0.4718928,1179732,ok,right
35,760,1,6,0.07680000000000001,1.0,10.0,10.0,0.10285144895315171,0.6070944242505609,4.340859163007939,1.1029559506804305,-0.037574493936705734,9.412653119889328,0.4717248,1179312,ok,right
35,139,1,6,0.07680000000000001,1.0,10.0,10.0,0.25832357313483956,0.23706967569429743,1.5741955632438818,1.2583463016887606,-0.09816661394315093,15.61008784850002,0.47468479999999996,1186712,ok,right
35,513,1,6,0.07680000000000001,1.0,10.0,10.0,0.5209697332233191,0.6161391680313262,0.8653371259989653,1.5214487020523972,0.027787452095534338,6.702852501893074,0.4755076,1188769,ok,right
35,570,1,6,0.07680000000000001,1.0,10.0,10.0,0.6702588941901922,-0.3965020003972558,1.547003548575896,1.67058612252535,0.16204082151412189,-3.682596985372067,0.4737008,1184252,ok,right
35,133,1,6,0.07680000000000001,1.0,10.0,10.0,0.40980631541460755,0.6868655004772158,3.898407766182731,1.410468211118509,-0.2935647175283244,6.915530988227181,0.47929,1198225,ok,right
35,357,1,6,0.07680000000000001,1.0,10.0,10.0,0.17433775663375856,0.21848390840526383,0.8148922069370337,1.1744996937728813,-0.17806366609679763,5.920776186022487,0.4794272,1198568,ok,right
35,530,1,6,0.07680000000000001,1.0,10.0,10.0,0.53524056840688,0.20155131395811826,2.381305135237217,1.5353337218017096,0.18535933857883036,-12.64524380741006,0.480124,1200310,ok,right
35,945,1,6,0.07680000000000001,1.0,10.0,10.0,0.2550529152154923,0.12742773760399512,6.0673393561464835,1.2554487694536007,-0.009603852181287733,0.4618496576693279,0.4862992,1215748,ok,right
35,162,1,6,0.07680000000000001,1.0,10.0,10.0,-0.019429200142621995,-0.7388792395912073,1.990173634628823,0.9814004687285032,0.0024559101152509394,6.337205550954964,0.49136759999999996,1228419,ok,right
35,582,1,6,0.07680000000000001,1.0,10.0,10.0,0.596225150488317,0.24502511310336583,1.6482274967082107,1.5965234323442836,0.11066899747951055,-3.0790832068548775,0.4901308,1225327,ok,right
35,78,1,6,0.07680000000000001,1.0,10.0,10.0,0.6219367761164905,-0.3211538563325191,0.7202542194449867,1.6219673224585915,0.09933393083289899,-6.0530938021824054,0.49229,1230725,ok,right
35,643,1,6,0.07680000000000001,1.0,10.0,10.0,0.6680227247998118,-0.31987383036847955,4.212575537240007,1.6686824319296933,0.26643530988934877,0.8339199951189202,0.4935,1233750,ok,right
35,664,1,6,0.07680000000000001,1.0,10.0,10.0,-0.044056192785501484,-0.5832158179106529,2.650683069692302,0.9561163829485683,0.07266664203903193,-0.2525849195667312,0.49293,1232325,ok,right
35,703,1,6,0.07680000000000001,1.0,10.0,10.0,-0.004242308624088764,-0.5365607161130395,5.224357373900415,0.9957607931423601,0.029696088742363458,-9.926503143212527,0.49449679999999996,1236242,ok,right
35,770,1,6,0.07680000000000001,1.0,10.0,10.0,-0.054013714939355854,0.07069011501025385,2.3049914899075734,0.9467409093249346,0.0028601562339341958,3.0793719508957462,0.4921584,1230396,ok,right
35,967,1,6,0.07680000000000001,1.0,10.0,10.0,0.5857693275436759,-0.6248306738187013,4.194381191441046,1.5864170069602521,0.1541876414072065,0.4002683140474245,0.49394319999999997,1234858,ok,right
35,16,1,6,0.07680000000000001,1.0,10.0,10.0,0.4280320027843118,-0.612707492535692,3.5287077594249374,1.4289917950213409,-0.06602565326345784,6.886317726496016,0.4962272,1240568,ok,right
35,652,1,6,0.07680000000000001,1.0,10.0,10.0,0.26384691521525383,-0.8671912955937554,1.7617074272599587,1.2641182379756293,-0.21213313253613894,8.786777194098534,0.49641159999999995,1241029,ok,right
35,831,1,6,0.07680000000000001,1.0,10.0,10.0,0.6658803394064308,0.2591469639260073,6.06686809025351,1.6668239011264128,-0.16675537084176284,-6.116803332811159,0.49765,1244125,ok,right
35,520,1,6,0.07680000000000001,1.0,10.0,10.0,0.5840532936155797,0.7019811772161847,1.5496901332600748,1.5840874648969199,-0.6179801965940215,-3.215941674559285,0.5034128,1258532,ok,right
35,382,1,6,0.07680000000000001,1.0,10.0,10.0,0.3009323589503765,-0.7280888072512319,1.255813967841051,1.3010330097786438,0.09253690688472023,-16.62777631756675,0.5078043999999999,1269511,ok,right
35,400,1,6,0.07680000000000001,1.0,10.0,10.0,0.424598958529532,1.1595807220425205,3.8675488727402407,1.425165750137226,0.11991878614977601,15.457054466223923,0.5116172,1279043,ok,right
35,826,1,6,0.07680000000000001,1.0,10.0,10.0,0.0958101637661457,0.46151543206912304,0.9319693140684823,1.0963534737794398,0.012344083427238469,-5.906384445311801,0.5108596,1277149,ok,right
35,978,1,6,0.07680000000000001,1.0,10.0,10.0,0.6588222870603204,0.04537713094531827,0.6343730635444104,1.6593595023203613,0.14006306017834394,-5.866419105243087,0.5101336,1275334,ok,right
35,984,1,6,0.07680000000000001,1.0,10.0,10.0,0.5553836293518544,0.6606938861210969,3.5588512654458135,1.5558848296793688,0.08425276006024907,2.9523889850839007,0.5082367999999999,1270592,ok,right
35,111,1,6,0.07680000000000001,1.0,10.0,10.0,0.28280595038086176,-0.7247803961297469,1.7627690259483766,1.2830989063068856,0.04121934797311687,0.10882636193185166,0.512786,1281965,ok,right
35,620,1,6,0.07680000000000001,1.0,10.0,10.0,0.5749556994065642,-0.6715859200742753,3.1000776688268976,1.5751880569580168,-0.11114375984617607,-3.4916254102806215,0.5133116,1283279,ok,right
35,857,1,6,0.07680000000000001,1.0,10.0,10.0,0.45628222059458495,-0.46414007239249094,6.1612174279164185,1.4565922385103898,0.06953498160785482,-15.985235733526062,0.5129144,1282286,ok,right
35,53,1,6,0.07680000000000001,1.0,10.0,10.0,-0.09934697449207307,-0.16976416826725654,4.435993695617369,0.9010929385507948,0.043938327607203814,9.384262086910926,0.5212844,1303211,ok,right
35,200,1,6,0.07680000000000001,1.0,10.0,10.0,-0.012000542506575585,0.8908795889053499,6.273381291031533,0.9880164884563314,-0.014406595426489168,-6.349219706160908,0.5224215999999999,1306054,ok,right
35,258,1,6,0.07680000000000001,1.0,10.0,10.0,0.4410815443843603,0.43076071967724355,4.7166083696706185,1.4412327758965495,0.11681783563230884,-6.314559749831716,0.5229804,1307451,ok,right
35,899,1,6,0.07680000000000001,1.0,10.0,10.0,0.5139486864209175,0.5086619844575614,2.4575218505407648,1.515061814774763,0.19622879089791812,-9.387552493159108,0.5212528,1303132,ok,right
35,334,1,6,0.07680000000000001,1.0,10.0,10.0,0.6904584586620331,-0.3029343633017488,5.979667401263369,1.6915968255744493,0.1384623140817175,15.322552970777808,0.5275951999999999,1318988,ok,right
35,971,1,6,0.07680000000000001,1.0,10.0,10.0,0.3140496885403991,0.03300862375016084,5.013488542275742,1.3147011298456364,-0.22964526265883395,2.8934856490249485,0.5253476,1313369,ok,right
35,497,1,6,0.07680000000000001,1.0,10.0,10.0,0.5217284709215164,0.8441071220223225,4.6150946335589,1.5223928077580127,0.145232506298026,-3.747164846489791,0.5319212,1329803,ok,right
35,640,1,6,0.07680000000000001,1.0,10.0,10.0,0.4585677228868008,0.7489452734331169,3.8213798511008856,1.4596248661686797,-0.0808219430179744,2.802714005199764,0.5354256,1338564,ok,right
35,113,1,6,0.07680000000000001,1.0,10.0,10.0,0.30693379379808905,-0.35400390252585584,0.8731673803890619,1.3070683005306973,-0.1982481317759551,-0.22342984655019246,0.537648,1344120,ok,right
35,291,1,6,0.07680000000000001,1.0,10.0,10.0,0.5181894343346357,0.39691545305977044,0.7741247908676607,1.5190194768830114,-0.3673779869592606,0.02925625396729194,0.5381416,1345354,ok,right
35,373,1,6,0.07680000000000001,1.0,10.0,10.0,0.5946761621162295,0.3320222473900206,4.595707554557813,1.5948312082714289,0.003048401698945706,6.40227057343438,0.5396764,1349191,ok,right
35,642,1,6,0.07680000000000001,1.0,10.0,10.0,-0.039453891292214396,0.07345317968464746,1.196184067879226,0.960901026769687,0.023680035231891553,-6.547246712159073,0.5379615999999999,1344904,ok,right
35,383,1,6,0.07680000000000001,1.0,10.0,10.0,0.5304377369582653,0.7566227116378298,3.550383664461959,1.5307363019373388,-0.025001559934017703,9.451905807941277,0.542138,1355345,ok,right
35,975,1,6,0.07680000000000001,1.0,10.0,10.0,0.1802052065730095,0.5443472305596998,6.2586807052074125,-1.1943113845093172,0.0033505947181343837,-9.276373868993337,0.5403671999999999,1350918,ok,left
35,159,1,6,0.07680000000000001,1.0,10.0,10.0,0.580187493748963,-0.5088743122075646,2.279363239576649,1.5803977997709264,-0.09752552768147461,8.926944262973915,0.5446759999999999,1361690,ok,right
35,512,1,6,0.07680000000000001,1.0,10.0,10.0,0.09749779123812914,-0.9040456523426196,3.5698436596888707,1.0987927513688807,0.1324653055853637,0.10923370359775549,0.5479876,1369969,ok,right
35,354,1,6,0.07680000000000001,1.0,10.0,10.0,0.17281428799033166,-1.8058890840104802,1.8809813984710426,1.1733434297972718,-0.056783546691249104,9.14308894836955,0.5496867999999999,1374217,ok,right
35,893,1,6,0.07680000000000001,1.0,10.0,10.0,0.5841709999367595,-0.45159538171904434,4.962044094676577,1.584433316501764,0.14119629332002567,12.92593434755428,0.5523496,1380874,ok,right
35,461,1,6,0.07680000000000001,1.0,10.0,10.0,-0.07074254341423512,0.2885981704242797,5.1567684798316815,0.929333672700505,-0.10157074777243118,9.449304992791667,0.564124,1410310,ok,right
35,697,1,6,0.07680000000000001,1.0,10.0,10.0,0.6364039329811931,0.5119852870121018,0.6947153329278526,1.636640991860914,0.14005438405202225,-9.30123525784952,0.5736992,1434248,ok,right
35,67,1,6,0.07680000000000001,1.0,10.0,10.0,0.03645770456641913,0.2718132485609393,3.88326448964448,1.0365122625138643,-0.029126853897204003,-6.251209717236972,0.5761312,1440328,ok,right
35,615,1,6,0.07680000000000001,1.0,10.0,10.0,-0.09493135642260314,-0.21872442420992996,3.4606427542785525,0.905511266387779,-0.007091772026542389,16.41435123065602,0.5774224,1443556,ok,right
35,302,1,6,0.07680000000000001,1.0,10.0,10.0,0.4960011335089803,0.216846434927701,2.4147534639000785,1.4962512538705453,-0.14894726377205642,0.007499249371790358,0.5836764,1459191,ok,right
35,862,1,6,0.07680000000000001,1.0,10.0,10.0,0.526254796050489,0.6024218920301179,3.31957783707853,1.526343131646753,-0.28480996761360217,3.220085825675567,0.5815348,1453837,ok,right
35,204,1,6,0.07680000000000001,1.0,10.0,10.0,0.6843098033219577,-0.10419065263376781,2.98939446313568,1.6851592422009027,0.17596944098595269,9.541518880850932,0.584206,1460515,ok,right
35,254,1,6,0.07680000000000001,1.0,10.0,10.0,0.6335418328642846,0.21754599157045626,2.5692702200517594,1.6344468419809246,-0.05200351353937864,3.182517921017589,0.5872548,1468137,ok,right
35,735,1,6,0.07680000000000001,1.0,10.0,10.0,-0.0014089934527873995,0.3982942707184916,5.89353282552684,0.9989847737284948,-0.11996568028756198,6.276111817895395,0.584484,1461210,ok,right
35,761,1,6,0.07680000000000001,1.0,10.0,10.0,0.5468458283692599,0.19080804123226228,2.105972814060882,1.547681502015013,-0.5135400267241081,2.7243830173438917,0.5889983999999999,1472496,ok,right
35,282,1,6,0.07680000000000001,1.0,10.0,10.0,0.35409071519970897,0.4931683119483229,3.2720916186297835,1.354143237394607,-0.23658346360724844,-5.503705594125613,0.5930179999999999,1482545,ok,right
35,574,1,6,0.07680000000000001,1.0,10.0,10.0,0.19787106048315764,-0.10335014438777676,1.1794029053335906,1.197907703239977,-0.14822204603738937,-2.8882716287493486,0.5966572,1491643,ok,right
35,678,1,6,0.07680000000000001,1.0,10.0,10.0,0.03589783739298582,-0.8123741056646958,1.968937709518732,1.0362389792209004,-0.04326329467874095,-2.402823134639655,0.6038551999999999,1509638,ok,right
35,209,1,6,0.07680000000000001,1.0,10.0,10.0,0.5093405140563846,-0.018981244356578875,1.3085781723562453,1.5102082555292804,0.04751697825004371,-9.1999398928974,0.6040416,1510104,ok,right
35,150,1,6,0.07680000000000001,1.0,10.0,10.0,0.6962252896279097,0.05851074542258543,1.6642412533911684,1.6967659211754686,0.1220719497126085,-2.876529852968395,0.6093988,1523497,ok,right
35,208,1,6,0.07680000000000001,1.0,10.0,10.0,0.04045445937663317,0.3131330366789924,5.546215376143831,1.0404657455867035,0.037470760054318986,-6.203311561127603,0.60965,1524125,ok,right
35,317,1,6,0.07680000000000001,1.0,10.0,10.0,0.5366937290877104,0.34738050472178783,3.215395277571033,1.536859086579795,-0.53743176563167,8.687120370626992,0.6080215999999999,1520054,ok,right
35,371,1,6,0.07680000000000001,1.0,10.0,10.0,0.6136743694543839,-0.08090728600476763,1.1474888427276402,1.6143070207775827,-0.3678494418766441,3.0738179046226004,0.6128136,1532034,ok,right
35,60,1,6,0.07680000000000001,1.0,10.0,10.0,0.4067013876512647,-0.7929122472017847,2.809849760698148,1.4070975180826184,-0.022291277865551868,-6.0569545114111,0.6160559999999999,1540140,ok,right
35,843,1,6,0.07680000000000001,1.0,10.0,10.0,-0.05729198679327965,-0.00870016566705534,6.072848765612645,0.9428013321581277,0.12105851831528373,9.507898078847736,0.6187887999999999,1546972,ok,right
35,225,1,6,0.07680000000000001,1.0,10.0,10.0,0.14744172487407922,0.4780381997595739,0.8618663016537711,1.1477276492178168,-0.03344592645830878,-2.903939110624261,0.6202172,1550543,ok,right
35,332,1,6,0.07680000000000001,1.0,10.0,10.0,0.35897549819201235,-1.1829723929378564,2.9148774479800372,1.3599658598221462,0.018473015625962284,-9.489394905708124,0.6211876,1552969,ok,right
35,175,1,6,0.07680000000000001,1.0,10.0,10.0,0.5830737283453346,-0.3343008299333288,2.940462055075903,1.5836712262523904,0.1545553790418148,6.404930634951074,0.6256847999999999,1564212,ok,right
35,455,1,6,0.07680000000000001,1.0,10.0,10.0,0.3331236016005278,0.3140994372042789,1.6963077301172074,1.3333760389727987,-0.09460341484296844,-6.0694182550829785,0.6257956,1564489,ok,right
35,453,1,6,0.07680000000000001,1.0,10.0,10.0,0.5670975605025887,-0.2868289085521291,3.339891800493787,1.5673064088167339,0.04675374143654529,-6.6631609903448386,0.632316,1580790,ok,right
35,710,1,6,0.07680000000000001,1.0,10.0,10.0,0.20099018290638926,1.2973444035962578,0.9536402846828221,1.201180408307281,-0.04921800792460193,-6.877406909094393,0.6331051999999999,1582763,ok,right
35,933,1,6,0.07680000000000001,1.0,10.0,10.0,0.3803510395810008,1.2621892745311123,1.9840831906745289,1.3815493143051716,-0.023568952883829333,2.903795449996969,0.636882,1592205,ok,right
35,576,1,6,0.07680000000000001,1.0,10.0,10.0,-0.06546666603535414,0.48693699373082105,2.4261078645364407,0.9347590434895088,-0.047649048964024165,8.980666449327627,0.6428164,1607041,ok,right
35,3,1,6,0.07680000000000001,1.0,10.0,10.0,-0.01886258013546467,0.7495765724695775,1.740369103735991,0.9815644860430579,-0.04248840691299995,6.361334467052848,0.6471308,1617827,ok,right
35,313,1,6,0.07680000000000001,1.0,10.0,10.0,0.03350686263293028,0.9253190956855708,4.411939226223595,1.0341883006046697,0.034704282919250845,15.74626206809433,0.6450904,1612726,ok,right
35,905,1,6,0.07680000000000001,1.0,10.0,10.0,0.1546282993629575,1.906505213763062,5.52215994414996,1.1547889753001557,-0.0864544495903907,16.211212304936613,0.6506164,1626541,ok,right
35,338,1,6,0.07680000000000001,1.0,10.0,10.0,0.20714403856545688,0.09481346916792693,2.6458648758523315,1.2075162208212649,-0.07665995918201081,-6.252326390384794,0.6534728,1633682,ok,right
35,560,1,6,0.07680000000000001,1.0,10.0,10.0,-0.07614173237234355,0.02853425159656948,1.724882579802965,0.924233528255795,0.030485687965767075,9.356190697167031,0.6553068,1638267,ok,right
35,565,1,6,0.07680000000000001,1.0,10.0,10.0,0.4426468264311552,-1.0037921196848736,0.5319143745173243,1.4431372417042978,-0.1177690423134887,0.16770829729443998,0.659918,1649795,ok,right
35,941,1,6,0.07680000000000001,1.0,10.0,10.0,-0.07183438707143068,0.23725231528801266,4.9403303161534025,0.9287357548086915,-0.02562225635688185,-9.805157408467103,0.656512,1641280,ok,right
35,470,1,6,0.07680000000000001,1.0,10.0,10.0,-0.09398663826286793,-0.19271176782657207,0.15668835124733316,0.9060388123761334,-0.029204212926639328,9.191346088598822,0.66319,1657975,ok,right
35,925,1,6,0.07680000000000001,1.0,10.0,10.0,0.2307473320513964,-0.3187031274442558,3.0939044558935147,1.231823202112891,-0.14921289724085354,6.121174209642312,0.6600079999999999,1650020,ok,right
35,152,1,6,0.07680000000000001,1.0,10.0,10.0,0.6160001063719392,-0.028528148992838405,2.020314071447569,1.6160358515624391,-0.2197810231049005,9.875721776728584,0.6646072,1661518,ok,right
35,527,1,6,0.07680000000000001,1.0,10.0,10.0,0.6886129420250655,0.32723512882695777,3.975491964111841,1.6887025784261984,0.024745509931726865,-0.27490393424233817,0.6643764,1660941,ok,right
35,720,1,6,0.07680000000000001,1.0,10.0,10.0,0.5637215286493301,-0.2214544231663766,6.109026374223828,1.5640882938293534,-0.5120999801641787,21.555647432429275,0.6670144,1667536,ok,right
35,727,1,6,0.07680000000000001,1.0,10.0,10.0,0.2277462048456073,-0.4065427382922647,1.087711236316106,1.2279000551329016,-0.02232857964344375,-5.835167330881952,0.6669923999999999,1667481,ok,right
35,333,1,6,0.07680000000000001,1.0,10.0,10.0,0.2613253554329276,-1.6873928742067286,0.5765016423159971,1.2618317772504624,-0.3049053114692571,2.270450986864213,0.6704884,1676221,ok,right
35,420,1,6,0.07680000000000001,1.0,10.0,10.0,0.5698477866128088,-0.46750593988733413,2.070329803992159,1.56994296280498,-0.31938454613948,9.548130868406227,0.6681456,1670364,ok,right
35,523,1,6,0.07680000000000001,1.0,10.0,10.0,0.20440757144242527,-0.22911730299751676,4.309905416883025,1.2048927897542319,0.13987290327693916,0.5247527240668522,0.6715896,1678974,ok,right
35,693,1,6,0.07680000000000001,1.0,10.0,10.0,0.02888719849288464,-0.9025128480959576,3.309131045447726,1.0289597390354392,-0.019699090948177782,9.740255903435505,0.67124,1678100,ok,right
35,776,1,6,0.07680000000000001,1.0,10.0,10.0,0.21557539813220503,-1.0044610289827314,1.7689577458134,1.215637793888615,-0.060431144309263565,-6.393200236525083,0.6689564,1672391,ok,right
35,285,1,6,0.07680000000000001,1.0,10.0,10.0,0.2539819285273552,-1.056976636106273,3.8610952652244404,1.2548559877401984,0.046976950849458014,0.23635795429686945,0.6747563999999999,1686891,ok,right
35,908,1,6,0.07680000000000001,1.0,10.0,10.0,0.025156356580555442,0.2708474020777628,4.200124938439735,1.0253386896458885,0.14654929736216363,5.719962157366264,0.677658,1694145,ok,right
35,232,1,6,0.07680000000000001,1.0,10.0,10.0,0.4499915385618806,-0.43624150084331265,4.0246361441927725,1.4506334878876783,-0.1294656047420485,6.577639800310499,0.6816968,1704242,ok,right
35,20,1,6,0.07680000000000001,1.0,10.0,10.0,0.2745393175631762,-0.6661078920856447,1.1650755903719854,1.2745593189317284,0.11464374813328089,6.804653540645817,0.6889216,1722304,ok,right
35,680,1,6,0.07680000000000001,1.0,10.0,10.0,0.412022751942277,1.1503083976999822,2.884617718969436,1.4121381856337616,0.10313206599679006,2.3774765690676105,0.6885792,1721448,ok,right
35,178,1,6,0.07680000000000001,1.0,10.0,10.0,0.20335266292095186,-2.1430248566545265,0.1374707776382548,1.2048431341457093,-0.07256236504343039,8.992033346354322,0.6924416,1731104,ok,right
35,795,1,6,0.07680000000000001,1.0,10.0,10.0,0.5577244287356734,-0.006782560668279538,4.949382642567704,1.558459044648708,-0.02587032094999922,2.9627522102711596,0.6932256,1733064,ok,right
35,166,1,6,0.07680000000000001,1.0,10.0,10.0,0.4482504457235337,-0.637166459725484,0.7928163752071747,1.4494066865583535,0.10078812650083971,6.036933441543081,0.6973228,1743307,ok,right
35,438,1,6,0.07680000000000001,1.0,10.0,10.0,0.12559711392968895,0.10376674112521043,4.908007239207506,1.125737765930096,-0.10674588815242925,-3.3791113512951605,0.6996844,1749211,ok,right
35,112,1,6,0.07680000000000001,1.0,10.0,10.0,-0.019033899158239366,0.6240397548358773,5.817504654031184,0.9817746709150963,-0.003916308651255421,9.19465667919322,0.704932,1762330,ok,right
35,511,1,6,0.07680000000000001,1.0,10.0,10.0,0.10765366740524769,1.0128810088698226,5.38574468970134,1.107704566411584,-0.10449214018769212,5.89816181713296,0.7069295999999999,1767324,ok,right
35,612,1,6,0.07680000000000001,1.0,10.0,10.0,0.1506939182057977,0.5280880737539065,3.419957864343867,1.1510540879998357,0.23878176030776377,-18.40227833601355,0.7061208,1765302,ok,right
35,25,1,6,0.07680000000000001,1.0,10.0,10.0,-0.00447237603366375,0.2606052053386728,4.540954840607505,0.9961286254887887,0.006540649249787545,16.285915316972034,0.709316,1773290,ok,right
35,701,1,6,0.07680000000000001,1.0,10.0,10.0,0.24486182369291784,-0.4937513164699394,1.3176753430613488,1.2449365481979078,0.023092243492108113,-0.19308474792821564,0.7139055999999999,1784764,ok,right
35,919,1,6,0.07680000000000001,1.0,10.0,10.0,0.4040068319067359,-0.9593900010681145,2.083800516049958,1.4047937452048784,0.24244183317267506,0.205116123512596,0.7152932,1788233,ok,right
35,75,1,6,0.07680000000000001,1.0,10.0,10.0,0.5393391445279122,-0.5836906834556452,0.44639699806676497,1.5393485309791017,-0.007910979947600599,6.115358297538118,0.7184568,1796142,ok,right
35,738,1,6,0.07680000000000001,1.0,10.0,10.0,0.38702502362430097,1.3462542570026959,2.7635486829066958,1.3872237490575825,0.20864438870023452,18.90989881320515,0.7186208,1796552,ok,right
35,102,1,6,0.07680000000000001,1.0,10.0,10.0,-0.03007851056754589,-0.3259042046127081,1.2635797748380835,0.9707211075276451,0.03797078560636106,-9.824656315138196,0.7232328,1808082,ok,right
35,343,1,6,0.07680000000000001,1.0,10.0,10.0,-0.03815188966691494,0.28059243169151377,0.6275940606231569,0.9625500272274904,0.03803928895067671,-2.940561418111459,0.7223372,1805843,ok,right
35,434,1,6,0.07680000000000001,1.0,10.0,10.0,0.46634725704789165,-1.0836295998140169,3.8397148242889707,1.466382836989106,-0.006353818493671997,-28.136858011938937,0.7249059999999999,1812265,ok,right
35,884,1,6,0.07680000000000001,1.0,10.0,10.0,0.6386377498507501,-0.3944651611033299,5.6171815277803265,1.6398044380133154,-0.3931673519434373,22.34217238685258,0.7257928,1814482,ok,right
35,220,1,6,0.07680000000000001,1.0,10.0,10.0,0.054862661845982076,-0.7710910343993872,2.201814881147677,1.0550007159565291,0.22034428845425058,0.2738249494539212,0.7347192,1836798,ok,right
35,541,1,6,0.07680000000000001,1.0,10.0,10.0,0.008217467926442623,-0.7308874775630185,0.6671806150706178,1.0083472597478986,0.019834823709491294,21.836223521332,0.7471519999999999,1867880,ok,right
35,510,1,6,0.07680000000000001,1.0,10.0,10.0,0.6138637363910675,0.6139492954065594,2.6467330870110968,1.6142048180016755,0.03459238184549939,2.9684910235660915,0.7497988,1874497,ok,right
35,986,1,6,0.07680000000000001,1.0,10.0,10.0,0.005404146201908589,-0.6346988551685055,3.2171068141891173,1.005500982217998,0.05120029590147882,6.374022888227737,0.7509511999999999,1877378,ok,right
35,714,1,6,0.07680000000000001,1.0,10.0,10.0,-0.0783955892547965,0.17581589627085104,4.679995564874623,0.9218699307234715,-0.12606020396513432,-6.088179108477279,0.755954,1889885,ok,right
35,625,1,6,0.07680000000000001,1.0,10.0,10.0,-0.078242745436728,0.10323537567582783,4.2568386765202835,0.9221448741877859,-0.0037762914529334635,15.803170816309718,0.7579952,1894988,ok,right
35,853,1,6,0.07680000000000001,1.0,10.0,10.0,0.015656591765582564,-0.5282381648517116,1.4776939834285914,1.0159569751130813,-0.07788423457766676,-6.284726602907926,0.7634708,1908677,ok,right
35,992,1,6,0.07680000000000001,1.0,10.0,10.0,0.4674471428617835,0.3482504779836517,6.144291764174586,1.4683799126430137,-0.025300075521705084,9.390007300270218,0.7633519999999999,1908380,ok,right
35,618,1,6,0.07680000000000001,1.0,10.0,10.0,-0.021311693638563157,-0.3021811643136277,5.476165194089716,0.9790398864032559,-0.1333148607514288,3.0178932270381966,0.7655004,1913751,ok,right
35,284,1,6,0.07680000000000001,1.0,10.0,10.0,0.412562594935298,0.742230192162623,3.5882332026471486,1.4133695013213636,-0.016678810870708296,-6.206588982987067,0.7710676,1927669,ok,right
35,931,1,6,0.07680000000000001,1.0,10.0,10.0,0.5454031622037292,0.3227196156995774,0.37435656131626793,1.5454097008734708,-0.46783020387119384,-9.370731747040212,0.7758376,1939594,ok,right
35,553,1,6,0.07680000000000001,1.0,10.0,10.0,0.40267537236213685,0.6124063364510403,4.262197687767469,1.4028722518282966,-0.19503577165528957,18.797009257171915,0.7841927999999999,1960482,ok,right
35,655,1,6,0.07680000000000001,1.0,10.0,10.0,0.34707481116056443,1.3326682197075508,0.05187789267103415,1.3472723847236323,-0.09365555738002357,14.953123942237728,0.7875072,1968768,ok,right
35,31,1,6,0.07680000000000001,1.0,10.0,10.0,0.4400543410331011,-1.0950806510095141,5.705499646264462,1.4401727516710803,-0.06248689023481502,12.841970312228822,0.7881532,1970383,ok,right
35,136,1,6,0.07680000000000001,1.0,10.0,10.0,0.3827453887090087,0.654948680569735,4.561119108004465,1.3831681356309704,0.14262428219834453,15.5753119298858,0.7915128,1978782,ok,right
35,238,1,6,0.07680000000000001,1.0,10.0,10.0,0.46680095568299296,1.1236672742636433,3.4460295880500946,1.466812123015359,0.14712000930677133,-18.3686516709474,0.7881524,1970381,ok,right
35,593,1,6,0.07680000000000001,1.0,10.0,10.0,0.48709042798727753,-0.6529295442112909,1.2997233018467744,1.487375801787452,0.04487582258729242,5.974106169847982,0.7946904,1986726,ok,right
35,771,1,6,0.07680000000000001,1.0,10.0,10.0,0.5993587333709002,0.11700138470560419,4.656771501910611,1.5994530697230203,0.1593317543625597,12.496995081157024,0.793774,1984435,ok,right
35,156,1,6,0.07680000000000001,1.0,10.0,10.0,0.23460303004831076,0.3966479760551,0.8172433679123257,1.234737210177819,0.054128251467221236,9.217685881527402,0.7978792,1994698,ok,right
35,500,1,6,0.07680000000000001,1.0,10.0,10.0,-0.07405044492334127,0.34163256333813075,1.092311930810641,0.9264009324535706,-0.036240309388202205,6.196263964824365,0.7981952,1995488,ok,right
35,522,1,6,0.07680000000000001,1.0,10.0,10.0,0.2767739607021213,-1.8921597953912208,2.403522242428909,1.277062408828394,0.18525355524624812,-6.159290384088699,0.7983484,1995871,ok,right
35,199,1,6,0.07680000000000001,1.0,10.0,10.0,0.38456442598253493,0.09146756504782598,5.199268516094498,1.384590456716984,0.0019066990457072342,-3.1061679243931506,0.8023016,2005754,ok,right
35,598,1,6,0.07680000000000001,1.0,10.0,10.0,0.6020058134570718,-0.6885307864626119,5.6029069934401035,1.602872261587704,-0.2582947316607487,12.621739869992313,0.800804,2002010,ok,right
35,614,1,6,0.07680000000000001,1.0,10.0,10.0,0.2139394547790289,-1.9602119492348287,0.6763244996758285,1.2139905281910628,0.053927160015932396,-9.588917830085668,0.80065,2001625,ok,right
35,71,1,6,0.07680000000000001,1.0,10.0,10.0,-0.07347885239869356,-0.05483077658318098,1.0239626879960448,0.9269583962818168,-0.0154957554855402,-0.24194272530243716,0.8074916,2018729,ok,right
35,183,1,6,0.07680000000000001,1.0,10.0,10.0,0.12057705093175174,-0.6157643499516477,2.220529180216208,1.1210490682607244,0.033291583973579876,-12.504284984828704,0.8113064,2028266,ok,right
35,227,1,6,0.07680000000000001,1.0,10.0,10.0,0.21707030180841685,-0.5325708522513631,0.5077373345322788,1.218080389388029,0.10931458435011993,9.875366079397898,0.8101575999999999,2025394,ok,right
35,73,1,6,0.07680000000000001,1.0,10.0,10.0,0.395650901645422,0.34941463264044303,3.1942227070542004,1.3957083375240347,0.28951370644454405,-9.141688170916348,0.8126456,2031614,ok,right
35,257,1,6,0.07680000000000001,1.0,10.0,10.0,-0.08978416547179223,0.22988942621388608,5.784272445182009,0.9115705072927266,-0.004047093260240366,7.140462455068394,0.8139132,2034783,ok,right
35,269,1,6,0.07680000000000001,1.0,10.0,10.0,0.12410053610801697,0.12455885743118592,5.188049211554002,1.12414366769539,-0.02552472690912297,12.384095573360659,0.8128612,2032153,ok,right
35,105,1,6,0.07680000000000001,1.0,10.0,10.0,0.4743052450940013,0.9940936869355917,0.06753829173237157,1.474898526020961,-0.314618453507957,-6.008465064970883,0.8190348,2047587,ok,right
35,875,1,6,0.07680000000000001,1.0,10.0,10.0,0.5872725155204535,0.382292708805175,2.2754575803874095,1.5874036461452516,0.003327750515442754,-5.98803242586089,0.8212339999999999,2053085,ok,right
35,94,1,6,0.07680000000000001,1.0,10.0,10.0,-0.09218023587018252,-0.06628844917400581,5.181794888590632,0.9086980394698565,0.05198729302509509,9.083543631559282,0.8299363999999999,2074841,ok,right
35,126,1,6,0.07680000000000001,1.0,10.0,10.0,0.5488997327163816,0.13561036268713608,1.0145338020793855,1.549216799013247,0.37579152342964334,9.250681221621923,0.8299728,2074932,ok,right
35,639,1,6,0.07680000000000001,1.0,10.0,10.0,-0.08542145229876041,0.11219073109737286,1.0157754596508357,0.9152780249742141,0.012507218979618843,12.796363928732685,0.8329911999999999,2082478,ok,right
35,782,1,6,0.07680000000000001,1.0,10.0,10.0,0.38232965376228095,0.1743153310059006,2.870403728956841,1.3823581842185564,0.1767557276063684,15.518308629806896,0.8342991999999999,2085748,ok,right
35,62,1,6,0.07680000000000001,1.0,10.0,10.0,-0.08353747688233853,0.2916198370738973,2.8587787894171623,0.9173068661779298,-0.06340594787678666,-0.14906758250869898,0.8417268,2104317,ok,right
35,832,1,6,0.07680000000000001,1.0,10.0,10.0,0.45848169848322873,-0.915265467556883,2.450350993308635,1.458503137637031,-0.0867786563570914,-0.5276724375207241,0.8435556,2108889,ok,right
35,361,1,6,0.07680000000000001,1.0,10.0,10.0,0.31501539144665003,0.47119251622026115,0.09380997439626372,1.315751009504662,-0.05017252555492576,-9.448270978280176,0.8471972,2117993,ok,right
35,367,1,6,0.07680000000000001,1.0,10.0,10.0,-0.04194394629448653,0.21138918180474858,2.370953661496786,0.9591856391609457,0.04342883856107962,9.613001135993189,0.8459228,2114807,ok,right
35,431,1,6,0.07680000000000001,1.0,10.0,10.0,0.09372810255736114,0.17521809706314173,5.068600851730361,1.0938092503915635,-0.07178255912422893,18.50815763242304,0.845174,2112935,ok,right
35,762,1,6,0.07680000000000001,1.0,10.0,10.0,-0.03990408591926098,0.6569094893824797,6.087714516350832,0.9603572477680111,0.002843325438474005,-3.1291740411538824,0.8476188,2119047,ok,right
35,973,1,6,0.07680000000000001,1.0,10.0,10.0,0.5014982204884291,0.18084279790699131,3.270394847243873,1.501508546234885,-0.3364497187439833,0.5472116165589257,0.8460983999999999,2115246,ok,right
35,201,1,6,0.07680000000000001,1.0,10.0,10.0,0.3746423115953803,0.4027637084302614,2.807695572864721,1.3760198396627659,-0.09553989588873125,-3.6826541502327697,0.8490099999999999,2122525,ok,right
35,489,1,6,0.07680000000000001,1.0,10.0,10.0,0.2176218492910266,-1.7416590883878293,5.0730220139923725,1.218040775891572,-0.12273719244923939,15.507340447271188,0.8508047999999999,2127012,ok,right
35,887,1,6,0.07680000000000001,1.0,10.0,10.0,0.5661333596333862,0.32664746666150324,2.1728955859372383,1.5668696529857635,-0.33618910193055174,9.53997071622463,0.851066,2127665,ok,right
35,27,1,6,0.07680000000000001,1.0,10.0,10.0,0.554843120276928,-0.8631707065086944,3.1830134439834006,1.5551075348910253,-0.37246906690122167,-9.676609362204765,0.8665716,2166429,ok,right
35,275,1,6,0.07680000000000001,1.0,10.0,10.0,0.3569348581135273,1.1854216260720387,2.712781307441732,1.357522021033122,-0.023456287917455205,-5.986560276776259,0.8643175999999999,2160794,ok,right
35,1,1,6,0.07680000000000001,1.0,10.0,10.0,0.3880639271810651,-0.874643222262912,1.6574424074490879,1.3881803018583108,0.4563232603057584,6.546892653088217,0.869906,2174765,ok,right
35,538,1,6,0.07680000000000001,1.0,10.0,10.0,0.5715396514162422,-0.7717693355306665,4.575638967854909,1.5718079801861446,-0.2186382560307952,7.0588944634347275,0.8728931999999999,2182233,ok,right
35,589,1,6,0.07680000000000001,1.0,10.0,10.0,0.47506555505096915,-0.3483131797513544,4.252280769453731,1.4755157557318532,0.05593562949650432,9.119150630067493,0.8746851999999999,2186713,ok,right
35,384,1,6,0.07680000000000001,1.0,10.0,10.0,0.01706818025559187,1.1390210673109098,4.2776359719768315,1.0178109375486868,0.1529135343124683,-0.43742847346468644,0.8764156,2191039,ok,right
35,18,1,6,0.07680000000000001,1.0,10.0,10.0,0.44405368212610485,-0.7674022025634765,3.61704291797886,1.4442209119951286,-0.22984148853297218,7.0081406905405315,0.881922,2204805,ok,right
35,132,1,6,0.07680000000000001,1.0,10.0,10.0,0.18136852513998747,-1.0024919806444057,3.7775986145909366,1.1826176917605482,-0.013934505921425784,-0.26117006847879193,0.88072,2201800,ok,right
35,192,1,6,0.07680000000000001,1.0,10.0,10.0,0.20090022366493943,0.049413482732912566,5.603401477305912,1.2011356491800553,-0.09046135885505903,-3.3884199920772664,0.8813416,2203354,ok,right
35,524,1,6,0.07680000000000001,1.0,10.0,10.0,-0.02659516129642725,-0.24947519615672267,2.58442573682558,0.9740367313703434,-0.07972181033446926,-3.058088048000833,0.8835183999999999,2208796,ok,right
35,549,1,6,0.07680000000000001,1.0,10.0,10.0,0.10517850443720818,-1.5538728698866462,2.015789107833243,1.1052980438531586,0.0776407200391689,8.860417621591461,0.8826303999999999,2206576,ok,right
35,879,1,6,0.07680000000000001,1.0,10.0,10.0,0.4008319560438395,1.4267951923148925,1.8482284035487653,1.40108847377032,-0.07751968000453938,9.02326431797759,0.8906963999999999,2226741,ok,right
35,833,1,6,0.07680000000000001,1.0,10.0,10.0,0.6875339079648257,-0.0840774878388121,1.8320842013865153,1.6877673634327028,-0.14921143315649088,-5.722330878965514,0.892038,2230095,ok,right
35,172,1,6,0.07680000000000001,1.0,10.0,10.0,-0.04386238381266594,0.27313042604439963,1.168209848469273,0.9565594144955883,0.07784745234214478,2.6439894868838136,0.899594,2248985,ok,right
35,988,1,6,0.07680000000000001,1.0,10.0,10.0,0.5904721030965447,-0.3638583419211535,3.2680389493398403,1.59095048968209,-0.058971664078637236,6.534775956202,0.8971576,2242894,ok,right
35,21,1,6,0.07680000000000001,1.0,10.0,10.0,0.6310660095885396,-0.0753804381218191,2.531020295817455,1.6312289821746702,-0.4102606980170505,15.377852448170962,0.9001564,2250391,ok,right
35,345,1,6,0.07680000000000001,1.0,10.0,10.0,0.4743737377226353,0.49864473208355053,5.541045502649277,1.4745117087261836,-0.17520938669147088,-0.10694233214008764,0.9014483999999999,2253621,ok,right
35,104,1,6,0.07680000000000001,1.0,10.0,10.0,-0.09614746458828449,-0.16145139947208584,0.3664886426373024,0.9040567273540424,0.00962371711068437,-2.448451054043638,0.9073652,2268413,ok,right
35,368,1,6,0.07680000000000001,1.0,10.0,10.0,-0.062314748950302604,-0.2609609042854711,5.035113072555656,0.9379404602397111,0.030008534749119825,16.0279814540969,0.9045648,2261412,ok,right
35,539,1,6,0.07680000000000001,1.0,10.0,10.0,0.31184876672923567,0.4407557234310297,5.101937063814545,1.311914854548543,0.24623517385029128,9.423267768304457,0.9060608,2265152,ok,right
35,556,1,6,0.07680000000000001,1.0,10.0,10.0,0.3015177877619863,-0.6502439802880828,2.5238410311951234,1.3017455641309044,0.11882067112931294,-6.147043778965204,0.9056687999999999,2264172,ok,right
35,211,1,6,0.07680000000000001,1.0,10.0,10.0,0.2733513733372092,-0.9764094512338297,4.992792651911694,1.2733780347513193,0.09082618110570698,25.17837593298373,0.9102696,2275674,ok,right
35,218,1,6,0.07680000000000001,1.0,10.0,10.0,0.6069772575050593,-0.2788535495550307,5.092039744214314,1.6072263557638984,-0.28657699385383584,0.5840170939871183,0.9093283999999999,2273321,ok,right
35,897,1,6,0.07680000000000001,1.0,10.0,10.0,0.12114117704331875,-0.8346064011165999,3.4354485810001085,1.1212598490586108,-0.2329557967891669,12.823635703796956,0.9118712,2279678,ok,right
35,674,1,6,0.07680000000000001,1.0,10.0,10.0,0.14238576758652927,1.8397151898129784,5.329496365841448,1.1425564389437701,0.07619082803405777,-3.5563572262786174,0.9133216,2283304,ok,right
35,336,1,6,0.07680000000000001,1.0,10.0,10.0,0.13646716475486756,1.9018690965331162,0.5818337051492452,1.1365775809267162,-0.23124506597182345,-15.940520390618493,0.9223384,2305846,ok,right
35,736,1,6,0.07680000000000001,1.0,10.0,10.0,-0.09140719547867776,-0.15051197213554263,2.9346015642886525,0.9094120009246569,0.008396314230895251,-18.218081610819926,0.9219575999999999,2304894,ok,right
35,901,1,6,0.07680000000000001,1.0,10.0,10.0,0.19085540957748892,-0.854507863105781,3.6130906151095816,1.1909699079248424,-0.15445227572432232,3.2848540738169403,0.9252052,2313013,ok,right
35,962,1,6,0.07680000000000001,1.0,10.0,10.0,0.5091788129881024,0.08994708823822187,0.6844758075305193,1.509659360819214,0.24369863831533334,6.229074085373441,0.9258204,2314551,ok,right
35,584,1,6,0.07680000000000001,1.0,10.0,10.0,0.05451552737504244,-0.7118802560830275,3.9504998446897512,1.0548759972004578,-0.05121544895086422,6.644312382046215,0.9356979999999999,2339245,ok,right
35,502,1,6,0.07680000000000001,1.0,10.0,10.0,-0.09806422945111991,-0.07916236407474347,4.12497186698408,0.9028182703496446,-0.01818755882987774,3.1259139924659665,0.9388592,2347148,ok,right
35,911,1,6,0.07680000000000001,1.0,10.0,10.0,0.13642967063933611,-1.0347964247508699,1.5445757848212194,1.137656596021238,0.03111785777984198,6.497794187357312,0.9387656,2346914,ok,right
35,990,1,6,0.07680000000000001,1.0,10.0,10.0,0.5686693470925093,0.771681129104092,0.4155716390954051,1.5693237073063062,-0.0979070564517608,13.044164400916504,0.9390388,2347597,ok,right
35,344,1,6,0.07680000000000001,1.0,10.0,10.0,0.0004786122590303421,0.44549102557732145,6.0267721930813085,1.0010598284504297,0.013013809815738879,-0.13438227527983126,0.9435195999999999,2358799,ok,right
35,319,1,6,0.07680000000000001,1.0,10.0,10.0,0.09868493396788836,0.5761628608398796,1.4432959093307345,1.1005872110519492,-0.10174447321711272,6.010009615579547,0.9460335999999999,2365084,ok,right
35,935,1,6,0.07680000000000001,1.0,10.0,10.0,0.5884344477206469,0.15545671798581362,1.5696187655161713,1.5894411833996824,-0.1323334035031936,-6.323524659994989,0.9456028,2364007,ok,right
35,599,1,6,0.07680000000000001,1.0,10.0,10.0,-0.0034776011481881144,-1.028964898500259,2.585781149443956,0.99776406458956,-0.024503180848730623,-3.311818587541248,0.950716,2376790,ok,right
35,11,1,6,0.07680000000000001,1.0,10.0,10.0,0.41138393245637417,-1.0179949559939105,4.867448689803982,1.4124391381421457,0.030885451237931565,0.5418659120123795,0.9520864,2380216,ok,right
35,591,1,6,0.07680000000000001,1.0,10.0,10.0,0.6175339322537184,-0.12425838687008468,3.28779508161062,1.6177318490373438,-0.22441604455961056,-0.3234065913718259,0.9555975999999999,2388994,ok,right
35,763,1,6,0.07680000000000001,1.0,10.0,10.0,0.3396199706941843,0.6840200540461145,0.3557622727323698,1.3403545510316506,0.21389272802698292,6.520591901055045,0.95976,2399400,ok,right
35,750,1,6,0.07680000000000001,1.0,10.0,10.0,0.27093318533152344,-1.6471188787711237,4.4280042435560505,1.2717993170328612,0.08302081449731902,6.401800538656204,0.9644252,2411063,ok,right
35,924,1,6,0.07680000000000001,1.0,10.0,10.0,0.3299412395805121,1.2807686262626552,5.205510759743287,1.330750142068444,-0.300762466889021,19.29969588607503,0.9679072,2419768,ok,right
35,173,1,6,0.07680000000000001,1.0,10.0,10.0,0.4983938418328762,0.42788655836949296,2.4039615464876865,1.4987687324142125,-0.25052570125815893,-6.3738403226384746,0.9713504,2428376,ok,right
35,346,1,6,0.07680000000000001,1.0,10.0,10.0,0.5377098634839058,-0.23011018546473866,2.042003169079829,1.5377657689250326,-0.37254140532614044,-3.2858830682956506,0.9690759999999999,2422690,ok,right
35,702,1,6,0.07680000000000001,1.0,10.0,10.0,0.019953203760087492,0.47958562792697945,2.7366745574114986,1.0203766931525726,0.07691888834740492,15.480899098169802,0.9687895999999999,2421974,ok,right
35,873,1,6,0.07680000000000001,1.0,10.0,10.0,0.6443543964996934,0.06843640694102958,5.545816191150459,1.6453309399131646,0.09748471224574386,-9.848130037211131,0.9727176,2431794,ok,right
35,906,1,6,0.07680000000000001,1.0,10.0,10.0,0.5084216434508563,0.7903016958314804,1.083128082209341,1.50875200703002,0.28400759349862026,6.282459215222934,0.972526,2431315,ok,right
35,266,1,6,0.07680000000000001,1.0,10.0,10.0,-0.010155957750976087,0.6517243730769634,3.7462297318139144,0.9899465843526515,-0.13212136028534138,0.0836111639236654,0.9810892,2452723,ok,right
35,658,1,6,0.07680000000000001,1.0,10.0,10.0,0.4233985852450133,1.1827997165773132,1.4697525033769279,1.4235852008523635,0.4963280380867454,3.002021349567684,0.980134,2450335,ok,right
35,768,1,6,0.07680000000000001,1.0,10.0,10.0,0.6997357277199626,-0.2479513409137512,4.124511362316498,1.7000047440434565,-0.1436600542503764,27.391049954241122,0.9845655999999999,2461414,ok,right
35,854,1,6,0.07680000000000001,1.0,10.0,10.0,0.16645606886595488,1.666456736800929,5.79744000550375,1.1664836500692208,-0.35000537037680757,-0.17652726328975685,0.9942219999999999,2485555,ok,right
35,55,1,6,0.07680000000000001,1.0,10.0,10.0,0.6760258991271257,-0.23326394982284038,5.303759025709352,1.676422103766296,-0.24703511600462322,0.47176617755715183,1.0077696,2519424,ok,right
35,340,1,6,0.07680000000000001,1.0,10.0,10.0,0.3681262951344252,0.3875095353721292,2.7600410193584293,1.3681682182689636,-0.10538088680474576,-3.7729539200796607,1.0088232,2522058,ok,right
35,683,1,6,0.07680000000000001,1.0,10.0,10.0,0.6866897510364652,0.3067913645189645,2.3551127105490233,1.6868875911829349,0.006070159250676412,6.578940773328408,1.011514,2528785,ok,right
35,868,1,6,0.07680000000000001,1.0,10.0,10.0,0.4015518402680755,-0.5416099732105913,0.3004476972982755,1.4015573769104945,-0.5618666875561056,-6.328741066171486,1.0086363999999999,2521591,ok,right
35,486,1,6,0.07680000000000001,1.0,10.0,10.0,0.3028057666495443,0.9182453331854352,4.333406419016951,1.3028443599675792,0.5594471994725883,3.493763817900342,1.01853,2546325,ok,right
35,777,1,6,0.07680000000000001,1.0,10.0,10.0,0.3913924699649215,-0.21823204726628836,0.5121728421689755,1.3914286229799162,-0.03369603257554161,6.42825972680685,1.0231527999999999,2557882,ok,right
35,932,1,6,0.07680000000000001,1.0,10.0,10.0,0.5509836005046964,-0.71842089098071,4.66636462964003,1.5513714619658174,0.04165778331343831,15.518273051966307,1.0207519999999999,2551880,ok,right
35,360,1,6,0.07680000000000001,1.0,10.0,10.0,0.37837105970829726,-1.1801037048003367,5.700902995275498,1.3785797337221655,-0.03899198127848467,-5.7645640596141785,1.0269956,2567489,ok,right
35,923,1,6,0.07680000000000001,1.0,10.0,10.0,0.6172775013372302,0.5288331655027864,5.01877760994664,1.6176936510078503,0.017699854345910117,2.6557056863241733,1.0315672,2578918,ok,right
35,998,1,6,0.07680000000000001,1.0,10.0,10.0,0.6507130576297642,-0.11705782794231583,2.529737201091409,1.6507149165856476,0.2449379887103931,9.430835439528796,1.0293451999999998,2573363,ok,right
35,814,1,6,0.07680000000000001,1.0,10.0,10.0,0.6784818574786187,0.005495871100404586,3.4933581653724555,1.6787682314304917,0.06018693665990298,18.904017131790308,1.0351671999999998,2587918,ok,right
35,863,1,6,0.07680000000000001,1.0,10.0,10.0,0.3947911081835628,0.8138929736472968,3.615604730529723,1.394847545197686,0.043714204587887995,-0.045570162000543,1.034136,2585340,ok,right
35,26,1,6,0.07680000000000001,1.0,10.0,10.0,0.2688860557973385,1.8234761851205683,4.571804848285582,1.2690926133019655,-0.24228235917778046,0.5168297666455375,1.0365476,2591369,ok,right
35,903,1,6,0.07680000000000001,1.0,10.0,10.0,0.13187298066914083,-0.4986123524912255,2.859255103840427,1.1319912092831634,0.04968044118920636,18.945614443323198,1.0369012,2592253,ok,right
35,121,1,6,0.07680000000000001,1.0,10.0,10.0,0.33784138932824137,0.5106644586961526,2.031761822349487,1.3384427032915596,-0.33470861700604826,-9.340511855915672,1.0456623999999999,2614156,ok,right
35,715,1,6,0.07680000000000001,1.0,10.0,10.0,0.6570369450375438,0.21883507642734965,4.91434780704332,1.657795802410834,0.022050556393629087,-5.767621936666422,1.0462828,2615707,ok,right
35,169,1,6,0.07680000000000001,1.0,10.0,10.0,0.20125009696930649,0.995782818930023,0.38098082846644105,1.2015933733894677,0.13982773711653013,0.5780970953133934,1.0508992,2627248,ok,right
35,226,1,6,0.07680000000000001,1.0,10.0,10.0,0.016310810670256616,-0.10093473822096236,4.040342133633133,1.0163183460212408,-0.026270214713240366,-6.076996347447722,1.0549228,2637307,ok,right
35,466,1,6,0.07680000000000001,1.0,10.0,10.0,0.013274016976356507,-1.1523149187818351,4.2841831623621625,1.0134538593053335,-0.06551801372639521,3.0993913908158155,1.0584472,2646118,ok,right
35,182,1,6,0.07680000000000001,1.0,10.0,10.0,0.3349994715303183,0.9540174049423249,2.4321823699982614,1.3350547781548023,0.03784836555028382,9.7095837029228,1.0674328,2668582,ok,right
35,432,1,6,0.07680000000000001,1.0,10.0,10.0,-0.015071080811321736,-0.5108364633452439,5.4224049413193995,0.9852984253167167,0.06963585747167336,-6.091548759508081,1.0643288,2660822,ok,right
35,503,1,6,0.07680000000000001,1.0,10.0,10.0,0.3580247472971678,-1.4957678702956585,5.37249837464772,1.3581535841605383,-0.161242796311814,-11.888116295448471,1.0682132,2670533,ok,right
35,151,1,6,0.07680000000000001,1.0,10.0,10.0,0.3061645047739148,-1.6533870731464524,2.7658996390734565,1.306461154383135,0.06009515578344735,0.13469628162745031,1.0730628,2682657,ok,right
35,476,1,6,0.07680000000000001,1.0,10.0,10.0,0.2681279005482793,0.3821837118944935,3.059723831401878,1.2683864428336398,-0.23378047532233343,2.8528893489724982,1.0725164,2681291,ok,right
35,389,1,6,0.07680000000000001,1.0,10.0,10.0,0.07311537694185972,0.883395270799015,3.4072411051540885,1.0739250239492049,-0.2055828580999838,-3.2265450053930604,1.078408,2696020,ok,right
35,797,1,6,0.07680000000000001,1.0,10.0,10.0,0.18889095913618803,0.371187830451594,4.324939963497952,1.1893747815620517,-0.4831704871184329,-9.903898476635772,1.0796468,2699117,ok,right
35,255,1,6,0.07680000000000001,1.0,10.0,10.0,0.5464027889072895,0.5255371236055811,2.2447604637407146,1.5464758537348213,0.3212365427711259,-9.290824500916685,1.0805936,2701484,ok,right
35,252,1,6,0.07680000000000001,1.0,10.0,10.0,0.02933688834309578,1.232491135117333,3.642355678322646,1.0293997049272494,0.10125552033466517,6.541388937953946,1.0877,2719250,ok,right
35,286,1,6,0.07680000000000001,1.0,10.0,10.0,0.11870704535394908,1.3244993162411325,1.4243803449186943,1.1188090869501885,0.31085257387302206,-9.204586809423501,1.0867088,2716772,ok,right
35,405,1,6,0.07680000000000001,1.0,10.0,10.0,0.2524806892499328,-1.5901667808028286,1.5486731550359925,1.2536064148284298,0.013959439934093447,3.458057100299353,1.0874028,2718507,ok,right
35,83,1,6,0.07680000000000001,1.0,10.0,10.0,0.5340488906949759,0.49807434833811104,0.3636404215974636,1.535095793572944,-0.30494094425618556,8.490051955053337,1.0883032,2720758,ok,right
35,656,1,6,0.07680000000000001,1.0,10.0,10.0,0.5528482040390372,-0.5892731554347768,5.26122963306944,1.554112232931781,-0.028679780843865493,15.635345820932754,1.0924719999999999,2731180,ok,right
35,15,1,6,0.07680000000000001,1.0,10.0,10.0,0.4758346552029252,-0.4700068299426218,4.210481429989177,1.4760476434108416,-0.3378539760061527,3.2838757150707196,1.0999424,2749856,ok,right
35,686,1,6,0.07680000000000001,1.0,10.0,10.0,-0.09954677354544401,-0.15192516185551375,2.909322067776153,0.9007440773714098,-0.03711668586486974,-10.296695955396174,1.0997728,2749432,ok,right
35,228,1,6,0.07680000000000001,1.0,10.0,10.0,-0.09440688882023096,-0.1182935906323877,2.9420819281729766,0.9081511079899577,0.06450449630572186,-8.131673853867095,1.1078204,2769551,ok,right
35,963,1,6,0.07680000000000001,1.0,10.0,10.0,0.08520363569259644,0.43951718182223964,3.2969210952085746,1.0852314264687826,0.056017904111517344,-3.444823411281838,1.1071532,2767883,ok,right
35,34,1,6,0.07680000000000001,1.0,10.0,10.0,0.5351604696363211,-0.8961091896056999,5.7190223475049615,1.5357458443291174,-0.06660736031360129,15.682358582229885,1.1152351999999999,2788088,ok,right
35,641,1,6,0.07680000000000001,1.0,10.0,10.0,0.24659638591110708,-1.2329133128422636,5.104147433553888,1.2467056960940497,0.09395688913920967,18.70207318887553,1.115756,2789390,ok,right
35,839,1,6,0.07680000000000001,1.0,10.0,10.0,0.21905400045216084,-2.0532808062533534,6.094019884914743,1.2200256686066204,0.13174696667737837,18.737545270598147,1.1132912,2783228,ok,right
35,644,1,6,0.07680000000000001,1.0,10.0,10.0,0.3923985106870532,-0.3603003660476277,2.8373075934328087,1.3925761002395567,0.256142121323903,2.9443220589788908,1.1173996,2793499,ok,right
35,809,1,6,0.07680000000000001,1.0,10.0,10.0,0.2573163889348507,-0.6723620700154631,1.2094792502483658,1.2577889282173096,0.18157984465028487,-3.264230045914516,1.1208023999999999,2802006,ok,right
35,885,1,6,0.07680000000000001,1.0,10.0,10.0,0.4145563911646605,0.19635585304397962,0.9770501982225434,1.4146193471989459,0.27526875427115516,-3.283886557079459,1.1228107999999999,2807027,ok,right
35,30,1,6,0.07680000000000001,1.0,10.0,10.0,0.3941037675365806,-0.10675038048720857,5.913656295064405,1.3946693438659001,0.06393591730252733,24.89165862062025,1.1269812,2817453,ok,right
35,264,1,6,0.07680000000000001,1.0,10.0,10.0,0.43255262002348904,0.5033473497462966,0.3511036934952741,1.4330580865854274,-0.4244944019866584,0.2367850193574333,1.1434172,2858543,ok,right
35,436,1,6,0.07680000000000001,1.0,10.0,10.0,0.6921649765223266,-0.11952583707574031,5.9360138306883625,1.6924211771115893,0.048733206224947014,-6.0647067219927795,1.1410076,2852519,ok,right
35,624,1,6,0.07680000000000001,1.0,10.0,10.0,0.1979493461549282,0.23925759273488406,5.7809426900271985,1.1981287108765422,-0.013058282045678282,-11.970166366926069,1.1481919999999999,2870480,ok,right
35,247,1,6,0.07680000000000001,1.0,10.0,10.0,0.231315416097641,-1.346700397958777,0.44281191981958007,1.231641062895487,-0.029426886618174865,6.248194852619532,1.1562223999999999,2890556,ok,right
35,118,1,6,0.07680000000000001,1.0,10.0,10.0,0.48406304493546487,-0.7153168552031399,1.2841278782919276,1.4843228420262493,-0.31628093166685406,9.39718542451979,1.161238,2903095,ok,right
35,749,1,6,0.07680000000000001,1.0,10.0,10.0,0.4853849792852998,-0.2995561619656337,3.676654911823395,1.485860691901174,-0.11157165620777648,-15.929597893932797,1.1645944,2911486,ok,right
35,958,1,6,0.07680000000000001,1.0,10.0,10.0,0.10158670879900455,-1.914308976436649,3.3471450521979773,1.101755946099042,-0.12613739473212143,-12.714912145463796,1.1650048,2912512,ok,right
35,233,1,6,0.07680000000000001,1.0,10.0,10.0,0.3499641172587872,-0.3585114542904653,0.8095776698623753,1.3508592755493107,0.05494760380655553,15.60077554354803,1.1688812,2922203,ok,right
35,256,1,6,0.07680000000000001,1.0,10.0,10.0,-0.00411899071186781,-0.7026090831130425,3.2127430904796523,0.9962834587862175,-0.0185542871229959,9.39278788496699,1.169788,2924470,ok,right
35,408,1,6,0.07680000000000001,1.0,10.0,10.0,0.49989489261060954,-0.6654067333740812,2.596113078598848,1.5001573268459614,0.20885668880591962,-6.421895177700217,1.1691904,2922976,ok,right
35,451,1,6,0.07680000000000001,1.0,10.0,10.0,0.6700535679236055,-0.014976746593773975,2.5253623226315898,1.6713495605972855,-0.14224012183869328,-2.64377268827267,1.1708528,2927132,ok,right
35,295,1,6,0.07680000000000001,1.0,10.0,10.0,0.10064424630254508,-1.3217073045318126,0.7095294324174158,1.1012925989902493,-0.0021163229136864385,12.181653411383044,1.1756444,2939111,ok,right
35,874,1,6,0.07680000000000001,1.0,10.0,10.0,0.34715601652860645,1.5372613596921147,1.0891396587870639,1.3475357221049014,0.3439632461946072,6.139782108233552,1.1726356,2931589,ok,right
35,98,1,6,0.07680000000000001,1.0,10.0,10.0,0.1429378241300583,1.5106468300215088,1.3814308870556649,1.1430071932444994,-0.08370994788327579,-3.3196048998719148,1.1795404,2948851,ok,right
35,457,1,6,0.07680000000000001,1.0,10.0,10.0,0.39505249336361886,0.987591285377293,2.6632120106815553,1.395672107288876,-0.06418819819550033,15.576202361891397,1.1788748,2947187,ok,right
35,300,1,6,0.07680000000000001,1.0,10.0,10.0,0.6241771137341857,-0.5225720117554044,2.0459132258008146,1.6253686393756541,-0.26451739194464924,-0.633031774147341,1.1804848,2951212,ok,right
35,519,1,6,0.07680000000000001,1.0,10.0,10.0,0.5853787248954178,0.5109636645325618,4.333734553005049,1.5854329702876704,0.6073124540201597,-6.037185575524551,1.1829007999999999,2957252,ok,right
35,983,1,6,0.07680000000000001,1.0,10.0,10.0,0.17837863322347403,1.3937994394457556,1.950188546186536,1.178655079822272,-0.09530208292300708,3.1718566519821847,1.1815951999999998,2953988,ok,right
35,577,1,6,0.07680000000000001,1.0,10.0,10.0,0.5223598053678871,-0.8749208767593243,0.5689326841127926,1.5229887265365207,-0.13357737263361677,-9.916008313459768,1.187948,2969870,ok,right
35,944,1,6,0.07680000000000001,1.0,10.0,10.0,0.639639849215746,0.5370183944883035,2.8905210527755556,1.6401357524589615,0.05068493390131097,-2.8678639620700257,1.18425,2960625,ok,right
35,617,1,6,0.07680000000000001,1.0,10.0,10.0,0.43621042575687174,1.1012264899436188,2.6898091999326748,1.43690964339853,0.20839126638058497,2.9920149681571035,1.1917647999999998,2979412,ok,right
35,633,1,6,0.07680000000000001,1.0,10.0,10.0,0.46947830617427827,-1.0795565810160013,0.28845139893001076,1.4695783361836132,-0.08099985310278543,-9.84173504250499,1.1904824,2976206,ok,right
35,404,1,6,0.07680000000000001,1.0,10.0,10.0,0.25171688795089725,1.5422622802738173,1.6471852319451281,1.251900656002572,0.005445929537589407,12.932394482048775,1.2028379999999999,3007095,ok,right
35,606,1,6,0.07680000000000001,1.0,10.0,10.0,0.22604833524674178,0.9010422644008597,1.7623998702744181,1.2261998547058681,0.1588660203964778,12.601715043473003,1.2007524,3001881,ok,right
35,564,1,6,0.07680000000000001,1.0,10.0,10.0,0.30071080401539807,-0.26587732963906796,0.17359022647827907,2.8275066636291073,-0.0033030428183859345,11.275514738607525,1.2050996,3012749,ok,right
35,567,1,6,0.07680000000000001,1.0,10.0,10.0,0.07866214234381914,0.7113972901385089,2.939157098502081,1.0787577869887637,-0.06256543492768171,11.881942197500392,1.2074912,3018728,ok,right
35,324,1,6,0.07680000000000001,1.0,10.0,10.0,0.11015109587460757,1.8087117197991267,2.178220316625073,1.11074109657468,0.13594942406872756,1.1299254743672589,1.2148628,3037157,ok,right
35,401,1,6,0.07680000000000001,1.0,10.0,10.0,-0.06447547990828753,-0.46968547519597287,1.0068994280313484,0.936233435686372,-0.024331664571701238,8.948052169947212,1.2152387999999998,3038097,ok,right
35,278,1,6,0.07680000000000001,1.0,10.0,10.0,0.3724115036427975,-1.0817350214059265,2.061454328281542,1.373346514676549,0.19744119040596905,12.956017939872327,1.2191584,3047896,ok,right
35,690,1,6,0.07680000000000001,1.0,10.0,10.0,0.027555298060178757,1.0788573407871695,4.336560673741464,1.028561737907866,-0.007711845684552447,-18.952999032610354,1.2278896,3069724,ok,right
35,850,1,6,0.07680000000000001,1.0,10.0,10.0,-0.05367460660636425,0.5852534106493011,1.0514872546647276,0.9464376599033644,-0.016540627405120682,-6.197339301784641,1.2282768,3070692,ok,right
35,52,1,6,0.07680000000000001,1.0,10.0,10.0,-0.03755573742091656,0.0330651475163476,0.05846243720660094,0.9635897023006442,0.02418625058489438,-12.574732622931284,1.236742,3091855,ok,right
35,79,1,6,0.07680000000000001,1.0,10.0,10.0,-0.04803592003881932,-0.5450726132467034,3.084819243080791,0.9527996375939939,0.04866944713479628,-6.085321774785786,1.2368295999999999,3092074,ok,right
35,259,1,6,0.07680000000000001,1.0,10.0,10.0,0.4210511285811663,-0.10505855499714722,0.2904169566433791,1.4211013132782628,0.008870008952776823,-6.112854515904033,1.239336,3098340,ok,right
35,29,1,6,0.07680000000000001,1.0,10.0,10.0,0.08805547393858433,1.70994520305515,5.431386216728428,1.089056832822553,0.06977569165984226,-12.476814334090388,1.2479704,3119926,ok,right
35,63,1,6,0.07680000000000001,1.0,10.0,10.0,0.33104362674057486,-1.32114153841913,5.417486035810098,1.3312284874453608,-0.07700915461818354,6.1681780772567025,1.248874,3122185,ok,right
35,766,1,6,0.07680000000000001,1.0,10.0,10.0,0.49365232326090336,0.4389658674840383,0.8972112933659759,1.4942630374440056,-0.12821380894203308,-15.818095079973247,1.2494083999999999,3123521,ok,right
35,8,1,6,0.07680000000000001,1.0,10.0,10.0,0.42109477017074826,-0.7343325973375684,4.063894969880444,1.4212468741327633,0.15443896164237234,0.043227045744439696,1.255528,3138820,ok,right
35,280,1,6,0.07680000000000001,1.0,10.0,10.0,-0.018236763961613178,-0.32294779841307886,2.9456926294303196,0.982126654272033,-0.05426624578244579,3.181228696096329,1.2533071999999998,3133268,ok,right
35,335,1,6,0.07680000000000001,1.0,10.0,10.0,-0.032600142434239386,-0.4706372298709692,3.386565207028512,0.9674402510592882,-0.03654731477536981,-2.5858225230182503,1.2530096,3132524,ok,right
35,197,1,6,0.07680000000000001,1.0,10.0,10.0,0.6162348229438067,0.510681082406781,4.791610229524846,1.6166830330715876,0.39975441431347136,2.9169346845444086,1.2586704,3146676,ok,right
35,808,1,6,0.07680000000000001,1.0,10.0,10.0,0.6694311581552029,-0.1552923611929134,2.471953272604563,1.6700934223692865,-0.08643049405336674,9.313643517719738,1.2582304,3145576,ok,right
35,170,1,6,0.07680000000000001,1.0,10.0,10.0,0.41111929379403594,0.20703200132721794,3.8115873642102147,1.411881036195493,0.4308398670093111,10.197986875792937,1.2607624,3151906,ok,right
35,216,1,6,0.07680000000000001,1.0,10.0,10.0,0.38544582668691874,-1.2632628548787284,3.180001412691636,1.3854604894477853,-0.2884747092998076,15.889138023824888,1.2609352,3152338,ok,right
35,292,1,6,0.07680000000000001,1.0,10.0,10.0,0.6900414785370231,-0.04975540474667964,4.954719759782916,1.6904054331286587,0.03971636220827198,-6.147713838909137,1.2620524,3155131,ok,right
35,40,1,6,0.07680000000000001,1.0,10.0,10.0,-0.0684554448351264,-0.12121470750499218,5.502314824035337,0.9329831777880249,0.04952881200850034,3.0501557874749388,1.2642596,3160649,ok,right
35,350,1,6,0.07680000000000001,1.0,10.0,10.0,0.6192709518596531,-0.3526883538482303,1.1146802656958592,1.6192885278083382,0.022028408588399193,3.702365474575443,1.2671151999999999,3167788,ok,right
35,689,1,6,0.07680000000000001,1.0,10.0,10.0,0.15703329239040614,-1.3877591491011316,4.6852386618078,1.1572022688629702,0.04307171863648471,22.046915861317355,1.2669131999999999,3167283,ok,right
35,48,1,6,0.07680000000000001,1.0,10.0,10.0,0.5100254792720079,0.33007863751755356,6.257828812899821,1.5102342501333859,0.023081134461951227,8.864672100413728,1.2705127999999999,3176282,ok,right
35,119,1,6,0.07680000000000001,1.0,10.0,10.0,0.23919000681489708,-0.8716746648149131,1.609232942782805,1.2395991441507221,-0.1579053439772022,15.384308255716611,1.2752584,3188146,ok,right
35,337,1,6,0.07680000000000001,1.0,10.0,10.0,0.04643441773951054,0.19292145316617518,6.248394041663729,1.0467180225985993,0.15404974801740626,-16.405507481577978,1.274966,3187415,ok,right
35,636,1,6,0.07680000000000001,1.0,10.0,10.0,0.5539250381290913,0.60122185811247,4.941454463367218,1.5539515530795551,-0.11355112189887978,0.9071819599051868,1.2732712,3183178,ok,right
35,627,1,6,0.07680000000000001,1.0,10.0,10.0,0.13563657943159343,-1.8068233009348826,2.398913782765209,1.1366980899769916,0.23595021818523018,0.2860303015270471,1.276448,3191120,ok,right
35,272,1,6,0.07680000000000001,1.0,10.0,10.0,0.25722354296594857,1.1712054866141515,5.789033510608066,1.257305488700496,0.2737047010554749,-6.3255172975021745,1.2833176,3208294,ok,right
35,168,1,6,0.07680000000000001,1.0,10.0,10.0,0.10805080607533456,-1.8509026945846674,1.8169254544895757,1.1083422878402636,-0.10089438153712159,-0.06244557614510718,1.2846651999999998,3211663,ok,right
35,253,1,6,0.07680000000000001,1.0,10.0,10.0,0.10218393206596375,-1.0378216924513959,6.176777539554668,1.1028847622638993,-0.30391061309321293,-22.346650454304022,1.2859703999999998,3214926,ok,right
35,799,1,6,0.07680000000000001,1.0,10.0,10.0,-0.020595533587038518,0.6827170237870895,1.2069949812828773,0.9798656186405513,0.04175933350475582,-3.1664466096352557,1.2879467999999998,3219867,ok,right
35,961,1,6,0.07680000000000001,1.0,10.0,10.0,0.19532025381922724,1.7347565454704303,5.316159736077286,1.1953784044895808,-0.005029130822551038,-9.148584087792141,1.2871888,3217972,ok,right
35,501,1,6,0.07680000000000001,1.0,10.0,10.0,0.417289343290031,0.5738531370976014,2.401407072083574,1.4176619632886365,0.07928932337519609,6.069176672737331,1.2891032,3222758,ok,right
35,638,1,6,0.07680000000000001,1.0,10.0,10.0,0.697232185676694,-0.2138090064493025,2.813158982334798,1.6973085786609694,-0.18546211705716806,6.923993401002079,1.2896484,3224121,ok,right
35,754,1,6,0.07680000000000001,1.0,10.0,10.0,0.4039661187678576,-0.7037378372474421,3.8889000626287156,1.4043186192070174,-0.23801988988369288,6.362806088113312,1.290632,3226580,ok,right
35,181,1,6,0.07680000000000001,1.0,10.0,10.0,0.5601802062243223,-0.4619524852877172,4.91039975541398,1.5603970757902463,0.1262266860875613,3.218341737677276,1.2926144,3231536,ok,right
35,314,1,6,0.07680000000000001,1.0,10.0,10.0,0.28140492960810665,-1.18660085429227,4.816733269874604,1.2823412703674464,0.2971920586297344,3.140381457840133,1.2995588,3248897,ok,right
35,672,1,6,0.07680000000000001,1.0,10.0,10.0,0.15705618765205145,-0.5126453388808551,0.23839224551390967,1.158353182071011,-0.15537747869544036,-3.1591448554929205,1.2982563999999999,3245641,ok,right
35,969,1,6,0.07680000000000001,1.0,10.0,10.0,0.20727503281086684,1.932473478140089,4.112592477184234,1.207900911363125,-0.09186247290294203,-6.389209145891068,1.3037504,3259376,ok,right
35,521,1,6,0.07680000000000001,1.0,10.0,10.0,0.20966060347855092,0.13837896457458557,0.8863598483540203,1.2101330112683593,0.23357665828210203,6.108934079711121,1.3097636,3274409,ok,right
35,798,1,6,0.07680000000000001,1.0,10.0,10.0,0.3908045852556825,-0.42458585117862613,0.19461425814501504,1.3915036789124455,0.11365298202063887,25.361318447440308,1.309686,3274215,ok,right
35,171,1,6,0.07680000000000001,1.0,10.0,10.0,0.1253607364371419,0.03779862010067636,1.8418070826349746,1.1258083146851077,-0.05311344658093222,6.010259104324652,1.3159695999999999,3289924,ok,right
35,82,1,6,0.07680000000000001,1.0,10.0,10.0,0.6249704757705331,0.2196921478925491,3.3525374311436336,1.6251610689545442,0.34193190084950764,13.275114461887915,1.3191144,3297786,ok,right
35,427,1,6,0.07680000000000001,1.0,10.0,10.0,0.6339654006063938,0.3929413770293453,1.1464061224279938,1.6340633156070048,0.11754052645633356,15.563475335541368,1.3278219999999998,3319555,ok,right
35,985,1,6,0.07680000000000001,1.0,10.0,10.0,0.2145112093538046,2.082687777160306,0.6177748974213106,1.214756279444795,0.38510043851795583,9.077849588524403,1.33425,3335625,ok,right
35,323,1,6,0.07680000000000001,1.0,10.0,10.0,0.06473772898316384,-0.7709087235984263,4.686741475126006,1.0650040712826117,-0.04687471327522014,-12.780559709666255,1.3424728,3356182,ok,right
35,508,1,6,0.07680000000000001,1.0,10.0,10.0,0.11706841867417098,-1.4362931540385262,5.884086901003311,1.117305608742183,-0.13958312734153866,12.198831840084646,1.3402952,3350738,ok,right
35,696,1,6,0.07680000000000001,1.0,10.0,10.0,0.2170078493654728,-1.2020932220899099,4.173390564045731,1.2175446027193793,0.06678077356983377,1.5222943979723647,1.3471267999999998,3367817,ok,right
35,143,1,6,0.07680000000000001,1.0,10.0,10.0,0.4144072841852904,-1.1346010582691872,2.937192823767868,1.4153110376147264,-0.06073334862080754,15.698727962005925,1.3507964,3376991,ok,right
35,186,1,6,0.07680000000000001,1.0,10.0,10.0,0.573643252812326,0.06344184065495269,0.8268567731492411,1.5737903193144864,-0.04896516676495595,-0.12708787085411463,1.3514595999999999,3378649,ok,right
35,713,1,6,0.07680000000000001,1.0,10.0,10.0,0.4192541627213359,-0.2569360208327996,4.683184481980107,1.420272777733702,0.15089761429350732,6.5463769805002725,1.3490088,3372522,ok,right
35,851,1,6,0.07680000000000001,1.0,10.0,10.0,0.6422121727839113,-0.11369673609999563,4.215057134917083,1.6426239640751277,-0.04626005748991935,-0.07047475493700008,1.3493064,3373266,ok,right
35,921,1,6,0.07680000000000001,1.0,10.0,10.0,0.2735051963478327,1.4585011935350902,2.316127114071017,1.2739981368517723,-0.0007527152868162996,-9.940844390384946,1.349288,3373220,ok,right
35,184,1,6,0.07680000000000001,1.0,10.0,10.0,0.1812960419803858,0.26118493837067674,2.7610036121399966,1.1820874520700433,0.03817501073091368,25.304857617738797,1.3549148,3387287,ok,right
35,196,1,6,0.07680000000000001,1.0,10.0,10.0,0.11302823089063169,-1.403763105520592,0.7563494701570618,1.1134078521582875,-0.27713897174206453,-9.631014952417749,1.35537,3388425,ok,right
35,241,1,6,0.07680000000000001,1.0,10.0,10.0,0.40429314225912094,-0.8838863213635075,5.175326031616773,1.405023022998046,-0.06283572302387194,8.939157234302755,1.3532267999999998,3383067,ok,right
35,374,1,6,0.07680000000000001,1.0,10.0,10.0,0.015452451072633266,-0.6447966258613693,3.757918246847482,1.0159117182246822,-0.15612718043466367,6.340084843129483,1.3540948,3385237,ok,right
35,47,1,6,0.07680000000000001,1.0,10.0,10.0,0.06441259048879147,0.17081276145144794,6.221181837263331,1.0644676769496284,0.29791271060365176,-2.570440665149002,1.3664572,3416143,ok,right
35,180,1,6,0.07680000000000001,1.0,10.0,10.0,0.09875431843101978,1.267145026982765,2.787711918796745,1.0989868228851758,0.011635285408113585,-5.568793700178536,1.3674468,3418617,ok,right
35,307,1,6,0.07680000000000001,1.0,10.0,10.0,0.38823281265795234,0.7375694220089525,4.927827707689575,1.3883268202999581,-0.011355260281068898,6.308609979973682,1.3650179999999998,3412545,ok,right
35,759,1,6,0.07680000000000001,1.0,10.0,10.0,0.19267027527093888,-0.5259831309434586,2.4988123256547894,1.1932679991259731,0.09655268357793337,6.4250867922897275,1.3644748,3411187,ok,right
35,89,1,6,0.07680000000000001,1.0,10.0,10.0,-0.0948535192757845,-0.0657630437665003,5.391480305801345,0.9054782037077194,-0.04387262206964318,-6.554218478162303,1.3737244,3434311,ok,right
35,84,1,6,0.07680000000000001,1.0,10.0,10.0,0.5081587161868811,0.05252974284610762,0.13357330054983282,1.508222937914578,-0.08958914799655807,-12.450290971156525,1.3786707999999999,3446677,ok,right
35,829,1,6,0.07680000000000001,1.0,10.0,10.0,0.14725679382681847,-1.8289979889375396,0.7172563755327547,1.1477475584051942,0.030446762401078308,-3.4086895690084766,1.3782512,3445628,ok,right
35,144,1,6,0.07680000000000001,1.0,10.0,10.0,0.4619758514687419,-0.7611339812630604,4.898570901186151,1.4625772203404908,-0.14497013086354762,-25.2437906510921,1.3828011999999998,3457003,ok,right
35,960,1,6,0.07680000000000001,1.0,10.0,10.0,0.4137120570987463,-0.11776939813270264,6.0547474350709996,1.414864469506274,0.3522189700423145,-2.965092791955215,1.3830128,3457532,ok,right
35,242,1,6,0.07680000000000001,1.0,10.0,10.0,0.5918749356642365,-0.29682315674697896,2.826475872945316,1.5922100270735344,-0.04341114525114403,-3.0414861293182818,1.3858408,3464602,ok,right
35,778,1,6,0.07680000000000001,1.0,10.0,10.0,0.6541551746428014,-0.374209044985461,4.471894754194848,1.6548590946559631,0.19908722599831624,9.093127771741159,1.396674,3491685,ok,right
35,157,1,6,0.07680000000000001,1.0,10.0,10.0,0.33314818441867833,-0.14299006372929907,3.445380514705013,1.3334464004452826,-0.006859202617194485,-5.756739533991702,1.4038008,3509502,ok,right
35,108,1,6,0.07680000000000001,1.0,10.0,10.0,0.4319398963823915,0.8685224206516278,1.5466566994768103,1.4320183748939643,0.09479201679558497,0.3703047657656589,1.4051472,3512868,ok,right
35,85,1,6,0.07680000000000001,1.0,10.0,10.0,0.13448242340236902,-1.2096949989341597,3.0363863147520638,1.1349035088035195,-0.1530102431372768,0.16492148271779886,1.419128,3547820,ok,right
35,135,1,6,0.07680000000000001,1.0,10.0,10.0,0.03582585826516151,-0.9740442549104741,0.26628838898597207,1.0372768165719846,0.008146303828150117,6.285107051359763,1.4179283999999999,3544821,ok,right
35,148,1,6,0.07680000000000001,1.0,10.0,10.0,0.5262726753950119,0.4697006130257575,2.043079955783746,1.527067751996896,0.18003906249614035,15.415184130017963,1.41973,3549325,ok,right
35,918,1,6,0.07680000000000001,1.0,10.0,10.0,0.6978657729923725,-0.058666652785565786,2.398476981759265,1.6983366382623215,-0.12485358190982246,2.8487613821538385,1.4166736,3541684,ok,right
35,356,1,6,0.07680000000000001,1.0,10.0,10.0,0.4319341585040093,-1.2002503416462917,5.289936000553442,1.4327146660393264,0.02696999545072502,-0.33544047372008834,1.4221532,3555383,ok,right
35,423,1,6,0.07680000000000001,1.0,10.0,10.0,0.4120960380882025,0.17525024874295225,3.6881418133389507,1.412370182912421,0.6581652363594089,-2.512369857565943,1.4202428,3550607,ok,right
35,507,1,6,0.07680000000000001,1.0,10.0,10.0,-0.06832794323563576,-0.09163313086922356,0.41291066425512213,0.9322512637444268,-0.07155814308988438,9.216219732588238,1.4208547999999999,3552137,ok,right
35,316,1,6,0.07680000000000001,1.0,10.0,10.0,0.07648900151252747,-1.5760070903447116,2.52230833631223,1.0768102011382215,0.004432201505253522,6.161174866289398,1.4269072,3567268,ok,right
35,665,1,6,0.07680000000000001,1.0,10.0,10.0,-0.0414450416341424,-0.3399845885012828,4.948111502808202,0.9585752785889547,0.08798959102253796,6.662856792902891,1.4349231999999998,3587308,ok,right
35,35,1,6,0.07680000000000001,1.0,10.0,10.0,0.518133699707687,-0.347303697654667,1.9866950699840715,1.5186303160783812,-0.11518969205887529,22.813644920232534,1.436896,3592240,ok,right
35,88,1,6,0.07680000000000001,1.0,10.0,10.0,0.25385691225528717,-0.44515641607347817,0.74743367642418,1.254129081597179,-0.09898267044062424,-6.37839341334844,1.438232,3595580,ok,right
35,395,1,6,0.07680000000000001,1.0,10.0,10.0,0.5253018077462912,0.22775332308475757,1.4059125797307177,1.5256542825519115,0.11475742989026345,-9.612703373274261,1.4458484,3614621,ok,right
35,842,1,6,0.07680000000000001,1.0,10.0,10.0,0.3687896091490984,-0.1567114159648628,3.8803544544641198,1.3691925863753436,0.012819089509140779,12.524946937678399,1.4448328,3612082,ok,right
35,902,1,6,0.07680000000000001,1.0,10.0,10.0,0.3426143769174814,-1.1893825388028938,2.8068418914083186,1.3430533401323068,0.0003305476126187566,-9.488353175001112,1.444124,3610310,ok,right
35,328,1,6,0.07680000000000001,1.0,10.0,10.0,-0.03370226863771677,-0.4577469875319063,4.770501865019594,0.9665570307138124,-0.021674312057846586,12.474244419098527,1.450246,3625615,ok,right
35,9,1,6,0.07680000000000001,1.0,10.0,10.0,0.6544294195249677,0.3639520238358927,4.0983217259501625,1.654546970542298,-0.06960978567576218,19.098323778970283,1.4552947999999999,3638237,ok,right
35,260,1,6,0.07680000000000001,1.0,10.0,10.0,0.6122562432661653,-0.021225538225717884,0.047218778005921384,1.6123462987847685,0.3453669760253474,25.364636997774465,1.4596031999999999,3649008,ok,right
35,858,1,6,0.07680000000000001,1.0,10.0,10.0,0.5363684158772231,-0.9405361828256522,4.954563183660892,1.5363816380459177,0.24959774752690028,3.2265961722417975,1.4619735999999999,3654934,ok,right
35,922,1,6,0.07680000000000001,1.0,10.0,10.0,0.011336649209260941,-0.5414126004400904,4.930327812743272,1.0113786709550496,0.007123018301814538,-0.2171888594334782,1.46101,3652525,ok,right
35,240,1,6,0.07680000000000001,1.0,10.0,10.0,0.5893340010195971,0.6876753187343211,1.3782128300849608,1.5895442148663106,0.06969709045866851,-0.3527629235338151,1.4672204,3668051,ok,right
35,205,1,6,0.07680000000000001,1.0,10.0,10.0,0.678747750259936,0.36273229941876256,5.5221212411892555,1.6787801833843097,-0.21920934560392435,-21.69360692086764,1.4725759999999999,3681440,ok,right
35,805,1,6,0.07680000000000001,1.0,10.0,10.0,-0.03813981916755438,0.025236384174930158,3.927420404344136,0.9619599392893584,-0.04701134173277143,21.730679698253464,1.4789835999999998,3697459,ok,right
35,596,1,6,0.07680000000000001,1.0,10.0,10.0,-0.03916988912969828,0.22579437113921585,4.905172180041626,0.9611793166567576,-0.006087021884950075,-6.345417604743277,1.4820883999999999,3705221,ok,right
35,927,1,6,0.07680000000000001,1.0,10.0,10.0,0.25354714356362823,1.1286492139245161,4.667536617200873,1.254575651462433,-0.06853078490464425,2.5251786197685453,1.4883191999999998,3720798,ok,right
35,140,1,6,0.07680000000000001,1.0,10.0,10.0,0.3094663439318538,-0.6044248963654091,2.045875694637491,1.3108188092718673,-0.012454127001317504,-5.94797893415271,1.4979224,3744806,ok,right
35,274,1,6,0.07680000000000001,1.0,10.0,10.0,0.5503995874896646,-0.6581553090906658,1.8970883796086018,1.551373443519376,-0.2095820153448853,8.976358489625955,1.49932,3748300,ok,right
35,506,1,6,0.07680000000000001,1.0,10.0,10.0,0.4027898900210858,0.6760422486749095,5.3921336435526275,1.4032329341064766,-0.24120640701615662,-16.273301097663637,1.4993336,3748334,ok,right
35,352,1,6,0.07680000000000001,1.0,10.0,10.0,0.265644408762455,-0.6069151403076919,4.3012794813496145,1.266110414433018,0.04946602401972999,3.6423295506910747,1.5010408,3752602,ok,right
35,103,1,6,0.07680000000000001,1.0,10.0,10.0,0.23674044311046602,1.4272369530035163,3.012674915739977,1.2374373011638067,-0.03852562594188922,3.407504459245562,1.5041212,3760303,ok,right
35,827,1,6,0.07680000000000001,1.0,10.0,10.0,0.09894059635698796,-1.8112660026347873,1.1216332871113956,1.099174974321653,0.05119206982636148,0.16644279405542542,1.5044392,3761098,ok,right
35,95,1,6,0.07680000000000001,1.0,10.0,10.0,0.1398853285238147,1.7288465630387158,3.0576516854772544,1.1399304488403836,-0.016251634822765364,3.5494983426869844,1.5090367999999998,3772592,ok,right
35,603,1,6,0.07680000000000001,1.0,10.0,10.0,0.20856424365192652,-1.2987746773104767,3.3557225022374864,1.2093541837252184,0.06407063284070218,34.23023827642605,1.5130139999999999,3782535,ok,right
35,2,1,6,0.07680000000000001,1.0,10.0,10.0,-0.07752262242138386,0.05188967978049768,3.284088194952483,0.9244018049772577,0.06648252846947393,-0.003929130105326372,1.5171211999999998,3792803,ok,right
35,623,1,6,0.07680000000000001,1.0,10.0,10.0,0.3502197917550802,-0.9880244518259128,1.1875899493511217,1.3503629940164323,-0.1216697904239794,-3.408579499998458,1.5169751999999999,3792438,ok,right
35,341,1,6,0.07680000000000001,1.0,10.0,10.0,0.07805614545941353,0.3595311847004207,5.108174750473518,1.078141219272841,-0.1875659159053437,-2.9552873777960977,1.5222976,3805744,ok,right
35,540,1,6,0.07680000000000001,1.0,10.0,10.0,0.26469579339027405,-1.9572250697669504,5.010664364294536,1.2649056152579101,-0.02795483403270967,21.748114518280488,1.527628,3819070,ok,right
35,888,1,6,0.07680000000000001,1.0,10.0,10.0,-0.04622643738985062,-0.6230107884514573,1.2348759996449181,0.9542079639428231,0.010919820742902502,6.5456540013470494,1.5262348,3815587,ok,right
35,784,1,6,0.07680000000000001,1.0,10.0,10.0,-0.09299589898437262,-0.0808887640452926,1.318389207585243,0.9075826000000603,0.04098117060197797,6.355519909643681,1.530482,3826205,ok,right
35,110,1,6,0.07680000000000001,1.0,10.0,10.0,0.3282087128609419,1.0119277126043926,4.006720484287912,1.3287254552702725,0.43216011091183953,15.60819205318743,1.5382844,3845711,ok,right
35,650,1,6,0.07680000000000001,1.0,10.0,10.0,0.5646108543500304,-0.5644889043992737,5.646491730793644,1.565386416707095,-0.21254624674798306,1.9092586641514955,1.5376543999999999,3844136,ok,right
35,694,1,6,0.07680000000000001,1.0,10.0,10.0,0.21195131540298462,0.050841182427721,5.036590050740583,1.2120343660254451,-0.08723322439480717,-15.999954783185533,1.5367528,3841882,ok,right
35,999,1,6,0.07680000000000001,1.0,10.0,10.0,0.23413963727653028,1.121923600149226,4.188467552839976,1.2345845254380534,-0.0442673150886245,-16.12134825746706,1.5372692,3843173,ok,right
35,203,1,6,0.07680000000000001,1.0,10.0,10.0,0.3048253934830427,0.44658169935428577,0.04743358558209058,1.3054024911178255,0.10325538374550756,-9.173582782089893,1.543088,3857720,ok,right
35,955,1,6,0.07680000000000001,1.0,10.0,10.0,0.11834342479705812,-1.0204941399871093,2.035916161520103,1.1184618615756547,-0.021333289376504878,-12.195319427468101,1.541612,3854030,ok,right
35,237,1,6,0.07680000000000001,1.0,10.0,10.0,0.4107105515897274,-1.0241349750375017,4.010985851626153,1.4113521219183063,0.3209648442998895,9.081893563717522,1.5464588,3866147,ok,right
35,411,1,6,0.07680000000000001,1.0,10.0,10.0,0.5780183646827937,-0.7706513959001691,5.7735011519886985,1.5780608913740672,-0.030878612592741748,-3.0510011798755228,1.5500384,3875096,ok,right
35,224,1,6,0.07680000000000001,1.0,10.0,10.0,0.08091286327689887,-0.6793729658492332,3.5195622100189525,1.081308281527296,-0.08109227109445796,15.287576020692695,1.555056,3887640,ok,right
35,526,1,6,0.07680000000000001,1.0,10.0,10.0,0.43260458875447516,-1.1663321818341705,0.5792956271309652,1.4332768232850157,-0.06950302135128074,-9.78150032893709,1.5542555999999998,3885639,ok,right
35,815,1,6,0.07680000000000001,1.0,10.0,10.0,0.661567959561944,0.07604218036799792,4.230420542590394,1.6621157979928203,-0.014409022813629503,-18.40512921396114,1.5581148,3895287,ok,right
35,0,1,6,0.07680000000000001,1.0,10.0,10.0,0.13236149847507478,1.474984101045212,5.37968521133403,1.13290660843112,0.11371480586737637,19.505453105553624,1.5600028,3900007,ok,right
35,223,1,6,0.07680000000000001,1.0,10.0,10.0,-0.06251775566488504,-0.007894898496832599,4.610801141620584,0.937574025512355,0.03158596992774766,6.3952049268983595,1.56216,3905400,ok,right
35,416,1,6,0.07680000000000001,1.0,10.0,10.0,0.0015644507482647898,0.6716424546753471,6.181544841400497,1.0034599261095403,0.03678439471269803,-9.839731692901667,1.5624736,3906184,ok,right
35,296,1,6,0.07680000000000001,1.0,10.0,10.0,-0.00773384440690279,-0.3239430693536514,5.323661999845257,0.9925925752903644,-0.05442429252044356,9.717730596761943,1.5684384,3921096,ok,right
35,752,1,6,0.07680000000000001,1.0,10.0,10.0,0.03675903361290694,0.6705265093172197,5.653627396068459,1.0374452787342212,-0.14978036669329264,-3.290769930538195,1.570832,3927080,ok,right
35,454,1,6,0.07680000000000001,1.0,10.0,10.0,0.4154300590977073,0.067839499274873,0.3503555630412092,1.4156094428534265,-0.05563508985451058,-6.3261667883866,1.5781163999999999,3945291,ok,right
35,872,1,6,0.07680000000000001,1.0,10.0,10.0,0.19599411226809027,1.6126985755275662,3.201808019218613,1.196678197816703,0.08918887305143078,-6.527456826175693,1.5820728,3955182,ok,right
35,287,1,6,0.07680000000000001,1.0,10.0,10.0,0.1346037719398737,2.023371544608946,3.196232077701125,1.1351557290714889,0.03433289975191546,9.414926850163177,1.5872988,3968247,ok,right
35,946,1,6,0.07680000000000001,1.0,10.0,10.0,0.3869639348238707,0.5394419063350386,3.2372670205254894,1.3874924523925576,0.12864444652323132,0.2865436005507947,1.5991796,3997949,ok,right
35,712,1,6,0.07680000000000001,1.0,10.0,10.0,0.3029249357059598,-1.2595688031102594,5.180650636493653,1.303446698299888,-0.20722927922907483,0.3374430548777871,1.6066487999999999,4016622,ok,right
35,810,1,6,0.07680000000000001,1.0,10.0,10.0,0.2265627218410373,0.4698581799143968,4.876970691919305,1.2271422486787793,-0.19525800589056802,12.685846514537943,1.6079519999999998,4019880,ok,right
35,942,1,6,0.07680000000000001,1.0,10.0,10.0,0.0493170116096735,1.072215999620581,4.618454758893035,1.0495713569931773,0.004466452507664798,-0.30754986263274553,1.6095156,4023789,ok,right
35,554,1,6,0.07680000000000001,1.0,10.0,10.0,-0.09313808511942626,-0.09290653607101941,4.431854007571316,0.9079171263270612,0.05411773907853004,-12.528721276938368,1.6262892,4065723,ok,right
35,202,1,6,0.07680000000000001,1.0,10.0,10.0,0.6446363937109709,0.28959023035711345,5.850639300873653,1.6446467289567772,-0.26439827678717287,-5.876912956072841,1.6308319999999998,4077080,ok,right
35,621,1,6,0.07680000000000001,1.0,10.0,10.0,0.6759619103744626,0.3208431523559472,5.493870046036437,1.6760894618409174,-0.006298140767886276,-6.156108219557737,1.632496,4081240,ok,right
35,949,1,6,0.07680000000000001,1.0,10.0,10.0,0.5206506179645658,0.7530926997124683,2.493787839884789,1.5216061596021944,0.14224998354617685,6.361610736373564,1.6422472,4105618,ok,right
35,160,1,6,0.07680000000000001,1.0,10.0,10.0,0.5804891003295779,0.7506471831392832,1.5240496792665332,1.5814060995729788,-0.5393981281285432,-22.266605556296422,1.6450403999999998,4112601,ok,right
35,757,1,6,0.07680000000000001,1.0,10.0,10.0,0.5775197256356478,0.5079012737475403,5.412013461158255,1.5778754513365247,0.2987842822602957,-3.4276308027976223,1.6446952,4111738,ok,right
35,883,1,6,0.07680000000000001,1.0,10.0,10.0,0.20508841779083015,-1.934928724303656,0.7425597966075224,1.2051476000391474,0.33236827115049206,-5.969145875984851,1.6441244,4110311,ok,right
35,54,1,6,0.07680000000000001,1.0,10.0,10.0,0.19027473870664835,0.8124997815315469,5.634721797054375,1.1910255842773392,-0.11811075052314676,-3.6492497977615366,1.6498032,4124508,ok,right
35,894,1,6,0.07680000000000001,1.0,10.0,10.0,0.12687413543462753,1.4942901201200756,3.6340105586920597,1.1273985583769746,-0.04557865866983634,25.262724348914467,1.6503904,4125976,ok,right
35,235,1,6,0.07680000000000001,1.0,10.0,10.0,0.47698672767728567,-0.9411447580744307,6.0569601586455315,1.4771611544880159,0.3655050793387968,12.829113963381443,1.6524379999999999,4131095,ok,right
35,490,1,6,0.07680000000000001,1.0,10.0,10.0,0.4210506251081825,0.2952153384952583,5.9758578835873815,1.421276174570412,0.1579798720807542,13.135756832822757,1.6554432,4138608,ok,right
35,575,1,6,0.07680000000000001,1.0,10.0,10.0,0.03669541943818331,0.9980407251276435,1.0050487049984482,1.0367557438494417,-0.10249756392971773,-6.452739404207028,1.6551799999999999,4137950,ok,right
35,250,1,6,0.07680000000000001,1.0,10.0,10.0,0.4283255696296692,1.011720992194633,2.851777418559106,1.4283301057868436,0.35366622005545606,21.896066299204517,1.6703531999999999,4175883,ok,right
35,268,1,6,0.07680000000000001,1.0,10.0,10.0,0.33411242067813873,-0.6594312149880768,3.306472658509525,1.3342318519218885,-0.01770781348922335,2.495372676276646,1.6691159999999998,4172790,ok,right
35,471,1,6,0.07680000000000001,1.0,10.0,10.0,0.014632449485361576,-1.0966191273893355,3.1017122237698147,1.014826677211902,-0.13797345268773684,15.85741207519418,1.6697511999999999,4174378,ok,right
35,101,1,6,0.07680000000000001,1.0,10.0,10.0,0.07754459343850613,-0.80129432426228,2.594571241940877,1.078241448103208,0.030861149712473786,6.742414821034245,1.6764055999999998,4191014,ok,right
35,380,1,6,0.07680000000000001,1.0,10.0,10.0,0.206780930608511,-0.4503086851144528,3.9311422756721592,1.2070654803438403,-0.05800610184391455,6.546010467471868,1.6791832,4197958,ok,right
35,397,1,6,0.07680000000000001,1.0,10.0,10.0,-0.09822988975793123,-0.05690842199548633,4.109630353342743,0.9017982583942069,-0.0055807928354664966,18.65709537107032,1.6825156,4206289,ok,right
35,81,1,6,0.07680000000000001,1.0,10.0,10.0,0.2966833492740989,-0.9547131945583457,2.507039857393082,1.2975731008692177,0.1898265727783261,13.050163043101968,1.6915684,4228921,ok,right
35,846,1,6,0.07680000000000001,1.0,10.0,10.0,-0.033996909670531754,0.7537490875371833,2.7676381738446936,0.9663834999001878,-0.03106072807434924,-12.527028097067461,1.6880548,4220137,ok,right
35,231,1,6,0.07680000000000001,1.0,10.0,10.0,0.12565740868449213,0.23723874381936513,5.574181938640557,1.1268669184723634,-0.08903392186564911,-24.956575970776427,1.696296,4240740,ok,right
35,605,1,6,0.07680000000000001,1.0,10.0,10.0,0.3123103823512793,-1.0046231355191366,2.7092852623888515,1.313115936916268,-0.024265282944953715,15.372195008008667,1.6962564,4240641,ok,right
35,56,1,6,0.07680000000000001,1.0,10.0,10.0,0.657011571712792,-0.44203063119694547,2.5443916186838664,1.6571664598536398,-0.026216866854571707,13.094297202450417,1.7028855999999999,4257214,ok,right
35,891,1,6,0.07680000000000001,1.0,10.0,10.0,0.5950235020369291,0.14454157899637404,4.971958407533218,1.5953851474967644,-0.1634423694329224,-6.452926832928471,1.7045116,4261279,ok,right
35,845,1,6,0.07680000000000001,1.0,10.0,10.0,0.1310848116874695,1.216195875528302,1.5651615657301952,1.1322773338877745,-0.07793083884800618,18.859225277204974,1.7114824,4278706,ok,right
35,243,1,6,0.07680000000000001,1.0,10.0,10.0,0.6483918927609921,0.42627167856342657,1.438290739931053,1.6500725386024326,-0.32881294402070677,-3.148141730627637,1.7185199999999998,4296300,ok,right
35,866,1,6,0.07680000000000001,1.0,10.0,10.0,0.25028430074453356,1.9819389156259035,2.0910418537493105,1.2503618933820364,-0.35256490759584863,-3.784821307604937,1.7252212,4313053,ok,right
35,131,1,6,0.07680000000000001,1.0,10.0,10.0,0.24952321834862234,-1.0881057907708056,4.668316607084868,1.2500779530930402,0.015295140705728913,9.853595493695257,1.7297204,4324301,ok,right
35,793,1,6,0.07680000000000001,1.0,10.0,10.0,0.19023902881890536,1.5479539126268733,2.559786040220458,1.1906598317288797,0.08149500959218348,6.144797307208515,1.729434,4323585,ok,right
35,865,1,6,0.07680000000000001,1.0,10.0,10.0,0.019521243497729303,-1.2170443981145964,2.928294861543454,1.0202001214252023,-0.07434628474527878,9.634089995773195,1.7346404,4336601,ok,right
35,45,1,6,0.07680000000000001,1.0,10.0,10.0,0.24689699970185758,0.6702044830681677,4.408939367873168,1.2471657300485497,-0.21486299303593448,-12.255999364943644,1.7361124,4340281,ok,right
35,339,1,6,0.07680000000000001,1.0,10.0,10.0,0.4746763093397022,-0.3570741665424084,0.6095173363636047,1.4746813790867657,0.05208208275038368,6.233557859224899,1.736276,4340690,ok,right
35,463,1,6,0.07680000000000001,1.0,10.0,10.0,0.39237600527703764,1.2610714830339127,3.041166788712278,1.3929984870768173,0.2509174574996175,-5.820879712417409,1.7385671999999999,4346418,ok,right
35,546,1,6,0.07680000000000001,1.0,10.0,10.0,0.23382113557308914,-1.3157089514588265,5.478894317505804,1.2342662444506851,-0.2220751871856202,15.617457529289819,1.7378643999999999,4344661,ok,right
35,725,1,6,0.07680000000000001,1.0,10.0,10.0,0.2313737640157342,1.7633222055810882,1.454171489565162,1.2317277351375207,0.04645270530196552,0.12731203330526733,1.7378204,4344551,ok,right
35,37,1,6,0.07680000000000001,1.0,10.0,10.0,-0.04751679077744484,-0.5401519044128685,2.6599838902973842,0.9527787870826769,-0.041678815009976805,6.884770180485337,1.7417268,4354317,ok,right
35,972,1,6,0.07680000000000001,1.0,10.0,10.0,0.20606396645307543,0.6627067933259206,5.675635611724695,1.2062439829669243,-0.004021198231659102,12.304674913009475,1.7523148,4380787,ok,right
35,848,1,6,0.07680000000000001,1.0,10.0,10.0,0.390602170675993,-1.335029176727163,1.7673828062451309,1.3911140210809172,-0.2160062475437252,2.7581797819706573,1.7591404,4397851,ok,right
35,146,1,6,0.07680000000000001,1.0,10.0,10.0,0.26351409051567315,1.010032901594331,5.533797353603347,1.2638224259355086,-0.02980921013897018,6.382673308888093,1.7701548,4425387,ok,right
35,830,1,6,0.07680000000000001,1.0,10.0,10.0,0.08097530603408815,1.6661454824934092,1.3738956125412356,1.0812121944481048,0.19489857673147323,0.6138718231111437,1.777062,4442655,ok,right
35,997,1,6,0.07680000000000001,1.0,10.0,10.0,0.14317002408206464,1.204002118696833,4.238322190308595,1.1440725962282998,0.16430884149809977,3.0671426056018896,1.7785655999999999,4446414,ok,right
35,318,1,6,0.07680000000000001,1.0,10.0,10.0,0.6712480144575239,0.2356772003127302,3.0276185668658857,1.6713234764191058,0.231559886473762,-0.08156191401000405,1.783898,4459745,ok,right
35,869,1,6,0.07680000000000001,1.0,10.0,10.0,0.45340940449386835,0.9757170427928588,2.3930047801515317,1.4535117283659067,0.06672966334105751,31.29486191539057,1.7866132,4466533,ok,right
35,114,1,6,0.07680000000000001,1.0,10.0,10.0,0.5578842915594578,-0.8718289432031325,6.160161582884807,1.558038829365488,0.24345623461127017,-25.31908702661411,1.7886668,4471667,ok,right
35,552,1,6,0.07680000000000001,1.0,10.0,10.0,0.27974586859345435,1.1319788333097882,4.286635220797382,1.2798053782407597,-0.11962130626307166,-18.773496542784013,1.7904023999999998,4476006,ok,right
35,818,1,6,0.07680000000000001,1.0,10.0,10.0,0.15547509398311377,0.2356832760975611,1.9724874246471866,1.1564317474161598,-0.02373471758116807,9.473940128208456,1.7899732,4474933,ok,right
35,99,1,6,0.07680000000000001,1.0,10.0,10.0,0.31580749712884426,1.7680919369157213,3.7673949965178593,1.3169326766386915,-1.6208390512419972,-2.967244045230287,1.7946904,4486726,ok,right
35,555,1,6,0.07680000000000001,1.0,10.0,10.0,0.2604530081152916,1.1239157991686453,1.7477822070357847,1.260526548898842,0.16245725295796587,-3.6749955042752602,1.7933047999999998,4483262,ok,right
35,898,1,6,0.07680000000000001,1.0,10.0,10.0,0.04431685730814934,-1.02839536033192,4.275858617211443,1.0445894761571881,-0.10898465125004135,-0.34176694429002014,1.7936504,4484126,ok,right
35,347,1,6,0.07680000000000001,1.0,10.0,10.0,0.3023177303373814,-1.5013333378807492,3.6250802484230773,1.3031200628159547,0.16268635581969892,0.0032368554718407057,1.8113188,4528297,ok,right
35,802,1,6,0.07680000000000001,1.0,10.0,10.0,0.6227665254846215,-0.37936048733931926,2.9350576538694715,1.6230411326701866,-0.034078230692786295,19.162120314146943,1.8103335999999999,4525834,ok,right
35,699,1,6,0.07680000000000001,1.0,10.0,10.0,-0.0825094735249877,0.04416599914800221,5.785400321374008,0.9192234355698917,0.03861213183001403,9.281128392615022,1.8136496,4534124,ok,right
35,619,1,6,0.07680000000000001,1.0,10.0,10.0,0.45140462853014474,-1.0780118417553837,4.916171477795099,1.4517662216746876,0.11723707357423939,24.92370596314852,1.8170712,4542678,ok,right
35,528,1,6,0.07680000000000001,1.0,10.0,10.0,0.41093691233545543,-0.008071302106903662,3.3879513701849144,1.4118101790366004,-0.26553321854264994,-6.551562222691139,1.8328212,4582053,ok,right
35,764,1,6,0.07680000000000001,1.0,10.0,10.0,0.08873278964310885,-1.0104573205951022,1.027904134550257,1.0891843621203907,-0.078536043650633,2.3446342027720015,1.8337948,4584487,ok,right
35,711,1,6,0.07680000000000001,1.0,10.0,10.0,0.2277977127581835,-0.7087693006847271,2.2451676289522084,1.2289948610599504,0.0014099224105929707,12.095936477445154,1.8391975999999999,4597994,ok,right
35,362,1,6,0.07680000000000001,1.0,10.0,10.0,0.3109795795753598,1.7142923031642405,4.628206769766289,1.311853545577658,-0.029753671987891757,12.557127753537467,1.8425052,4606263,ok,right
35,412,1,6,0.07680000000000001,1.0,10.0,10.0,0.5646642122417689,-0.7118366515596546,5.121109401070776,1.564898905715996,0.16342405234000837,-5.4263566891396575,1.8478236,4619559,ok,right
35,130,1,6,0.07680000000000001,1.0,10.0,10.0,0.3618101514875889,1.098445087952409,1.5614894380056215,1.3626051215239907,0.007660705831083144,-18.78270277854533,1.8534435999999999,4633609,ok,right
35,378,1,6,0.07680000000000001,1.0,10.0,10.0,0.18690514843910933,0.6947616734935329,5.164033620671102,1.187181333841197,-0.0019220359367441392,0.07568745536169891,1.8520188,4630047,ok,right
35,704,1,6,0.07680000000000001,1.0,10.0,10.0,0.4307315040379763,0.3381483027446994,3.825744358934441,1.4310672818313417,0.09288082904772824,-15.806081808673182,1.8531099999999998,4632775,ok,right
35,834,1,6,0.07680000000000001,1.0,10.0,10.0,0.4611331962049008,0.10725932908940977,3.1359942504281157,1.4613406125736024,0.14483425595859467,9.52144554941032,1.865878,4664695,ok,right
35,301,1,6,0.07680000000000001,1.0,10.0,10.0,0.4766449388116598,0.9953548144426384,4.727180989811256,1.4769074323918245,0.03815060380473528,35.16741966845271,1.87587,4689675,ok,right
35,394,1,6,0.07680000000000001,1.0,10.0,10.0,0.24629790391772988,-1.5287680118758769,2.7437796272176036,1.2471258396850293,0.30452563748861833,22.082830975952806,1.8818008,4704502,ok,right
35,787,1,6,0.07680000000000001,1.0,10.0,10.0,0.49337637387216093,0.017615243647085065,4.966553557210935,1.4937147241870448,-0.07881702464922123,16.006735637568685,1.8839823999999998,4709956,ok,right
35,261,1,6,0.07680000000000001,1.0,10.0,10.0,0.492231423035264,0.41785466318779013,1.952520292775998,1.492841969514267,0.2565386776779713,-3.2372513173240938,1.8853959999999998,4713490,ok,right
35,417,1,6,0.07680000000000001,1.0,10.0,10.0,0.1698913248255849,2.069229514781882,1.158022704316686,1.1704514442344738,-0.019613623930324647,-3.723120224396259,1.9061464,4765366,ok,right
35,807,1,6,0.07680000000000001,1.0,10.0,10.0,0.03304403889924288,-0.9796032993496021,5.950923523096898,1.0341649106425999,0.015298836624556963,0.2601170183630974,1.9166176,4791544,ok,right
35,72,1,6,0.07680000000000001,1.0,10.0,10.0,0.2676154086366296,-1.434435650481854,3.878667380762157,1.2681033791824978,-0.12102948867698263,9.368412071861043,1.9297279999999999,4824320,ok,right
35,838,1,6,0.07680000000000001,1.0,10.0,10.0,0.07361407466232776,-0.14396323021131874,3.475930833374126,1.0741280152006838,0.0803110936561061,-2.884069415784354,1.9347904,4836976,ok,right
35,100,1,6,0.07680000000000001,1.0,10.0,10.0,0.016854475624859335,0.10967046357017395,1.6761424635471989,1.0170178189604204,0.23200705510609188,24.815823972970424,1.9379203999999999,4844801,ok,right
35,234,1,6,0.07680000000000001,1.0,10.0,10.0,0.3488453011959791,-1.3008611126931091,1.4621389993182097,1.3496497816326556,-0.3926315047206658,9.418641756359401,1.9360324,4840081,ok,right
35,478,1,6,0.07680000000000001,1.0,10.0,10.0,0.41370059754699473,1.024271253788708,0.37261690009810966,1.4145804601113625,-0.036886209623936884,-3.5502495632978706,1.938168,4845420,ok,right
35,882,1,6,0.07680000000000001,1.0,10.0,10.0,0.46136679109185935,-0.3479701801453601,3.417069679307939,1.4618666483045433,0.029766797552893586,-0.09192273000684432,1.9368771999999999,4842193,ok,right
35,407,1,6,0.07680000000000001,1.0,10.0,10.0,0.09006728120148183,1.7871139546488992,0.40457752446068695,1.0900933470608964,0.13136287340934633,0.4862152680310253,1.9431452,4857863,ok,right
35,409,1,6,0.07680000000000001,1.0,10.0,10.0,0.3880338748916984,-0.05346438382359357,6.148000856913186,1.3881633179359592,0.12649505242573558,3.482734110331334,1.9426632,4856658,ok,right
35,753,1,6,0.07680000000000001,1.0,10.0,10.0,0.025861333496868612,0.47289263267428616,0.4025838523876713,1.0263815866700075,0.001305568000677701,0.2689550219081308,1.9509104,4877276,ok,right
35,741,1,6,0.07680000000000001,1.0,10.0,10.0,0.16287719458341599,1.6027658814772994,5.281660956161771,1.1638233426561062,-0.11840680853179282,15.17480854608059,1.9556179999999999,4889045,ok,right
35,993,1,6,0.07680000000000001,1.0,10.0,10.0,0.50911516379565,0.6846523130353145,2.7742005171354895,1.5093003155127478,-0.055335658507391014,22.12957307574393,1.9556436,4889109,ok,right
35,767,1,6,0.07680000000000001,1.0,10.0,10.0,0.3460652558133006,-0.27259949548555834,5.4813572761436316,1.3462488488489082,0.36324487968882363,-6.7661838428711825,1.9642511999999999,4910628,ok,right
35,13,1,6,0.07680000000000001,1.0,10.0,10.0,0.37444041557610036,-0.5439077809026845,4.899199215723687,1.3746554218889615,0.15316059497990672,-19.439704053930313,1.973952,4934880,ok,right
35,531,1,6,0.07680000000000001,1.0,10.0,10.0,0.3116455350071192,-0.14863714888990712,4.645332942522985,1.31187454241301,0.16086229852549117,-0.6303365686889444,1.9792108,4948027,ok,right
35,705,1,6,0.07680000000000001,1.0,10.0,10.0,0.08542884662747384,1.0041360797552192,2.77038915764564,1.0864049915663023,0.1704103481468724,3.0632722041619176,1.9932512,4983128,ok,right
35,755,1,6,0.07680000000000001,1.0,10.0,10.0,0.0583303788676858,1.4216017536337777,3.581930661903886,1.0591342229242975,0.052575941860633794,15.624053380229185,1.9994332,4998583,ok,right
35,429,1,6,0.07680000000000001,1.0,10.0,10.0,-0.02203536815941334,0.3740489178056991,2.996148985585795,0.9785211114313389,-0.05971709461085304,0.1733906326731392,2.00246,5006150,ok,right
35,410,1,6,0.07680000000000001,1.0,10.0,10.0,0.5262768330052495,0.5164248530526035,3.8700199549621623,1.5264438427173286,0.6010885579921276,12.290004464581505,2.0071536,5017884,ok,right
35,363,1,6,0.07680000000000001,1.0,10.0,10.0,0.15712240971624852,-2.077756565749604,6.278593401896871,1.1571569589513515,0.09419664042986423,9.679545159162906,2.0085096,5021274,ok,right
35,369,1,6,0.07680000000000001,1.0,10.0,10.0,0.6736451525241137,0.396475026105538,6.229056900834196,1.6742999361444137,0.23165590471664274,0.6430807026109967,2.0100059999999997,5025015,ok,right
35,219,1,6,0.07680000000000001,1.0,10.0,10.0,-0.054185491614043714,-0.2453341833748961,4.652598969890761,0.9471930916706814,-0.03381730338639678,-9.519015368917202,2.012668,5031670,ok,right
35,308,1,6,0.07680000000000001,1.0,10.0,10.0,0.14664852786809207,-1.4543349858864056,5.642235436473331,1.1471812278846132,-0.11532660298904603,9.770246371777484,2.0121256,5030314,ok,right
35,996,1,6,0.07680000000000001,1.0,10.0,10.0,0.18153569083660842,-1.730885337812819,5.469877071867043,1.1817234116763073,-0.023720034820851697,2.666288563346362,2.0204467999999998,5051117,ok,right
35,573,1,6,0.07680000000000001,1.0,10.0,10.0,0.40833558626472954,1.373549276694556,5.655976928815929,1.4086835498891084,0.211271528327472,6.4415735619849785,2.0263404,5065851,ok,right
35,579,1,6,0.07680000000000001,1.0,10.0,10.0,-0.08081162590533496,-0.13929058131760352,2.0239194491460215,0.9205411480082483,-0.056085967970518104,-6.055681757343723,2.0269128,5067282,ok,right
35,375,1,6,0.07680000000000001,1.0,10.0,10.0,0.3965368503704667,-0.424451867656676,0.29608979600276575,1.396729695412705,-0.07767573959157974,-19.26321680382368,2.0305112,5076278,ok,right
35,773,1,6,0.07680000000000001,1.0,10.0,10.0,0.019699644297361374,-0.7925444248318984,6.232887788817486,1.0204598853433011,-0.0797010768347172,-9.090992173311536,2.0305367999999997,5076342,ok,right
35,890,1,6,0.07680000000000001,1.0,10.0,10.0,0.27553878370672463,-0.21696057043043337,3.758104034517713,1.2769321098716042,0.010980674553163029,-3.077353331777582,2.0359496,5089874,ok,right
35,537,1,6,0.07680000000000001,1.0,10.0,10.0,0.444393184222281,0.5198633923119845,5.023816167525645,1.4446355595332976,0.27539062776799406,-3.173468630244673,2.0395136,5098784,ok,right
35,950,1,6,0.07680000000000001,1.0,10.0,10.0,0.451838162355125,0.33691262750697953,3.6979840701655964,1.4518664712317442,0.10252651428547627,0.07579983592999613,2.0392875999999998,5098219,ok,right
35,69,1,6,0.07680000000000001,1.0,10.0,10.0,0.2528857598081231,-1.6785759665785653,2.6642114148707514,1.2537276791939305,-0.0599867660275219,-22.032704150886126,2.0419872,5104968,ok,right
35,661,1,6,0.07680000000000001,1.0,10.0,10.0,0.24025546554476024,1.4447666657797795,0.8568347748590555,1.240622406779297,-0.16502541093227804,3.2266501378293486,2.0435195999999998,5108799,ok,right
35,376,1,6,0.07680000000000001,1.0,10.0,10.0,0.5337190452963114,-0.8726376452580352,3.3260209481571112,1.533958135336053,-0.21892702733724645,3.0225015461962963,2.0460908,5115227,ok,right
35,425,1,6,0.07680000000000001,1.0,10.0,10.0,0.13805521838366985,-1.1007696049495608,3.2025519935224147,1.1385650333067834,-0.04513852179740047,18.791490091906507,2.0456824,5114206,ok,right
35,653,1,6,0.07680000000000001,1.0,10.0,10.0,0.24340852051973344,0.8155866729510663,1.6628965610364772,1.2438665672697953,-0.006930819616176462,-5.805844550982875,2.0478932,5119733,ok,right
35,645,1,6,0.07680000000000001,1.0,10.0,10.0,-0.012748496606945992,0.38827067716717567,2.1470617005265016,0.9877221948732836,0.011377402420350987,-12.00971885565795,2.0502184,5125546,ok,right
35,86,1,6,0.07680000000000001,1.0,10.0,10.0,0.1557563502341509,-1.5987633696132675,5.553093289882259,1.155876943986659,0.019505230553325533,28.37971952232963,2.0591444,5147861,ok,right
35,876,1,6,0.07680000000000001,1.0,10.0,10.0,0.03180255703628063,-0.8092878854340763,5.345180560728262,2.5807126773406255,0.466436129706176,13.516890425268299,2.0608656,5152164,ok,right
35,968,1,6,0.07680000000000001,1.0,10.0,10.0,0.20165000278502704,-2.138961224566276,4.124025025441472,1.2034446107038324,-0.14976453286070598,3.044891701581698,2.0661224,5165306,ok,right
35,691,1,6,0.07680000000000001,1.0,10.0,10.0,0.4934015031903982,-0.7723880355386188,0.1013606402718051,1.49381895686784,0.10891646847180386,22.491740860379206,2.0751996,5187999,ok,right
35,138,1,6,0.07680000000000001,1.0,10.0,10.0,0.5742390150204301,0.47975908140568124,1.7358219637465016,1.574980250007892,-0.4714583751227514,-3.6130911329522997,2.083646,5209115,ok,right
35,616,1,6,0.07680000000000001,1.0,10.0,10.0,0.38530637938529255,-0.7136672220590182,2.358072954540782,1.3862400830674106,-0.23698270341714903,-3.496802497695232,2.0812136,5203034,ok,right
35,867,1,6,0.07680000000000001,1.0,10.0,10.0,0.5825804440304637,-0.5505971021415565,5.127257584938741,1.5829413390086942,0.05644829388120732,-18.39230859414065,2.0896044,5224011,ok,right
35,785,1,6,0.07680000000000001,1.0,10.0,10.0,0.16062973197549582,1.0580301942937997,0.9773781903075874,1.1606524916638985,0.007782946840295393,-9.551888085547558,2.1044308,5261077,ok,right
35,937,1,6,0.07680000000000001,1.0,10.0,10.0,-0.061734617687761784,-0.18219993438479098,3.4139497241607124,0.9384080069604105,-0.02637563502668679,25.144606263830145,2.1077939999999997,5269485,ok,right
35,840,1,6,0.07680000000000001,1.0,10.0,10.0,0.2865118607878685,0.36415987843580083,0.8486030942850898,1.2866736631674243,-0.13370833242457067,8.522171131524692,2.1080715999999997,5270179,ok,right
35,191,1,6,0.07680000000000001,1.0,10.0,10.0,0.34801539666950704,0.22392543331319545,0.7309469861216386,1.3482065111289465,0.0239728833825572,-12.361502528410961,2.1136168,5284042,ok,right
35,939,1,6,0.07680000000000001,1.0,10.0,10.0,-0.04034708682447672,0.32559229002761536,1.1109579116048702,0.9609593398616122,0.02153550282665743,-0.19225489594703687,2.117174,5292935,ok,right
35,414,1,6,0.07680000000000001,1.0,10.0,10.0,0.5204886892810464,0.3072194040821627,0.5862117054762459,1.5217306040112017,-0.12200046820909655,10.09686594777086,2.1266591999999997,5316648,ok,right
35,532,1,6,0.07680000000000001,1.0,10.0,10.0,0.45270172506570816,0.5701190135750206,3.2135160861523104,1.4532616032123646,-0.2713872047874065,-34.592944680618565,2.1335872,5333968,ok,right
35,824,1,6,0.07680000000000001,1.0,10.0,10.0,0.02934589423239231,0.2343365623018401,0.7670662491710667,1.0294730313067493,-0.09876226705679461,-6.387820801250248,2.1485803999999997,5371451,ok,right
35,4,1,6,0.07680000000000001,1.0,10.0,10.0,-0.026631625555455687,0.8063792722289872,1.8711161123879934,0.9741395185206526,0.023375738861432956,6.462770296088433,2.1703436,5425859,ok,right
35,59,1,6,0.07680000000000001,1.0,10.0,10.0,0.27173033617436887,-1.1653198524829438,0.9736873050474014,1.2722145427452567,0.05540725619336891,8.950139333929686,2.1707948,5426987,ok,right
35,424,1,6,0.07680000000000001,1.0,10.0,10.0,-0.030279230140149594,-0.45485535880141614,4.688777299720558,0.9697566238638932,0.015954199565393803,-2.995813496932119,2.1710879999999997,5427720,ok,right
35,516,1,6,0.07680000000000001,1.0,10.0,10.0,0.6341851642355323,-0.543822684174131,3.7773269653327977,1.6345764023378717,-0.08346997581524586,21.750705050479937,2.1724856,5431214,ok,right
35,299,1,6,0.07680000000000001,1.0,10.0,10.0,0.37309644259512426,1.0337959427318026,5.800272304143214,1.373199128052642,-0.16926967539903498,15.634785129521653,2.1855112,5463778,ok,right
35,325,1,6,0.07680000000000001,1.0,10.0,10.0,-0.09521321803331376,-0.23218135207757626,5.558989736270062,0.9051650682741672,0.025673376782878378,-9.158982603193321,2.1874224,5468556,ok,right
35,676,1,6,0.07680000000000001,1.0,10.0,10.0,0.31697149071842434,-1.714220984937058,0.8204589452368855,1.318135719652611,0.2008047841131762,-12.263680235437983,2.1910176,5477544,ok,right
35,365,1,6,0.07680000000000001,1.0,10.0,10.0,0.6261039990931749,0.40967651195261207,3.692912719814927,1.6269424491752256,-0.4226162513907963,-22.001968685723348,2.2121907999999997,5530477,ok,right
35,687,1,6,0.07680000000000001,1.0,10.0,10.0,0.4146373065188527,1.1908137267018366,4.886326806439029,1.4146485387590986,-0.16796355183631476,-11.821950653635776,2.2190368,5547592,ok,right
35,533,1,6,0.07680000000000001,1.0,10.0,10.0,0.26565311625599863,-1.7014026331920642,0.9908438626126032,1.2665118902010313,0.18903978650617378,-21.79160129124964,2.222448,5556120,ok,right
35,631,1,6,0.07680000000000001,1.0,10.0,10.0,0.11153051424771548,-1.67443273605263,2.480728532575078,1.1125357448052773,0.035945566389192024,-6.611207504974162,2.2236295999999998,5559074,ok,right
35,786,1,6,0.07680000000000001,1.0,10.0,10.0,0.6776611492037774,0.15878860560245128,5.067170916602109,1.677801710144175,-0.3360484341451384,1.1629728825474515,2.2283588,5570897,ok,right
35,51,1,6,0.07680000000000001,1.0,10.0,10.0,0.4536564817652107,-0.6567461577598682,0.4048031737227416,1.4541199113854606,-0.1474104496600099,9.383143516501887,2.2346508,5586627,ok,right
35,387,1,6,0.07680000000000001,1.0,10.0,10.0,0.3455574482679367,-0.6701391631721775,6.205235039803779,1.3456527183056775,0.25314270263462707,-12.720766606702984,2.2351304,5587826,ok,right
35,557,1,6,0.07680000000000001,1.0,10.0,10.0,0.3868017934262753,-1.438969229743887,5.165934011235712,1.3878731124124453,-0.848414749814255,-0.37567644284681406,2.2343788,5585947,ok,right
35,989,1,6,0.07680000000000001,1.0,10.0,10.0,0.5586132248863578,0.08024461942986293,2.2356930473264254,1.558749667197367,0.045595135006203616,-3.3116901396543637,2.2333564,5583391,ok,right
35,881,1,6,0.07680000000000001,1.0,10.0,10.0,0.1579611347988248,1.366851035623497,6.020661495026207,1.158548675834085,0.0009559287019189121,-11.871659921060523,2.2417583999999997,5604396,ok,right
35,393,1,6,0.07680000000000001,1.0,10.0,10.0,0.6215351853519678,-0.1691557184552653,0.3913746844065466,1.6226042611389246,0.15152629479138602,6.042197507912953,2.2504248,5626062,ok,right
35,481,1,6,0.07680000000000001,1.0,10.0,10.0,0.12374794278293849,1.454997392125816,6.120216799298522,1.1240083254663387,-0.03670864082951914,-3.231205203508919,2.2489027999999998,5622257,ok,right
35,267,1,6,0.07680000000000001,1.0,10.0,10.0,0.45303229559212926,-0.4165212196936397,3.016639520287384,1.4537868413157018,-0.01856531102797317,21.546955930005865,2.2590084,5647521,ok,right
35,780,1,6,0.07680000000000001,1.0,10.0,10.0,0.31674763523042204,0.5420560668599477,1.3941466382948868,1.317008637781273,-0.16611032895935401,-2.975120852109536,2.2599152,5649788,ok,right
35,349,1,6,0.07680000000000001,1.0,10.0,10.0,0.08192249592393637,0.41905006391048305,5.7853800716619554,1.0821538744443318,0.04695334143041395,-8.950266387153741,2.2654943999999997,5663736,ok,right
35,974,1,6,0.07680000000000001,1.0,10.0,10.0,0.23305241502821447,-1.4875172344397232,3.2964621617150094,1.2331344383621414,0.026465525717365,-18.97155509463295,2.2726572,5681643,ok,right
35,943,1,6,0.07680000000000001,1.0,10.0,10.0,0.41443663313984874,-1.0582660489787379,0.6016722845571362,1.4149114925745003,-0.00041143242939416756,6.223146447811308,2.2940304,5735076,ok,right
35,452,1,6,0.07680000000000001,1.0,10.0,10.0,0.5121588118374348,-0.9133606680437365,6.198706548437338,1.5122060059993812,-0.318593152677664,2.932539192103068,2.2992968,5748242,ok,right
35,70,1,6,0.07680000000000001,1.0,10.0,10.0,0.41200390737503767,-0.5906210094935966,3.906983842542164,1.4124968065796735,0.340202611250352,9.73175443687419,2.3103464,5775866,ok,right
35,46,1,6,0.07680000000000001,1.0,10.0,10.0,0.6810166951268912,-0.051306019181923956,0.07606818815679584,1.6812117471928643,-0.04890561351778827,3.41553795445977,2.3208311999999998,5802078,ok,right
35,137,1,6,0.07680000000000001,1.0,10.0,10.0,0.14170381836593152,-0.6949106282088183,0.2783529617409962,1.1424808014088572,-0.03379675900989424,6.7799205627298464,2.331382,5828455,ok,right
35,68,1,6,0.07680000000000001,1.0,10.0,10.0,0.1370690904557705,0.49550191818856626,1.6831699899175943,1.1371166293732284,-0.11792644464200489,-3.1886588661487436,2.3326219999999998,5831555,ok,right
35,109,1,6,0.07680000000000001,1.0,10.0,10.0,0.2944721890613437,-1.3957488697850782,2.117880440575608,1.2950755229491882,0.05143985444633387,-31.17571664968819,2.337386,5843465,ok,right
35,422,1,6,0.07680000000000001,1.0,10.0,10.0,0.013884766586124898,-0.10538849818829388,0.40415217517746777,1.0142227324928572,0.04463053271089041,3.0209453808700135,2.3394888,5848722,ok,right
35,442,1,6,0.07680000000000001,1.0,10.0,10.0,0.20181151255965235,1.9656064091151457,3.4181036083638054,1.202654123370596,-0.22874559223662264,9.259639962547418,2.3369028,5842257,ok,right
35,630,1,6,0.07680000000000001,1.0,10.0,10.0,0.16094177048653366,-1.764924033737626,4.115567424965607,1.1615438385117565,-0.09948217722874252,8.488436283416975,2.3581635999999997,5895409,ok,right
35,648,1,6,0.07680000000000001,1.0,10.0,10.0,0.5485093085095286,0.37789079521390867,3.6546895757589812,1.549026733453435,0.5376493795455625,3.473348840109837,2.3599411999999997,5899853,ok,right
35,444,1,6,0.07680000000000001,1.0,10.0,10.0,0.12832827288657428,0.9796930207998251,3.941328546462653,1.1284699511426481,-0.014961460918827118,19.226476500604242,2.368832,5922080,ok,right
35,358,1,6,0.07680000000000001,1.0,10.0,10.0,0.3346632085740566,-1.635176122250252,5.978738303454145,1.3347621536866106,-0.2867092355327977,15.154337544469353,2.3732568,5933142,ok,right
35,426,1,6,0.07680000000000001,1.0,10.0,10.0,0.44345797020941974,-1.0716436631766941,5.048638766926546,1.444044167507422,0.24280178174903785,6.2824838055870345,2.3769755999999997,5942439,ok,right
35,590,1,6,0.07680000000000001,1.0,10.0,10.0,-0.013342680782079697,-0.32459696499820645,5.368864532952199,0.986715892245644,-0.08713991957279062,21.6891085894923,2.3836868,5959217,ok,right
35,682,1,6,0.07680000000000001,1.0,10.0,10.0,0.2903140621259809,1.3547934444143905,5.802280807279717,1.2904921003760128,0.299507821754889,9.59329635464886,2.3825428,5956357,ok,right
35,991,1,6,0.07680000000000001,1.0,10.0,10.0,-0.01015236172825098,-0.12112484761028762,3.4521802647304667,0.9906030564463654,-0.06556950024760726,-9.526648044857994,2.3915848,5978962,ok,right
35,12,1,6,0.07680000000000001,1.0,10.0,10.0,0.5152034332975746,-0.7266286762146394,0.554358168179989,1.5158411329137065,-0.010199883234455795,12.555765257188408,2.4030744,6007686,ok,right
35,585,1,6,0.07680000000000001,1.0,10.0,10.0,0.011392597295343877,-1.0366965391479563,6.020269866004715,1.011837779100783,-0.1637962748656688,16.503864304057256,2.4037124,6009281,ok,right
35,659,1,6,0.07680000000000001,1.0,10.0,10.0,0.06388543583452702,-1.483584376609855,2.636833685678439,1.0642397990740537,0.07622534355142213,-0.36290451299412413,2.4113439999999997,6028360,ok,right
35,654,1,6,0.07680000000000001,1.0,10.0,10.0,0.38519459776580334,-1.4637061057893692,5.8664100785669895,1.3858971887496443,-0.09115939240155198,13.268045629034164,2.4223336,6055834,ok,right
35,379,1,6,0.07680000000000001,1.0,10.0,10.0,0.3610591646283865,1.1884080968744422,4.96536450324778,1.361546813493858,-0.042326902214050666,3.3905044627462706,2.443666,6109165,ok,right
35,381,1,6,0.07680000000000001,1.0,10.0,10.0,0.08447276633232832,-0.5551442186360869,4.0697612874704046,1.084938701235058,-0.09362141708797521,-9.962229038703839,2.4602288,6150572,ok,right
35,878,1,6,0.07680000000000001,1.0,10.0,10.0,0.2058999950066209,1.701325840525657,0.6029840963650778,1.2063178031042323,0.07100828317398082,22.04243048866262,2.464102,6160255,ok,right
35,443,1,6,0.07680000000000001,1.0,10.0,10.0,-0.06130967885255814,-0.24283080934802032,0.09481681020930238,0.9391631951700997,0.04050145248115506,-3.0870985569848575,2.4790563999999997,6197641,ok,right
35,587,1,6,0.07680000000000001,1.0,10.0,10.0,0.5106928687542677,-0.3052683053410108,5.67825675862027,1.5108460908657375,0.28467161016098325,9.358359266555956,2.4850276,6212569,ok,right
35,230,1,6,0.07680000000000001,1.0,10.0,10.0,0.2275186911225319,0.5507360068706058,0.8575824093838915,1.2281473108652436,-0.03242477465991877,9.963373382591065,2.4911144,6227786,ok,right
35,120,1,6,0.07680000000000001,1.0,10.0,10.0,0.04083934091031552,1.0497463934578766,4.775580627976171,1.0409643271024118,-0.03267363491220106,24.939932533922367,2.4968144,6242036,ok,right
35,465,1,6,0.07680000000000001,1.0,10.0,10.0,0.032550123520195484,-0.7305306327366622,4.49911965965001,1.0326206303976837,0.017640882938033748,9.4216936732072,2.5042084,6260521,ok,right
35,900,1,6,0.07680000000000001,1.0,10.0,10.0,0.45181922446936373,0.4656221845834101,3.298422496810835,1.452112732352929,0.1387523810395292,2.8725805312941186,2.53325,6333125,ok,right
35,355,1,6,0.07680000000000001,1.0,10.0,10.0,0.06362473778426647,-0.8924590233216001,5.615764682843047,1.0653300853575178,-0.21977310615559248,-5.892558297490197,2.5537631999999997,6384408,ok,right
35,550,1,6,0.07680000000000001,1.0,10.0,10.0,0.3449573295190931,1.656615493978081,2.714909853247066,1.3450564411621262,-0.05948768615250534,0.0823834372777498,2.5809868,6452467,ok,right
35,529,1,6,0.07680000000000001,1.0,10.0,10.0,0.617151315137744,-0.46421672409254217,0.21845254043087114,1.6174272641318275,-0.0418920707034017,-6.2145960974983865,2.5879483999999997,6469871,ok,right
35,790,1,6,0.07680000000000001,1.0,10.0,10.0,0.06557365953922271,-0.5694008474037116,5.049072516285376,1.0658515699520457,-0.01129362905545404,15.678018319557658,2.600358,6500895,ok,right
35,739,1,6,0.07680000000000001,1.0,10.0,10.0,0.3320225587114692,1.2506286805677382,2.369717713694599,1.332187296513357,0.3279409452933103,-6.231087598751024,2.60718,6517950,ok,right
35,5,1,6,0.07680000000000001,1.0,10.0,10.0,0.3280344372615218,1.5168195290388584,1.3463648782099307,1.3292238129687513,0.34448871814085824,-24.847347987726657,2.616044,6540110,ok,right
35,629,1,6,0.07680000000000001,1.0,10.0,10.0,0.42386390864849094,1.0165243733571878,5.695969324534023,1.4245672243821017,-0.07993583739109779,-3.060063162371313,2.6161784,6540446,ok,right
35,657,1,6,0.07680000000000001,1.0,10.0,10.0,0.4013644983991981,-0.08938300308242916,2.3022748407939475,1.4025903830729496,0.5636701533442073,6.6116287523591435,2.6197632,6549408,ok,right
35,96,1,6,0.07680000000000001,1.0,10.0,10.0,0.3831918001174927,0.38062392793490984,1.2583863059378293,1.3833451216793278,0.14881223489538234,-22.15512474624897,2.6285772,6571443,ok,right
35,979,1,6,0.07680000000000001,1.0,10.0,10.0,0.6774299556389451,0.36326316108607737,6.124396673704211,1.6778488910049936,-0.18830136263091415,9.111244689050887,2.6292868,6573217,ok,right
35,724,1,6,0.07680000000000001,1.0,10.0,10.0,0.18353305887430907,0.4478827316223497,0.645675025882221,1.1842265329215598,0.09353483497802417,11.96566879202375,2.6344692,6586173,ok,right
35,306,1,6,0.07680000000000001,1.0,10.0,10.0,0.30840057488530875,1.4843015738365752,0.7040849618847932,1.3087529057228717,-0.18097127254219217,-18.37009630222635,2.6402492,6600623,ok,right
35,39,1,6,0.07680000000000001,1.0,10.0,10.0,0.5004978876560927,-0.6874519440438523,0.6456294472065434,1.501108751961223,-0.13416252455953726,0.34814176729948354,2.6440948,6610237,ok,right
35,788,1,6,0.07680000000000001,1.0,10.0,10.0,0.15044290982186795,-1.9453317949511257,2.866288729116295,1.1508104982043128,-0.1613473373563262,-2.4455508661121628,2.6455172,6613793,ok,right
35,855,1,6,0.07680000000000001,1.0,10.0,10.0,0.11334788333624601,0.7225499584979276,1.4950060038351587,1.1136943418693055,0.14538386671430328,0.04131593230752752,2.6530248,6632562,ok,right
35,926,1,6,0.07680000000000001,1.0,10.0,10.0,0.5938887495547533,-0.3834003774776342,2.643614428009289,1.594080605051909,-0.15440483707299504,2.9745190665184764,2.6535007999999998,6633752,ok,right
35,475,1,6,0.07680000000000001,1.0,10.0,10.0,0.03245291244238615,1.3113347038156642,4.084831508805613,1.0339518538241688,0.034616431374126976,3.240294304641136,2.6602943999999997,6650736,ok,right
35,559,1,6,0.07680000000000001,1.0,10.0,10.0,0.027301048487424852,-1.1733349102018338,3.786674053647973,1.0274463666902598,0.03303792129141093,21.67277453952603,2.6684395999999997,6671099,ok,right
35,276,1,6,0.07680000000000001,1.0,10.0,10.0,0.5942706244066358,0.537428361588313,2.750505056615876,1.5950316688511794,0.16452478292012468,15.901769871237788,2.6817667999999997,6704417,ok,right
35,581,1,6,0.07680000000000001,1.0,10.0,10.0,0.3071880953386426,1.845358130102449,2.014790364883019,1.3077110872073843,-0.02580126942662138,15.586070873470952,2.6876148,6719037,ok,right
35,212,1,6,0.07680000000000001,1.0,10.0,10.0,0.5229640340432525,-0.410938238397992,5.079104111999024,1.52394984097599,-0.3163337362511224,22.16502708893661,2.6887656,6721914,ok,right
35,542,1,6,0.07680000000000001,1.0,10.0,10.0,0.4857775788754225,-0.9843874574859424,1.864890575263669,1.485829994100845,0.38271223172415947,6.5959619096456175,2.6887084,6721771,ok,right
35,477,1,6,0.07680000000000001,1.0,10.0,10.0,0.31126245725899937,-1.4494086717025687,1.0709261941117245,1.3118536786337474,-0.2160158256558383,-6.507477580026691,2.695966,6739915,ok,right
35,563,1,6,0.07680000000000001,1.0,10.0,10.0,0.2110981736332178,1.4727912805576064,4.854158365785784,1.2111069990978447,-0.08402970076189131,-2.7235199829184555,2.6949199999999998,6737300,ok,right
35,161,1,6,0.07680000000000001,1.0,10.0,10.0,0.46987229324877267,-1.02192440301441,4.932970334334903,1.4703581814421796,0.0012823065056044402,-11.827513656354359,2.7259728,6814932,ok,right
35,515,1,6,0.07680000000000001,1.0,10.0,10.0,0.19413940068334343,1.7231619196740504,3.600190956049861,1.1944424457007883,-0.30249030444214275,19.101964946111664,2.7295548,6823887,ok,right
35,722,1,6,0.07680000000000001,1.0,10.0,10.0,0.6839977741241455,0.0817343824186636,5.424186247426521,1.6848160033418018,0.219088751360011,-3.9482655729486478,2.7285744,6821436,ok,right
35,123,1,6,0.07680000000000001,1.0,10.0,10.0,0.14802671633660794,0.8658716276728226,5.1951921504575065,1.1485702664293087,-0.08878452330536436,6.675816068724957,2.7329444,6832361,ok,right
35,127,1,6,0.07680000000000001,1.0,10.0,10.0,0.06667808443307877,-0.5020636488619297,4.02161499453262,1.0668424220672563,-0.06865962983335015,-12.87509224396118,2.7443944,6860986,ok,right
35,163,1,6,0.07680000000000001,1.0,10.0,10.0,-0.072026352211833,-0.3371445597975237,1.1922699325426354,0.9287414084851607,-0.011296424093653537,12.937032275354829,2.7503788,6875947,ok,right
35,464,1,6,0.07680000000000001,1.0,10.0,10.0,0.09254389367997647,-0.6954546775221921,6.096815231706442,1.0928195335251758,0.002986190989884625,21.76208676830901,2.7489048,6872262,ok,right
35,548,1,6,0.07680000000000001,1.0,10.0,10.0,0.5527417102828622,0.10651075318198826,0.34684071656517373,1.5527609116837273,-0.19565621466364827,0.08721395130393692,2.751538,6878845,ok,right
35,977,1,6,0.07680000000000001,1.0,10.0,10.0,0.27921278979629277,1.2565983293614016,0.08034726011160426,1.2797519753327797,-0.12554432919565617,16.491278557399465,2.7591848,6897962,ok,right
35,987,1,6,0.07680000000000001,1.0,10.0,10.0,0.29828816521912815,1.504031754306559,1.5361562406962685,1.2983693963333953,-0.3466080317978517,6.687550384802135,2.7664196,6916049,ok,right
35,458,1,6,0.07680000000000001,1.0,10.0,10.0,0.502137535251677,-0.7668332886355513,4.281195711019966,1.5024221669329445,-0.06197974477421577,-19.154525188944284,2.7866096,6966524,ok,right
35,915,1,6,0.07680000000000001,1.0,10.0,10.0,0.30138054043054585,1.272276181650598,0.9386654924197598,1.3020256496913656,-0.017045394620924356,-3.72747176770009,2.794352,6985880,ok,right
35,746,1,6,0.07680000000000001,1.0,10.0,10.0,0.08171240463852883,1.4548876145164624,4.840789484529647,1.0820780327795232,0.017780843148304217,3.120842580990244,2.800864,7002160,ok,right
35,981,1,6,0.07680000000000001,1.0,10.0,10.0,0.12205401752144099,-1.7642379054289508,3.3308961080270882,1.1224095103493485,-0.019214542873463466,-18.747483563298108,2.8030196,7007549,ok,right
35,198,1,6,0.07680000000000001,1.0,10.0,10.0,0.20245495475828648,0.3551022300147185,0.6382875265746507,1.202656344460035,-0.10044131717866556,-10.115267974692195,2.8087603999999997,7021901,ok,right
35,398,1,6,0.07680000000000001,1.0,10.0,10.0,0.31021264605224136,1.3554934265630378,0.6186746037434045,1.3107554363207343,0.3263156599639194,-3.899040346510418,2.8094916,7023729,ok,right
35,864,1,6,0.07680000000000001,1.0,10.0,10.0,0.698256560601294,-0.18419356865780354,2.610623616735291,1.699423801968323,-0.04098256696926349,-5.936216413405564,2.8355096,7088774,ok,right
35,892,1,6,0.07680000000000001,1.0,10.0,10.0,0.3503513177856803,-1.453857816484436,6.278332152523357,1.351934169587207,-0.06626809969160466,3.0421070772888386,2.8371687999999997,7092922,ok,right
35,366,1,6,0.07680000000000001,1.0,10.0,10.0,0.6952042739838362,-0.028273856454467877,5.725254573090744,1.6957084148927017,-0.13495428013451202,6.27560286558909,2.8491972,7122993,ok,right
35,155,1,6,0.07680000000000001,1.0,10.0,10.0,0.6861870540305972,0.3310422919360783,4.928292138829282,1.6863188614255995,-0.20391601687108274,-5.751785754107614,2.875788,7189470,ok,right
35,388,1,6,0.07680000000000001,1.0,10.0,10.0,0.5202836550772191,0.19818767361205775,5.127604483777042,1.5215382169285838,0.027265282591614027,2.9991718454330387,2.8772135999999997,7193034,ok,right
35,772,1,6,0.07680000000000001,1.0,10.0,10.0,0.10099640786647797,1.3480137689795388,0.47169667114541347,1.1011691184393513,0.01407021699160724,18.658422015217546,2.9091831999999997,7272958,ok,right
35,187,1,6,0.07680000000000001,1.0,10.0,10.0,0.12490088287740947,-1.9561854579922175,4.8162536594969065,1.1250372331234695,0.24068270238544337,12.939756369493777,2.9188579999999997,7297145,ok,right
35,236,1,6,0.07680000000000001,1.0,10.0,10.0,0.0197230888530612,0.8962009608114248,0.5717875190052678,1.0198833545224626,-0.06674773032913019,-6.257770902924467,2.9262704,7315676,ok,right
35,611,1,6,0.07680000000000001,1.0,10.0,10.0,0.6133615171536804,-0.5915754136459118,5.6687079368278,1.6137920718786491,-0.012529167330573354,30.93693699347121,2.9294792,7323698,ok,right
35,459,1,6,0.07680000000000001,1.0,10.0,10.0,0.09215634278953076,-1.1438443970314776,6.241555230262641,1.0922310304412268,-0.025821933300591963,-15.497385922006611,2.935292,7338230,ok,right
35,472,1,6,0.07680000000000001,1.0,10.0,10.0,0.17473881542682648,0.7220552050272804,1.173112398554448,1.1751866269515807,0.15446946603386683,-0.19530017684877732,2.9424584,7356146,ok,right
35,265,1,6,0.07680000000000001,1.0,10.0,10.0,0.23981667272746565,-0.9428225300664413,0.44427169701373104,1.2407991362527344,0.1944001820839364,3.1893113703184763,2.9473263999999997,7368316,ok,right
35,115,1,6,0.07680000000000001,1.0,10.0,10.0,0.4944623185321689,0.8320186322804878,6.050278134026671,1.4949391726450816,0.11568381644449402,-9.047415441809642,2.9571236,7392809,ok,right
35,677,1,6,0.07680000000000001,1.0,10.0,10.0,0.5308222379535437,0.06325334397880052,3.6293237188035086,1.531323091930464,0.1845328059318329,2.9714283849794922,2.9589,7397250,ok,right
35,744,1,6,0.07680000000000001,1.0,10.0,10.0,0.08871593791991472,1.0702132737746513,5.709411075202606,1.0892596767455174,0.09858803338919755,19.179686332972768,2.958182,7395455,ok,right
35,800,1,6,0.07680000000000001,1.0,10.0,10.0,0.4982256619259715,0.3178048538695026,4.839607489146223,1.498666950730242,-0.057271348575522525,18.35313376960912,2.9946767999999997,7486692,ok,right
35,428,1,6,0.07680000000000001,1.0,10.0,10.0,0.4632927691563964,0.7659798035456779,6.002704011756378,1.463664570462716,-0.005890430432086857,15.319138946349335,3.0136168,7534042,ok,right
35,462,1,6,0.07680000000000001,1.0,10.0,10.0,0.3151449423283339,0.12975952305942565,0.8942314023844128,1.316095128137841,-0.06119124506024054,12.510316308958137,3.0191695999999997,7547924,ok,right
35,167,1,6,0.07680000000000001,1.0,10.0,10.0,0.4846907436847687,-0.5392340969673841,0.327890186948121,1.4858710904092682,-0.3490372654644068,-3.0177811562725307,3.0222615999999998,7555654,ok,right
35,195,1,6,0.07680000000000001,1.0,10.0,10.0,0.11578997801989317,0.5055058763221633,5.691658290745018,1.1158718908620633,-0.013215736784082279,9.679537397687378,3.0388712,7597178,ok,right
35,779,1,6,0.07680000000000001,1.0,10.0,10.0,0.13740175366401672,-1.0287419687154329,3.9376661998083575,1.1378160680750093,-0.004216168484490642,-12.365870300350815,3.0426151999999997,7606538,ok,right
35,390,1,6,0.07680000000000001,1.0,10.0,10.0,0.04092616979032755,-0.1737608348734096,1.055484363788938,1.0411701443533334,0.06338695712401078,3.7127610232979666,3.0452323999999997,7613081,ok,right
35,499,1,6,0.07680000000000001,1.0,10.0,10.0,0.5152816848829389,1.0144895301943293,0.4207347187983989,1.5154108049523856,0.02907386569225845,9.144742428437597,3.0635668,7658917,ok,right
35,669,1,6,0.07680000000000001,1.0,10.0,10.0,0.14484828673303127,-1.6987953151035833,4.852078814569842,1.14512331607216,-0.047166926006892075,-12.369573819326057,3.0634091999999997,7658523,ok,right
35,49,1,6,0.07680000000000001,1.0,10.0,10.0,0.6558056052774192,-0.18459191772566078,3.7639334163520077,1.6565575202931002,-0.09563193349686254,12.75139780171922,3.069524,7673810,ok,right
35,116,1,6,0.07680000000000001,1.0,10.0,10.0,0.3751833276823163,0.1553179599319553,0.29600808617636637,1.375352952245437,0.03259141011829258,28.512675244958924,3.1024108,7756027,ok,right
35,430,1,6,0.07680000000000001,1.0,10.0,10.0,0.38445936795324087,-0.7858194999842855,3.9365094222067842,1.3845895064062859,-0.03559686896067291,-12.086029620157886,3.1127552,7781888,ok,right
35,608,1,6,0.07680000000000001,1.0,10.0,10.0,0.4609603445976973,-1.1242619157408515,1.9350073625150146,1.4614343318689034,0.003531223681164607,2.987367785911839,3.1229964,7807491,ok,right
35,635,1,6,0.07680000000000001,1.0,10.0,10.0,-0.06466805040836335,-0.44687807252429845,6.078132717459019,0.9356771958792154,-0.03494204003875893,-16.06536467256581,3.1224532,7806133,ok,right
35,392,1,6,0.07680000000000001,1.0,10.0,10.0,0.3202739641070366,1.1925839310703537,6.0385115108710155,1.321330012060499,0.10444248219444544,31.616981610693685,3.1255447999999997,7813862,ok,right
35,964,1,6,0.07680000000000001,1.0,10.0,10.0,0.36359975654631854,-0.6688202036102844,6.073429624550608,1.3642977041713953,0.6225210092830222,9.372729522640022,3.1296619999999997,7824155,ok,right
35,928,1,6,0.07680000000000001,1.0,10.0,10.0,0.5124566230922938,-0.20087044765193665,1.561799019266638,1.5124824526902207,-0.4296977001973048,2.832528142836975,3.1435616,7858904,ok,right
35,602,1,6,0.07680000000000001,1.0,10.0,10.0,0.36818089596927167,1.0487102670585808,5.280763855296776,1.368523903959424,-0.04456684786400345,-31.5363398753181,3.1465419999999997,7866355,ok,right
35,695,1,6,0.07680000000000001,1.0,10.0,10.0,-0.06035291403532028,0.0888748542086477,2.012602926384568,0.9396978036489702,0.07544959217374407,6.220817595895149,3.1785547999999997,7946387,ok,right
35,370,1,6,0.07680000000000001,1.0,10.0,10.0,0.2247025266289711,-1.9394133091828227,1.891196656983277,1.2257787918937246,0.383905986099013,3.2618518555068667,3.1922824,7980706,ok,right
35,791,1,6,0.07680000000000001,1.0,10.0,10.0,0.3086581496521831,-1.326283214488711,1.0853282890567875,1.309785359340626,0.19858156476603395,-6.203891669796808,3.2085491999999998,8021373,ok,right
35,569,1,6,0.07680000000000001,1.0,10.0,10.0,-0.04121313858777285,0.6963765749645043,4.418838327404566,0.9595494833337179,-0.0037359227672171553,-18.9888842490251,3.2181024,8045256,ok,right
35,480,1,6,0.07680000000000001,1.0,10.0,10.0,0.311209368519485,1.0397582573771054,3.7418054798689195,1.3115447821465862,-0.2757280340463261,9.034522364551002,3.249276,8123190,ok,right
35,870,1,6,0.07680000000000001,1.0,10.0,10.0,0.05086800828576088,1.4698230287048442,4.504604230230103,1.0512702173945732,0.0038291390499273956,-35.081338864205165,3.2643136,8160784,ok,right
35,817,1,6,0.07680000000000001,1.0,10.0,10.0,0.6232785623520614,-0.1607237655467495,2.0301898451903284,1.623345049747342,0.18664050968591375,-3.293780223478203,3.2703583999999997,8175896,ok,right
35,188,1,6,0.07680000000000001,1.0,10.0,10.0,0.11529764719307423,1.282249415226117,0.007182957027563339,1.1167328006011004,-0.05362359161840008,-0.3173149938808152,3.2755132,8188783,ok,right
35,193,1,6,0.07680000000000001,1.0,10.0,10.0,-0.07405365444719791,0.40888493893611844,4.143644402667284,0.9261518209886338,0.028358299626595463,-25.083088962093083,3.2861324,8215331,ok,right
35,494,1,6,0.07680000000000001,1.0,10.0,10.0,0.30159298162907366,-0.46723095333408604,1.1119197495207087,1.301685782911665,-0.17736438579631728,-25.07309824695324,3.2940528,8235132,ok,right
35,859,1,6,0.07680000000000001,1.0,10.0,10.0,0.10251493956893683,1.8714546715785676,2.678840188972197,1.1027003651943943,0.009820252922356788,0.30633022366171725,3.3104424,8276106,ok,right
35,622,1,6,0.07680000000000001,1.0,10.0,10.0,0.3409370480105281,0.7993230869723015,4.266180771896054,1.3414860721301052,0.4094886016749333,-12.215264679309962,3.3314999999999997,8328750,ok,right
35,92,1,6,0.07680000000000001,1.0,10.0,10.0,0.4931179873645306,-0.30254166957969253,1.878721745947445,1.4936246210495772,0.06629635131432404,-10.030806631752125,3.3385103999999997,8346276,ok,right
35,164,1,6,0.07680000000000001,1.0,10.0,10.0,0.3897066215053201,-0.8156740213465502,0.047625796925607415,1.389808137503557,-0.30551629608253605,9.698864678225396,3.3771784,8442946,ok,right
35,822,1,6,0.07680000000000001,1.0,10.0,10.0,0.15945974066853524,-1.1811699952641104,3.498941864744518,1.159571208249316,-0.3730727791217057,2.9595325810583253,3.390368,8475920,ok,right
35,733,1,6,0.07680000000000001,1.0,10.0,10.0,0.5875909300521016,-0.6484590608607338,1.6423001227692942,1.5878369894260242,0.21753160087248524,-6.222413828507848,3.4467092,8616773,ok,right
35,896,1,6,0.07680000000000001,1.0,10.0,10.0,0.42883768640458586,-0.7913256602186166,2.7655170742923834,1.429094172827055,0.09066989344573463,-3.1490663706135766,3.44991,8624775,ok,right
35,141,1,6,0.07680000000000001,1.0,10.0,10.0,0.1284966306760907,0.8193369516854122,2.6034864563581994,1.1286002576101157,-0.09732889129294756,-44.20199042946831,3.4528488,8632122,ok,right
35,970,1,6,0.07680000000000001,1.0,10.0,10.0,-0.017759751342236996,0.27624834062159875,4.335329622326089,0.9842998460311807,-0.0640575511120586,-31.731111033284616,3.4666311999999997,8666578,ok,right
35,916,1,6,0.07680000000000001,1.0,10.0,10.0,0.46971335876733067,0.8124170378119537,5.029770930216841,1.4698909545361722,0.20652733580309968,22.43101504030051,3.4737784,8684446,ok,right
35,825,1,6,0.07680000000000001,1.0,10.0,10.0,0.5344390960410238,0.6826057488374065,4.05513965679794,1.5346738632985006,0.3433982204178107,15.554149228799155,3.4775432,8693858,ok,right
35,718,1,6,0.07680000000000001,1.0,10.0,10.0,0.09875908400863409,1.457021317263327,2.7796765150156384,1.0996492804941855,-0.1145917949404491,3.054651514873921,3.4887859999999997,8721965,ok,right
35,38,1,6,0.07680000000000001,1.0,10.0,10.0,0.6239538628607989,0.07265099699761488,0.14380303171062542,1.6264460658361446,-0.03358282221807785,12.516229713111134,3.4935684,8733921,ok,right
35,491,1,6,0.07680000000000001,1.0,10.0,10.0,0.31874690242111686,1.349174853677925,0.03314692365099012,1.3196133850698022,-0.0032878891262562962,2.9407787881944483,3.5091644,8772911,ok,right
35,544,1,6,0.07680000000000001,1.0,10.0,10.0,-0.0968845270574093,0.20357412108475714,0.888155622720945,0.9034836840853512,0.06896002924506951,-16.21917101585216,3.5195024,8798756,ok,right
35,498,1,6,0.07680000000000001,1.0,10.0,10.0,0.39844126943498853,0.651879977530717,0.9858992916685191,1.3987941248957285,-0.1292018936208116,15.26733495722655,3.5341652,8835413,ok,right
35,688,1,6,0.07680000000000001,1.0,10.0,10.0,0.4170150049030781,-1.1506969339313848,1.4990361997775679,1.4174634488402742,-0.16083111606181888,-31.037594389033703,3.5619452,8904863,ok,right
35,505,1,6,0.07680000000000001,1.0,10.0,10.0,0.22649536579847337,-1.5704925733529995,2.10815100837999,1.227221256498581,-0.2306612236991347,-3.2290072375362646,3.5805423999999997,8951356,ok,right
35,707,1,6,0.07680000000000001,1.0,10.0,10.0,-0.0033595189452171326,0.3825021400366886,1.7825894827271018,0.9968205839692632,0.07682995350238893,-12.69701062228441,3.5888932,8972233,ok,right
35,877,1,6,0.07680000000000001,1.0,10.0,10.0,0.30179456453770404,-1.2518226833267394,0.43685949779731037,1.3018532685475128,-0.10619599926124584,-12.39604067357808,3.5928456,8982114,ok,right
35,731,1,6,0.07680000000000001,1.0,10.0,10.0,0.05064156446605921,-0.7187124392746278,0.3689298330541106,1.051074367367886,0.03475166589244352,-37.970230546491415,3.6020976,9005244,ok,right
35,279,1,6,0.07680000000000001,1.0,10.0,10.0,0.19183894991874695,-1.249063665534543,1.1136172523656587,1.1920117325694883,0.2463372585269565,-37.47774703472909,3.6192995999999997,9048249,ok,right
35,320,1,6,0.07680000000000001,1.0,10.0,10.0,0.5441743755713105,-0.6383796534353507,5.310653828837006,1.54426009326877,0.137402828211777,6.65297925629233,3.6296724,9074181,ok,right
35,940,1,6,0.07680000000000001,1.0,10.0,10.0,0.01083238683640957,1.0479728053752062,2.267621311941089,1.0109977136854507,-0.04397588606578499,2.4227224480945515,3.628082,9070205,ok,right
35,303,1,6,0.07680000000000001,1.0,10.0,10.0,0.1272833650931716,-1.6532409600225197,3.9759875846649977,1.1273531155394771,-0.24486595415941784,31.57455299638223,3.6503487999999997,9125872,ok,right
35,670,1,6,0.07680000000000001,1.0,10.0,10.0,0.3896940739825368,1.3914125656748697,1.7308537476575023,1.3904035775980705,0.19481425650447223,-25.464586779485895,3.6645488,9161372,ok,right
35,920,1,6,0.07680000000000001,1.0,10.0,10.0,0.2952747231349349,1.5859728356053067,5.470974114134686,1.2960341662507069,0.49826089095700393,9.224693204546234,3.6781308,9195327,ok,right
35,158,1,6,0.07680000000000001,1.0,10.0,10.0,0.37197204269468787,0.7626646763638354,4.440809771151961,1.3720800212178292,0.10339378307241155,2.851722959758501,3.686422,9216055,ok,right
35,484,1,6,0.07680000000000001,1.0,10.0,10.0,0.3382191110402346,0.639966931426436,4.01732024155892,1.3386922841040119,0.09772477706333778,-0.33953865368465785,3.7019523999999997,9254881,ok,right
35,440,1,6,0.07680000000000001,1.0,10.0,10.0,0.6244667824357748,0.2662566884177897,1.126769286737824,1.6251688187773792,0.02625202710945137,15.67745754700083,3.7231715999999997,9307929,ok,right
35,525,1,6,0.07680000000000001,1.0,10.0,10.0,0.2722609169781208,-1.5917778643268343,1.5544156468509693,1.2723636107885905,0.2953919162912848,12.609972460881474,3.7370083999999997,9342521,ok,right
35,22,1,6,0.07680000000000001,1.0,10.0,10.0,0.6811854954808951,-0.11429206361355909,3.270218534894042,1.68138896356683,-0.18551514959224602,12.668007193308831,3.7677372,9419343,ok,right
35,441,1,6,0.07680000000000001,1.0,10.0,10.0,0.17242949642241,0.5119502668708733,0.9347997913749376,1.1725225297991286,-0.17009230822158272,15.621169129657005,3.7941148,9485287,ok,right
35,856,1,6,0.07680000000000001,1.0,10.0,10.0,0.4015419524163008,1.3211124029642396,2.151406003998465,1.401805295644194,-0.12517748998015743,-9.59917378968552,3.797774,9494435,ok,right
35,36,1,6,0.07680000000000001,1.0,10.0,10.0,0.24600508678704502,1.3485855353354348,5.287167002379268,1.246541068380932,-0.21654690827501133,-15.652245992821006,3.8051011999999997,9512753,ok,right
35,517,1,6,0.07680000000000001,1.0,10.0,10.0,0.22028331346809865,-2.0302423712108455,0.9805403126055307,1.2204255354650626,0.13409478402118147,-6.494356628426984,3.8143735999999997,9535934,ok,right
35,994,1,6,0.07680000000000001,1.0,10.0,10.0,-0.029888442158699038,0.6961860970563967,4.834545835016582,0.970964559505369,0.015466202217770286,-2.9630081493234237,3.8135983999999996,9533996,ok,right
35,386,1,6,0.07680000000000001,1.0,10.0,10.0,0.4883822862058878,0.7043780540438606,0.35533778510789926,1.488579591002041,0.2398402575934328,28.11290680267435,3.8181936,9545484,ok,right
35,545,1,6,0.07680000000000001,1.0,10.0,10.0,0.1712471839040518,-0.8536324629299274,0.5802097900095184,1.1717291647224537,0.06577310774782512,2.4997588314806736,3.820192,9550480,ok,right
35,514,1,6,0.07680000000000001,1.0,10.0,10.0,0.62198109254241,-0.5410928423518752,3.973216768083651,1.6223387245787637,0.059588962459289734,-5.809632085803264,3.8520239999999997,9630060,ok,right
35,662,1,6,0.07680000000000001,1.0,10.0,10.0,0.22115727048367262,1.495376517741867,0.32907124898981,1.2211969727812615,0.251492466296511,-3.2916008199052023,3.8544528,9636132,ok,right
35,190,1,6,0.07680000000000001,1.0,10.0,10.0,0.47486312966793776,-1.1568856498596196,1.1388926878175698,1.4756218850741543,0.2228583444075667,0.4686612859868911,3.8621928,9655482,ok,right
35,342,1,6,0.07680000000000001,1.0,10.0,10.0,0.016849417984485627,0.6108554649571966,0.10332297078789056,1.0169421742233475,-0.09970468350388687,34.23682865877232,3.8643908,9660977,ok,right
35,723,1,6,0.07680000000000001,1.0,10.0,10.0,0.22367263492196798,0.7574948154146867,5.757443077665447,1.2244798010145082,0.15291716617046094,3.0634379561090217,3.8864143999999996,9716036,ok,right
35,580,1,6,0.07680000000000001,1.0,10.0,10.0,0.6631153412163258,0.06975968166151719,0.906395747615361,1.6632689745759994,-0.07884757879390643,9.750369348151262,3.8994315999999998,9748579,ok,right
35,445,1,6,0.07680000000000001,1.0,10.0,10.0,0.6005420727655292,-0.3599747069191785,0.5099201604500256,1.60101329663478,0.036636955638356915,2.8530242198287925,3.9243419999999998,9810855,ok,right
35,951,1,6,0.07680000000000001,1.0,10.0,10.0,-0.08707112316042186,0.22099740944489377,2.8773749519991196,0.913146753494254,0.013995358868773896,-2.7290325713912056,3.9491604,9872901,ok,right
35,263,1,6,0.07680000000000001,1.0,10.0,10.0,0.34161491226404905,-0.04880453019869328,0.8320882179399152,1.3420330290523173,0.27607610242833447,9.50507777301585,3.9762847999999997,9940712,ok,right
35,504,1,6,0.07680000000000001,1.0,10.0,10.0,0.6380131857469679,-0.09070465570402336,3.9488174464739694,1.6384117820786657,0.02416402963122765,-2.946208599927048,4.0353259999999995,10088315,ok,right
35,33,1,6,0.07680000000000001,1.0,10.0,10.0,0.11803720444440842,-1.148730383947918,0.2554253049977777,1.1187503817554547,0.04854988616663916,18.923715600956026,4.0520264,10130066,ok,right
35,634,1,6,0.07680000000000001,1.0,10.0,10.0,0.1732248617336154,0.3935737696786958,0.02528017676940612,1.1734484981863114,0.042899977922166495,6.414143131677824,4.0582915999999996,10145729,ok,right
35,418,1,6,0.07680000000000001,1.0,10.0,10.0,0.03139817751944065,-1.2727861516237715,4.452719826110698,1.0318052248769274,0.09119936326667982,21.875670935464232,4.06517,10162925,ok,right
35,297,1,6,0.07680000000000001,1.0,10.0,10.0,0.2713485212996602,-1.1474930780906312,0.3311099979576021,1.2715492268064814,0.16123580818650354,3.1437110328181137,4.079883199999999,10199708,ok,right
35,841,1,6,0.07680000000000001,1.0,10.0,10.0,0.21792899426072837,1.486108113437247,2.9494676266283912,1.2183009353666623,0.018490224643181424,-31.609281092688743,4.0913888,10228472,ok,right
35,80,1,6,0.07680000000000001,1.0,10.0,10.0,0.6281979082152248,-0.510927604037942,2.006680249875604,1.628479679361321,0.42343629023952384,0.33106497623977094,4.1021876,10255469,ok,right
35,245,1,6,0.07680000000000001,1.0,10.0,10.0,0.11266748514026403,-0.8840222576890587,4.664330411329529,1.1131809313172574,-0.021753913541699744,9.626863143161511,4.1216064,10304016,ok,right
35,671,1,6,0.07680000000000001,1.0,10.0,10.0,0.4283720437437296,0.5499433350084568,0.6966289292539635,1.4285062007849887,0.21609265929036445,25.264955027722944,4.135674799999999,10339187,ok,right
35,42,1,6,0.07680000000000001,1.0,10.0,10.0,0.1381510253995657,1.8056724317613944,0.012625203924705557,1.1382205490073904,-0.07431943920302979,-31.265666494107624,4.1391412,10347853,ok,right
35,692,1,6,0.07680000000000001,1.0,10.0,10.0,0.5359541732817888,-0.7389474041962415,2.019662625249363,1.536825970644324,-0.09402749974214945,-15.558739533749002,4.139255599999999,10348139,ok,right
35,743,1,6,0.07680000000000001,1.0,10.0,10.0,0.3112695621326566,0.1596926619147036,1.649551834020747,1.3112743468409926,-0.38939806347630346,-22.696121847362807,4.1707323999999995,10426831,ok,right
35,273,1,6,0.07680000000000001,1.0,10.0,10.0,0.2467456726357341,1.5957190151605791,0.7962905452460162,1.2470971374368585,0.14182015588592162,0.09987204713365085,4.1798448,10449612,ok,right
35,482,1,6,0.07680000000000001,1.0,10.0,10.0,-0.04264862891286612,0.12629285067151783,6.268915607783615,0.9578534753867236,-0.08646011907093384,2.6960920046906223,4.182173199999999,10455433,ok,right
35,403,1,6,0.07680000000000001,1.0,10.0,10.0,-0.0587934423238039,-0.4442300906576155,2.707379204479603,0.941693764946928,0.00825498308864692,16.180954409356836,4.189018,10472545,ok,right
35,246,1,6,0.07680000000000001,1.0,10.0,10.0,0.6822682805359364,0.3075185452657247,3.8154532568973054,1.6824548112859283,-0.05104245308619182,0.07871725600889165,4.2091236,10522809,ok,right
35,819,1,6,0.07680000000000001,1.0,10.0,10.0,0.48361302819103,0.5590579200236447,4.3399373256611415,1.484204027157452,-0.26156957816953935,-16.07586009273528,4.22996,10574900,ok,right
35,666,1,6,0.07680000000000001,1.0,10.0,10.0,0.4988030999898911,0.44497050019552253,5.726432517654007,1.4996798676768732,-0.019727391497080443,0.5040186180980809,4.232972,10582430,ok,right
35,660,1,6,0.07680000000000001,1.0,10.0,10.0,0.3319173023104668,-0.6864476719097182,1.766837626416203,1.3320369171873725,0.27504788290712867,3.6626129503803746,4.2425632,10606408,ok,right
35,385,1,6,0.07680000000000001,1.0,10.0,10.0,0.05728868450969458,1.087606870398507,3.139031942765909,1.0575488377740898,0.17585086185803514,9.720983358601456,4.273784399999999,10684461,ok,right
35,820,1,6,0.07680000000000001,1.0,10.0,10.0,0.18522807843983174,-0.5375573273230408,4.942063790691003,1.1856488323721697,0.12354495741044089,6.082713692280451,4.2940892,10735223,ok,right
35,806,1,6,0.07680000000000001,1.0,10.0,10.0,0.10987155549228192,-1.6362355864081908,5.230917377985202,1.110481542646154,0.06277219143367897,12.856917785887624,4.299551999999999,10748880,ok,right
35,468,1,6,0.07680000000000001,1.0,10.0,10.0,0.2234223773702979,0.10494540694422312,4.71179951217383,1.2236849522108668,0.07449268848258853,21.96231784164518,4.3331728,10832932,ok,right
35,588,1,6,0.07680000000000001,1.0,10.0,10.0,0.5197610501199961,-0.24762593746742484,0.8657764476127595,1.51984307900114,0.43222412595514786,15.452488391015194,4.3841399999999995,10960350,ok,right
35,229,1,6,0.07680000000000001,1.0,10.0,10.0,0.48115595001727346,0.9708949262304871,5.65303288517898,1.481164768179468,-0.051714014466337235,-12.147018634577647,4.4074908,11018727,ok,right
35,289,1,6,0.07680000000000001,1.0,10.0,10.0,0.5352463103830815,-0.49555460004228197,6.236126576800291,1.5353002366471584,-0.1926969384205733,-34.578596130646766,4.41767,11044175,ok,right
35,535,1,6,0.07680000000000001,1.0,10.0,10.0,0.4305150263011456,0.385719473434689,1.563828187583929,1.430764599141232,-0.1044079383763618,21.660730244042323,4.4549144,11137286,ok,right
35,871,1,6,0.07680000000000001,1.0,10.0,10.0,-0.061423785611987115,-0.17081061611873863,5.081461682018421,0.938813037407487,0.02169206494360816,-40.90792110258468,4.4638268,11159567,ok,right
35,460,1,6,0.07680000000000001,1.0,10.0,10.0,0.05496924910694361,-0.4160642755472345,5.785168052407645,1.055284724371154,-0.24896150374001164,28.377391939404323,4.4776072,11194018,ok,right
35,281,1,6,0.07680000000000001,1.0,10.0,10.0,0.18677953109145165,0.3861477611330208,6.050519342885417,1.1872199319948484,-0.022342424831230976,12.515798646604814,4.4806076,11201519,ok,right
35,154,1,6,0.07680000000000001,1.0,10.0,10.0,0.03112998250871897,0.32925691620951986,1.891390751102362,1.0313638073089841,-0.09364293213109612,34.49162467988376,4.487886,11219715,ok,right
35,66,1,6,0.07680000000000001,1.0,10.0,10.0,0.15395492911338807,-2.134485376631628,3.2723965039237655,1.1552353213495619,-0.07182714972191472,3.2584468070376,4.5238724,11309681,ok,right
35,329,1,6,0.07680000000000001,1.0,10.0,10.0,0.2801305674016476,1.0708888851758893,4.776304978696857,1.280354616784102,-0.12924406129457647,18.994771738342028,4.526889199999999,11317223,ok,right
35,604,1,6,0.07680000000000001,1.0,10.0,10.0,0.42837253063917163,-0.9035939097067803,5.073240550546726,1.4288390739739982,0.3016878991290162,-11.350751944273238,4.551855199999999,11379638,ok,right
35,792,1,6,0.07680000000000001,1.0,10.0,10.0,0.3628559308126569,1.288972059636316,5.645080905764262,1.3631095612953947,-0.3572361482469114,-37.51770900367246,4.5782688,11445672,ok,right
35,147,1,6,0.07680000000000001,1.0,10.0,10.0,-0.07708339355885983,-0.14110790888129374,2.763872606616561,0.9230286198052786,0.10431405623362192,3.091659750995617,4.629811999999999,11574530,ok,right
35,781,1,6,0.07680000000000001,1.0,10.0,10.0,0.23177110794931652,1.096437875139567,5.654549859544194,1.2319268931557283,-0.28660647668874223,18.496229907107825,4.6308948,11577237,ok,right
35,758,1,6,0.07680000000000001,1.0,10.0,10.0,0.5117733545601368,-0.794994763995158,5.495829326368327,1.5130671049358042,0.018410156490814115,18.921055642233437,4.6575679999999995,11643920,ok,right
35,601,1,6,0.07680000000000001,1.0,10.0,10.0,-0.06041111629456282,-0.21521335863305124,4.9414724543337565,0.9398795501407551,0.02800579699481253,18.790467906889887,4.6693272,11673318,ok,right
35,609,1,6,0.07680000000000001,1.0,10.0,10.0,0.07449913863092661,0.637740179548236,1.536272443205141,1.0751033577749547,0.07088041257297793,-9.403050692631332,4.6954503999999995,11738626,ok,right
35,413,1,6,0.07680000000000001,1.0,10.0,10.0,0.42322744205594065,0.8741951791219795,3.5788723131628135,1.4236531247933373,0.28055470030937807,13.574412470088253,4.7095367999999995,11773842,ok,right
35,251,1,6,0.07680000000000001,1.0,10.0,10.0,0.28036191724240783,-1.9071290138211197,5.431656246536253,1.2806373094009476,-0.07656131599699896,-37.688126460911306,4.7164003999999995,11791001,ok,right
35,215,1,6,0.07680000000000001,1.0,10.0,10.0,0.45184995215386153,-1.2280932934916178,2.58691826835238,1.4525180365117705,0.1291597861986678,-5.837883654792838,4.7696124,11924031,ok,right
35,836,1,6,0.07680000000000001,1.0,10.0,10.0,0.042223103716969496,0.8520698754306033,1.3639031520637193,1.0423876548707396,-0.18384975428408212,-15.88893959764798,4.769074799999999,11922687,ok,right
35,953,1,6,0.07680000000000001,1.0,10.0,10.0,0.6537739280611277,0.04083222551261744,1.6645430797234466,1.653847276214976,0.07687091790360646,9.343252614967893,4.7739676,11934919,ok,right
35,483,1,6,0.07680000000000001,1.0,10.0,10.0,-0.04669244438409806,-0.02997462942712122,2.2609967053939215,0.9533822715510542,-0.009953592507668502,-12.07212413958234,4.7787384,11946846,ok,right
35,673,1,6,0.07680000000000001,1.0,10.0,10.0,0.47020925991237167,1.1150050824213815,2.9128788093001425,1.4705485709409067,-0.3322800021493161,-11.95594792747245,4.8104432,12026108,ok,right
35,7,1,6,0.07680000000000001,1.0,10.0,10.0,0.534241352789104,0.42817519792916053,5.220564379884133,1.5348569475205496,0.03132738181695813,34.634884332350985,4.812941599999999,12032354,ok,right
35,698,1,6,0.07680000000000001,1.0,10.0,10.0,0.1844907931983471,-1.154521203081235,3.142597613941854,1.1856212098994925,0.10453044009607444,3.077267565934339,4.8634504,12158626,ok,right
35,402,1,6,0.07680000000000001,1.0,10.0,10.0,0.3940213229507208,1.4170790238200115,2.2742290627461474,1.394194045511009,-0.23937697156822266,-34.15308687639635,4.8878884,12219721,ok,right
35,210,1,6,0.07680000000000001,1.0,10.0,10.0,0.48027162011712793,-0.5498566408319128,0.2887482352487206,1.4805673906141652,0.19804128746286187,6.617189434607795,4.8920908,12230227,ok,right
35,976,1,6,0.07680000000000001,1.0,10.0,10.0,0.1745550097897649,-1.3986828586837803,1.3309612973432448,1.17482694815042,0.15008215785465598,-25.173356456166687,4.9396792,12349198,ok,right
35,740,1,6,0.07680000000000001,1.0,10.0,10.0,0.5432785350829363,-0.8078875392833091,4.975403943876493,1.5433938551463413,0.4059120695508136,-21.743111971592402,4.9661772,12415443,ok,right
35,651,1,6,0.07680000000000001,1.0,10.0,10.0,0.5139838041737675,0.37253937975261936,2.458844587420922,1.5141178646011464,-0.2940548930729185,19.238767104146927,4.9808648,12452162,ok,right
35,304,1,6,0.07680000000000001,1.0,10.0,10.0,0.6027636732906103,0.3410030319651476,1.1215462668923686,1.6030824920399915,-0.5521334296707551,-3.1324763935173237,5.0395888,12598972,ok,right
35,495,1,6,0.07680000000000001,1.0,10.0,10.0,0.3012394974008203,0.039711510266132795,2.0132162518634646,1.3012947514015298,-0.4679847581513131,2.1146115647623023,5.0430231999999995,12607558,ok,right
35,221,1,6,0.07680000000000001,1.0,10.0,10.0,0.4267101224511862,0.09459836885579381,3.881792938885627,1.4272351472147728,-0.21235888272390216,-12.119861567386888,5.0545548,12636387,ok,right
35,377,1,6,0.07680000000000001,1.0,10.0,10.0,0.009913395904004575,0.4028033887392177,4.444842258024082,1.0100917950636752,0.10014693002513668,31.835588907489996,5.1866724,12966681,ok,right
35,124,1,6,0.07680000000000001,1.0,10.0,10.0,0.020968503132462502,1.0816232270636794,0.7588790764167447,1.0219314254923586,0.007482188396340153,-28.60186878649444,5.2309399999999995,13077350,ok,right
35,321,1,6,0.07680000000000001,1.0,10.0,10.0,0.6627331508323551,0.3899827900207763,2.5658984820739104,1.6637302397802147,-0.05353992236228797,-15.593444418121178,5.228597199999999,13071493,ok,right
35,586,1,6,0.07680000000000001,1.0,10.0,10.0,-0.041927475854754453,0.30225250853606045,4.806222102533722,0.958377967890477,-0.0017108646144077069,-28.88639947767462,5.2933943999999995,13233486,ok,right
35,681,1,6,0.07680000000000001,1.0,10.0,10.0,0.1167529694736004,1.3138872327686864,4.580954392920842,1.116838323178604,-0.11697633996629736,-6.551845296329945,5.2941952,13235488,ok,right
35,626,1,6,0.07680000000000001,1.0,10.0,10.0,0.11758845802396536,0.6157490253144815,1.2535659118690676,1.1188562674594293,-0.2759894090006654,-31.70828118290757,5.320392399999999,13300981,ok,right
35,449,1,6,0.07680000000000001,1.0,10.0,10.0,-0.07764662224799396,0.015786872052886623,5.381050067088608,0.9225398681690014,0.05294743767299195,-3.4865391753815054,5.4058611999999995,13514653,ok,right
35,597,1,6,0.07680000000000001,1.0,10.0,10.0,0.134794732183218,-1.6190832878035548,0.71124195943104,1.1348434851775406,0.10148988434269841,22.354208593201356,5.4247575999999995,13561894,ok,right
35,122,1,6,0.07680000000000001,1.0,10.0,10.0,0.012986056879162789,-0.0780612510375533,1.82331078469278,1.0135735486461994,0.051510390183467356,3.518432572152814,5.429471599999999,13573679,ok,right
35,751,1,6,0.07680000000000001,1.0,10.0,10.0,0.08154308870434762,0.04736979929381161,5.4759226525126,1.0837024395385872,0.02889788489066097,-5.916894378409153,5.4401236,13600309,ok,right
35,811,1,6,0.07680000000000001,1.0,10.0,10.0,0.036199001222848894,-0.8397845960060958,3.915532522834726,1.0363844592042013,-0.08320300307571676,-21.80610517568492,5.4589859999999994,13647465,ok,right
35,948,1,6,0.07680000000000001,1.0,10.0,10.0,0.21626155264675617,-0.024617842753539884,4.198889707467407,1.2170953548511914,0.22403161489864265,-0.1332354559751741,5.4595036,13648759,ok,right
35,849,1,6,0.07680000000000001,1.0,10.0,10.0,0.36638002190738916,1.191943381850115,1.5959338002944243,1.3670353867749714,0.3684551453988459,-43.783243171062836,5.4723608,13680902,ok,right
35,93,1,6,0.07680000000000001,1.0,10.0,10.0,0.02611835710704327,-0.7902370692401692,4.004301976415923,1.0264847406540656,-0.021461403127717885,0.09455396050967486,5.4806935999999995,13701734,ok,right
35,214,1,6,0.07680000000000001,1.0,10.0,10.0,0.2703663079068065,-1.6266494677582752,6.193384399799913,1.2706366001333813,-0.07180247670307495,-25.229810457378,5.5086984,13771746,ok,right
35,649,1,6,0.07680000000000001,1.0,10.0,10.0,0.2632756991311908,1.6393447124349858,5.515415736735222,1.263517115445795,0.09960616643210948,-18.976928075495753,5.542114799999999,13855287,ok,right
35,732,1,6,0.07680000000000001,1.0,10.0,10.0,-0.0017650026828050615,0.7746494973450905,1.2175305881331917,0.9987948341838616,0.016350746545857928,28.692169804315256,5.573142,13932855,ok,right
35,165,1,6,0.07680000000000001,1.0,10.0,10.0,0.07971484195441009,0.7643383413414998,2.1553546554242176,1.0799813375880323,-0.05901987573468805,-25.036891506576048,5.6089436,14022359,ok,right
35,134,1,6,0.07680000000000001,1.0,10.0,10.0,0.3430353058502078,-0.8740203444502295,5.936303713757441,1.3431779926463765,0.08075305365289755,-38.09867245745448,5.742014,14355035,ok,right
35,518,1,6,0.07680000000000001,1.0,10.0,10.0,0.41379985939711333,-1.3565981115783015,3.603010673593843,1.4144580734682761,0.34676602086415087,-3.100035990806229,6.003838399999999,15009596,ok,right
35,353,1,6,0.07680000000000001,1.0,10.0,10.0,0.5050045572221279,0.4745393320715495,2.5357399811427217,1.5052356190082614,0.21557241058906268,21.96079334710467,6.0660696,15165174,ok,right
35,294,1,6,0.07680000000000001,1.0,10.0,10.0,0.2595776677131653,-0.9525897607321686,4.5640318656753704,1.2604635555653525,0.10409351105917594,-9.907824742570037,6.081354,15203385,ok,right
35,917,1,6,0.07680000000000001,1.0,10.0,10.0,0.15873716697096826,0.48655496607105564,1.5313736762261188,1.1588299954034138,0.11791689333292217,-9.394935434730641,6.1464096,15366024,ok,right
35,399,1,6,0.07680000000000001,1.0,10.0,10.0,0.25155391469597815,2.036144151420421,0.6054779108710333,1.2518286485857328,0.1539493496741599,-12.689420870493723,6.201153199999999,15502883,ok,right
35,315,1,6,0.07680000000000001,1.0,10.0,10.0,0.22207722775638106,1.3800686676503326,1.6149396647878254,1.222369142531333,0.2786737202744821,-6.074871428402098,6.2339443999999995,15584861,ok,right
35,886,1,6,0.07680000000000001,1.0,10.0,10.0,0.606842090934515,-0.3179902061437682,0.06163831239740744,1.607679354144856,-0.014571852212049877,-18.34542062122884,6.2490428,15622607,ok,right
35,578,1,6,0.07680000000000001,1.0,10.0,10.0,0.4842290628701449,-0.8491029832430271,2.269108994297602,1.48513532096612,0.11249153306902668,2.906809252388799,6.2801436,15700359,ok,right
35,954,1,6,0.07680000000000001,1.0,10.0,10.0,-0.02583871316164732,0.23689919107389926,5.563735189434377,0.974517388716266,0.02516880115277383,-15.226265690355957,6.4243584,16060896,ok,right
35,351,1,6,0.07680000000000001,1.0,10.0,10.0,0.15312320739030838,-1.9800057073228705,5.943860020645096,1.1538092468030965,0.0685251185907777,-28.387914754763298,6.460768799999999,16151922,ok,right
35,44,1,6,0.07680000000000001,1.0,10.0,10.0,0.5720275085419416,0.36405034337838016,1.0598018139366379,1.572670871705317,0.052715376844909,12.479210957652723,6.492850799999999,16232127,ok,right
35,309,1,6,0.07680000000000001,1.0,10.0,10.0,0.030683311447501183,1.124174731864888,0.32730727846192853,1.03070163773355,0.061326522264292,-9.391954412966488,6.510858799999999,16277147,ok,right
35,283,1,6,0.07680000000000001,1.0,10.0,10.0,0.5717620374634862,0.28585930614767135,1.8983048018431847,1.5722358716099032,0.1769993081229177,-5.69106910402367,6.5158808,16289702,ok,right
35,149,1,6,0.07680000000000001,1.0,10.0,10.0,0.07143551278859377,-0.7571295180620098,5.150157848540926,1.0723266405524718,-0.2132455918889955,-34.34063317170684,6.587095199999999,16467738,ok,right
35,748,1,6,0.07680000000000001,1.0,10.0,10.0,0.40295115746557714,0.8319789847982512,2.3229364052481833,1.40352570082382,0.09086443026483007,-28.28037524343354,6.685503199999999,16713758,ok,right
35,812,1,6,0.07680000000000001,1.0,10.0,10.0,0.3253712369129062,1.4519901313647865,4.284870055065429,1.3254379220749117,0.46503619226339377,-3.3273094402892824,6.8170964,17042741,ok,right
35,106,1,6,0.07680000000000001,1.0,10.0,10.0,0.5900511167943477,0.642660678714385,3.199830777178546,1.5900520268346268,-0.24736079438956712,25.40032825526674,6.9257772,17314443,ok,right
35,185,1,6,0.07680000000000001,1.0,10.0,10.0,0.15357124861329796,1.1645782757581344,0.5874416187413559,1.1537717923232431,0.34180011735994237,9.434448259697339,6.950768399999999,17376921,ok,right
35,448,1,6,0.07680000000000001,1.0,10.0,10.0,0.5398265022784472,-0.7740275137406278,1.7178405968761101,1.5403479395776245,-0.150344503068586,-43.885817846751905,7.0104348,17526087,ok,right
35,536,1,6,0.07680000000000001,1.0,10.0,10.0,-0.08637434486299754,-0.01632710889289007,3.0372411197295506,0.9141520165450909,0.03847987601084261,21.679426357357293,7.803176,19507940,ok,right
35,372,1,6,0.07680000000000001,1.0,10.0,10.0,-0.022437586635351184,0.5196171207834863,5.202068822178486,0.9776183180134279,0.07018241221908214,-25.079304809734115,7.8431983999999995,19607996,ok,right
35,290,1,6,0.07680000000000001,1.0,10.0,10.0,0.32862092480063443,1.5126471621027302,1.329759110764491,1.3288566056814066,-0.11950856164448305,47.139124876481176,7.9399212,19849803,ok,right
35,262,1,6,0.07680000000000001,1.0,10.0,10.0,-0.020870288833975792,-0.49814457401265283,2.9249424326213336,0.9798010219152241,0.08257903768041129,-19.429528111642323,7.9467092,19866773,ok,right
35,562,1,6,0.07680000000000001,1.0,10.0,10.0,-0.01626961175352335,0.3452585213090496,6.0229239461120905,0.9840846428361899,0.0060620151908274906,22.117219569098904,8.046465999999999,20116165,ok,right
35,447,1,6,0.07680000000000001,1.0,10.0,10.0,0.5121263088658452,0.34871051986023655,5.054709581446052,1.5121458471453892,-0.0221862577045701,12.679998375492499,8.1259372,20314843,ok,right
35,419,1,6,0.07680000000000001,1.0,10.0,10.0,0.6188875770196319,-0.4046619903093213,3.4784319200458533,1.6192358359907548,-0.08211461219837371,15.76006239860325,8.144257999999999,20360645,ok,right
35,129,1,6,0.07680000000000001,1.0,10.0,10.0,0.30847907811403275,1.627105847743943,4.268792848699538,1.3086012786143395,0.18593778972844843,39.25200650868724,9.3838504,23459626,ok,right
35,804,1,6,0.07680000000000001,1.0,10.0,10.0,0.04887649584561587,0.5293238023995998,5.62449294364443,1.0489555083131124,0.010511919876364783,19.176208394121957,9.9237632,24809408,ok,right
35,734,1,6,0.07680000000000001,1.0,10.0,10.0,0.32938041891902686,0.8373569094607998,4.762295570463058,1.329433758740581,0.07488340832870836,-28.06081383591845,16.139024799999998,40347562,ok,right
