x,phi,count
0.005,0.08726646259971647,275
0.005,0.2617993877991494,289
0.005,0.4363323129985824,331
0.005,0.6108652381980153,397
0.005,0.7853981633974483,439
0.005,0.9599310885968811,535
0.005,1.1344640137963142,563
0.005,1.308996938995747,568
0.005,1.4835298641951802,581
0.005,1.658062789394613,562
0.005,1.8325957145940461,556
0.005,2.007128639793479,523
0.005,2.181661564992912,496
0.005,2.356194490192345,395
0.005,2.530727415391778,414
0.005,2.705260340591211,374
0.005,2.879793265790644,316
0.005,3.0543261909900767,267
0.005,3.2288591161895095,199
0.005,3.4033920413889422,183
0.005,3.577924966588375,155
0.005,3.752457891787808,124
0.005,3.9269908169872414,106
0.005,4.101523742186675,79
0.005,4.276056667386107,84
0.005,4.4505895925855405,77
0.005,4.625122517784973,66
0.005,4.799655442984406,66
0.005,4.974188368183839,81
0.005,5.148721293383272,97
0.005,5.323254218582705,91
0.005,5.497787143782138,111
0.005,5.672320068981571,119
0.005,5.8468529941810035,140
0.005,6.021385919380437,175
0.005,6.19591884457987,197
0.015,0.08726646259971647,242
0.015,0.2617993877991494,276
0.015,0.4363323129985824,336
0.015,0.6108652381980153,386
0.015,0.7853981633974483,480
0.015,0.9599310885968811,501
0.015,1.1344640137963142,526
0.015,1.308996938995747,568
0.015,1.4835298641951802,545
0.015,1.658062789394613,566
0.015,1.8325957145940461,542
0.015,2.007128639793479,506
0.015,2.181661564992912,486
0.015,2.356194490192345,432
0.015,2.530727415391778,423
0.015,2.705260340591211,350
0.015,2.879793265790644,307
0.015,3.0543261909900767,275
0.015,3.2288591161895095,212
0.015,3.4033920413889422,187
0.015,3.577924966588375,143
0.015,3.752457891787808,133
0.015,3.9269908169872414,115
0.015,4.101523742186675,105
0.015,4.276056667386107,95
0.015,4.4505895925855405,71
0.015,4.625122517784973,69
0.015,4.799655442984406,74
0.015,4.974188368183839,77
0.015,5.148721293383272,79
0.015,5.323254218582705,86
0.015,5.497787143782138,106
0.015,5.672320068981571,127
0.015,5.8468529941810035,167
0.015,6.021385919380437,209
0.015,6.19591884457987,229
0.025,0.08726646259971647,251
0.025,0.2617993877991494,301
0.025,0.4363323129985824,381
0.025,0.6108652381980153,435
0.025,0.7853981633974483,426
0.025,0.9599310885968811,515
0.025,1.1344640137963142,569
0.025,1.308996938995747,589
0.025,1.4835298641951802,596
0.025,1.658062789394613,538
0.025,1.8325957145940461,562
0.025,2.007128639793479,496
0.025,2.181661564992912,483
0.025,2.356194490192345,470
0.025,2.530727415391778,443
0.025,2.705260340591211,378
0.025,2.879793265790644,314
0.025,3.0543261909900767,290
0.025,3.2288591161895095,191
0.025,3.4033920413889422,165
0.025,3.577924966588375,152
0.025,3.752457891787808,119
0.025,3.9269908169872414,98
0.025,4.101523742186675,89
0.025,4.276056667386107,87
0.025,4.4505895925855405,94
0.025,4.625122517784973,78
0.025,4.799655442984406,85
0.025,4.974188368183839,90
0.025,5.148721293383272,91
0.025,5.323254218582705,94
0.025,5.497787143782138,119
0.025,5.672320068981571,145
0.025,5.8468529941810035,164
0.025,6.021385919380437,163
0.025,6.19591884457987,231
0.035,0.08726646259971647,275
0.035,0.2617993877991494,306
0.035,0.4363323129985824,372
0.035,0.6108652381980153,432
0.035,0.7853981633974483,463
0.035,0.9599310885968811,531
0.035,1.1344640137963142,509
0.035,1.308996938995747,584
0.035,1.4835298641951802,599
0.035,1.658062789394613,572
0.035,1.8325957145940461,574
0.035,2.007128639793479,566
0.035,2.181661564992912,540
0.035,2.356194490192345,486
0.035,2.530727415391778,479
0.035,2.705260340591211,392
0.035,2.879793265790644,335
0.035,3.0543261909900767,317
0.035,3.2288591161895095,250
0.035,3.4033920413889422,185
0.035,3.577924966588375,163
0.035,3.752457891787808,123
0.035,3.9269908169872414,106
0.035,4.101523742186675,93
0.035,4.276056667386107,89
0.035,4.4505895925855405,81
0.035,4.625122517784973,56
0.035,4.799655442984406,86
0.035,4.974188368183839,91
0.035,5.148721293383272,92
0.035,5.323254218582705,85
0.035,5.497787143782138,113
0.035,5.672320068981571,128
0.035,5.8468529941810035,139
0.035,6.021385919380437,182
0.035,6.19591884457987,217
0.045,0.08726646259971647,260
0.045,0.2617993877991494,333
0.045,0.4363323129985824,396
0.045,0.6108652381980153,414
0.045,0.7853981633974483,469
0.045,0.9599310885968811,519
0.045,1.1344640137963142,557
0.045,1.308996938995747,588
0.045,1.4835298641951802,586
0.045,1.658062789394613,619
0.045,1.8325957145940461,537
0.045,2.007128639793479,544
0.045,2.181661564992912,560
0.045,2.356194490192345,507
0.045,2.530727415391778,456
0.045,2.705260340591211,376
0.045,2.879793265790644,341
0.045,3.0543261909900767,279
0.045,3.2288591161895095,223
0.045,3.4033920413889422,188
0.045,3.577924966588375,168
0.045,3.752457891787808,134
0.045,3.9269908169872414,119
0.045,4.101523742186675,87
0.045,4.276056667386107,81
0.045,4.4505895925855405,81
0.045,4.625122517784973,71
0.045,4.799655442984406,76
0.045,4.974188368183839,89
0.045,5.148721293383272,103
0.045,5.323254218582705,91
0.045,5.497787143782138,98
0.045,5.672320068981571,132
0.045,5.8468529941810035,154
0.045,6.021385919380437,183
0.045,6.19591884457987,230
0.055,0.08726646259971647,291
0.055,0.2617993877991494,337
0.055,0.4363323129985824,373
0.055,0.6108652381980153,429
0.055,0.7853981633974483,503
0.055,0.9599310885968811,480
0.055,1.1344640137963142,575
0.055,1.308996938995747,621
0.055,1.4835298641951802,584
0.055,1.658062789394613,588
0.055,1.8325957145940461,588
0.055,2.007128639793479,532
0.055,2.181661564992912,560
0.055,2.356194490192345,493
0.055,2.530727415391778,443
0.055,2.705260340591211,392
0.055,2.879793265790644,313
0.055,3.0543261909900767,296
0.055,3.2288591161895095,229
0.055,3.4033920413889422,188
0.055,3.577924966588375,162
0.055,3.752457891787808,134
0.055,3.9269908169872414,125
0.055,4.101523742186675,89
0.055,4.276056667386107,99
0.055,4.4505895925855405,71
0.055,4.625122517784973,79
0.055,4.799655442984406,81
0.055,4.974188368183839,79
0.055,5.148721293383272,100
0.055,5.323254218582705,108
0.055,5.497787143782138,117
0.055,5.672320068981571,140
0.055,5.8468529941810035,190
0.055,6.021385919380437,186
0.055,6.19591884457987,250
0.065,0.08726646259971647,260
0.065,0.2617993877991494,317
0.065,0.4363323129985824,373
0.065,0.6108652381980153,442
0.065,0.7853981633974483,479
0.065,0.9599310885968811,555
0.065,1.1344640137963142,550
0.065,1.308996938995747,545
0.065,1.4835298641951802,621
0.065,1.658062789394613,613
0.065,1.8325957145940461,525
0.065,2.007128639793479,500
0.065,2.181661564992912,493
0.065,2.356194490192345,462
0.065,2.530727415391778,386
0.065,2.705260340591211,376
0.065,2.879793265790644,318
0.065,3.0543261909900767,285
0.065,3.2288591161895095,260
0.065,3.4033920413889422,215
0.065,3.577924966588375,182
0.065,3.752457891787808,123
0.065,3.9269908169872414,127
0.065,4.101523742186675,105
0.065,4.276056667386107,86
0.065,4.4505895925855405,91
0.065,4.625122517784973,90
0.065,4.799655442984406,74
0.065,4.974188368183839,91
0.065,5.148721293383272,79
0.065,5.323254218582705,100
0.065,5.497787143782138,105
0.065,5.672320068981571,152
0.065,5.8468529941810035,159
0.065,6.021385919380437,188
0.065,6.19591884457987,236
0.075,0.08726646259971647,271
0.075,0.2617993877991494,346
0.075,0.4363323129985824,380
0.075,0.6108652381980153,419
0.075,0.7853981633974483,507
0.075,0.9599310885968811,473
0.075,1.1344640137963142,578
0.075,1.308996938995747,582
0.075,1.4835298641951802,565
0.075,1.658062789394613,564
0.075,1.8325957145940461,550
0.075,2.007128639793479,556
0.075,2.181661564992912,475
0.075,2.356194490192345,483
0.075,2.530727415391778,428
0.075,2.705260340591211,377
0.075,2.879793265790644,324
0.075,3.0543261909900767,283
0.075,3.2288591161895095,226
0.075,3.4033920413889422,191
0.075,3.577924966588375,185
0.075,3.752457891787808,149
0.075,3.9269908169872414,129
0.075,4.101523742186675,113
0.075,4.276056667386107,99
0.075,4.4505895925855405,81
0.075,4.625122517784973,69
0.075,4.799655442984406,82
0.075,4.974188368183839,77
0.075,5.148721293383272,75
0.075,5.323254218582705,105
0.075,5.497787143782138,114
0.075,5.672320068981571,134
0.075,5.8468529941810035,157
0.075,6.021385919380437,190
0.075,6.19591884457987,246
0.085,0.08726646259971647,234
0.085,0.2617993877991494,314
0.085,0.4363323129985824,373
0.085,0.6108652381980153,421
0.085,0.7853981633974483,511
0.085,0.9599310885968811,525
0.085,1.1344640137963142,534
0.085,1.308996938995747,593
0.085,1.4835298641951802,616
0.085,1.658062789394613,570
0.085,1.8325957145940461,589
0.085,2.007128639793479,528
0.085,2.181661564992912,479
0.085,2.356194490192345,475
0.085,2.530727415391778,416
0.085,2.705260340591211,343
0.085,2.879793265790644,342
0.085,3.0543261909900767,278
0.085,3.2288591161895095,234
0.085,3.4033920413889422,194
0.085,3.577924966588375,163
0.085,3.752457891787808,120
0.085,3.9269908169872414,98
0.085,4.101523742186675,100
0.085,4.276056667386107,81
0.085,4.4505895925855405,72
0.085,4.625122517784973,73
0.085,4.799655442984406,69
0.085,4.974188368183839,68
0.085,5.148721293383272,76
0.085,5.323254218582705,67
0.085,5.497787143782138,107
0.085,5.672320068981571,102
0.085,5.8468529941810035,146
0.085,6.021385919380437,176
0.085,6.19591884457987,215
0.095,0.08726646259971647,253
0.095,0.2617993877991494,327
0.095,0.4363323129985824,362
0.095,0.6108652381980153,404
0.095,0.7853981633974483,460
0.095,0.9599310885968811,532
0.095,1.1344640137963142,520
0.095,1.308996938995747,583
0.095,1.4835298641951802,582
0.095,1.658062789394613,585
0.095,1.8325957145940461,595
0.095,2.007128639793479,547
0.095,2.181661564992912,501
0.095,2.356194490192345,474
0.095,2.530727415391778,407
0.095,2.705260340591211,365
0.095,2.879793265790644,349
0.095,3.0543261909900767,272
0.095,3.2288591161895095,224
0.095,3.4033920413889422,177
0.095,3.577924966588375,146
0.095,3.752457891787808,128
0.095,3.9269908169872414,110
0.095,4.101523742186675,98
0.095,4.276056667386107,76
0.095,4.4505895925855405,72
0.095,4.625122517784973,78
0.095,4.799655442984406,63
0.095,4.974188368183839,67
0.095,5.148721293383272,81
0.095,5.323254218582705,88
0.095,5.497787143782138,114
0.095,5.672320068981571,139
0.095,5.8468529941810035,151
0.095,6.021385919380437,199
0.095,6.19591884457987,228
0.105,0.08726646259971647,253
0.105,0.2617993877991494,294
0.105,0.4363323129985824,364
0.105,0.6108652381980153,420
0.105,0.7853981633974483,450
0.105,0.9599310885968811,469
0.105,1.1344640137963142,521
0.105,1.308996938995747,573
0.105,1.4835298641951802,536
0.105,1.658062789394613,572
0.105,1.8325957145940461,605
0.105,2.007128639793479,529
0.105,2.181661564992912,546
0.105,2.356194490192345,480
0.105,2.530727415391778,413
0.105,2.705260340591211,343
0.105,2.879793265790644,294
0.105,3.0543261909900767,238
0.105,3.2288591161895095,179
0.105,3.4033920413889422,163
0.105,3.577924966588375,150
0.105,3.752457891787808,121
0.105,3.9269908169872414,106
0.105,4.101523742186675,86
0.105,4.276056667386107,84
0.105,4.4505895925855405,63
0.105,4.625122517784973,75
0.105,4.799655442984406,59
0.105,4.974188368183839,76
0.105,5.148721293383272,84
0.105,5.323254218582705,82
0.105,5.497787143782138,102
0.105,5.672320068981571,125
0.105,5.8468529941810035,137
0.105,6.021385919380437,190
0.105,6.19591884457987,242
0.115,0.08726646259971647,359
0.115,0.2617993877991494,318
0.115,0.4363323129985824,371
0.115,0.6108652381980153,424
0.115,0.7853981633974483,496
0.115,0.9599310885968811,530
0.115,1.1344640137963142,556
0.115,1.308996938995747,615
0.115,1.4835298641951802,613
0.115,1.658062789394613,598
0.115,1.8325957145940461,608
0.115,2.007128639793479,600
0.115,2.181661564992912,572
0.115,2.356194490192345,443
0.115,2.530727415391778,434
0.115,2.705260340591211,343
0.115,2.879793265790644,309
0.115,3.0543261909900767,227
0.115,3.2288591161895095,193
0.115,3.4033920413889422,148
0.115,3.577924966588375,125
0.115,3.752457891787808,120
0.115,3.9269908169872414,106
0.115,4.101523742186675,86
0.115,4.276056667386107,71
0.115,4.4505895925855405,65
0.115,4.625122517784973,77
0.115,4.799655442984406,86
0.115,4.974188368183839,79
0.115,5.148721293383272,73
0.115,5.323254218582705,92
0.115,5.497787143782138,109
0.115,5.672320068981571,146
0.115,5.8468529941810035,143
0.115,6.021385919380437,217
0.115,6.19591884457987,241
0.125,0.08726646259971647,271
0.125,0.2617993877991494,311
0.125,0.4363323129985824,389
0.125,0.6108652381980153,439
0.125,0.7853981633974483,480
0.125,0.9599310885968811,581
0.125,1.1344640137963142,590
0.125,1.308996938995747,610
0.125,1.4835298641951802,638
0.125,1.658062789394613,629
0.125,1.8325957145940461,630
0.125,2.007128639793479,568
0.125,2.181661564992912,565
0.125,2.356194490192345,493
0.125,2.530727415391778,432
0.125,2.705260340591211,395
0.125,2.879793265790644,323
0.125,3.0543261909900767,274
0.125,3.2288591161895095,242
0.125,3.4033920413889422,216
0.125,3.577924966588375,140
0.125,3.752457891787808,115
0.125,3.9269908169872414,118
0.125,4.101523742186675,87
0.125,4.276056667386107,83
0.125,4.4505895925855405,82
0.125,4.625122517784973,78
0.125,4.799655442984406,77
0.125,4.974188368183839,74
0.125,5.148721293383272,83
0.125,5.323254218582705,91
0.125,5.497787143782138,119
0.125,5.672320068981571,143
0.125,5.8468529941810035,170
0.125,6.021385919380437,206
0.125,6.19591884457987,245
0.135,0.08726646259971647,279
0.135,0.2617993877991494,331
0.135,0.4363323129985824,383
0.135,0.6108652381980153,439
0.135,0.7853981633974483,462
0.135,0.9599310885968811,549
0.135,1.1344640137963142,596
0.135,1.308996938995747,589
0.135,1.4835298641951802,601
0.135,1.658062789394613,615
0.135,1.8325957145940461,659
0.135,2.007128639793479,598
0.135,2.181661564992912,525
0.135,2.356194490192345,499
0.135,2.530727415391778,427
0.135,2.705260340591211,397
0.135,2.879793265790644,369
0.135,3.0543261909900767,292
0.135,3.2288591161895095,250
0.135,3.4033920413889422,226
0.135,3.577924966588375,177
0.135,3.752457891787808,152
0.135,3.9269908169872414,141
0.135,4.101523742186675,107
0.135,4.276056667386107,93
0.135,4.4505895925855405,85
0.135,4.625122517784973,81
0.135,4.799655442984406,83
0.135,4.974188368183839,78
0.135,5.148721293383272,95
0.135,5.323254218582705,103
0.135,5.497787143782138,126
0.135,5.672320068981571,108
0.135,5.8468529941810035,170
0.135,6.021385919380437,178
0.135,6.19591884457987,226
0.145,0.08726646259971647,288
0.145,0.2617993877991494,339
0.145,0.4363323129985824,359
0.145,0.6108652381980153,426
0.145,0.7853981633974483,509
0.145,0.9599310885968811,556
0.145,1.1344640137963142,600
0.145,1.308996938995747,657
0.145,1.4835298641951802,581
0.145,1.658062789394613,598
0.145,1.8325957145940461,643
0.145,2.007128639793479,605
0.145,2.181661564992912,552
0.145,2.356194490192345,523
0.145,2.530727415391778,474
0.145,2.705260340591211,417
0.145,2.879793265790644,363
0.145,3.0543261909900767,299
0.145,3.2288591161895095,271
0.145,3.4033920413889422,230
0.145,3.577924966588375,184
0.145,3.752457891787808,147
0.145,3.9269908169872414,112
0.145,4.101523742186675,104
0.145,4.276056667386107,102
0.145,4.4505895925855405,91
0.145,4.625122517784973,90
0.145,4.799655442984406,89
0.145,4.974188368183839,104
0.145,5.148721293383272,86
0.145,5.323254218582705,105
0.145,5.497787143782138,125
0.145,5.672320068981571,135
0.145,5.8468529941810035,162
0.145,6.021385919380437,197
0.145,6.19591884457987,234
0.155,0.08726646259971647,283
0.155,0.2617993877991494,344
0.155,0.4363323129985824,439
0.155,0.6108652381980153,446
0.155,0.7853981633974483,510
0.155,0.9599310885968811,570
0.155,1.1344640137963142,589
0.155,1.308996938995747,673
0.155,1.4835298641951802,639
0.155,1.658062789394613,619
0.155,1.8325957145940461,638
0.155,2.007128639793479,580
0.155,2.181661564992912,547
0.155,2.356194490192345,515
0.155,2.530727415391778,485
0.155,2.705260340591211,416
0.155,2.879793265790644,376
0.155,3.0543261909900767,325
0.155,3.2288591161895095,258
0.155,3.4033920413889422,189
0.155,3.577924966588375,172
0.155,3.752457891787808,133
0.155,3.9269908169872414,127
0.155,4.101523742186675,112
0.155,4.276056667386107,104
0.155,4.4505895925855405,110
0.155,4.625122517784973,94
0.155,4.799655442984406,102
0.155,4.974188368183839,90
0.155,5.148721293383272,94
0.155,5.323254218582705,132
0.155,5.497787143782138,129
0.155,5.672320068981571,135
0.155,5.8468529941810035,152
0.155,6.021385919380437,195
0.155,6.19591884457987,239
0.165,0.08726646259971647,322
0.165,0.2617993877991494,353
0.165,0.4363323129985824,436
0.165,0.6108652381980153,506
0.165,0.7853981633974483,569
0.165,0.9599310885968811,612
0.165,1.1344640137963142,647
0.165,1.308996938995747,648
0.165,1.4835298641951802,650
0.165,1.658062789394613,655
0.165,1.8325957145940461,649
0.165,2.007128639793479,634
0.165,2.181661564992912,597
0.165,2.356194490192345,514
0.165,2.530727415391778,509
0.165,2.705260340591211,416
0.165,2.879793265790644,378
0.165,3.0543261909900767,331
0.165,3.2288591161895095,236
0.165,3.4033920413889422,223
0.165,3.577924966588375,168
0.165,3.752457891787808,158
0.165,3.9269908169872414,124
0.165,4.101523742186675,139
0.165,4.276056667386107,113
0.165,4.4505895925855405,103
0.165,4.625122517784973,93
0.165,4.799655442984406,97
0.165,4.974188368183839,91
0.165,5.148721293383272,91
0.165,5.323254218582705,108
0.165,5.497787143782138,147
0.165,5.672320068981571,161
0.165,5.8468529941810035,190
0.165,6.021385919380437,219
0.165,6.19591884457987,249
0.175,0.08726646259971647,355
0.175,0.2617993877991494,416
0.175,0.4363323129985824,434
0.175,0.6108652381980153,501
0.175,0.7853981633974483,560
0.175,0.9599310885968811,613
0.175,1.1344640137963142,653
0.175,1.308996938995747,669
0.175,1.4835298641951802,648
0.175,1.658062789394613,645
0.175,1.8325957145940461,651
0.175,2.007128639793479,648
0.175,2.181661564992912,605
0.175,2.356194490192345,597
0.175,2.530727415391778,473
0.175,2.705260340591211,431
0.175,2.879793265790644,407
0.175,3.0543261909900767,334
0.175,3.2288591161895095,273
0.175,3.4033920413889422,234
0.175,3.577924966588375,201
0.175,3.752457891787808,164
0.175,3.9269908169872414,154
0.175,4.101523742186675,135
0.175,4.276056667386107,127
0.175,4.4505895925855405,116
0.175,4.625122517784973,110
0.175,4.799655442984406,98
0.175,4.974188368183839,90
0.175,5.148721293383272,108
0.175,5.323254218582705,119
0.175,5.497787143782138,154
0.175,5.672320068981571,168
0.175,5.8468529941810035,201
0.175,6.021385919380437,243
0.175,6.19591884457987,305
0.185,0.08726646259971647,338
0.185,0.2617993877991494,411
0.185,0.4363323129985824,466
0.185,0.6108652381980153,557
0.185,0.7853981633974483,609
0.185,0.9599310885968811,680
0.185,1.1344640137963142,728
0.185,1.308996938995747,763
0.185,1.4835298641951802,739
0.185,1.658062789394613,727
0.185,1.8325957145940461,676
0.185,2.007128639793479,718
0.185,2.181661564992912,663
0.185,2.356194490192345,633
0.185,2.530727415391778,598
0.185,2.705260340591211,519
0.185,2.879793265790644,444
0.185,3.0543261909900767,374
0.185,3.2288591161895095,287
0.185,3.4033920413889422,256
0.185,3.577924966588375,213
0.185,3.752457891787808,196
0.185,3.9269908169872414,137
0.185,4.101523742186675,117
0.185,4.276056667386107,114
0.185,4.4505895925855405,110
0.185,4.625122517784973,120
0.185,4.799655442984406,110
0.185,4.974188368183839,103
0.185,5.148721293383272,136
0.185,5.323254218582705,135
0.185,5.497787143782138,147
0.185,5.672320068981571,170
0.185,5.8468529941810035,223
0.185,6.021385919380437,253
0.185,6.19591884457987,323
0.195,0.08726646259971647,400
0.195,0.2617993877991494,503
0.195,0.4363323129985824,529
0.195,0.6108652381980153,620
0.195,0.7853981633974483,723
0.195,0.9599310885968811,732
0.195,1.1344640137963142,773
0.195,1.308996938995747,780
0.195,1.4835298641951802,825
0.195,1.658062789394613,856
0.195,1.8325957145940461,837
0.195,2.007128639793479,813
0.195,2.181661564992912,754
0.195,2.356194490192345,697
0.195,2.530727415391778,610
0.195,2.705260340591211,536
0.195,2.879793265790644,474
0.195,3.0543261909900767,411
0.195,3.2288591161895095,331
0.195,3.4033920413889422,275
0.195,3.577924966588375,232
0.195,3.752457891787808,213
0.195,3.9269908169872414,164
0.195,4.101523742186675,173
0.195,4.276056667386107,153
0.195,4.4505895925855405,149
0.195,4.625122517784973,128
0.195,4.799655442984406,120
0.195,4.974188368183839,123
0.195,5.148721293383272,128
0.195,5.323254218582705,157
0.195,5.497787143782138,170
0.195,5.672320068981571,199
0.195,5.8468529941810035,240
0.195,6.021385919380437,265
0.195,6.19591884457987,330
0.205,0.08726646259971647,446
0.205,0.2617993877991494,542
0.205,0.4363323129985824,578
0.205,0.6108652381980153,668
0.205,0.7853981633974483,732
0.205,0.9599310885968811,809
0.205,1.1344640137963142,820
0.205,1.308996938995747,816
0.205,1.4835298641951802,873
0.205,1.658062789394613,936
0.205,1.8325957145940461,820
0.205,2.007128639793479,820
0.205,2.181661564992912,772
0.205,2.356194490192345,747
0.205,2.530727415391778,692
0.205,2.705260340591211,572
0.205,2.879793265790644,492
0.205,3.0543261909900767,442
0.205,3.2288591161895095,369
0.205,3.4033920413889422,309
0.205,3.577924966588375,241
0.205,3.752457891787808,224
0.205,3.9269908169872414,184
0.205,4.101523742186675,158
0.205,4.276056667386107,143
0.205,4.4505895925855405,136
0.205,4.625122517784973,123
0.205,4.799655442984406,122
0.205,4.974188368183839,123
0.205,5.148721293383272,144
0.205,5.323254218582705,138
0.205,5.497787143782138,165
0.205,5.672320068981571,211
0.205,5.8468529941810035,288
0.205,6.021385919380437,315
0.205,6.19591884457987,392
0.215,0.08726646259971647,455
0.215,0.2617993877991494,540
0.215,0.4363323129985824,622
0.215,0.6108652381980153,659
0.215,0.7853981633974483,736
0.215,0.9599310885968811,850
0.215,1.1344640137963142,871
0.215,1.308996938995747,962
0.215,1.4835298641951802,986
0.215,1.658062789394613,949
0.215,1.8325957145940461,925
0.215,2.007128639793479,872
0.215,2.181661564992912,844
0.215,2.356194490192345,772
0.215,2.530727415391778,655
0.215,2.705260340591211,598
0.215,2.879793265790644,521
0.215,3.0543261909900767,452
0.215,3.2288591161895095,372
0.215,3.4033920413889422,314
0.215,3.577924966588375,250
0.215,3.752457891787808,212
0.215,3.9269908169872414,198
0.215,4.101523742186675,148
0.215,4.276056667386107,155
0.215,4.4505895925855405,171
0.215,4.625122517784973,125
0.215,4.799655442984406,133
0.215,4.974188368183839,156
0.215,5.148721293383272,145
0.215,5.323254218582705,167
0.215,5.497787143782138,226
0.215,5.672320068981571,231
0.215,5.8468529941810035,277
0.215,6.021385919380437,353
0.215,6.19591884457987,399
0.225,0.08726646259971647,482
0.225,0.2617993877991494,565
0.225,0.4363323129985824,641
0.225,0.6108652381980153,752
0.225,0.7853981633974483,819
0.225,0.9599310885968811,849
0.225,1.1344640137963142,886
0.225,1.308996938995747,932
0.225,1.4835298641951802,1013
0.225,1.658062789394613,890
0.225,1.8325957145940461,991
0.225,2.007128639793479,880
0.225,2.181661564992912,912
0.225,2.356194490192345,796
0.225,2.530727415391778,686
0.225,2.705260340591211,589
0.225,2.879793265790644,528
0.225,3.0543261909900767,448
0.225,3.2288591161895095,369
0.225,3.4033920413889422,340
0.225,3.577924966588375,278
0.225,3.752457891787808,256
0.225,3.9269908169872414,201
0.225,4.101523742186675,170
0.225,4.276056667386107,153
0.225,4.4505895925855405,146
0.225,4.625122517784973,137
0.225,4.799655442984406,137
0.225,4.974188368183839,137
0.225,5.148721293383272,148
0.225,5.323254218582705,193
0.225,5.497787143782138,206
0.225,5.672320068981571,246
0.225,5.8468529941810035,282
0.225,6.021385919380437,340
0.225,6.19591884457987,404
0.235,0.08726646259971647,518
0.235,0.2617993877991494,598
0.235,0.4363323129985824,671
0.235,0.6108652381980153,818
0.235,0.7853981633974483,807
0.235,0.9599310885968811,961
0.235,1.1344640137963142,1001
0.235,1.308996938995747,1055
0.235,1.4835298641951802,1022
0.235,1.658062789394613,1031
0.235,1.8325957145940461,1083
0.235,2.007128639793479,941
0.235,2.181661564992912,897
0.235,2.356194490192345,813
0.235,2.530727415391778,746
0.235,2.705260340591211,621
0.235,2.879793265790644,612
0.235,3.0543261909900767,475
0.235,3.2288591161895095,378
0.235,3.4033920413889422,342
0.235,3.577924966588375,265
0.235,3.752457891787808,220
0.235,3.9269908169872414,215
0.235,4.101523742186675,199
0.235,4.276056667386107,172
0.235,4.4505895925855405,165
0.235,4.625122517784973,134
0.235,4.799655442984406,179
0.235,4.974188368183839,151
0.235,5.148721293383272,173
0.235,5.323254218582705,188
0.235,5.497787143782138,250
0.235,5.672320068981571,286
0.235,5.8468529941810035,331
0.235,6.021385919380437,380
0.235,6.19591884457987,470
0.245,0.08726646259971647,547
0.245,0.2617993877991494,615
0.245,0.4363323129985824,695
0.245,0.6108652381980153,798
0.245,0.7853981633974483,904
0.245,0.9599310885968811,986
0.245,1.1344640137963142,1117
0.245,1.308996938995747,1096
0.245,1.4835298641951802,1212
0.245,1.658062789394613,1189
0.245,1.8325957145940461,1142
0.245,2.007128639793479,1023
0.245,2.181661564992912,987
0.245,2.356194490192345,928
0.245,2.530727415391778,824
0.245,2.705260340591211,654
0.245,2.879793265790644,595
0.245,3.0543261909900767,486
0.245,3.2288591161895095,425
0.245,3.4033920413889422,360
0.245,3.577924966588375,288
0.245,3.752457891787808,231
0.245,3.9269908169872414,207
0.245,4.101523742186675,211
0.245,4.276056667386107,173
0.245,4.4505895925855405,178
0.245,4.625122517784973,169
0.245,4.799655442984406,173
0.245,4.974188368183839,182
0.245,5.148721293383272,185
0.245,5.323254218582705,205
0.245,5.497787143782138,257
0.245,5.672320068981571,284
0.245,5.8468529941810035,310
0.245,6.021385919380437,387
0.245,6.19591884457987,455
0.255,0.08726646259971647,540
0.255,0.2617993877991494,642
0.255,0.4363323129985824,750
0.255,0.6108652381980153,774
0.255,0.7853981633974483,906
0.255,0.9599310885968811,1039
0.255,1.1344640137963142,1066
0.255,1.308996938995747,1123
0.255,1.4835298641951802,1268
0.255,1.658062789394613,1247
0.255,1.8325957145940461,1182
0.255,2.007128639793479,1131
0.255,2.181661564992912,1042
0.255,2.356194490192345,940
0.255,2.530727415391778,839
0.255,2.705260340591211,729
0.255,2.879793265790644,628
0.255,3.0543261909900767,489
0.255,3.2288591161895095,472
0.255,3.4033920413889422,389
0.255,3.577924966588375,304
0.255,3.752457891787808,274
0.255,3.9269908169872414,240
0.255,4.101523742186675,220
0.255,4.276056667386107,190
0.255,4.4505895925855405,167
0.255,4.625122517784973,170
0.255,4.799655442984406,165
0.255,4.974188368183839,174
0.255,5.148721293383272,205
0.255,5.323254218582705,225
0.255,5.497787143782138,248
0.255,5.672320068981571,306
0.255,5.8468529941810035,377
0.255,6.021385919380437,369
0.255,6.19591884457987,440
0.265,0.08726646259971647,568
0.265,0.2617993877991494,580
0.265,0.4363323129985824,760
0.265,0.6108652381980153,822
0.265,0.7853981633974483,1005
0.265,0.9599310885968811,1082
0.265,1.1344640137963142,1178
0.265,1.308996938995747,1215
0.265,1.4835298641951802,1297
0.265,1.658062789394613,1287
0.265,1.8325957145940461,1227
0.265,2.007128639793479,1215
0.265,2.181661564992912,1111
0.265,2.356194490192345,969
0.265,2.530727415391778,926
0.265,2.705260340591211,748
0.265,2.879793265790644,683
0.265,3.0543261909900767,561
0.265,3.2288591161895095,440
0.265,3.4033920413889422,372
0.265,3.577924966588375,338
0.265,3.752457891787808,311
0.265,3.9269908169872414,237
0.265,4.101523742186675,241
0.265,4.276056667386107,184
0.265,4.4505895925855405,191
0.265,4.625122517784973,170
0.265,4.799655442984406,171
0.265,4.974188368183839,204
0.265,5.148721293383272,201
0.265,5.323254218582705,221
0.265,5.497787143782138,244
0.265,5.672320068981571,278
0.265,5.8468529941810035,319
0.265,6.021385919380437,411
0.265,6.19591884457987,446
0.275,0.08726646259971647,579
0.275,0.2617993877991494,659
0.275,0.4363323129985824,802
0.275,0.6108652381980153,923
0.275,0.7853981633974483,1032
0.275,0.9599310885968811,1143
0.275,1.1344640137963142,1215
0.275,1.308996938995747,1353
0.275,1.4835298641951802,1365
0.275,1.658062789394613,1405
0.275,1.8325957145940461,1327
0.275,2.007128639793479,1226
0.275,2.181661564992912,1161
0.275,2.356194490192345,1070
0.275,2.530727415391778,928
0.275,2.705260340591211,860
0.275,2.879793265790644,748
0.275,3.0543261909900767,594
0.275,3.2288591161895095,518
0.275,3.4033920413889422,391
0.275,3.577924966588375,356
0.275,3.752457891787808,325
0.275,3.9269908169872414,239
0.275,4.101523742186675,237
0.275,4.276056667386107,226
0.275,4.4505895925855405,207
0.275,4.625122517784973,231
0.275,4.799655442984406,208
0.275,4.974188368183839,216
0.275,5.148721293383272,217
0.275,5.323254218582705,203
0.275,5.497787143782138,249
0.275,5.672320068981571,277
0.275,5.8468529941810035,323
0.275,6.021385919380437,428
0.275,6.19591884457987,506
0.285,0.08726646259971647,598
0.285,0.2617993877991494,729
0.285,0.4363323129985824,831
0.285,0.6108652381980153,922
0.285,0.7853981633974483,1104
0.285,0.9599310885968811,1278
0.285,1.1344640137963142,1383
0.285,1.308996938995747,1415
0.285,1.4835298641951802,1472
0.285,1.658062789394613,1609
0.285,1.8325957145940461,1524
0.285,2.007128639793479,1420
0.285,2.181661564992912,1253
0.285,2.356194490192345,1177
0.285,2.530727415391778,1027
0.285,2.705260340591211,892
0.285,2.879793265790644,770
0.285,3.0543261909900767,634
0.285,3.2288591161895095,560
0.285,3.4033920413889422,464
0.285,3.577924966588375,373
0.285,3.752457891787808,311
0.285,3.9269908169872414,283
0.285,4.101523742186675,266
0.285,4.276056667386107,251
0.285,4.4505895925855405,246
0.285,4.625122517784973,219
0.285,4.799655442984406,241
0.285,4.974188368183839,209
0.285,5.148721293383272,218
0.285,5.323254218582705,237
0.285,5.497787143782138,243
0.285,5.672320068981571,317
0.285,5.8468529941810035,377
0.285,6.021385919380437,407
0.285,6.19591884457987,478
0.295,0.08726646259971647,581
0.295,0.2617993877991494,697
0.295,0.4363323129985824,850
0.295,0.6108652381980153,929
0.295,0.7853981633974483,1125
0.295,0.9599310885968811,1281
0.295,1.1344640137963142,1432
0.295,1.308996938995747,1593
0.295,1.4835298641951802,1556
0.295,1.658062789394613,1664
0.295,1.8325957145940461,1560
0.295,2.007128639793479,1444
0.295,2.181661564992912,1296
0.295,2.356194490192345,1185
0.295,2.530727415391778,1010
0.295,2.705260340591211,892
0.295,2.879793265790644,758
0.295,3.0543261909900767,606
0.295,3.2288591161895095,515
0.295,3.4033920413889422,421
0.295,3.577924966588375,430
0.295,3.752457891787808,345
0.295,3.9269908169872414,313
0.295,4.101523742186675,277
0.295,4.276056667386107,273
0.295,4.4505895925855405,256
0.295,4.625122517784973,257
0.295,4.799655442984406,260
0.295,4.974188368183839,237
0.295,5.148721293383272,243
0.295,5.323254218582705,283
0.295,5.497787143782138,279
0.295,5.672320068981571,302
0.295,5.8468529941810035,369
0.295,6.021385919380437,427
0.295,6.19591884457987,504
0.305,0.08726646259971647,615
0.305,0.2617993877991494,712
0.305,0.4363323129985824,857
0.305,0.6108652381980153,1047
0.305,0.7853981633974483,1182
0.305,0.9599310885968811,1369
0.305,1.1344640137963142,1483
0.305,1.308996938995747,1626
0.305,1.4835298641951802,1725
0.305,1.658062789394613,1714
0.305,1.8325957145940461,1566
0.305,2.007128639793479,1525
0.305,2.181661564992912,1318
0.305,2.356194490192345,1244
0.305,2.530727415391778,1049
0.305,2.705260340591211,905
0.305,2.879793265790644,749
0.305,3.0543261909900767,674
0.305,3.2288591161895095,531
0.305,3.4033920413889422,469
0.305,3.577924966588375,384
0.305,3.752457891787808,322
0.305,3.9269908169872414,310
0.305,4.101523742186675,244
0.305,4.276056667386107,256
0.305,4.4505895925855405,235
0.305,4.625122517784973,260
0.305,4.799655442984406,255
0.305,4.974188368183839,243
0.305,5.148721293383272,238
0.305,5.323254218582705,242
0.305,5.497787143782138,264
0.305,5.672320068981571,326
0.305,5.8468529941810035,357
0.305,6.021385919380437,462
0.305,6.19591884457987,559
0.315,0.08726646259971647,666
0.315,0.2617993877991494,719
0.315,0.4363323129985824,893
0.315,0.6108652381980153,997
0.315,0.7853981633974483,1200
0.315,0.9599310885968811,1362
0.315,1.1344640137963142,1557
0.315,1.308996938995747,1691
0.315,1.4835298641951802,1771
0.315,1.658062789394613,1756
0.315,1.8325957145940461,1669
0.315,2.007128639793479,1576
0.315,2.181661564992912,1435
0.315,2.356194490192345,1273
0.315,2.530727415391778,1050
0.315,2.705260340591211,959
0.315,2.879793265790644,865
0.315,3.0543261909900767,722
0.315,3.2288591161895095,597
0.315,3.4033920413889422,504
0.315,3.577924966588375,430
0.315,3.752457891787808,313
0.315,3.9269908169872414,285
0.315,4.101523742186675,253
0.315,4.276056667386107,263
0.315,4.4505895925855405,274
0.315,4.625122517784973,258
0.315,4.799655442984406,216
0.315,4.974188368183839,221
0.315,5.148721293383272,252
0.315,5.323254218582705,252
0.315,5.497787143782138,293
0.315,5.672320068981571,323
0.315,5.8468529941810035,398
0.315,6.021385919380437,462
0.315,6.19591884457987,566
0.325,0.08726646259971647,669
0.325,0.2617993877991494,729
0.325,0.4363323129985824,966
0.325,0.6108652381980153,1027
0.325,0.7853981633974483,1320
0.325,0.9599310885968811,1355
0.325,1.1344640137963142,1637
0.325,1.308996938995747,1728
0.325,1.4835298641951802,1845
0.325,1.658062789394613,1812
0.325,1.8325957145940461,1736
0.325,2.007128639793479,1590
0.325,2.181661564992912,1445
0.325,2.356194490192345,1239
0.325,2.530727415391778,1125
0.325,2.705260340591211,931
0.325,2.879793265790644,800
0.325,3.0543261909900767,694
0.325,3.2288591161895095,592
0.325,3.4033920413889422,445
0.325,3.577924966588375,382
0.325,3.752457891787808,349
0.325,3.9269908169872414,279
0.325,4.101523742186675,288
0.325,4.276056667386107,228
0.325,4.4505895925855405,212
0.325,4.625122517784973,226
0.325,4.799655442984406,230
0.325,4.974188368183839,271
0.325,5.148721293383272,227
0.325,5.323254218582705,254
0.325,5.497787143782138,296
0.325,5.672320068981571,325
0.325,5.8468529941810035,442
0.325,6.021385919380437,503
0.325,6.19591884457987,575
0.335,0.08726646259971647,744
0.335,0.2617993877991494,853
0.335,0.4363323129985824,969
0.335,0.6108652381980153,1134
0.335,0.7853981633974483,1277
0.335,0.9599310885968811,1435
0.335,1.1344640137963142,1548
0.335,1.308996938995747,1717
0.335,1.4835298641951802,1916
0.335,1.658062789394613,1852
0.335,1.8325957145940461,1767
0.335,2.007128639793479,1662
0.335,2.181661564992912,1513
0.335,2.356194490192345,1283
0.335,2.530727415391778,1135
0.335,2.705260340591211,986
0.335,2.879793265790644,814
0.335,3.0543261909900767,688
0.335,3.2288591161895095,574
0.335,3.4033920413889422,496
0.335,3.577924966588375,453
0.335,3.752457891787808,355
0.335,3.9269908169872414,298
0.335,4.101523742186675,279
0.335,4.276056667386107,261
0.335,4.4505895925855405,228
0.335,4.625122517784973,230
0.335,4.799655442984406,230
0.335,4.974188368183839,230
0.335,5.148721293383272,233
0.335,5.323254218582705,253
0.335,5.497787143782138,310
0.335,5.672320068981571,368
0.335,5.8468529941810035,410
0.335,6.021385919380437,491
0.335,6.19591884457987,561
0.345,0.08726646259971647,734
0.345,0.2617993877991494,832
0.345,0.4363323129985824,960
0.345,0.6108652381980153,1167
0.345,0.7853981633974483,1342
0.345,0.9599310885968811,1459
0.345,1.1344640137963142,1764
0.345,1.308996938995747,1778
0.345,1.4835298641951802,1852
0.345,1.658062789394613,1916
0.345,1.8325957145940461,1748
0.345,2.007128639793479,1661
0.345,2.181661564992912,1476
0.345,2.356194490192345,1364
0.345,2.530727415391778,1178
0.345,2.705260340591211,980
0.345,2.879793265790644,831
0.345,3.0543261909900767,723
0.345,3.2288591161895095,634
0.345,3.4033920413889422,534
0.345,3.577924966588375,446
0.345,3.752457891787808,359
0.345,3.9269908169872414,306
0.345,4.101523742186675,264
0.345,4.276056667386107,300
0.345,4.4505895925855405,262
0.345,4.625122517784973,236
0.345,4.799655442984406,266
0.345,4.974188368183839,236
0.345,5.148721293383272,273
0.345,5.323254218582705,269
0.345,5.497787143782138,315
0.345,5.672320068981571,379
0.345,5.8468529941810035,453
0.345,6.021385919380437,501
0.345,6.19591884457987,591
0.355,0.08726646259971647,717
0.355,0.2617993877991494,856
0.355,0.4363323129985824,1008
0.355,0.6108652381980153,1190
0.355,0.7853981633974483,1296
0.355,0.9599310885968811,1506
0.355,1.1344640137963142,1694
0.355,1.308996938995747,1881
0.355,1.4835298641951802,1944
0.355,1.658062789394613,1909
0.355,1.8325957145940461,1839
0.355,2.007128639793479,1616
0.355,2.181661564992912,1584
0.355,2.356194490192345,1402
0.355,2.530727415391778,1215
0.355,2.705260340591211,964
0.355,2.879793265790644,873
0.355,3.0543261909900767,670
0.355,3.2288591161895095,577
0.355,3.4033920413889422,487
0.355,3.577924966588375,445
0.355,3.752457891787808,371
0.355,3.9269908169872414,297
0.355,4.101523742186675,289
0.355,4.276056667386107,243
0.355,4.4505895925855405,256
0.355,4.625122517784973,244
0.355,4.799655442984406,249
0.355,4.974188368183839,213
0.355,5.148721293383272,254
0.355,5.323254218582705,263
0.355,5.497787143782138,330
0.355,5.672320068981571,383
0.355,5.8468529941810035,440
0.355,6.021385919380437,528
0.355,6.19591884457987,588
0.365,0.08726646259971647,731
0.365,0.2617993877991494,875
0.365,0.4363323129985824,1022
0.365,0.6108652381980153,1135
0.365,0.7853981633974483,1374
0.365,0.9599310885968811,1574
0.365,1.1344640137963142,1839
0.365,1.308996938995747,1848
0.365,1.4835298641951802,1989
0.365,1.658062789394613,2011
0.365,1.8325957145940461,1896
0.365,2.007128639793479,1779
0.365,2.181661564992912,1646
0.365,2.356194490192345,1388
0.365,2.530727415391778,1265
0.365,2.705260340591211,1049
0.365,2.879793265790644,802
0.365,3.0543261909900767,748
0.365,3.2288591161895095,667
0.365,3.4033920413889422,526
0.365,3.577924966588375,468
0.365,3.752457891787808,384
0.365,3.9269908169872414,328
0.365,4.101523742186675,292
0.365,4.276056667386107,243
0.365,4.4505895925855405,238
0.365,4.625122517784973,258
0.365,4.799655442984406,277
0.365,4.974188368183839,240
0.365,5.148721293383272,273
0.365,5.323254218582705,313
0.365,5.497787143782138,328
0.365,5.672320068981571,379
0.365,5.8468529941810035,433
0.365,6.021385919380437,548
0.365,6.19591884457987,626
0.375,0.08726646259971647,774
0.375,0.2617993877991494,939
0.375,0.4363323129985824,1135
0.375,0.6108652381980153,1228
0.375,0.7853981633974483,1417
0.375,0.9599310885968811,1592
0.375,1.1344640137963142,1810
0.375,1.308996938995747,1902
0.375,1.4835298641951802,1994
0.375,1.658062789394613,1912
0.375,1.8325957145940461,1976
0.375,2.007128639793479,1784
0.375,2.181661564992912,1589
0.375,2.356194490192345,1407
0.375,2.530727415391778,1263
0.375,2.705260340591211,1109
0.375,2.879793265790644,914
0.375,3.0543261909900767,799
0.375,3.2288591161895095,640
0.375,3.4033920413889422,563
0.375,3.577924966588375,473
0.375,3.752457891787808,408
0.375,3.9269908169872414,372
0.375,4.101523742186675,288
0.375,4.276056667386107,294
0.375,4.4505895925855405,232
0.375,4.625122517784973,270
0.375,4.799655442984406,273
0.375,4.974188368183839,295
0.375,5.148721293383272,255
0.375,5.323254218582705,307
0.375,5.497787143782138,326
0.375,5.672320068981571,380
0.375,5.8468529941810035,459
0.375,6.021385919380437,579
0.375,6.19591884457987,607
0.385,0.08726646259971647,812
0.385,0.2617993877991494,904
0.385,0.4363323129985824,1043
0.385,0.6108652381980153,1293
0.385,0.7853981633974483,1409
0.385,0.9599310885968811,1609
0.385,1.1344640137963142,1814
0.385,1.308996938995747,2002
0.385,1.4835298641951802,2040
0.385,1.658062789394613,1990
0.385,1.8325957145940461,1910
0.385,2.007128639793479,1834
0.385,2.181661564992912,1637
0.385,2.356194490192345,1424
0.385,2.530727415391778,1252
0.385,2.705260340591211,1098
0.385,2.879793265790644,938
0.385,3.0543261909900767,796
0.385,3.2288591161895095,716
0.385,3.4033920413889422,598
0.385,3.577924966588375,461
0.385,3.752457891787808,407
0.385,3.9269908169872414,381
0.385,4.101523742186675,351
0.385,4.276056667386107,307
0.385,4.4505895925855405,271
0.385,4.625122517784973,272
0.385,4.799655442984406,259
0.385,4.974188368183839,283
0.385,5.148721293383272,313
0.385,5.323254218582705,312
0.385,5.497787143782138,377
0.385,5.672320068981571,442
0.385,5.8468529941810035,508
0.385,6.021385919380437,572
0.385,6.19591884457987,693
0.395,0.08726646259971647,825
0.395,0.2617993877991494,1015
0.395,0.4363323129985824,1142
0.395,0.6108652381980153,1345
0.395,0.7853981633974483,1454
0.395,0.9599310885968811,1767
0.395,1.1344640137963142,1925
0.395,1.308996938995747,2108
0.395,1.4835298641951802,2121
0.395,1.658062789394613,2049
0.395,1.8325957145940461,2009
0.395,2.007128639793479,1851
0.395,2.181661564992912,1779
0.395,2.356194490192345,1511
0.395,2.530727415391778,1319
0.395,2.705260340591211,1168
0.395,2.879793265790644,937
0.395,3.0543261909900767,825
0.395,3.2288591161895095,689
0.395,3.4033920413889422,581
0.395,3.577924966588375,488
0.395,3.752457891787808,446
0.395,3.9269908169872414,393
0.395,4.101523742186675,345
0.395,4.276056667386107,331
0.395,4.4505895925855405,350
0.395,4.625122517784973,258
0.395,4.799655442984406,343
0.395,4.974188368183839,360
0.395,5.148721293383272,365
0.395,5.323254218582705,385
0.395,5.497787143782138,411
0.395,5.672320068981571,471
0.395,5.8468529941810035,523
0.395,6.021385919380437,600
0.395,6.19591884457987,695
0.405,0.08726646259971647,845
0.405,0.2617993877991494,1071
0.405,0.4363323129985824,1254
0.405,0.6108652381980153,1432
0.405,0.7853981633974483,1630
0.405,0.9599310885968811,1914
0.405,1.1344640137963142,1979
0.405,1.308996938995747,2063
0.405,1.4835298641951802,2135
0.405,1.658062789394613,2167
0.405,1.8325957145940461,2174
0.405,2.007128639793479,1968
0.405,2.181661564992912,1824
0.405,2.356194490192345,1617
0.405,2.530727415391778,1372
0.405,2.705260340591211,1217
0.405,2.879793265790644,993
0.405,3.0543261909900767,832
0.405,3.2288591161895095,712
0.405,3.4033920413889422,609
0.405,3.577924966588375,475
0.405,3.752457891787808,477
0.405,3.9269908169872414,416
0.405,4.101523742186675,367
0.405,4.276056667386107,326
0.405,4.4505895925855405,334
0.405,4.625122517784973,289
0.405,4.799655442984406,341
0.405,4.974188368183839,330
0.405,5.148721293383272,332
0.405,5.323254218582705,373
0.405,5.497787143782138,400
0.405,5.672320068981571,449
0.405,5.8468529941810035,546
0.405,6.021385919380437,606
0.405,6.19591884457987,741
0.415,0.08726646259971647,902
0.415,0.2617993877991494,1121
0.415,0.4363323129985824,1239
0.415,0.6108652381980153,1380
0.415,0.7853981633974483,1683
0.415,0.9599310885968811,1853
0.415,1.1344640137963142,2077
0.415,1.308996938995747,2218
0.415,1.4835298641951802,2373
0.415,1.658062789394613,2377
0.415,1.8325957145940461,2322
0.415,2.007128639793479,2037
0.415,2.181661564992912,1907
0.415,2.356194490192345,1722
0.415,2.530727415391778,1522
0.415,2.705260340591211,1268
0.415,2.879793265790644,1061
0.415,3.0543261909900767,936
0.415,3.2288591161895095,761
0.415,3.4033920413889422,656
0.415,3.577924966588375,507
0.415,3.752457891787808,479
0.415,3.9269908169872414,374
0.415,4.101523742186675,381
0.415,4.276056667386107,325
0.415,4.4505895925855405,326
0.415,4.625122517784973,329
0.415,4.799655442984406,323
0.415,4.974188368183839,307
0.415,5.148721293383272,303
0.415,5.323254218582705,357
0.415,5.497787143782138,404
0.415,5.672320068981571,519
0.415,5.8468529941810035,555
0.415,6.021385919380437,599
0.415,6.19591884457987,797
0.425,0.08726646259971647,971
0.425,0.2617993877991494,1102
0.425,0.4363323129985824,1258
0.425,0.6108652381980153,1503
0.425,0.7853981633974483,1780
0.425,0.9599310885968811,1940
0.425,1.1344640137963142,2078
0.425,1.308996938995747,2312
0.425,1.4835298641951802,2377
0.425,1.658062789394613,2319
0.425,1.8325957145940461,2342
0.425,2.007128639793479,2162
0.425,2.181661564992912,1919
0.425,2.356194490192345,1761
0.425,2.530727415391778,1525
0.425,2.705260340591211,1353
0.425,2.879793265790644,1127
0.425,3.0543261909900767,936
0.425,3.2288591161895095,869
0.425,3.4033920413889422,650
0.425,3.577924966588375,538
0.425,3.752457891787808,443
0.425,3.9269908169872414,419
0.425,4.101523742186675,352
0.425,4.276056667386107,320
0.425,4.4505895925855405,317
0.425,4.625122517784973,303
0.425,4.799655442984406,306
0.425,4.974188368183839,319
0.425,5.148721293383272,339
0.425,5.323254218582705,385
0.425,5.497787143782138,398
0.425,5.672320068981571,473
0.425,5.8468529941810035,559
0.425,6.021385919380437,645
0.425,6.19591884457987,789
0.435,0.08726646259971647,978
0.435,0.2617993877991494,1062
0.435,0.4363323129985824,1363
0.435,0.6108652381980153,1552
0.435,0.7853981633974483,1795
0.435,0.9599310885968811,2012
0.435,1.1344640137963142,2248
0.435,1.308996938995747,2417
0.435,1.4835298641951802,2550
0.435,1.658062789394613,2506
0.435,1.8325957145940461,2442
0.435,2.007128639793479,2205
0.435,2.181661564992912,2017
0.435,2.356194490192345,1889
0.435,2.530727415391778,1647
0.435,2.705260340591211,1373
0.435,2.879793265790644,1174
0.435,3.0543261909900767,948
0.435,3.2288591161895095,796
0.435,3.4033920413889422,712
0.435,3.577924966588375,569
0.435,3.752457891787808,463
0.435,3.9269908169872414,409
0.435,4.101523742186675,392
0.435,4.276056667386107,349
0.435,4.4505895925855405,347
0.435,4.625122517784973,303
0.435,4.799655442984406,337
0.435,4.974188368183839,321
0.435,5.148721293383272,331
0.435,5.323254218582705,439
0.435,5.497787143782138,412
0.435,5.672320068981571,532
0.435,5.8468529941810035,559
0.435,6.021385919380437,676
0.435,6.19591884457987,839
0.445,0.08726646259971647,1055
0.445,0.2617993877991494,1151
0.445,0.4363323129985824,1459
0.445,0.6108652381980153,1692
0.445,0.7853981633974483,1928
0.445,0.9599310885968811,2178
0.445,1.1344640137963142,2272
0.445,1.308996938995747,2542
0.445,1.4835298641951802,2605
0.445,1.658062789394613,2621
0.445,1.8325957145940461,2634
0.445,2.007128639793479,2362
0.445,2.181661564992912,2089
0.445,2.356194490192345,2000
0.445,2.530727415391778,1674
0.445,2.705260340591211,1425
0.445,2.879793265790644,1195
0.445,3.0543261909900767,1010
0.445,3.2288591161895095,828
0.445,3.4033920413889422,739
0.445,3.577924966588375,601
0.445,3.752457891787808,502
0.445,3.9269908169872414,457
0.445,4.101523742186675,425
0.445,4.276056667386107,399
0.445,4.4505895925855405,345
0.445,4.625122517784973,331
0.445,4.799655442984406,366
0.445,4.974188368183839,372
0.445,5.148721293383272,363
0.445,5.323254218582705,403
0.445,5.497787143782138,471
0.445,5.672320068981571,544
0.445,5.8468529941810035,625
0.445,6.021385919380437,723
0.445,6.19591884457987,843
0.455,0.08726646259971647,1092
0.455,0.2617993877991494,1322
0.455,0.4363323129985824,1502
0.455,0.6108652381980153,1783
0.455,0.7853981633974483,2014
0.455,0.9599310885968811,2252
0.455,1.1344640137963142,2445
0.455,1.308996938995747,2710
0.455,1.4835298641951802,2690
0.455,1.658062789394613,2751
0.455,1.8325957145940461,2614
0.455,2.007128639793479,2481
0.455,2.181661564992912,2211
0.455,2.356194490192345,1956
0.455,2.530727415391778,1765
0.455,2.705260340591211,1484
0.455,2.879793265790644,1236
0.455,3.0543261909900767,1107
0.455,3.2288591161895095,912
0.455,3.4033920413889422,759
0.455,3.577924966588375,680
0.455,3.752457891787808,559
0.455,3.9269908169872414,511
0.455,4.101523742186675,463
0.455,4.276056667386107,409
0.455,4.4505895925855405,425
0.455,4.625122517784973,367
0.455,4.799655442984406,345
0.455,4.974188368183839,344
0.455,5.148721293383272,379
0.455,5.323254218582705,459
0.455,5.497787143782138,541
0.455,5.672320068981571,559
0.455,5.8468529941810035,654
0.455,6.021385919380437,725
0.455,6.19591884457987,920
0.465,0.08726646259971647,1194
0.465,0.2617993877991494,1434
0.465,0.4363323129985824,1609
0.465,0.6108652381980153,1800
0.465,0.7853981633974483,2112
0.465,0.9599310885968811,2426
0.465,1.1344640137963142,2664
0.465,1.308996938995747,2871
0.465,1.4835298641951802,2924
0.465,1.658062789394613,2829
0.465,1.8325957145940461,2696
0.465,2.007128639793479,2593
0.465,2.181661564992912,2346
0.465,2.356194490192345,2027
0.465,2.530727415391778,1720
0.465,2.705260340591211,1659
0.465,2.879793265790644,1412
0.465,3.0543261909900767,1170
0.465,3.2288591161895095,947
0.465,3.4033920413889422,797
0.465,3.577924966588375,730
0.465,3.752457891787808,586
0.465,3.9269908169872414,488
0.465,4.101523742186675,490
0.465,4.276056667386107,447
0.465,4.4505895925855405,387
0.465,4.625122517784973,387
0.465,4.799655442984406,410
0.465,4.974188368183839,394
0.465,5.148721293383272,411
0.465,5.323254218582705,495
0.465,5.497787143782138,529
0.465,5.672320068981571,609
0.465,5.8468529941810035,677
0.465,6.021385919380437,791
0.465,6.19591884457987,986
0.475,0.08726646259971647,1236
0.475,0.2617993877991494,1503
0.475,0.4363323129985824,1770
0.475,0.6108652381980153,2080
0.475,0.7853981633974483,2371
0.475,0.9599310885968811,2658
0.475,1.1344640137963142,2861
0.475,1.308996938995747,3031
0.475,1.4835298641951802,3098
0.475,1.658062789394613,3024
0.475,1.8325957145940461,2862
0.475,2.007128639793479,2672
0.475,2.181661564992912,2543
0.475,2.356194490192345,2188
0.475,2.530727415391778,1996
0.475,2.705260340591211,1690
0.475,2.879793265790644,1557
0.475,3.0543261909900767,1250
0.475,3.2288591161895095,1057
0.475,3.4033920413889422,866
0.475,3.577924966588375,701
0.475,3.752457891787808,621
0.475,3.9269908169872414,573
0.475,4.101523742186675,475
0.475,4.276056667386107,496
0.475,4.4505895925855405,450
0.475,4.625122517784973,431
0.475,4.799655442984406,447
0.475,4.974188368183839,447
0.475,5.148721293383272,469
0.475,5.323254218582705,517
0.475,5.497787143782138,553
0.475,5.672320068981571,592
0.475,5.8468529941810035,748
0.475,6.021385919380437,918
0.475,6.19591884457987,1007
0.485,0.08726646259971647,1381
0.485,0.2617993877991494,1681
0.485,0.4363323129985824,1958
0.485,0.6108652381980153,2289
0.485,0.7853981633974483,2534
0.485,0.9599310885968811,2906
0.485,1.1344640137963142,3169
0.485,1.308996938995747,3296
0.485,1.4835298641951802,3325
0.485,1.658062789394613,3480
0.485,1.8325957145940461,3315
0.485,2.007128639793479,3090
0.485,2.181661564992912,2754
0.485,2.356194490192345,2508
0.485,2.530727415391778,2274
0.485,2.705260340591211,1929
0.485,2.879793265790644,1641
0.485,3.0543261909900767,1332
0.485,3.2288591161895095,1112
0.485,3.4033920413889422,906
0.485,3.577924966588375,783
0.485,3.752457891787808,718
0.485,3.9269908169872414,576
0.485,4.101523742186675,531
0.485,4.276056667386107,520
0.485,4.4505895925855405,514
0.485,4.625122517784973,487
0.485,4.799655442984406,490
0.485,4.974188368183839,507
0.485,5.148721293383272,547
0.485,5.323254218582705,573
0.485,5.497787143782138,671
0.485,5.672320068981571,773
0.485,5.8468529941810035,860
0.485,6.021385919380437,991
0.485,6.19591884457987,1114
0.495,0.08726646259971647,1493
0.495,0.2617993877991494,1779
0.495,0.4363323129985824,2181
0.495,0.6108652381980153,2453
0.495,0.7853981633974483,2818
0.495,0.9599310885968811,3007
0.495,1.1344640137963142,3425
0.495,1.308996938995747,3688
0.495,1.4835298641951802,3812
0.495,1.658062789394613,3809
0.495,1.8325957145940461,3608
0.495,2.007128639793479,3349
0.495,2.181661564992912,3053
0.495,2.356194490192345,2836
0.495,2.530727415391778,2372
0.495,2.705260340591211,2028
0.495,2.879793265790644,1781
0.495,3.0543261909900767,1473
0.495,3.2288591161895095,1305
0.495,3.4033920413889422,1044
0.495,3.577924966588375,886
0.495,3.752457891787808,780
0.495,3.9269908169872414,674
0.495,4.101523742186675,625
0.495,4.276056667386107,546
0.495,4.4505895925855405,535
0.495,4.625122517784973,540
0.495,4.799655442984406,506
0.495,4.974188368183839,576
0.495,5.148721293383272,621
0.495,5.323254218582705,637
0.495,5.497787143782138,681
0.495,5.672320068981571,773
0.495,5.8468529941810035,891
0.495,6.021385919380437,1008
0.495,6.19591884457987,1331
0.505,0.08726646259971647,1723
0.505,0.2617993877991494,2010
0.505,0.4363323129985824,2294
0.505,0.6108652381980153,2643
0.505,0.7853981633974483,3103
0.505,0.9599310885968811,3425
0.505,1.1344640137963142,3724
0.505,1.308996938995747,3945
0.505,1.4835298641951802,4003
0.505,1.658062789394613,4030
0.505,1.8325957145940461,4025
0.505,2.007128639793479,3663
0.505,2.181661564992912,3395
0.505,2.356194490192345,3049
0.505,2.530727415391778,2668
0.505,2.705260340591211,2234
0.505,2.879793265790644,1881
0.505,3.0543261909900767,1597
0.505,3.2288591161895095,1423
0.505,3.4033920413889422,1160
0.505,3.577924966588375,977
0.505,3.752457891787808,852
0.505,3.9269908169872414,765
0.505,4.101523742186675,656
0.505,4.276056667386107,590
0.505,4.4505895925855405,569
0.505,4.625122517784973,581
0.505,4.799655442984406,543
0.505,4.974188368183839,596
0.505,5.148721293383272,608
0.505,5.323254218582705,682
0.505,5.497787143782138,717
0.505,5.672320068981571,831
0.505,5.8468529941810035,1012
0.505,6.021385919380437,1164
0.505,6.19591884457987,1452
0.515,0.08726646259971647,1922
0.515,0.2617993877991494,2128
0.515,0.4363323129985824,2632
0.515,0.6108652381980153,3064
0.515,0.7853981633974483,3379
0.515,0.9599310885968811,3929
0.515,1.1344640137963142,4220
0.515,1.308996938995747,4485
0.515,1.4835298641951802,4499
0.515,1.658062789394613,4597
0.515,1.8325957145940461,4391
0.515,2.007128639793479,4138
0.515,2.181661564992912,3730
0.515,2.356194490192345,3316
0.515,2.530727415391778,3027
0.515,2.705260340591211,2542
0.515,2.879793265790644,2163
0.515,3.0543261909900767,1773
0.515,3.2288591161895095,1552
0.515,3.4033920413889422,1288
0.515,3.577924966588375,1104
0.515,3.752457891787808,907
0.515,3.9269908169872414,813
0.515,4.101523742186675,728
0.515,4.276056667386107,676
0.515,4.4505895925855405,640
0.515,4.625122517784973,627
0.515,4.799655442984406,660
0.515,4.974188368183839,684
0.515,5.148721293383272,717
0.515,5.323254218582705,742
0.515,5.497787143782138,849
0.515,5.672320068981571,874
0.515,5.8468529941810035,1140
0.515,6.021385919380437,1302
0.515,6.19591884457987,1533
0.525,0.08726646259971647,2082
0.525,0.2617993877991494,2487
0.525,0.4363323129985824,2918
0.525,0.6108652381980153,3371
0.525,0.7853981633974483,3856
0.525,0.9599310885968811,4297
0.525,1.1344640137963142,4745
0.525,1.308996938995747,5080
0.525,1.4835298641951802,5182
0.525,1.658062789394613,5233
0.525,1.8325957145940461,5039
0.525,2.007128639793479,4593
0.525,2.181661564992912,4209
0.525,2.356194490192345,3823
0.525,2.530727415391778,3235
0.525,2.705260340591211,2769
0.525,2.879793265790644,2405
0.525,3.0543261909900767,1986
0.525,3.2288591161895095,1682
0.525,3.4033920413889422,1455
0.525,3.577924966588375,1203
0.525,3.752457891787808,1028
0.525,3.9269908169872414,878
0.525,4.101523742186675,815
0.525,4.276056667386107,781
0.525,4.4505895925855405,709
0.525,4.625122517784973,719
0.525,4.799655442984406,706
0.525,4.974188368183839,700
0.525,5.148721293383272,784
0.525,5.323254218582705,838
0.525,5.497787143782138,892
0.525,5.672320068981571,1098
0.525,5.8468529941810035,1256
0.525,6.021385919380437,1545
0.525,6.19591884457987,1676
0.535,0.08726646259971647,2237
0.535,0.2617993877991494,2736
0.535,0.4363323129985824,3163
0.535,0.6108652381980153,3761
0.535,0.7853981633974483,4235
0.535,0.9599310885968811,4832
0.535,1.1344640137963142,5224
0.535,1.308996938995747,5462
0.535,1.4835298641951802,5756
0.535,1.658062789394613,5641
0.535,1.8325957145940461,5459
0.535,2.007128639793479,5045
0.535,2.181661564992912,4762
0.535,2.356194490192345,4088
0.535,2.530727415391778,3511
0.535,2.705260340591211,3111
0.535,2.879793265790644,2580
0.535,3.0543261909900767,2261
0.535,3.2288591161895095,1839
0.535,3.4033920413889422,1533
0.535,3.577924966588375,1314
0.535,3.752457891787808,1127
0.535,3.9269908169872414,1025
0.535,4.101523742186675,847
0.535,4.276056667386107,848
0.535,4.4505895925855405,775
0.535,4.625122517784973,753
0.535,4.799655442984406,784
0.535,4.974188368183839,756
0.535,5.148721293383272,825
0.535,5.323254218582705,912
0.535,5.497787143782138,992
0.535,5.672320068981571,1183
0.535,5.8468529941810035,1382
0.535,6.021385919380437,1574
0.535,6.19591884457987,1849
0.545,0.08726646259971647,2320
0.545,0.2617993877991494,2835
0.545,0.4363323129985824,3375
0.545,0.6108652381980153,3983
0.545,0.7853981633974483,4601
0.545,0.9599310885968811,5046
0.545,1.1344640137963142,5762
0.545,1.308996938995747,6049
0.545,1.4835298641951802,6161
0.545,1.658062789394613,6190
0.545,1.8325957145940461,6059
0.545,2.007128639793479,5554
0.545,2.181661564992912,4913
0.545,2.356194490192345,4465
0.545,2.530727415391778,3800
0.545,2.705260340591211,3285
0.545,2.879793265790644,2768
0.545,3.0543261909900767,2311
0.545,3.2288591161895095,1998
0.545,3.4033920413889422,1683
0.545,3.577924966588375,1427
0.545,3.752457891787808,1198
0.545,3.9269908169872414,1120
0.545,4.101523742186675,976
0.545,4.276056667386107,873
0.545,4.4505895925855405,908
0.545,4.625122517784973,856
0.545,4.799655442984406,839
0.545,4.974188368183839,868
0.545,5.148721293383272,942
0.545,5.323254218582705,983
0.545,5.497787143782138,1126
0.545,5.672320068981571,1263
0.545,5.8468529941810035,1434
0.545,6.021385919380437,1699
0.545,6.19591884457987,2008
0.555,0.08726646259971647,2572
0.555,0.2617993877991494,3090
0.555,0.4363323129985824,3644
0.555,0.6108652381980153,4128
0.555,0.7853981633974483,4898
0.555,0.9599310885968811,5515
0.555,1.1344640137963142,6160
0.555,1.308996938995747,6603
0.555,1.4835298641951802,6851
0.555,1.658062789394613,6729
0.555,1.8325957145940461,6485
0.555,2.007128639793479,5970
0.555,2.181661564992912,5486
0.555,2.356194490192345,4813
0.555,2.530727415391778,4143
0.555,2.705260340591211,3680
0.555,2.879793265790644,3104
0.555,3.0543261909900767,2513
0.555,3.2288591161895095,2177
0.555,3.4033920413889422,1853
0.555,3.577924966588375,1587
0.555,3.752457891787808,1373
0.555,3.9269908169872414,1183
0.555,4.101523742186675,1105
0.555,4.276056667386107,1043
0.555,4.4505895925855405,939
0.555,4.625122517784973,965
0.555,4.799655442984406,928
0.555,4.974188368183839,998
0.555,5.148721293383272,1037
0.555,5.323254218582705,1072
0.555,5.497787143782138,1126
0.555,5.672320068981571,1312
0.555,5.8468529941810035,1543
0.555,6.021385919380437,1944
0.555,6.19591884457987,2219
0.565,0.08726646259971647,2813
0.565,0.2617993877991494,3377
0.565,0.4363323129985824,3880
0.565,0.6108652381980153,4700
0.565,0.7853981633974483,5336
0.565,0.9599310885968811,5984
0.565,1.1344640137963142,6801
0.565,1.308996938995747,7106
0.565,1.4835298641951802,7467
0.565,1.658062789394613,7344
0.565,1.8325957145940461,6949
0.565,2.007128639793479,6467
0.565,2.181661564992912,5817
0.565,2.356194490192345,5274
0.565,2.530727415391778,4567
0.565,2.705260340591211,3895
0.565,2.879793265790644,3346
0.565,3.0543261909900767,2808
0.565,3.2288591161895095,2299
0.565,3.4033920413889422,2004
0.565,3.577924966588375,1765
0.565,3.752457891787808,1487
0.565,3.9269908169872414,1309
0.565,4.101523742186675,1160
0.565,4.276056667386107,1105
0.565,4.4505895925855405,1062
0.565,4.625122517784973,1058
0.565,4.799655442984406,1058
0.565,4.974188368183839,1030
0.565,5.148721293383272,1092
0.565,5.323254218582705,1137
0.565,5.497787143782138,1278
0.565,5.672320068981571,1374
0.565,5.8468529941810035,1674
0.565,6.021385919380437,1965
0.565,6.19591884457987,2266
0.575,0.08726646259971647,3062
0.575,0.2617993877991494,3608
0.575,0.4363323129985824,4284
0.575,0.6108652381980153,4959
0.575,0.7853981633974483,5827
0.575,0.9599310885968811,6474
0.575,1.1344640137963142,7074
0.575,1.308996938995747,7625
0.575,1.4835298641951802,7795
0.575,1.658062789394613,7948
0.575,1.8325957145940461,7586
0.575,2.007128639793479,7028
0.575,2.181661564992912,6256
0.575,2.356194490192345,5666
0.575,2.530727415391778,4845
0.575,2.705260340591211,4195
0.575,2.879793265790644,3679
0.575,3.0543261909900767,2892
0.575,3.2288591161895095,2557
0.575,3.4033920413889422,2232
0.575,3.577924966588375,1882
0.575,3.752457891787808,1650
0.575,3.9269908169872414,1423
0.575,4.101523742186675,1261
0.575,4.276056667386107,1249
0.575,4.4505895925855405,1128
0.575,4.625122517784973,1130
0.575,4.799655442984406,1110
0.575,4.974188368183839,1106
0.575,5.148721293383272,1200
0.575,5.323254218582705,1214
0.575,5.497787143782138,1330
0.575,5.672320068981571,1579
0.575,5.8468529941810035,1869
0.575,6.021385919380437,2120
0.575,6.19591884457987,2622
0.585,0.08726646259971647,3306
0.585,0.2617993877991494,3888
0.585,0.4363323129985824,4629
0.585,0.6108652381980153,5168
0.585,0.7853981633974483,6038
0.585,0.9599310885968811,7131
0.585,1.1344640137963142,7672
0.585,1.308996938995747,8236
0.585,1.4835298641951802,8647
0.585,1.658062789394613,8552
0.585,1.8325957145940461,8344
0.585,2.007128639793479,7621
0.585,2.181661564992912,6874
0.585,2.356194490192345,5953
0.585,2.530727415391778,5379
0.585,2.705260340591211,4522
0.585,2.879793265790644,3900
0.585,3.0543261909900767,3162
0.585,3.2288591161895095,2744
0.585,3.4033920413889422,2289
0.585,3.577924966588375,1979
0.585,3.752457891787808,1730
0.585,3.9269908169872414,1450
0.585,4.101523742186675,1394
0.585,4.276056667386107,1277
0.585,4.4505895925855405,1272
0.585,4.625122517784973,1180
0.585,4.799655442984406,1193
0.585,4.974188368183839,1253
0.585,5.148721293383272,1286
0.585,5.323254218582705,1398
0.585,5.497787143782138,1468
0.585,5.672320068981571,1630
0.585,5.8468529941810035,1929
0.585,6.021385919380437,2337
0.585,6.19591884457987,2776
0.595,0.08726646259971647,3384
0.595,0.2617993877991494,4190
0.595,0.4363323129985824,4927
0.595,0.6108652381980153,5670
0.595,0.7853981633974483,6550
0.595,0.9599310885968811,7459
0.595,1.1344640137963142,8265
0.595,1.308996938995747,9048
0.595,1.4835298641951802,9362
0.595,1.658062789394613,9394
0.595,1.8325957145940461,9071
0.595,2.007128639793479,8583
0.595,2.181661564992912,7407
0.595,2.356194490192345,6509
0.595,2.530727415391778,5704
0.595,2.705260340591211,4822
0.595,2.879793265790644,4126
0.595,3.0543261909900767,3450
0.595,3.2288591161895095,2924
0.595,3.4033920413889422,2498
0.595,3.577924966588375,2093
0.595,3.752457891787808,1770
0.595,3.9269908169872414,1660
0.595,4.101523742186675,1538
0.595,4.276056667386107,1431
0.595,4.4505895925855405,1301
0.595,4.625122517784973,1356
0.595,4.799655442984406,1337
0.595,4.974188368183839,1383
0.595,5.148721293383272,1358
0.595,5.323254218582705,1464
0.595,5.497787143782138,1498
0.595,5.672320068981571,1789
0.595,5.8468529941810035,2027
0.595,6.021385919380437,2428
0.595,6.19591884457987,2849
0.605,0.08726646259971647,3652
0.605,0.2617993877991494,4384
0.605,0.4363323129985824,5231
0.605,0.6108652381980153,6104
0.605,0.7853981633974483,6937
0.605,0.9599310885968811,7961
0.605,1.1344640137963142,8914
0.605,1.308996938995747,9701
0.605,1.4835298641951802,10058
0.605,1.658062789394613,10144
0.605,1.8325957145940461,9671
0.605,2.007128639793479,8917
0.605,2.181661564992912,7778
0.605,2.356194490192345,6864
0.605,2.530727415391778,5970
0.605,2.705260340591211,5014
0.605,2.879793265790644,4240
0.605,3.0543261909900767,3569
0.605,3.2288591161895095,2992
0.605,3.4033920413889422,2601
0.605,3.577924966588375,2199
0.605,3.752457891787808,1943
0.605,3.9269908169872414,1692
0.605,4.101523742186675,1610
0.605,4.276056667386107,1495
0.605,4.4505895925855405,1451
0.605,4.625122517784973,1520
0.605,4.799655442984406,1417
0.605,4.974188368183839,1446
0.605,5.148721293383272,1465
0.605,5.323254218582705,1510
0.605,5.497787143782138,1640
0.605,5.672320068981571,1925
0.605,5.8468529941810035,2203
0.605,6.021385919380437,2561
0.605,6.19591884457987,3103
0.615,0.08726646259971647,3782
0.615,0.2617993877991494,4687
0.615,0.4363323129985824,5460
0.615,0.6108652381980153,6394
0.615,0.7853981633974483,7537
0.615,0.9599310885968811,8483
0.615,1.1344640137963142,9448
0.615,1.308996938995747,10402
0.615,1.4835298641951802,10728
0.615,1.658062789394613,10880
0.615,1.8325957145940461,10509
0.615,2.007128639793479,9426
0.615,2.181661564992912,8354
0.615,2.356194490192345,7354
0.615,2.530727415391778,6274
0.615,2.705260340591211,5332
0.615,2.879793265790644,4589
0.615,3.0543261909900767,3901
0.615,3.2288591161895095,3206
0.615,3.4033920413889422,2727
0.615,3.577924966588375,2390
0.615,3.752457891787808,2007
0.615,3.9269908169872414,1845
0.615,4.101523742186675,1608
0.615,4.276056667386107,1530
0.615,4.4505895925855405,1538
0.615,4.625122517784973,1476
0.615,4.799655442984406,1518
0.615,4.974188368183839,1538
0.615,5.148721293383272,1548
0.615,5.323254218582705,1651
0.615,5.497787143782138,1804
0.615,5.672320068981571,2069
0.615,5.8468529941810035,2256
0.615,6.021385919380437,2759
0.615,6.19591884457987,3210
0.625,0.08726646259971647,3948
0.625,0.2617993877991494,4646
0.625,0.4363323129985824,5632
0.625,0.6108652381980153,6497
0.625,0.7853981633974483,7777
0.625,0.9599310885968811,8789
0.625,1.1344640137963142,10019
0.625,1.308996938995747,11188
0.625,1.4835298641951802,11300
0.625,1.658062789394613,11349
0.625,1.8325957145940461,11301
0.625,2.007128639793479,10138
0.625,2.181661564992912,8831
0.625,2.356194490192345,7785
0.625,2.530727415391778,6633
0.625,2.705260340591211,5755
0.625,2.879793265790644,5001
0.625,3.0543261909900767,4074
0.625,3.2288591161895095,3362
0.625,3.4033920413889422,2913
0.625,3.577924966588375,2403
0.625,3.752457891787808,2107
0.625,3.9269908169872414,1760
0.625,4.101523742186675,1648
0.625,4.276056667386107,1552
0.625,4.4505895925855405,1524
0.625,4.625122517784973,1515
0.625,4.799655442984406,1517
0.625,4.974188368183839,1521
0.625,5.148721293383272,1583
0.625,5.323254218582705,1681
0.625,5.497787143782138,1816
0.625,5.672320068981571,2142
0.625,5.8468529941810035,2452
0.625,6.021385919380437,2807
0.625,6.19591884457987,3382
0.635,0.08726646259971647,4196
0.635,0.2617993877991494,4766
0.635,0.4363323129985824,5752
0.635,0.6108652381980153,6736
0.635,0.7853981633974483,7952
0.635,0.9599310885968811,9219
0.635,1.1344640137963142,10353
0.635,1.308996938995747,11328
0.635,1.4835298641951802,11805
0.635,1.658062789394613,11847
0.635,1.8325957145940461,11316
0.635,2.007128639793479,10493
0.635,2.181661564992912,9323
0.635,2.356194490192345,8202
0.635,2.530727415391778,7022
0.635,2.705260340591211,5898
0.635,2.879793265790644,4934
0.635,3.0543261909900767,4241
0.635,3.2288591161895095,3489
0.635,3.4033920413889422,2910
0.635,3.577924966588375,2549
0.635,3.752457891787808,2223
0.635,3.9269908169872414,1940
0.635,4.101523742186675,1789
0.635,4.276056667386107,1737
0.635,4.4505895925855405,1596
0.635,4.625122517784973,1614
0.635,4.799655442984406,1639
0.635,4.974188368183839,1723
0.635,5.148721293383272,1616
0.635,5.323254218582705,1736
0.635,5.497787143782138,1943
0.635,5.672320068981571,2201
0.635,5.8468529941810035,2518
0.635,6.021385919380437,2917
0.635,6.19591884457987,3522
0.645,0.08726646259971647,4461
0.645,0.2617993877991494,5166
0.645,0.4363323129985824,6250
0.645,0.6108652381980153,7202
0.645,0.7853981633974483,8482
0.645,0.9599310885968811,9634
0.645,1.1344640137963142,10886
0.645,1.308996938995747,12070
0.645,1.4835298641951802,12377
0.645,1.658062789394613,12375
0.645,1.8325957145940461,12071
0.645,2.007128639793479,10972
0.645,2.181661564992912,9726
0.645,2.356194490192345,8496
0.645,2.530727415391778,7370
0.645,2.705260340591211,6008
0.645,2.879793265790644,5287
0.645,3.0543261909900767,4372
0.645,3.2288591161895095,3615
0.645,3.4033920413889422,2944
0.645,3.577924966588375,2623
0.645,3.752457891787808,2204
0.645,3.9269908169872414,2032
0.645,4.101523742186675,1847
0.645,4.276056667386107,1724
0.645,4.4505895925855405,1682
0.645,4.625122517784973,1612
0.645,4.799655442984406,1652
0.645,4.974188368183839,1687
0.645,5.148721293383272,1761
0.645,5.323254218582705,1904
0.645,5.497787143782138,2140
0.645,5.672320068981571,2281
0.645,5.8468529941810035,2687
0.645,6.021385919380437,3172
0.645,6.19591884457987,3488
0.655,0.08726646259971647,4539
0.655,0.2617993877991494,5310
0.655,0.4363323129985824,6517
0.655,0.6108652381980153,7573
0.655,0.7853981633974483,8793
0.655,0.9599310885968811,10055
0.655,1.1344640137963142,11389
0.655,1.308996938995747,12352
0.655,1.4835298641951802,12770
0.655,1.658062789394613,12936
0.655,1.8325957145940461,12574
0.655,2.007128639793479,11430
0.655,2.181661564992912,10081
0.655,2.356194490192345,8906
0.655,2.530727415391778,7687
0.655,2.705260340591211,6406
0.655,2.879793265790644,5158
0.655,3.0543261909900767,4419
0.655,3.2288591161895095,3663
0.655,3.4033920413889422,3167
0.655,3.577924966588375,2672
0.655,3.752457891787808,2376
0.655,3.9269908169872414,2253
0.655,4.101523742186675,2015
0.655,4.276056667386107,1880
0.655,4.4505895925855405,1840
0.655,4.625122517784973,1824
0.655,4.799655442984406,1822
0.655,4.974188368183839,1881
0.655,5.148721293383272,1905
0.655,5.323254218582705,2077
0.655,5.497787143782138,2300
0.655,5.672320068981571,2537
0.655,5.8468529941810035,2722
0.655,6.021385919380437,3289
0.655,6.19591884457987,3851
0.665,0.08726646259971647,4740
0.665,0.2617993877991494,5630
0.665,0.4363323129985824,6762
0.665,0.6108652381980153,7917
0.665,0.7853981633974483,9267
0.665,0.9599310885968811,10471
0.665,1.1344640137963142,11753
0.665,1.308996938995747,13048
0.665,1.4835298641951802,13700
0.665,1.658062789394613,13548
0.665,1.8325957145940461,12891
0.665,2.007128639793479,11727
0.665,2.181661564992912,10526
0.665,2.356194490192345,9065
0.665,2.530727415391778,7973
0.665,2.705260340591211,6761
0.665,2.879793265790644,5710
0.665,3.0543261909900767,4711
0.665,3.2288591161895095,4028
0.665,3.4033920413889422,3369
0.665,3.577924966588375,2852
0.665,3.752457891787808,2380
0.665,3.9269908169872414,2274
0.665,4.101523742186675,2059
0.665,4.276056667386107,1997
0.665,4.4505895925855405,1961
0.665,4.625122517784973,1925
0.665,4.799655442984406,1835
0.665,4.974188368183839,1952
0.665,5.148721293383272,1991
0.665,5.323254218582705,2157
0.665,5.497787143782138,2344
0.665,5.672320068981571,2577
0.665,5.8468529941810035,2871
0.665,6.021385919380437,3324
0.665,6.19591884457987,4002
0.675,0.08726646259971647,4966
0.675,0.2617993877991494,5853
0.675,0.4363323129985824,6907
0.675,0.6108652381980153,8284
0.675,0.7853981633974483,9537
0.675,0.9599310885968811,10901
0.675,1.1344640137963142,12467
0.675,1.308996938995747,13313
0.675,1.4835298641951802,14182
0.675,1.658062789394613,14010
0.675,1.8325957145940461,13524
0.675,2.007128639793479,12596
0.675,2.181661564992912,11026
0.675,2.356194490192345,9524
0.675,2.530727415391778,8151
0.675,2.705260340591211,6861
0.675,2.879793265790644,5704
0.675,3.0543261909900767,4893
0.675,3.2288591161895095,4096
0.675,3.4033920413889422,3418
0.675,3.577924966588375,2955
0.675,3.752457891787808,2576
0.675,3.9269908169872414,2340
0.675,4.101523742186675,2135
0.675,4.276056667386107,2008
0.675,4.4505895925855405,1963
0.675,4.625122517784973,1938
0.675,4.799655442984406,2014
0.675,4.974188368183839,2059
0.675,5.148721293383272,2135
0.675,5.323254218582705,2219
0.675,5.497787143782138,2371
0.675,5.672320068981571,2560
0.675,5.8468529941810035,2978
0.675,6.021385919380437,3364
0.675,6.19591884457987,4088
0.685,0.08726646259971647,5109
0.685,0.2617993877991494,5754
0.685,0.4363323129985824,6920
0.685,0.6108652381980153,8579
0.685,0.7853981633974483,9828
0.685,0.9599310885968811,11274
0.685,1.1344640137963142,12662
0.685,1.308996938995747,13652
0.685,1.4835298641951802,14499
0.685,1.658062789394613,14563
0.685,1.8325957145940461,13844
0.685,2.007128639793479,12741
0.685,2.181661564992912,11177
0.685,2.356194490192345,9568
0.685,2.530727415391778,8249
0.685,2.705260340591211,7026
0.685,2.879793265790644,6001
0.685,3.0543261909900767,4871
0.685,3.2288591161895095,4255
0.685,3.4033920413889422,3569
0.685,3.577924966588375,3129
0.685,3.752457891787808,2654
0.685,3.9269908169872414,2402
0.685,4.101523742186675,2165
0.685,4.276056667386107,2152
0.685,4.4505895925855405,2005
0.685,4.625122517784973,2016
0.685,4.799655442984406,2013
0.685,4.974188368183839,2109
0.685,5.148721293383272,2203
0.685,5.323254218582705,2126
0.685,5.497787143782138,2424
0.685,5.672320068981571,2664
0.685,5.8468529941810035,3114
0.685,6.021385919380437,3558
0.685,6.19591884457987,4275
0.695,0.08726646259971647,5075
0.695,0.2617993877991494,6192
0.695,0.4363323129985824,7218
0.695,0.6108652381980153,8613
0.695,0.7853981633974483,10155
0.695,0.9599310885968811,11464
0.695,1.1344640137963142,13102
0.695,1.308996938995747,14175
0.695,1.4835298641951802,15170
0.695,1.658062789394613,14681
0.695,1.8325957145940461,14377
0.695,2.007128639793479,12781
0.695,2.181661564992912,11512
0.695,2.356194490192345,9855
0.695,2.530727415391778,8440
0.695,2.705260340591211,7176
0.695,2.879793265790644,6002
0.695,3.0543261909900767,5107
0.695,3.2288591161895095,4391
0.695,3.4033920413889422,3661
0.695,3.577924966588375,3312
0.695,3.752457891787808,2762
0.695,3.9269908169872414,2469
0.695,4.101523742186675,2350
0.695,4.276056667386107,2154
0.695,4.4505895925855405,2124
0.695,4.625122517784973,1996
0.695,4.799655442984406,2045
0.695,4.974188368183839,2083
0.695,5.148721293383272,2193
0.695,5.323254218582705,2303
0.695,5.497787143782138,2493
0.695,5.672320068981571,2716
0.695,5.8468529941810035,3137
0.695,6.021385919380437,3601
0.695,6.19591884457987,4317
0.705,0.08726646259971647,5245
0.705,0.2617993877991494,6164
0.705,0.4363323129985824,7292
0.705,0.6108652381980153,8746
0.705,0.7853981633974483,10250
0.705,0.9599310885968811,11980
0.705,1.1344640137963142,13274
0.705,1.308996938995747,14537
0.705,1.4835298641951802,15261
0.705,1.658062789394613,15169
0.705,1.8325957145940461,14782
0.705,2.007128639793479,13175
0.705,2.181661564992912,11886
0.705,2.356194490192345,10129
0.705,2.530727415391778,8757
0.705,2.705260340591211,7384
0.705,2.879793265790644,6130
0.705,3.0543261909900767,5247
0.705,3.2288591161895095,4444
0.705,3.4033920413889422,3783
0.705,3.577924966588375,3297
0.705,3.752457891787808,2866
0.705,3.9269908169872414,2508
0.705,4.101523742186675,2290
0.705,4.276056667386107,2292
0.705,4.4505895925855405,2131
0.705,4.625122517784973,2045
0.705,4.799655442984406,2033
0.705,4.974188368183839,2179
0.705,5.148721293383272,2208
0.705,5.323254218582705,2354
0.705,5.497787143782138,2495
0.705,5.672320068981571,2708
0.705,5.8468529941810035,3124
0.705,6.021385919380437,3662
0.705,6.19591884457987,4350
0.715,0.08726646259971647,5212
0.715,0.2617993877991494,6090
0.715,0.4363323129985824,7250
0.715,0.6108652381980153,8514
0.715,0.7853981633974483,10193
0.715,0.9599310885968811,11760
0.715,1.1344640137963142,13218
0.715,1.308996938995747,14554
0.715,1.4835298641951802,15262
0.715,1.658062789394613,15189
0.715,1.8325957145940461,14804
0.715,2.007128639793479,13596
0.715,2.181661564992912,11838
0.715,2.356194490192345,10226
0.715,2.530727415391778,8623
0.715,2.705260340591211,7210
0.715,2.879793265790644,6192
0.715,3.0543261909900767,5237
0.715,3.2288591161895095,4268
0.715,3.4033920413889422,3631
0.715,3.577924966588375,3157
0.715,3.752457891787808,2794
0.715,3.9269908169872414,2547
0.715,4.101523742186675,2418
0.715,4.276056667386107,2252
0.715,4.4505895925855405,2120
0.715,4.625122517784973,2115
0.715,4.799655442984406,2067
0.715,4.974188368183839,2115
0.715,5.148721293383272,2265
0.715,5.323254218582705,2289
0.715,5.497787143782138,2383
0.715,5.672320068981571,2711
0.715,5.8468529941810035,3126
0.715,6.021385919380437,3698
0.715,6.19591884457987,4403
0.725,0.08726646259971647,5014
0.725,0.2617993877991494,6002
0.725,0.4363323129985824,7055
0.725,0.6108652381980153,8468
0.725,0.7853981633974483,10121
0.725,0.9599310885968811,11673
0.725,1.1344640137963142,13223
0.725,1.308996938995747,14554
0.725,1.4835298641951802,15047
0.725,1.658062789394613,15079
0.725,1.8325957145940461,14435
0.725,2.007128639793479,12964
0.725,2.181661564992912,11515
0.725,2.356194490192345,9756
0.725,2.530727415391778,8412
0.725,2.705260340591211,7050
0.725,2.879793265790644,6084
0.725,3.0543261909900767,5075
0.725,3.2288591161895095,4186
0.725,3.4033920413889422,3727
0.725,3.577924966588375,3221
0.725,3.752457891787808,2780
0.725,3.9269908169872414,2437
0.725,4.101523742186675,2304
0.725,4.276056667386107,2213
0.725,4.4505895925855405,2189
0.725,4.625122517784973,2062
0.725,4.799655442984406,2057
0.725,4.974188368183839,2072
0.725,5.148721293383272,2139
0.725,5.323254218582705,2269
0.725,5.497787143782138,2488
0.725,5.672320068981571,2801
0.725,5.8468529941810035,3074
0.725,6.021385919380437,3563
0.725,6.19591884457987,4247
0.735,0.08726646259971647,4682
0.735,0.2617993877991494,5468
0.735,0.4363323129985824,6635
0.735,0.6108652381980153,8052
0.735,0.7853981633974483,9615
0.735,0.9599310885968811,11075
0.735,1.1344640137963142,12786
0.735,1.308996938995747,13670
0.735,1.4835298641951802,14421
0.735,1.658062789394613,14337
0.735,1.8325957145940461,13851
0.735,2.007128639793479,12446
0.735,2.181661564992912,11128
0.735,2.356194490192345,9605
0.735,2.530727415391778,7973
0.735,2.705260340591211,6628
0.735,2.879793265790644,5568
0.735,3.0543261909900767,4766
0.735,3.2288591161895095,4046
0.735,3.4033920413889422,3429
0.735,3.577924966588375,2995
0.735,3.752457891787808,2589
0.735,3.9269908169872414,2390
0.735,4.101523742186675,2198
0.735,4.276056667386107,2129
0.735,4.4505895925855405,2069
0.735,4.625122517784973,2032
0.735,4.799655442984406,2142
0.735,4.974188368183839,2029
0.735,5.148721293383272,2104
0.735,5.323254218582705,2272
0.735,5.497787143782138,2300
0.735,5.672320068981571,2571
0.735,5.8468529941810035,2943
0.735,6.021385919380437,3313
0.735,6.19591884457987,3874
0.745,0.08726646259971647,3983
0.745,0.2617993877991494,4835
0.745,0.4363323129985824,6037
0.745,0.6108652381980153,7157
0.745,0.7853981633974483,8585
0.745,0.9599310885968811,10001
0.745,1.1344640137963142,11409
0.745,1.308996938995747,12473
0.745,1.4835298641951802,12927
0.745,1.658062789394613,12856
0.745,1.8325957145940461,12426
0.745,2.007128639793479,11396
0.745,2.181661564992912,9994
0.745,2.356194490192345,8598
0.745,2.530727415391778,7218
0.745,2.705260340591211,5818
0.745,2.879793265790644,4968
0.745,3.0543261909900767,4159
0.745,3.2288591161895095,3607
0.745,3.4033920413889422,3111
0.745,3.577924966588375,2663
0.745,3.752457891787808,2379
0.745,3.9269908169872414,2223
0.745,4.101523742186675,2111
0.745,4.276056667386107,2055
0.745,4.4505895925855405,1997
0.745,4.625122517784973,1910
0.745,4.799655442984406,1935
0.745,4.974188368183839,1955
0.745,5.148721293383272,1987
0.745,5.323254218582705,2032
0.745,5.497787143782138,2182
0.745,5.672320068981571,2326
0.745,5.8468529941810035,2595
0.745,6.021385919380437,2881
0.745,6.19591884457987,3529
0.755,0.08726646259971647,3316
0.755,0.2617993877991494,3968
0.755,0.4363323129985824,4828
0.755,0.6108652381980153,5701
0.755,0.7853981633974483,6771
0.755,0.9599310885968811,8207
0.755,1.1344640137963142,9423
0.755,1.308996938995747,10168
0.755,1.4835298641951802,10397
0.755,1.658062789394613,10470
0.755,1.8325957145940461,10087
0.755,2.007128639793479,9389
0.755,2.181661564992912,8188
0.755,2.356194490192345,7039
0.755,2.530727415391778,5894
0.755,2.705260340591211,4660
0.755,2.879793265790644,3845
0.755,3.0543261909900767,3416
0.755,3.2288591161895095,2903
0.755,3.4033920413889422,2428
0.755,3.577924966588375,2174
0.755,3.752457891787808,1949
0.755,3.9269908169872414,1869
0.755,4.101523742186675,1827
0.755,4.276056667386107,1778
0.755,4.4505895925855405,1705
0.755,4.625122517784973,1704
0.755,4.799655442984406,1672
0.755,4.974188368183839,1711
0.755,5.148721293383272,1666
0.755,5.323254218582705,1789
0.755,5.497787143782138,1795
0.755,5.672320068981571,1906
0.755,5.8468529941810035,2197
0.755,6.021385919380437,2399
0.755,6.19591884457987,2810
0.765,0.08726646259971647,2251
0.765,0.2617993877991494,2725
0.765,0.4363323129985824,3357
0.765,0.6108652381980153,4149
0.765,0.7853981633974483,5088
0.765,0.9599310885968811,5912
0.765,1.1344640137963142,6705
0.765,1.308996938995747,7050
0.765,1.4835298641951802,7315
0.765,1.658062789394613,7126
0.765,1.8325957145940461,7138
0.765,2.007128639793479,6745
0.765,2.181661564992912,6114
0.765,2.356194490192345,5078
0.765,2.530727415391778,4323
0.765,2.705260340591211,3399
0.765,2.879793265790644,2770
0.765,3.0543261909900767,2338
0.765,3.2288591161895095,2038
0.765,3.4033920413889422,1738
0.765,3.577924966588375,1623
0.765,3.752457891787808,1444
0.765,3.9269908169872414,1352
0.765,4.101523742186675,1365
0.765,4.276056667386107,1255
0.765,4.4505895925855405,1251
0.765,4.625122517784973,1252
0.765,4.799655442984406,1210
0.765,4.974188368183839,1273
0.765,5.148721293383272,1367
0.765,5.323254218582705,1232
0.765,5.497787143782138,1306
0.765,5.672320068981571,1309
0.765,5.8468529941810035,1564
0.765,6.021385919380437,1770
0.765,6.19591884457987,2012
0.775,0.08726646259971647,1398
0.775,0.2617993877991494,1738
0.775,0.4363323129985824,2056
0.775,0.6108652381980153,2535
0.775,0.7853981633974483,3000
0.775,0.9599310885968811,3260
0.775,1.1344640137963142,3574
0.775,1.308996938995747,3307
0.775,1.4835298641951802,3291
0.775,1.658062789394613,3329
0.775,1.8325957145940461,3398
0.775,2.007128639793479,3498
0.775,2.181661564992912,3397
0.775,2.356194490192345,3000
0.775,2.530727415391778,2583
0.775,2.705260340591211,2107
0.775,2.879793265790644,1801
0.775,3.0543261909900767,1512
0.775,3.2288591161895095,1218
0.775,3.4033920413889422,1089
0.775,3.577924966588375,931
0.775,3.752457891787808,877
0.775,3.9269908169872414,763
0.775,4.101523742186675,741
0.775,4.276056667386107,698
0.775,4.4505895925855405,632
0.775,4.625122517784973,601
0.775,4.799655442984406,616
0.775,4.974188368183839,701
0.775,5.148721293383272,711
0.775,5.323254218582705,815
0.775,5.497787143782138,816
0.775,5.672320068981571,821
0.775,5.8468529941810035,968
0.775,6.021385919380437,1059
0.775,6.19591884457987,1197
0.785,0.08726646259971647,789
0.785,0.2617993877991494,899
0.785,0.4363323129985824,1078
0.785,0.6108652381980153,1148
0.785,0.7853981633974483,1250
0.785,0.9599310885968811,1075
0.785,1.1344640137963142,866
0.785,1.308996938995747,611
0.785,1.4835298641951802,474
0.785,1.658062789394613,473
0.785,1.8325957145940461,594
0.785,2.007128639793479,905
0.785,2.181661564992912,1181
0.785,2.356194490192345,1347
0.785,2.530727415391778,1250
0.785,2.705260340591211,1121
0.785,2.879793265790644,990
0.785,3.0543261909900767,789
0.785,3.2288591161895095,680
0.785,3.4033920413889422,594
0.785,3.577924966588375,447
0.785,3.752457891787808,419
0.785,3.9269908169872414,324
0.785,4.101523742186675,254
0.785,4.276056667386107,179
0.785,4.4505895925855405,119
0.785,4.625122517784973,80
0.785,4.799655442984406,109
0.785,4.974188368183839,130
0.785,5.148721293383272,206
0.785,5.323254218582705,269
0.785,5.497787143782138,370
0.785,5.672320068981571,456
0.785,5.8468529941810035,477
0.785,6.021385919380437,537
0.785,6.19591884457987,664
0.795,0.08726646259971647,479
0.795,0.2617993877991494,517
0.795,0.4363323129985824,539
0.795,0.6108652381980153,416
0.795,0.7853981633974483,314
0.795,0.9599310885968811,113
0.795,1.1344640137963142,18
0.795,1.308996938995747,4
0.795,1.4835298641951802,1
0.795,1.658062789394613,0
0.795,1.8325957145940461,2
0.795,2.007128639793479,18
0.795,2.181661564992912,109
0.795,2.356194490192345,299
0.795,2.530727415391778,394
0.795,2.705260340591211,545
0.795,2.879793265790644,569
0.795,3.0543261909900767,532
0.795,3.2288591161895095,421
0.795,3.4033920413889422,347
0.795,3.577924966588375,252
0.795,3.752457891787808,161
0.795,3.9269908169872414,91
0.795,4.101523742186675,25
0.795,4.276056667386107,1
0.795,4.4505895925855405,0
0.795,4.625122517784973,2
0.795,4.799655442984406,0
0.795,4.974188368183839,1
0.795,5.148721293383272,3
0.795,5.323254218582705,29
0.795,5.497787143782138,76
0.795,5.672320068981571,163
0.795,5.8468529941810035,222
0.795,6.021385919380437,317
0.795,6.19591884457987,454
0.805,0.08726646259971647,347
0.805,0.2617993877991494,338
0.805,0.4363323129985824,266
0.805,0.6108652381980153,131
0.805,0.7853981633974483,25
0.805,0.9599310885968811,0
0.805,1.1344640137963142,0
0.805,1.308996938995747,0
0.805,1.4835298641951802,0
0.805,1.658062789394613,0
0.805,1.8325957145940461,1
0.805,2.007128639793479,1
0.805,2.181661564992912,0
0.805,2.356194490192345,24
0.805,2.530727415391778,127
0.805,2.705260340591211,282
0.805,2.879793265790644,371
0.805,3.0543261909900767,358
0.805,3.2288591161895095,322
0.805,3.4033920413889422,233
0.805,3.577924966588375,151
0.805,3.752457891787808,70
0.805,3.9269908169872414,16
0.805,4.101523742186675,1
0.805,4.276056667386107,0
0.805,4.4505895925855405,0
0.805,4.625122517784973,0
0.805,4.799655442984406,0
0.805,4.974188368183839,1
0.805,5.148721293383272,0
0.805,5.323254218582705,0
0.805,5.497787143782138,10
0.805,5.672320068981571,53
0.805,5.8468529941810035,144
0.805,6.021385919380437,231
0.805,6.19591884457987,291
0.815,0.08726646259971647,225
0.815,0.2617993877991494,182
0.815,0.4363323129985824,156
0.815,0.6108652381980153,57
0.815,0.7853981633974483,10
0.815,0.9599310885968811,0
0.815,1.1344640137963142,0
0.815,1.308996938995747,0
0.815,1.4835298641951802,0
0.815,1.658062789394613,0
0.815,1.8325957145940461,1
0.815,2.007128639793479,1
0.815,2.181661564992912,0
0.815,2.356194490192345,11
0.815,2.530727415391778,71
0.815,2.705260340591211,142
0.815,2.879793265790644,234
0.815,3.0543261909900767,241
0.815,3.2288591161895095,190
0.815,3.4033920413889422,146
0.815,3.577924966588375,104
0.815,3.752457891787808,38
0.815,3.9269908169872414,5
0.815,4.101523742186675,0
0.815,4.276056667386107,0
0.815,4.4505895925855405,0
0.815,4.625122517784973,0
0.815,4.799655442984406,0
0.815,4.974188368183839,0
0.815,5.148721293383272,1
0.815,5.323254218582705,0
0.815,5.497787143782138,5
0.815,5.672320068981571,29
0.815,5.8468529941810035,96
0.815,6.021385919380437,131
0.815,6.19591884457987,210
0.825,0.08726646259971647,131
0.825,0.2617993877991494,110
0.825,0.4363323129985824,99
0.825,0.6108652381980153,77
0.825,0.7853981633974483,44
0.825,0.9599310885968811,12
0.825,1.1344640137963142,7
0.825,1.308996938995747,0
0.825,1.4835298641951802,1
0.825,1.658062789394613,0
0.825,1.8325957145940461,0
0.825,2.007128639793479,1
0.825,2.181661564992912,18
0.825,2.356194490192345,55
0.825,2.530727415391778,70
0.825,2.705260340591211,94
0.825,2.879793265790644,103
0.825,3.0543261909900767,137
0.825,3.2288591161895095,145
0.825,3.4033920413889422,79
0.825,3.577924966588375,81
0.825,3.752457891787808,30
0.825,3.9269908169872414,19
0.825,4.101523742186675,9
0.825,4.276056667386107,1
0.825,4.4505895925855405,0
0.825,4.625122517784973,0
0.825,4.799655442984406,0
0.825,4.974188368183839,1
0.825,5.148721293383272,1
0.825,5.323254218582705,7
0.825,5.497787143782138,11
0.825,5.672320068981571,37
0.825,5.8468529941810035,62
0.825,6.021385919380437,63
0.825,6.19591884457987,97
0.835,0.08726646259971647,84
0.835,0.2617993877991494,88
0.835,0.4363323129985824,83
0.835,0.6108652381980153,118
0.835,0.7853981633974483,98
0.835,0.9599310885968811,78
0.835,1.1344640137963142,64
0.835,1.308996938995747,35
0.835,1.4835298641951802,27
0.835,1.658062789394613,34
0.835,1.8325957145940461,37
0.835,2.007128639793479,59
0.835,2.181661564992912,61
0.835,2.356194490192345,77
0.835,2.530727415391778,85
0.835,2.705260340591211,91
0.835,2.879793265790644,88
0.835,3.0543261909900767,98
0.835,3.2288591161895095,83
0.835,3.4033920413889422,63
0.835,3.577924966588375,59
0.835,3.752457891787808,55
0.835,3.9269908169872414,32
0.835,4.101523742186675,34
0.835,4.276056667386107,19
0.835,4.4505895925855405,9
0.835,4.625122517784973,11
0.835,4.799655442984406,8
0.835,4.974188368183839,4
0.835,5.148721293383272,21
0.835,5.323254218582705,36
0.835,5.497787143782138,39
0.835,5.672320068981571,50
0.835,5.8468529941810035,49
0.835,6.021385919380437,68
0.835,6.19591884457987,73
0.845,0.08726646259971647,102
0.845,0.2617993877991494,84
0.845,0.4363323129985824,126
0.845,0.6108652381980153,131
0.845,0.7853981633974483,141
0.845,0.9599310885968811,147
0.845,1.1344640137963142,174
0.845,1.308996938995747,176
0.845,1.4835298641951802,150
0.845,1.658062789394613,159
0.845,1.8325957145940461,158
0.845,2.007128639793479,158
0.845,2.181661564992912,149
0.845,2.356194490192345,132
0.845,2.530727415391778,139
0.845,2.705260340591211,109
0.845,2.879793265790644,84
0.845,3.0543261909900767,90
0.845,3.2288591161895095,90
0.845,3.4033920413889422,82
0.845,3.577924966588375,69
0.845,3.752457891787808,65
0.845,3.9269908169872414,51
0.845,4.101523742186675,58
0.845,4.276056667386107,69
0.845,4.4505895925855405,53
0.845,4.625122517784973,52
0.845,4.799655442984406,37
0.845,4.974188368183839,65
0.845,5.148721293383272,55
0.845,5.323254218582705,66
0.845,5.497787143782138,55
0.845,5.672320068981571,53
0.845,5.8468529941810035,62
0.845,6.021385919380437,76
0.845,6.19591884457987,86
0.855,0.08726646259971647,118
0.855,0.2617993877991494,142
0.855,0.4363323129985824,163
0.855,0.6108652381980153,224
0.855,0.7853981633974483,230
0.855,0.9599310885968811,261
0.855,1.1344640137963142,286
0.855,1.308996938995747,299
0.855,1.4835298641951802,302
0.855,1.658062789394613,277
0.855,1.8325957145940461,265
0.855,2.007128639793479,273
0.855,2.181661564992912,225
0.855,2.356194490192345,227
0.855,2.530727415391778,171
0.855,2.705260340591211,163
0.855,2.879793265790644,147
0.855,3.0543261909900767,125
0.855,3.2288591161895095,107
0.855,3.4033920413889422,106
0.855,3.577924966588375,87
0.855,3.752457891787808,97
0.855,3.9269908169872414,76
0.855,4.101523742186675,73
0.855,4.276056667386107,83
0.855,4.4505895925855405,75
0.855,4.625122517784973,91
0.855,4.799655442984406,68
0.855,4.974188368183839,59
0.855,5.148721293383272,86
0.855,5.323254218582705,76
0.855,5.497787143782138,92
0.855,5.672320068981571,73
0.855,5.8468529941810035,89
0.855,6.021385919380437,98
0.855,6.19591884457987,117
0.865,0.08726646259971647,166
0.865,0.2617993877991494,178
0.865,0.4363323129985824,220
0.865,0.6108652381980153,265
0.865,0.7853981633974483,326
0.865,0.9599310885968811,366
0.865,1.1344640137963142,380
0.865,1.308996938995747,418
0.865,1.4835298641951802,418
0.865,1.658062789394613,454
0.865,1.8325957145940461,435
0.865,2.007128639793479,394
0.865,2.181661564992912,346
0.865,2.356194490192345,276
0.865,2.530727415391778,276
0.865,2.705260340591211,209
0.865,2.879793265790644,176
0.865,3.0543261909900767,185
0.865,3.2288591161895095,160
0.865,3.4033920413889422,161
0.865,3.577924966588375,124
0.865,3.752457891787808,114
0.865,3.9269908169872414,113
0.865,4.101523742186675,91
0.865,4.276056667386107,101
0.865,4.4505895925855405,91
0.865,4.625122517784973,88
0.865,4.799655442984406,78
0.865,4.974188368183839,93
0.865,5.148721293383272,73
0.865,5.323254218582705,100
0.865,5.497787143782138,98
0.865,5.672320068981571,110
0.865,5.8468529941810035,119
0.865,6.021385919380437,146
0.865,6.19591884457987,189
0.875,0.08726646259971647,185
0.875,0.2617993877991494,258
0.875,0.4363323129985824,262
0.875,0.6108652381980153,315
0.875,0.7853981633974483,361
0.875,0.9599310885968811,397
0.875,1.1344640137963142,451
0.875,1.308996938995747,511
0.875,1.4835298641951802,476
0.875,1.658062789394613,506
0.875,1.8325957145940461,490
0.875,2.007128639793479,480
0.875,2.181661564992912,424
0.875,2.356194490192345,348
0.875,2.530727415391778,311
0.875,2.705260340591211,309
0.875,2.879793265790644,254
0.875,3.0543261909900767,213
0.875,3.2288591161895095,211
0.875,3.4033920413889422,178
0.875,3.577924966588375,148
0.875,3.752457891787808,133
0.875,3.9269908169872414,119
0.875,4.101523742186675,99
0.875,4.276056667386107,97
0.875,4.4505895925855405,111
0.875,4.625122517784973,85
0.875,4.799655442984406,84
0.875,4.974188368183839,101
0.875,5.148721293383272,107
0.875,5.323254218582705,102
0.875,5.497787143782138,119
0.875,5.672320068981571,105
0.875,5.8468529941810035,154
0.875,6.021385919380437,142
0.875,6.19591884457987,162
0.885,0.08726646259971647,207
0.885,0.2617993877991494,282
0.885,0.4363323129985824,334
0.885,0.6108652381980153,357
0.885,0.7853981633974483,394
0.885,0.9599310885968811,490
0.885,1.1344640137963142,495
0.885,1.308996938995747,500
0.885,1.4835298641951802,543
0.885,1.658062789394613,537
0.885,1.8325957145940461,494
0.885,2.007128639793479,475
0.885,2.181661564992912,436
0.885,2.356194490192345,418
0.885,2.530727415391778,362
0.885,2.705260340591211,322
0.885,2.879793265790644,269
0.885,3.0543261909900767,246
0.885,3.2288591161895095,205
0.885,3.4033920413889422,209
0.885,3.577924966588375,152
0.885,3.752457891787808,140
0.885,3.9269908169872414,113
0.885,4.101523742186675,95
0.885,4.276056667386107,101
0.885,4.4505895925855405,87
0.885,4.625122517784973,82
0.885,4.799655442984406,90
0.885,4.974188368183839,89
0.885,5.148721293383272,94
0.885,5.323254218582705,111
0.885,5.497787143782138,115
0.885,5.672320068981571,123
0.885,5.8468529941810035,148
0.885,6.021385919380437,155
0.885,6.19591884457987,173
0.895,0.08726646259971647,243
0.895,0.2617993877991494,304
0.895,0.4363323129985824,329
0.895,0.6108652381980153,392
0.895,0.7853981633974483,421
0.895,0.9599310885968811,438
0.895,1.1344640137963142,497
0.895,1.308996938995747,529
0.895,1.4835298641951802,579
0.895,1.658062789394613,541
0.895,1.8325957145940461,491
0.895,2.007128639793479,531
0.895,2.181661564992912,487
0.895,2.356194490192345,472
0.895,2.530727415391778,389
0.895,2.705260340591211,307
0.895,2.879793265790644,319
0.895,3.0543261909900767,264
0.895,3.2288591161895095,208
0.895,3.4033920413889422,177
0.895,3.577924966588375,141
0.895,3.752457891787808,109
0.895,3.9269908169872414,105
0.895,4.101523742186675,100
0.895,4.276056667386107,91
0.895,4.4505895925855405,76
0.895,4.625122517784973,87
0.895,4.799655442984406,66
0.895,4.974188368183839,88
0.895,5.148721293383272,103
0.895,5.323254218582705,98
0.895,5.497787143782138,105
0.895,5.672320068981571,144
0.895,5.8468529941810035,135
0.895,6.021385919380437,170
0.895,6.19591884457987,235
0.905,0.08726646259971647,261
0.905,0.2617993877991494,287
0.905,0.4363323129985824,368
0.905,0.6108652381980153,354
0.905,0.7853981633974483,426
0.905,0.9599310885968811,521
0.905,1.1344640137963142,536
0.905,1.308996938995747,561
0.905,1.4835298641951802,547
0.905,1.658062789394613,577
0.905,1.8325957145940461,520
0.905,2.007128639793479,555
0.905,2.181661564992912,537
0.905,2.356194490192345,474
0.905,2.530727415391778,413
0.905,2.705260340591211,340
0.905,2.879793265790644,317
0.905,3.0543261909900767,269
0.905,3.2288591161895095,206
0.905,3.4033920413889422,187
0.905,3.577924966588375,149
0.905,3.752457891787808,137
0.905,3.9269908169872414,108
0.905,4.101523742186675,81
0.905,4.276056667386107,100
0.905,4.4505895925855405,68
0.905,4.625122517784973,60
0.905,4.799655442984406,75
0.905,4.974188368183839,85
0.905,5.148721293383272,77
0.905,5.323254218582705,115
0.905,5.497787143782138,101
0.905,5.672320068981571,118
0.905,5.8468529941810035,149
0.905,6.021385919380437,182
0.905,6.19591884457987,206
0.915,0.08726646259971647,245
0.915,0.2617993877991494,306
0.915,0.4363323129985824,353
0.915,0.6108652381980153,393
0.915,0.7853981633974483,429
0.915,0.9599310885968811,490
0.915,1.1344640137963142,542
0.915,1.308996938995747,548
0.915,1.4835298641951802,509
0.915,1.658062789394613,541
0.915,1.8325957145940461,529
0.915,2.007128639793479,504
0.915,2.181661564992912,506
0.915,2.356194490192345,477
0.915,2.530727415391778,428
0.915,2.705260340591211,369
0.915,2.879793265790644,331
0.915,3.0543261909900767,246
0.915,3.2288591161895095,219
0.915,3.4033920413889422,171
0.915,3.577924966588375,160
0.915,3.752457891787808,114
0.915,3.9269908169872414,96
0.915,4.101523742186675,80
0.915,4.276056667386107,103
0.915,4.4505895925855405,83
0.915,4.625122517784973,76
0.915,4.799655442984406,71
0.915,4.974188368183839,82
0.915,5.148721293383272,78
0.915,5.323254218582705,89
0.915,5.497787143782138,99
0.915,5.672320068981571,98
0.915,5.8468529941810035,147
0.915,6.021385919380437,188
0.915,6.19591884457987,181
0.925,0.08726646259971647,259
0.925,0.2617993877991494,296
0.925,0.4363323129985824,363
0.925,0.6108652381980153,408
0.925,0.7853981633974483,437
0.925,0.9599310885968811,518
0.925,1.1344640137963142,587
0.925,1.308996938995747,547
0.925,1.4835298641951802,586
0.925,1.658062789394613,552
0.925,1.8325957145940461,570
0.925,2.007128639793479,568
0.925,2.181661564992912,472
0.925,2.356194490192345,455
0.925,2.530727415391778,438
0.925,2.705260340591211,394
0.925,2.879793265790644,307
0.925,3.0543261909900767,287
0.925,3.2288591161895095,238
0.925,3.4033920413889422,197
0.925,3.577924966588375,161
0.925,3.752457891787808,108
0.925,3.9269908169872414,116
0.925,4.101523742186675,91
0.925,4.276056667386107,74
0.925,4.4505895925855405,78
0.925,4.625122517784973,90
0.925,4.799655442984406,70
0.925,4.974188368183839,57
0.925,5.148721293383272,81
0.925,5.323254218582705,86
0.925,5.497787143782138,97
0.925,5.672320068981571,120
0.925,5.8468529941810035,140
0.925,6.021385919380437,163
0.925,6.19591884457987,225
0.935,0.08726646259971647,260
0.935,0.2617993877991494,322
0.935,0.4363323129985824,377
0.935,0.6108652381980153,421
0.935,0.7853981633974483,434
0.935,0.9599310885968811,532
0.935,1.1344640137963142,553
0.935,1.308996938995747,559
0.935,1.4835298641951802,531
0.935,1.658062789394613,610
0.935,1.8325957145940461,581
0.935,2.007128639793479,551
0.935,2.181661564992912,476
0.935,2.356194490192345,477
0.935,2.530727415391778,355
0.935,2.705260340591211,365
0.935,2.879793265790644,313
0.935,3.0543261909900767,266
0.935,3.2288591161895095,215
0.935,3.4033920413889422,168
0.935,3.577924966588375,164
0.935,3.752457891787808,131
0.935,3.9269908169872414,105
0.935,4.101523742186675,88
0.935,4.276056667386107,82
0.935,4.4505895925855405,75
0.935,4.625122517784973,79
0.935,4.799655442984406,88
0.935,4.974188368183839,73
0.935,5.148721293383272,90
0.935,5.323254218582705,99
0.935,5.497787143782138,97
0.935,5.672320068981571,125
0.935,5.8468529941810035,149
0.935,6.021385919380437,184
0.935,6.19591884457987,252
0.945,0.08726646259971647,240
0.945,0.2617993877991494,317
0.945,0.4363323129985824,324
0.945,0.6108652381980153,402
0.945,0.7853981633974483,424
0.945,0.9599310885968811,468
0.945,1.1344640137963142,520
0.945,1.308996938995747,542
0.945,1.4835298641951802,564
0.945,1.658062789394613,539
0.945,1.8325957145940461,586
0.945,2.007128639793479,507
0.945,2.181661564992912,506
0.945,2.356194490192345,429
0.945,2.530727415391778,420
0.945,2.705260340591211,348
0.945,2.879793265790644,279
0.945,3.0543261909900767,276
0.945,3.2288591161895095,210
0.945,3.4033920413889422,169
0.945,3.577924966588375,156
0.945,3.752457891787808,148
0.945,3.9269908169872414,130
0.945,4.101523742186675,78
0.945,4.276056667386107,101
0.945,4.4505895925855405,68
0.945,4.625122517784973,83
0.945,4.799655442984406,77
0.945,4.974188368183839,88
0.945,5.148721293383272,77
0.945,5.323254218582705,115
0.945,5.497787143782138,119
0.945,5.672320068981571,159
0.945,5.8468529941810035,154
0.945,6.021385919380437,188
0.945,6.19591884457987,222
0.955,0.08726646259971647,285
0.955,0.2617993877991494,274
0.955,0.4363323129985824,375
0.955,0.6108652381980153,385
0.955,0.7853981633974483,435
0.955,0.9599310885968811,486
0.955,1.1344640137963142,510
0.955,1.308996938995747,524
0.955,1.4835298641951802,530
0.955,1.658062789394613,559
0.955,1.8325957145940461,548
0.955,2.007128639793479,507
0.955,2.181661564992912,492
0.955,2.356194490192345,436
0.955,2.530727415391778,407
0.955,2.705260340591211,364
0.955,2.879793265790644,308
0.955,3.0543261909900767,248
0.955,3.2288591161895095,232
0.955,3.4033920413889422,193
0.955,3.577924966588375,168
0.955,3.752457891787808,154
0.955,3.9269908169872414,122
0.955,4.101523742186675,111
0.955,4.276056667386107,98
0.955,4.4505895925855405,86
0.955,4.625122517784973,113
0.955,4.799655442984406,70
0.955,4.974188368183839,92
0.955,5.148721293383272,80
0.955,5.323254218582705,96
0.955,5.497787143782138,100
0.955,5.672320068981571,145
0.955,5.8468529941810035,157
0.955,6.021385919380437,179
0.955,6.19591884457987,243
0.965,0.08726646259971647,255
0.965,0.2617993877991494,307
0.965,0.4363323129985824,327
0.965,0.6108652381980153,432
0.965,0.7853981633974483,422
0.965,0.9599310885968811,481
0.965,1.1344640137963142,509
0.965,1.308996938995747,593
0.965,1.4835298641951802,572
0.965,1.658062789394613,599
0.965,1.8325957145940461,513
0.965,2.007128639793479,493
0.965,2.181661564992912,493
0.965,2.356194490192345,453
0.965,2.530727415391778,414
0.965,2.705260340591211,348
0.965,2.879793265790644,288
0.965,3.0543261909900767,276
0.965,3.2288591161895095,210
0.965,3.4033920413889422,200
0.965,3.577924966588375,154
0.965,3.752457891787808,122
0.965,3.9269908169872414,112
0.965,4.101523742186675,107
0.965,4.276056667386107,102
0.965,4.4505895925855405,88
0.965,4.625122517784973,86
0.965,4.799655442984406,82
0.965,4.974188368183839,75
0.965,5.148721293383272,92
0.965,5.323254218582705,99
0.965,5.497787143782138,109
0.965,5.672320068981571,136
0.965,5.8468529941810035,157
0.965,6.021385919380437,191
0.965,6.19591884457987,237
0.975,0.08726646259971647,245
0.975,0.2617993877991494,333
0.975,0.4363323129985824,374
0.975,0.6108652381980153,402
0.975,0.7853981633974483,440
0.975,0.9599310885968811,540
0.975,1.1344640137963142,530
0.975,1.308996938995747,527
0.975,1.4835298641951802,568
0.975,1.658062789394613,584
0.975,1.8325957145940461,567
0.975,2.007128639793479,523
0.975,2.181661564992912,493
0.975,2.356194490192345,468
0.975,2.530727415391778,425
0.975,2.705260340591211,372
0.975,2.879793265790644,354
0.975,3.0543261909900767,289
0.975,3.2288591161895095,213
0.975,3.4033920413889422,213
0.975,3.577924966588375,150
0.975,3.752457891787808,125
0.975,3.9269908169872414,124
0.975,4.101523742186675,84
0.975,4.276056667386107,98
0.975,4.4505895925855405,101
0.975,4.625122517784973,72
0.975,4.799655442984406,87
0.975,4.974188368183839,66
0.975,5.148721293383272,85
0.975,5.323254218582705,89
0.975,5.497787143782138,109
0.975,5.672320068981571,100
0.975,5.8468529941810035,132
0.975,6.021385919380437,170
0.975,6.19591884457987,208
0.985,0.08726646259971647,260
0.985,0.2617993877991494,345
0.985,0.4363323129985824,349
0.985,0.6108652381980153,421
0.985,0.7853981633974483,463
0.985,0.9599310885968811,467
0.985,1.1344640137963142,538
0.985,1.308996938995747,551
0.985,1.4835298641951802,585
0.985,1.658062789394613,575
0.985,1.8325957145940461,583
0.985,2.007128639793479,554
0.985,2.181661564992912,498
0.985,2.356194490192345,464
0.985,2.530727415391778,482
0.985,2.705260340591211,377
0.985,2.879793265790644,339
0.985,3.0543261909900767,263
0.985,3.2288591161895095,231
0.985,3.4033920413889422,187
0.985,3.577924966588375,169
0.985,3.752457891787808,130
0.985,3.9269908169872414,120
0.985,4.101523742186675,86
0.985,4.276056667386107,90
0.985,4.4505895925855405,78
0.985,4.625122517784973,71
0.985,4.799655442984406,75
0.985,4.974188368183839,73
0.985,5.148721293383272,93
0.985,5.323254218582705,86
0.985,5.497787143782138,112
0.985,5.672320068981571,133
0.985,5.8468529941810035,164
0.985,6.021385919380437,199
0.985,6.19591884457987,239
0.995,0.08726646259971647,278
0.995,0.2617993877991494,284
0.995,0.4363323129985824,358
0.995,0.6108652381980153,394
0.995,0.7853981633974483,440
0.995,0.9599310885968811,488
0.995,1.1344640137963142,535
0.995,1.308996938995747,572
0.995,1.4835298641951802,598
0.995,1.658062789394613,591
0.995,1.8325957145940461,614
0.995,2.007128639793479,541
0.995,2.181661564992912,542
0.995,2.356194490192345,485
0.995,2.530727415391778,420
0.995,2.705260340591211,379
0.995,2.879793265790644,335
0.995,3.0543261909900767,265
0.995,3.2288591161895095,214
0.995,3.4033920413889422,186
0.995,3.577924966588375,153
0.995,3.752457891787808,128
0.995,3.9269908169872414,96
0.995,4.101523742186675,102
0.995,4.276056667386107,95
0.995,4.4505895925855405,66
0.995,4.625122517784973,93
0.995,4.799655442984406,86
0.995,4.974188368183839,88
0.995,5.148721293383272,77
0.995,5.323254218582705,96
0.995,5.497787143782138,112
0.995,5.672320068981571,121
0.995,5.8468529941810035,162
0.995,6.021385919380437,200
0.995,6.19591884457987,223
