x,phi,count
0.005,0.08726646259971647,3434
0.005,0.2617993877991494,3641
0.005,0.4363323129985824,2975
0.005,0.6108652381980153,1905
0.005,0.7853981633974483,1052
0.005,0.9599310885968811,587
0.005,1.1344640137963142,364
0.005,1.308996938995747,237
0.005,1.4835298641951802,213
0.005,1.658062789394613,208
0.005,1.8325957145940461,240
0.005,2.007128639793479,385
0.005,2.181661564992912,599
0.005,2.356194490192345,1144
0.005,2.530727415391778,2021
0.005,2.705260340591211,2969
0.005,2.879793265790644,3872
0.005,3.0543261909900767,3619
0.005,3.2288591161895095,2482
0.005,3.4033920413889422,1384
0.005,3.577924966588375,578
0.005,3.752457891787808,214
0.005,3.9269908169872414,81
0.005,4.101523742186675,45
0.005,4.276056667386107,12
0.005,4.4505895925855405,6
0.005,4.625122517784973,5
0.005,4.799655442984406,4
0.005,4.974188368183839,5
0.005,5.148721293383272,14
0.005,5.323254218582705,25
0.005,5.497787143782138,64
0.005,5.672320068981571,192
0.005,5.8468529941810035,599
0.005,6.021385919380437,1316
0.005,6.19591884457987,2464
0.015,0.08726646259971647,3561
0.015,0.2617993877991494,3811
0.015,0.4363323129985824,3003
0.015,0.6108652381980153,2021
0.015,0.7853981633974483,1179
0.015,0.9599310885968811,666
0.015,1.1344640137963142,416
0.015,1.308996938995747,287
0.015,1.4835298641951802,194
0.015,1.658062789394613,180
0.015,1.8325957145940461,236
0.015,2.007128639793479,357
0.015,2.181661564992912,601
0.015,2.356194490192345,1138
0.015,2.530727415391778,2002
0.015,2.705260340591211,3086
0.015,2.879793265790644,3848
0.015,3.0543261909900767,3620
0.015,3.2288591161895095,2593
0.015,3.4033920413889422,1369
0.015,3.577924966588375,585
0.015,3.752457891787808,218
0.015,3.9269908169872414,85
0.015,4.101523742186675,26
0.015,4.276056667386107,12
0.015,4.4505895925855405,5
0.015,4.625122517784973,5
0.015,4.799655442984406,6
0.015,4.974188368183839,9
0.015,5.148721293383272,9
0.015,5.323254218582705,31
0.015,5.497787143782138,66
0.015,5.672320068981571,195
0.015,5.8468529941810035,594
0.015,6.021385919380437,1381
0.015,6.19591884457987,2575
0.025,0.08726646259971647,3721
0.025,0.2617993877991494,3946
0.025,0.4363323129985824,3160
0.025,0.6108652381980153,2125
0.025,0.7853981633974483,1271
0.025,0.9599310885968811,654
0.025,1.1344640137963142,366
0.025,1.308996938995747,253
0.025,1.4835298641951802,206
0.025,1.658062789394613,192
0.025,1.8325957145940461,241
0.025,2.007128639793479,407
0.025,2.181661564992912,651
0.025,2.356194490192345,1144
0.025,2.530727415391778,2048
0.025,2.705260340591211,3170
0.025,2.879793265790644,3883
0.025,3.0543261909900767,3736
0.025,3.2288591161895095,2582
0.025,3.4033920413889422,1389
0.025,3.577924966588375,629
0.025,3.752457891787808,210
0.025,3.9269908169872414,77
0.025,4.101523742186675,21
0.025,4.276056667386107,12
0.025,4.4505895925855405,7
0.025,4.625122517784973,6
0.025,4.799655442984406,3
0.025,4.974188368183839,1
0.025,5.148721293383272,14
0.025,5.323254218582705,19
0.025,5.497787143782138,74
0.025,5.672320068981571,219
0.025,5.8468529941810035,600
0.025,6.021385919380437,1494
0.025,6.19591884457987,2741
0.035,0.08726646259971647,3962
0.035,0.2617993877991494,4185
0.035,0.4363323129985824,3407
0.035,0.6108652381980153,2274
0.035,0.7853981633974483,1273
0.035,0.9599310885968811,627
0.035,1.1344640137963142,394
0.035,1.308996938995747,278
0.035,1.4835298641951802,222
0.035,1.658062789394613,221
0.035,1.8325957145940461,255
0.035,2.007128639793479,394
0.035,2.181661564992912,716
0.035,2.356194490192345,1210
0.035,2.530727415391778,2199
0.035,2.705260340591211,3334
0.035,2.879793265790644,4133
0.035,3.0543261909900767,4023
0.035,3.2288591161895095,2804
0.035,3.4033920413889422,1583
0.035,3.577924966588375,681
0.035,3.752457891787808,249
0.035,3.9269908169872414,95
0.035,4.101523742186675,23
0.035,4.276056667386107,11
0.035,4.4505895925855405,6
0.035,4.625122517784973,2
0.035,4.799655442984406,1
0.035,4.974188368183839,5
0.035,5.148721293383272,13
0.035,5.323254218582705,39
0.035,5.497787143782138,68
0.035,5.672320068981571,228
0.035,5.8468529941810035,593
0.035,6.021385919380437,1484
0.035,6.19591884457987,2848
0.045,0.08726646259971647,4184
0.045,0.2617993877991494,4388
0.045,0.4363323129985824,3559
0.045,0.6108652381980153,2398
0.045,0.7853981633974483,1351
0.045,0.9599310885968811,783
0.045,1.1344640137963142,402
0.045,1.308996938995747,281
0.045,1.4835298641951802,261
0.045,1.658062789394613,241
0.045,1.8325957145940461,293
0.045,2.007128639793479,489
0.045,2.181661564992912,795
0.045,2.356194490192345,1356
0.045,2.530727415391778,2357
0.045,2.705260340591211,3588
0.045,2.879793265790644,4492
0.045,3.0543261909900767,4320
0.045,3.2288591161895095,3053
0.045,3.4033920413889422,1613
0.045,3.577924966588375,737
0.045,3.752457891787808,242
0.045,3.9269908169872414,94
0.045,4.101523742186675,20
0.045,4.276056667386107,16
0.045,4.4505895925855405,10
0.045,4.625122517784973,6
0.045,4.799655442984406,4
0.045,4.974188368183839,4
0.045,5.148721293383272,9
0.045,5.323254218582705,29
0.045,5.497787143782138,87
0.045,5.672320068981571,235
0.045,5.8468529941810035,678
0.045,6.021385919380437,1540
0.045,6.19591884457987,2952
0.055,0.08726646259971647,4456
0.055,0.2617993877991494,4703
0.055,0.4363323129985824,3778
0.055,0.6108652381980153,2393
0.055,0.7853981633974483,1376
0.055,0.9599310885968811,797
0.055,1.1344640137963142,419
0.055,1.308996938995747,310
0.055,1.4835298641951802,297
0.055,1.658062789394613,267
0.055,1.8325957145940461,319
0.055,2.007128639793479,482
0.055,2.181661564992912,782
0.055,2.356194490192345,1488
0.055,2.530727415391778,2642
0.055,2.705260340591211,3871
0.055,2.879793265790644,4808
0.055,3.0543261909900767,4662
0.055,3.2288591161895095,3136
0.055,3.4033920413889422,1709
0.055,3.577924966588375,750
0.055,3.752457891787808,266
0.055,3.9269908169872414,110
0.055,4.101523742186675,39
0.055,4.276056667386107,20
0.055,4.4505895925855405,10
0.055,4.625122517784973,11
0.055,4.799655442984406,12
0.055,4.974188368183839,5
0.055,5.148721293383272,14
0.055,5.323254218582705,44
0.055,5.497787143782138,87
0.055,5.672320068981571,299
0.055,5.8468529941810035,722
0.055,6.021385919380437,1674
0.055,6.19591884457987,3128
0.065,0.08726646259971647,4687
0.065,0.2617993877991494,5069
0.065,0.4363323129985824,4158
0.065,0.6108652381980153,2656
0.065,0.7853981633974483,1538
0.065,0.9599310885968811,863
0.065,1.1344640137963142,512
0.065,1.308996938995747,323
0.065,1.4835298641951802,284
0.065,1.658062789394613,289
0.065,1.8325957145940461,350
0.065,2.007128639793479,502
0.065,2.181661564992912,898
0.065,2.356194490192345,1577
0.065,2.530727415391778,2847
0.065,2.705260340591211,4177
0.065,2.879793265790644,5128
0.065,3.0543261909900767,4892
0.065,3.2288591161895095,3396
0.065,3.4033920413889422,1859
0.065,3.577924966588375,825
0.065,3.752457891787808,288
0.065,3.9269908169872414,104
0.065,4.101523742186675,34
0.065,4.276056667386107,29
0.065,4.4505895925855405,6
0.065,4.625122517784973,11
0.065,4.799655442984406,15
0.065,4.974188368183839,10
0.065,5.148721293383272,23
0.065,5.323254218582705,34
0.065,5.497787143782138,103
0.065,5.672320068981571,261
0.065,5.8468529941810035,759
0.065,6.021385919380437,1852
0.065,6.19591884457987,3300
0.075,0.08726646259971647,5187
0.075,0.2617993877991494,5528
0.075,0.4363323129985824,4658
0.075,0.6108652381980153,3113
0.075,0.7853981633974483,1717
0.075,0.9599310885968811,937
0.075,1.1344640137963142,566
0.075,1.308996938995747,389
0.075,1.4835298641951802,293
0.075,1.658062789394613,286
0.075,1.8325957145940461,399
0.075,2.007128639793479,553
0.075,2.181661564992912,965
0.075,2.356194490192345,1734
0.075,2.530727415391778,3124
0.075,2.705260340591211,4575
0.075,2.879793265790644,5596
0.075,3.0543261909900767,5280
0.075,3.2288591161895095,3812
0.075,3.4033920413889422,1927
0.075,3.577924966588375,853
0.075,3.752457891787808,326
0.075,3.9269908169872414,105
0.075,4.101523742186675,41
0.075,4.276056667386107,15
0.075,4.4505895925855405,11
0.075,4.625122517784973,17
0.075,4.799655442984406,10
0.075,4.974188368183839,4
0.075,5.148721293383272,22
0.075,5.323254218582705,45
0.075,5.497787143782138,102
0.075,5.672320068981571,300
0.075,5.8468529941810035,782
0.075,6.021385919380437,2036
0.075,6.19591884457987,3680
0.085,0.08726646259971647,5736
0.085,0.2617993877991494,5973
0.085,0.4363323129985824,5202
0.085,0.6108652381980153,3248
0.085,0.7853981633974483,1862
0.085,0.9599310885968811,1059
0.085,1.1344640137963142,577
0.085,1.308996938995747,396
0.085,1.4835298641951802,289
0.085,1.658062789394613,301
0.085,1.8325957145940461,378
0.085,2.007128639793479,575
0.085,2.181661564992912,1022
0.085,2.356194490192345,1926
0.085,2.530727415391778,3298
0.085,2.705260340591211,5025
0.085,2.879793265790644,6296
0.085,3.0543261909900767,5794
0.085,3.2288591161895095,4067
0.085,3.4033920413889422,2202
0.085,3.577924966588375,968
0.085,3.752457891787808,362
0.085,3.9269908169872414,138
0.085,4.101523742186675,63
0.085,4.276056667386107,22
0.085,4.4505895925855405,5
0.085,4.625122517784973,7
0.085,4.799655442984406,4
0.085,4.974188368183839,2
0.085,5.148721293383272,10
0.085,5.323254218582705,31
0.085,5.497787143782138,98
0.085,5.672320068981571,333
0.085,5.8468529941810035,972
0.085,6.021385919380437,2173
0.085,6.19591884457987,4137
0.095,0.08726646259971647,6456
0.095,0.2617993877991494,6714
0.095,0.4363323129985824,5325
0.095,0.6108652381980153,3590
0.095,0.7853981633974483,2108
0.095,0.9599310885968811,1174
0.095,1.1344640137963142,628
0.095,1.308996938995747,447
0.095,1.4835298641951802,364
0.095,1.658062789394613,362
0.095,1.8325957145940461,465
0.095,2.007128639793479,735
0.095,2.181661564992912,1182
0.095,2.356194490192345,2045
0.095,2.530727415391778,3705
0.095,2.705260340591211,5716
0.095,2.879793265790644,6951
0.095,3.0543261909900767,6591
0.095,3.2288591161895095,4671
0.095,3.4033920413889422,2522
0.095,3.577924966588375,1098
0.095,3.752457891787808,364
0.095,3.9269908169872414,149
0.095,4.101523742186675,45
0.095,4.276056667386107,18
0.095,4.4505895925855405,10
0.095,4.625122517784973,14
0.095,4.799655442984406,1
0.095,4.974188368183839,5
0.095,5.148721293383272,16
0.095,5.323254218582705,38
0.095,5.497787143782138,113
0.095,5.672320068981571,323
0.095,5.8468529941810035,1050
0.095,6.021385919380437,2470
0.095,6.19591884457987,4417
0.105,0.08726646259971647,7085
0.105,0.2617993877991494,7579
0.105,0.4363323129985824,6117
0.105,0.6108652381980153,3973
0.105,0.7853981633974483,2380
0.105,0.9599310885968811,1288
0.105,1.1344640137963142,732
0.105,1.308996938995747,531
0.105,1.4835298641951802,437
0.105,1.658062789394613,413
0.105,1.8325957145940461,532
0.105,2.007128639793479,813
0.105,2.181661564992912,1317
0.105,2.356194490192345,2426
0.105,2.530727415391778,4205
0.105,2.705260340591211,6227
0.105,2.879793265790644,7697
0.105,3.0543261909900767,7328
0.105,3.2288591161895095,5113
0.105,3.4033920413889422,2853
0.105,3.577924966588375,1200
0.105,3.752457891787808,415
0.105,3.9269908169872414,156
0.105,4.101523742186675,70
0.105,4.276056667386107,38
0.105,4.4505895925855405,22
0.105,4.625122517784973,15
0.105,4.799655442984406,7
0.105,4.974188368183839,10
0.105,5.148721293383272,20
0.105,5.323254218582705,46
0.105,5.497787143782138,138
0.105,5.672320068981571,360
0.105,5.8468529941810035,1083
0.105,6.021385919380437,2690
0.105,6.19591884457987,5167
0.115,0.08726646259971647,8080
0.115,0.2617993877991494,8505
0.115,0.4363323129985824,6767
0.115,0.6108652381980153,4495
0.115,0.7853981633974483,2617
0.115,0.9599310885968811,1475
0.115,1.1344640137963142,841
0.115,1.308996938995747,590
0.115,1.4835298641951802,448
0.115,1.658062789394613,445
0.115,1.8325957145940461,608
0.115,2.007128639793479,918
0.115,2.181661564992912,1487
0.115,2.356194490192345,2632
0.115,2.530727415391778,4608
0.115,2.705260340591211,7087
0.115,2.879793265790644,8609
0.115,3.0543261909900767,8249
0.115,3.2288591161895095,5758
0.115,3.4033920413889422,3136
0.115,3.577924966588375,1399
0.115,3.752457891787808,471
0.115,3.9269908169872414,167
0.115,4.101523742186675,64
0.115,4.276056667386107,29
0.115,4.4505895925855405,22
0.115,4.625122517784973,20
0.115,4.799655442984406,13
0.115,4.974188368183839,24
0.115,5.148721293383272,37
0.115,5.323254218582705,67
0.115,5.497787143782138,159
0.115,5.672320068981571,529
0.115,5.8468529941810035,1304
0.115,6.021385919380437,3159
0.115,6.19591884457987,5727
0.125,0.08726646259971647,9193
0.125,0.2617993877991494,9675
0.125,0.4363323129985824,7663
0.125,0.6108652381980153,5259
0.125,0.7853981633974483,2978
0.125,0.9599310885968811,1650
0.125,1.1344640137963142,980
0.125,1.308996938995747,614
0.125,1.4835298641951802,523
0.125,1.658062789394613,548
0.125,1.8325957145940461,659
0.125,2.007128639793479,955
0.125,2.181661564992912,1694
0.125,2.356194490192345,3021
0.125,2.530727415391778,5231
0.125,2.705260340591211,7935
0.125,2.879793265790644,9918
0.125,3.0543261909900767,9392
0.125,3.2288591161895095,6800
0.125,3.4033920413889422,3647
0.125,3.577924966588375,1523
0.125,3.752457891787808,492
0.125,3.9269908169872414,166
0.125,4.101523742186675,59
0.125,4.276056667386107,29
0.125,4.4505895925855405,24
0.125,4.625122517784973,17
0.125,4.799655442984406,19
0.125,4.974188368183839,27
0.125,5.148721293383272,28
0.125,5.323254218582705,62
0.125,5.497787143782138,154
0.125,5.672320068981571,467
0.125,5.8468529941810035,1479
0.125,6.021385919380437,3396
0.125,6.19591884457987,6590
0.135,0.08726646259971647,10338
0.135,0.2617993877991494,10889
0.135,0.4363323129985824,8997
0.135,0.6108652381980153,5794
0.135,0.7853981633974483,3290
0.135,0.9599310885968811,1844
0.135,1.1344640137963142,1002
0.135,1.308996938995747,710
0.135,1.4835298641951802,613
0.135,1.658062789394613,615
0.135,1.8325957145940461,702
0.135,2.007128639793479,1154
0.135,2.181661564992912,1979
0.135,2.356194490192345,3483
0.135,2.530727415391778,5912
0.135,2.705260340591211,8868
0.135,2.879793265790644,11188
0.135,3.0543261909900767,10503
0.135,3.2288591161895095,7370
0.135,3.4033920413889422,3938
0.135,3.577924966588375,1730
0.135,3.752457891787808,638
0.135,3.9269908169872414,204
0.135,4.101523742186675,64
0.135,4.276056667386107,24
0.135,4.4505895925855405,27
0.135,4.625122517784973,10
0.135,4.799655442984406,9
0.135,4.974188368183839,16
0.135,5.148721293383272,32
0.135,5.323254218582705,69
0.135,5.497787143782138,185
0.135,5.672320068981571,626
0.135,5.8468529941810035,1674
0.135,6.021385919380437,3944
0.135,6.19591884457987,7425
0.145,0.08726646259971647,11931
0.145,0.2617993877991494,12347
0.145,0.4363323129985824,10153
0.145,0.6108652381980153,6703
0.145,0.7853981633974483,3852
0.145,0.9599310885968811,2153
0.145,1.1344640137963142,1297
0.145,1.308996938995747,779
0.145,1.4835298641951802,637
0.145,1.658062789394613,664
0.145,1.8325957145940461,806
0.145,2.007128639793479,1236
0.145,2.181661564992912,2144
0.145,2.356194490192345,3934
0.145,2.530727415391778,6626
0.145,2.705260340591211,10249
0.145,2.879793265790644,12509
0.145,3.0543261909900767,11981
0.145,3.2288591161895095,8370
0.145,3.4033920413889422,4703
0.145,3.577924966588375,1974
0.145,3.752457891787808,773
0.145,3.9269908169872414,266
0.145,4.101523742186675,90
0.145,4.276056667386107,32
0.145,4.4505895925855405,24
0.145,4.625122517784973,14
0.145,4.799655442984406,11
0.145,4.974188368183839,13
0.145,5.148721293383272,32
0.145,5.323254218582705,68
0.145,5.497787143782138,231
0.145,5.672320068981571,708
0.145,5.8468529941810035,1971
0.145,6.021385919380437,4526
0.145,6.19591884457987,8433
0.155,0.08726646259971647,13631
0.155,0.2617993877991494,14187
0.155,0.4363323129985824,11544
0.155,0.6108652381980153,7546
0.155,0.7853981633974483,4241
0.155,0.9599310885968811,2435
0.155,1.1344640137963142,1340
0.155,1.308996938995747,883
0.155,1.4835298641951802,632
0.155,1.658062789394613,674
0.155,1.8325957145940461,878
0.155,2.007128639793479,1351
0.155,2.181661564992912,2393
0.155,2.356194490192345,4293
0.155,2.530727415391778,7594
0.155,2.705260340591211,11573
0.155,2.879793265790644,14260
0.155,3.0543261909900767,13540
0.155,3.2288591161895095,9463
0.155,3.4033920413889422,5125
0.155,3.577924966588375,2131
0.155,3.752457891787808,768
0.155,3.9269908169872414,241
0.155,4.101523742186675,91
0.155,4.276056667386107,34
0.155,4.4505895925855405,23
0.155,4.625122517784973,9
0.155,4.799655442984406,17
0.155,4.974188368183839,36
0.155,5.148721293383272,35
0.155,5.323254218582705,81
0.155,5.497787143782138,217
0.155,5.672320068981571,795
0.155,5.8468529941810035,2256
0.155,6.021385919380437,5245
0.155,6.19591884457987,9616
0.165,0.08726646259971647,15040
0.165,0.2617993877991494,16208
0.165,0.4363323129985824,12889
0.165,0.6108652381980153,8438
0.165,0.7853981633974483,4688
0.165,0.9599310885968811,2720
0.165,1.1344640137963142,1556
0.165,1.308996938995747,899
0.165,1.4835298641951802,740
0.165,1.658062789394613,758
0.165,1.8325957145940461,956
0.165,2.007128639793479,1501
0.165,2.181661564992912,2630
0.165,2.356194490192345,4890
0.165,2.530727415391778,8692
0.165,2.705260340591211,13410
0.165,2.879793265790644,16134
0.165,3.0543261909900767,15315
0.165,3.2288591161895095,10884
0.165,3.4033920413889422,5947
0.165,3.577924966588375,2444
0.165,3.752457891787808,914
0.165,3.9269908169872414,300
0.165,4.101523742186675,99
0.165,4.276056667386107,42
0.165,4.4505895925855405,22
0.165,4.625122517784973,14
0.165,4.799655442984406,16
0.165,4.974188368183839,14
0.165,5.148721293383272,35
0.165,5.323254218582705,112
0.165,5.497787143782138,286
0.165,5.672320068981571,896
0.165,5.8468529941810035,2592
0.165,6.021385919380437,5999
0.165,6.19591884457987,11102
0.175,0.08726646259971647,17268
0.175,0.2617993877991494,17983
0.175,0.4363323129985824,14556
0.175,0.6108652381980153,9580
0.175,0.7853981633974483,5408
0.175,0.9599310885968811,3085
0.175,1.1344640137963142,1794
0.175,1.308996938995747,1119
0.175,1.4835298641951802,839
0.175,1.658062789394613,805
0.175,1.8325957145940461,1065
0.175,2.007128639793479,1615
0.175,2.181661564992912,2884
0.175,2.356194490192345,5413
0.175,2.530727415391778,9523
0.175,2.705260340591211,14626
0.175,2.879793265790644,18166
0.175,3.0543261909900767,17182
0.175,3.2288591161895095,12456
0.175,3.4033920413889422,6710
0.175,3.577924966588375,2777
0.175,3.752457891787808,1009
0.175,3.9269908169872414,351
0.175,4.101523742186675,130
0.175,4.276056667386107,50
0.175,4.4505895925855405,22
0.175,4.625122517784973,23
0.175,4.799655442984406,23
0.175,4.974188368183839,26
0.175,5.148721293383272,34
0.175,5.323254218582705,120
0.175,5.497787143782138,331
0.175,5.672320068981571,1001
0.175,5.8468529941810035,2786
0.175,6.021385919380437,6589
0.175,6.19591884457987,12130
0.185,0.08726646259971647,19115
0.185,0.2617993877991494,20263
0.185,0.4363323129985824,16397
0.185,0.6108652381980153,10684
0.185,0.7853981633974483,6014
0.185,0.9599310885968811,3266
0.185,1.1344640137963142,1880
0.185,1.308996938995747,1235
0.185,1.4835298641951802,941
0.185,1.658062789394613,941
0.185,1.8325957145940461,1177
0.185,2.007128639793479,1757
0.185,2.181661564992912,3197
0.185,2.356194490192345,5966
0.185,2.530727415391778,10463
0.185,2.705260340591211,16301
0.185,2.879793265790644,20287
0.185,3.0543261909900767,19377
0.185,3.2288591161895095,13928
0.185,3.4033920413889422,7493
0.185,3.577924966588375,3126
0.185,3.752457891787808,1188
0.185,3.9269908169872414,382
0.185,4.101523742186675,136
0.185,4.276056667386107,54
0.185,4.4505895925855405,28
0.185,4.625122517784973,18
0.185,4.799655442984406,20
0.185,4.974188368183839,41
0.185,5.148721293383272,49
0.185,5.323254218582705,110
0.185,5.497787143782138,336
0.185,5.672320068981571,1110
0.185,5.8468529941810035,3186
0.185,6.021385919380437,7317
0.185,6.19591884457987,13130
0.195,0.08726646259971647,20709
0.195,0.2617993877991494,21921
0.195,0.4363323129985824,17646
0.195,0.6108652381980153,11566
0.195,0.7853981633974483,6510
0.195,0.9599310885968811,3559
0.195,1.1344640137963142,2025
0.195,1.308996938995747,1306
0.195,1.4835298641951802,1059
0.195,1.658062789394613,1029
0.195,1.8325957145940461,1287
0.195,2.007128639793479,1897
0.195,2.181661564992912,3505
0.195,2.356194490192345,6526
0.195,2.530727415391778,11736
0.195,2.705260340591211,17783
0.195,2.879793265790644,22373
0.195,3.0543261909900767,21315
0.195,3.2288591161895095,15277
0.195,3.4033920413889422,8303
0.195,3.577924966588375,3476
0.195,3.752457891787808,1283
0.195,3.9269908169872414,408
0.195,4.101523742186675,134
0.195,4.276056667386107,58
0.195,4.4505895925855405,35
0.195,4.625122517784973,21
0.195,4.799655442984406,20
0.195,4.974188368183839,25
0.195,5.148721293383272,44
0.195,5.323254218582705,144
0.195,5.497787143782138,375
0.195,5.672320068981571,1140
0.195,5.8468529941810035,3406
0.195,6.021385919380437,8101
0.195,6.19591884457987,14938
0.205,0.08726646259971647,22135
0.205,0.2617993877991494,23347
0.205,0.4363323129985824,18841
0.205,0.6108652381980153,12350
0.205,0.7853981633974483,6850
0.205,0.9599310885968811,3665
0.205,1.1344640137963142,2125
0.205,1.308996938995747,1401
0.205,1.4835298641951802,1089
0.205,1.658062789394613,1151
0.205,1.8325957145940461,1315
0.205,2.007128639793479,2169
0.205,2.181661564992912,3779
0.205,2.356194490192345,6948
0.205,2.530727415391778,12542
0.205,2.705260340591211,19348
0.205,2.879793265790644,24007
0.205,3.0543261909900767,22962
0.205,3.2288591161895095,16362
0.205,3.4033920413889422,8798
0.205,3.577924966588375,3785
0.205,3.752457891787808,1353
0.205,3.9269908169872414,440
0.205,4.101523742186675,141
0.205,4.276056667386107,53
0.205,4.4505895925855405,38
0.205,4.625122517784973,27
0.205,4.799655442984406,25
0.205,4.974188368183839,33
0.205,5.148721293383272,50
0.205,5.323254218582705,144
0.205,5.497787143782138,430
0.205,5.672320068981571,1325
0.205,5.8468529941810035,3626
0.205,6.021385919380437,8673
0.205,6.19591884457987,16081
0.215,0.08726646259971647,23289
0.215,0.2617993877991494,24697
0.215,0.4363323129985824,19866
0.215,0.6108652381980153,13007
0.215,0.7853981633974483,7300
0.215,0.9599310885968811,3972
0.215,1.1344640137963142,2206
0.215,1.308996938995747,1409
0.215,1.4835298641951802,1132
0.215,1.658062789394613,1228
0.215,1.8325957145940461,1491
0.215,2.007128639793479,2358
0.215,2.181661564992912,4179
0.215,2.356194490192345,7529
0.215,2.530727415391778,13298
0.215,2.705260340591211,20637
0.215,2.879793265790644,25742
0.215,3.0543261909900767,24447
0.215,3.2288591161895095,17160
0.215,3.4033920413889422,9184
0.215,3.577924966588375,3867
0.215,3.752457891787808,1322
0.215,3.9269908169872414,412
0.215,4.101523742186675,131
0.215,4.276056667386107,64
0.215,4.4505895925855405,27
0.215,4.625122517784973,26
0.215,4.799655442984406,20
0.215,4.974188368183839,44
0.215,5.148721293383272,60
0.215,5.323254218582705,167
0.215,5.497787143782138,464
0.215,5.672320068981571,1408
0.215,5.8468529941810035,3904
0.215,6.021385919380437,9218
0.215,6.19591884457987,16820
0.225,0.08726646259971647,25092
0.225,0.2617993877991494,26709
0.225,0.4363323129985824,21312
0.225,0.6108652381980153,13864
0.225,0.7853981633974483,7828
0.225,0.9599310885968811,4259
0.225,1.1344640137963142,2373
0.225,1.308996938995747,1571
0.225,1.4835298641951802,1311
0.225,1.658062789394613,1286
0.225,1.8325957145940461,1665
0.225,2.007128639793479,2524
0.225,2.181661564992912,4285
0.225,2.356194490192345,8054
0.225,2.530727415391778,13883
0.225,2.705260340591211,21624
0.225,2.879793265790644,27184
0.225,3.0543261909900767,25904
0.225,3.2288591161895095,18175
0.225,3.4033920413889422,9723
0.225,3.577924966588375,4076
0.225,3.752457891787808,1463
0.225,3.9269908169872414,476
0.225,4.101523742186675,143
0.225,4.276056667386107,44
0.225,4.4505895925855405,23
0.225,4.625122517784973,24
0.225,4.799655442984406,16
0.225,4.974188368183839,27
0.225,5.148721293383272,72
0.225,5.323254218582705,169
0.225,5.497787143782138,499
0.225,5.672320068981571,1503
0.225,5.8468529941810035,3980
0.225,6.021385919380437,9492
0.225,6.19591884457987,17726
0.235,0.08726646259971647,26865
0.235,0.2617993877991494,28071
0.235,0.4363323129985824,22612
0.235,0.6108652381980153,14698
0.235,0.7853981633974483,8393
0.235,0.9599310885968811,4611
0.235,1.1344640137963142,2633
0.235,1.308996938995747,1758
0.235,1.4835298641951802,1390
0.235,1.658062789394613,1361
0.235,1.8325957145940461,1743
0.235,2.007128639793479,2647
0.235,2.181661564992912,4619
0.235,2.356194490192345,8445
0.235,2.530727415391778,14834
0.235,2.705260340591211,23096
0.235,2.879793265790644,28264
0.235,3.0543261909900767,26692
0.235,3.2288591161895095,18979
0.235,3.4033920413889422,10177
0.235,3.577924966588375,4335
0.235,3.752457891787808,1491
0.235,3.9269908169872414,488
0.235,4.101523742186675,170
0.235,4.276056667386107,75
0.235,4.4505895925855405,48
0.235,4.625122517784973,19
0.235,4.799655442984406,18
0.235,4.974188368183839,36
0.235,5.148721293383272,67
0.235,5.323254218582705,192
0.235,5.497787143782138,522
0.235,5.672320068981571,1572
0.235,5.8468529941810035,4265
0.235,6.021385919380437,10196
0.235,6.19591884457987,18856
0.245,0.08726646259971647,27589
0.245,0.2617993877991494,28982
0.245,0.4363323129985824,23374
0.245,0.6108652381980153,15424
0.245,0.7853981633974483,9098
0.245,0.9599310885968811,4868
0.245,1.1344640137963142,2816
0.245,1.308996938995747,1808
0.245,1.4835298641951802,1404
0.245,1.658062789394613,1383
0.245,1.8325957145940461,1768
0.245,2.007128639793479,2744
0.245,2.181661564992912,4845
0.245,2.356194490192345,8821
0.245,2.530727415391778,15412
0.245,2.705260340591211,23507
0.245,2.879793265790644,29611
0.245,3.0543261909900767,28191
0.245,3.2288591161895095,19955
0.245,3.4033920413889422,10680
0.245,3.577924966588375,4561
0.245,3.752457891787808,1565
0.245,3.9269908169872414,545
0.245,4.101523742186675,176
0.245,4.276056667386107,84
0.245,4.4505895925855405,42
0.245,4.625122517784973,26
0.245,4.799655442984406,18
0.245,4.974188368183839,52
0.245,5.148721293383272,88
0.245,5.323254218582705,209
0.245,5.497787143782138,581
0.245,5.672320068981571,1622
0.245,5.8468529941810035,4393
0.245,6.021385919380437,10530
0.245,6.19591884457987,19491
0.255,0.08726646259971647,28694
0.255,0.2617993877991494,30417
0.255,0.4363323129985824,25038
0.255,0.6108652381980153,16063
0.255,0.7853981633974483,9351
0.255,0.9599310885968811,5212
0.255,1.1344640137963142,3007
0.255,1.308996938995747,1970
0.255,1.4835298641951802,1551
0.255,1.658062789394613,1494
0.255,1.8325957145940461,1953
0.255,2.007128639793479,2872
0.255,2.181661564992912,4958
0.255,2.356194490192345,9270
0.255,2.530727415391778,16270
0.255,2.705260340591211,24816
0.255,2.879793265790644,30565
0.255,3.0543261909900767,29538
0.255,3.2288591161895095,21225
0.255,3.4033920413889422,11357
0.255,3.577924966588375,4666
0.255,3.752457891787808,1656
0.255,3.9269908169872414,562
0.255,4.101523742186675,175
0.255,4.276056667386107,97
0.255,4.4505895925855405,48
0.255,4.625122517784973,29
0.255,4.799655442984406,31
0.255,4.974188368183839,61
0.255,5.148721293383272,78
0.255,5.323254218582705,232
0.255,5.497787143782138,553
0.255,5.672320068981571,1584
0.255,5.8468529941810035,4430
0.255,6.021385919380437,10889
0.255,6.19591884457987,20371
0.265,0.08726646259971647,30054
0.265,0.2617993877991494,31936
0.265,0.4363323129985824,25914
0.265,0.6108652381980153,16966
0.265,0.7853981633974483,9915
0.265,0.9599310885968811,5418
0.265,1.1344640137963142,3096
0.265,1.308996938995747,2039
0.265,1.4835298641951802,1537
0.265,1.658062789394613,1596
0.265,1.8325957145940461,2030
0.265,2.007128639793479,3038
0.265,2.181661564992912,5259
0.265,2.356194490192345,9811
0.265,2.530727415391778,16824
0.265,2.705260340591211,26045
0.265,2.879793265790644,32214
0.265,3.0543261909900767,30336
0.265,3.2288591161895095,22061
0.265,3.4033920413889422,12054
0.265,3.577924966588375,5088
0.265,3.752457891787808,1751
0.265,3.9269908169872414,594
0.265,4.101523742186675,239
0.265,4.276056667386107,96
0.265,4.4505895925855405,50
0.265,4.625122517784973,42
0.265,4.799655442984406,48
0.265,4.974188368183839,51
0.265,5.148721293383272,91
0.265,5.323254218582705,194
0.265,5.497787143782138,568
0.265,5.672320068981571,1652
0.265,5.8468529941810035,4918
0.265,6.021385919380437,11478
0.265,6.19591884457987,21273
0.275,0.08726646259971647,32031
0.275,0.2617993877991494,33145
0.275,0.4363323129985824,26845
0.275,0.6108652381980153,17503
0.275,0.7853981633974483,10023
0.275,0.9599310885968811,5631
0.275,1.1344640137963142,3162
0.275,1.308996938995747,2168
0.275,1.4835298641951802,1678
0.275,1.658062789394613,1629
0.275,1.8325957145940461,2115
0.275,2.007128639793479,3207
0.275,2.181661564992912,5591
0.275,2.356194490192345,10170
0.275,2.530727415391778,17723
0.275,2.705260340591211,27026
0.275,2.879793265790644,33699
0.275,3.0543261909900767,31752
0.275,3.2288591161895095,22764
0.275,3.4033920413889422,12442
0.275,3.577924966588375,5288
0.275,3.752457891787808,1920
0.275,3.9269908169872414,616
0.275,4.101523742186675,253
0.275,4.276056667386107,101
0.275,4.4505895925855405,44
0.275,4.625122517784973,38
0.275,4.799655442984406,38
0.275,4.974188368183839,58
0.275,5.148721293383272,86
0.275,5.323254218582705,199
0.275,5.497787143782138,628
0.275,5.672320068981571,1869
0.275,5.8468529941810035,5060
0.275,6.021385919380437,11872
0.275,6.19591884457987,22551
0.285,0.08726646259971647,33153
0.285,0.2617993877991494,34738
0.285,0.4363323129985824,28372
0.285,0.6108652381980153,18498
0.285,0.7853981633974483,10305
0.285,0.9599310885968811,5805
0.285,1.1344640137963142,3312
0.285,1.308996938995747,2225
0.285,1.4835298641951802,1720
0.285,1.658062789394613,1698
0.285,1.8325957145940461,2258
0.285,2.007128639793479,3299
0.285,2.181661564992912,5707
0.285,2.356194490192345,10375
0.285,2.530727415391778,18486
0.285,2.705260340591211,28057
0.285,2.879793265790644,34477
0.285,3.0543261909900767,32988
0.285,3.2288591161895095,23882
0.285,3.4033920413889422,13056
0.285,3.577924966588375,5417
0.285,3.752457891787808,1956
0.285,3.9269908169872414,669
0.285,4.101523742186675,217
0.285,4.276056667386107,79
0.285,4.4505895925855405,59
0.285,4.625122517784973,39
0.285,4.799655442984406,36
0.285,4.974188368183839,48
0.285,5.148721293383272,71
0.285,5.323254218582705,225
0.285,5.497787143782138,645
0.285,5.672320068981571,2001
0.285,5.8468529941810035,5374
0.285,6.021385919380437,12657
0.285,6.19591884457987,23588
0.295,0.08726646259971647,33726
0.295,0.2617993877991494,35726
0.295,0.4363323129985824,29282
0.295,0.6108652381980153,19225
0.295,0.7853981633974483,11204
0.295,0.9599310885968811,5979
0.295,1.1344640137963142,3382
0.295,1.308996938995747,2301
0.295,1.4835298641951802,1904
0.295,1.658062789394613,1833
0.295,1.8325957145940461,2394
0.295,2.007128639793479,3343
0.295,2.181661564992912,5887
0.295,2.356194490192345,11010
0.295,2.530727415391778,19127
0.295,2.705260340591211,29471
0.295,2.879793265790644,36450
0.295,3.0543261909900767,34548
0.295,3.2288591161895095,24721
0.295,3.4033920413889422,13458
0.295,3.577924966588375,5694
0.295,3.752457891787808,1974
0.295,3.9269908169872414,675
0.295,4.101523742186675,271
0.295,4.276056667386107,85
0.295,4.4505895925855405,60
0.295,4.625122517784973,39
0.295,4.799655442984406,31
0.295,4.974188368183839,41
0.295,5.148721293383272,83
0.295,5.323254218582705,228
0.295,5.497787143782138,694
0.295,5.672320068981571,2028
0.295,5.8468529941810035,5589
0.295,6.021385919380437,13114
0.295,6.19591884457987,23771
0.305,0.08726646259971647,35519
0.305,0.2617993877991494,37438
0.305,0.4363323129985824,29964
0.305,0.6108652381980153,19955
0.305,0.7853981633974483,11627
0.305,0.9599310885968811,6187
0.305,1.1344640137963142,3627
0.305,1.308996938995747,2421
0.305,1.4835298641951802,1946
0.305,1.658062789394613,2050
0.305,1.8325957145940461,2390
0.305,2.007128639793479,3581
0.305,2.181661564992912,6064
0.305,2.356194490192345,11340
0.305,2.530727415391778,20068
0.305,2.705260340591211,30633
0.305,2.879793265790644,37951
0.305,3.0543261909900767,35471
0.305,3.2288591161895095,25493
0.305,3.4033920413889422,13860
0.305,3.577924966588375,5797
0.305,3.752457891787808,2146
0.305,3.9269908169872414,710
0.305,4.101523742186675,256
0.305,4.276056667386107,91
0.305,4.4505895925855405,43
0.305,4.625122517784973,40
0.305,4.799655442984406,43
0.305,4.974188368183839,51
0.305,5.148721293383272,101
0.305,5.323254218582705,257
0.305,5.497787143782138,720
0.305,5.672320068981571,2167
0.305,5.8468529941810035,5942
0.305,6.021385919380437,13437
0.305,6.19591884457987,25307
0.315,0.08726646259971647,37139
0.315,0.2617993877991494,39052
0.315,0.4363323129985824,31654
0.315,0.6108652381980153,21068
0.315,0.7853981633974483,11974
0.315,0.9599310885968811,6660
0.315,1.1344640137963142,3878
0.315,1.308996938995747,2510
0.315,1.4835298641951802,2041
0.315,1.658062789394613,2010
0.315,1.8325957145940461,2418
0.315,2.007128639793479,3762
0.315,2.181661564992912,6530
0.315,2.356194490192345,11901
0.315,2.530727415391778,20964
0.315,2.705260340591211,32007
0.315,2.879793265790644,39998
0.315,3.0543261909900767,37568
0.315,3.2288591161895095,26511
0.315,3.4033920413889422,14466
0.315,3.577924966588375,6185
0.315,3.752457891787808,2193
0.315,3.9269908169872414,770
0.315,4.101523742186675,269
0.315,4.276056667386107,83
0.315,4.4505895925855405,64
0.315,4.625122517784973,51
0.315,4.799655442984406,46
0.315,4.974188368183839,52
0.315,5.148721293383272,114
0.315,5.323254218582705,297
0.315,5.497787143782138,729
0.315,5.672320068981571,2288
0.315,5.8468529941810035,6144
0.315,6.021385919380437,14201
0.315,6.19591884457987,26272
0.325,0.08726646259971647,38844
0.325,0.2617993877991494,41047
0.325,0.4363323129985824,33287
0.325,0.6108652381980153,21898
0.325,0.7853981633974483,12301
0.325,0.9599310885968811,6721
0.325,1.1344640137963142,3990
0.325,1.308996938995747,2624
0.325,1.4835298641951802,2098
0.325,1.658062789394613,2089
0.325,1.8325957145940461,2503
0.325,2.007128639793479,4000
0.325,2.181661564992912,6962
0.325,2.356194490192345,12302
0.325,2.530727415391778,22138
0.325,2.705260340591211,33926
0.325,2.879793265790644,41305
0.325,3.0543261909900767,39578
0.325,3.2288591161895095,27868
0.325,3.4033920413889422,14902
0.325,3.577924966588375,6399
0.325,3.752457891787808,2382
0.325,3.9269908169872414,816
0.325,4.101523742186675,312
0.325,4.276056667386107,117
0.325,4.4505895925855405,57
0.325,4.625122517784973,44
0.325,4.799655442984406,39
0.325,4.974188368183839,45
0.325,5.148721293383272,138
0.325,5.323254218582705,304
0.325,5.497787143782138,770
0.325,5.672320068981571,2441
0.325,5.8468529941810035,6466
0.325,6.021385919380437,14895
0.325,6.19591884457987,27511
0.335,0.08726646259971647,40436
0.335,0.2617993877991494,42188
0.335,0.4363323129985824,34361
0.335,0.6108652381980153,22593
0.335,0.7853981633974483,13104
0.335,0.9599310885968811,7165
0.335,1.1344640137963142,4105
0.335,1.308996938995747,2552
0.335,1.4835298641951802,2065
0.335,1.658062789394613,2208
0.335,1.8325957145940461,2718
0.335,2.007128639793479,4034
0.335,2.181661564992912,7095
0.335,2.356194490192345,12918
0.335,2.530727415391778,22828
0.335,2.705260340591211,34435
0.335,2.879793265790644,43389
0.335,3.0543261909900767,41048
0.335,3.2288591161895095,29071
0.335,3.4033920413889422,15693
0.335,3.577924966588375,6696
0.335,3.752457891787808,2469
0.335,3.9269908169872414,870
0.335,4.101523742186675,334
0.335,4.276056667386107,134
0.335,4.4505895925855405,59
0.335,4.625122517784973,40
0.335,4.799655442984406,41
0.335,4.974188368183839,74
0.335,5.148721293383272,120
0.335,5.323254218582705,295
0.335,5.497787143782138,819
0.335,5.672320068981571,2496
0.335,5.8468529941810035,6807
0.335,6.021385919380437,15609
0.335,6.19591884457987,29215
0.345,0.08726646259971647,42427
0.345,0.2617993877991494,44369
0.345,0.4363323129985824,36262
0.345,0.6108652381980153,23820
0.345,0.7853981633974483,13405
0.345,0.9599310885968811,7396
0.345,1.1344640137963142,4341
0.345,1.308996938995747,2760
0.345,1.4835298641951802,2215
0.345,1.658062789394613,2237
0.345,1.8325957145940461,2864
0.345,2.007128639793479,4237
0.345,2.181661564992912,7563
0.345,2.356194490192345,13641
0.345,2.530727415391778,23713
0.345,2.705260340591211,35913
0.345,2.879793265790644,45467
0.345,3.0543261909900767,42218
0.345,3.2288591161895095,30519
0.345,3.4033920413889422,16243
0.345,3.577924966588375,7046
0.345,3.752457891787808,2637
0.345,3.9269908169872414,818
0.345,4.101523742186675,277
0.345,4.276056667386107,123
0.345,4.4505895925855405,68
0.345,4.625122517784973,45
0.345,4.799655442984406,44
0.345,4.974188368183839,74
0.345,5.148721293383272,118
0.345,5.323254218582705,292
0.345,5.497787143782138,778
0.345,5.672320068981571,2441
0.345,5.8468529941810035,6762
0.345,6.021385919380437,16205
0.345,6.19591884457987,30561
0.355,0.08726646259971647,44677
0.355,0.2617993877991494,46876
0.355,0.4363323129985824,38026
0.355,0.6108652381980153,24756
0.355,0.7853981633974483,14084
0.355,0.9599310885968811,7769
0.355,1.1344640137963142,4518
0.355,1.308996938995747,2965
0.355,1.4835298641951802,2359
0.355,1.658062789394613,2313
0.355,1.8325957145940461,2970
0.355,2.007128639793479,4536
0.355,2.181661564992912,7959
0.355,2.356194490192345,14291
0.355,2.530727415391778,25197
0.355,2.705260340591211,37909
0.355,2.879793265790644,47054
0.355,3.0543261909900767,44463
0.355,3.2288591161895095,31933
0.355,3.4033920413889422,17277
0.355,3.577924966588375,7368
0.355,3.752457891787808,2759
0.355,3.9269908169872414,853
0.355,4.101523742186675,307
0.355,4.276056667386107,137
0.355,4.4505895925855405,67
0.355,4.625122517784973,42
0.355,4.799655442984406,53
0.355,4.974188368183839,50
0.355,5.148721293383272,119
0.355,5.323254218582705,294
0.355,5.497787143782138,833
0.355,5.672320068981571,2529
0.355,5.8468529941810035,7214
0.355,6.021385919380437,16708
0.355,6.19591884457987,31806
0.365,0.08726646259971647,45575
0.365,0.2617993877991494,48219
0.365,0.4363323129985824,39073
0.365,0.6108652381980153,25876
0.365,0.7853981633974483,14911
0.365,0.9599310885968811,8065
0.365,1.1344640137963142,4603
0.365,1.308996938995747,3100
0.365,1.4835298641951802,2444
0.365,1.658062789394613,2474
0.365,1.8325957145940461,3058
0.365,2.007128639793479,4749
0.365,2.181661564992912,8102
0.365,2.356194490192345,14831
0.365,2.530727415391778,26054
0.365,2.705260340591211,39668
0.365,2.879793265790644,49296
0.365,3.0543261909900767,46721
0.365,3.2288591161895095,32949
0.365,3.4033920413889422,17664
0.365,3.577924966588375,7602
0.365,3.752457891787808,2796
0.365,3.9269908169872414,857
0.365,4.101523742186675,319
0.365,4.276056667386107,121
0.365,4.4505895925855405,76
0.365,4.625122517784973,51
0.365,4.799655442984406,28
0.365,4.974188368183839,62
0.365,5.148721293383272,126
0.365,5.323254218582705,287
0.365,5.497787143782138,890
0.365,5.672320068981571,2623
0.365,5.8468529941810035,7468
0.365,6.021385919380437,17732
0.365,6.19591884457987,32996
0.375,0.08726646259971647,47950
0.375,0.2617993877991494,50043
0.375,0.4363323129985824,40416
0.375,0.6108652381980153,26548
0.375,0.7853981633974483,15128
0.375,0.9599310885968811,8294
0.375,1.1344640137963142,4710
0.375,1.308996938995747,3199
0.375,1.4835298641951802,2477
0.375,1.658062789394613,2424
0.375,1.8325957145940461,3140
0.375,2.007128639793479,4859
0.375,2.181661564992912,8458
0.375,2.356194490192345,15600
0.375,2.530727415391778,27100
0.375,2.705260340591211,41203
0.375,2.879793265790644,51836
0.375,3.0543261909900767,48880
0.375,3.2288591161895095,34801
0.375,3.4033920413889422,18512
0.375,3.577924966588375,7836
0.375,3.752457891787808,2782
0.375,3.9269908169872414,968
0.375,4.101523742186675,326
0.375,4.276056667386107,118
0.375,4.4505895925855405,81
0.375,4.625122517784973,47
0.375,4.799655442984406,47
0.375,4.974188368183839,97
0.375,5.148721293383272,147
0.375,5.323254218582705,323
0.375,5.497787143782138,934
0.375,5.672320068981571,2701
0.375,5.8468529941810035,7982
0.375,6.021385919380437,18237
0.375,6.19591884457987,34042
0.385,0.08726646259971647,49789
0.385,0.2617993877991494,52307
0.385,0.4363323129985824,42531
0.385,0.6108652381980153,27809
0.385,0.7853981633974483,15693
0.385,0.9599310885968811,8709
0.385,1.1344640137963142,4899
0.385,1.308996938995747,3376
0.385,1.4835298641951802,2606
0.385,1.658062789394613,2629
0.385,1.8325957145940461,3250
0.385,2.007128639793479,4941
0.385,2.181661564992912,8972
0.385,2.356194490192345,16417
0.385,2.530727415391778,28664
0.385,2.705260340591211,43667
0.385,2.879793265790644,54482
0.385,3.0543261909900767,51524
0.385,3.2288591161895095,36391
0.385,3.4033920413889422,19378
0.385,3.577924966588375,8171
0.385,3.752457891787808,2945
0.385,3.9269908169872414,1025
0.385,4.101523742186675,378
0.385,4.276056667386107,155
0.385,4.4505895925855405,99
0.385,4.625122517784973,58
0.385,4.799655442984406,45
0.385,4.974188368183839,85
0.385,5.148721293383272,163
0.385,5.323254218582705,376
0.385,5.497787143782138,1034
0.385,5.672320068981571,2897
0.385,5.8468529941810035,8288
0.385,6.021385919380437,19392
0.385,6.19591884457987,35934
0.395,0.08726646259971647,52608
0.395,0.2617993877991494,54623
0.395,0.4363323129985824,44899
0.395,0.6108652381980153,29107
0.395,0.7853981633974483,16561
0.395,0.9599310885968811,8917
0.395,1.1344640137963142,5242
0.395,1.308996938995747,3356
0.395,1.4835298641951802,2759
0.395,1.658062789394613,2702
0.395,1.8325957145940461,3466
0.395,2.007128639793479,5329
0.395,2.181661564992912,9363
0.395,2.356194490192345,17339
0.395,2.530727415391778,29993
0.395,2.705260340591211,46006
0.395,2.879793265790644,57073
0.395,3.0543261909900767,53958
0.395,3.2288591161895095,38523
0.395,3.4033920413889422,20926
0.395,3.577924966588375,8701
0.395,3.752457891787808,3153
0.395,3.9269908169872414,1064
0.395,4.101523742186675,384
0.395,4.276056667386107,168
0.395,4.4505895925855405,100
0.395,4.625122517784973,56
0.395,4.799655442984406,47
0.395,4.974188368183839,72
0.395,5.148721293383272,143
0.395,5.323254218582705,335
0.395,5.497787143782138,1025
0.395,5.672320068981571,3111
0.395,5.8468529941810035,8451
0.395,6.021385919380437,19964
0.395,6.19591884457987,37406
0.405,0.08726646259971647,55079
0.405,0.2617993877991494,57896
0.405,0.4363323129985824,47179
0.405,0.6108652381980153,30962
0.405,0.7853981633974483,17781
0.405,0.9599310885968811,9499
0.405,1.1344640137963142,5510
0.405,1.308996938995747,3634
0.405,1.4835298641951802,2855
0.405,1.658062789394613,2796
0.405,1.8325957145940461,3598
0.405,2.007128639793479,5449
0.405,2.181661564992912,9508
0.405,2.356194490192345,17872
0.405,2.530727415391778,31977
0.405,2.705260340591211,48312
0.405,2.879793265790644,59760
0.405,3.0543261909900767,56795
0.405,3.2288591161895095,40581
0.405,3.4033920413889422,21911
0.405,3.577924966588375,9088
0.405,3.752457891787808,3204
0.405,3.9269908169872414,1165
0.405,4.101523742186675,373
0.405,4.276056667386107,145
0.405,4.4505895925855405,97
0.405,4.625122517784973,70
0.405,4.799655442984406,53
0.405,4.974188368183839,69
0.405,5.148721293383272,146
0.405,5.323254218582705,378
0.405,5.497787143782138,1074
0.405,5.672320068981571,3257
0.405,5.8468529941810035,8935
0.405,6.021385919380437,21389
0.405,6.19591884457987,39198
0.415,0.08726646259971647,58399
0.415,0.2617993877991494,61838
0.415,0.4363323129985824,49517
0.415,0.6108652381980153,32554
0.415,0.7853981633974483,18595
0.415,0.9599310885968811,9968
0.415,1.1344640137963142,5736
0.415,1.308996938995747,3790
0.415,1.4835298641951802,2959
0.415,1.658062789394613,2949
0.415,1.8325957145940461,3781
0.415,2.007128639793479,5701
0.415,2.181661564992912,10047
0.415,2.356194490192345,18873
0.415,2.530727415391778,32822
0.415,2.705260340591211,51029
0.415,2.879793265790644,63394
0.415,3.0543261909900767,60299
0.415,3.2288591161895095,42996
0.415,3.4033920413889422,23003
0.415,3.577924966588375,9720
0.415,3.752457891787808,3376
0.415,3.9269908169872414,1091
0.415,4.101523742186675,383
0.415,4.276056667386107,156
0.415,4.4505895925855405,81
0.415,4.625122517784973,54
0.415,4.799655442984406,68
0.415,4.974188368183839,83
0.415,5.148721293383272,158
0.415,5.323254218582705,386
0.415,5.497787143782138,1196
0.415,5.672320068981571,3401
0.415,5.8468529941810035,9433
0.415,6.021385919380437,22308
0.415,6.19591884457987,42106
0.425,0.08726646259971647,62306
0.425,0.2617993877991494,64919
0.425,0.4363323129985824,52414
0.425,0.6108652381980153,33703
0.425,0.7853981633974483,19571
0.425,0.9599310885968811,10646
0.425,1.1344640137963142,6157
0.425,1.308996938995747,4056
0.425,1.4835298641951802,3236
0.425,1.658062789394613,3133
0.425,1.8325957145940461,3953
0.425,2.007128639793479,5992
0.425,2.181661564992912,10694
0.425,2.356194490192345,20058
0.425,2.530727415391778,35453
0.425,2.705260340591211,54407
0.425,2.879793265790644,67260
0.425,3.0543261909900767,63667
0.425,3.2288591161895095,45055
0.425,3.4033920413889422,24133
0.425,3.577924966588375,10440
0.425,3.752457891787808,3688
0.425,3.9269908169872414,1266
0.425,4.101523742186675,413
0.425,4.276056667386107,170
0.425,4.4505895925855405,77
0.425,4.625122517784973,59
0.425,4.799655442984406,51
0.425,4.974188368183839,68
0.425,5.148721293383272,151
0.425,5.323254218582705,419
0.425,5.497787143782138,1199
0.425,5.672320068981571,3585
0.425,5.8468529941810035,9977
0.425,6.021385919380437,24032
0.425,6.19591884457987,44387
0.435,0.08726646259971647,65578
0.435,0.2617993877991494,69051
0.435,0.4363323129985824,55696
0.435,0.6108652381980153,36278
0.435,0.7853981633974483,20497
0.435,0.9599310885968811,11318
0.435,1.1344640137963142,6532
0.435,1.308996938995747,4171
0.435,1.4835298641951802,3392
0.435,1.658062789394613,3446
0.435,1.8325957145940461,4360
0.435,2.007128639793479,6546
0.435,2.181661564992912,11393
0.435,2.356194490192345,20965
0.435,2.530727415391778,37470
0.435,2.705260340591211,57560
0.435,2.879793265790644,71127
0.435,3.0543261909900767,67862
0.435,3.2288591161895095,48153
0.435,3.4033920413889422,25511
0.435,3.577924966588375,10905
0.435,3.752457891787808,3898
0.435,3.9269908169872414,1235
0.435,4.101523742186675,427
0.435,4.276056667386107,167
0.435,4.4505895925855405,88
0.435,4.625122517784973,50
0.435,4.799655442984406,48
0.435,4.974188368183839,75
0.435,5.148721293383272,153
0.435,5.323254218582705,431
0.435,5.497787143782138,1272
0.435,5.672320068981571,3648
0.435,5.8468529941810035,10635
0.435,6.021385919380437,25384
0.435,6.19591884457987,46480
0.445,0.08726646259971647,70015
0.445,0.2617993877991494,73680
0.445,0.4363323129985824,59279
0.445,0.6108652381980153,38624
0.445,0.7853981633974483,22282
0.445,0.9599310885968811,11768
0.445,1.1344640137963142,6915
0.445,1.308996938995747,4569
0.445,1.4835298641951802,3616
0.445,1.658062789394613,3596
0.445,1.8325957145940461,4623
0.445,2.007128639793479,7032
0.445,2.181661564992912,12177
0.445,2.356194490192345,22400
0.445,2.530727415391778,39542
0.445,2.705260340591211,60922
0.445,2.879793265790644,75242
0.445,3.0543261909900767,71982
0.445,3.2288591161895095,51682
0.445,3.4033920413889422,27521
0.445,3.577924966588375,11942
0.445,3.752457891787808,4200
0.445,3.9269908169872414,1412
0.445,4.101523742186675,471
0.445,4.276056667386107,183
0.445,4.4505895925855405,90
0.445,4.625122517784973,62
0.445,4.799655442984406,75
0.445,4.974188368183839,112
0.445,5.148721293383272,178
0.445,5.323254218582705,435
0.445,5.497787143782138,1319
0.445,5.672320068981571,4119
0.445,5.8468529941810035,11221
0.445,6.021385919380437,26636
0.445,6.19591884457987,49971
0.455,0.08726646259971647,74240
0.455,0.2617993877991494,77993
0.455,0.4363323129985824,63362
0.455,0.6108652381980153,41351
0.455,0.7853981633974483,23496
0.455,0.9599310885968811,12499
0.455,1.1344640137963142,7191
0.455,1.308996938995747,4706
0.455,1.4835298641951802,3655
0.455,1.658062789394613,3855
0.455,1.8325957145940461,4918
0.455,2.007128639793479,7436
0.455,2.181661564992912,12953
0.455,2.356194490192345,23793
0.455,2.530727415391778,42042
0.455,2.705260340591211,64026
0.455,2.879793265790644,79533
0.455,3.0543261909900767,76085
0.455,3.2288591161895095,54588
0.455,3.4033920413889422,29641
0.455,3.577924966588375,12356
0.455,3.752457891787808,4327
0.455,3.9269908169872414,1493
0.455,4.101523742186675,462
0.455,4.276056667386107,186
0.455,4.4505895925855405,86
0.455,4.625122517784973,55
0.455,4.799655442984406,56
0.455,4.974188368183839,90
0.455,5.148721293383272,202
0.455,5.323254218582705,498
0.455,5.497787143782138,1403
0.455,5.672320068981571,4412
0.455,5.8468529941810035,11840
0.455,6.021385919380437,28328
0.455,6.19591884457987,53281
0.465,0.08726646259971647,78335
0.465,0.2617993877991494,83135
0.465,0.4363323129985824,66844
0.465,0.6108652381980153,44147
0.465,0.7853981633974483,25166
0.465,0.9599310885968811,13422
0.465,1.1344640137963142,7587
0.465,1.308996938995747,4932
0.465,1.4835298641951802,4061
0.465,1.658062789394613,4097
0.465,1.8325957145940461,5012
0.465,2.007128639793479,7701
0.465,2.181661564992912,13661
0.465,2.356194490192345,24918
0.465,2.530727415391778,44155
0.465,2.705260340591211,67721
0.465,2.879793265790644,83728
0.465,3.0543261909900767,80221
0.465,3.2288591161895095,57643
0.465,3.4033920413889422,31175
0.465,3.577924966588375,13321
0.465,3.752457891787808,4634
0.465,3.9269908169872414,1555
0.465,4.101523742186675,531
0.465,4.276056667386107,208
0.465,4.4505895925855405,107
0.465,4.625122517784973,58
0.465,4.799655442984406,59
0.465,4.974188368183839,125
0.465,5.148721293383272,240
0.465,5.323254218582705,567
0.465,5.497787143782138,1577
0.465,5.672320068981571,4584
0.465,5.8468529941810035,12717
0.465,6.021385919380437,30070
0.465,6.19591884457987,55531
0.475,0.08726646259971647,82829
0.475,0.2617993877991494,87744
0.475,0.4363323129985824,71014
0.475,0.6108652381980153,46477
0.475,0.7853981633974483,26087
0.475,0.9599310885968811,14230
0.475,1.1344640137963142,8099
0.475,1.308996938995747,5305
0.475,1.4835298641951802,4195
0.475,1.658062789394613,4345
0.475,1.8325957145940461,5317
0.475,2.007128639793479,8169
0.475,2.181661564992912,14102
0.475,2.356194490192345,26119
0.475,2.530727415391778,46973
0.475,2.705260340591211,71758
0.475,2.879793265790644,89479
0.475,3.0543261909900767,85244
0.475,3.2288591161895095,60390
0.475,3.4033920413889422,32752
0.475,3.577924966588375,13815
0.475,3.752457891787808,5067
0.475,3.9269908169872414,1635
0.475,4.101523742186675,544
0.475,4.276056667386107,225
0.475,4.4505895925855405,95
0.475,4.625122517784973,91
0.475,4.799655442984406,81
0.475,4.974188368183839,112
0.475,5.148721293383272,231
0.475,5.323254218582705,593
0.475,5.497787143782138,1579
0.475,5.672320068981571,4800
0.475,5.8468529941810035,13302
0.475,6.021385919380437,31145
0.475,6.19591884457987,58695
0.485,0.08726646259971647,87501
0.485,0.2617993877991494,92530
0.485,0.4363323129985824,75051
0.485,0.6108652381980153,48735
0.485,0.7853981633974483,27562
0.485,0.9599310885968811,15140
0.485,1.1344640137963142,8396
0.485,1.308996938995747,5520
0.485,1.4835298641951802,4425
0.485,1.658062789394613,4634
0.485,1.8325957145940461,5731
0.485,2.007128639793479,8676
0.485,2.181661564992912,14970
0.485,2.356194490192345,28093
0.485,2.530727415391778,49020
0.485,2.705260340591211,75825
0.485,2.879793265790644,94495
0.485,3.0543261909900767,89671
0.485,3.2288591161895095,64168
0.485,3.4033920413889422,34104
0.485,3.577924966588375,14644
0.485,3.752457891787808,5351
0.485,3.9269908169872414,1723
0.485,4.101523742186675,552
0.485,4.276056667386107,210
0.485,4.4505895925855405,90
0.485,4.625122517784973,91
0.485,4.799655442984406,93
0.485,4.974188368183839,120
0.485,5.148721293383272,258
0.485,5.323254218582705,567
0.485,5.497787143782138,1734
0.485,5.672320068981571,5109
0.485,5.8468529941810035,14344
0.485,6.021385919380437,33364
0.485,6.19591884457987,61925
0.495,0.08726646259971647,92483
0.495,0.2617993877991494,97521
0.495,0.4363323129985824,78384
0.495,0.6108652381980153,51412
0.495,0.7853981633974483,29258
0.495,0.9599310885968811,16079
0.495,1.1344640137963142,9331
0.495,1.308996938995747,6054
0.495,1.4835298641951802,4880
0.495,1.658062789394613,4827
0.495,1.8325957145940461,5900
0.495,2.007128639793479,9106
0.495,2.181661564992912,15905
0.495,2.356194490192345,29381
0.495,2.530727415391778,51937
0.495,2.705260340591211,79807
0.495,2.879793265790644,98934
0.495,3.0543261909900767,93999
0.495,3.2288591161895095,67392
0.495,3.4033920413889422,35938
0.495,3.577924966588375,15557
0.495,3.752457891787808,5664
0.495,3.9269908169872414,1888
0.495,4.101523742186675,606
0.495,4.276056667386107,233
0.495,4.4505895925855405,141
0.495,4.625122517784973,88
0.495,4.799655442984406,93
0.495,4.974188368183839,133
0.495,5.148721293383272,245
0.495,5.323254218582705,593
0.495,5.497787143782138,1815
0.495,5.672320068981571,5302
0.495,5.8468529941810035,15194
0.495,6.021385919380437,35338
0.495,6.19591884457987,65972
0.505,0.08726646259971647,97416
0.505,0.2617993877991494,102311
0.505,0.4363323129985824,83201
0.505,0.6108652381980153,54009
0.505,0.7853981633974483,31227
0.505,0.9599310885968811,17028
0.505,1.1344640137963142,9884
0.505,1.308996938995747,6408
0.505,1.4835298641951802,5004
0.505,1.658062789394613,4973
0.505,1.8325957145940461,6283
0.505,2.007128639793479,9768
0.505,2.181661564992912,17094
0.505,2.356194490192345,31512
0.505,2.530727415391778,54728
0.505,2.705260340591211,84445
0.505,2.879793265790644,104192
0.505,3.0543261909900767,98998
0.505,3.2288591161895095,70744
0.505,3.4033920413889422,37797
0.505,3.577924966588375,15930
0.505,3.752457891787808,5706
0.505,3.9269908169872414,1967
0.505,4.101523742186675,655
0.505,4.276056667386107,285
0.505,4.4505895925855405,128
0.505,4.625122517784973,89
0.505,4.799655442984406,108
0.505,4.974188368183839,129
0.505,5.148721293383272,256
0.505,5.323254218582705,685
0.505,5.497787143782138,1847
0.505,5.672320068981571,5754
0.505,5.8468529941810035,15681
0.505,6.021385919380437,37369
0.505,6.19591884457987,69326
0.515,0.08726646259971647,101725
0.515,0.2617993877991494,108044
0.515,0.4363323129985824,87625
0.515,0.6108652381980153,57239
0.515,0.7853981633974483,32347
0.515,0.9599310885968811,17790
0.515,1.1344640137963142,10231
0.515,1.308996938995747,6726
0.515,1.4835298641951802,5266
0.515,1.658062789394613,5317
0.515,1.8325957145940461,6739
0.515,2.007128639793479,10553
0.515,2.181661564992912,18076
0.515,2.356194490192345,32927
0.515,2.530727415391778,57201
0.515,2.705260340591211,87826
0.515,2.879793265790644,109296
0.515,3.0543261909900767,103187
0.515,3.2288591161895095,72664
0.515,3.4033920413889422,39612
0.515,3.577924966588375,16921
0.515,3.752457891787808,5982
0.515,3.9269908169872414,1930
0.515,4.101523742186675,700
0.515,4.276056667386107,283
0.515,4.4505895925855405,150
0.515,4.625122517784973,96
0.515,4.799655442984406,116
0.515,4.974188368183839,138
0.515,5.148721293383272,298
0.515,5.323254218582705,657
0.515,5.497787143782138,1922
0.515,5.672320068981571,6072
0.515,5.8468529941810035,16827
0.515,6.021385919380437,39176
0.515,6.19591884457987,72283
0.525,0.08726646259971647,106753
0.525,0.2617993877991494,112103
0.525,0.4363323129985824,91554
0.525,0.6108652381980153,59676
0.525,0.7853981633974483,34090
0.525,0.9599310885968811,18741
0.525,1.1344640137963142,10744
0.525,1.308996938995747,6895
0.525,1.4835298641951802,5620
0.525,1.658062789394613,5607
0.525,1.8325957145940461,7105
0.525,2.007128639793479,10754
0.525,2.181661564992912,19334
0.525,2.356194490192345,34713
0.525,2.530727415391778,60453
0.525,2.705260340591211,92056
0.525,2.879793265790644,113122
0.525,3.0543261909900767,108386
0.525,3.2288591161895095,77220
0.525,3.4033920413889422,41529
0.525,3.577924966588375,18076
0.525,3.752457891787808,6339
0.525,3.9269908169872414,2122
0.525,4.101523742186675,705
0.525,4.276056667386107,271
0.525,4.4505895925855405,158
0.525,4.625122517784973,102
0.525,4.799655442984406,104
0.525,4.974188368183839,120
0.525,5.148721293383272,288
0.525,5.323254218582705,746
0.525,5.497787143782138,1990
0.525,5.672320068981571,6257
0.525,5.8468529941810035,17321
0.525,6.021385919380437,40726
0.525,6.19591884457987,76429
0.535,0.08726646259971647,110548
0.535,0.2617993877991494,117331
0.535,0.4363323129985824,94903
0.535,0.6108652381980153,61519
0.535,0.7853981633974483,35329
0.535,0.9599310885968811,19235
0.535,1.1344640137963142,11101
0.535,1.308996938995747,7348
0.535,1.4835298641951802,5814
0.535,1.658062789394613,5826
0.535,1.8325957145940461,7385
0.535,2.007128639793479,11391
0.535,2.181661564992912,20023
0.535,2.356194490192345,36448
0.535,2.530727415391778,63549
0.535,2.705260340591211,96063
0.535,2.879793265790644,119138
0.535,3.0543261909900767,112566
0.535,3.2288591161895095,79877
0.535,3.4033920413889422,43204
0.535,3.577924966588375,18633
0.535,3.752457891787808,6746
0.535,3.9269908169872414,2288
0.535,4.101523742186675,817
0.535,4.276056667386107,307
0.535,4.4505895925855405,165
0.535,4.625122517784973,100
0.535,4.799655442984406,113
0.535,4.974188368183839,146
0.535,5.148721293383272,299
0.535,5.323254218582705,783
0.535,5.497787143782138,2198
0.535,5.672320068981571,6582
0.535,5.8468529941810035,18263
0.535,6.021385919380437,42896
0.535,6.19591884457987,79933
0.545,0.08726646259971647,115086
0.545,0.2617993877991494,120745
0.545,0.4363323129985824,98123
0.545,0.6108652381980153,63872
0.545,0.7853981633974483,36665
0.545,0.9599310885968811,20393
0.545,1.1344640137963142,11552
0.545,1.308996938995747,7669
0.545,1.4835298641951802,6106
0.545,1.658062789394613,5959
0.545,1.8325957145940461,7718
0.545,2.007128639793479,11963
0.545,2.181661564992912,20677
0.545,2.356194490192345,37939
0.545,2.530727415391778,65550
0.545,2.705260340591211,100368
0.545,2.879793265790644,123568
0.545,3.0543261909900767,117565
0.545,3.2288591161895095,83155
0.545,3.4033920413889422,44987
0.545,3.577924966588375,19101
0.545,3.752457891787808,6863
0.545,3.9269908169872414,2400
0.545,4.101523742186675,840
0.545,4.276056667386107,354
0.545,4.4505895925855405,181
0.545,4.625122517784973,113
0.545,4.799655442984406,123
0.545,4.974188368183839,168
0.545,5.148721293383272,300
0.545,5.323254218582705,809
0.545,5.497787143782138,2206
0.545,5.672320068981571,6850
0.545,5.8468529941810035,18745
0.545,6.021385919380437,43646
0.545,6.19591884457987,81494
0.555,0.08726646259971647,118775
0.555,0.2617993877991494,124619
0.555,0.4363323129985824,101251
0.555,0.6108652381980153,66377
0.555,0.7853981633974483,38000
0.555,0.9599310885968811,21065
0.555,1.1344640137963142,12293
0.555,1.308996938995747,7889
0.555,1.4835298641951802,6379
0.555,1.658062789394613,6480
0.555,1.8325957145940461,8084
0.555,2.007128639793479,12297
0.555,2.181661564992912,21499
0.555,2.356194490192345,38855
0.555,2.530727415391778,68407
0.555,2.705260340591211,104071
0.555,2.879793265790644,127299
0.555,3.0543261909900767,120850
0.555,3.2288591161895095,86053
0.555,3.4033920413889422,46456
0.555,3.577924966588375,19731
0.555,3.752457891787808,7202
0.555,3.9269908169872414,2456
0.555,4.101523742186675,804
0.555,4.276056667386107,339
0.555,4.4505895925855405,181
0.555,4.625122517784973,134
0.555,4.799655442984406,127
0.555,4.974188368183839,194
0.555,5.148721293383272,394
0.555,5.323254218582705,864
0.555,5.497787143782138,2392
0.555,5.672320068981571,6959
0.555,5.8468529941810035,19128
0.555,6.021385919380437,45127
0.555,6.19591884457987,83998
0.565,0.08726646259971647,121217
0.565,0.2617993877991494,127903
0.565,0.4363323129985824,103750
0.565,0.6108652381980153,67322
0.565,0.7853981633974483,39260
0.565,0.9599310885968811,21751
0.565,1.1344640137963142,12522
0.565,1.308996938995747,8380
0.565,1.4835298641951802,6819
0.565,1.658062789394613,6695
0.565,1.8325957145940461,8404
0.565,2.007128639793479,13003
0.565,2.181661564992912,22002
0.565,2.356194490192345,39987
0.565,2.530727415391778,70366
0.565,2.705260340591211,106468
0.565,2.879793265790644,131383
0.565,3.0543261909900767,124503
0.565,3.2288591161895095,88083
0.565,3.4033920413889422,47414
0.565,3.577924966588375,20062
0.565,3.752457891787808,7305
0.565,3.9269908169872414,2464
0.565,4.101523742186675,861
0.565,4.276056667386107,307
0.565,4.4505895925855405,163
0.565,4.625122517784973,98
0.565,4.799655442984406,130
0.565,4.974188368183839,215
0.565,5.148721293383272,371
0.565,5.323254218582705,893
0.565,5.497787143782138,2545
0.565,5.672320068981571,7235
0.565,5.8468529941810035,19825
0.565,6.021385919380437,46271
0.565,6.19591884457987,86019
0.575,0.08726646259971647,123477
0.575,0.2617993877991494,130677
0.575,0.4363323129985824,105722
0.575,0.6108652381980153,69580
0.575,0.7853981633974483,40135
0.575,0.9599310885968811,22261
0.575,1.1344640137963142,13050
0.575,1.308996938995747,8888
0.575,1.4835298641951802,7146
0.575,1.658062789394613,7249
0.575,1.8325957145940461,8945
0.575,2.007128639793479,13329
0.575,2.181661564992912,22801
0.575,2.356194490192345,41770
0.575,2.530727415391778,71196
0.575,2.705260340591211,108178
0.575,2.879793265790644,133301
0.575,3.0543261909900767,126082
0.575,3.2288591161895095,89672
0.575,3.4033920413889422,48676
0.575,3.577924966588375,20421
0.575,3.752457891787808,7513
0.575,3.9269908169872414,2495
0.575,4.101523742186675,903
0.575,4.276056667386107,365
0.575,4.4505895925855405,167
0.575,4.625122517784973,132
0.575,4.799655442984406,133
0.575,4.974188368183839,165
0.575,5.148721293383272,373
0.575,5.323254218582705,860
0.575,5.497787143782138,2452
0.575,5.672320068981571,7357
0.575,5.8468529941810035,20167
0.575,6.021385919380437,47757
0.575,6.19591884457987,87970
0.585,0.08726646259971647,124105
0.585,0.2617993877991494,131923
0.585,0.4363323129985824,107408
0.585,0.6108652381980153,69995
0.585,0.7853981633974483,40566
0.585,0.9599310885968811,22599
0.585,1.1344640137963142,13296
0.585,1.308996938995747,8987
0.585,1.4835298641951802,7335
0.585,1.658062789394613,7434
0.585,1.8325957145940461,9389
0.585,2.007128639793479,14158
0.585,2.181661564992912,23286
0.585,2.356194490192345,42231
0.585,2.530727415391778,73217
0.585,2.705260340591211,109536
0.585,2.879793265790644,134129
0.585,3.0543261909900767,126449
0.585,3.2288591161895095,90319
0.585,3.4033920413889422,49297
0.585,3.577924966588375,20919
0.585,3.752457891787808,7599
0.585,3.9269908169872414,2539
0.585,4.101523742186675,895
0.585,4.276056667386107,375
0.585,4.4505895925855405,195
0.585,4.625122517784973,127
0.585,4.799655442984406,105
0.585,4.974188368183839,202
0.585,5.148721293383272,373
0.585,5.323254218582705,880
0.585,5.497787143782138,2556
0.585,5.672320068981571,7311
0.585,5.8468529941810035,20335
0.585,6.021385919380437,47260
0.585,6.19591884457987,87562
0.595,0.08726646259971647,124600
0.595,0.2617993877991494,131942
0.595,0.4363323129985824,108131
0.595,0.6108652381980153,70537
0.595,0.7853981633974483,41135
0.595,0.9599310885968811,23136
0.595,1.1344640137963142,13555
0.595,1.308996938995747,9193
0.595,1.4835298641951802,7472
0.595,1.658062789394613,7598
0.595,1.8325957145940461,9688
0.595,2.007128639793479,14176
0.595,2.181661564992912,23936
0.595,2.356194490192345,42556
0.595,2.530727415391778,72643
0.595,2.705260340591211,109355
0.595,2.879793265790644,133278
0.595,3.0543261909900767,125474
0.595,3.2288591161895095,89358
0.595,3.4033920413889422,48410
0.595,3.577924966588375,20832
0.595,3.752457891787808,7670
0.595,3.9269908169872414,2583
0.595,4.101523742186675,959
0.595,4.276056667386107,412
0.595,4.4505895925855405,201
0.595,4.625122517784973,145
0.595,4.799655442984406,119
0.595,4.974188368183839,192
0.595,5.148721293383272,353
0.595,5.323254218582705,876
0.595,5.497787143782138,2560
0.595,5.672320068981571,7609
0.595,5.8468529941810035,20720
0.595,6.021385919380437,47388
0.595,6.19591884457987,88306
0.605,0.08726646259971647,123344
0.605,0.2617993877991494,130881
0.605,0.4363323129985824,106759
0.605,0.6108652381980153,70993
0.605,0.7853981633974483,41325
0.605,0.9599310885968811,23137
0.605,1.1344640137963142,13982
0.605,1.308996938995747,9342
0.605,1.4835298641951802,7464
0.605,1.658062789394613,7611
0.605,1.8325957145940461,9700
0.605,2.007128639793479,14292
0.605,2.181661564992912,24112
0.605,2.356194490192345,42409
0.605,2.530727415391778,72358
0.605,2.705260340591211,108287
0.605,2.879793265790644,132186
0.605,3.0543261909900767,125179
0.605,3.2288591161895095,89483
0.605,3.4033920413889422,48835
0.605,3.577924966588375,20977
0.605,3.752457891787808,7744
0.605,3.9269908169872414,2671
0.605,4.101523742186675,1004
0.605,4.276056667386107,461
0.605,4.4505895925855405,219
0.605,4.625122517784973,148
0.605,4.799655442984406,132
0.605,4.974188368183839,228
0.605,5.148721293383272,360
0.605,5.323254218582705,925
0.605,5.497787143782138,2505
0.605,5.672320068981571,7370
0.605,5.8468529941810035,20226
0.605,6.021385919380437,46968
0.605,6.19591884457987,88246
0.615,0.08726646259971647,122111
0.615,0.2617993877991494,129334
0.615,0.4363323129985824,105672
0.615,0.6108652381980153,70443
0.615,0.7853981633974483,41381
0.615,0.9599310885968811,23292
0.615,1.1344640137963142,13967
0.615,1.308996938995747,9713
0.615,1.4835298641951802,7677
0.615,1.658062789394613,7754
0.615,1.8325957145940461,9633
0.615,2.007128639793479,14309
0.615,2.181661564992912,23788
0.615,2.356194490192345,41836
0.615,2.530727415391778,71694
0.615,2.705260340591211,107453
0.615,2.879793265790644,131083
0.615,3.0543261909900767,123078
0.615,3.2288591161895095,88120
0.615,3.4033920413889422,47382
0.615,3.577924966588375,20332
0.615,3.752457891787808,7834
0.615,3.9269908169872414,2624
0.615,4.101523742186675,959
0.615,4.276056667386107,437
0.615,4.4505895925855405,245
0.615,4.625122517784973,161
0.615,4.799655442984406,125
0.615,4.974188368183839,175
0.615,5.148721293383272,371
0.615,5.323254218582705,882
0.615,5.497787143782138,2431
0.615,5.672320068981571,7348
0.615,5.8468529941810035,20271
0.615,6.021385919380437,47003
0.615,6.19591884457987,87258
0.625,0.08726646259971647,119237
0.625,0.2617993877991494,127005
0.625,0.4363323129985824,104450
0.625,0.6108652381980153,69751
0.625,0.7853981633974483,40664
0.625,0.9599310885968811,22987
0.625,1.1344640137963142,13555
0.625,1.308996938995747,9403
0.625,1.4835298641951802,7586
0.625,1.658062789394613,7590
0.625,1.8325957145940461,9703
0.625,2.007128639793479,14325
0.625,2.181661564992912,23453
0.625,2.356194490192345,41574
0.625,2.530727415391778,70311
0.625,2.705260340591211,105367
0.625,2.879793265790644,127863
0.625,3.0543261909900767,120855
0.625,3.2288591161895095,86202
0.625,3.4033920413889422,46389
0.625,3.577924966588375,20365
0.625,3.752457891787808,7434
0.625,3.9269908169872414,2565
0.625,4.101523742186675,909
0.625,4.276056667386107,416
0.625,4.4505895925855405,215
0.625,4.625122517784973,179
0.625,4.799655442984406,157
0.625,4.974188368183839,189
0.625,5.148721293383272,369
0.625,5.323254218582705,920
0.625,5.497787143782138,2483
0.625,5.672320068981571,7272
0.625,5.8468529941810035,19802
0.625,6.021385919380437,45818
0.625,6.19591884457987,84998
0.635,0.08726646259971647,116323
0.635,0.2617993877991494,122827
0.635,0.4363323129985824,101052
0.635,0.6108652381980153,67794
0.635,0.7853981633974483,40119
0.635,0.9599310885968811,22405
0.635,1.1344640137963142,13382
0.635,1.308996938995747,9093
0.635,1.4835298641951802,7357
0.635,1.658062789394613,7347
0.635,1.8325957145940461,9471
0.635,2.007128639793479,13845
0.635,2.181661564992912,23289
0.635,2.356194490192345,40500
0.635,2.530727415391778,68432
0.635,2.705260340591211,101898
0.635,2.879793265790644,123907
0.635,3.0543261909900767,116781
0.635,3.2288591161895095,82337
0.635,3.4033920413889422,45148
0.635,3.577924966588375,19698
0.635,3.752457891787808,7075
0.635,3.9269908169872414,2612
0.635,4.101523742186675,923
0.635,4.276056667386107,364
0.635,4.4505895925855405,230
0.635,4.625122517784973,178
0.635,4.799655442984406,131
0.635,4.974188368183839,235
0.635,5.148721293383272,430
0.635,5.323254218582705,934
0.635,5.497787143782138,2469
0.635,5.672320068981571,7117
0.635,5.8468529941810035,19184
0.635,6.021385919380437,44717
0.635,6.19591884457987,82374
0.645,0.08726646259971647,110579
0.645,0.2617993877991494,118171
0.645,0.4363323129985824,97322
0.645,0.6108652381980153,66006
0.645,0.7853981633974483,38875
0.645,0.9599310885968811,22286
0.645,1.1344640137963142,13393
0.645,1.308996938995747,9113
0.645,1.4835298641951802,7219
0.645,1.658062789394613,7448
0.645,1.8325957145940461,9297
0.645,2.007128639793479,13471
0.645,2.181661564992912,22849
0.645,2.356194490192345,39161
0.645,2.530727415391778,66499
0.645,2.705260340591211,98167
0.645,2.879793265790644,119250
0.645,3.0543261909900767,111553
0.645,3.2288591161895095,79653
0.645,3.4033920413889422,43168
0.645,3.577924966588375,18788
0.645,3.752457891787808,6944
0.645,3.9269908169872414,2405
0.645,4.101523742186675,884
0.645,4.276056667386107,415
0.645,4.4505895925855405,212
0.645,4.625122517784973,160
0.645,4.799655442984406,157
0.645,4.974188368183839,218
0.645,5.148721293383272,412
0.645,5.323254218582705,897
0.645,5.497787143782138,2465
0.645,5.672320068981571,6755
0.645,5.8468529941810035,18616
0.645,6.021385919380437,42792
0.645,6.19591884457987,78806
0.655,0.08726646259971647,104545
0.655,0.2617993877991494,111765
0.655,0.4363323129985824,92540
0.655,0.6108652381980153,62479
0.655,0.7853981633974483,37369
0.655,0.9599310885968811,21477
0.655,1.1344640137963142,12990
0.655,1.308996938995747,8970
0.655,1.4835298641951802,7337
0.655,1.658062789394613,7456
0.655,1.8325957145940461,9248
0.655,2.007128639793479,13155
0.655,2.181661564992912,21935
0.655,2.356194490192345,37644
0.655,2.530727415391778,63403
0.655,2.705260340591211,93345
0.655,2.879793265790644,113344
0.655,3.0543261909900767,105962
0.655,3.2288591161895095,75656
0.655,3.4033920413889422,41187
0.655,3.577924966588375,17818
0.655,3.752457891787808,6530
0.655,3.9269908169872414,2334
0.655,4.101523742186675,879
0.655,4.276056667386107,414
0.655,4.4505895925855405,213
0.655,4.625122517784973,152
0.655,4.799655442984406,154
0.655,4.974188368183839,167
0.655,5.148721293383272,348
0.655,5.323254218582705,853
0.655,5.497787143782138,2355
0.655,5.672320068981571,6573
0.655,5.8468529941810035,17596
0.655,6.021385919380437,40484
0.655,6.19591884457987,74149
0.665,0.08726646259971647,97824
0.665,0.2617993877991494,104438
0.665,0.4363323129985824,86952
0.665,0.6108652381980153,58889
0.665,0.7853981633974483,35442
0.665,0.9599310885968811,20158
0.665,1.1344640137963142,12361
0.665,1.308996938995747,8718
0.665,1.4835298641951802,7219
0.665,1.658062789394613,7040
0.665,1.8325957145940461,8772
0.665,2.007128639793479,12514
0.665,2.181661564992912,20577
0.665,2.356194490192345,35572
0.665,2.530727415391778,59701
0.665,2.705260340591211,87790
0.665,2.879793265790644,105925
0.665,3.0543261909900767,99251
0.665,3.2288591161895095,70655
0.665,3.4033920413889422,38506
0.665,3.577924966588375,16859
0.665,3.752457891787808,6303
0.665,3.9269908169872414,2310
0.665,4.101523742186675,883
0.665,4.276056667386107,393
0.665,4.4505895925855405,208
0.665,4.625122517784973,129
0.665,4.799655442984406,147
0.665,4.974188368183839,200
0.665,5.148721293383272,346
0.665,5.323254218582705,842
0.665,5.497787143782138,2173
0.665,5.672320068981571,6123
0.665,5.8468529941810035,16680
0.665,6.021385919380437,38049
0.665,6.19591884457987,69479
0.675,0.08726646259971647,89401
0.675,0.2617993877991494,95535
0.675,0.4363323129985824,80303
0.675,0.6108652381980153,54754
0.675,0.7853981633974483,33159
0.675,0.9599310885968811,18921
0.675,1.1344640137963142,11879
0.675,1.308996938995747,8196
0.675,1.4835298641951802,6944
0.675,1.658062789394613,6995
0.675,1.8325957145940461,8642
0.675,2.007128639793479,12169
0.675,2.181661564992912,19262
0.675,2.356194490192345,32852
0.675,2.530727415391778,55626
0.675,2.705260340591211,81023
0.675,2.879793265790644,97067
0.675,3.0543261909900767,90574
0.675,3.2288591161895095,64410
0.675,3.4033920413889422,35522
0.675,3.577924966588375,15398
0.675,3.752457891787808,5810
0.675,3.9269908169872414,2083
0.675,4.101523742186675,818
0.675,4.276056667386107,359
0.675,4.4505895925855405,211
0.675,4.625122517784973,139
0.675,4.799655442984406,155
0.675,4.974188368183839,187
0.675,5.148721293383272,315
0.675,5.323254218582705,765
0.675,5.497787143782138,1995
0.675,5.672320068981571,5777
0.675,5.8468529941810035,15370
0.675,6.021385919380437,34685
0.675,6.19591884457987,63737
0.685,0.08726646259971647,79070
0.685,0.2617993877991494,85534
0.685,0.4363323129985824,71213
0.685,0.6108652381980153,48992
0.685,0.7853981633974483,30152
0.685,0.9599310885968811,17736
0.685,1.1344640137963142,11087
0.685,1.308996938995747,7843
0.685,1.4835298641951802,6512
0.685,1.658062789394613,6557
0.685,1.8325957145940461,8007
0.685,2.007128639793479,11138
0.685,2.181661564992912,17697
0.685,2.356194490192345,30051
0.685,2.530727415391778,49134
0.685,2.705260340591211,72121
0.685,2.879793265790644,85456
0.685,3.0543261909900767,80629
0.685,3.2288591161895095,57271
0.685,3.4033920413889422,31464
0.685,3.577924966588375,13913
0.685,3.752457891787808,5304
0.685,3.9269908169872414,1929
0.685,4.101523742186675,692
0.685,4.276056667386107,328
0.685,4.4505895925855405,221
0.685,4.625122517784973,139
0.685,4.799655442984406,139
0.685,4.974188368183839,157
0.685,5.148721293383272,271
0.685,5.323254218582705,714
0.685,5.497787143782138,1838
0.685,5.672320068981571,5144
0.685,5.8468529941810035,13877
0.685,6.021385919380437,30819
0.685,6.19591884457987,56160
0.695,0.08726646259971647,68635
0.695,0.2617993877991494,74062
0.695,0.4363323129985824,62089
0.695,0.6108652381980153,43326
0.695,0.7853981633974483,26390
0.695,0.9599310885968811,15926
0.695,1.1344640137963142,9906
0.695,1.308996938995747,7138
0.695,1.4835298641951802,6025
0.695,1.658062789394613,6025
0.695,1.8325957145940461,7258
0.695,2.007128639793479,10087
0.695,2.181661564992912,15734
0.695,2.356194490192345,26666
0.695,2.530727415391778,43120
0.695,2.705260340591211,62748
0.695,2.879793265790644,74336
0.695,3.0543261909900767,69912
0.695,3.2288591161895095,49131
0.695,3.4033920413889422,27508
0.695,3.577924966588375,12215
0.695,3.752457891787808,4686
0.695,3.9269908169872414,1622
0.695,4.101523742186675,603
0.695,4.276056667386107,317
0.695,4.4505895925855405,171
0.695,4.625122517784973,128
0.695,4.799655442984406,101
0.695,4.974188368183839,139
0.695,5.148721293383272,255
0.695,5.323254218582705,610
0.695,5.497787143782138,1638
0.695,5.672320068981571,4563
0.695,5.8468529941810035,11967
0.695,6.021385919380437,27081
0.695,6.19591884457987,48507
0.705,0.08726646259971647,57340
0.705,0.2617993877991494,61991
0.705,0.4363323129985824,53459
0.705,0.6108652381980153,37207
0.705,0.7853981633974483,23135
0.705,0.9599310885968811,13964
0.705,1.1344640137963142,8991
0.705,1.308996938995747,6649
0.705,1.4835298641951802,5313
0.705,1.658062789394613,5397
0.705,1.8325957145940461,6685
0.705,2.007128639793479,8946
0.705,2.181661564992912,13815
0.705,2.356194490192345,23333
0.705,2.530727415391778,37241
0.705,2.705260340591211,53439
0.705,2.879793265790644,62679
0.705,3.0543261909900767,57880
0.705,3.2288591161895095,41545
0.705,3.4033920413889422,23065
0.705,3.577924966588375,10430
0.705,3.752457891787808,3926
0.705,3.9269908169872414,1366
0.705,4.101523742186675,504
0.705,4.276056667386107,238
0.705,4.4505895925855405,181
0.705,4.625122517784973,102
0.705,4.799655442984406,120
0.705,4.974188368183839,132
0.705,5.148721293383272,244
0.705,5.323254218582705,548
0.705,5.497787143782138,1487
0.705,5.672320068981571,4036
0.705,5.8468529941810035,10137
0.705,6.021385919380437,22625
0.705,6.19591884457987,41024
0.715,0.08726646259971647,45552
0.715,0.2617993877991494,49606
0.715,0.4363323129985824,42579
0.715,0.6108652381980153,30190
0.715,0.7853981633974483,19103
0.715,0.9599310885968811,11910
0.715,1.1344640137963142,7730
0.715,1.308996938995747,5791
0.715,1.4835298641951802,4837
0.715,1.658062789394613,4744
0.715,1.8325957145940461,5477
0.715,2.007128639793479,7797
0.715,2.181661564992912,11842
0.715,2.356194490192345,19415
0.715,2.530727415391778,30640
0.715,2.705260340591211,42897
0.715,2.879793265790644,49918
0.715,3.0543261909900767,45899
0.715,3.2288591161895095,33011
0.715,3.4033920413889422,18264
0.715,3.577924966588375,8633
0.715,3.752457891787808,3279
0.715,3.9269908169872414,1277
0.715,4.101523742186675,525
0.715,4.276056667386107,260
0.715,4.4505895925855405,154
0.715,4.625122517784973,104
0.715,4.799655442984406,101
0.715,4.974188368183839,127
0.715,5.148721293383272,194
0.715,5.323254218582705,495
0.715,5.497787143782138,1264
0.715,5.672320068981571,3387
0.715,5.8468529941810035,8096
0.715,6.021385919380437,17976
0.715,6.19591884457987,32474
0.725,0.08726646259971647,34357
0.725,0.2617993877991494,37323
0.725,0.4363323129985824,32332
0.725,0.6108652381980153,23555
0.725,0.7853981633974483,15380
0.725,0.9599310885968811,9675
0.725,1.1344640137963142,6686
0.725,1.308996938995747,4947
0.725,1.4835298641951802,4107
0.725,1.658062789394613,4155
0.725,1.8325957145940461,4822
0.725,2.007128639793479,6463
0.725,2.181661564992912,9521
0.725,2.356194490192345,15375
0.725,2.530727415391778,23276
0.725,2.705260340591211,32454
0.725,2.879793265790644,37168
0.725,3.0543261909900767,34165
0.725,3.2288591161895095,24354
0.725,3.4033920413889422,13856
0.725,3.577924966588375,6562
0.725,3.752457891787808,2731
0.725,3.9269908169872414,1085
0.725,4.101523742186675,505
0.725,4.276056667386107,269
0.725,4.4505895925855405,175
0.725,4.625122517784973,113
0.725,4.799655442984406,112
0.725,4.974188368183839,134
0.725,5.148721293383272,173
0.725,5.323254218582705,426
0.725,5.497787143782138,1022
0.725,5.672320068981571,2634
0.725,5.8468529941810035,6416
0.725,6.021385919380437,13696
0.725,6.19591884457987,24373
0.735,0.08726646259971647,23768
0.735,0.2617993877991494,25959
0.735,0.4363323129985824,22993
0.735,0.6108652381980153,17073
0.735,0.7853981633974483,11525
0.735,0.9599310885968811,7828
0.735,1.1344640137963142,5267
0.735,1.308996938995747,3922
0.735,1.4835298641951802,3303
0.735,1.658062789394613,3383
0.735,1.8325957145940461,4022
0.735,2.007128639793479,5197
0.735,2.181661564992912,7473
0.735,2.356194490192345,11485
0.735,2.530727415391778,17326
0.735,2.705260340591211,22623
0.735,2.879793265790644,25833
0.735,3.0543261909900767,23054
0.735,3.2288591161895095,16974
0.735,3.4033920413889422,9681
0.735,3.577924966588375,4823
0.735,3.752457891787808,2133
0.735,3.9269908169872414,827
0.735,4.101523742186675,397
0.735,4.276056667386107,276
0.735,4.4505895925855405,177
0.735,4.625122517784973,130
0.735,4.799655442984406,122
0.735,4.974188368183839,154
0.735,5.148721293383272,225
0.735,5.323254218582705,406
0.735,5.497787143782138,861
0.735,5.672320068981571,2020
0.735,5.8468529941810035,4606
0.735,6.021385919380437,9704
0.735,6.19591884457987,17040
0.745,0.08726646259971647,14598
0.745,0.2617993877991494,15954
0.745,0.4363323129985824,14250
0.745,0.6108652381980153,10924
0.745,0.7853981633974483,7852
0.745,0.9599310885968811,5485
0.745,1.1344640137963142,3970
0.745,1.308996938995747,3170
0.745,1.4835298641951802,2594
0.745,1.658062789394613,2547
0.745,1.8325957145940461,3146
0.745,2.007128639793479,4105
0.745,2.181661564992912,5617
0.745,2.356194490192345,8078
0.745,2.530727415391778,11258
0.745,2.705260340591211,14295
0.745,2.879793265790644,15835
0.745,3.0543261909900767,14055
0.745,3.2288591161895095,10436
0.745,3.4033920413889422,6219
0.745,3.577924966588375,3118
0.745,3.752457891787808,1442
0.745,3.9269908169872414,696
0.745,4.101523742186675,345
0.745,4.276056667386107,202
0.745,4.4505895925855405,180
0.745,4.625122517784973,143
0.745,4.799655442984406,161
0.745,4.974188368183839,194
0.745,5.148721293383272,265
0.745,5.323254218582705,397
0.745,5.497787143782138,718
0.745,5.672320068981571,1435
0.745,5.8468529941810035,3068
0.745,6.021385919380437,6244
0.745,6.19591884457987,10524
0.755,0.08726646259971647,8050
0.755,0.2617993877991494,8949
0.755,0.4363323129985824,8299
0.755,0.6108652381980153,6484
0.755,0.7853981633974483,4827
0.755,0.9599310885968811,3554
0.755,1.1344640137963142,2740
0.755,1.308996938995747,2161
0.755,1.4835298641951802,1729
0.755,1.658062789394613,1703
0.755,1.8325957145940461,2282
0.755,2.007128639793479,2784
0.755,2.181661564992912,3620
0.755,2.356194490192345,4813
0.755,2.530727415391778,6491
0.755,2.705260340591211,8007
0.755,2.879793265790644,8599
0.755,3.0543261909900767,7637
0.755,3.2288591161895095,5653
0.755,3.4033920413889422,3336
0.755,3.577924966588375,1758
0.755,3.752457891787808,878
0.755,3.9269908169872414,468
0.755,4.101523742186675,241
0.755,4.276056667386107,171
0.755,4.4505895925855405,143
0.755,4.625122517784973,164
0.755,4.799655442984406,158
0.755,4.974188368183839,174
0.755,5.148721293383272,205
0.755,5.323254218582705,270
0.755,5.497787143782138,429
0.755,5.672320068981571,926
0.755,5.8468529941810035,1814
0.755,6.021385919380437,3319
0.755,6.19591884457987,5707
0.765,0.08726646259971647,3934
0.765,0.2617993877991494,4593
0.765,0.4363323129985824,4209
0.765,0.6108652381980153,3431
0.765,0.7853981633974483,2431
0.765,0.9599310885968811,1849
0.765,1.1344640137963142,1333
0.765,1.308996938995747,935
0.765,1.4835298641951802,738
0.765,1.658062789394613,701
0.765,1.8325957145940461,989
0.765,2.007128639793479,1404
0.765,2.181661564992912,1910
0.765,2.356194490192345,2555
0.765,2.530727415391778,3308
0.765,2.705260340591211,3998
0.765,2.879793265790644,4355
0.765,3.0543261909900767,3875
0.765,3.2288591161895095,2718
0.765,3.4033920413889422,1731
0.765,3.577924966588375,868
0.765,3.752457891787808,409
0.765,3.9269908169872414,203
0.765,4.101523742186675,144
0.765,4.276056667386107,81
0.765,4.4505895925855405,70
0.765,4.625122517784973,77
0.765,4.799655442984406,67
0.765,4.974188368183839,81
0.765,5.148721293383272,102
0.765,5.323254218582705,144
0.765,5.497787143782138,244
0.765,5.672320068981571,460
0.765,5.8468529941810035,864
0.765,6.021385919380437,1639
0.765,6.19591884457987,2900
0.775,0.08726646259971647,2518
0.775,0.2617993877991494,2593
0.775,0.4363323129985824,2080
0.775,0.6108652381980153,1420
0.775,0.7853981633974483,904
0.775,0.9599310885968811,610
0.775,1.1344640137963142,301
0.775,1.308996938995747,93
0.775,1.4835298641951802,35
0.775,1.658062789394613,21
0.775,1.8325957145940461,80
0.775,2.007128639793479,282
0.775,2.181661564992912,642
0.775,2.356194490192345,971
0.775,2.530727415391778,1412
0.775,2.705260340591211,1913
0.775,2.879793265790644,2439
0.775,3.0543261909900767,2388
0.775,3.2288591161895095,1731
0.775,3.4033920413889422,912
0.775,3.577924966588375,400
0.775,3.752457891787808,156
0.775,3.9269908169872414,60
0.775,4.101523742186675,32
0.775,4.276056667386107,15
0.775,4.4505895925855405,2
0.775,4.625122517784973,5
0.775,4.799655442984406,6
0.775,4.974188368183839,11
0.775,5.148721293383272,24
0.775,5.323254218582705,49
0.775,5.497787143782138,91
0.775,5.672320068981571,173
0.775,5.8468529941810035,425
0.775,6.021385919380437,997
0.775,6.19591884457987,1785
0.785,0.08726646259971647,2045
0.785,0.2617993877991494,1924
0.785,0.4363323129985824,1266
0.785,0.6108652381980153,568
0.785,0.7853981633974483,199
0.785,0.9599310885968811,34
0.785,1.1344640137963142,3
0.785,1.308996938995747,2
0.785,1.4835298641951802,1
0.785,1.658062789394613,0
0.785,1.8325957145940461,0
0.785,2.007128639793479,4
0.785,2.181661564992912,48
0.785,2.356194490192345,212
0.785,2.530727415391778,572
0.785,2.705260340591211,1120
0.785,2.879793265790644,1789
0.785,3.0543261909900767,1907
0.785,3.2288591161895095,1353
0.785,3.4033920413889422,732
0.785,3.577924966588375,253
0.785,3.752457891787808,64
0.785,3.9269908169872414,14
0.785,4.101523742186675,1
0.785,4.276056667386107,0
0.785,4.4505895925855405,0
0.785,4.625122517784973,0
0.785,4.799655442984406,0
0.785,4.974188368183839,0
0.785,5.148721293383272,1
0.785,5.323254218582705,4
0.785,5.497787143782138,19
0.785,5.672320068981571,91
0.785,5.8468529941810035,276
0.785,6.021385919380437,739
0.785,6.19591884457987,1452
0.795,0.08726646259971647,1915
0.795,0.2617993877991494,1644
0.795,0.4363323129985824,990
0.795,0.6108652381980153,293
0.795,0.7853981633974483,13
0.795,0.9599310885968811,0
0.795,1.1344640137963142,2
0.795,1.308996938995747,0
0.795,1.4835298641951802,0
0.795,1.658062789394613,0
0.795,1.8325957145940461,1
0.795,2.007128639793479,0
0.795,2.181661564992912,0
0.795,2.356194490192345,12
0.795,2.530727415391778,246
0.795,2.705260340591211,900
0.795,2.879793265790644,1493
0.795,3.0543261909900767,1583
0.795,3.2288591161895095,1187
0.795,3.4033920413889422,585
0.795,3.577924966588375,238
0.795,3.752457891787808,38
0.795,3.9269908169872414,2
0.795,4.101523742186675,0
0.795,4.276056667386107,0
0.795,4.4505895925855405,0
0.795,4.625122517784973,0
0.795,4.799655442984406,0
0.795,4.974188368183839,0
0.795,5.148721293383272,0
0.795,5.323254218582705,0
0.795,5.497787143782138,2
0.795,5.672320068981571,31
0.795,5.8468529941810035,204
0.795,6.021385919380437,626
0.795,6.19591884457987,1327
0.805,0.08726646259971647,1589
0.805,0.2617993877991494,1437
0.805,0.4363323129985824,795
0.805,0.6108652381980153,245
0.805,0.7853981633974483,7
0.805,0.9599310885968811,0
0.805,1.1344640137963142,0
0.805,1.308996938995747,0
0.805,1.4835298641951802,0
0.805,1.658062789394613,0
0.805,1.8325957145940461,0
0.805,2.007128639793479,0
0.805,2.181661564992912,0
0.805,2.356194490192345,5
0.805,2.530727415391778,197
0.805,2.705260340591211,749
0.805,2.879793265790644,1331
0.805,3.0543261909900767,1503
0.805,3.2288591161895095,1011
0.805,3.4033920413889422,477
0.805,3.577924966588375,179
0.805,3.752457891787808,34
0.805,3.9269908169872414,1
0.805,4.101523742186675,0
0.805,4.276056667386107,0
0.805,4.4505895925855405,0
0.805,4.625122517784973,0
0.805,4.799655442984406,0
0.805,4.974188368183839,0
0.805,5.148721293383272,0
0.805,5.323254218582705,0
0.805,5.497787143782138,1
0.805,5.672320068981571,25
0.805,5.8468529941810035,160
0.805,6.021385919380437,588
0.805,6.19591884457987,1186
0.815,0.08726646259971647,1321
0.815,0.2617993877991494,1173
0.815,0.4363323129985824,638
0.815,0.6108652381980153,142
0.815,0.7853981633974483,3
0.815,0.9599310885968811,0
0.815,1.1344640137963142,0
0.815,1.308996938995747,0
0.815,1.4835298641951802,0
0.815,1.658062789394613,1
0.815,1.8325957145940461,0
0.815,2.007128639793479,0
0.815,2.181661564992912,0
0.815,2.356194490192345,8
0.815,2.530727415391778,176
0.815,2.705260340591211,561
0.815,2.879793265790644,1038
0.815,3.0543261909900767,1223
0.815,3.2288591161895095,891
0.815,3.4033920413889422,464
0.815,3.577924966588375,128
0.815,3.752457891787808,23
0.815,3.9269908169872414,0
0.815,4.101523742186675,0
0.815,4.276056667386107,0
0.815,4.4505895925855405,0
0.815,4.625122517784973,0
0.815,4.799655442984406,0
0.815,4.974188368183839,0
0.815,5.148721293383272,0
0.815,5.323254218582705,0
0.815,5.497787143782138,0
0.815,5.672320068981571,32
0.815,5.8468529941810035,151
0.815,6.021385919380437,453
0.815,6.19591884457987,894
0.825,0.08726646259971647,968
0.825,0.2617993877991494,770
0.825,0.4363323129985824,408
0.825,0.6108652381980153,117
0.825,0.7853981633974483,7
0.825,0.9599310885968811,1
0.825,1.1344640137963142,0
0.825,1.308996938995747,0
0.825,1.4835298641951802,0
0.825,1.658062789394613,0
0.825,1.8325957145940461,0
0.825,2.007128639793479,0
0.825,2.181661564992912,0
0.825,2.356194490192345,11
0.825,2.530727415391778,112
0.825,2.705260340591211,383
0.825,2.879793265790644,701
0.825,3.0543261909900767,871
0.825,3.2288591161895095,673
0.825,3.4033920413889422,341
0.825,3.577924966588375,100
0.825,3.752457891787808,21
0.825,3.9269908169872414,0
0.825,4.101523742186675,0
0.825,4.276056667386107,0
0.825,4.4505895925855405,1
0.825,4.625122517784973,0
0.825,4.799655442984406,0
0.825,4.974188368183839,0
0.825,5.148721293383272,0
0.825,5.323254218582705,0
0.825,5.497787143782138,0
0.825,5.672320068981571,17
0.825,5.8468529941810035,95
0.825,6.021385919380437,365
0.825,6.19591884457987,665
0.835,0.08726646259971647,580
0.835,0.2617993877991494,504
0.835,0.4363323129985824,290
0.835,0.6108652381980153,99
0.835,0.7853981633974483,31
0.835,0.9599310885968811,6
0.835,1.1344640137963142,0
0.835,1.308996938995747,0
0.835,1.4835298641951802,0
0.835,1.658062789394613,1
0.835,1.8325957145940461,0
0.835,2.007128639793479,2
0.835,2.181661564992912,11
0.835,2.356194490192345,37
0.835,2.530727415391778,98
0.835,2.705260340591211,306
0.835,2.879793265790644,535
0.835,3.0543261909900767,631
0.835,3.2288591161895095,449
0.835,3.4033920413889422,226
0.835,3.577924966588375,67
0.835,3.752457891787808,11
0.835,3.9269908169872414,2
0.835,4.101523742186675,1
0.835,4.276056667386107,0
0.835,4.4505895925855405,0
0.835,4.625122517784973,1
0.835,4.799655442984406,0
0.835,4.974188368183839,0
0.835,5.148721293383272,0
0.835,5.323254218582705,0
0.835,5.497787143782138,2
0.835,5.672320068981571,18
0.835,5.8468529941810035,75
0.835,6.021385919380437,224
0.835,6.19591884457987,475
0.845,0.08726646259971647,374
0.845,0.2617993877991494,367
0.845,0.4363323129985824,275
0.845,0.6108652381980153,147
0.845,0.7853981633974483,100
0.845,0.9599310885968811,66
0.845,1.1344640137963142,29
0.845,1.308996938995747,14
0.845,1.4835298641951802,6
0.845,1.658062789394613,8
0.845,1.8325957145940461,28
0.845,2.007128639793479,37
0.845,2.181661564992912,61
0.845,2.356194490192345,100
0.845,2.530727415391778,147
0.845,2.705260340591211,255
0.845,2.879793265790644,375
0.845,3.0543261909900767,424
0.845,3.2288591161895095,310
0.845,3.4033920413889422,165
0.845,3.577924966588375,61
0.845,3.752457891787808,19
0.845,3.9269908169872414,11
0.845,4.101523742186675,9
0.845,4.276056667386107,10
0.845,4.4505895925855405,8
0.845,4.625122517784973,2
0.845,4.799655442984406,1
0.845,4.974188368183839,5
0.845,5.148721293383272,3
0.845,5.323254218582705,10
0.845,5.497787143782138,22
0.845,5.672320068981571,27
0.845,5.8468529941810035,49
0.845,6.021385919380437,141
0.845,6.19591884457987,254
0.855,0.08726646259971647,381
0.855,0.2617993877991494,391
0.855,0.4363323129985824,371
0.855,0.6108652381980153,301
0.855,0.7853981633974483,193
0.855,0.9599310885968811,123
0.855,1.1344640137963142,125
0.855,1.308996938995747,93
0.855,1.4835298641951802,85
0.855,1.658062789394613,63
0.855,1.8325957145940461,86
0.855,2.007128639793479,90
0.855,2.181661564992912,121
0.855,2.356194490192345,157
0.855,2.530727415391778,230
0.855,2.705260340591211,286
0.855,2.879793265790644,335
0.855,3.0543261909900767,302
0.855,3.2288591161895095,233
0.855,3.4033920413889422,170
0.855,3.577924966588375,92
0.855,3.752457891787808,61
0.855,3.9269908169872414,29
0.855,4.101523742186675,22
0.855,4.276056667386107,29
0.855,4.4505895925855405,27
0.855,4.625122517784973,22
0.855,4.799655442984406,23
0.855,4.974188368183839,15
0.855,5.148721293383272,16
0.855,5.323254218582705,21
0.855,5.497787143782138,21
0.855,5.672320068981571,49
0.855,5.8468529941810035,100
0.855,6.021385919380437,190
0.855,6.19591884457987,269
0.865,0.08726646259971647,582
0.865,0.2617993877991494,644
0.865,0.4363323129985824,599
0.865,0.6108652381980153,516
0.865,0.7853981633974483,340
0.865,0.9599310885968811,236
0.865,1.1344640137963142,183
0.865,1.308996938995747,167
0.865,1.4835298641951802,141
0.865,1.658062789394613,142
0.865,1.8325957145940461,143
0.865,2.007128639793479,184
0.865,2.181661564992912,224
0.865,2.356194490192345,297
0.865,2.530727415391778,447
0.865,2.705260340591211,500
0.865,2.879793265790644,554
0.865,3.0543261909900767,473
0.865,3.2288591161895095,365
0.865,3.4033920413889422,239
0.865,3.577924966588375,131
0.865,3.752457891787808,84
0.865,3.9269908169872414,39
0.865,4.101523742186675,39
0.865,4.276056667386107,41
0.865,4.4505895925855405,35
0.865,4.625122517784973,25
0.865,4.799655442984406,27
0.865,4.974188368183839,26
0.865,5.148721293383272,33
0.865,5.323254218582705,37
0.865,5.497787143782138,53
0.865,5.672320068981571,81
0.865,5.8468529941810035,128
0.865,6.021385919380437,230
0.865,6.19591884457987,420
0.875,0.08726646259971647,889
0.875,0.2617993877991494,1048
0.875,0.4363323129985824,930
0.875,0.6108652381980153,757
0.875,0.7853981633974483,500
0.875,0.9599310885968811,332
0.875,1.1344640137963142,231
0.875,1.308996938995747,174
0.875,1.4835298641951802,155
0.875,1.658062789394613,164
0.875,1.8325957145940461,207
0.875,2.007128639793479,238
0.875,2.181661564992912,327
0.875,2.356194490192345,456
0.875,2.530727415391778,631
0.875,2.705260340591211,858
0.875,2.879793265790644,848
0.875,3.0543261909900767,795
0.875,3.2288591161895095,588
0.875,3.4033920413889422,394
0.875,3.577924966588375,188
0.875,3.752457891787808,104
0.875,3.9269908169872414,57
0.875,4.101523742186675,41
0.875,4.276056667386107,32
0.875,4.4505895925855405,28
0.875,4.625122517784973,20
0.875,4.799655442984406,20
0.875,4.974188368183839,19
0.875,5.148721293383272,21
0.875,5.323254218582705,37
0.875,5.497787143782138,49
0.875,5.672320068981571,100
0.875,5.8468529941810035,171
0.875,6.021385919380437,349
0.875,6.19591884457987,652
0.885,0.08726646259971647,1418
0.885,0.2617993877991494,1473
0.885,0.4363323129985824,1322
0.885,0.6108652381980153,973
0.885,0.7853981633974483,605
0.885,0.9599310885968811,386
0.885,1.1344640137963142,254
0.885,1.308996938995747,165
0.885,1.4835298641951802,139
0.885,1.658062789394613,155
0.885,1.8325957145940461,224
0.885,2.007128639793479,312
0.885,2.181661564992912,391
0.885,2.356194490192345,566
0.885,2.530727415391778,828
0.885,2.705260340591211,1154
0.885,2.879793265790644,1276
0.885,3.0543261909900767,1240
0.885,3.2288591161895095,875
0.885,3.4033920413889422,549
0.885,3.577924966588375,259
0.885,3.752457891787808,118
0.885,3.9269908169872414,49
0.885,4.101523742186675,39
0.885,4.276056667386107,22
0.885,4.4505895925855405,14
0.885,4.625122517784973,13
0.885,4.799655442984406,19
0.885,4.974188368183839,20
0.885,5.148721293383272,35
0.885,5.323254218582705,42
0.885,5.497787143782138,55
0.885,5.672320068981571,110
0.885,5.8468529941810035,243
0.885,6.021385919380437,546
0.885,6.19591884457987,1017
0.895,0.08726646259971647,1798
0.895,0.2617993877991494,2006
0.895,0.4363323129985824,1798
0.895,0.6108652381980153,1189
0.895,0.7853981633974483,802
0.895,0.9599310885968811,462
0.895,1.1344640137963142,253
0.895,1.308996938995747,173
0.895,1.4835298641951802,158
0.895,1.658062789394613,189
0.895,1.8325957145940461,226
0.895,2.007128639793479,314
0.895,2.181661564992912,447
0.895,2.356194490192345,656
0.895,2.530727415391778,1024
0.895,2.705260340591211,1431
0.895,2.879793265790644,1801
0.895,3.0543261909900767,1745
0.895,3.2288591161895095,1197
0.895,3.4033920413889422,704
0.895,3.577924966588375,296
0.895,3.752457891787808,131
0.895,3.9269908169872414,47
0.895,4.101523742186675,26
0.895,4.276056667386107,8
0.895,4.4505895925855405,5
0.895,4.625122517784973,2
0.895,4.799655442984406,5
0.895,4.974188368183839,7
0.895,5.148721293383272,20
0.895,5.323254218582705,23
0.895,5.497787143782138,45
0.895,5.672320068981571,124
0.895,5.8468529941810035,299
0.895,6.021385919380437,685
0.895,6.19591884457987,1298
0.905,0.08726646259971647,2229
0.905,0.2617993877991494,2390
0.905,0.4363323129985824,2061
0.905,0.6108652381980153,1377
0.905,0.7853981633974483,838
0.905,0.9599310885968811,402
0.905,1.1344640137963142,242
0.905,1.308996938995747,187
0.905,1.4835298641951802,145
0.905,1.658062789394613,140
0.905,1.8325957145940461,181
0.905,2.007128639793479,285
0.905,2.181661564992912,421
0.905,2.356194490192345,708
0.905,2.530727415391778,1158
0.905,2.705260340591211,1690
0.905,2.879793265790644,2061
0.905,3.0543261909900767,1896
0.905,3.2288591161895095,1388
0.905,3.4033920413889422,764
0.905,3.577924966588375,359
0.905,3.752457891787808,147
0.905,3.9269908169872414,56
0.905,4.101523742186675,10
0.905,4.276056667386107,15
0.905,4.4505895925855405,7
0.905,4.625122517784973,4
0.905,4.799655442984406,6
0.905,4.974188368183839,4
0.905,5.148721293383272,12
0.905,5.323254218582705,28
0.905,5.497787143782138,44
0.905,5.672320068981571,144
0.905,5.8468529941810035,362
0.905,6.021385919380437,825
0.905,6.19591884457987,1498
0.915,0.08726646259971647,2499
0.915,0.2617993877991494,2663
0.915,0.4363323129985824,2215
0.915,0.6108652381980153,1429
0.915,0.7853981633974483,784
0.915,0.9599310885968811,454
0.915,1.1344640137963142,240
0.915,1.308996938995747,181
0.915,1.4835298641951802,150
0.915,1.658062789394613,156
0.915,1.8325957145940461,168
0.915,2.007128639793479,281
0.915,2.181661564992912,440
0.915,2.356194490192345,831
0.915,2.530727415391778,1352
0.915,2.705260340591211,1936
0.915,2.879793265790644,2305
0.915,3.0543261909900767,2177
0.915,3.2288591161895095,1518
0.915,3.4033920413889422,846
0.915,3.577924966588375,379
0.915,3.752457891787808,131
0.915,3.9269908169872414,38
0.915,4.101523742186675,24
0.915,4.276056667386107,8
0.915,4.4505895925855405,5
0.915,4.625122517784973,6
0.915,4.799655442984406,1
0.915,4.974188368183839,7
0.915,5.148721293383272,13
0.915,5.323254218582705,17
0.915,5.497787143782138,52
0.915,5.672320068981571,134
0.915,5.8468529941810035,409
0.915,6.021385919380437,950
0.915,6.19591884457987,1794
0.925,0.08726646259971647,2686
0.925,0.2617993877991494,2739
0.925,0.4363323129985824,2187
0.925,0.6108652381980153,1518
0.925,0.7853981633974483,796
0.925,0.9599310885968811,438
0.925,1.1344640137963142,268
0.925,1.308996938995747,187
0.925,1.4835298641951802,157
0.925,1.658062789394613,169
0.925,1.8325957145940461,172
0.925,2.007128639793479,274
0.925,2.181661564992912,421
0.925,2.356194490192345,864
0.925,2.530727415391778,1418
0.925,2.705260340591211,2113
0.925,2.879793265790644,2551
0.925,3.0543261909900767,2395
0.925,3.2288591161895095,1649
0.925,3.4033920413889422,912
0.925,3.577924966588375,418
0.925,3.752457891787808,138
0.925,3.9269908169872414,53
0.925,4.101523742186675,21
0.925,4.276056667386107,5
0.925,4.4505895925855405,15
0.925,4.625122517784973,7
0.925,4.799655442984406,6
0.925,4.974188368183839,4
0.925,5.148721293383272,6
0.925,5.323254218582705,17
0.925,5.497787143782138,67
0.925,5.672320068981571,165
0.925,5.8468529941810035,426
0.925,6.021385919380437,1018
0.925,6.19591884457987,1956
0.935,0.08726646259971647,2808
0.935,0.2617993877991494,2842
0.935,0.4363323129985824,2345
0.935,0.6108652381980153,1434
0.935,0.7853981633974483,867
0.935,0.9599310885968811,460
0.935,1.1344640137963142,283
0.935,1.308996938995747,207
0.935,1.4835298641951802,152
0.935,1.658062789394613,124
0.935,1.8325957145940461,180
0.935,2.007128639793479,284
0.935,2.181661564992912,462
0.935,2.356194490192345,858
0.935,2.530727415391778,1395
0.935,2.705260340591211,2152
0.935,2.879793265790644,2745
0.935,3.0543261909900767,2649
0.935,3.2288591161895095,1903
0.935,3.4033920413889422,982
0.935,3.577924966588375,451
0.935,3.752457891787808,173
0.935,3.9269908169872414,66
0.935,4.101523742186675,36
0.935,4.276056667386107,10
0.935,4.4505895925855405,8
0.935,4.625122517784973,10
0.935,4.799655442984406,12
0.935,4.974188368183839,12
0.935,5.148721293383272,11
0.935,5.323254218582705,24
0.935,5.497787143782138,63
0.935,5.672320068981571,204
0.935,5.8468529941810035,442
0.935,6.021385919380437,1036
0.935,6.19591884457987,2022
0.945,0.08726646259971647,2908
0.945,0.2617993877991494,2998
0.945,0.4363323129985824,2383
0.945,0.6108652381980153,1503
0.945,0.7853981633974483,892
0.945,0.9599310885968811,466
0.945,1.1344640137963142,258
0.945,1.308996938995747,162
0.945,1.4835298641951802,176
0.945,1.658062789394613,174
0.945,1.8325957145940461,213
0.945,2.007128639793479,264
0.945,2.181661564992912,427
0.945,2.356194490192345,834
0.945,2.530727415391778,1472
0.945,2.705260340591211,2440
0.945,2.879793265790644,2824
0.945,3.0543261909900767,2742
0.945,3.2288591161895095,1961
0.945,3.4033920413889422,1116
0.945,3.577924966588375,446
0.945,3.752457891787808,166
0.945,3.9269908169872414,60
0.945,4.101523742186675,28
0.945,4.276056667386107,13
0.945,4.4505895925855405,5
0.945,4.625122517784973,8
0.945,4.799655442984406,6
0.945,4.974188368183839,7
0.945,5.148721293383272,24
0.945,5.323254218582705,26
0.945,5.497787143782138,66
0.945,5.672320068981571,180
0.945,5.8468529941810035,464
0.945,6.021385919380437,1132
0.945,6.19591884457987,2046
0.955,0.08726646259971647,3044
0.955,0.2617993877991494,3101
0.955,0.4363323129985824,2484
0.955,0.6108652381980153,1546
0.955,0.7853981633974483,860
0.955,0.9599310885968811,482
0.955,1.1344640137963142,256
0.955,1.308996938995747,189
0.955,1.4835298641951802,140
0.955,1.658062789394613,154
0.955,1.8325957145940461,186
0.955,2.007128639793479,281
0.955,2.181661564992912,468
0.955,2.356194490192345,871
0.955,2.530727415391778,1638
0.955,2.705260340591211,2428
0.955,2.879793265790644,2999
0.955,3.0543261909900767,2964
0.955,3.2288591161895095,2112
0.955,3.4033920413889422,1205
0.955,3.577924966588375,479
0.955,3.752457891787808,172
0.955,3.9269908169872414,74
0.955,4.101523742186675,17
0.955,4.276056667386107,8
0.955,4.4505895925855405,7
0.955,4.625122517784973,5
0.955,4.799655442984406,6
0.955,4.974188368183839,7
0.955,5.148721293383272,8
0.955,5.323254218582705,36
0.955,5.497787143782138,76
0.955,5.672320068981571,195
0.955,5.8468529941810035,468
0.955,6.021385919380437,1188
0.955,6.19591884457987,2226
0.965,0.08726646259971647,3036
0.965,0.2617993877991494,3184
0.965,0.4363323129985824,2577
0.965,0.6108652381980153,1648
0.965,0.7853981633974483,928
0.965,0.9599310885968811,537
0.965,1.1344640137963142,339
0.965,1.308996938995747,203
0.965,1.4835298641951802,166
0.965,1.658062789394613,197
0.965,1.8325957145940461,206
0.965,2.007128639793479,328
0.965,2.181661564992912,477
0.965,2.356194490192345,931
0.965,2.530727415391778,1726
0.965,2.705260340591211,2537
0.965,2.879793265790644,3146
0.965,3.0543261909900767,3060
0.965,3.2288591161895095,2274
0.965,3.4033920413889422,1210
0.965,3.577924966588375,498
0.965,3.752457891787808,211
0.965,3.9269908169872414,53
0.965,4.101523742186675,31
0.965,4.276056667386107,9
0.965,4.4505895925855405,4
0.965,4.625122517784973,5
0.965,4.799655442984406,8
0.965,4.974188368183839,8
0.965,5.148721293383272,12
0.965,5.323254218582705,31
0.965,5.497787143782138,84
0.965,5.672320068981571,222
0.965,5.8468529941810035,577
0.965,6.021385919380437,1223
0.965,6.19591884457987,2132
0.975,0.08726646259971647,3012
0.975,0.2617993877991494,3183
0.975,0.4363323129985824,2687
0.975,0.6108652381980153,1856
0.975,0.7853981633974483,1007
0.975,0.9599310885968811,565
0.975,1.1344640137963142,327
0.975,1.308996938995747,229
0.975,1.4835298641951802,165
0.975,1.658062789394613,156
0.975,1.8325957145940461,231
0.975,2.007128639793479,309
0.975,2.181661564992912,533
0.975,2.356194490192345,1003
0.975,2.530727415391778,1717
0.975,2.705260340591211,2750
0.975,2.879793265790644,3387
0.975,3.0543261909900767,3166
0.975,3.2288591161895095,2301
0.975,3.4033920413889422,1186
0.975,3.577924966588375,523
0.975,3.752457891787808,190
0.975,3.9269908169872414,78
0.975,4.101523742186675,40
0.975,4.276056667386107,23
0.975,4.4505895925855405,11
0.975,4.625122517784973,14
0.975,4.799655442984406,10
0.975,4.974188368183839,10
0.975,5.148721293383272,11
0.975,5.323254218582705,34
0.975,5.497787143782138,93
0.975,5.672320068981571,191
0.975,5.8468529941810035,539
0.975,6.021385919380437,1198
0.975,6.19591884457987,2213
0.985,0.08726646259971647,3133
0.985,0.2617993877991494,3399
0.985,0.4363323129985824,2766
0.985,0.6108652381980153,1845
0.985,0.7853981633974483,997
0.985,0.9599310885968811,590
0.985,1.1344640137963142,350
0.985,1.308996938995747,180
0.985,1.4835298641951802,149
0.985,1.658062789394613,177
0.985,1.8325957145940461,222
0.985,2.007128639793479,349
0.985,2.181661564992912,565
0.985,2.356194490192345,1098
0.985,2.530727415391778,1878
0.985,2.705260340591211,2870
0.985,2.879793265790644,3420
0.985,3.0543261909900767,3286
0.985,3.2288591161895095,2376
0.985,3.4033920413889422,1294
0.985,3.577924966588375,582
0.985,3.752457891787808,193
0.985,3.9269908169872414,61
0.985,4.101523742186675,32
0.985,4.276056667386107,16
0.985,4.4505895925855405,8
0.985,4.625122517784973,13
0.985,4.799655442984406,6
0.985,4.974188368183839,12
0.985,5.148721293383272,10
0.985,5.323254218582705,30
0.985,5.497787143782138,57
0.985,5.672320068981571,179
0.985,5.8468529941810035,529
0.985,6.021385919380437,1196
0.985,6.19591884457987,2310
0.995,0.08726646259971647,3211
0.995,0.2617993877991494,3442
0.995,0.4363323129985824,2785
0.995,0.6108652381980153,1828
0.995,0.7853981633974483,1069
0.995,0.9599310885968811,602
0.995,1.1344640137963142,319
0.995,1.308996938995747,228
0.995,1.4835298641951802,187
0.995,1.658062789394613,166
0.995,1.8325957145940461,224
0.995,2.007128639793479,406
0.995,2.181661564992912,614
0.995,2.356194490192345,1038
0.995,2.530727415391778,1878
0.995,2.705260340591211,2977
0.995,2.879793265790644,3640
0.995,3.0543261909900767,3568
0.995,3.2288591161895095,2375
0.995,3.4033920413889422,1298
0.995,3.577924966588375,566
0.995,3.752457891787808,213
0.995,3.9269908169872414,84
0.995,4.101523742186675,31
0.995,4.276056667386107,20
0.995,4.4505895925855405,6
0.995,4.625122517784973,4
0.995,4.799655442984406,0
0.995,4.974188368183839,4
0.995,5.148721293383272,16
0.995,5.323254218582705,33
0.995,5.497787143782138,67
0.995,5.672320068981571,198
0.995,5.8468529941810035,551
0.995,6.021385919380437,1281
0.995,6.19591884457987,2342
