x,y,count
0.005,-2.2640624999999996,0
0.005,-2.1921874999999997,0
0.005,-2.1203125,0
0.005,-2.0484375,0
0.005,-1.9765624999999998,0
0.005,-1.9046874999999999,0
0.005,-1.8328124999999997,0
0.005,-1.7609374999999998,0
0.005,-1.6890625,0
0.005,-1.6171875,0
0.005,-1.5453124999999999,0
0.005,-1.4734374999999997,0
0.005,-1.4015624999999998,0
0.005,-1.3296875,0
0.005,-1.2578125,0
0.005,-1.1859374999999999,0
0.005,-1.1140625,1
0.005,-1.0421874999999998,0
0.005,-0.9703124999999999,5
0.005,-0.8984375,21
0.005,-0.8265624999999999,62
0.005,-0.7546875,77
0.005,-0.6828125,178
0.005,-0.6109374999999999,142
0.005,-0.5390625,120
0.005,-0.46718749999999987,133
0.005,-0.39531249999999996,169
0.005,-0.32343750000000004,352
0.005,-0.2515624999999999,646
0.005,-0.1796875,1407
0.005,-0.10781250000000009,3269
0.005,-0.03593750000000018,4104
0.005,0.03593750000000018,3864
0.005,0.10781250000000009,2667
0.005,0.1796875,1552
0.005,0.2515624999999999,728
0.005,0.3234374999999998,360
0.005,0.3953125000000002,163
0.005,0.4671875000000001,82
0.005,0.5390625,79
0.005,0.6109374999999999,110
0.005,0.6828124999999998,42
0.005,0.7546874999999997,34
0.005,0.8265625000000001,30
0.005,0.8984375,3
0.005,0.9703124999999999,14
0.005,1.0421874999999998,0
0.005,1.1140624999999997,0
0.005,1.1859375,0
0.005,1.2578125,0
0.005,1.3296875,0
0.005,1.4015624999999998,0
0.005,1.4734374999999997,0
0.005,1.5453125,0
0.005,1.6171875,0
0.005,1.6890625,0
0.005,1.7609374999999998,0
0.005,1.8328125000000002,0
0.005,1.9046874999999996,0
0.005,1.9765625,0
0.005,2.0484374999999995,0
0.005,2.1203125,0
0.005,2.1921875,0
0.005,2.2640624999999996,0
0.015,-2.2640624999999996,0
0.015,-2.1921874999999997,0
0.015,-2.1203125,0
0.015,-2.0484375,0
0.015,-1.9765624999999998,0
0.015,-1.9046874999999999,0
0.015,-1.8328124999999997,0
0.015,-1.7609374999999998,0
0.015,-1.6890625,0
0.015,-1.6171875,0
0.015,-1.5453124999999999,0
0.015,-1.4734374999999997,0
0.015,-1.4015624999999998,0
0.015,-1.3296875,0
0.015,-1.2578125,0
0.015,-1.1859374999999999,0
0.015,-1.1140625,6
0.015,-1.0421874999999998,2
0.015,-0.9703124999999999,27
0.015,-0.8984375,45
0.015,-0.8265624999999999,91
0.015,-0.7546875,85
0.015,-0.6828125,193
0.015,-0.6109374999999999,165
0.015,-0.5390625,192
0.015,-0.46718749999999987,125
0.015,-0.39531249999999996,176
0.015,-0.32343750000000004,354
0.015,-0.2515624999999999,674
0.015,-0.1796875,1344
0.015,-0.10781250000000009,3066
0.015,-0.03593750000000018,4241
0.015,0.03593750000000018,3611
0.015,0.10781250000000009,2647
0.015,0.1796875,1695
0.015,0.2515624999999999,799
0.015,0.3234374999999998,312
0.015,0.3953125000000002,227
0.015,0.4671875000000001,94
0.015,0.5390625,46
0.015,0.6109374999999999,95
0.015,0.6828124999999998,42
0.015,0.7546874999999997,64
0.015,0.8265625000000001,41
0.015,0.8984375,15
0.015,0.9703124999999999,14
0.015,1.0421874999999998,3
0.015,1.1140624999999997,0
0.015,1.1859375,0
0.015,1.2578125,0
0.015,1.3296875,0
0.015,1.4015624999999998,0
0.015,1.4734374999999997,0
0.015,1.5453125,0
0.015,1.6171875,0
0.015,1.6890625,0
0.015,1.7609374999999998,0
0.015,1.8328125000000002,0
0.015,1.9046874999999996,0
0.015,1.9765625,0
0.015,2.0484374999999995,0
0.015,2.1203125,0
0.015,2.1921875,0
0.015,2.2640624999999996,0
0.025,-2.2640624999999996,0
0.025,-2.1921874999999997,0
0.025,-2.1203125,0
0.025,-2.0484375,0
0.025,-1.9765624999999998,0
0.025,-1.9046874999999999,0
0.025,-1.8328124999999997,0
0.025,-1.7609374999999998,0
0.025,-1.6890625,0
0.025,-1.6171875,0
0.025,-1.5453124999999999,0
0.025,-1.4734374999999997,0
0.025,-1.4015624999999998,0
0.025,-1.3296875,1
0.025,-1.2578125,1
0.025,-1.1859374999999999,8
0.025,-1.1140625,25
0.025,-1.0421874999999998,15
0.025,-0.9703124999999999,26
0.025,-0.8984375,77
0.025,-0.8265624999999999,93
0.025,-0.7546875,91
0.025,-0.6828125,209
0.025,-0.6109374999999999,166
0.025,-0.5390625,177
0.025,-0.46718749999999987,150
0.025,-0.39531249999999996,144
0.025,-0.32343750000000004,411
0.025,-0.2515624999999999,697
0.025,-0.1796875,1317
0.025,-0.10781250000000009,2889
0.025,-0.03593750000000018,4055
0.025,0.03593750000000018,3470
0.025,0.10781250000000009,2667
0.025,0.1796875,1586
0.025,0.2515624999999999,808
0.025,0.3234374999999998,377
0.025,0.3953125000000002,206
0.025,0.4671875000000001,88
0.025,0.5390625,44
0.025,0.6109374999999999,67
0.025,0.6828124999999998,61
0.025,0.7546874999999997,48
0.025,0.8265625000000001,59
0.025,0.8984375,34
0.025,0.9703124999999999,22
0.025,1.0421874999999998,8
0.025,1.1140624999999997,0
0.025,1.1859375,17
0.025,1.2578125,7
0.025,1.3296875,0
0.025,1.4015624999999998,0
0.025,1.4734374999999997,0
0.025,1.5453125,0
0.025,1.6171875,0
0.025,1.6890625,0
0.025,1.7609374999999998,0
0.025,1.8328125000000002,0
0.025,1.9046874999999996,0
0.025,1.9765625,0
0.025,2.0484374999999995,0
0.025,2.1203125,0
0.025,2.1921875,0
0.025,2.2640624999999996,0
0.035,-2.2640624999999996,0
0.035,-2.1921874999999997,0
0.035,-2.1203125,0
0.035,-2.0484375,0
0.035,-1.9765624999999998,0
0.035,-1.9046874999999999,0
0.035,-1.8328124999999997,0
0.035,-1.7609374999999998,0
0.035,-1.6890625,0
0.035,-1.6171875,0
0.035,-1.5453124999999999,0
0.035,-1.4734374999999997,0
0.035,-1.4015624999999998,0
0.035,-1.3296875,6
0.035,-1.2578125,4
0.035,-1.1859374999999999,12
0.035,-1.1140625,39
0.035,-1.0421874999999998,27
0.035,-0.9703124999999999,80
0.035,-0.8984375,89
0.035,-0.8265624999999999,124
0.035,-0.7546875,108
0.035,-0.6828125,189
0.035,-0.6109374999999999,164
0.035,-0.5390625,225
0.035,-0.46718749999999987,193
0.035,-0.39531249999999996,176
0.035,-0.32343750000000004,420
0.035,-0.2515624999999999,631
0.035,-0.1796875,1270
0.035,-0.10781250000000009,2685
0.035,-0.03593750000000018,3508
0.035,0.03593750000000018,3419
0.035,0.10781250000000009,2757
0.035,0.1796875,1504
0.035,0.2515624999999999,869
0.035,0.3234374999999998,462
0.035,0.3953125000000002,169
0.035,0.4671875000000001,107
0.035,0.5390625,39
0.035,0.6109374999999999,63
0.035,0.6828124999999998,46
0.035,0.7546874999999997,31
0.035,0.8265625000000001,52
0.035,0.8984375,67
0.035,0.9703124999999999,43
0.035,1.0421874999999998,15
0.035,1.1140624999999997,0
0.035,1.1859375,30
0.035,1.2578125,27
0.035,1.3296875,1
0.035,1.4015624999999998,2
0.035,1.4734374999999997,3
0.035,1.5453125,0
0.035,1.6171875,0
0.035,1.6890625,0
0.035,1.7609374999999998,0
0.035,1.8328125000000002,0
0.035,1.9046874999999996,0
0.035,1.9765625,0
0.035,2.0484374999999995,0
0.035,2.1203125,0
0.035,2.1921875,0
0.035,2.2640624999999996,0
0.045,-2.2640624999999996,0
0.045,-2.1921874999999997,0
0.045,-2.1203125,0
0.045,-2.0484375,0
0.045,-1.9765624999999998,0
0.045,-1.9046874999999999,0
0.045,-1.8328124999999997,0
0.045,-1.7609374999999998,0
0.045,-1.6890625,0
0.045,-1.6171875,0
0.045,-1.5453124999999999,0
0.045,-1.4734374999999997,0
0.045,-1.4015624999999998,1
0.045,-1.3296875,4
0.045,-1.2578125,2
0.045,-1.1859374999999999,32
0.045,-1.1140625,76
0.045,-1.0421874999999998,105
0.045,-0.9703124999999999,99
0.045,-0.8984375,116
0.045,-0.8265624999999999,137
0.045,-0.7546875,124
0.045,-0.6828125,163
0.045,-0.6109374999999999,182
0.045,-0.5390625,213
0.045,-0.46718749999999987,269
0.045,-0.39531249999999996,198
0.045,-0.32343750000000004,500
0.045,-0.2515624999999999,625
0.045,-0.1796875,1142
0.045,-0.10781250000000009,2729
0.045,-0.03593750000000018,3402
0.045,0.03593750000000018,3350
0.045,0.10781250000000009,2617
0.045,0.1796875,1417
0.045,0.2515624999999999,849
0.045,0.3234374999999998,518
0.045,0.3953125000000002,143
0.045,0.4671875000000001,103
0.045,0.5390625,26
0.045,0.6109374999999999,74
0.045,0.6828124999999998,46
0.045,0.7546874999999997,30
0.045,0.8265625000000001,39
0.045,0.8984375,61
0.045,0.9703124999999999,29
0.045,1.0421874999999998,26
0.045,1.1140624999999997,0
0.045,1.1859375,25
0.045,1.2578125,54
0.045,1.3296875,3
0.045,1.4015624999999998,3
0.045,1.4734374999999997,7
0.045,1.5453125,0
0.045,1.6171875,0
0.045,1.6890625,0
0.045,1.7609374999999998,0
0.045,1.8328125000000002,0
0.045,1.9046874999999996,0
0.045,1.9765625,0
0.045,2.0484374999999995,0
0.045,2.1203125,0
0.045,2.1921875,0
0.045,2.2640624999999996,0
0.055,-2.2640624999999996,0
0.055,-2.1921874999999997,0
0.055,-2.1203125,0
0.055,-2.0484375,0
0.055,-1.9765624999999998,0
0.055,-1.9046874999999999,0
0.055,-1.8328124999999997,0
0.055,-1.7609374999999998,0
0.055,-1.6890625,0
0.055,-1.6171875,0
0.055,-1.5453124999999999,0
0.055,-1.4734374999999997,0
0.055,-1.4015624999999998,4
0.055,-1.3296875,22
0.055,-1.2578125,23
0.055,-1.1859374999999999,74
0.055,-1.1140625,103
0.055,-1.0421874999999998,85
0.055,-0.9703124999999999,122
0.055,-0.8984375,137
0.055,-0.8265624999999999,155
0.055,-0.7546875,138
0.055,-0.6828125,188
0.055,-0.6109374999999999,178
0.055,-0.5390625,240
0.055,-0.46718749999999987,279
0.055,-0.39531249999999996,268
0.055,-0.32343750000000004,443
0.055,-0.2515624999999999,676
0.055,-0.1796875,1208
0.055,-0.10781250000000009,2570
0.055,-0.03593750000000018,3249
0.055,0.03593750000000018,3415
0.055,0.10781250000000009,2601
0.055,0.1796875,1447
0.055,0.2515624999999999,950
0.055,0.3234374999999998,539
0.055,0.3953125000000002,182
0.055,0.4671875000000001,130
0.055,0.5390625,17
0.055,0.6109374999999999,67
0.055,0.6828124999999998,51
0.055,0.7546874999999997,35
0.055,0.8265625000000001,49
0.055,0.8984375,55
0.055,0.9703124999999999,27
0.055,1.0421874999999998,46
0.055,1.1140624999999997,15
0.055,1.1859375,32
0.055,1.2578125,78
0.055,1.3296875,37
0.055,1.4015624999999998,10
0.055,1.4734374999999997,19
0.055,1.5453125,5
0.055,1.6171875,0
0.055,1.6890625,0
0.055,1.7609374999999998,0
0.055,1.8328125000000002,0
0.055,1.9046874999999996,0
0.055,1.9765625,0
0.055,2.0484374999999995,0
0.055,2.1203125,0
0.055,2.1921875,0
0.055,2.2640624999999996,0
0.065,-2.2640624999999996,0
0.065,-2.1921874999999997,0
0.065,-2.1203125,0
0.065,-2.0484375,0
0.065,-1.9765624999999998,0
0.065,-1.9046874999999999,0
0.065,-1.8328124999999997,0
0.065,-1.7609374999999998,0
0.065,-1.6890625,0
0.065,-1.6171875,1
0.065,-1.5453124999999999,7
0.065,-1.4734374999999997,3
0.065,-1.4015624999999998,25
0.065,-1.3296875,39
0.065,-1.2578125,57
0.065,-1.1859374999999999,94
0.065,-1.1140625,130
0.065,-1.0421874999999998,79
0.065,-0.9703124999999999,121
0.065,-0.8984375,127
0.065,-0.8265624999999999,112
0.065,-0.7546875,163
0.065,-0.6828125,219
0.065,-0.6109374999999999,168
0.065,-0.5390625,276
0.065,-0.46718749999999987,329
0.065,-0.39531249999999996,252
0.065,-0.32343750000000004,462
0.065,-0.2515624999999999,667
0.065,-0.1796875,1290
0.065,-0.10781250000000009,2331
0.065,-0.03593750000000018,3061
0.065,0.03593750000000018,3318
0.065,0.10781250000000009,2677
0.065,0.1796875,1412
0.065,0.2515624999999999,861
0.065,0.3234374999999998,502
0.065,0.3953125000000002,179
0.065,0.4671875000000001,143
0.065,0.5390625,7
0.065,0.6109374999999999,54
0.065,0.6828124999999998,57
0.065,0.7546874999999997,43
0.065,0.8265625000000001,68
0.065,0.8984375,57
0.065,0.9703124999999999,29
0.065,1.0421874999999998,54
0.065,1.1140624999999997,27
0.065,1.1859375,30
0.065,1.2578125,108
0.065,1.3296875,38
0.065,1.4015624999999998,16
0.065,1.4734374999999997,47
0.065,1.5453125,26
0.065,1.6171875,9
0.065,1.6890625,0
0.065,1.7609374999999998,0
0.065,1.8328125000000002,0
0.065,1.9046874999999996,0
0.065,1.9765625,0
0.065,2.0484374999999995,0
0.065,2.1203125,0
0.065,2.1921875,0
0.065,2.2640624999999996,0
0.075,-2.2640624999999996,0
0.075,-2.1921874999999997,0
0.075,-2.1203125,0
0.075,-2.0484375,0
0.075,-1.9765624999999998,0
0.075,-1.9046874999999999,0
0.075,-1.8328124999999997,0
0.075,-1.7609374999999998,0
0.075,-1.6890625,3
0.075,-1.6171875,34
0.075,-1.5453124999999999,51
0.075,-1.4734374999999997,28
0.075,-1.4015624999999998,61
0.075,-1.3296875,27
0.075,-1.2578125,47
0.075,-1.1859374999999999,99
0.075,-1.1140625,169
0.075,-1.0421874999999998,98
0.075,-0.9703124999999999,106
0.075,-0.8984375,123
0.075,-0.8265624999999999,100
0.075,-0.7546875,192
0.075,-0.6828125,204
0.075,-0.6109374999999999,228
0.075,-0.5390625,227
0.075,-0.46718749999999987,269
0.075,-0.39531249999999996,276
0.075,-0.32343750000000004,440
0.075,-0.2515624999999999,685
0.075,-0.1796875,1245
0.075,-0.10781250000000009,2187
0.075,-0.03593750000000018,2997
0.075,0.03593750000000018,3223
0.075,0.10781250000000009,2702
0.075,0.1796875,1438
0.075,0.2515624999999999,802
0.075,0.3234374999999998,505
0.075,0.3953125000000002,166
0.075,0.4671875000000001,132
0.075,0.5390625,16
0.075,0.6109374999999999,95
0.075,0.6828124999999998,74
0.075,0.7546874999999997,67
0.075,0.8265625000000001,87
0.075,0.8984375,78
0.075,0.9703124999999999,38
0.075,1.0421874999999998,60
0.075,1.1140624999999997,50
0.075,1.1859375,61
0.075,1.2578125,106
0.075,1.3296875,35
0.075,1.4015624999999998,42
0.075,1.4734374999999997,75
0.075,1.5453125,79
0.075,1.6171875,63
0.075,1.6890625,1
0.075,1.7609374999999998,0
0.075,1.8328125000000002,0
0.075,1.9046874999999996,0
0.075,1.9765625,0
0.075,2.0484374999999995,0
0.075,2.1203125,0
0.075,2.1921875,0
0.075,2.2640624999999996,0
0.085,-2.2640624999999996,0
0.085,-2.1921874999999997,0
0.085,-2.1203125,0
0.085,-2.0484375,0
0.085,-1.9765624999999998,0
0.085,-1.9046874999999999,0
0.085,-1.8328124999999997,0
0.085,-1.7609374999999998,0
0.085,-1.6890625,23
0.085,-1.6171875,79
0.085,-1.5453124999999999,73
0.085,-1.4734374999999997,60
0.085,-1.4015624999999998,83
0.085,-1.3296875,28
0.085,-1.2578125,47
0.085,-1.1859374999999999,106
0.085,-1.1140625,184
0.085,-1.0421874999999998,90
0.085,-0.9703124999999999,112
0.085,-0.8984375,112
0.085,-0.8265624999999999,77
0.085,-0.7546875,159
0.085,-0.6828125,214
0.085,-0.6109374999999999,204
0.085,-0.5390625,239
0.085,-0.46718749999999987,266
0.085,-0.39531249999999996,301
0.085,-0.32343750000000004,400
0.085,-0.2515624999999999,690
0.085,-0.1796875,1202
0.085,-0.10781250000000009,2182
0.085,-0.03593750000000018,2909
0.085,0.03593750000000018,2892
0.085,0.10781250000000009,2529
0.085,0.1796875,1366
0.085,0.2515624999999999,701
0.085,0.3234374999999998,521
0.085,0.3953125000000002,215
0.085,0.4671875000000001,128
0.085,0.5390625,44
0.085,0.6109374999999999,150
0.085,0.6828124999999998,88
0.085,0.7546874999999997,73
0.085,0.8265625000000001,89
0.085,0.8984375,66
0.085,0.9703124999999999,44
0.085,1.0421874999999998,59
0.085,1.1140624999999997,49
0.085,1.1859375,75
0.085,1.2578125,108
0.085,1.3296875,26
0.085,1.4015624999999998,76
0.085,1.4734374999999997,112
0.085,1.5453125,73
0.085,1.6171875,92
0.085,1.6890625,28
0.085,1.7609374999999998,4
0.085,1.8328125000000002,0
0.085,1.9046874999999996,0
0.085,1.9765625,0
0.085,2.0484374999999995,0
0.085,2.1203125,0
0.085,2.1921875,0
0.085,2.2640624999999996,0
0.095,-2.2640624999999996,0
0.095,-2.1921874999999997,0
0.095,-2.1203125,0
0.095,-2.0484375,0
0.095,-1.9765624999999998,0
0.095,-1.9046874999999999,0
0.095,-1.8328124999999997,5
0.095,-1.7609374999999998,8
0.095,-1.6890625,32
0.095,-1.6171875,118
0.095,-1.5453124999999999,83
0.095,-1.4734374999999997,49
0.095,-1.4015624999999998,65
0.095,-1.3296875,41
0.095,-1.2578125,71
0.095,-1.1859374999999999,104
0.095,-1.1140625,152
0.095,-1.0421874999999998,102
0.095,-0.9703124999999999,82
0.095,-0.8984375,105
0.095,-0.8265624999999999,80
0.095,-0.7546875,149
0.095,-0.6828125,228
0.095,-0.6109374999999999,178
0.095,-0.5390625,220
0.095,-0.46718749999999987,264
0.095,-0.39531249999999996,223
0.095,-0.32343750000000004,369
0.095,-0.2515624999999999,636
0.095,-0.1796875,1243
0.095,-0.10781250000000009,2009
0.095,-0.03593750000000018,2817
0.095,0.03593750000000018,2920
0.095,0.10781250000000009,2508
0.095,0.1796875,1278
0.095,0.2515624999999999,738
0.095,0.3234374999999998,547
0.095,0.3953125000000002,231
0.095,0.4671875000000001,124
0.095,0.5390625,81
0.095,0.6109374999999999,164
0.095,0.6828124999999998,99
0.095,0.7546874999999997,73
0.095,0.8265625000000001,76
0.095,0.8984375,49
0.095,0.9703124999999999,39
0.095,1.0421874999999998,92
0.095,1.1140624999999997,80
0.095,1.1859375,82
0.095,1.2578125,98
0.095,1.3296875,40
0.095,1.4015624999999998,75
0.095,1.4734374999999997,84
0.095,1.5453125,120
0.095,1.6171875,161
0.095,1.6890625,47
0.095,1.7609374999999998,17
0.095,1.8328125000000002,5
0.095,1.9046874999999996,0
0.095,1.9765625,0
0.095,2.0484374999999995,0
0.095,2.1203125,0
0.095,2.1921875,0
0.095,2.2640624999999996,0
0.105,-2.2640624999999996,0
0.105,-2.1921874999999997,0
0.105,-2.1203125,0
0.105,-2.0484375,0
0.105,-1.9765624999999998,0
0.105,-1.9046874999999999,6
0.105,-1.8328124999999997,52
0.105,-1.7609374999999998,40
0.105,-1.6890625,97
0.105,-1.6171875,146
0.105,-1.5453124999999999,60
0.105,-1.4734374999999997,83
0.105,-1.4015624999999998,61
0.105,-1.3296875,45
0.105,-1.2578125,65
0.105,-1.1859374999999999,86
0.105,-1.1140625,157
0.105,-1.0421874999999998,121
0.105,-0.9703124999999999,81
0.105,-0.8984375,150
0.105,-0.8265624999999999,147
0.105,-0.7546875,137
0.105,-0.6828125,219
0.105,-0.6109374999999999,220
0.105,-0.5390625,190
0.105,-0.46718749999999987,291
0.105,-0.39531249999999996,231
0.105,-0.32343750000000004,350
0.105,-0.2515624999999999,696
0.105,-0.1796875,1309
0.105,-0.10781250000000009,1907
0.105,-0.03593750000000018,2705
0.105,0.03593750000000018,3103
0.105,0.10781250000000009,2268
0.105,0.1796875,1248
0.105,0.2515624999999999,700
0.105,0.3234374999999998,523
0.105,0.3953125000000002,271
0.105,0.4671875000000001,166
0.105,0.5390625,102
0.105,0.6109374999999999,181
0.105,0.6828124999999998,129
0.105,0.7546874999999997,74
0.105,0.8265625000000001,71
0.105,0.8984375,46
0.105,0.9703124999999999,74
0.105,1.0421874999999998,103
0.105,1.1140624999999997,90
0.105,1.1859375,78
0.105,1.2578125,94
0.105,1.3296875,45
0.105,1.4015624999999998,74
0.105,1.4734374999999997,89
0.105,1.5453125,206
0.105,1.6171875,208
0.105,1.6890625,143
0.105,1.7609374999999998,74
0.105,1.8328125000000002,75
0.105,1.9046874999999996,3
0.105,1.9765625,0
0.105,2.0484374999999995,0
0.105,2.1203125,0
0.105,2.1921875,0
0.105,2.2640624999999996,0
0.115,-2.2640624999999996,0
0.115,-2.1921874999999997,0
0.115,-2.1203125,0
0.115,-2.0484375,0
0.115,-1.9765624999999998,10
0.115,-1.9046874999999999,31
0.115,-1.8328124999999997,78
0.115,-1.7609374999999998,113
0.115,-1.6890625,115
0.115,-1.6171875,128
0.115,-1.5453124999999999,80
0.115,-1.4734374999999997,90
0.115,-1.4015624999999998,65
0.115,-1.3296875,32
0.115,-1.2578125,51
0.115,-1.1859374999999999,91
0.115,-1.1140625,146
0.115,-1.0421874999999998,113
0.115,-0.9703124999999999,85
0.115,-0.8984375,160
0.115,-0.8265624999999999,161
0.115,-0.7546875,131
0.115,-0.6828125,251
0.115,-0.6109374999999999,219
0.115,-0.5390625,190
0.115,-0.46718749999999987,334
0.115,-0.39531249999999996,258
0.115,-0.32343750000000004,424
0.115,-0.2515624999999999,643
0.115,-0.1796875,1228
0.115,-0.10781250000000009,2057
0.115,-0.03593750000000018,2515
0.115,0.03593750000000018,2874
0.115,0.10781250000000009,2187
0.115,0.1796875,1278
0.115,0.2515624999999999,771
0.115,0.3234374999999998,447
0.115,0.3953125000000002,321
0.115,0.4671875000000001,209
0.115,0.5390625,154
0.115,0.6109374999999999,189
0.115,0.6828124999999998,147
0.115,0.7546874999999997,87
0.115,0.8265625000000001,83
0.115,0.8984375,41
0.115,0.9703124999999999,60
0.115,1.0421874999999998,129
0.115,1.1140624999999997,113
0.115,1.1859375,67
0.115,1.2578125,95
0.115,1.3296875,54
0.115,1.4015624999999998,58
0.115,1.4734374999999997,96
0.115,1.5453125,181
0.115,1.6171875,222
0.115,1.6890625,273
0.115,1.7609374999999998,203
0.115,1.8328125000000002,129
0.115,1.9046874999999996,21
0.115,1.9765625,9
0.115,2.0484374999999995,0
0.115,2.1203125,0
0.115,2.1921875,0
0.115,2.2640624999999996,0
0.125,-2.2640624999999996,0
0.125,-2.1921874999999997,0
0.125,-2.1203125,0
0.125,-2.0484375,4
0.125,-1.9765624999999998,55
0.125,-1.9046874999999999,71
0.125,-1.8328124999999997,176
0.125,-1.7609374999999998,177
0.125,-1.6890625,155
0.125,-1.6171875,179
0.125,-1.5453124999999999,124
0.125,-1.4734374999999997,92
0.125,-1.4015624999999998,53
0.125,-1.3296875,31
0.125,-1.2578125,36
0.125,-1.1859374999999999,53
0.125,-1.1140625,105
0.125,-1.0421874999999998,151
0.125,-0.9703124999999999,79
0.125,-0.8984375,133
0.125,-0.8265624999999999,127
0.125,-0.7546875,186
0.125,-0.6828125,219
0.125,-0.6109374999999999,215
0.125,-0.5390625,183
0.125,-0.46718749999999987,354
0.125,-0.39531249999999996,265
0.125,-0.32343750000000004,416
0.125,-0.2515624999999999,628
0.125,-0.1796875,1170
0.125,-0.10781250000000009,2016
0.125,-0.03593750000000018,2421
0.125,0.03593750000000018,2958
0.125,0.10781250000000009,2179
0.125,0.1796875,1208
0.125,0.2515624999999999,801
0.125,0.3234374999999998,461
0.125,0.3953125000000002,303
0.125,0.4671875000000001,228
0.125,0.5390625,175
0.125,0.6109374999999999,168
0.125,0.6828124999999998,137
0.125,0.7546874999999997,125
0.125,0.8265625000000001,149
0.125,0.8984375,36
0.125,0.9703124999999999,58
0.125,1.0421874999999998,103
0.125,1.1140624999999997,98
0.125,1.1859375,102
0.125,1.2578125,103
0.125,1.3296875,65
0.125,1.4015624999999998,80
0.125,1.4734374999999997,130
0.125,1.5453125,158
0.125,1.6171875,215
0.125,1.6890625,349
0.125,1.7609374999999998,288
0.125,1.8328125000000002,198
0.125,1.9046874999999996,96
0.125,1.9765625,72
0.125,2.0484374999999995,2
0.125,2.1203125,0
0.125,2.1921875,0
0.125,2.2640624999999996,0
0.135,-2.2640624999999996,0
0.135,-2.1921874999999997,0
0.135,-2.1203125,0
0.135,-2.0484375,51
0.135,-1.9765624999999998,136
0.135,-1.9046874999999999,194
0.135,-1.8328124999999997,309
0.135,-1.7609374999999998,259
0.135,-1.6890625,219
0.135,-1.6171875,224
0.135,-1.5453124999999999,159
0.135,-1.4734374999999997,90
0.135,-1.4015624999999998,93
0.135,-1.3296875,48
0.135,-1.2578125,39
0.135,-1.1859374999999999,72
0.135,-1.1140625,100
0.135,-1.0421874999999998,145
0.135,-0.9703124999999999,70
0.135,-0.8984375,94
0.135,-0.8265624999999999,92
0.135,-0.7546875,175
0.135,-0.6828125,228
0.135,-0.6109374999999999,223
0.135,-0.5390625,209
0.135,-0.46718749999999987,328
0.135,-0.39531249999999996,298
0.135,-0.32343750000000004,494
0.135,-0.2515624999999999,704
0.135,-0.1796875,1251
0.135,-0.10781250000000009,2173
0.135,-0.03593750000000018,2388
0.135,0.03593750000000018,2852
0.135,0.10781250000000009,2136
0.135,0.1796875,1352
0.135,0.2515624999999999,781
0.135,0.3234374999999998,526
0.135,0.3953125000000002,308
0.135,0.4671875000000001,278
0.135,0.5390625,188
0.135,0.6109374999999999,211
0.135,0.6828124999999998,155
0.135,0.7546874999999997,109
0.135,0.8265625000000001,188
0.135,0.8984375,41
0.135,0.9703124999999999,57
0.135,1.0421874999999998,108
0.135,1.1140624999999997,110
0.135,1.1859375,130
0.135,1.2578125,140
0.135,1.3296875,82
0.135,1.4015624999999998,97
0.135,1.4734374999999997,134
0.135,1.5453125,206
0.135,1.6171875,236
0.135,1.6890625,349
0.135,1.7609374999999998,419
0.135,1.8328125000000002,333
0.135,1.9046874999999996,232
0.135,1.9765625,138
0.135,2.0484374999999995,40
0.135,2.1203125,1
0.135,2.1921875,0
0.135,2.2640624999999996,0
0.145,-2.2640624999999996,0
0.145,-2.1921874999999997,0
0.145,-2.1203125,11
0.145,-2.0484375,159
0.145,-1.9765624999999998,330
0.145,-1.9046874999999999,368
0.145,-1.8328124999999997,394
0.145,-1.7609374999999998,268
0.145,-1.6890625,250
0.145,-1.6171875,271
0.145,-1.5453124999999999,165
0.145,-1.4734374999999997,112
0.145,-1.4015624999999998,104
0.145,-1.3296875,84
0.145,-1.2578125,58
0.145,-1.1859374999999999,88
0.145,-1.1140625,96
0.145,-1.0421874999999998,142
0.145,-0.9703124999999999,108
0.145,-0.8984375,121
0.145,-0.8265624999999999,130
0.145,-0.7546875,164
0.145,-0.6828125,196
0.145,-0.6109374999999999,245
0.145,-0.5390625,212
0.145,-0.46718749999999987,233
0.145,-0.39531249999999996,371
0.145,-0.32343750000000004,451
0.145,-0.2515624999999999,677
0.145,-0.1796875,1272
0.145,-0.10781250000000009,2113
0.145,-0.03593750000000018,2525
0.145,0.03593750000000018,2794
0.145,0.10781250000000009,1978
0.145,0.1796875,1440
0.145,0.2515624999999999,784
0.145,0.3234374999999998,506
0.145,0.3953125000000002,353
0.145,0.4671875000000001,286
0.145,0.5390625,156
0.145,0.6109374999999999,241
0.145,0.6828124999999998,149
0.145,0.7546874999999997,94
0.145,0.8265625000000001,158
0.145,0.8984375,30
0.145,0.9703124999999999,62
0.145,1.0421874999999998,118
0.145,1.1140624999999997,95
0.145,1.1859375,172
0.145,1.2578125,157
0.145,1.3296875,102
0.145,1.4015624999999998,105
0.145,1.4734374999999997,176
0.145,1.5453125,292
0.145,1.6171875,326
0.145,1.6890625,393
0.145,1.7609374999999998,521
0.145,1.8328125000000002,394
0.145,1.9046874999999996,414
0.145,1.9765625,266
0.145,2.0484374999999995,139
0.145,2.1203125,6
0.145,2.1921875,0
0.145,2.2640624999999996,0
0.155,-2.2640624999999996,0
0.155,-2.1921874999999997,0
0.155,-2.1203125,69
0.155,-2.0484375,298
0.155,-1.9765624999999998,687
0.155,-1.9046874999999999,503
0.155,-1.8328124999999997,479
0.155,-1.7609374999999998,405
0.155,-1.6890625,257
0.155,-1.6171875,298
0.155,-1.5453124999999999,235
0.155,-1.4734374999999997,99
0.155,-1.4015624999999998,164
0.155,-1.3296875,78
0.155,-1.2578125,89
0.155,-1.1859374999999999,143
0.155,-1.1140625,156
0.155,-1.0421874999999998,145
0.155,-0.9703124999999999,91
0.155,-0.8984375,112
0.155,-0.8265624999999999,172
0.155,-0.7546875,177
0.155,-0.6828125,279
0.155,-0.6109374999999999,252
0.155,-0.5390625,255
0.155,-0.46718749999999987,277
0.155,-0.39531249999999996,395
0.155,-0.32343750000000004,506
0.155,-0.2515624999999999,714
0.155,-0.1796875,1309
0.155,-0.10781250000000009,2021
0.155,-0.03593750000000018,2475
0.155,0.03593750000000018,2657
0.155,0.10781250000000009,1961
0.155,0.1796875,1369
0.155,0.2515624999999999,889
0.155,0.3234374999999998,650
0.155,0.3953125000000002,365
0.155,0.4671875000000001,324
0.155,0.5390625,183
0.155,0.6109374999999999,219
0.155,0.6828124999999998,113
0.155,0.7546874999999997,121
0.155,0.8265625000000001,198
0.155,0.8984375,70
0.155,0.9703124999999999,98
0.155,1.0421874999999998,156
0.155,1.1140624999999997,159
0.155,1.1859375,170
0.155,1.2578125,153
0.155,1.3296875,124
0.155,1.4015624999999998,151
0.155,1.4734374999999997,250
0.155,1.5453125,329
0.155,1.6171875,504
0.155,1.6890625,539
0.155,1.7609374999999998,543
0.155,1.8328125000000002,479
0.155,1.9046874999999996,493
0.155,1.9765625,490
0.155,2.0484374999999995,267
0.155,2.1203125,46
0.155,2.1921875,0
0.155,2.2640624999999996,0
0.165,-2.2640624999999996,0
0.165,-2.1921874999999997,0
0.165,-2.1203125,214
0.165,-2.0484375,605
0.165,-1.9765624999999998,878
0.165,-1.9046874999999999,665
0.165,-1.8328124999999997,685
0.165,-1.7609374999999998,574
0.165,-1.6890625,359
0.165,-1.6171875,371
0.165,-1.5453124999999999,244
0.165,-1.4734374999999997,127
0.165,-1.4015624999999998,230
0.165,-1.3296875,112
0.165,-1.2578125,119
0.165,-1.1859374999999999,175
0.165,-1.1140625,182
0.165,-1.0421874999999998,156
0.165,-0.9703124999999999,103
0.165,-0.8984375,130
0.165,-0.8265624999999999,163
0.165,-0.7546875,188
0.165,-0.6828125,299
0.165,-0.6109374999999999,273
0.165,-0.5390625,268
0.165,-0.46718749999999987,278
0.165,-0.39531249999999996,402
0.165,-0.32343750000000004,444
0.165,-0.2515624999999999,707
0.165,-0.1796875,1321
0.165,-0.10781250000000009,2041
0.165,-0.03593750000000018,2428
0.165,0.03593750000000018,2469
0.165,0.10781250000000009,1928
0.165,0.1796875,1431
0.165,0.2515624999999999,956
0.165,0.3234374999999998,658
0.165,0.3953125000000002,370
0.165,0.4671875000000001,321
0.165,0.5390625,184
0.165,0.6109374999999999,203
0.165,0.6828124999999998,128
0.165,0.7546874999999997,75
0.165,0.8265625000000001,244
0.165,0.8984375,91
0.165,0.9703124999999999,91
0.165,1.0421874999999998,164
0.165,1.1140624999999997,222
0.165,1.1859375,190
0.165,1.2578125,175
0.165,1.3296875,134
0.165,1.4015624999999998,197
0.165,1.4734374999999997,300
0.165,1.5453125,410
0.165,1.6171875,614
0.165,1.6890625,582
0.165,1.7609374999999998,696
0.165,1.8328125000000002,722
0.165,1.9046874999999996,722
0.165,1.9765625,578
0.165,2.0484374999999995,523
0.165,2.1203125,173
0.165,2.1921875,2
0.165,2.2640624999999996,0
0.175,-2.2640624999999996,0
0.175,-2.1921874999999997,20
0.175,-2.1203125,589
0.175,-2.0484375,1042
0.175,-1.9765624999999998,1053
0.175,-1.9046874999999999,700
0.175,-1.8328124999999997,824
0.175,-1.7609374999999998,667
0.175,-1.6890625,413
0.175,-1.6171875,493
0.175,-1.5453124999999999,264
0.175,-1.4734374999999997,161
0.175,-1.4015624999999998,230
0.175,-1.3296875,150
0.175,-1.2578125,145
0.175,-1.1859374999999999,161
0.175,-1.1140625,192
0.175,-1.0421874999999998,160
0.175,-0.9703124999999999,133
0.175,-0.8984375,143
0.175,-0.8265624999999999,213
0.175,-0.7546875,250
0.175,-0.6828125,301
0.175,-0.6109374999999999,347
0.175,-0.5390625,271
0.175,-0.46718749999999987,253
0.175,-0.39531249999999996,388
0.175,-0.32343750000000004,448
0.175,-0.2515624999999999,717
0.175,-0.1796875,1324
0.175,-0.10781250000000009,2018
0.175,-0.03593750000000018,2304
0.175,0.03593750000000018,2304
0.175,0.10781250000000009,1897
0.175,0.1796875,1449
0.175,0.2515624999999999,937
0.175,0.3234374999999998,671
0.175,0.3953125000000002,413
0.175,0.4671875000000001,229
0.175,0.5390625,190
0.175,0.6109374999999999,222
0.175,0.6828124999999998,108
0.175,0.7546874999999997,99
0.175,0.8265625000000001,298
0.175,0.8984375,85
0.175,0.9703124999999999,122
0.175,1.0421874999999998,136
0.175,1.1140624999999997,303
0.175,1.1859375,178
0.175,1.2578125,223
0.175,1.3296875,166
0.175,1.4015624999999998,270
0.175,1.4734374999999997,284
0.175,1.5453125,479
0.175,1.6171875,782
0.175,1.6890625,800
0.175,1.7609374999999998,955
0.175,1.8328125000000002,1093
0.175,1.9046874999999996,1015
0.175,1.9765625,654
0.175,2.0484374999999995,669
0.175,2.1203125,316
0.175,2.1921875,10
0.175,2.2640624999999996,0
0.185,-2.2640624999999996,0
0.185,-2.1921874999999997,43
0.185,-2.1203125,1186
0.185,-2.0484375,1305
0.185,-1.9765624999999998,1139
0.185,-1.9046874999999999,1037
0.185,-1.8328124999999997,1039
0.185,-1.7609374999999998,755
0.185,-1.6890625,460
0.185,-1.6171875,580
0.185,-1.5453124999999999,349
0.185,-1.4734374999999997,299
0.185,-1.4015624999999998,271
0.185,-1.3296875,186
0.185,-1.2578125,163
0.185,-1.1859374999999999,160
0.185,-1.1140625,165
0.185,-1.0421874999999998,138
0.185,-0.9703124999999999,154
0.185,-0.8984375,181
0.185,-0.8265624999999999,219
0.185,-0.7546875,279
0.185,-0.6828125,317
0.185,-0.6109374999999999,292
0.185,-0.5390625,245
0.185,-0.46718749999999987,287
0.185,-0.39531249999999996,378
0.185,-0.32343750000000004,433
0.185,-0.2515624999999999,734
0.185,-0.1796875,1408
0.185,-0.10781250000000009,1982
0.185,-0.03593750000000018,2166
0.185,0.03593750000000018,2254
0.185,0.10781250000000009,1932
0.185,0.1796875,1421
0.185,0.2515624999999999,863
0.185,0.3234374999999998,828
0.185,0.3953125000000002,464
0.185,0.4671875000000001,190
0.185,0.5390625,208
0.185,0.6109374999999999,211
0.185,0.6828124999999998,129
0.185,0.7546874999999997,151
0.185,0.8265625000000001,324
0.185,0.8984375,159
0.185,0.9703124999999999,132
0.185,1.0421874999999998,179
0.185,1.1140624999999997,300
0.185,1.1859375,179
0.185,1.2578125,256
0.185,1.3296875,202
0.185,1.4015624999999998,277
0.185,1.4734374999999997,315
0.185,1.5453125,545
0.185,1.6171875,864
0.185,1.6890625,874
0.185,1.7609374999999998,1101
0.185,1.8328125000000002,1317
0.185,1.9046874999999996,1126
0.185,1.9765625,877
0.185,2.0484374999999995,794
0.185,2.1203125,668
0.185,2.1921875,30
0.185,2.2640624999999996,0
0.195,-2.2640624999999996,0
0.195,-2.1921874999999997,103
0.195,-2.1203125,1622
0.195,-2.0484375,1613
0.195,-1.9765624999999998,1315
0.195,-1.9046874999999999,1140
0.195,-1.8328124999999997,1036
0.195,-1.7609374999999998,907
0.195,-1.6890625,648
0.195,-1.6171875,725
0.195,-1.5453124999999999,376
0.195,-1.4734374999999997,359
0.195,-1.4015624999999998,321
0.195,-1.3296875,252
0.195,-1.2578125,144
0.195,-1.1859374999999999,170
0.195,-1.1140625,198
0.195,-1.0421874999999998,132
0.195,-0.9703124999999999,196
0.195,-0.8984375,248
0.195,-0.8265624999999999,255
0.195,-0.7546875,310
0.195,-0.6828125,285
0.195,-0.6109374999999999,289
0.195,-0.5390625,308
0.195,-0.46718749999999987,289
0.195,-0.39531249999999996,423
0.195,-0.32343750000000004,451
0.195,-0.2515624999999999,852
0.195,-0.1796875,1541
0.195,-0.10781250000000009,1950
0.195,-0.03593750000000018,2064
0.195,0.03593750000000018,2266
0.195,0.10781250000000009,1684
0.195,0.1796875,1435
0.195,0.2515624999999999,901
0.195,0.3234374999999998,893
0.195,0.3953125000000002,435
0.195,0.4671875000000001,202
0.195,0.5390625,140
0.195,0.6109374999999999,242
0.195,0.6828124999999998,180
0.195,0.7546874999999997,207
0.195,0.8265625000000001,254
0.195,0.8984375,172
0.195,0.9703124999999999,112
0.195,1.0421874999999998,187
0.195,1.1140624999999997,281
0.195,1.1859375,239
0.195,1.2578125,254
0.195,1.3296875,251
0.195,1.4015624999999998,334
0.195,1.4734374999999997,378
0.195,1.5453125,519
0.195,1.6171875,871
0.195,1.6890625,992
0.195,1.7609374999999998,1273
0.195,1.8328125000000002,1504
0.195,1.9046874999999996,1379
0.195,1.9765625,958
0.195,2.0484374999999995,949
0.195,2.1203125,935
0.195,2.1921875,70
0.195,2.2640624999999996,0
0.205,-2.2640624999999996,0
0.205,-2.1921874999999997,145
0.205,-2.1203125,1625
0.205,-2.0484375,1884
0.205,-1.9765624999999998,1617
0.205,-1.9046874999999999,1266
0.205,-1.8328124999999997,1187
0.205,-1.7609374999999998,1102
0.205,-1.6890625,890
0.205,-1.6171875,881
0.205,-1.5453124999999999,447
0.205,-1.4734374999999997,513
0.205,-1.4015624999999998,425
0.205,-1.3296875,279
0.205,-1.2578125,141
0.205,-1.1859374999999999,183
0.205,-1.1140625,209
0.205,-1.0421874999999998,121
0.205,-0.9703124999999999,228
0.205,-0.8984375,269
0.205,-0.8265624999999999,225
0.205,-0.7546875,320
0.205,-0.6828125,273
0.205,-0.6109374999999999,295
0.205,-0.5390625,309
0.205,-0.46718749999999987,271
0.205,-0.39531249999999996,377
0.205,-0.32343750000000004,465
0.205,-0.2515624999999999,907
0.205,-0.1796875,1526
0.205,-0.10781250000000009,1956
0.205,-0.03593750000000018,2109
0.205,0.03593750000000018,2212
0.205,0.10781250000000009,1705
0.205,0.1796875,1445
0.205,0.2515624999999999,840
0.205,0.3234374999999998,900
0.205,0.3953125000000002,404
0.205,0.4671875000000001,218
0.205,0.5390625,175
0.205,0.6109374999999999,264
0.205,0.6828124999999998,200
0.205,0.7546874999999997,235
0.205,0.8265625000000001,214
0.205,0.8984375,166
0.205,0.9703124999999999,127
0.205,1.0421874999999998,184
0.205,1.1140624999999997,318
0.205,1.1859375,271
0.205,1.2578125,321
0.205,1.3296875,305
0.205,1.4015624999999998,468
0.205,1.4734374999999997,410
0.205,1.5453125,662
0.205,1.6171875,967
0.205,1.6890625,1250
0.205,1.7609374999999998,1669
0.205,1.8328125000000002,1938
0.205,1.9046874999999996,1551
0.205,1.9765625,1187
0.205,2.0484374999999995,1150
0.205,2.1203125,924
0.205,2.1921875,69
0.205,2.2640624999999996,0
0.215,-2.2640624999999996,0
0.215,-2.1921874999999997,31
0.215,-2.1203125,1110
0.215,-2.0484375,2269
0.215,-1.9765624999999998,1869
0.215,-1.9046874999999999,1564
0.215,-1.8328124999999997,1381
0.215,-1.7609374999999998,1251
0.215,-1.6890625,1051
0.215,-1.6171875,1011
0.215,-1.5453124999999999,615
0.215,-1.4734374999999997,608
0.215,-1.4015624999999998,477
0.215,-1.3296875,455
0.215,-1.2578125,220
0.215,-1.1859374999999999,150
0.215,-1.1140625,233
0.215,-1.0421874999999998,140
0.215,-0.9703124999999999,215
0.215,-0.8984375,291
0.215,-0.8265624999999999,272
0.215,-0.7546875,319
0.215,-0.6828125,200
0.215,-0.6109374999999999,324
0.215,-0.5390625,225
0.215,-0.46718749999999987,297
0.215,-0.39531249999999996,386
0.215,-0.32343750000000004,420
0.215,-0.2515624999999999,953
0.215,-0.1796875,1499
0.215,-0.10781250000000009,1947
0.215,-0.03593750000000018,2112
0.215,0.03593750000000018,2119
0.215,0.10781250000000009,1673
0.215,0.1796875,1450
0.215,0.2515624999999999,989
0.215,0.3234374999999998,822
0.215,0.3953125000000002,479
0.215,0.4671875000000001,191
0.215,0.5390625,209
0.215,0.6109374999999999,254
0.215,0.6828124999999998,237
0.215,0.7546874999999997,220
0.215,0.8265625000000001,198
0.215,0.8984375,194
0.215,0.9703124999999999,209
0.215,1.0421874999999998,206
0.215,1.1140624999999997,319
0.215,1.1859375,268
0.215,1.2578125,335
0.215,1.3296875,395
0.215,1.4015624999999998,508
0.215,1.4734374999999997,552
0.215,1.5453125,906
0.215,1.6171875,1161
0.215,1.6890625,1411
0.215,1.7609374999999998,2067
0.215,1.8328125000000002,2222
0.215,1.9046874999999996,1821
0.215,1.9765625,1458
0.215,2.0484374999999995,1438
0.215,2.1203125,648
0.215,2.1921875,24
0.215,2.2640624999999996,0
0.225,-2.2640624999999996,0
0.225,-2.1921874999999997,4
0.225,-2.1203125,637
0.225,-2.0484375,2042
0.225,-1.9765624999999998,2356
0.225,-1.9046874999999999,1918
0.225,-1.8328124999999997,1651
0.225,-1.7609374999999998,1502
0.225,-1.6890625,1258
0.225,-1.6171875,1115
0.225,-1.5453124999999999,833
0.225,-1.4734374999999997,684
0.225,-1.4015624999999998,584
0.225,-1.3296875,540
0.225,-1.2578125,354
0.225,-1.1859374999999999,221
0.225,-1.1140625,219
0.225,-1.0421874999999998,178
0.225,-0.9703124999999999,214
0.225,-0.8984375,293
0.225,-0.8265624999999999,351
0.225,-0.7546875,302
0.225,-0.6828125,321
0.225,-0.6109374999999999,326
0.225,-0.5390625,259
0.225,-0.46718749999999987,402
0.225,-0.39531249999999996,431
0.225,-0.32343750000000004,450
0.225,-0.2515624999999999,1127
0.225,-0.1796875,1471
0.225,-0.10781250000000009,1889
0.225,-0.03593750000000018,2238
0.225,0.03593750000000018,2022
0.225,0.10781250000000009,1559
0.225,0.1796875,1315
0.225,0.2515624999999999,952
0.225,0.3234374999999998,778
0.225,0.3953125000000002,406
0.225,0.4671875000000001,189
0.225,0.5390625,194
0.225,0.6109374999999999,281
0.225,0.6828124999999998,268
0.225,0.7546874999999997,164
0.225,0.8265625000000001,162
0.225,0.8984375,187
0.225,0.9703124999999999,180
0.225,1.0421874999999998,253
0.225,1.1140624999999997,292
0.225,1.1859375,317
0.225,1.2578125,362
0.225,1.3296875,519
0.225,1.4015624999999998,661
0.225,1.4734374999999997,658
0.225,1.5453125,1089
0.225,1.6171875,1454
0.225,1.6890625,1792
0.225,1.7609374999999998,2555
0.225,1.8328125000000002,2695
0.225,1.9046874999999996,2124
0.225,1.9765625,1838
0.225,2.0484374999999995,1473
0.225,2.1203125,362
0.225,2.1921875,1
0.225,2.2640624999999996,0
0.235,-2.2640624999999996,0
0.235,-2.1921874999999997,0
0.235,-2.1203125,227
0.235,-2.0484375,1513
0.235,-1.9765624999999998,2721
0.235,-1.9046874999999999,2344
0.235,-1.8328124999999997,2108
0.235,-1.7609374999999998,1830
0.235,-1.6890625,1519
0.235,-1.6171875,1290
0.235,-1.5453124999999999,1007
0.235,-1.4734374999999997,813
0.235,-1.4015624999999998,835
0.235,-1.3296875,556
0.235,-1.2578125,439
0.235,-1.1859374999999999,309
0.235,-1.1140625,315
0.235,-1.0421874999999998,167
0.235,-0.9703124999999999,228
0.235,-0.8984375,401
0.235,-0.8265624999999999,410
0.235,-0.7546875,364
0.235,-0.6828125,295
0.235,-0.6109374999999999,317
0.235,-0.5390625,286
0.235,-0.46718749999999987,396
0.235,-0.39531249999999996,515
0.235,-0.32343750000000004,515
0.235,-0.2515624999999999,1123
0.235,-0.1796875,1552
0.235,-0.10781250000000009,1790
0.235,-0.03593750000000018,2062
0.235,0.03593750000000018,2046
0.235,0.10781250000000009,1550
0.235,0.1796875,1161
0.235,0.2515624999999999,944
0.235,0.3234374999999998,757
0.235,0.3953125000000002,436
0.235,0.4671875000000001,187
0.235,0.5390625,249
0.235,0.6109374999999999,341
0.235,0.6828124999999998,254
0.235,0.7546874999999997,193
0.235,0.8265625000000001,122
0.235,0.8984375,252
0.235,0.9703124999999999,192
0.235,1.0421874999999998,249
0.235,1.1140624999999997,297
0.235,1.1859375,350
0.235,1.2578125,406
0.235,1.3296875,635
0.235,1.4015624999999998,742
0.235,1.4734374999999997,807
0.235,1.5453125,1229
0.235,1.6171875,1749
0.235,1.6890625,2031
0.235,1.7609374999999998,3220
0.235,1.8328125000000002,3238
0.235,1.9046874999999996,2566
0.235,1.9765625,2358
0.235,2.0484374999999995,1159
0.235,2.1203125,157
0.235,2.1921875,0
0.235,2.2640624999999996,0
0.245,-2.2640624999999996,0
0.245,-2.1921874999999997,0
0.245,-2.1203125,42
0.245,-2.0484375,921
0.245,-1.9765624999999998,2516
0.245,-1.9046874999999999,2705
0.245,-1.8328124999999997,2539
0.245,-1.7609374999999998,2283
0.245,-1.6890625,1774
0.245,-1.6171875,1316
0.245,-1.5453124999999999,1277
0.245,-1.4734374999999997,948
0.245,-1.4015624999999998,1012
0.245,-1.3296875,718
0.245,-1.2578125,495
0.245,-1.1859374999999999,348
0.245,-1.1140625,394
0.245,-1.0421874999999998,206
0.245,-0.9703124999999999,305
0.245,-0.8984375,539
0.245,-0.8265624999999999,402
0.245,-0.7546875,391
0.245,-0.6828125,390
0.245,-0.6109374999999999,347
0.245,-0.5390625,270
0.245,-0.46718749999999987,502
0.245,-0.39531249999999996,574
0.245,-0.32343750000000004,565
0.245,-0.2515624999999999,1023
0.245,-0.1796875,1419
0.245,-0.10781250000000009,1878
0.245,-0.03593750000000018,1963
0.245,0.03593750000000018,2000
0.245,0.10781250000000009,1601
0.245,0.1796875,1060
0.245,0.2515624999999999,1012
0.245,0.3234374999999998,722
0.245,0.3953125000000002,460
0.245,0.4671875000000001,253
0.245,0.5390625,260
0.245,0.6109374999999999,381
0.245,0.6828124999999998,280
0.245,0.7546874999999997,264
0.245,0.8265625000000001,151
0.245,0.8984375,309
0.245,0.9703124999999999,272
0.245,1.0421874999999998,269
0.245,1.1140624999999997,416
0.245,1.1859375,446
0.245,1.2578125,481
0.245,1.3296875,739
0.245,1.4015624999999998,929
0.245,1.4734374999999997,1148
0.245,1.5453125,1498
0.245,1.6171875,1901
0.245,1.6890625,2499
0.245,1.7609374999999998,3796
0.245,1.8328125000000002,4021
0.245,1.9046874999999996,3045
0.245,1.9765625,2178
0.245,2.0484374999999995,775
0.245,2.1203125,16
0.245,2.1921875,0
0.245,2.2640624999999996,0
0.255,-2.2640624999999996,0
0.255,-2.1921874999999997,0
0.255,-2.1203125,0
0.255,-2.0484375,388
0.255,-1.9765624999999998,1726
0.255,-1.9046874999999999,2644
0.255,-1.8328124999999997,3125
0.255,-1.7609374999999998,2918
0.255,-1.6890625,1989
0.255,-1.6171875,1706
0.255,-1.5453124999999999,1478
0.255,-1.4734374999999997,1070
0.255,-1.4015624999999998,988
0.255,-1.3296875,914
0.255,-1.2578125,601
0.255,-1.1859374999999999,413
0.255,-1.1140625,489
0.255,-1.0421874999999998,230
0.255,-0.9703124999999999,378
0.255,-0.8984375,461
0.255,-0.8265624999999999,496
0.255,-0.7546875,454
0.255,-0.6828125,433
0.255,-0.6109374999999999,356
0.255,-0.5390625,273
0.255,-0.46718749999999987,531
0.255,-0.39531249999999996,566
0.255,-0.32343750000000004,634
0.255,-0.2515624999999999,1053
0.255,-0.1796875,1450
0.255,-0.10781250000000009,1896
0.255,-0.03593750000000018,1894
0.255,0.03593750000000018,2007
0.255,0.10781250000000009,1609
0.255,0.1796875,1154
0.255,0.2515624999999999,1004
0.255,0.3234374999999998,807
0.255,0.3953125000000002,529
0.255,0.4671875000000001,301
0.255,0.5390625,282
0.255,0.6109374999999999,414
0.255,0.6828124999999998,291
0.255,0.7546874999999997,301
0.255,0.8265625000000001,192
0.255,0.8984375,317
0.255,0.9703124999999999,278
0.255,1.0421874999999998,336
0.255,1.1140624999999997,548
0.255,1.1859375,525
0.255,1.2578125,602
0.255,1.3296875,881
0.255,1.4015624999999998,1173
0.255,1.4734374999999997,1391
0.255,1.5453125,1817
0.255,1.6171875,2401
0.255,1.6890625,3166
0.255,1.7609374999999998,4696
0.255,1.8328125000000002,4967
0.255,1.9046874999999996,3267
0.255,1.9765625,1545
0.255,2.0484374999999995,309
0.255,2.1203125,0
0.255,2.1921875,0
0.255,2.2640624999999996,0
0.265,-2.2640624999999996,0
0.265,-2.1921874999999997,0
0.265,-2.1203125,0
0.265,-2.0484375,40
0.265,-1.9765624999999998,876
0.265,-1.9046874999999999,2080
0.265,-1.8328124999999997,3404
0.265,-1.7609374999999998,3222
0.265,-1.6890625,2324
0.265,-1.6171875,2269
0.265,-1.5453124999999999,1806
0.265,-1.4734374999999997,1263
0.265,-1.4015624999999998,1252
0.265,-1.3296875,1009
0.265,-1.2578125,696
0.265,-1.1859374999999999,517
0.265,-1.1140625,496
0.265,-1.0421874999999998,293
0.265,-0.9703124999999999,328
0.265,-0.8984375,491
0.265,-0.8265624999999999,493
0.265,-0.7546875,432
0.265,-0.6828125,428
0.265,-0.6109374999999999,351
0.265,-0.5390625,373
0.265,-0.46718749999999987,545
0.265,-0.39531249999999996,589
0.265,-0.32343750000000004,575
0.265,-0.2515624999999999,995
0.265,-0.1796875,1482
0.265,-0.10781250000000009,1674
0.265,-0.03593750000000018,1826
0.265,0.03593750000000018,2054
0.265,0.10781250000000009,1531
0.265,0.1796875,1221
0.265,0.2515624999999999,1022
0.265,0.3234374999999998,852
0.265,0.3953125000000002,527
0.265,0.4671875000000001,379
0.265,0.5390625,332
0.265,0.6109374999999999,403
0.265,0.6828124999999998,282
0.265,0.7546874999999997,329
0.265,0.8265625000000001,247
0.265,0.8984375,283
0.265,0.9703124999999999,314
0.265,1.0421874999999998,437
0.265,1.1140624999999997,640
0.265,1.1859375,591
0.265,1.2578125,720
0.265,1.3296875,1009
0.265,1.4015624999999998,1446
0.265,1.4734374999999997,1759
0.265,1.5453125,2278
0.265,1.6171875,2896
0.265,1.6890625,3814
0.265,1.7609374999999998,5614
0.265,1.8328125000000002,5435
0.265,1.9046874999999996,2803
0.265,1.9765625,925
0.265,2.0484374999999995,43
0.265,2.1203125,0
0.265,2.1921875,0
0.265,2.2640624999999996,0
0.275,-2.2640624999999996,0
0.275,-2.1921874999999997,0
0.275,-2.1203125,0
0.275,-2.0484375,0
0.275,-1.9765624999999998,246
0.275,-1.9046874999999999,1450
0.275,-1.8328124999999997,3135
0.275,-1.7609374999999998,3648
0.275,-1.6890625,2949
0.275,-1.6171875,2615
0.275,-1.5453124999999999,2190
0.275,-1.4734374999999997,1460
0.275,-1.4015624999999998,1388
0.275,-1.3296875,1131
0.275,-1.2578125,721
0.275,-1.1859374999999999,596
0.275,-1.1140625,586
0.275,-1.0421874999999998,388
0.275,-0.9703124999999999,365
0.275,-0.8984375,602
0.275,-0.8265624999999999,512
0.275,-0.7546875,543
0.275,-0.6828125,377
0.275,-0.6109374999999999,354
0.275,-0.5390625,377
0.275,-0.46718749999999987,500
0.275,-0.39531249999999996,666
0.275,-0.32343750000000004,642
0.275,-0.2515624999999999,1012
0.275,-0.1796875,1648
0.275,-0.10781250000000009,1604
0.275,-0.03593750000000018,1930
0.275,0.03593750000000018,2095
0.275,0.10781250000000009,1531
0.275,0.1796875,1218
0.275,0.2515624999999999,1031
0.275,0.3234374999999998,774
0.275,0.3953125000000002,547
0.275,0.4671875000000001,404
0.275,0.5390625,402
0.275,0.6109374999999999,401
0.275,0.6828124999999998,326
0.275,0.7546874999999997,315
0.275,0.8265625000000001,263
0.275,0.8984375,261
0.275,0.9703124999999999,449
0.275,1.0421874999999998,492
0.275,1.1140624999999997,617
0.275,1.1859375,682
0.275,1.2578125,821
0.275,1.3296875,1256
0.275,1.4015624999999998,1637
0.275,1.4734374999999997,2210
0.275,1.5453125,2735
0.275,1.6171875,3447
0.275,1.6890625,4283
0.275,1.7609374999999998,6528
0.275,1.8328125000000002,4885
0.275,1.9046874999999996,2068
0.275,1.9765625,287
0.275,2.0484374999999995,0
0.275,2.1203125,0
0.275,2.1921875,0
0.275,2.2640624999999996,0
0.285,-2.2640624999999996,0
0.285,-2.1921874999999997,0
0.285,-2.1203125,0
0.285,-2.0484375,0
0.285,-1.9765624999999998,5
0.285,-1.9046874999999999,648
0.285,-1.8328124999999997,2111
0.285,-1.7609374999999998,3678
0.285,-1.6890625,3388
0.285,-1.6171875,3015
0.285,-1.5453124999999999,2550
0.285,-1.4734374999999997,1992
0.285,-1.4015624999999998,1474
0.285,-1.3296875,1149
0.285,-1.2578125,824
0.285,-1.1859374999999999,648
0.285,-1.1140625,696
0.285,-1.0421874999999998,502
0.285,-0.9703124999999999,465
0.285,-0.8984375,636
0.285,-0.8265624999999999,560
0.285,-0.7546875,580
0.285,-0.6828125,432
0.285,-0.6109374999999999,339
0.285,-0.5390625,451
0.285,-0.46718749999999987,502
0.285,-0.39531249999999996,678
0.285,-0.32343750000000004,760
0.285,-0.2515624999999999,1025
0.285,-0.1796875,1594
0.285,-0.10781250000000009,1725
0.285,-0.03593750000000018,1963
0.285,0.03593750000000018,2163
0.285,0.10781250000000009,1682
0.285,0.1796875,1136
0.285,0.2515624999999999,1105
0.285,0.3234374999999998,825
0.285,0.3953125000000002,624
0.285,0.4671875000000001,445
0.285,0.5390625,532
0.285,0.6109374999999999,401
0.285,0.6828124999999998,431
0.285,0.7546874999999997,334
0.285,0.8265625000000001,328
0.285,0.8984375,305
0.285,0.9703124999999999,493
0.285,1.0421874999999998,589
0.285,1.1140624999999997,701
0.285,1.1859375,765
0.285,1.2578125,1028
0.285,1.3296875,1406
0.285,1.4015624999999998,2028
0.285,1.4734374999999997,2604
0.285,1.5453125,3444
0.285,1.6171875,4065
0.285,1.6890625,5394
0.285,1.7609374999999998,6981
0.285,1.8328125000000002,3698
0.285,1.9046874999999996,1092
0.285,1.9765625,16
0.285,2.0484374999999995,0
0.285,2.1203125,0
0.285,2.1921875,0
0.285,2.2640624999999996,0
0.295,-2.2640624999999996,0
0.295,-2.1921874999999997,0
0.295,-2.1203125,0
0.295,-2.0484375,0
0.295,-1.9765624999999998,0
0.295,-1.9046874999999999,119
0.295,-1.8328124999999997,1471
0.295,-1.7609374999999998,2716
0.295,-1.6890625,3804
0.295,-1.6171875,3708
0.295,-1.5453124999999999,3094
0.295,-1.4734374999999997,2192
0.295,-1.4015624999999998,1888
0.295,-1.3296875,1329
0.295,-1.2578125,1078
0.295,-1.1859374999999999,781
0.295,-1.1140625,822
0.295,-1.0421874999999998,575
0.295,-0.9703124999999999,521
0.295,-0.8984375,671
0.295,-0.8265624999999999,659
0.295,-0.7546875,586
0.295,-0.6828125,547
0.295,-0.6109374999999999,396
0.295,-0.5390625,378
0.295,-0.46718749999999987,450
0.295,-0.39531249999999996,739
0.295,-0.32343750000000004,771
0.295,-0.2515624999999999,982
0.295,-0.1796875,1592
0.295,-0.10781250000000009,1753
0.295,-0.03593750000000018,1918
0.295,0.03593750000000018,2103
0.295,0.10781250000000009,1797
0.295,0.1796875,1098
0.295,0.2515624999999999,1070
0.295,0.3234374999999998,893
0.295,0.3953125000000002,614
0.295,0.4671875000000001,494
0.295,0.5390625,579
0.295,0.6109374999999999,445
0.295,0.6828124999999998,495
0.295,0.7546874999999997,428
0.295,0.8265625000000001,352
0.295,0.8984375,482
0.295,0.9703124999999999,579
0.295,1.0421874999999998,607
0.295,1.1140624999999997,799
0.295,1.1859375,982
0.295,1.2578125,1303
0.295,1.3296875,1661
0.295,1.4015624999999998,2310
0.295,1.4734374999999997,3194
0.295,1.5453125,3963
0.295,1.6171875,5137
0.295,1.6890625,6674
0.295,1.7609374999999998,5369
0.295,1.8328125000000002,2437
0.295,1.9046874999999996,277
0.295,1.9765625,0
0.295,2.0484374999999995,0
0.295,2.1203125,0
0.295,2.1921875,0
0.295,2.2640624999999996,0
0.305,-2.2640624999999996,0
0.305,-2.1921874999999997,0
0.305,-2.1203125,0
0.305,-2.0484375,0
0.305,-1.9765624999999998,0
0.305,-1.9046874999999999,0
0.305,-1.8328124999999997,546
0.305,-1.7609374999999998,1760
0.305,-1.6890625,4048
0.305,-1.6171875,4652
0.305,-1.5453124999999999,3612
0.305,-1.4734374999999997,2723
0.305,-1.4015624999999998,2254
0.305,-1.3296875,1698
0.305,-1.2578125,1215
0.305,-1.1859374999999999,993
0.305,-1.1140625,1049
0.305,-1.0421874999999998,754
0.305,-0.9703124999999999,641
0.305,-0.8984375,753
0.305,-0.8265624999999999,700
0.305,-0.7546875,695
0.305,-0.6828125,574
0.305,-0.6109374999999999,410
0.305,-0.5390625,363
0.305,-0.46718749999999987,445
0.305,-0.39531249999999996,664
0.305,-0.32343750000000004,835
0.305,-0.2515624999999999,970
0.305,-0.1796875,1577
0.305,-0.10781250000000009,1583
0.305,-0.03593750000000018,1676
0.305,0.03593750000000018,2059
0.305,0.10781250000000009,1774
0.305,0.1796875,1028
0.305,0.2515624999999999,1098
0.305,0.3234374999999998,957
0.305,0.3953125000000002,663
0.305,0.4671875000000001,528
0.305,0.5390625,644
0.305,0.6109374999999999,482
0.305,0.6828124999999998,560
0.305,0.7546874999999997,520
0.305,0.8265625000000001,443
0.305,0.8984375,548
0.305,0.9703124999999999,667
0.305,1.0421874999999998,756
0.305,1.1140624999999997,1001
0.305,1.1859375,1229
0.305,1.2578125,1553
0.305,1.3296875,2142
0.305,1.4015624999999998,2795
0.305,1.4734374999999997,3915
0.305,1.5453125,4964
0.305,1.6171875,6195
0.305,1.6890625,6206
0.305,1.7609374999999998,3881
0.305,1.8328125000000002,832
0.305,1.9046874999999996,1
0.305,1.9765625,0
0.305,2.0484374999999995,0
0.305,2.1203125,0
0.305,2.1921875,0
0.305,2.2640624999999996,0
0.315,-2.2640624999999996,0
0.315,-2.1921874999999997,0
0.315,-2.1203125,0
0.315,-2.0484375,0
0.315,-1.9765624999999998,0
0.315,-1.9046874999999999,0
0.315,-1.8328124999999997,50
0.315,-1.7609374999999998,980
0.315,-1.6890625,3215
0.315,-1.6171875,4829
0.315,-1.5453124999999999,4377
0.315,-1.4734374999999997,3371
0.315,-1.4015624999999998,2772
0.315,-1.3296875,2146
0.315,-1.2578125,1538
0.315,-1.1859374999999999,1094
0.315,-1.1140625,1236
0.315,-1.0421874999999998,912
0.315,-0.9703124999999999,737
0.315,-0.8984375,801
0.315,-0.8265624999999999,761
0.315,-0.7546875,843
0.315,-0.6828125,686
0.315,-0.6109374999999999,450
0.315,-0.5390625,406
0.315,-0.46718749999999987,451
0.315,-0.39531249999999996,678
0.315,-0.32343750000000004,817
0.315,-0.2515624999999999,978
0.315,-0.1796875,1463
0.315,-0.10781250000000009,1564
0.315,-0.03593750000000018,1502
0.315,0.03593750000000018,1825
0.315,0.10781250000000009,1678
0.315,0.1796875,1075
0.315,0.2515624999999999,1065
0.315,0.3234374999999998,1028
0.315,0.3953125000000002,701
0.315,0.4671875000000001,583
0.315,0.5390625,599
0.315,0.6109374999999999,582
0.315,0.6828124999999998,599
0.315,0.7546874999999997,546
0.315,0.8265625000000001,510
0.315,0.8984375,627
0.315,0.9703124999999999,714
0.315,1.0421874999999998,837
0.315,1.1140624999999997,1211
0.315,1.1859375,1487
0.315,1.2578125,1937
0.315,1.3296875,2436
0.315,1.4015624999999998,3505
0.315,1.4734374999999997,4700
0.315,1.5453125,5918
0.315,1.6171875,6652
0.315,1.6890625,4716
0.315,1.7609374999999998,1999
0.315,1.8328125000000002,69
0.315,1.9046874999999996,0
0.315,1.9765625,0
0.315,2.0484374999999995,0
0.315,2.1203125,0
0.315,2.1921875,0
0.315,2.2640624999999996,0
0.325,-2.2640624999999996,0
0.325,-2.1921874999999997,0
0.325,-2.1203125,0
0.325,-2.0484375,0
0.325,-1.9765624999999998,0
0.325,-1.9046874999999999,0
0.325,-1.8328124999999997,0
0.325,-1.7609374999999998,250
0.325,-1.6890625,2029
0.325,-1.6171875,4005
0.325,-1.5453124999999999,5148
0.325,-1.4734374999999997,4058
0.325,-1.4015624999999998,3162
0.325,-1.3296875,2554
0.325,-1.2578125,1805
0.325,-1.1859374999999999,1431
0.325,-1.1140625,1380
0.325,-1.0421874999999998,1112
0.325,-0.9703124999999999,953
0.325,-0.8984375,793
0.325,-0.8265624999999999,915
0.325,-0.7546875,837
0.325,-0.6828125,668
0.325,-0.6109374999999999,476
0.325,-0.5390625,408
0.325,-0.46718749999999987,517
0.325,-0.39531249999999996,731
0.325,-0.32343750000000004,933
0.325,-0.2515624999999999,974
0.325,-0.1796875,1448
0.325,-0.10781250000000009,1530
0.325,-0.03593750000000018,1671
0.325,0.03593750000000018,1767
0.325,0.10781250000000009,1708
0.325,0.1796875,1160
0.325,0.2515624999999999,1054
0.325,0.3234374999999998,1065
0.325,0.3953125000000002,735
0.325,0.4671875000000001,552
0.325,0.5390625,573
0.325,0.6109374999999999,615
0.325,0.6828124999999998,563
0.325,0.7546874999999997,585
0.325,0.8265625000000001,594
0.325,0.8984375,684
0.325,0.9703124999999999,879
0.325,1.0421874999999998,945
0.325,1.1140624999999997,1444
0.325,1.1859375,1823
0.325,1.2578125,2372
0.325,1.3296875,2874
0.325,1.4015624999999998,4169
0.325,1.4734374999999997,5634
0.325,1.5453125,6932
0.325,1.6171875,5697
0.325,1.6890625,2990
0.325,1.7609374999999998,430
0.325,1.8328125000000002,0
0.325,1.9046874999999996,0
0.325,1.9765625,0
0.325,2.0484374999999995,0
0.325,2.1203125,0
0.325,2.1921875,0
0.325,2.2640624999999996,0
0.335,-2.2640624999999996,0
0.335,-2.1921874999999997,0
0.335,-2.1203125,0
0.335,-2.0484375,0
0.335,-1.9765624999999998,0
0.335,-1.9046874999999999,0
0.335,-1.8328124999999997,0
0.335,-1.7609374999999998,8
0.335,-1.6890625,809
0.335,-1.6171875,2813
0.335,-1.5453124999999999,4881
0.335,-1.4734374999999997,4888
0.335,-1.4015624999999998,3969
0.335,-1.3296875,3025
0.335,-1.2578125,2255
0.335,-1.1859374999999999,1774
0.335,-1.1140625,1581
0.335,-1.0421874999999998,1361
0.335,-0.9703124999999999,1181
0.335,-0.8984375,842
0.335,-0.8265624999999999,1004
0.335,-0.7546875,934
0.335,-0.6828125,654
0.335,-0.6109374999999999,485
0.335,-0.5390625,475
0.335,-0.46718749999999987,532
0.335,-0.39531249999999996,771
0.335,-0.32343750000000004,1037
0.335,-0.2515624999999999,1012
0.335,-0.1796875,1476
0.335,-0.10781250000000009,1489
0.335,-0.03593750000000018,1568
0.335,0.03593750000000018,1611
0.335,0.10781250000000009,1621
0.335,0.1796875,1158
0.335,0.2515624999999999,1056
0.335,0.3234374999999998,972
0.335,0.3953125000000002,790
0.335,0.4671875000000001,534
0.335,0.5390625,593
0.335,0.6109374999999999,618
0.335,0.6828124999999998,632
0.335,0.7546874999999997,634
0.335,0.8265625000000001,740
0.335,0.8984375,787
0.335,0.9703124999999999,1064
0.335,1.0421874999999998,1303
0.335,1.1140624999999997,1805
0.335,1.1859375,2150
0.335,1.2578125,2891
0.335,1.3296875,3459
0.335,1.4015624999999998,4790
0.335,1.4734374999999997,6324
0.335,1.5453125,6732
0.335,1.6171875,3936
0.335,1.6890625,1044
0.335,1.7609374999999998,5
0.335,1.8328125000000002,0
0.335,1.9046874999999996,0
0.335,1.9765625,0
0.335,2.0484374999999995,0
0.335,2.1203125,0
0.335,2.1921875,0
0.335,2.2640624999999996,0
0.345,-2.2640624999999996,0
0.345,-2.1921874999999997,0
0.345,-2.1203125,0
0.345,-2.0484375,0
0.345,-1.9765624999999998,0
0.345,-1.9046874999999999,0
0.345,-1.8328124999999997,0
0.345,-1.7609374999999998,0
0.345,-1.6890625,70
0.345,-1.6171875,1627
0.345,-1.5453124999999999,3611
0.345,-1.4734374999999997,5597
0.345,-1.4015624999999998,4809
0.345,-1.3296875,3658
0.345,-1.2578125,2690
0.345,-1.1859374999999999,2061
0.345,-1.1140625,1831
0.345,-1.0421874999999998,1639
0.345,-0.9703124999999999,1402
0.345,-0.8984375,884
0.345,-0.8265624999999999,1159
0.345,-0.7546875,919
0.345,-0.6828125,793
0.345,-0.6109374999999999,567
0.345,-0.5390625,611
0.345,-0.46718749999999987,612
0.345,-0.39531249999999996,751
0.345,-0.32343750000000004,1134
0.345,-0.2515624999999999,1072
0.345,-0.1796875,1591
0.345,-0.10781250000000009,1452
0.345,-0.03593750000000018,1612
0.345,0.03593750000000018,1721
0.345,0.10781250000000009,1609
0.345,0.1796875,1307
0.345,0.2515624999999999,1180
0.345,0.3234374999999998,879
0.345,0.3953125000000002,842
0.345,0.4671875000000001,578
0.345,0.5390625,747
0.345,0.6109374999999999,696
0.345,0.6828124999999998,748
0.345,0.7546874999999997,756
0.345,0.8265625000000001,749
0.345,0.8984375,1031
0.345,0.9703124999999999,1117
0.345,1.0421874999999998,1677
0.345,1.1140624999999997,2087
0.345,1.1859375,2730
0.345,1.2578125,3516
0.345,1.3296875,4150
0.345,1.4015624999999998,5825
0.345,1.4734374999999997,7335
0.345,1.5453125,5073
0.345,1.6171875,2140
0.345,1.6890625,77
0.345,1.7609374999999998,0
0.345,1.8328125000000002,0
0.345,1.9046874999999996,0
0.345,1.9765625,0
0.345,2.0484374999999995,0
0.345,2.1203125,0
0.345,2.1921875,0
0.345,2.2640624999999996,0
0.355,-2.2640624999999996,0
0.355,-2.1921874999999997,0
0.355,-2.1203125,0
0.355,-2.0484375,0
0.355,-1.9765624999999998,0
0.355,-1.9046874999999999,0
0.355,-1.8328124999999997,0
0.355,-1.7609374999999998,0
0.355,-1.6890625,0
0.355,-1.6171875,415
0.355,-1.5453124999999999,2600
0.355,-1.4734374999999997,4888
0.355,-1.4015624999999998,5396
0.355,-1.3296875,4403
0.355,-1.2578125,3376
0.355,-1.1859374999999999,2645
0.355,-1.1140625,2179
0.355,-1.0421874999999998,1723
0.355,-0.9703124999999999,1659
0.355,-0.8984375,1194
0.355,-0.8265624999999999,1423
0.355,-0.7546875,1015
0.355,-0.6828125,880
0.355,-0.6109374999999999,738
0.355,-0.5390625,672
0.355,-0.46718749999999987,799
0.355,-0.39531249999999996,886
0.355,-0.32343750000000004,1107
0.355,-0.2515624999999999,1168
0.355,-0.1796875,1486
0.355,-0.10781250000000009,1218
0.355,-0.03593750000000018,1600
0.355,0.03593750000000018,1628
0.355,0.10781250000000009,1576
0.355,0.1796875,1336
0.355,0.2515624999999999,1167
0.355,0.3234374999999998,910
0.355,0.3953125000000002,970
0.355,0.4671875000000001,813
0.355,0.5390625,717
0.355,0.6109374999999999,761
0.355,0.6828124999999998,812
0.355,0.7546874999999997,890
0.355,0.8265625000000001,915
0.355,0.8984375,1087
0.355,0.9703124999999999,1310
0.355,1.0421874999999998,2002
0.355,1.1140624999999997,2349
0.355,1.1859375,3176
0.355,1.2578125,4058
0.355,1.3296875,5302
0.355,1.4015624999999998,6881
0.355,1.4734374999999997,6646
0.355,1.5453125,3646
0.355,1.6171875,461
0.355,1.6890625,0
0.355,1.7609374999999998,0
0.355,1.8328125000000002,0
0.355,1.9046874999999996,0
0.355,1.9765625,0
0.355,2.0484374999999995,0
0.355,2.1203125,0
0.355,2.1921875,0
0.355,2.2640624999999996,0
0.365,-2.2640624999999996,0
0.365,-2.1921874999999997,0
0.365,-2.1203125,0
0.365,-2.0484375,0
0.365,-1.9765624999999998,0
0.365,-1.9046874999999999,0
0.365,-1.8328124999999997,0
0.365,-1.7609374999999998,0
0.365,-1.6890625,0
0.365,-1.6171875,12
0.365,-1.5453124999999999,1221
0.365,-1.4734374999999997,3388
0.365,-1.4015624999999998,5792
0.365,-1.3296875,5463
0.365,-1.2578125,4030
0.365,-1.1859374999999999,3295
0.365,-1.1140625,2473
0.365,-1.0421874999999998,2083
0.365,-0.9703124999999999,1986
0.365,-0.8984375,1662
0.365,-0.8265624999999999,1553
0.365,-0.7546875,1247
0.365,-0.6828125,1020
0.365,-0.6109374999999999,764
0.365,-0.5390625,754
0.365,-0.46718749999999987,859
0.365,-0.39531249999999996,837
0.365,-0.32343750000000004,1132
0.365,-0.2515624999999999,1269
0.365,-0.1796875,1413
0.365,-0.10781250000000009,1332
0.365,-0.03593750000000018,1591
0.365,0.03593750000000018,1642
0.365,0.10781250000000009,1633
0.365,0.1796875,1452
0.365,0.2515624999999999,1213
0.365,0.3234374999999998,982
0.365,0.3953125000000002,954
0.365,0.4671875000000001,876
0.365,0.5390625,751
0.365,0.6109374999999999,852
0.365,0.6828124999999998,1007
0.365,0.7546874999999997,1110
0.365,0.8265625000000001,1161
0.365,0.8984375,1315
0.365,0.9703124999999999,1426
0.365,1.0421874999999998,2162
0.365,1.1140624999999997,2730
0.365,1.1859375,3831
0.365,1.2578125,4662
0.365,1.3296875,6136
0.365,1.4015624999999998,7576
0.365,1.4734374999999997,4782
0.365,1.5453125,1627
0.365,1.6171875,5
0.365,1.6890625,0
0.365,1.7609374999999998,0
0.365,1.8328125000000002,0
0.365,1.9046874999999996,0
0.365,1.9765625,0
0.365,2.0484374999999995,0
0.365,2.1203125,0
0.365,2.1921875,0
0.365,2.2640624999999996,0
0.375,-2.2640624999999996,0
0.375,-2.1921874999999997,0
0.375,-2.1203125,0
0.375,-2.0484375,0
0.375,-1.9765624999999998,0
0.375,-1.9046874999999999,0
0.375,-1.8328124999999997,0
0.375,-1.7609374999999998,0
0.375,-1.6890625,0
0.375,-1.6171875,0
0.375,-1.5453124999999999,188
0.375,-1.4734374999999997,2095
0.375,-1.4015624999999998,4868
0.375,-1.3296875,6550
0.375,-1.2578125,4617
0.375,-1.1859374999999999,3704
0.375,-1.1140625,2898
0.375,-1.0421874999999998,2748
0.375,-0.9703124999999999,2351
0.375,-0.8984375,1932
0.375,-0.8265624999999999,1705
0.375,-0.7546875,1429
0.375,-0.6828125,1173
0.375,-0.6109374999999999,914
0.375,-0.5390625,907
0.375,-0.46718749999999987,1046
0.375,-0.39531249999999996,1051
0.375,-0.32343750000000004,1135
0.375,-0.2515624999999999,1295
0.375,-0.1796875,1451
0.375,-0.10781250000000009,1392
0.375,-0.03593750000000018,1514
0.375,0.03593750000000018,1600
0.375,0.10781250000000009,1809
0.375,0.1796875,1554
0.375,0.2515624999999999,1181
0.375,0.3234374999999998,965
0.375,0.3953125000000002,1076
0.375,0.4671875000000001,959
0.375,0.5390625,929
0.375,0.6109374999999999,940
0.375,0.6828124999999998,1183
0.375,0.7546874999999997,1413
0.375,0.8265625000000001,1424
0.375,0.8984375,1516
0.375,0.9703124999999999,1584
0.375,1.0421874999999998,2441
0.375,1.1140624999999997,3451
0.375,1.1859375,4661
0.375,1.2578125,5459
0.375,1.3296875,7391
0.375,1.4015624999999998,6368
0.375,1.4734374999999997,2719
0.375,1.5453125,212
0.375,1.6171875,0
0.375,1.6890625,0
0.375,1.7609374999999998,0
0.375,1.8328125000000002,0
0.375,1.9046874999999996,0
0.375,1.9765625,0
0.375,2.0484374999999995,0
0.375,2.1203125,0
0.375,2.1921875,0
0.375,2.2640624999999996,0
0.385,-2.2640624999999996,0
0.385,-2.1921874999999997,0
0.385,-2.1203125,0
0.385,-2.0484375,0
0.385,-1.9765624999999998,0
0.385,-1.9046874999999999,0
0.385,-1.8328124999999997,0
0.385,-1.7609374999999998,0
0.385,-1.6890625,0
0.385,-1.6171875,0
0.385,-1.5453124999999999,0
0.385,-1.4734374999999997,746
0.385,-1.4015624999999998,3662
0.385,-1.3296875,6973
0.385,-1.2578125,5568
0.385,-1.1859374999999999,4515
0.385,-1.1140625,3622
0.385,-1.0421874999999998,3339
0.385,-0.9703124999999999,2732
0.385,-0.8984375,2295
0.385,-0.8265624999999999,1925
0.385,-0.7546875,1630
0.385,-0.6828125,1339
0.385,-0.6109374999999999,1147
0.385,-0.5390625,1123
0.385,-0.46718749999999987,1284
0.385,-0.39531249999999996,1156
0.385,-0.32343750000000004,1317
0.385,-0.2515624999999999,1257
0.385,-0.1796875,1352
0.385,-0.10781250000000009,1451
0.385,-0.03593750000000018,1444
0.385,0.03593750000000018,1612
0.385,0.10781250000000009,1819
0.385,0.1796875,1649
0.385,0.2515624999999999,1314
0.385,0.3234374999999998,950
0.385,0.3953125000000002,1064
0.385,0.4671875000000001,1031
0.385,0.5390625,1174
0.385,0.6109374999999999,1031
0.385,0.6828124999999998,1334
0.385,0.7546874999999997,1803
0.385,0.8265625000000001,1786
0.385,0.8984375,1940
0.385,0.9703124999999999,2020
0.385,1.0421874999999998,2629
0.385,1.1140624999999997,4122
0.385,1.1859375,5665
0.385,1.2578125,6976
0.385,1.3296875,7959
0.385,1.4015624999999998,4145
0.385,1.4734374999999997,870
0.385,1.5453125,0
0.385,1.6171875,0
0.385,1.6890625,0
0.385,1.7609374999999998,0
0.385,1.8328125000000002,0
0.385,1.9046874999999996,0
0.385,1.9765625,0
0.385,2.0484374999999995,0
0.385,2.1203125,0
0.385,2.1921875,0
0.385,2.2640624999999996,0
0.395,-2.2640624999999996,0
0.395,-2.1921874999999997,0
0.395,-2.1203125,0
0.395,-2.0484375,0
0.395,-1.9765624999999998,0
0.395,-1.9046874999999999,0
0.395,-1.8328124999999997,0
0.395,-1.7609374999999998,0
0.395,-1.6890625,0
0.395,-1.6171875,0
0.395,-1.5453124999999999,0
0.395,-1.4734374999999997,63
0.395,-1.4015624999999998,2010
0.395,-1.3296875,5880
0.395,-1.2578125,6914
0.395,-1.1859374999999999,5499
0.395,-1.1140625,4240
0.395,-1.0421874999999998,3890
0.395,-0.9703124999999999,3262
0.395,-0.8984375,2496
0.395,-0.8265624999999999,2118
0.395,-0.7546875,1981
0.395,-0.6828125,1555
0.395,-0.6109374999999999,1351
0.395,-0.5390625,1266
0.395,-0.46718749999999987,1313
0.395,-0.39531249999999996,1338
0.395,-0.32343750000000004,1370
0.395,-0.2515624999999999,1204
0.395,-0.1796875,1409
0.395,-0.10781250000000009,1522
0.395,-0.03593750000000018,1585
0.395,0.03593750000000018,1734
0.395,0.10781250000000009,1885
0.395,0.1796875,1766
0.395,0.2515624999999999,1490
0.395,0.3234374999999998,1162
0.395,0.3953125000000002,1161
0.395,0.4671875000000001,1121
0.395,0.5390625,1187
0.395,0.6109374999999999,1369
0.395,0.6828124999999998,1809
0.395,0.7546874999999997,2184
0.395,0.8265625000000001,2127
0.395,0.8984375,2532
0.395,0.9703124999999999,2719
0.395,1.0421874999999998,3335
0.395,1.1140624999999997,4976
0.395,1.1859375,6453
0.395,1.2578125,8546
0.395,1.3296875,6682
0.395,1.4015624999999998,2269
0.395,1.4734374999999997,65
0.395,1.5453125,0
0.395,1.6171875,0
0.395,1.6890625,0
0.395,1.7609374999999998,0
0.395,1.8328125000000002,0
0.395,1.9046874999999996,0
0.395,1.9765625,0
0.395,2.0484374999999995,0
0.395,2.1203125,0
0.395,2.1921875,0
0.395,2.2640624999999996,0
0.405,-2.2640624999999996,0
0.405,-2.1921874999999997,0
0.405,-2.1203125,0
0.405,-2.0484375,0
0.405,-1.9765624999999998,0
0.405,-1.9046874999999999,0
0.405,-1.8328124999999997,0
0.405,-1.7609374999999998,0
0.405,-1.6890625,0
0.405,-1.6171875,0
0.405,-1.5453124999999999,0
0.405,-1.4734374999999997,0
0.405,-1.4015624999999998,673
0.405,-1.3296875,3926
0.405,-1.2578125,7533
0.405,-1.1859374999999999,6358
0.405,-1.1140625,5161
0.405,-1.0421874999999998,4729
0.405,-0.9703124999999999,3866
0.405,-0.8984375,3006
0.405,-0.8265624999999999,2430
0.405,-0.7546875,2209
0.405,-0.6828125,1928
0.405,-0.6109374999999999,1661
0.405,-0.5390625,1592
0.405,-0.46718749999999987,1499
0.405,-0.39531249999999996,1388
0.405,-0.32343750000000004,1295
0.405,-0.2515624999999999,1361
0.405,-0.1796875,1449
0.405,-0.10781250000000009,1636
0.405,-0.03593750000000018,1625
0.405,0.03593750000000018,1762
0.405,0.10781250000000009,1875
0.405,0.1796875,1753
0.405,0.2515624999999999,1641
0.405,0.3234374999999998,1224
0.405,0.3953125000000002,1143
0.405,0.4671875000000001,1210
0.405,0.5390625,1318
0.405,0.6109374999999999,1521
0.405,0.6828124999999998,2115
0.405,0.7546874999999997,2600
0.405,0.8265625000000001,2452
0.405,0.8984375,2924
0.405,0.9703124999999999,3392
0.405,1.0421874999999998,3942
0.405,1.1140624999999997,5829
0.405,1.1859375,8027
0.405,1.2578125,9554
0.405,1.3296875,4898
0.405,1.4015624999999998,708
0.405,1.4734374999999997,0
0.405,1.5453125,0
0.405,1.6171875,0
0.405,1.6890625,0
0.405,1.7609374999999998,0
0.405,1.8328125000000002,0
0.405,1.9046874999999996,0
0.405,1.9765625,0
0.405,2.0484374999999995,0
0.405,2.1203125,0
0.405,2.1921875,0
0.405,2.2640624999999996,0
0.415,-2.2640624999999996,0
0.415,-2.1921874999999997,0
0.415,-2.1203125,0
0.415,-2.0484375,0
0.415,-1.9765624999999998,0
0.415,-1.9046874999999999,0
0.415,-1.8328124999999997,0
0.415,-1.7609374999999998,0
0.415,-1.6890625,0
0.415,-1.6171875,0
0.415,-1.5453124999999999,0
0.415,-1.4734374999999997,0
0.415,-1.4015624999999998,47
0.415,-1.3296875,2032
0.415,-1.2578125,6285
0.415,-1.1859374999999999,7723
0.415,-1.1140625,6405
0.415,-1.0421874999999998,5367
0.415,-0.9703124999999999,4406
0.415,-0.8984375,3686
0.415,-0.8265624999999999,2977
0.415,-0.7546875,2726
0.415,-0.6828125,2513
0.415,-0.6109374999999999,1808
0.415,-0.5390625,1759
0.415,-0.46718749999999987,1570
0.415,-0.39531249999999996,1750
0.415,-0.32343750000000004,1489
0.415,-0.2515624999999999,1425
0.415,-0.1796875,1613
0.415,-0.10781250000000009,1792
0.415,-0.03593750000000018,1653
0.415,0.03593750000000018,1894
0.415,0.10781250000000009,1890
0.415,0.1796875,1736
0.415,0.2515624999999999,1755
0.415,0.3234374999999998,1475
0.415,0.3953125000000002,1263
0.415,0.4671875000000001,1438
0.415,0.5390625,1558
0.415,0.6109374999999999,1719
0.415,0.6828124999999998,2465
0.415,0.7546874999999997,2814
0.415,0.8265625000000001,3207
0.415,0.8984375,3738
0.415,0.9703124999999999,4214
0.415,1.0421874999999998,4452
0.415,1.1140624999999997,6795
0.415,1.1859375,9403
0.415,1.2578125,8276
0.415,1.3296875,2718
0.415,1.4015624999999998,47
0.415,1.4734374999999997,0
0.415,1.5453125,0
0.415,1.6171875,0
0.415,1.6890625,0
0.415,1.7609374999999998,0
0.415,1.8328125000000002,0
0.415,1.9046874999999996,0
0.415,1.9765625,0
0.415,2.0484374999999995,0
0.415,2.1203125,0
0.415,2.1921875,0
0.415,2.2640624999999996,0
0.425,-2.2640624999999996,0
0.425,-2.1921874999999997,0
0.425,-2.1203125,0
0.425,-2.0484375,0
0.425,-1.9765624999999998,0
0.425,-1.9046874999999999,0
0.425,-1.8328124999999997,0
0.425,-1.7609374999999998,0
0.425,-1.6890625,0
0.425,-1.6171875,0
0.425,-1.5453124999999999,0
0.425,-1.4734374999999997,0
0.425,-1.4015624999999998,0
0.425,-1.3296875,537
0.425,-1.2578125,4438
0.425,-1.1859374999999999,8504
0.425,-1.1140625,7768
0.425,-1.0421874999999998,6386
0.425,-0.9703124999999999,5252
0.425,-0.8984375,4480
0.425,-0.8265624999999999,3747
0.425,-0.7546875,3279
0.425,-0.6828125,2747
0.425,-0.6109374999999999,2290
0.425,-0.5390625,1924
0.425,-0.46718749999999987,1799
0.425,-0.39531249999999996,2116
0.425,-0.32343750000000004,1662
0.425,-0.2515624999999999,1606
0.425,-0.1796875,1905
0.425,-0.10781250000000009,1954
0.425,-0.03593750000000018,1767
0.425,0.03593750000000018,1870
0.425,0.10781250000000009,1750
0.425,0.1796875,1897
0.425,0.2515624999999999,1965
0.425,0.3234374999999998,1794
0.425,0.3953125000000002,1528
0.425,0.4671875000000001,1741
0.425,0.5390625,1732
0.425,0.6109374999999999,2051
0.425,0.6828124999999998,2800
0.425,0.7546874999999997,3164
0.425,0.8265625000000001,3670
0.425,0.8984375,4457
0.425,0.9703124999999999,5027
0.425,1.0421874999999998,5321
0.425,1.1140624999999997,8186
0.425,1.1859375,9770
0.425,1.2578125,5585
0.425,1.3296875,818
0.425,1.4015624999999998,0
0.425,1.4734374999999997,0
0.425,1.5453125,0
0.425,1.6171875,0
0.425,1.6890625,0
0.425,1.7609374999999998,0
0.425,1.8328125000000002,0
0.425,1.9046874999999996,0
0.425,1.9765625,0
0.425,2.0484374999999995,0
0.425,2.1203125,0
0.425,2.1921875,0
0.425,2.2640624999999996,0
0.435,-2.2640624999999996,0
0.435,-2.1921874999999997,0
0.435,-2.1203125,0
0.435,-2.0484375,0
0.435,-1.9765624999999998,0
0.435,-1.9046874999999999,0
0.435,-1.8328124999999997,0
0.435,-1.7609374999999998,0
0.435,-1.6890625,0
0.435,-1.6171875,0
0.435,-1.5453124999999999,0
0.435,-1.4734374999999997,0
0.435,-1.4015624999999998,0
0.435,-1.3296875,28
0.435,-1.2578125,2409
0.435,-1.1859374999999999,7659
0.435,-1.1140625,9333
0.435,-1.0421874999999998,7541
0.435,-0.9703124999999999,6171
0.435,-0.8984375,5209
0.435,-0.8265624999999999,4423
0.435,-0.7546875,3818
0.435,-0.6828125,3135
0.435,-0.6109374999999999,2665
0.435,-0.5390625,2286
0.435,-0.46718749999999987,2146
0.435,-0.39531249999999996,2392
0.435,-0.32343750000000004,2063
0.435,-0.2515624999999999,1837
0.435,-0.1796875,2141
0.435,-0.10781250000000009,2174
0.435,-0.03593750000000018,1973
0.435,0.03593750000000018,2047
0.435,0.10781250000000009,2028
0.435,0.1796875,2222
0.435,0.2515624999999999,2124
0.435,0.3234374999999998,1858
0.435,0.3953125000000002,1757
0.435,0.4671875000000001,1990
0.435,0.5390625,2064
0.435,0.6109374999999999,2560
0.435,0.6828124999999998,3156
0.435,0.7546874999999997,3821
0.435,0.8265625000000001,4390
0.435,0.8984375,5155
0.435,0.9703124999999999,6089
0.435,1.0421874999999998,6776
0.435,1.1140624999999997,9981
0.435,1.1859375,8452
0.435,1.2578125,2728
0.435,1.3296875,41
0.435,1.4015624999999998,0
0.435,1.4734374999999997,0
0.435,1.5453125,0
0.435,1.6171875,0
0.435,1.6890625,0
0.435,1.7609374999999998,0
0.435,1.8328125000000002,0
0.435,1.9046874999999996,0
0.435,1.9765625,0
0.435,2.0484374999999995,0
0.435,2.1203125,0
0.435,2.1921875,0
0.435,2.2640624999999996,0
0.445,-2.2640624999999996,0
0.445,-2.1921874999999997,0
0.445,-2.1203125,0
0.445,-2.0484375,0
0.445,-1.9765624999999998,0
0.445,-1.9046874999999999,0
0.445,-1.8328124999999997,0
0.445,-1.7609374999999998,0
0.445,-1.6890625,0
0.445,-1.6171875,0
0.445,-1.5453124999999999,0
0.445,-1.4734374999999997,0
0.445,-1.4015624999999998,0
0.445,-1.3296875,0
0.445,-1.2578125,667
0.445,-1.1859374999999999,5391
0.445,-1.1140625,10257
0.445,-1.0421874999999998,8858
0.445,-0.9703124999999999,7320
0.445,-0.8984375,6266
0.445,-0.8265624999999999,5166
0.445,-0.7546875,4618
0.445,-0.6828125,3829
0.445,-0.6109374999999999,3191
0.445,-0.5390625,2718
0.445,-0.46718749999999987,2463
0.445,-0.39531249999999996,2579
0.445,-0.32343750000000004,2392
0.445,-0.2515624999999999,2065
0.445,-0.1796875,2355
0.445,-0.10781250000000009,2437
0.445,-0.03593750000000018,2265
0.445,0.03593750000000018,2147
0.445,0.10781250000000009,2276
0.445,0.1796875,2371
0.445,0.2515624999999999,2595
0.445,0.3234374999999998,2224
0.445,0.3953125000000002,2154
0.445,0.4671875000000001,2253
0.445,0.5390625,2425
0.445,0.6109374999999999,3003
0.445,0.6828124999999998,3648
0.445,0.7546874999999997,4816
0.445,0.8265625000000001,5357
0.445,0.8984375,6185
0.445,0.9703124999999999,7337
0.445,1.0421874999999998,8267
0.445,1.1140624999999997,11300
0.445,1.1859375,6185
0.445,1.2578125,772
0.445,1.3296875,0
0.445,1.4015624999999998,0
0.445,1.4734374999999997,0
0.445,1.5453125,0
0.445,1.6171875,0
0.445,1.6890625,0
0.445,1.7609374999999998,0
0.445,1.8328125000000002,0
0.445,1.9046874999999996,0
0.445,1.9765625,0
0.445,2.0484374999999995,0
0.445,2.1203125,0
0.445,2.1921875,0
0.445,2.2640624999999996,0
0.455,-2.2640624999999996,0
0.455,-2.1921874999999997,0
0.455,-2.1203125,0
0.455,-2.0484375,0
0.455,-1.9765624999999998,0
0.455,-1.9046874999999999,0
0.455,-1.8328124999999997,0
0.455,-1.7609374999999998,0
0.455,-1.6890625,0
0.455,-1.6171875,0
0.455,-1.5453124999999999,0
0.455,-1.4734374999999997,0
0.455,-1.4015624999999998,0
0.455,-1.3296875,0
0.455,-1.2578125,44
0.455,-1.1859374999999999,3204
0.455,-1.1140625,9649
0.455,-1.0421874999999998,10441
0.455,-0.9703124999999999,8704
0.455,-0.8984375,7491
0.455,-0.8265624999999999,6073
0.455,-0.7546875,5570
0.455,-0.6828125,4538
0.455,-0.6109374999999999,3682
0.455,-0.5390625,3386
0.455,-0.46718749999999987,2969
0.455,-0.39531249999999996,3061
0.455,-0.32343750000000004,2785
0.455,-0.2515624999999999,2616
0.455,-0.1796875,2538
0.455,-0.10781250000000009,2632
0.455,-0.03593750000000018,2337
0.455,0.03593750000000018,2469
0.455,0.10781250000000009,2472
0.455,0.1796875,2712
0.455,0.2515624999999999,2989
0.455,0.3234374999999998,2539
0.455,0.3953125000000002,2513
0.455,0.4671875000000001,2555
0.455,0.5390625,3086
0.455,0.6109374999999999,3647
0.455,0.6828124999999998,4276
0.455,0.7546874999999997,5741
0.455,0.8265625000000001,6543
0.455,0.8984375,7418
0.455,0.9703124999999999,8909
0.455,1.0421874999999998,10157
0.455,1.1140624999999997,10243
0.455,1.1859375,3362
0.455,1.2578125,45
0.455,1.3296875,0
0.455,1.4015624999999998,0
0.455,1.4734374999999997,0
0.455,1.5453125,0
0.455,1.6171875,0
0.455,1.6890625,0
0.455,1.7609374999999998,0
0.455,1.8328125000000002,0
0.455,1.9046874999999996,0
0.455,1.9765625,0
0.455,2.0484374999999995,0
0.455,2.1203125,0
0.455,2.1921875,0
0.455,2.2640624999999996,0
0.465,-2.2640624999999996,0
0.465,-2.1921874999999997,0
0.465,-2.1203125,0
0.465,-2.0484375,0
0.465,-1.9765624999999998,0
0.465,-1.9046874999999999,0
0.465,-1.8328124999999997,0
0.465,-1.7609374999999998,0
0.465,-1.6890625,0
0.465,-1.6171875,0
0.465,-1.5453124999999999,0
0.465,-1.4734374999999997,0
0.465,-1.4015624999999998,0
0.465,-1.3296875,0
0.465,-1.2578125,0
0.465,-1.1859374999999999,1158
0.465,-1.1140625,7276
0.465,-1.0421874999999998,12159
0.465,-0.9703124999999999,10190
0.465,-0.8984375,8976
0.465,-0.8265624999999999,7342
0.465,-0.7546875,6482
0.465,-0.6828125,5283
0.465,-0.6109374999999999,4423
0.465,-0.5390625,4298
0.465,-0.46718749999999987,3775
0.465,-0.39531249999999996,3697
0.465,-0.32343750000000004,3210
0.465,-0.2515624999999999,3149
0.465,-0.1796875,3076
0.465,-0.10781250000000009,3083
0.465,-0.03593750000000018,2514
0.465,0.03593750000000018,2685
0.465,0.10781250000000009,2741
0.465,0.1796875,3000
0.465,0.2515624999999999,3336
0.465,0.3234374999999998,2963
0.465,0.3953125000000002,3081
0.465,0.4671875000000001,3136
0.465,0.5390625,3866
0.465,0.6109374999999999,4490
0.465,0.6828124999999998,5296
0.465,0.7546874999999997,6665
0.465,0.8265625000000001,8234
0.465,0.8984375,9125
0.465,0.9703124999999999,10979
0.465,1.0421874999999998,11749
0.465,1.1140624999999997,8050
0.465,1.1859375,1172
0.465,1.2578125,0
0.465,1.3296875,0
0.465,1.4015624999999998,0
0.465,1.4734374999999997,0
0.465,1.5453125,0
0.465,1.6171875,0
0.465,1.6890625,0
0.465,1.7609374999999998,0
0.465,1.8328125000000002,0
0.465,1.9046874999999996,0
0.465,1.9765625,0
0.465,2.0484374999999995,0
0.465,2.1203125,0
0.465,2.1921875,0
0.465,2.2640624999999996,0
0.475,-2.2640624999999996,0
0.475,-2.1921874999999997,0
0.475,-2.1203125,0
0.475,-2.0484375,0
0.475,-1.9765624999999998,0
0.475,-1.9046874999999999,0
0.475,-1.8328124999999997,0
0.475,-1.7609374999999998,0
0.475,-1.6890625,0
0.475,-1.6171875,0
0.475,-1.5453124999999999,0
0.475,-1.4734374999999997,0
0.475,-1.4015624999999998,0
0.475,-1.3296875,0
0.475,-1.2578125,0
0.475,-1.1859374999999999,122
0.475,-1.1140625,4464
0.475,-1.0421874999999998,12295
0.475,-0.9703124999999999,12244
0.475,-0.8984375,11172
0.475,-0.8265624999999999,8890
0.475,-0.7546875,7679
0.475,-0.6828125,6391
0.475,-0.6109374999999999,5197
0.475,-0.5390625,4950
0.475,-0.46718749999999987,4581
0.475,-0.39531249999999996,4531
0.475,-0.32343750000000004,3785
0.475,-0.2515624999999999,3709
0.475,-0.1796875,3429
0.475,-0.10781250000000009,3554
0.475,-0.03593750000000018,2911
0.475,0.03593750000000018,3158
0.475,0.10781250000000009,3135
0.475,0.1796875,3345
0.475,0.2515624999999999,3616
0.475,0.3234374999999998,3520
0.475,0.3953125000000002,3877
0.475,0.4671875000000001,3677
0.475,0.5390625,4848
0.475,0.6109374999999999,5462
0.475,0.6828124999999998,6673
0.475,0.7546874999999997,8250
0.475,0.8265625000000001,9651
0.475,0.8984375,11581
0.475,0.9703124999999999,13289
0.475,1.0421874999999998,11958
0.475,1.1140624999999997,5099
0.475,1.1859375,163
0.475,1.2578125,0
0.475,1.3296875,0
0.475,1.4015624999999998,0
0.475,1.4734374999999997,0
0.475,1.5453125,0
0.475,1.6171875,0
0.475,1.6890625,0
0.475,1.7609374999999998,0
0.475,1.8328125000000002,0
0.475,1.9046874999999996,0
0.475,1.9765625,0
0.475,2.0484374999999995,0
0.475,2.1203125,0
0.475,2.1921875,0
0.475,2.2640624999999996,0
0.485,-2.2640624999999996,0
0.485,-2.1921874999999997,0
0.485,-2.1203125,0
0.485,-2.0484375,0
0.485,-1.9765624999999998,0
0.485,-1.9046874999999999,0
0.485,-1.8328124999999997,0
0.485,-1.7609374999999998,0
0.485,-1.6890625,0
0.485,-1.6171875,0
0.485,-1.5453124999999999,0
0.485,-1.4734374999999997,0
0.485,-1.4015624999999998,0
0.485,-1.3296875,0
0.485,-1.2578125,0
0.485,-1.1859374999999999,0
0.485,-1.1140625,1890
0.485,-1.0421874999999998,9926
0.485,-0.9703124999999999,14420
0.485,-0.8984375,13242
0.485,-0.8265624999999999,10985
0.485,-0.7546875,9257
0.485,-0.6828125,7880
0.485,-0.6109374999999999,6449
0.485,-0.5390625,6015
0.485,-0.46718749999999987,5309
0.485,-0.39531249999999996,5534
0.485,-0.32343750000000004,4545
0.485,-0.2515624999999999,4371
0.485,-0.1796875,4080
0.485,-0.10781250000000009,3893
0.485,-0.03593750000000018,3607
0.485,0.03593750000000018,3656
0.485,0.10781250000000009,3475
0.485,0.1796875,3888
0.485,0.2515624999999999,4032
0.485,0.3234374999999998,3900
0.485,0.3953125000000002,4459
0.485,0.4671875000000001,4521
0.485,0.5390625,5780
0.485,0.6109374999999999,6369
0.485,0.6828124999999998,8130
0.485,0.7546874999999997,10062
0.485,0.8265625000000001,11601
0.485,0.8984375,13663
0.485,0.9703124999999999,15781
0.485,1.0421874999999998,9907
0.485,1.1140624999999997,2104
0.485,1.1859375,1
0.485,1.2578125,0
0.485,1.3296875,0
0.485,1.4015624999999998,0
0.485,1.4734374999999997,0
0.485,1.5453125,0
0.485,1.6171875,0
0.485,1.6890625,0
0.485,1.7609374999999998,0
0.485,1.8328125000000002,0
0.485,1.9046874999999996,0
0.485,1.9765625,0
0.485,2.0484374999999995,0
0.485,2.1203125,0
0.485,2.1921875,0
0.485,2.2640624999999996,0
0.495,-2.2640624999999996,0
0.495,-2.1921874999999997,0
0.495,-2.1203125,0
0.495,-2.0484375,0
0.495,-1.9765624999999998,0
0.495,-1.9046874999999999,0
0.495,-1.8328124999999997,0
0.495,-1.7609374999999998,0
0.495,-1.6890625,0
0.495,-1.6171875,0
0.495,-1.5453124999999999,0
0.495,-1.4734374999999997,0
0.495,-1.4015624999999998,0
0.495,-1.3296875,0
0.495,-1.2578125,0
0.495,-1.1859374999999999,0
0.495,-1.1140625,367
0.495,-1.0421874999999998,6461
0.495,-0.9703124999999999,15943
0.495,-0.8984375,16043
0.495,-0.8265624999999999,13580
0.495,-0.7546875,11046
0.495,-0.6828125,9166
0.495,-0.6109374999999999,8108
0.495,-0.5390625,7647
0.495,-0.46718749999999987,6268
0.495,-0.39531249999999996,6674
0.495,-0.32343750000000004,5362
0.495,-0.2515624999999999,5155
0.495,-0.1796875,4808
0.495,-0.10781250000000009,4425
0.495,-0.03593750000000018,4069
0.495,0.03593750000000018,4327
0.495,0.10781250000000009,4073
0.495,0.1796875,4274
0.495,0.2515624999999999,4540
0.495,0.3234374999999998,4596
0.495,0.3953125000000002,5167
0.495,0.4671875000000001,5436
0.495,0.5390625,6911
0.495,0.6109374999999999,7566
0.495,0.6828124999999998,9437
0.495,0.7546874999999997,11874
0.495,0.8265625000000001,14164
0.495,0.8984375,16400
0.495,0.9703124999999999,16850
0.495,1.0421874999999998,6795
0.495,1.1140624999999997,380
0.495,1.1859375,0
0.495,1.2578125,0
0.495,1.3296875,0
0.495,1.4015624999999998,0
0.495,1.4734374999999997,0
0.495,1.5453125,0
0.495,1.6171875,0
0.495,1.6890625,0
0.495,1.7609374999999998,0
0.495,1.8328125000000002,0
0.495,1.9046874999999996,0
0.495,1.9765625,0
0.495,2.0484374999999995,0
0.495,2.1203125,0
0.495,2.1921875,0
0.495,2.2640624999999996,0
0.505,-2.2640624999999996,0
0.505,-2.1921874999999997,0
0.505,-2.1203125,0
0.505,-2.0484375,0
0.505,-1.9765624999999998,0
0.505,-1.9046874999999999,0
0.505,-1.8328124999999997,0
0.505,-1.7609374999999998,0
0.505,-1.6890625,0
0.505,-1.6171875,0
0.505,-1.5453124999999999,0
0.505,-1.4734374999999997,0
0.505,-1.4015624999999998,0
0.505,-1.3296875,0
0.505,-1.2578125,0
0.505,-1.1859374999999999,0
0.505,-1.1140625,3
0.505,-1.0421874999999998,3254
0.505,-0.9703124999999999,13671
0.505,-0.8984375,19257
0.505,-0.8265624999999999,16733
0.505,-0.7546875,13479
0.505,-0.6828125,11059
0.505,-0.6109374999999999,9585
0.505,-0.5390625,9014
0.505,-0.46718749999999987,7208
0.505,-0.39531249999999996,7578
0.505,-0.32343750000000004,6620
0.505,-0.2515624999999999,6000
0.505,-0.1796875,5642
0.505,-0.10781250000000009,5144
0.505,-0.03593750000000018,4676
0.505,0.03593750000000018,4760
0.505,0.10781250000000009,4792
0.505,0.1796875,5075
0.505,0.2515624999999999,5398
0.505,0.3234374999999998,5409
0.505,0.3953125000000002,6220
0.505,0.4671875000000001,6653
0.505,0.5390625,8330
0.505,0.6109374999999999,9068
0.505,0.6828124999999998,11442
0.505,0.7546874999999997,13913
0.505,0.8265625000000001,17119
0.505,0.8984375,19593
0.505,0.9703124999999999,14334
0.505,1.0421874999999998,3144
0.505,1.1140624999999997,1
0.505,1.1859375,0
0.505,1.2578125,0
0.505,1.3296875,0
0.505,1.4015624999999998,0
0.505,1.4734374999999997,0
0.505,1.5453125,0
0.505,1.6171875,0
0.505,1.6890625,0
0.505,1.7609374999999998,0
0.505,1.8328125000000002,0
0.505,1.9046874999999996,0
0.505,1.9765625,0
0.505,2.0484374999999995,0
0.505,2.1203125,0
0.505,2.1921875,0
0.505,2.2640624999999996,0
0.515,-2.2640624999999996,0
0.515,-2.1921874999999997,0
0.515,-2.1203125,0
0.515,-2.0484375,0
0.515,-1.9765624999999998,0
0.515,-1.9046874999999999,0
0.515,-1.8328124999999997,0
0.515,-1.7609374999999998,0
0.515,-1.6890625,0
0.515,-1.6171875,0
0.515,-1.5453124999999999,0
0.515,-1.4734374999999997,0
0.515,-1.4015624999999998,0
0.515,-1.3296875,0
0.515,-1.2578125,0
0.515,-1.1859374999999999,0
0.515,-1.1140625,0
0.515,-1.0421874999999998,833
0.515,-0.9703124999999999,9276
0.515,-0.8984375,20157
0.515,-0.8265624999999999,19997
0.515,-0.7546875,16518
0.515,-0.6828125,12852
0.515,-0.6109374999999999,11692
0.515,-0.5390625,10516
0.515,-0.46718749999999987,8697
0.515,-0.39531249999999996,8752
0.515,-0.32343750000000004,7803
0.515,-0.2515624999999999,7061
0.515,-0.1796875,6657
0.515,-0.10781250000000009,6070
0.515,-0.03593750000000018,5589
0.515,0.03593750000000018,5233
0.515,0.10781250000000009,5411
0.515,0.1796875,6089
0.515,0.2515624999999999,6340
0.515,0.3234374999999998,6670
0.515,0.3953125000000002,7537
0.515,0.4671875000000001,8122
0.515,0.5390625,10080
0.515,0.6109374999999999,10722
0.515,0.6828124999999998,13642
0.515,0.7546874999999997,16730
0.515,0.8265625000000001,20694
0.515,0.8984375,20675
0.515,0.9703124999999999,9348
0.515,1.0421874999999998,729
0.515,1.1140624999999997,0
0.515,1.1859375,0
0.515,1.2578125,0
0.515,1.3296875,0
0.515,1.4015624999999998,0
0.515,1.4734374999999997,0
0.515,1.5453125,0
0.515,1.6171875,0
0.515,1.6890625,0
0.515,1.7609374999999998,0
0.515,1.8328125000000002,0
0.515,1.9046874999999996,0
0.515,1.9765625,0
0.515,2.0484374999999995,0
0.515,2.1203125,0
0.515,2.1921875,0
0.515,2.2640624999999996,0
0.525,-2.2640624999999996,0
0.525,-2.1921874999999997,0
0.525,-2.1203125,0
0.525,-2.0484375,0
0.525,-1.9765624999999998,0
0.525,-1.9046874999999999,0
0.525,-1.8328124999999997,0
0.525,-1.7609374999999998,0
0.525,-1.6890625,0
0.525,-1.6171875,0
0.525,-1.5453124999999999,0
0.525,-1.4734374999999997,0
0.525,-1.4015624999999998,0
0.525,-1.3296875,0
0.525,-1.2578125,0
0.525,-1.1859374999999999,0
0.525,-1.1140625,0
0.525,-1.0421874999999998,20
0.525,-0.9703124999999999,5052
0.525,-0.8984375,16724
0.525,-0.8265624999999999,23922
0.525,-0.7546875,19838
0.525,-0.6828125,15975
0.525,-0.6109374999999999,13796
0.525,-0.5390625,12293
0.525,-0.46718749999999987,10301
0.525,-0.39531249999999996,10423
0.525,-0.32343750000000004,9156
0.525,-0.2515624999999999,8167
0.525,-0.1796875,7683
0.525,-0.10781250000000009,7104
0.525,-0.03593750000000018,6815
0.525,0.03593750000000018,5894
0.525,0.10781250000000009,6431
0.525,0.1796875,7307
0.525,0.2515624999999999,7235
0.525,0.3234374999999998,7911
0.525,0.3953125000000002,8984
0.525,0.4671875000000001,10098
0.525,0.5390625,12126
0.525,0.6109374999999999,13573
0.525,0.6828124999999998,17166
0.525,0.7546874999999997,20466
0.525,0.8265625000000001,25279
0.525,0.8984375,17254
0.525,0.9703124999999999,5216
0.525,1.0421874999999998,26
0.525,1.1140624999999997,0
0.525,1.1859375,0
0.525,1.2578125,0
0.525,1.3296875,0
0.525,1.4015624999999998,0
0.525,1.4734374999999997,0
0.525,1.5453125,0
0.525,1.6171875,0
0.525,1.6890625,0
0.525,1.7609374999999998,0
0.525,1.8328125000000002,0
0.525,1.9046874999999996,0
0.525,1.9765625,0
0.525,2.0484374999999995,0
0.525,2.1203125,0
0.525,2.1921875,0
0.525,2.2640624999999996,0
0.535,-2.2640624999999996,0
0.535,-2.1921874999999997,0
0.535,-2.1203125,0
0.535,-2.0484375,0
0.535,-1.9765624999999998,0
0.535,-1.9046874999999999,0
0.535,-1.8328124999999997,0
0.535,-1.7609374999999998,0
0.535,-1.6890625,0
0.535,-1.6171875,0
0.535,-1.5453124999999999,0
0.535,-1.4734374999999997,0
0.535,-1.4015624999999998,0
0.535,-1.3296875,0
0.535,-1.2578125,0
0.535,-1.1859374999999999,0
0.535,-1.1140625,0
0.535,-1.0421874999999998,0
0.535,-0.9703124999999999,1432
0.535,-0.8984375,11113
0.535,-0.8265624999999999,25326
0.535,-0.7546875,23446
0.535,-0.6828125,19405
0.535,-0.6109374999999999,16439
0.535,-0.5390625,14587
0.535,-0.46718749999999987,13382
0.535,-0.39531249999999996,12585
0.535,-0.32343750000000004,11292
0.535,-0.2515624999999999,9880
0.535,-0.1796875,9171
0.535,-0.10781250000000009,8225
0.535,-0.03593750000000018,7919
0.535,0.03593750000000018,6887
0.535,0.10781250000000009,7850
0.535,0.1796875,9130
0.535,0.2515624999999999,8820
0.535,0.3234374999999998,9482
0.535,0.3953125000000002,11169
0.535,0.4671875000000001,12206
0.535,0.5390625,14775
0.535,0.6109374999999999,17002
0.535,0.6828124999999998,21273
0.535,0.7546874999999997,24639
0.535,0.8265625000000001,26977
0.535,0.8984375,12024
0.535,0.9703124999999999,1576
0.535,1.0421874999999998,0
0.535,1.1140624999999997,0
0.535,1.1859375,0
0.535,1.2578125,0
0.535,1.3296875,0
0.535,1.4015624999999998,0
0.535,1.4734374999999997,0
0.535,1.5453125,0
0.535,1.6171875,0
0.535,1.6890625,0
0.535,1.7609374999999998,0
0.535,1.8328125000000002,0
0.535,1.9046874999999996,0
0.535,1.9765625,0
0.535,2.0484374999999995,0
0.535,2.1203125,0
0.535,2.1921875,0
0.535,2.2640624999999996,0
0.545,-2.2640624999999996,0
0.545,-2.1921874999999997,0
0.545,-2.1203125,0
0.545,-2.0484375,0
0.545,-1.9765624999999998,0
0.545,-1.9046874999999999,0
0.545,-1.8328124999999997,0
0.545,-1.7609374999999998,0
0.545,-1.6890625,0
0.545,-1.6171875,0
0.545,-1.5453124999999999,0
0.545,-1.4734374999999997,0
0.545,-1.4015624999999998,0
0.545,-1.3296875,0
0.545,-1.2578125,0
0.545,-1.1859374999999999,0
0.545,-1.1140625,0
0.545,-1.0421874999999998,0
0.545,-0.9703124999999999,69
0.545,-0.8984375,6327
0.545,-0.8265624999999999,20951
0.545,-0.7546875,27576
0.545,-0.6828125,23940
0.545,-0.6109374999999999,19434
0.545,-0.5390625,17581
0.545,-0.46718749999999987,15686
0.545,-0.39531249999999996,14789
0.545,-0.32343750000000004,13905
0.545,-0.2515624999999999,11419
0.545,-0.1796875,11384
0.545,-0.10781250000000009,9704
0.545,-0.03593750000000018,9415
0.545,0.03593750000000018,8136
0.545,0.10781250000000009,9270
0.545,0.1796875,10483
0.545,0.2515624999999999,10816
0.545,0.3234374999999998,11460
0.545,0.3953125000000002,13256
0.545,0.4671875000000001,15198
0.545,0.5390625,17550
0.545,0.6109374999999999,20342
0.545,0.6828124999999998,24998
0.545,0.7546874999999997,29228
0.545,0.8265625000000001,21946
0.545,0.8984375,6685
0.545,0.9703124999999999,83
0.545,1.0421874999999998,0
0.545,1.1140624999999997,0
0.545,1.1859375,0
0.545,1.2578125,0
0.545,1.3296875,0
0.545,1.4015624999999998,0
0.545,1.4734374999999997,0
0.545,1.5453125,0
0.545,1.6171875,0
0.545,1.6890625,0
0.545,1.7609374999999998,0
0.545,1.8328125000000002,0
0.545,1.9046874999999996,0
0.545,1.9765625,0
0.545,2.0484374999999995,0
0.545,2.1203125,0
0.545,2.1921875,0
0.545,2.2640624999999996,0
0.555,-2.2640624999999996,0
0.555,-2.1921874999999997,0
0.555,-2.1203125,0
0.555,-2.0484375,0
0.555,-1.9765624999999998,0
0.555,-1.9046874999999999,0
0.555,-1.8328124999999997,0
0.555,-1.7609374999999998,0
0.555,-1.6890625,0
0.555,-1.6171875,0
0.555,-1.5453124999999999,0
0.555,-1.4734374999999997,0
0.555,-1.4015624999999998,0
0.555,-1.3296875,0
0.555,-1.2578125,0
0.555,-1.1859374999999999,0
0.555,-1.1140625,0
0.555,-1.0421874999999998,0
0.555,-0.9703124999999999,0
0.555,-0.8984375,2040
0.555,-0.8265624999999999,14332
0.555,-0.7546875,26808
0.555,-0.6828125,29149
0.555,-0.6109374999999999,24017
0.555,-0.5390625,21331
0.555,-0.46718749999999987,19320
0.555,-0.39531249999999996,17785
0.555,-0.32343750000000004,16251
0.555,-0.2515624999999999,13733
0.555,-0.1796875,13939
0.555,-0.10781250000000009,11963
0.555,-0.03593750000000018,11151
0.555,0.03593750000000018,10433
0.555,0.10781250000000009,11026
0.555,0.1796875,12671
0.555,0.2515624999999999,13310
0.555,0.3234374999999998,13874
0.555,0.3953125000000002,15910
0.555,0.4671875000000001,18171
0.555,0.5390625,21317
0.555,0.6109374999999999,24811
0.555,0.6828124999999998,29374
0.555,0.7546874999999997,29602
0.555,0.8265625000000001,14916
0.555,0.8984375,1963
0.555,0.9703124999999999,0
0.555,1.0421874999999998,0
0.555,1.1140624999999997,0
0.555,1.1859375,0
0.555,1.2578125,0
0.555,1.3296875,0
0.555,1.4015624999999998,0
0.555,1.4734374999999997,0
0.555,1.5453125,0
0.555,1.6171875,0
0.555,1.6890625,0
0.555,1.7609374999999998,0
0.555,1.8328125000000002,0
0.555,1.9046874999999996,0
0.555,1.9765625,0
0.555,2.0484374999999995,0
0.555,2.1203125,0
0.555,2.1921875,0
0.555,2.2640624999999996,0
0.565,-2.2640624999999996,0
0.565,-2.1921874999999997,0
0.565,-2.1203125,0
0.565,-2.0484375,0
0.565,-1.9765624999999998,0
0.565,-1.9046874999999999,0
0.565,-1.8328124999999997,0
0.565,-1.7609374999999998,0
0.565,-1.6890625,0
0.565,-1.6171875,0
0.565,-1.5453124999999999,0
0.565,-1.4734374999999997,0
0.565,-1.4015624999999998,0
0.565,-1.3296875,0
0.565,-1.2578125,0
0.565,-1.1859374999999999,0
0.565,-1.1140625,0
0.565,-1.0421874999999998,0
0.565,-0.9703124999999999,0
0.565,-0.8984375,114
0.565,-0.8265624999999999,7419
0.565,-0.7546875,20061
0.565,-0.6828125,34139
0.565,-0.6109374999999999,29894
0.565,-0.5390625,25760
0.565,-0.46718749999999987,23415
0.565,-0.39531249999999996,21119
0.565,-0.32343750000000004,19385
0.565,-0.2515624999999999,16703
0.565,-0.1796875,16784
0.565,-0.10781250000000009,14444
0.565,-0.03593750000000018,13345
0.565,0.03593750000000018,12860
0.565,0.10781250000000009,13429
0.565,0.1796875,14916
0.565,0.2515624999999999,16130
0.565,0.3234374999999998,17083
0.565,0.3953125000000002,19008
0.565,0.4671875000000001,22163
0.565,0.5390625,25301
0.565,0.6109374999999999,29995
0.565,0.6828124999999998,34569
0.565,0.7546874999999997,22697
0.565,0.8265625000000001,8165
0.565,0.8984375,104
0.565,0.9703124999999999,0
0.565,1.0421874999999998,0
0.565,1.1140624999999997,0
0.565,1.1859375,0
0.565,1.2578125,0
0.565,1.3296875,0
0.565,1.4015624999999998,0
0.565,1.4734374999999997,0
0.565,1.5453125,0
0.565,1.6171875,0
0.565,1.6890625,0
0.565,1.7609374999999998,0
0.565,1.8328125000000002,0
0.565,1.9046874999999996,0
0.565,1.9765625,0
0.565,2.0484374999999995,0
0.565,2.1203125,0
0.565,2.1921875,0
0.565,2.2640624999999996,0
0.575,-2.2640624999999996,0
0.575,-2.1921874999999997,0
0.575,-2.1203125,0
0.575,-2.0484375,0
0.575,-1.9765624999999998,0
0.575,-1.9046874999999999,0
0.575,-1.8328124999999997,0
0.575,-1.7609374999999998,0
0.575,-1.6890625,0
0.575,-1.6171875,0
0.575,-1.5453124999999999,0
0.575,-1.4734374999999997,0
0.575,-1.4015624999999998,0
0.575,-1.3296875,0
0.575,-1.2578125,0
0.575,-1.1859374999999999,0
0.575,-1.1140625,0
0.575,-1.0421874999999998,0
0.575,-0.9703124999999999,0
0.575,-0.8984375,0
0.575,-0.8265624999999999,1803
0.575,-0.7546875,14159
0.575,-0.6828125,31556
0.575,-0.6109374999999999,36352
0.575,-0.5390625,31282
0.575,-0.46718749999999987,28690
0.575,-0.39531249999999996,24801
0.575,-0.32343750000000004,23319
0.575,-0.2515624999999999,20410
0.575,-0.1796875,19824
0.575,-0.10781250000000009,17594
0.575,-0.03593750000000018,16638
0.575,0.03593750000000018,16024
0.575,0.10781250000000009,16411
0.575,0.1796875,17859
0.575,0.2515624999999999,19145
0.575,0.3234374999999998,20431
0.575,0.3953125000000002,22986
0.575,0.4671875000000001,27392
0.575,0.5390625,30429
0.575,0.6109374999999999,37384
0.575,0.6828124999999998,32197
0.575,0.7546874999999997,15087
0.575,0.8265625000000001,2183
0.575,0.8984375,0
0.575,0.9703124999999999,0
0.575,1.0421874999999998,0
0.575,1.1140624999999997,0
0.575,1.1859375,0
0.575,1.2578125,0
0.575,1.3296875,0
0.575,1.4015624999999998,0
0.575,1.4734374999999997,0
0.575,1.5453125,0
0.575,1.6171875,0
0.575,1.6890625,0
0.575,1.7609374999999998,0
0.575,1.8328125000000002,0
0.575,1.9046874999999996,0
0.575,1.9765625,0
0.575,2.0484374999999995,0
0.575,2.1203125,0
0.575,2.1921875,0
0.575,2.2640624999999996,0
0.585,-2.2640624999999996,0
0.585,-2.1921874999999997,0
0.585,-2.1203125,0
0.585,-2.0484375,0
0.585,-1.9765624999999998,0
0.585,-1.9046874999999999,0
0.585,-1.8328124999999997,0
0.585,-1.7609374999999998,0
0.585,-1.6890625,0
0.585,-1.6171875,0
0.585,-1.5453124999999999,0
0.585,-1.4734374999999997,0
0.585,-1.4015624999999998,0
0.585,-1.3296875,0
0.585,-1.2578125,0
0.585,-1.1859374999999999,0
0.585,-1.1140625,0
0.585,-1.0421874999999998,0
0.585,-0.9703124999999999,0
0.585,-0.8984375,0
0.585,-0.8265624999999999,43
0.585,-0.7546875,6796
0.585,-0.6828125,23144
0.585,-0.6109374999999999,39838
0.585,-0.5390625,37619
0.585,-0.46718749999999987,34801
0.585,-0.39531249999999996,30318
0.585,-0.32343750000000004,28423
0.585,-0.2515624999999999,24597
0.585,-0.1796875,23656
0.585,-0.10781250000000009,20891
0.585,-0.03593750000000018,19811
0.585,0.03593750000000018,19819
0.585,0.10781250000000009,19494
0.585,0.1796875,21746
0.585,0.2515624999999999,23261
0.585,0.3234374999999998,24590
0.585,0.3953125000000002,28100
0.585,0.4671875000000001,33197
0.585,0.5390625,36997
0.585,0.6109374999999999,42189
0.585,0.6828124999999998,22697
0.585,0.7546874999999997,6586
0.585,0.8265625000000001,49
0.585,0.8984375,0
0.585,0.9703124999999999,0
0.585,1.0421874999999998,0
0.585,1.1140624999999997,0
0.585,1.1859375,0
0.585,1.2578125,0
0.585,1.3296875,0
0.585,1.4015624999999998,0
0.585,1.4734374999999997,0
0.585,1.5453125,0
0.585,1.6171875,0
0.585,1.6890625,0
0.585,1.7609374999999998,0
0.585,1.8328125000000002,0
0.585,1.9046874999999996,0
0.585,1.9765625,0
0.585,2.0484374999999995,0
0.585,2.1203125,0
0.585,2.1921875,0
0.585,2.2640624999999996,0
0.595,-2.2640624999999996,0
0.595,-2.1921874999999997,0
0.595,-2.1203125,0
0.595,-2.0484375,0
0.595,-1.9765624999999998,0
0.595,-1.9046874999999999,0
0.595,-1.8328124999999997,0
0.595,-1.7609374999999998,0
0.595,-1.6890625,0
0.595,-1.6171875,0
0.595,-1.5453124999999999,0
0.595,-1.4734374999999997,0
0.595,-1.4015624999999998,0
0.595,-1.3296875,0
0.595,-1.2578125,0
0.595,-1.1859374999999999,0
0.595,-1.1140625,0
0.595,-1.0421874999999998,0
0.595,-0.9703124999999999,0
0.595,-0.8984375,0
0.595,-0.8265624999999999,0
0.595,-0.7546875,1292
0.595,-0.6828125,14370
0.595,-0.6109374999999999,32759
0.595,-0.5390625,45009
0.595,-0.46718749999999987,41609
0.595,-0.39531249999999996,36555
0.595,-0.32343750000000004,34217
0.595,-0.2515624999999999,30023
0.595,-0.1796875,28065
0.595,-0.10781250000000009,24967
0.595,-0.03593750000000018,24040
0.595,0.03593750000000018,23256
0.595,0.10781250000000009,23785
0.595,0.1796875,26472
0.595,0.2515624999999999,27389
0.595,0.3234374999999998,30185
0.595,0.3953125000000002,34280
0.595,0.4671875000000001,39297
0.595,0.5390625,44582
0.595,0.6109374999999999,34037
0.595,0.6828124999999998,14713
0.595,0.7546874999999997,1118
0.595,0.8265625000000001,0
0.595,0.8984375,0
0.595,0.9703124999999999,0
0.595,1.0421874999999998,0
0.595,1.1140624999999997,0
0.595,1.1859375,0
0.595,1.2578125,0
0.595,1.3296875,0
0.595,1.4015624999999998,0
0.595,1.4734374999999997,0
0.595,1.5453125,0
0.595,1.6171875,0
0.595,1.6890625,0
0.595,1.7609374999999998,0
0.595,1.8328125000000002,0
0.595,1.9046874999999996,0
0.595,1.9765625,0
0.595,2.0484374999999995,0
0.595,2.1203125,0
0.595,2.1921875,0
0.595,2.2640624999999996,0
0.605,-2.2640624999999996,0
0.605,-2.1921874999999997,0
0.605,-2.1203125,0
0.605,-2.0484375,0
0.605,-1.9765624999999998,0
0.605,-1.9046874999999999,0
0.605,-1.8328124999999997,0
0.605,-1.7609374999999998,0
0.605,-1.6890625,0
0.605,-1.6171875,0
0.605,-1.5453124999999999,0
0.605,-1.4734374999999997,0
0.605,-1.4015624999999998,0
0.605,-1.3296875,0
0.605,-1.2578125,0
0.605,-1.1859374999999999,0
0.605,-1.1140625,0
0.605,-1.0421874999999998,0
0.605,-0.9703124999999999,0
0.605,-0.8984375,0
0.605,-0.8265624999999999,0
0.605,-0.7546875,3
0.605,-0.6828125,5416
0.605,-0.6109374999999999,23011
0.605,-0.5390625,43652
0.605,-0.46718749999999987,50152
0.605,-0.39531249999999996,44773
0.605,-0.32343750000000004,40494
0.605,-0.2515624999999999,35928
0.605,-0.1796875,33333
0.605,-0.10781250000000009,30778
0.605,-0.03593750000000018,29724
0.605,0.03593750000000018,28360
0.605,0.10781250000000009,28795
0.605,0.1796875,31702
0.605,0.2515624999999999,33088
0.605,0.3234374999999998,36664
0.605,0.3953125000000002,41425
0.605,0.4671875000000001,47232
0.605,0.5390625,43656
0.605,0.6109374999999999,23522
0.605,0.6828124999999998,5547
0.605,0.7546874999999997,6
0.605,0.8265625000000001,0
0.605,0.8984375,0
0.605,0.9703124999999999,0
0.605,1.0421874999999998,0
0.605,1.1140624999999997,0
0.605,1.1859375,0
0.605,1.2578125,0
0.605,1.3296875,0
0.605,1.4015624999999998,0
0.605,1.4734374999999997,0
0.605,1.5453125,0
0.605,1.6171875,0
0.605,1.6890625,0
0.605,1.7609374999999998,0
0.605,1.8328125000000002,0
0.605,1.9046874999999996,0
0.605,1.9765625,0
0.605,2.0484374999999995,0
0.605,2.1203125,0
0.605,2.1921875,0
0.605,2.2640624999999996,0
0.615,-2.2640624999999996,0
0.615,-2.1921874999999997,0
0.615,-2.1203125,0
0.615,-2.0484375,0
0.615,-1.9765624999999998,0
0.615,-1.9046874999999999,0
0.615,-1.8328124999999997,0
0.615,-1.7609374999999998,0
0.615,-1.6890625,0
0.615,-1.6171875,0
0.615,-1.5453124999999999,0
0.615,-1.4734374999999997,0
0.615,-1.4015624999999998,0
0.615,-1.3296875,0
0.615,-1.2578125,0
0.615,-1.1859374999999999,0
0.615,-1.1140625,0
0.615,-1.0421874999999998,0
0.615,-0.9703124999999999,0
0.615,-0.8984375,0
0.615,-0.8265624999999999,0
0.615,-0.7546875,0
0.615,-0.6828125,473
0.615,-0.6109374999999999,13259
0.615,-0.5390625,32776
0.615,-0.46718749999999987,56349
0.615,-0.39531249999999996,54878
0.615,-0.32343750000000004,49023
0.615,-0.2515624999999999,43909
0.615,-0.1796875,40379
0.615,-0.10781250000000009,37585
0.615,-0.03593750000000018,36055
0.615,0.03593750000000018,34818
0.615,0.10781250000000009,35102
0.615,0.1796875,37699
0.615,0.2515624999999999,39816
0.615,0.3234374999999998,44563
0.615,0.3953125000000002,49915
0.615,0.4671875000000001,53448
0.615,0.5390625,32611
0.615,0.6109374999999999,13135
0.615,0.6828124999999998,566
0.615,0.7546874999999997,0
0.615,0.8265625000000001,0
0.615,0.8984375,0
0.615,0.9703124999999999,0
0.615,1.0421874999999998,0
0.615,1.1140624999999997,0
0.615,1.1859375,0
0.615,1.2578125,0
0.615,1.3296875,0
0.615,1.4015624999999998,0
0.615,1.4734374999999997,0
0.615,1.5453125,0
0.615,1.6171875,0
0.615,1.6890625,0
0.615,1.7609374999999998,0
0.615,1.8328125000000002,0
0.615,1.9046874999999996,0
0.615,1.9765625,0
0.615,2.0484374999999995,0
0.615,2.1203125,0
0.615,2.1921875,0
0.615,2.2640624999999996,0
0.625,-2.2640624999999996,0
0.625,-2.1921874999999997,0
0.625,-2.1203125,0
0.625,-2.0484375,0
0.625,-1.9765624999999998,0
0.625,-1.9046874999999999,0
0.625,-1.8328124999999997,0
0.625,-1.7609374999999998,0
0.625,-1.6890625,0
0.625,-1.6171875,0
0.625,-1.5453124999999999,0
0.625,-1.4734374999999997,0
0.625,-1.4015624999999998,0
0.625,-1.3296875,0
0.625,-1.2578125,0
0.625,-1.1859374999999999,0
0.625,-1.1140625,0
0.625,-1.0421874999999998,0
0.625,-0.9703124999999999,0
0.625,-0.8984375,0
0.625,-0.8265624999999999,0
0.625,-0.7546875,0
0.625,-0.6828125,0
0.625,-0.6109374999999999,3280
0.625,-0.5390625,22195
0.625,-0.46718749999999987,47744
0.625,-0.39531249999999996,66585
0.625,-0.32343750000000004,58842
0.625,-0.2515624999999999,52405
0.625,-0.1796875,48541
0.625,-0.10781250000000009,44528
0.625,-0.03593750000000018,43797
0.625,0.03593750000000018,42459
0.625,0.10781250000000009,42636
0.625,0.1796875,46289
0.625,0.2515624999999999,48520
0.625,0.3234374999999998,52766
0.625,0.3953125000000002,59506
0.625,0.4671875000000001,44566
0.625,0.5390625,21296
0.625,0.6109374999999999,3227
0.625,0.6828124999999998,1
0.625,0.7546874999999997,0
0.625,0.8265625000000001,0
0.625,0.8984375,0
0.625,0.9703124999999999,0
0.625,1.0421874999999998,0
0.625,1.1140624999999997,0
0.625,1.1859375,0
0.625,1.2578125,0
0.625,1.3296875,0
0.625,1.4015624999999998,0
0.625,1.4734374999999997,0
0.625,1.5453125,0
0.625,1.6171875,0
0.625,1.6890625,0
0.625,1.7609374999999998,0
0.625,1.8328125000000002,0
0.625,1.9046874999999996,0
0.625,1.9765625,0
0.625,2.0484374999999995,0
0.625,2.1203125,0
0.625,2.1921875,0
0.625,2.2640624999999996,0
0.635,-2.2640624999999996,0
0.635,-2.1921874999999997,0
0.635,-2.1203125,0
0.635,-2.0484375,0
0.635,-1.9765624999999998,0
0.635,-1.9046874999999999,0
0.635,-1.8328124999999997,0
0.635,-1.7609374999999998,0
0.635,-1.6890625,0
0.635,-1.6171875,0
0.635,-1.5453124999999999,0
0.635,-1.4734374999999997,0
0.635,-1.4015624999999998,0
0.635,-1.3296875,0
0.635,-1.2578125,0
0.635,-1.1859374999999999,0
0.635,-1.1140625,0
0.635,-1.0421874999999998,0
0.635,-0.9703124999999999,0
0.635,-0.8984375,0
0.635,-0.8265624999999999,0
0.635,-0.7546875,0
0.635,-0.6828125,0
0.635,-0.6109374999999999,74
0.635,-0.5390625,9407
0.635,-0.46718749999999987,33364
0.635,-0.39531249999999996,66909
0.635,-0.32343750000000004,71769
0.635,-0.2515624999999999,62975
0.635,-0.1796875,59306
0.635,-0.10781250000000009,54062
0.635,-0.03593750000000018,52285
0.635,0.03593750000000018,51794
0.635,0.10781250000000009,51718
0.635,0.1796875,55960
0.635,0.2515624999999999,58484
0.635,0.3234374999999998,64363
0.635,0.3953125000000002,59522
0.635,0.4671875000000001,31726
0.635,0.5390625,8963
0.635,0.6109374999999999,81
0.635,0.6828124999999998,0
0.635,0.7546874999999997,0
0.635,0.8265625000000001,0
0.635,0.8984375,0
0.635,0.9703124999999999,0
0.635,1.0421874999999998,0
0.635,1.1140624999999997,0
0.635,1.1859375,0
0.635,1.2578125,0
0.635,1.3296875,0
0.635,1.4015624999999998,0
0.635,1.4734374999999997,0
0.635,1.5453125,0
0.635,1.6171875,0
0.635,1.6890625,0
0.635,1.7609374999999998,0
0.635,1.8328125000000002,0
0.635,1.9046874999999996,0
0.635,1.9765625,0
0.635,2.0484374999999995,0
0.635,2.1203125,0
0.635,2.1921875,0
0.635,2.2640624999999996,0
0.645,-2.2640624999999996,0
0.645,-2.1921874999999997,0
0.645,-2.1203125,0
0.645,-2.0484375,0
0.645,-1.9765624999999998,0
0.645,-1.9046874999999999,0
0.645,-1.8328124999999997,0
0.645,-1.7609374999999998,0
0.645,-1.6890625,0
0.645,-1.6171875,0
0.645,-1.5453124999999999,0
0.645,-1.4734374999999997,0
0.645,-1.4015624999999998,0
0.645,-1.3296875,0
0.645,-1.2578125,0
0.645,-1.1859374999999999,0
0.645,-1.1140625,0
0.645,-1.0421874999999998,0
0.645,-0.9703124999999999,0
0.645,-0.8984375,0
0.645,-0.8265624999999999,0
0.645,-0.7546875,0
0.645,-0.6828125,0
0.645,-0.6109374999999999,0
0.645,-0.5390625,1070
0.645,-0.46718749999999987,19146
0.645,-0.39531249999999996,50195
0.645,-0.32343750000000004,82508
0.645,-0.2515624999999999,77482
0.645,-0.1796875,71213
0.645,-0.10781250000000009,65453
0.645,-0.03593750000000018,62940
0.645,0.03593750000000018,62744
0.645,0.10781250000000009,63139
0.645,0.1796875,67559
0.645,0.2515624999999999,72888
0.645,0.3234374999999998,73818
0.645,0.3953125000000002,44168
0.645,0.4671875000000001,18227
0.645,0.5390625,1102
0.645,0.6109374999999999,0
0.645,0.6828124999999998,0
0.645,0.7546874999999997,0
0.645,0.8265625000000001,0
0.645,0.8984375,0
0.645,0.9703124999999999,0
0.645,1.0421874999999998,0
0.645,1.1140624999999997,0
0.645,1.1859375,0
0.645,1.2578125,0
0.645,1.3296875,0
0.645,1.4015624999999998,0
0.645,1.4734374999999997,0
0.645,1.5453125,0
0.645,1.6171875,0
0.645,1.6890625,0
0.645,1.7609374999999998,0
0.645,1.8328125000000002,0
0.645,1.9046874999999996,0
0.645,1.9765625,0
0.645,2.0484374999999995,0
0.645,2.1203125,0
0.645,2.1921875,0
0.645,2.2640624999999996,0
0.655,-2.2640624999999996,0
0.655,-2.1921874999999997,0
0.655,-2.1203125,0
0.655,-2.0484375,0
0.655,-1.9765624999999998,0
0.655,-1.9046874999999999,0
0.655,-1.8328124999999997,0
0.655,-1.7609374999999998,0
0.655,-1.6890625,0
0.655,-1.6171875,0
0.655,-1.5453124999999999,0
0.655,-1.4734374999999997,0
0.655,-1.4015624999999998,0
0.655,-1.3296875,0
0.655,-1.2578125,0
0.655,-1.1859374999999999,0
0.655,-1.1140625,0
0.655,-1.0421874999999998,0
0.655,-0.9703124999999999,0
0.655,-0.8984375,0
0.655,-0.8265624999999999,0
0.655,-0.7546875,0
0.655,-0.6828125,0
0.655,-0.6109374999999999,0
0.655,-0.5390625,0
0.655,-0.46718749999999987,5164
0.655,-0.39531249999999996,33902
0.655,-0.32343750000000004,71751
0.655,-0.2515624999999999,93892
0.655,-0.1796875,86623
0.655,-0.10781250000000009,78962
0.655,-0.03593750000000018,76316
0.655,0.03593750000000018,74960
0.655,0.10781250000000009,77844
0.655,0.1796875,82775
0.655,0.2515624999999999,88725
0.655,0.3234374999999998,64427
0.655,0.3953125000000002,30322
0.655,0.4671875000000001,5230
0.655,0.5390625,0
0.655,0.6109374999999999,0
0.655,0.6828124999999998,0
0.655,0.7546874999999997,0
0.655,0.8265625000000001,0
0.655,0.8984375,0
0.655,0.9703124999999999,0
0.655,1.0421874999999998,0
0.655,1.1140624999999997,0
0.655,1.1859375,0
0.655,1.2578125,0
0.655,1.3296875,0
0.655,1.4015624999999998,0
0.655,1.4734374999999997,0
0.655,1.5453125,0
0.655,1.6171875,0
0.655,1.6890625,0
0.655,1.7609374999999998,0
0.655,1.8328125000000002,0
0.655,1.9046874999999996,0
0.655,1.9765625,0
0.655,2.0484374999999995,0
0.655,2.1203125,0
0.655,2.1921875,0
0.655,2.2640624999999996,0
0.665,-2.2640624999999996,0
0.665,-2.1921874999999997,0
0.665,-2.1203125,0
0.665,-2.0484375,0
0.665,-1.9765624999999998,0
0.665,-1.9046874999999999,0
0.665,-1.8328124999999997,0
0.665,-1.7609374999999998,0
0.665,-1.6890625,0
0.665,-1.6171875,0
0.665,-1.5453124999999999,0
0.665,-1.4734374999999997,0
0.665,-1.4015624999999998,0
0.665,-1.3296875,0
0.665,-1.2578125,0
0.665,-1.1859374999999999,0
0.665,-1.1140625,0
0.665,-1.0421874999999998,0
0.665,-0.9703124999999999,0
0.665,-0.8984375,0
0.665,-0.8265624999999999,0
0.665,-0.7546875,0
0.665,-0.6828125,0
0.665,-0.6109374999999999,0
0.665,-0.5390625,0
0.665,-0.46718749999999987,165
0.665,-0.39531249999999996,15169
0.665,-0.32343750000000004,50362
0.665,-0.2515624999999999,98779
0.665,-0.1796875,105951
0.665,-0.10781250000000009,96074
0.665,-0.03593750000000018,93327
0.665,0.03593750000000018,90415
0.665,0.10781250000000009,95316
0.665,0.1796875,100550
0.665,0.2515624999999999,92630
0.665,0.3234374999999998,46746
0.665,0.3953125000000002,14083
0.665,0.4671875000000001,153
0.665,0.5390625,0
0.665,0.6109374999999999,0
0.665,0.6828124999999998,0
0.665,0.7546874999999997,0
0.665,0.8265625000000001,0
0.665,0.8984375,0
0.665,0.9703124999999999,0
0.665,1.0421874999999998,0
0.665,1.1140624999999997,0
0.665,1.1859375,0
0.665,1.2578125,0
0.665,1.3296875,0
0.665,1.4015624999999998,0
0.665,1.4734374999999997,0
0.665,1.5453125,0
0.665,1.6171875,0
0.665,1.6890625,0
0.665,1.7609374999999998,0
0.665,1.8328125000000002,0
0.665,1.9046874999999996,0
0.665,1.9765625,0
0.665,2.0484374999999995,0
0.665,2.1203125,0
0.665,2.1921875,0
0.665,2.2640624999999996,0
0.675,-2.2640624999999996,0
0.675,-2.1921874999999997,0
0.675,-2.1203125,0
0.675,-2.0484375,0
0.675,-1.9765624999999998,0
0.675,-1.9046874999999999,0
0.675,-1.8328124999999997,0
0.675,-1.7609374999999998,0
0.675,-1.6890625,0
0.675,-1.6171875,0
0.675,-1.5453124999999999,0
0.675,-1.4734374999999997,0
0.675,-1.4015624999999998,0
0.675,-1.3296875,0
0.675,-1.2578125,0
0.675,-1.1859374999999999,0
0.675,-1.1140625,0
0.675,-1.0421874999999998,0
0.675,-0.9703124999999999,0
0.675,-0.8984375,0
0.675,-0.8265624999999999,0
0.675,-0.7546875,0
0.675,-0.6828125,0
0.675,-0.6109374999999999,0
0.675,-0.5390625,0
0.675,-0.46718749999999987,0
0.675,-0.39531249999999996,2215
0.675,-0.32343750000000004,30062
0.675,-0.2515624999999999,78438
0.675,-0.1796875,125213
0.675,-0.10781250000000009,117429
0.675,-0.03593750000000018,112798
0.675,0.03593750000000018,110555
0.675,0.10781250000000009,117410
0.675,0.1796875,118857
0.675,0.2515624999999999,72466
0.675,0.3234374999999998,28132
0.675,0.3953125000000002,1990
0.675,0.4671875000000001,0
0.675,0.5390625,0
0.675,0.6109374999999999,0
0.675,0.6828124999999998,0
0.675,0.7546874999999997,0
0.675,0.8265625000000001,0
0.675,0.8984375,0
0.675,0.9703124999999999,0
0.675,1.0421874999999998,0
0.675,1.1140624999999997,0
0.675,1.1859375,0
0.675,1.2578125,0
0.675,1.3296875,0
0.675,1.4015624999999998,0
0.675,1.4734374999999997,0
0.675,1.5453125,0
0.675,1.6171875,0
0.675,1.6890625,0
0.675,1.7609374999999998,0
0.675,1.8328125000000002,0
0.675,1.9046874999999996,0
0.675,1.9765625,0
0.675,2.0484374999999995,0
0.675,2.1203125,0
0.675,2.1921875,0
0.675,2.2640624999999996,0
0.685,-2.2640624999999996,0
0.685,-2.1921874999999997,0
0.685,-2.1203125,0
0.685,-2.0484375,0
0.685,-1.9765624999999998,0
0.685,-1.9046874999999999,0
0.685,-1.8328124999999997,0
0.685,-1.7609374999999998,0
0.685,-1.6890625,0
0.685,-1.6171875,0
0.685,-1.5453124999999999,0
0.685,-1.4734374999999997,0
0.685,-1.4015624999999998,0
0.685,-1.3296875,0
0.685,-1.2578125,0
0.685,-1.1859374999999999,0
0.685,-1.1140625,0
0.685,-1.0421874999999998,0
0.685,-0.9703124999999999,0
0.685,-0.8984375,0
0.685,-0.8265624999999999,0
0.685,-0.7546875,0
0.685,-0.6828125,0
0.685,-0.6109374999999999,0
0.685,-0.5390625,0
0.685,-0.46718749999999987,0
0.685,-0.39531249999999996,3
0.685,-0.32343750000000004,9304
0.685,-0.2515624999999999,54156
0.685,-0.1796875,122841
0.685,-0.10781250000000009,143549
0.685,-0.03593750000000018,135841
0.685,0.03593750000000018,135339
0.685,0.10781250000000009,141898
0.685,0.1796875,116385
0.685,0.2515624999999999,50548
0.685,0.3234374999999998,8924
0.685,0.3953125000000002,0
0.685,0.4671875000000001,0
0.685,0.5390625,0
0.685,0.6109374999999999,0
0.685,0.6828124999999998,0
0.685,0.7546874999999997,0
0.685,0.8265625000000001,0
0.685,0.8984375,0
0.685,0.9703124999999999,0
0.685,1.0421874999999998,0
0.685,1.1140624999999997,0
0.685,1.1859375,0
0.685,1.2578125,0
0.685,1.3296875,0
0.685,1.4015624999999998,0
0.685,1.4734374999999997,0
0.685,1.5453125,0
0.685,1.6171875,0
0.685,1.6890625,0
0.685,1.7609374999999998,0
0.685,1.8328125000000002,0
0.685,1.9046874999999996,0
0.685,1.9765625,0
0.685,2.0484374999999995,0
0.685,2.1203125,0
0.685,2.1921875,0
0.685,2.2640624999999996,0
0.695,-2.2640624999999996,0
0.695,-2.1921874999999997,0
0.695,-2.1203125,0
0.695,-2.0484375,0
0.695,-1.9765624999999998,0
0.695,-1.9046874999999999,0
0.695,-1.8328124999999997,0
0.695,-1.7609374999999998,0
0.695,-1.6890625,0
0.695,-1.6171875,0
0.695,-1.5453124999999999,0
0.695,-1.4734374999999997,0
0.695,-1.4015624999999998,0
0.695,-1.3296875,0
0.695,-1.2578125,0
0.695,-1.1859374999999999,0
0.695,-1.1140625,0
0.695,-1.0421874999999998,0
0.695,-0.9703124999999999,0
0.695,-0.8984375,0
0.695,-0.8265624999999999,0
0.695,-0.7546875,0
0.695,-0.6828125,0
0.695,-0.6109374999999999,0
0.695,-0.5390625,0
0.695,-0.46718749999999987,0
0.695,-0.39531249999999996,0
0.695,-0.32343750000000004,545
0.695,-0.2515624999999999,27209
0.695,-0.1796875,93218
0.695,-0.10781250000000009,170294
0.695,-0.03593750000000018,166363
0.695,0.03593750000000018,164740
0.695,0.10781250000000009,167784
0.695,0.1796875,88872
0.695,0.2515624999999999,26121
0.695,0.3234374999999998,461
0.695,0.3953125000000002,0
0.695,0.4671875000000001,0
0.695,0.5390625,0
0.695,0.6109374999999999,0
0.695,0.6828124999999998,0
0.695,0.7546874999999997,0
0.695,0.8265625000000001,0
0.695,0.8984375,0
0.695,0.9703124999999999,0
0.695,1.0421874999999998,0
0.695,1.1140624999999997,0
0.695,1.1859375,0
0.695,1.2578125,0
0.695,1.3296875,0
0.695,1.4015624999999998,0
0.695,1.4734374999999997,0
0.695,1.5453125,0
0.695,1.6171875,0
0.695,1.6890625,0
0.695,1.7609374999999998,0
0.695,1.8328125000000002,0
0.695,1.9046874999999996,0
0.695,1.9765625,0
0.695,2.0484374999999995,0
0.695,2.1203125,0
0.695,2.1921875,0
0.695,2.2640624999999996,0
0.705,-2.2640624999999996,0
0.705,-2.1921874999999997,0
0.705,-2.1203125,0
0.705,-2.0484375,0
0.705,-1.9765624999999998,0
0.705,-1.9046874999999999,0
0.705,-1.8328124999999997,0
0.705,-1.7609374999999998,0
0.705,-1.6890625,0
0.705,-1.6171875,0
0.705,-1.5453124999999999,0
0.705,-1.4734374999999997,0
0.705,-1.4015624999999998,0
0.705,-1.3296875,0
0.705,-1.2578125,0
0.705,-1.1859374999999999,0
0.705,-1.1140625,0
0.705,-1.0421874999999998,0
0.705,-0.9703124999999999,0
0.705,-0.8984375,0
0.705,-0.8265624999999999,0
0.705,-0.7546875,0
0.705,-0.6828125,0
0.705,-0.6109374999999999,0
0.705,-0.5390625,0
0.705,-0.46718749999999987,0
0.705,-0.39531249999999996,0
0.705,-0.32343750000000004,1
0.705,-0.2515624999999999,5973
0.705,-0.1796875,62922
0.705,-0.10781250000000009,167940
0.705,-0.03593750000000018,201399
0.705,0.03593750000000018,200049
0.705,0.10781250000000009,163467
0.705,0.1796875,58577
0.705,0.2515624999999999,5932
0.705,0.3234374999999998,0
0.705,0.3953125000000002,0
0.705,0.4671875000000001,0
0.705,0.5390625,0
0.705,0.6109374999999999,0
0.705,0.6828124999999998,0
0.705,0.7546874999999997,0
0.705,0.8265625000000001,0
0.705,0.8984375,0
0.705,0.9703124999999999,0
0.705,1.0421874999999998,0
0.705,1.1140624999999997,0
0.705,1.1859375,0
0.705,1.2578125,0
0.705,1.3296875,0
0.705,1.4015624999999998,0
0.705,1.4734374999999997,0
0.705,1.5453125,0
0.705,1.6171875,0
0.705,1.6890625,0
0.705,1.7609374999999998,0
0.705,1.8328125000000002,0
0.705,1.9046874999999996,0
0.705,1.9765625,0
0.705,2.0484374999999995,0
0.705,2.1203125,0
0.705,2.1921875,0
0.705,2.2640624999999996,0
0.715,-2.2640624999999996,0
0.715,-2.1921874999999997,0
0.715,-2.1203125,0
0.715,-2.0484375,0
0.715,-1.9765624999999998,0
0.715,-1.9046874999999999,0
0.715,-1.8328124999999997,0
0.715,-1.7609374999999998,0
0.715,-1.6890625,0
0.715,-1.6171875,0
0.715,-1.5453124999999999,0
0.715,-1.4734374999999997,0
0.715,-1.4015624999999998,0
0.715,-1.3296875,0
0.715,-1.2578125,0
0.715,-1.1859374999999999,0
0.715,-1.1140625,0
0.715,-1.0421874999999998,0
0.715,-0.9703124999999999,0
0.715,-0.8984375,0
0.715,-0.8265624999999999,0
0.715,-0.7546875,0
0.715,-0.6828125,0
0.715,-0.6109374999999999,0
0.715,-0.5390625,0
0.715,-0.46718749999999987,0
0.715,-0.39531249999999996,0
0.715,-0.32343750000000004,0
0.715,-0.2515624999999999,79
0.715,-0.1796875,28863
0.715,-0.10781250000000009,132868
0.715,-0.03593750000000018,243075
0.715,0.03593750000000018,239515
0.715,0.10781250000000009,130267
0.715,0.1796875,27267
0.715,0.2515624999999999,82
0.715,0.3234374999999998,0
0.715,0.3953125000000002,0
0.715,0.4671875000000001,0
0.715,0.5390625,0
0.715,0.6109374999999999,0
0.715,0.6828124999999998,0
0.715,0.7546874999999997,0
0.715,0.8265625000000001,0
0.715,0.8984375,0
0.715,0.9703124999999999,0
0.715,1.0421874999999998,0
0.715,1.1140624999999997,0
0.715,1.1859375,0
0.715,1.2578125,0
0.715,1.3296875,0
0.715,1.4015624999999998,0
0.715,1.4734374999999997,0
0.715,1.5453125,0
0.715,1.6171875,0
0.715,1.6890625,0
0.715,1.7609374999999998,0
0.715,1.8328125000000002,0
0.715,1.9046874999999996,0
0.715,1.9765625,0
0.715,2.0484374999999995,0
0.715,2.1203125,0
0.715,2.1921875,0
0.715,2.2640624999999996,0
0.725,-2.2640624999999996,0
0.725,-2.1921874999999997,0
0.725,-2.1203125,0
0.725,-2.0484375,0
0.725,-1.9765624999999998,0
0.725,-1.9046874999999999,0
0.725,-1.8328124999999997,0
0.725,-1.7609374999999998,0
0.725,-1.6890625,0
0.725,-1.6171875,0
0.725,-1.5453124999999999,0
0.725,-1.4734374999999997,0
0.725,-1.4015624999999998,0
0.725,-1.3296875,0
0.725,-1.2578125,0
0.725,-1.1859374999999999,0
0.725,-1.1140625,0
0.725,-1.0421874999999998,0
0.725,-0.9703124999999999,0
0.725,-0.8984375,0
0.725,-0.8265624999999999,0
0.725,-0.7546875,0
0.725,-0.6828125,0
0.725,-0.6109374999999999,0
0.725,-0.5390625,0
0.725,-0.46718749999999987,0
0.725,-0.39531249999999996,0
0.725,-0.32343750000000004,0
0.725,-0.2515624999999999,1
0.725,-0.1796875,5707
0.725,-0.10781250000000009,89377
0.725,-0.03593750000000018,264393
0.725,0.03593750000000018,261578
0.725,0.10781250000000009,88509
0.725,0.1796875,5178
0.725,0.2515624999999999,0
0.725,0.3234374999999998,0
0.725,0.3953125000000002,0
0.725,0.4671875000000001,0
0.725,0.5390625,0
0.725,0.6109374999999999,0
0.725,0.6828124999999998,0
0.725,0.7546874999999997,0
0.725,0.8265625000000001,0
0.725,0.8984375,0
0.725,0.9703124999999999,0
0.725,1.0421874999999998,0
0.725,1.1140624999999997,0
0.725,1.1859375,0
0.725,1.2578125,0
0.725,1.3296875,0
0.725,1.4015624999999998,0
0.725,1.4734374999999997,0
0.725,1.5453125,0
0.725,1.6171875,0
0.725,1.6890625,0
0.725,1.7609374999999998,0
0.725,1.8328125000000002,0
0.725,1.9046874999999996,0
0.725,1.9765625,0
0.725,2.0484374999999995,0
0.725,2.1203125,0
0.725,2.1921875,0
0.725,2.2640624999999996,0
0.735,-2.2640624999999996,0
0.735,-2.1921874999999997,0
0.735,-2.1203125,0
0.735,-2.0484375,0
0.735,-1.9765624999999998,0
0.735,-1.9046874999999999,0
0.735,-1.8328124999999997,0
0.735,-1.7609374999999998,0
0.735,-1.6890625,0
0.735,-1.6171875,0
0.735,-1.5453124999999999,0
0.735,-1.4734374999999997,0
0.735,-1.4015624999999998,0
0.735,-1.3296875,0
0.735,-1.2578125,0
0.735,-1.1859374999999999,0
0.735,-1.1140625,0
0.735,-1.0421874999999998,0
0.735,-0.9703124999999999,0
0.735,-0.8984375,0
0.735,-0.8265624999999999,0
0.735,-0.7546875,0
0.735,-0.6828125,0
0.735,-0.6109374999999999,0
0.735,-0.5390625,0
0.735,-0.46718749999999987,0
0.735,-0.39531249999999996,0
0.735,-0.32343750000000004,0
0.735,-0.2515624999999999,0
0.735,-0.1796875,58
0.735,-0.10781250000000009,46353
0.735,-0.03593750000000018,252811
0.735,0.03593750000000018,252967
0.735,0.10781250000000009,45988
0.735,0.1796875,58
0.735,0.2515624999999999,0
0.735,0.3234374999999998,0
0.735,0.3953125000000002,0
0.735,0.4671875000000001,0
0.735,0.5390625,0
0.735,0.6109374999999999,0
0.735,0.6828124999999998,0
0.735,0.7546874999999997,0
0.735,0.8265625000000001,0
0.735,0.8984375,0
0.735,0.9703124999999999,0
0.735,1.0421874999999998,0
0.735,1.1140624999999997,0
0.735,1.1859375,0
0.735,1.2578125,0
0.735,1.3296875,0
0.735,1.4015624999999998,0
0.735,1.4734374999999997,0
0.735,1.5453125,0
0.735,1.6171875,0
0.735,1.6890625,0
0.735,1.7609374999999998,0
0.735,1.8328125000000002,0
0.735,1.9046874999999996,0
0.735,1.9765625,0
0.735,2.0484374999999995,0
0.735,2.1203125,0
0.735,2.1921875,0
0.735,2.2640624999999996,0
0.745,-2.2640624999999996,0
0.745,-2.1921874999999997,0
0.745,-2.1203125,0
0.745,-2.0484375,0
0.745,-1.9765624999999998,0
0.745,-1.9046874999999999,0
0.745,-1.8328124999999997,0
0.745,-1.7609374999999998,0
0.745,-1.6890625,0
0.745,-1.6171875,0
0.745,-1.5453124999999999,0
0.745,-1.4734374999999997,0
0.745,-1.4015624999999998,0
0.745,-1.3296875,0
0.745,-1.2578125,0
0.745,-1.1859374999999999,0
0.745,-1.1140625,0
0.745,-1.0421874999999998,0
0.745,-0.9703124999999999,0
0.745,-0.8984375,0
0.745,-0.8265624999999999,0
0.745,-0.7546875,0
0.745,-0.6828125,0
0.745,-0.6109374999999999,0
0.745,-0.5390625,0
0.745,-0.46718749999999987,0
0.745,-0.39531249999999996,0
0.745,-0.32343750000000004,0
0.745,-0.2515624999999999,0
0.745,-0.1796875,0
0.745,-0.10781250000000009,13455
0.745,-0.03593750000000018,214644
0.745,0.03593750000000018,215879
0.745,0.10781250000000009,13293
0.745,0.1796875,0
0.745,0.2515624999999999,0
0.745,0.3234374999999998,0
0.745,0.3953125000000002,0
0.745,0.4671875000000001,0
0.745,0.5390625,0
0.745,0.6109374999999999,0
0.745,0.6828124999999998,0
0.745,0.7546874999999997,0
0.745,0.8265625000000001,0
0.745,0.8984375,0
0.745,0.9703124999999999,0
0.745,1.0421874999999998,0
0.745,1.1140624999999997,0
0.745,1.1859375,0
0.745,1.2578125,0
0.745,1.3296875,0
0.745,1.4015624999999998,0
0.745,1.4734374999999997,0
0.745,1.5453125,0
0.745,1.6171875,0
0.745,1.6890625,0
0.745,1.7609374999999998,0
0.745,1.8328125000000002,0
0.745,1.9046874999999996,0
0.745,1.9765625,0
0.745,2.0484374999999995,0
0.745,2.1203125,0
0.745,2.1921875,0
0.745,2.2640624999999996,0
0.755,-2.2640624999999996,0
0.755,-2.1921874999999997,0
0.755,-2.1203125,0
0.755,-2.0484375,0
0.755,-1.9765624999999998,0
0.755,-1.9046874999999999,0
0.755,-1.8328124999999997,0
0.755,-1.7609374999999998,0
0.755,-1.6890625,0
0.755,-1.6171875,0
0.755,-1.5453124999999999,0
0.755,-1.4734374999999997,0
0.755,-1.4015624999999998,0
0.755,-1.3296875,0
0.755,-1.2578125,0
0.755,-1.1859374999999999,0
0.755,-1.1140625,0
0.755,-1.0421874999999998,0
0.755,-0.9703124999999999,0
0.755,-0.8984375,0
0.755,-0.8265624999999999,0
0.755,-0.7546875,0
0.755,-0.6828125,0
0.755,-0.6109374999999999,0
0.755,-0.5390625,0
0.755,-0.46718749999999987,0
0.755,-0.39531249999999996,0
0.755,-0.32343750000000004,0
0.755,-0.2515624999999999,0
0.755,-0.1796875,0
0.755,-0.10781250000000009,1052
0.755,-0.03593750000000018,150680
0.755,0.03593750000000018,150898
0.755,0.10781250000000009,1052
0.755,0.1796875,0
0.755,0.2515624999999999,0
0.755,0.3234374999999998,0
0.755,0.3953125000000002,0
0.755,0.4671875000000001,0
0.755,0.5390625,0
0.755,0.6109374999999999,0
0.755,0.6828124999999998,0
0.755,0.7546874999999997,0
0.755,0.8265625000000001,0
0.755,0.8984375,0
0.755,0.9703124999999999,0
0.755,1.0421874999999998,0
0.755,1.1140624999999997,0
0.755,1.1859375,0
0.755,1.2578125,0
0.755,1.3296875,0
0.755,1.4015624999999998,0
0.755,1.4734374999999997,0
0.755,1.5453125,0
0.755,1.6171875,0
0.755,1.6890625,0
0.755,1.7609374999999998,0
0.755,1.8328125000000002,0
0.755,1.9046874999999996,0
0.755,1.9765625,0
0.755,2.0484374999999995,0
0.755,2.1203125,0
0.755,2.1921875,0
0.755,2.2640624999999996,0
0.765,-2.2640624999999996,0
0.765,-2.1921874999999997,0
0.765,-2.1203125,0
0.765,-2.0484375,0
0.765,-1.9765624999999998,0
0.765,-1.9046874999999999,0
0.765,-1.8328124999999997,0
0.765,-1.7609374999999998,0
0.765,-1.6890625,0
0.765,-1.6171875,0
0.765,-1.5453124999999999,0
0.765,-1.4734374999999997,0
0.765,-1.4015624999999998,0
0.765,-1.3296875,0
0.765,-1.2578125,0
0.765,-1.1859374999999999,0
0.765,-1.1140625,0
0.765,-1.0421874999999998,0
0.765,-0.9703124999999999,0
0.765,-0.8984375,0
0.765,-0.8265624999999999,0
0.765,-0.7546875,0
0.765,-0.6828125,0
0.765,-0.6109374999999999,0
0.765,-0.5390625,0
0.765,-0.46718749999999987,0
0.765,-0.39531249999999996,0
0.765,-0.32343750000000004,0
0.765,-0.2515624999999999,0
0.765,-0.1796875,0
0.765,-0.10781250000000009,12
0.765,-0.03593750000000018,77426
0.765,0.03593750000000018,76790
0.765,0.10781250000000009,21
0.765,0.1796875,0
0.765,0.2515624999999999,0
0.765,0.3234374999999998,0
0.765,0.3953125000000002,0
0.765,0.4671875000000001,0
0.765,0.5390625,0
0.765,0.6109374999999999,0
0.765,0.6828124999999998,0
0.765,0.7546874999999997,0
0.765,0.8265625000000001,0
0.765,0.8984375,0
0.765,0.9703124999999999,0
0.765,1.0421874999999998,0
0.765,1.1140624999999997,0
0.765,1.1859375,0
0.765,1.2578125,0
0.765,1.3296875,0
0.765,1.4015624999999998,0
0.765,1.4734374999999997,0
0.765,1.5453125,0
0.765,1.6171875,0
0.765,1.6890625,0
0.765,1.7609374999999998,0
0.765,1.8328125000000002,0
0.765,1.9046874999999996,0
0.765,1.9765625,0
0.765,2.0484374999999995,0
0.765,2.1203125,0
0.765,2.1921875,0
0.765,2.2640624999999996,0
0.775,-2.2640624999999996,0
0.775,-2.1921874999999997,0
0.775,-2.1203125,0
0.775,-2.0484375,0
0.775,-1.9765624999999998,0
0.775,-1.9046874999999999,0
0.775,-1.8328124999999997,0
0.775,-1.7609374999999998,0
0.775,-1.6890625,0
0.775,-1.6171875,0
0.775,-1.5453124999999999,0
0.775,-1.4734374999999997,0
0.775,-1.4015624999999998,0
0.775,-1.3296875,0
0.775,-1.2578125,0
0.775,-1.1859374999999999,0
0.775,-1.1140625,0
0.775,-1.0421874999999998,0
0.775,-0.9703124999999999,0
0.775,-0.8984375,0
0.775,-0.8265624999999999,0
0.775,-0.7546875,0
0.775,-0.6828125,0
0.775,-0.6109374999999999,0
0.775,-0.5390625,0
0.775,-0.46718749999999987,0
0.775,-0.39531249999999996,0
0.775,-0.32343750000000004,0
0.775,-0.2515624999999999,0
0.775,-0.1796875,0
0.775,-0.10781250000000009,0
0.775,-0.03593750000000018,23850
0.775,0.03593750000000018,23872
0.775,0.10781250000000009,0
0.775,0.1796875,0
0.775,0.2515624999999999,0
0.775,0.3234374999999998,0
0.775,0.3953125000000002,0
0.775,0.4671875000000001,0
0.775,0.5390625,0
0.775,0.6109374999999999,0
0.775,0.6828124999999998,0
0.775,0.7546874999999997,0
0.775,0.8265625000000001,0
0.775,0.8984375,0
0.775,0.9703124999999999,0
0.775,1.0421874999999998,0
0.775,1.1140624999999997,0
0.775,1.1859375,0
0.775,1.2578125,0
0.775,1.3296875,0
0.775,1.4015624999999998,0
0.775,1.4734374999999997,0
0.775,1.5453125,0
0.775,1.6171875,0
0.775,1.6890625,0
0.775,1.7609374999999998,0
0.775,1.8328125000000002,0
0.775,1.9046874999999996,0
0.775,1.9765625,0
0.775,2.0484374999999995,0
0.775,2.1203125,0
0.775,2.1921875,0
0.775,2.2640624999999996,0
0.785,-2.2640624999999996,0
0.785,-2.1921874999999997,0
0.785,-2.1203125,0
0.785,-2.0484375,0
0.785,-1.9765624999999998,0
0.785,-1.9046874999999999,0
0.785,-1.8328124999999997,0
0.785,-1.7609374999999998,0
0.785,-1.6890625,0
0.785,-1.6171875,0
0.785,-1.5453124999999999,0
0.785,-1.4734374999999997,0
0.785,-1.4015624999999998,0
0.785,-1.3296875,0
0.785,-1.2578125,0
0.785,-1.1859374999999999,0
0.785,-1.1140625,0
0.785,-1.0421874999999998,0
0.785,-0.9703124999999999,0
0.785,-0.8984375,0
0.785,-0.8265624999999999,0
0.785,-0.7546875,0
0.785,-0.6828125,0
0.785,-0.6109374999999999,0
0.785,-0.5390625,0
0.785,-0.46718749999999987,0
0.785,-0.39531249999999996,0
0.785,-0.32343750000000004,0
0.785,-0.2515624999999999,0
0.785,-0.1796875,0
0.785,-0.10781250000000009,0
0.785,-0.03593750000000018,7788
0.785,0.03593750000000018,7792
0.785,0.10781250000000009,0
0.785,0.1796875,0
0.785,0.2515624999999999,0
0.785,0.3234374999999998,0
0.785,0.3953125000000002,0
0.785,0.4671875000000001,0
0.785,0.5390625,0
0.785,0.6109374999999999,0
0.785,0.6828124999999998,0
0.785,0.7546874999999997,0
0.785,0.8265625000000001,0
0.785,0.8984375,0
0.785,0.9703124999999999,0
0.785,1.0421874999999998,0
0.785,1.1140624999999997,0
0.785,1.1859375,0
0.785,1.2578125,0
0.785,1.3296875,0
0.785,1.4015624999999998,0
0.785,1.4734374999999997,0
0.785,1.5453125,0
0.785,1.6171875,0
0.785,1.6890625,0
0.785,1.7609374999999998,0
0.785,1.8328125000000002,0
0.785,1.9046874999999996,0
0.785,1.9765625,0
0.785,2.0484374999999995,0
0.785,2.1203125,0
0.785,2.1921875,0
0.785,2.2640624999999996,0
0.795,-2.2640624999999996,0
0.795,-2.1921874999999997,0
0.795,-2.1203125,0
0.795,-2.0484375,0
0.795,-1.9765624999999998,0
0.795,-1.9046874999999999,0
0.795,-1.8328124999999997,0
0.795,-1.7609374999999998,0
0.795,-1.6890625,0
0.795,-1.6171875,0
0.795,-1.5453124999999999,0
0.795,-1.4734374999999997,0
0.795,-1.4015624999999998,0
0.795,-1.3296875,0
0.795,-1.2578125,0
0.795,-1.1859374999999999,0
0.795,-1.1140625,0
0.795,-1.0421874999999998,0
0.795,-0.9703124999999999,0
0.795,-0.8984375,0
0.795,-0.8265624999999999,0
0.795,-0.7546875,0
0.795,-0.6828125,0
0.795,-0.6109374999999999,0
0.795,-0.5390625,0
0.795,-0.46718749999999987,0
0.795,-0.39531249999999996,0
0.795,-0.32343750000000004,0
0.795,-0.2515624999999999,0
0.795,-0.1796875,0
0.795,-0.10781250000000009,0
0.795,-0.03593750000000018,4924
0.795,0.03593750000000018,5109
0.795,0.10781250000000009,0
0.795,0.1796875,0
0.795,0.2515624999999999,0
0.795,0.3234374999999998,0
0.795,0.3953125000000002,0
0.795,0.4671875000000001,0
0.795,0.5390625,0
0.795,0.6109374999999999,0
0.795,0.6828124999999998,0
0.795,0.7546874999999997,0
0.795,0.8265625000000001,0
0.795,0.8984375,0
0.795,0.9703124999999999,0
0.795,1.0421874999999998,0
0.795,1.1140624999999997,0
0.795,1.1859375,0
0.795,1.2578125,0
0.795,1.3296875,0
0.795,1.4015624999999998,0
0.795,1.4734374999999997,0
0.795,1.5453125,0
0.795,1.6171875,0
0.795,1.6890625,0
0.795,1.7609374999999998,0
0.795,1.8328125000000002,0
0.795,1.9046874999999996,0
0.795,1.9765625,0
0.795,2.0484374999999995,0
0.795,2.1203125,0
0.795,2.1921875,0
0.795,2.2640624999999996,0
0.805,-2.2640624999999996,0
0.805,-2.1921874999999997,0
0.805,-2.1203125,0
0.805,-2.0484375,0
0.805,-1.9765624999999998,0
0.805,-1.9046874999999999,0
0.805,-1.8328124999999997,0
0.805,-1.7609374999999998,0
0.805,-1.6890625,0
0.805,-1.6171875,0
0.805,-1.5453124999999999,0
0.805,-1.4734374999999997,0
0.805,-1.4015624999999998,0
0.805,-1.3296875,0
0.805,-1.2578125,0
0.805,-1.1859374999999999,0
0.805,-1.1140625,0
0.805,-1.0421874999999998,0
0.805,-0.9703124999999999,0
0.805,-0.8984375,0
0.805,-0.8265624999999999,0
0.805,-0.7546875,0
0.805,-0.6828125,0
0.805,-0.6109374999999999,0
0.805,-0.5390625,0
0.805,-0.46718749999999987,0
0.805,-0.39531249999999996,0
0.805,-0.32343750000000004,0
0.805,-0.2515624999999999,0
0.805,-0.1796875,0
0.805,-0.10781250000000009,0
0.805,-0.03593750000000018,4039
0.805,0.03593750000000018,4341
0.805,0.10781250000000009,0
0.805,0.1796875,0
0.805,0.2515624999999999,0
0.805,0.3234374999999998,0
0.805,0.3953125000000002,0
0.805,0.4671875000000001,0
0.805,0.5390625,0
0.805,0.6109374999999999,0
0.805,0.6828124999999998,0
0.805,0.7546874999999997,0
0.805,0.8265625000000001,0
0.805,0.8984375,0
0.805,0.9703124999999999,0
0.805,1.0421874999999998,0
0.805,1.1140624999999997,0
0.805,1.1859375,0
0.805,1.2578125,0
0.805,1.3296875,0
0.805,1.4015624999999998,0
0.805,1.4734374999999997,0
0.805,1.5453125,0
0.805,1.6171875,0
0.805,1.6890625,0
0.805,1.7609374999999998,0
0.805,1.8328125000000002,0
0.805,1.9046874999999996,0
0.805,1.9765625,0
0.805,2.0484374999999995,0
0.805,2.1203125,0
0.805,2.1921875,0
0.805,2.2640624999999996,0
0.815,-2.2640624999999996,0
0.815,-2.1921874999999997,0
0.815,-2.1203125,0
0.815,-2.0484375,0
0.815,-1.9765624999999998,0
0.815,-1.9046874999999999,0
0.815,-1.8328124999999997,0
0.815,-1.7609374999999998,0
0.815,-1.6890625,0
0.815,-1.6171875,0
0.815,-1.5453124999999999,0
0.815,-1.4734374999999997,0
0.815,-1.4015624999999998,0
0.815,-1.3296875,0
0.815,-1.2578125,0
0.815,-1.1859374999999999,0
0.815,-1.1140625,0
0.815,-1.0421874999999998,0
0.815,-0.9703124999999999,0
0.815,-0.8984375,0
0.815,-0.8265624999999999,0
0.815,-0.7546875,0
0.815,-0.6828125,0
0.815,-0.6109374999999999,0
0.815,-0.5390625,0
0.815,-0.46718749999999987,0
0.815,-0.39531249999999996,0
0.815,-0.32343750000000004,0
0.815,-0.2515624999999999,0
0.815,-0.1796875,0
0.815,-0.10781250000000009,0
0.815,-0.03593750000000018,3294
0.815,0.03593750000000018,3278
0.815,0.10781250000000009,0
0.815,0.1796875,0
0.815,0.2515624999999999,0
0.815,0.3234374999999998,0
0.815,0.3953125000000002,0
0.815,0.4671875000000001,0
0.815,0.5390625,0
0.815,0.6109374999999999,0
0.815,0.6828124999999998,0
0.815,0.7546874999999997,0
0.815,0.8265625000000001,0
0.815,0.8984375,0
0.815,0.9703124999999999,0
0.815,1.0421874999999998,0
0.815,1.1140624999999997,0
0.815,1.1859375,0
0.815,1.2578125,0
0.815,1.3296875,0
0.815,1.4015624999999998,0
0.815,1.4734374999999997,0
0.815,1.5453125,0
0.815,1.6171875,0
0.815,1.6890625,0
0.815,1.7609374999999998,0
0.815,1.8328125000000002,0
0.815,1.9046874999999996,0
0.815,1.9765625,0
0.815,2.0484374999999995,0
0.815,2.1203125,0
0.815,2.1921875,0
0.815,2.2640624999999996,0
0.825,-2.2640624999999996,0
0.825,-2.1921874999999997,0
0.825,-2.1203125,0
0.825,-2.0484375,0
0.825,-1.9765624999999998,0
0.825,-1.9046874999999999,0
0.825,-1.8328124999999997,0
0.825,-1.7609374999999998,0
0.825,-1.6890625,0
0.825,-1.6171875,0
0.825,-1.5453124999999999,0
0.825,-1.4734374999999997,0
0.825,-1.4015624999999998,0
0.825,-1.3296875,0
0.825,-1.2578125,0
0.825,-1.1859374999999999,0
0.825,-1.1140625,0
0.825,-1.0421874999999998,0
0.825,-0.9703124999999999,0
0.825,-0.8984375,0
0.825,-0.8265624999999999,0
0.825,-0.7546875,0
0.825,-0.6828125,0
0.825,-0.6109374999999999,0
0.825,-0.5390625,0
0.825,-0.46718749999999987,0
0.825,-0.39531249999999996,0
0.825,-0.32343750000000004,0
0.825,-0.2515624999999999,0
0.825,-0.1796875,0
0.825,-0.10781250000000009,0
0.825,-0.03593750000000018,2373
0.825,0.03593750000000018,2294
0.825,0.10781250000000009,0
0.825,0.1796875,0
0.825,0.2515624999999999,0
0.825,0.3234374999999998,0
0.825,0.3953125000000002,0
0.825,0.4671875000000001,0
0.825,0.5390625,0
0.825,0.6109374999999999,0
0.825,0.6828124999999998,0
0.825,0.7546874999999997,0
0.825,0.8265625000000001,0
0.825,0.8984375,0
0.825,0.9703124999999999,0
0.825,1.0421874999999998,0
0.825,1.1140624999999997,0
0.825,1.1859375,0
0.825,1.2578125,0
0.825,1.3296875,0
0.825,1.4015624999999998,0
0.825,1.4734374999999997,0
0.825,1.5453125,0
0.825,1.6171875,0
0.825,1.6890625,0
0.825,1.7609374999999998,0
0.825,1.8328125000000002,0
0.825,1.9046874999999996,0
0.825,1.9765625,0
0.825,2.0484374999999995,0
0.825,2.1203125,0
0.825,2.1921875,0
0.825,2.2640624999999996,0
0.835,-2.2640624999999996,0
0.835,-2.1921874999999997,0
0.835,-2.1203125,0
0.835,-2.0484375,0
0.835,-1.9765624999999998,0
0.835,-1.9046874999999999,0
0.835,-1.8328124999999997,0
0.835,-1.7609374999999998,0
0.835,-1.6890625,0
0.835,-1.6171875,0
0.835,-1.5453124999999999,0
0.835,-1.4734374999999997,0
0.835,-1.4015624999999998,0
0.835,-1.3296875,0
0.835,-1.2578125,0
0.835,-1.1859374999999999,0
0.835,-1.1140625,0
0.835,-1.0421874999999998,0
0.835,-0.9703124999999999,0
0.835,-0.8984375,0
0.835,-0.8265624999999999,0
0.835,-0.7546875,0
0.835,-0.6828125,0
0.835,-0.6109374999999999,0
0.835,-0.5390625,0
0.835,-0.46718749999999987,0
0.835,-0.39531249999999996,0
0.835,-0.32343750000000004,0
0.835,-0.2515624999999999,0
0.835,-0.1796875,0
0.835,-0.10781250000000009,0
0.835,-0.03593750000000018,1616
0.835,0.03593750000000018,1554
0.835,0.10781250000000009,0
0.835,0.1796875,0
0.835,0.2515624999999999,0
0.835,0.3234374999999998,0
0.835,0.3953125000000002,0
0.835,0.4671875000000001,0
0.835,0.5390625,0
0.835,0.6109374999999999,0
0.835,0.6828124999999998,0
0.835,0.7546874999999997,0
0.835,0.8265625000000001,0
0.835,0.8984375,0
0.835,0.9703124999999999,0
0.835,1.0421874999999998,0
0.835,1.1140624999999997,0
0.835,1.1859375,0
0.835,1.2578125,0
0.835,1.3296875,0
0.835,1.4015624999999998,0
0.835,1.4734374999999997,0
0.835,1.5453125,0
0.835,1.6171875,0
0.835,1.6890625,0
0.835,1.7609374999999998,0
0.835,1.8328125000000002,0
0.835,1.9046874999999996,0
0.835,1.9765625,0
0.835,2.0484374999999995,0
0.835,2.1203125,0
0.835,2.1921875,0
0.835,2.2640624999999996,0
0.845,-2.2640624999999996,0
0.845,-2.1921874999999997,0
0.845,-2.1203125,0
0.845,-2.0484375,0
0.845,-1.9765624999999998,0
0.845,-1.9046874999999999,0
0.845,-1.8328124999999997,0
0.845,-1.7609374999999998,0
0.845,-1.6890625,0
0.845,-1.6171875,0
0.845,-1.5453124999999999,0
0.845,-1.4734374999999997,0
0.845,-1.4015624999999998,0
0.845,-1.3296875,0
0.845,-1.2578125,0
0.845,-1.1859374999999999,0
0.845,-1.1140625,0
0.845,-1.0421874999999998,0
0.845,-0.9703124999999999,0
0.845,-0.8984375,0
0.845,-0.8265624999999999,0
0.845,-0.7546875,0
0.845,-0.6828125,0
0.845,-0.6109374999999999,0
0.845,-0.5390625,0
0.845,-0.46718749999999987,0
0.845,-0.39531249999999996,0
0.845,-0.32343750000000004,0
0.845,-0.2515624999999999,0
0.845,-0.1796875,0
0.845,-0.10781250000000009,0
0.845,-0.03593750000000018,1255
0.845,0.03593750000000018,1330
0.845,0.10781250000000009,0
0.845,0.1796875,0
0.845,0.2515624999999999,0
0.845,0.3234374999999998,0
0.845,0.3953125000000002,0
0.845,0.4671875000000001,0
0.845,0.5390625,0
0.845,0.6109374999999999,0
0.845,0.6828124999999998,0
0.845,0.7546874999999997,0
0.845,0.8265625000000001,0
0.845,0.8984375,0
0.845,0.9703124999999999,0
0.845,1.0421874999999998,0
0.845,1.1140624999999997,0
0.845,1.1859375,0
0.845,1.2578125,0
0.845,1.3296875,0
0.845,1.4015624999999998,0
0.845,1.4734374999999997,0
0.845,1.5453125,0
0.845,1.6171875,0
0.845,1.6890625,0
0.845,1.7609374999999998,0
0.845,1.8328125000000002,0
0.845,1.9046874999999996,0
0.845,1.9765625,0
0.845,2.0484374999999995,0
0.845,2.1203125,0
0.845,2.1921875,0
0.845,2.2640624999999996,0
0.855,-2.2640624999999996,0
0.855,-2.1921874999999997,0
0.855,-2.1203125,0
0.855,-2.0484375,0
0.855,-1.9765624999999998,0
0.855,-1.9046874999999999,0
0.855,-1.8328124999999997,0
0.855,-1.7609374999999998,0
0.855,-1.6890625,0
0.855,-1.6171875,0
0.855,-1.5453124999999999,0
0.855,-1.4734374999999997,0
0.855,-1.4015624999999998,0
0.855,-1.3296875,0
0.855,-1.2578125,0
0.855,-1.1859374999999999,0
0.855,-1.1140625,0
0.855,-1.0421874999999998,0
0.855,-0.9703124999999999,0
0.855,-0.8984375,0
0.855,-0.8265624999999999,0
0.855,-0.7546875,0
0.855,-0.6828125,0
0.855,-0.6109374999999999,0
0.855,-0.5390625,0
0.855,-0.46718749999999987,0
0.855,-0.39531249999999996,0
0.855,-0.32343750000000004,0
0.855,-0.2515624999999999,0
0.855,-0.1796875,0
0.855,-0.10781250000000009,6
0.855,-0.03593750000000018,2211
0.855,0.03593750000000018,2494
0.855,0.10781250000000009,8
0.855,0.1796875,0
0.855,0.2515624999999999,0
0.855,0.3234374999999998,0
0.855,0.3953125000000002,0
0.855,0.4671875000000001,0
0.855,0.5390625,0
0.855,0.6109374999999999,0
0.855,0.6828124999999998,0
0.855,0.7546874999999997,0
0.855,0.8265625000000001,0
0.855,0.8984375,0
0.855,0.9703124999999999,0
0.855,1.0421874999999998,0
0.855,1.1140624999999997,0
0.855,1.1859375,0
0.855,1.2578125,0
0.855,1.3296875,0
0.855,1.4015624999999998,0
0.855,1.4734374999999997,0
0.855,1.5453125,0
0.855,1.6171875,0
0.855,1.6890625,0
0.855,1.7609374999999998,0
0.855,1.8328125000000002,0
0.855,1.9046874999999996,0
0.855,1.9765625,0
0.855,2.0484374999999995,0
0.855,2.1203125,0
0.855,2.1921875,0
0.855,2.2640624999999996,0
0.865,-2.2640624999999996,0
0.865,-2.1921874999999997,0
0.865,-2.1203125,0
0.865,-2.0484375,0
0.865,-1.9765624999999998,0
0.865,-1.9046874999999999,0
0.865,-1.8328124999999997,0
0.865,-1.7609374999999998,0
0.865,-1.6890625,0
0.865,-1.6171875,0
0.865,-1.5453124999999999,0
0.865,-1.4734374999999997,0
0.865,-1.4015624999999998,0
0.865,-1.3296875,0
0.865,-1.2578125,0
0.865,-1.1859374999999999,0
0.865,-1.1140625,0
0.865,-1.0421874999999998,0
0.865,-0.9703124999999999,0
0.865,-0.8984375,0
0.865,-0.8265624999999999,0
0.865,-0.7546875,0
0.865,-0.6828125,0
0.865,-0.6109374999999999,0
0.865,-0.5390625,0
0.865,-0.46718749999999987,0
0.865,-0.39531249999999996,0
0.865,-0.32343750000000004,0
0.865,-0.2515624999999999,0
0.865,-0.1796875,0
0.865,-0.10781250000000009,26
0.865,-0.03593750000000018,3804
0.865,0.03593750000000018,3863
0.865,0.10781250000000009,47
0.865,0.1796875,0
0.865,0.2515624999999999,0
0.865,0.3234374999999998,0
0.865,0.3953125000000002,0
0.865,0.4671875000000001,0
0.865,0.5390625,0
0.865,0.6109374999999999,0
0.865,0.6828124999999998,0
0.865,0.7546874999999997,0
0.865,0.8265625000000001,0
0.865,0.8984375,0
0.865,0.9703124999999999,0
0.865,1.0421874999999998,0
0.865,1.1140624999999997,0
0.865,1.1859375,0
0.865,1.2578125,0
0.865,1.3296875,0
0.865,1.4015624999999998,0
0.865,1.4734374999999997,0
0.865,1.5453125,0
0.865,1.6171875,0
0.865,1.6890625,0
0.865,1.7609374999999998,0
0.865,1.8328125000000002,0
0.865,1.9046874999999996,0
0.865,1.9765625,0
0.865,2.0484374999999995,0
0.865,2.1203125,0
0.865,2.1921875,0
0.865,2.2640624999999996,0
0.875,-2.2640624999999996,0
0.875,-2.1921874999999997,0
0.875,-2.1203125,0
0.875,-2.0484375,0
0.875,-1.9765624999999998,0
0.875,-1.9046874999999999,0
0.875,-1.8328124999999997,0
0.875,-1.7609374999999998,0
0.875,-1.6890625,0
0.875,-1.6171875,0
0.875,-1.5453124999999999,0
0.875,-1.4734374999999997,0
0.875,-1.4015624999999998,0
0.875,-1.3296875,0
0.875,-1.2578125,0
0.875,-1.1859374999999999,0
0.875,-1.1140625,0
0.875,-1.0421874999999998,0
0.875,-0.9703124999999999,0
0.875,-0.8984375,0
0.875,-0.8265624999999999,0
0.875,-0.7546875,0
0.875,-0.6828125,0
0.875,-0.6109374999999999,0
0.875,-0.5390625,0
0.875,-0.46718749999999987,0
0.875,-0.39531249999999996,0
0.875,-0.32343750000000004,0
0.875,-0.2515624999999999,0
0.875,-0.1796875,0
0.875,-0.10781250000000009,238
0.875,-0.03593750000000018,5120
0.875,0.03593750000000018,5319
0.875,0.10781250000000009,256
0.875,0.1796875,1
0.875,0.2515624999999999,0
0.875,0.3234374999999998,0
0.875,0.3953125000000002,0
0.875,0.4671875000000001,0
0.875,0.5390625,0
0.875,0.6109374999999999,0
0.875,0.6828124999999998,0
0.875,0.7546874999999997,0
0.875,0.8265625000000001,0
0.875,0.8984375,0
0.875,0.9703124999999999,0
0.875,1.0421874999999998,0
0.875,1.1140624999999997,0
0.875,1.1859375,0
0.875,1.2578125,0
0.875,1.3296875,0
0.875,1.4015624999999998,0
0.875,1.4734374999999997,0
0.875,1.5453125,0
0.875,1.6171875,0
0.875,1.6890625,0
0.875,1.7609374999999998,0
0.875,1.8328125000000002,0
0.875,1.9046874999999996,0
0.875,1.9765625,0
0.875,2.0484374999999995,0
0.875,2.1203125,0
0.875,2.1921875,0
0.875,2.2640624999999996,0
0.885,-2.2640624999999996,0
0.885,-2.1921874999999997,0
0.885,-2.1203125,0
0.885,-2.0484375,0
0.885,-1.9765624999999998,0
0.885,-1.9046874999999999,0
0.885,-1.8328124999999997,0
0.885,-1.7609374999999998,0
0.885,-1.6890625,0
0.885,-1.6171875,0
0.885,-1.5453124999999999,0
0.885,-1.4734374999999997,0
0.885,-1.4015624999999998,0
0.885,-1.3296875,0
0.885,-1.2578125,0
0.885,-1.1859374999999999,0
0.885,-1.1140625,0
0.885,-1.0421874999999998,0
0.885,-0.9703124999999999,0
0.885,-0.8984375,0
0.885,-0.8265624999999999,0
0.885,-0.7546875,0
0.885,-0.6828125,0
0.885,-0.6109374999999999,0
0.885,-0.5390625,0
0.885,-0.46718749999999987,0
0.885,-0.39531249999999996,0
0.885,-0.32343750000000004,0
0.885,-0.2515624999999999,0
0.885,-0.1796875,10
0.885,-0.10781250000000009,641
0.885,-0.03593750000000018,5882
0.885,0.03593750000000018,6278
0.885,0.10781250000000009,647
0.885,0.1796875,8
0.885,0.2515624999999999,0
0.885,0.3234374999999998,0
0.885,0.3953125000000002,0
0.885,0.4671875000000001,0
0.885,0.5390625,0
0.885,0.6109374999999999,0
0.885,0.6828124999999998,0
0.885,0.7546874999999997,0
0.885,0.8265625000000001,0
0.885,0.8984375,0
0.885,0.9703124999999999,0
0.885,1.0421874999999998,0
0.885,1.1140624999999997,0
0.885,1.1859375,0
0.885,1.2578125,0
0.885,1.3296875,0
0.885,1.4015624999999998,0
0.885,1.4734374999999997,0
0.885,1.5453125,0
0.885,1.6171875,0
0.885,1.6890625,0
0.885,1.7609374999999998,0
0.885,1.8328125000000002,0
0.885,1.9046874999999996,0
0.885,1.9765625,0
0.885,2.0484374999999995,0
0.885,2.1203125,0
0.885,2.1921875,0
0.885,2.2640624999999996,0
0.895,-2.2640624999999996,0
0.895,-2.1921874999999997,0
0.895,-2.1203125,0
0.895,-2.0484375,0
0.895,-1.9765624999999998,0
0.895,-1.9046874999999999,0
0.895,-1.8328124999999997,0
0.895,-1.7609374999999998,0
0.895,-1.6890625,0
0.895,-1.6171875,0
0.895,-1.5453124999999999,0
0.895,-1.4734374999999997,0
0.895,-1.4015624999999998,0
0.895,-1.3296875,0
0.895,-1.2578125,0
0.895,-1.1859374999999999,0
0.895,-1.1140625,0
0.895,-1.0421874999999998,0
0.895,-0.9703124999999999,0
0.895,-0.8984375,0
0.895,-0.8265624999999999,0
0.895,-0.7546875,0
0.895,-0.6828125,0
0.895,-0.6109374999999999,0
0.895,-0.5390625,0
0.895,-0.46718749999999987,0
0.895,-0.39531249999999996,0
0.895,-0.32343750000000004,0
0.895,-0.2515624999999999,0
0.895,-0.1796875,79
0.895,-0.10781250000000009,1190
0.895,-0.03593750000000018,6156
0.895,0.03593750000000018,6960
0.895,0.10781250000000009,1136
0.895,0.1796875,107
0.895,0.2515624999999999,0
0.895,0.3234374999999998,0
0.895,0.3953125000000002,0
0.895,0.4671875000000001,0
0.895,0.5390625,0
0.895,0.6109374999999999,0
0.895,0.6828124999999998,0
0.895,0.7546874999999997,0
0.895,0.8265625000000001,0
0.895,0.8984375,0
0.895,0.9703124999999999,0
0.895,1.0421874999999998,0
0.895,1.1140624999999997,0
0.895,1.1859375,0
0.895,1.2578125,0
0.895,1.3296875,0
0.895,1.4015624999999998,0
0.895,1.4734374999999997,0
0.895,1.5453125,0
0.895,1.6171875,0
0.895,1.6890625,0
0.895,1.7609374999999998,0
0.895,1.8328125000000002,0
0.895,1.9046874999999996,0
0.895,1.9765625,0
0.895,2.0484374999999995,0
0.895,2.1203125,0
0.895,2.1921875,0
0.895,2.2640624999999996,0
0.905,-2.2640624999999996,0
0.905,-2.1921874999999997,0
0.905,-2.1203125,0
0.905,-2.0484375,0
0.905,-1.9765624999999998,0
0.905,-1.9046874999999999,0
0.905,-1.8328124999999997,0
0.905,-1.7609374999999998,0
0.905,-1.6890625,0
0.905,-1.6171875,0
0.905,-1.5453124999999999,0
0.905,-1.4734374999999997,0
0.905,-1.4015624999999998,0
0.905,-1.3296875,0
0.905,-1.2578125,0
0.905,-1.1859374999999999,0
0.905,-1.1140625,0
0.905,-1.0421874999999998,0
0.905,-0.9703124999999999,0
0.905,-0.8984375,0
0.905,-0.8265624999999999,0
0.905,-0.7546875,0
0.905,-0.6828125,0
0.905,-0.6109374999999999,0
0.905,-0.5390625,0
0.905,-0.46718749999999987,0
0.905,-0.39531249999999996,0
0.905,-0.32343750000000004,0
0.905,-0.2515624999999999,14
0.905,-0.1796875,219
0.905,-0.10781250000000009,1971
0.905,-0.03593750000000018,6133
0.905,0.03593750000000018,6782
0.905,0.10781250000000009,1910
0.905,0.1796875,189
0.905,0.2515624999999999,19
0.905,0.3234374999999998,0
0.905,0.3953125000000002,0
0.905,0.4671875000000001,0
0.905,0.5390625,0
0.905,0.6109374999999999,0
0.905,0.6828124999999998,0
0.905,0.7546874999999997,0
0.905,0.8265625000000001,0
0.905,0.8984375,0
0.905,0.9703124999999999,0
0.905,1.0421874999999998,0
0.905,1.1140624999999997,0
0.905,1.1859375,0
0.905,1.2578125,0
0.905,1.3296875,0
0.905,1.4015624999999998,0
0.905,1.4734374999999997,0
0.905,1.5453125,0
0.905,1.6171875,0
0.905,1.6890625,0
0.905,1.7609374999999998,0
0.905,1.8328125000000002,0
0.905,1.9046874999999996,0
0.905,1.9765625,0
0.905,2.0484374999999995,0
0.905,2.1203125,0
0.905,2.1921875,0
0.905,2.2640624999999996,0
0.915,-2.2640624999999996,0
0.915,-2.1921874999999997,0
0.915,-2.1203125,0
0.915,-2.0484375,0
0.915,-1.9765624999999998,0
0.915,-1.9046874999999999,0
0.915,-1.8328124999999997,0
0.915,-1.7609374999999998,0
0.915,-1.6890625,0
0.915,-1.6171875,0
0.915,-1.5453124999999999,0
0.915,-1.4734374999999997,0
0.915,-1.4015624999999998,0
0.915,-1.3296875,0
0.915,-1.2578125,0
0.915,-1.1859374999999999,0
0.915,-1.1140625,0
0.915,-1.0421874999999998,0
0.915,-0.9703124999999999,0
0.915,-0.8984375,0
0.915,-0.8265624999999999,0
0.915,-0.7546875,0
0.915,-0.6828125,0
0.915,-0.6109374999999999,0
0.915,-0.5390625,0
0.915,-0.46718749999999987,0
0.915,-0.39531249999999996,1
0.915,-0.32343750000000004,5
0.915,-0.2515624999999999,57
0.915,-0.1796875,373
0.915,-0.10781250000000009,2387
0.915,-0.03593750000000018,5788
0.915,0.03593750000000018,6403
0.915,0.10781250000000009,2482
0.915,0.1796875,348
0.915,0.2515624999999999,50
0.915,0.3234374999999998,0
0.915,0.3953125000000002,0
0.915,0.4671875000000001,0
0.915,0.5390625,0
0.915,0.6109374999999999,0
0.915,0.6828124999999998,0
0.915,0.7546874999999997,0
0.915,0.8265625000000001,0
0.915,0.8984375,0
0.915,0.9703124999999999,0
0.915,1.0421874999999998,0
0.915,1.1140624999999997,0
0.915,1.1859375,0
0.915,1.2578125,0
0.915,1.3296875,0
0.915,1.4015624999999998,0
0.915,1.4734374999999997,0
0.915,1.5453125,0
0.915,1.6171875,0
0.915,1.6890625,0
0.915,1.7609374999999998,0
0.915,1.8328125000000002,0
0.915,1.9046874999999996,0
0.915,1.9765625,0
0.915,2.0484374999999995,0
0.915,2.1203125,0
0.915,2.1921875,0
0.915,2.2640624999999996,0
0.925,-2.2640624999999996,0
0.925,-2.1921874999999997,0
0.925,-2.1203125,0
0.925,-2.0484375,0
0.925,-1.9765624999999998,0
0.925,-1.9046874999999999,0
0.925,-1.8328124999999997,0
0.925,-1.7609374999999998,0
0.925,-1.6890625,0
0.925,-1.6171875,0
0.925,-1.5453124999999999,0
0.925,-1.4734374999999997,0
0.925,-1.4015624999999998,0
0.925,-1.3296875,0
0.925,-1.2578125,0
0.925,-1.1859374999999999,0
0.925,-1.1140625,0
0.925,-1.0421874999999998,0
0.925,-0.9703124999999999,0
0.925,-0.8984375,0
0.925,-0.8265624999999999,0
0.925,-0.7546875,0
0.925,-0.6828125,0
0.925,-0.6109374999999999,0
0.925,-0.5390625,0
0.925,-0.46718749999999987,1
0.925,-0.39531249999999996,5
0.925,-0.32343750000000004,42
0.925,-0.2515624999999999,132
0.925,-0.1796875,601
0.925,-0.10781250000000009,2470
0.925,-0.03593750000000018,5662
0.925,0.03593750000000018,6342
0.925,0.10781250000000009,2575
0.925,0.1796875,755
0.925,0.2515624999999999,163
0.925,0.3234374999999998,5
0.925,0.3953125000000002,2
0.925,0.4671875000000001,0
0.925,0.5390625,0
0.925,0.6109374999999999,0
0.925,0.6828124999999998,0
0.925,0.7546874999999997,0
0.925,0.8265625000000001,0
0.925,0.8984375,0
0.925,0.9703124999999999,0
0.925,1.0421874999999998,0
0.925,1.1140624999999997,0
0.925,1.1859375,0
0.925,1.2578125,0
0.925,1.3296875,0
0.925,1.4015624999999998,0
0.925,1.4734374999999997,0
0.925,1.5453125,0
0.925,1.6171875,0
0.925,1.6890625,0
0.925,1.7609374999999998,0
0.925,1.8328125000000002,0
0.925,1.9046874999999996,0
0.925,1.9765625,0
0.925,2.0484374999999995,0
0.925,2.1203125,0
0.925,2.1921875,0
0.925,2.2640624999999996,0
0.935,-2.2640624999999996,0
0.935,-2.1921874999999997,0
0.935,-2.1203125,0
0.935,-2.0484375,0
0.935,-1.9765624999999998,0
0.935,-1.9046874999999999,0
0.935,-1.8328124999999997,0
0.935,-1.7609374999999998,0
0.935,-1.6890625,0
0.935,-1.6171875,0
0.935,-1.5453124999999999,0
0.935,-1.4734374999999997,0
0.935,-1.4015624999999998,0
0.935,-1.3296875,0
0.935,-1.2578125,0
0.935,-1.1859374999999999,0
0.935,-1.1140625,0
0.935,-1.0421874999999998,0
0.935,-0.9703124999999999,0
0.935,-0.8984375,0
0.935,-0.8265624999999999,0
0.935,-0.7546875,0
0.935,-0.6828125,0
0.935,-0.6109374999999999,0
0.935,-0.5390625,0
0.935,-0.46718749999999987,3
0.935,-0.39531249999999996,15
0.935,-0.32343750000000004,89
0.935,-0.2515624999999999,247
0.935,-0.1796875,747
0.935,-0.10781250000000009,2575
0.935,-0.03593750000000018,5507
0.935,0.03593750000000018,5858
0.935,0.10781250000000009,2590
0.935,0.1796875,993
0.935,0.2515624999999999,300
0.935,0.3234374999999998,17
0.935,0.3953125000000002,14
0.935,0.4671875000000001,0
0.935,0.5390625,0
0.935,0.6109374999999999,0
0.935,0.6828124999999998,0
0.935,0.7546874999999997,0
0.935,0.8265625000000001,0
0.935,0.8984375,0
0.935,0.9703124999999999,0
0.935,1.0421874999999998,0
0.935,1.1140624999999997,0
0.935,1.1859375,0
0.935,1.2578125,0
0.935,1.3296875,0
0.935,1.4015624999999998,0
0.935,1.4734374999999997,0
0.935,1.5453125,0
0.935,1.6171875,0
0.935,1.6890625,0
0.935,1.7609374999999998,0
0.935,1.8328125000000002,0
0.935,1.9046874999999996,0
0.935,1.9765625,0
0.935,2.0484374999999995,0
0.935,2.1203125,0
0.935,2.1921875,0
0.935,2.2640624999999996,0
0.945,-2.2640624999999996,0
0.945,-2.1921874999999997,0
0.945,-2.1203125,0
0.945,-2.0484375,0
0.945,-1.9765624999999998,0
0.945,-1.9046874999999999,0
0.945,-1.8328124999999997,0
0.945,-1.7609374999999998,0
0.945,-1.6890625,0
0.945,-1.6171875,0
0.945,-1.5453124999999999,0
0.945,-1.4734374999999997,0
0.945,-1.4015624999999998,0
0.945,-1.3296875,0
0.945,-1.2578125,0
0.945,-1.1859374999999999,0
0.945,-1.1140625,0
0.945,-1.0421874999999998,0
0.945,-0.9703124999999999,0
0.945,-0.8984375,0
0.945,-0.8265624999999999,0
0.945,-0.7546875,0
0.945,-0.6828125,0
0.945,-0.6109374999999999,0
0.945,-0.5390625,0
0.945,-0.46718749999999987,0
0.945,-0.39531249999999996,25
0.945,-0.32343750000000004,192
0.945,-0.2515624999999999,416
0.945,-0.1796875,932
0.945,-0.10781250000000009,2703
0.945,-0.03593750000000018,5371
0.945,0.03593750000000018,5681
0.945,0.10781250000000009,2550
0.945,0.1796875,1094
0.945,0.2515624999999999,465
0.945,0.3234374999999998,92
0.945,0.3953125000000002,31
0.945,0.4671875000000001,3
0.945,0.5390625,1
0.945,0.6109374999999999,0
0.945,0.6828124999999998,0
0.945,0.7546874999999997,0
0.945,0.8265625000000001,0
0.945,0.8984375,0
0.945,0.9703124999999999,0
0.945,1.0421874999999998,0
0.945,1.1140624999999997,0
0.945,1.1859375,0
0.945,1.2578125,0
0.945,1.3296875,0
0.945,1.4015624999999998,0
0.945,1.4734374999999997,0
0.945,1.5453125,0
0.945,1.6171875,0
0.945,1.6890625,0
0.945,1.7609374999999998,0
0.945,1.8328125000000002,0
0.945,1.9046874999999996,0
0.945,1.9765625,0
0.945,2.0484374999999995,0
0.945,2.1203125,0
0.945,2.1921875,0
0.945,2.2640624999999996,0
0.955,-2.2640624999999996,0
0.955,-2.1921874999999997,0
0.955,-2.1203125,0
0.955,-2.0484375,0
0.955,-1.9765624999999998,0
0.955,-1.9046874999999999,0
0.955,-1.8328124999999997,0
0.955,-1.7609374999999998,0
0.955,-1.6890625,0
0.955,-1.6171875,0
0.955,-1.5453124999999999,0
0.955,-1.4734374999999997,0
0.955,-1.4015624999999998,0
0.955,-1.3296875,0
0.955,-1.2578125,0
0.955,-1.1859374999999999,0
0.955,-1.1140625,0
0.955,-1.0421874999999998,0
0.955,-0.9703124999999999,0
0.955,-0.8984375,0
0.955,-0.8265624999999999,0
0.955,-0.7546875,0
0.955,-0.6828125,0
0.955,-0.6109374999999999,0
0.955,-0.5390625,11
0.955,-0.46718749999999987,4
0.955,-0.39531249999999996,43
0.955,-0.32343750000000004,240
0.955,-0.2515624999999999,490
0.955,-0.1796875,967
0.955,-0.10781250000000009,2833
0.955,-0.03593750000000018,5320
0.955,0.03593750000000018,5191
0.955,0.10781250000000009,2584
0.955,0.1796875,1158
0.955,0.2515624999999999,528
0.955,0.3234374999999998,165
0.955,0.3953125000000002,76
0.955,0.4671875000000001,15
0.955,0.5390625,3
0.955,0.6109374999999999,7
0.955,0.6828124999999998,0
0.955,0.7546874999999997,0
0.955,0.8265625000000001,0
0.955,0.8984375,0
0.955,0.9703124999999999,0
0.955,1.0421874999999998,0
0.955,1.1140624999999997,0
0.955,1.1859375,0
0.955,1.2578125,0
0.955,1.3296875,0
0.955,1.4015624999999998,0
0.955,1.4734374999999997,0
0.955,1.5453125,0
0.955,1.6171875,0
0.955,1.6890625,0
0.955,1.7609374999999998,0
0.955,1.8328125000000002,0
0.955,1.9046874999999996,0
0.955,1.9765625,0
0.955,2.0484374999999995,0
0.955,2.1203125,0
0.955,2.1921875,0
0.955,2.2640624999999996,0
0.965,-2.2640624999999996,0
0.965,-2.1921874999999997,0
0.965,-2.1203125,0
0.965,-2.0484375,0
0.965,-1.9765624999999998,0
0.965,-1.9046874999999999,0
0.965,-1.8328124999999997,0
0.965,-1.7609374999999998,0
0.965,-1.6890625,0
0.965,-1.6171875,0
0.965,-1.5453124999999999,0
0.965,-1.4734374999999997,0
0.965,-1.4015624999999998,0
0.965,-1.3296875,0
0.965,-1.2578125,0
0.965,-1.1859374999999999,0
0.965,-1.1140625,0
0.965,-1.0421874999999998,0
0.965,-0.9703124999999999,0
0.965,-0.8984375,0
0.965,-0.8265624999999999,0
0.965,-0.7546875,3
0.965,-0.6828125,1
0.965,-0.6109374999999999,17
0.965,-0.5390625,37
0.965,-0.46718749999999987,39
0.965,-0.39531249999999996,61
0.965,-0.32343750000000004,263
0.965,-0.2515624999999999,524
0.965,-0.1796875,1026
0.965,-0.10781250000000009,2925
0.965,-0.03593750000000018,4994
0.965,0.03593750000000018,4889
0.965,0.10781250000000009,2697
0.965,0.1796875,1201
0.965,0.2515624999999999,621
0.965,0.3234374999999998,207
0.965,0.3953125000000002,129
0.965,0.4671875000000001,37
0.965,0.5390625,13
0.965,0.6109374999999999,27
0.965,0.6828124999999998,5
0.965,0.7546874999999997,0
0.965,0.8265625000000001,1
0.965,0.8984375,0
0.965,0.9703124999999999,0
0.965,1.0421874999999998,0
0.965,1.1140624999999997,0
0.965,1.1859375,0
0.965,1.2578125,0
0.965,1.3296875,0
0.965,1.4015624999999998,0
0.965,1.4734374999999997,0
0.965,1.5453125,0
0.965,1.6171875,0
0.965,1.6890625,0
0.965,1.7609374999999998,0
0.965,1.8328125000000002,0
0.965,1.9046874999999996,0
0.965,1.9765625,0
0.965,2.0484374999999995,0
0.965,2.1203125,0
0.965,2.1921875,0
0.965,2.2640624999999996,0
0.975,-2.2640624999999996,0
0.975,-2.1921874999999997,0
0.975,-2.1203125,0
0.975,-2.0484375,0
0.975,-1.9765624999999998,0
0.975,-1.9046874999999999,0
0.975,-1.8328124999999997,0
0.975,-1.7609374999999998,0
0.975,-1.6890625,0
0.975,-1.6171875,0
0.975,-1.5453124999999999,0
0.975,-1.4734374999999997,0
0.975,-1.4015624999999998,0
0.975,-1.3296875,0
0.975,-1.2578125,0
0.975,-1.1859374999999999,0
0.975,-1.1140625,0
0.975,-1.0421874999999998,0
0.975,-0.9703124999999999,0
0.975,-0.8984375,0
0.975,-0.8265624999999999,1
0.975,-0.7546875,2
0.975,-0.6828125,10
0.975,-0.6109374999999999,82
0.975,-0.5390625,62
0.975,-0.46718749999999987,94
0.975,-0.39531249999999996,63
0.975,-0.32343750000000004,191
0.975,-0.2515624999999999,472
0.975,-0.1796875,1093
0.975,-0.10781250000000009,3043
0.975,-0.03593750000000018,4872
0.975,0.03593750000000018,4696
0.975,0.10781250000000009,2857
0.975,0.1796875,1248
0.975,0.2515624999999999,563
0.975,0.3234374999999998,280
0.975,0.3953125000000002,152
0.975,0.4671875000000001,60
0.975,0.5390625,39
0.975,0.6109374999999999,47
0.975,0.6828124999999998,5
0.975,0.7546874999999997,2
0.975,0.8265625000000001,11
0.975,0.8984375,0
0.975,0.9703124999999999,0
0.975,1.0421874999999998,0
0.975,1.1140624999999997,0
0.975,1.1859375,0
0.975,1.2578125,0
0.975,1.3296875,0
0.975,1.4015624999999998,0
0.975,1.4734374999999997,0
0.975,1.5453125,0
0.975,1.6171875,0
0.975,1.6890625,0
0.975,1.7609374999999998,0
0.975,1.8328125000000002,0
0.975,1.9046874999999996,0
0.975,1.9765625,0
0.975,2.0484374999999995,0
0.975,2.1203125,0
0.975,2.1921875,0
0.975,2.2640624999999996,0
0.985,-2.2640624999999996,0
0.985,-2.1921874999999997,0
0.985,-2.1203125,0
0.985,-2.0484375,0
0.985,-1.9765624999999998,0
0.985,-1.9046874999999999,0
0.985,-1.8328124999999997,0
0.985,-1.7609374999999998,0
0.985,-1.6890625,0
0.985,-1.6171875,0
0.985,-1.5453124999999999,0
0.985,-1.4734374999999997,0
0.985,-1.4015624999999998,0
0.985,-1.3296875,0
0.985,-1.2578125,0
0.985,-1.1859374999999999,0
0.985,-1.1140625,0
0.985,-1.0421874999999998,0
0.985,-0.9703124999999999,0
0.985,-0.8984375,2
0.985,-0.8265624999999999,18
0.985,-0.7546875,26
0.985,-0.6828125,46
0.985,-0.6109374999999999,121
0.985,-0.5390625,133
0.985,-0.46718749999999987,95
0.985,-0.39531249999999996,81
0.985,-0.32343750000000004,251
0.985,-0.2515624999999999,499
0.985,-0.1796875,1196
0.985,-0.10781250000000009,3242
0.985,-0.03593750000000018,4679
0.985,0.03593750000000018,4620
0.985,0.10781250000000009,2790
0.985,0.1796875,1266
0.985,0.2515624999999999,590
0.985,0.3234374999999998,303
0.985,0.3953125000000002,165
0.985,0.4671875000000001,51
0.985,0.5390625,78
0.985,0.6109374999999999,30
0.985,0.6828124999999998,3
0.985,0.7546874999999997,17
0.985,0.8265625000000001,10
0.985,0.8984375,0
0.985,0.9703124999999999,1
0.985,1.0421874999999998,0
0.985,1.1140624999999997,0
0.985,1.1859375,0
0.985,1.2578125,0
0.985,1.3296875,0
0.985,1.4015624999999998,0
0.985,1.4734374999999997,0
0.985,1.5453125,0
0.985,1.6171875,0
0.985,1.6890625,0
0.985,1.7609374999999998,0
0.985,1.8328125000000002,0
0.985,1.9046874999999996,0
0.985,1.9765625,0
0.985,2.0484374999999995,0
0.985,2.1203125,0
0.985,2.1921875,0
0.985,2.2640624999999996,0
0.995,-2.2640624999999996,0
0.995,-2.1921874999999997,0
0.995,-2.1203125,0
0.995,-2.0484375,0
0.995,-1.9765624999999998,0
0.995,-1.9046874999999999,0
0.995,-1.8328124999999997,0
0.995,-1.7609374999999998,0
0.995,-1.6890625,0
0.995,-1.6171875,0
0.995,-1.5453124999999999,0
0.995,-1.4734374999999997,0
0.995,-1.4015624999999998,0
0.995,-1.3296875,0
0.995,-1.2578125,0
0.995,-1.1859374999999999,0
0.995,-1.1140625,0
0.995,-1.0421874999999998,0
0.995,-0.9703124999999999,0
0.995,-0.8984375,10
0.995,-0.8265624999999999,43
0.995,-0.7546875,62
0.995,-0.6828125,117
0.995,-0.6109374999999999,186
0.995,-0.5390625,145
0.995,-0.46718749999999987,130
0.995,-0.39531249999999996,110
0.995,-0.32343750000000004,294
0.995,-0.2515624999999999,601
0.995,-0.1796875,1367
0.995,-0.10781250000000009,3294
0.995,-0.03593750000000018,4319
0.995,0.03593750000000018,4116
0.995,0.10781250000000009,2761
0.995,0.1796875,1312
0.995,0.2515624999999999,584
0.995,0.3234374999999998,347
0.995,0.3953125000000002,177
0.995,0.4671875000000001,48
0.995,0.5390625,78
0.995,0.6109374999999999,98
0.995,0.6828124999999998,27
0.995,0.7546874999999997,21
0.995,0.8265625000000001,20
0.995,0.8984375,1
0.995,0.9703124999999999,3
0.995,1.0421874999999998,2
0.995,1.1140624999999997,0
0.995,1.1859375,0
0.995,1.2578125,0
0.995,1.3296875,0
0.995,1.4015624999999998,0
0.995,1.4734374999999997,0
0.995,1.5453125,0
0.995,1.6171875,0
0.995,1.6890625,0
0.995,1.7609374999999998,0
0.995,1.8328125000000002,0
0.995,1.9046874999999996,0
0.995,1.9765625,0
0.995,2.0484374999999995,0
0.995,2.1203125,0
0.995,2.1921875,0
0.995,2.2640624999999996,0
